brand,model,first_year,source
Academy,GRADUATE,2019,catalog:academy--graduate
Academy,HYBRID 2.0,2025,catalog:academy--hybrid-2-0
Academy,Icon Series,2013,catalog:academy--icon-series
Academy,Master Series,2020,catalog:academy--master-series
Academy,MASTERS,2025,catalog:academy--masters
Academy,Propa-Camba,2015,catalog:academy--propa-camba
Academy,PROPACAMBA,2020,catalog:academy--propacamba
Academy,PROPAGANDA,2013,catalog:academy--propaganda
Academy,PROPAGANDA Cookies SF Colab,2025,catalog:academy--propaganda-cookies-sf-colab
Academy,Rhythm Series,2013,catalog:academy--rhythm-series
Academy,Serenity,2013,catalog:academy--serenity
Academy,Team Series,2015,catalog:academy--team-series
Academy,Team Series The Bro Model,2013,catalog:academy--team-series-the-bro-model
Academy,Tempo Series,2015,catalog:academy--tempo-series
Aggression,Assault,1993,catalog:aggression--assault
Aggression,Stealth,1993,catalog:aggression--stealth
Aggression,TR60,1992,catalog:aggression--tr60
Airwalk,A-1,2000,catalog:airwalk--a-1
Allian,Angel,2015,catalog:allian--angel
Allian,Atlantis,2015,catalog:allian--atlantis
Allian,Curver,2025,catalog:allian--curver
Allian,Cuver,2021,catalog:allian--cuver
Allian,Damage,2015,catalog:allian--damage
Allian,Dreams,2015,catalog:allian--dreams
Allian,Free Line,2025,catalog:allian--free-line
Allian,Grind,2015,catalog:allian--grind
Allian,Nirvana,2015,catalog:allian--nirvana
Allian,Prism,2021,catalog:allian--prism
Allian,Prism / Prism Invisible / Prism LTD,2017,catalog:allian--prism-prism-invisible-prism-ltd
Allian,Prism / Prism Limited,2015,catalog:allian--prism-prism-limited
Allian,Prism Eagle,2021,catalog:allian--prism-eagle
Allian,Prism Girl,2015,catalog:allian--prism-girl
Allian,Prism Invisible,2021,catalog:allian--prism-invisible
Allian,Vivian,2015,catalog:allian--vivian
Aluflex,ERIC HOLDRIDGE,2026,catalog:aluflex--eric-holdridge
Aluflex,LOLA,2026,catalog:aluflex--lola
AME Snowboard,AWAKN 164 ART,2026,catalog:ame-snowboard--awakn-164-art
AME Snowboard,BLACK SWAN 169 ART,2026,catalog:ame-snowboard--black-swan-169-art
AME Snowboard,BLACK SWAN 169 WOOD SERIE,2026,catalog:ame-snowboard--black-swan-169-wood-serie
AME Snowboard,EMIT 159 FACTORY,2026,catalog:ame-snowboard--emit-159-factory
AME Snowboard,HIGHSOLATOR 168 ART,2026,catalog:ame-snowboard--highsolator-168-art
AME Snowboard,HIGHSOLATOR 168 WOOD,2026,catalog:ame-snowboard--highsolator-168-wood
AME Snowboard,HIGHSOLATOR 170 WIDE ART,2026,catalog:ame-snowboard--highsolator-170-wide-art
AME Snowboard,MAKOBLAST 185 WOOD,2026,catalog:ame-snowboard--makoblast-185-wood
AME Snowboard,MTN 145,2026,catalog:ame-snowboard--mtn-145
AME Snowboard,QUANTIC 175 WOOD,2026,catalog:ame-snowboard--quantic-175-wood
AME Snowboard,ROAM 173 ART,2026,catalog:ame-snowboard--roam-173-art
AME Snowboard,WES 160 FACTORY,2026,catalog:ame-snowboard--wes-160-factory
AMICSS,AFX,2023,catalog:amicss--afx
AMICSS,AGGRESSOR,2020,catalog:amicss--aggressor
AMICSS,ARZ,2027,catalog:amicss--arz
AMICSS,DEX,2023,catalog:amicss--dex
AMICSS,DFX,2025,catalog:amicss--dfx
AMICSS,DMT,2020,catalog:amicss--dmt
AMICSS,DNA,2020,catalog:amicss--dna
AMICSS,DNA Ti,2020,catalog:amicss--dna-ti
AMICSS,LV,2026,catalog:amicss--lv
AMICSS,RCI,2020,catalog:amicss--rci
AMICSS,RCJ,2025,catalog:amicss--rcj
AMICSS,RCV,2020,catalog:amicss--rcv
AMICSS,World Cup,2020,catalog:amicss--world-cup
AMICSS,World Cup Factory Model,2025,catalog:amicss--world-cup-factory-model
AMICSS,XFIT,2025,catalog:amicss--xfit
AMICSS,XLAY,2023,catalog:amicss--xlay
Amplid,AGL Board,2013,catalog:amplid--agl-board
Amplid,Aloha Vibes,2019,catalog:amplid--aloha-vibes
Amplid,Big Kahuna,2023,catalog:amplid--big-kahuna
Amplid,Cab Driver,2025,catalog:amplid--cab-driver
Amplid,Creamer,2013,catalog:amplid--creamer
Amplid,Dada,2019,catalog:amplid--dada
Amplid,Deceleration,2013,catalog:amplid--deceleration
Amplid,Dopamine,2013,catalog:amplid--dopamine
Amplid,Freequencer,2022,catalog:amplid--freequencer
Amplid,Gogo,2015,catalog:amplid--gogo
Amplid,HiDef,2013,catalog:amplid--hidef
Amplid,Hifi,2016,catalog:amplid--hifi
Amplid,Kill Switch,2021,catalog:amplid--kill-switch
Amplid,Kodama,2025,catalog:amplid--kodama
Amplid,Lab Carbon Split,2015,catalog:amplid--lab-carbon-split
Amplid,Libertine,2013,catalog:amplid--libertine
Amplid,Liquorice,2013,catalog:amplid--liquorice
Amplid,LoBro,2013,catalog:amplid--lobro
Amplid,Lovelife,2015,catalog:amplid--lovelife
Amplid,Mahalo,2021,catalog:amplid--mahalo
Amplid,Memory Stick,2025,catalog:amplid--memory-stick
Amplid,Metamorph,2025,catalog:amplid--metamorph
Amplid,Millisurf,2018,catalog:amplid--millisurf
Amplid,Mood Bender,2026,catalog:amplid--mood-bender
Amplid,Morning Glory,2014,catalog:amplid--morning-glory
Amplid,Morning Split,2014,catalog:amplid--morning-split
Amplid,Ohana Vibes,2026,catalog:amplid--ohana-vibes
Amplid,Paradigma,2013,catalog:amplid--paradigma
Amplid,Pentaquark,2018,catalog:amplid--pentaquark
Amplid,Pillow Talk,2015,catalog:amplid--pillow-talk
Amplid,Pocketknife,2014,catalog:amplid--pocketknife
Amplid,Psychonaut,2025,catalog:amplid--psychonaut
Amplid,Singular,2024,catalog:amplid--singular
Amplid,Singular Twin,2023,catalog:amplid--singular-twin
Amplid,Slogan,2013,catalog:amplid--slogan
Amplid,Snommelier,2024,catalog:amplid--snommelier
Amplid,Soulmate,2024,catalog:amplid--soulmate
Amplid,Souly Grail,2024,catalog:amplid--souly-grail
Amplid,Spray Tray,2021,catalog:amplid--spray-tray
Amplid,Stereo,2015,catalog:amplid--stereo
Amplid,Surf Shuttle,2021,catalog:amplid--surf-shuttle
Amplid,Surfari,2025,catalog:amplid--surfari
Amplid,The 20,2025,catalog:amplid--the-20
Amplid,Ticket,2021,catalog:amplid--ticket
Amplid,Ticket Twin,2021,catalog:amplid--ticket-twin
Amplid,Time Machine,2026,catalog:amplid--time-machine
Amplid,Tour Operator,2020,catalog:amplid--tour-operator
Amplid,UNW8,2013,catalog:amplid--unw8
Amplid,Wasabi,2023,catalog:amplid--wasabi
Apocalypse / A Snowboards / APO,Blend,2018,catalog:apocalypse-a-snowboards-apo--blend
Apocalypse / A Snowboards / APO,Contact,2018,catalog:apocalypse-a-snowboards-apo--contact
Apocalypse / A Snowboards / APO,dbz,2018,catalog:apocalypse-a-snowboards-apo--dbz
Apocalypse / A Snowboards / APO,Empire,2018,catalog:apocalypse-a-snowboards-apo--empire
Apocalypse / A Snowboards / APO,Gem,2018,catalog:apocalypse-a-snowboards-apo--gem
Apocalypse / A Snowboards / APO,Hype,2018,catalog:apocalypse-a-snowboards-apo--hype
Apocalypse / A Snowboards / APO,Iconic Eero Niemela,2018,catalog:apocalypse-a-snowboards-apo--iconic-eero-niemela
Apocalypse / A Snowboards / APO,Iconic Sage Kotsenburg,2018,catalog:apocalypse-a-snowboards-apo--iconic-sage-kotsenburg
Apocalypse / A Snowboards / APO,Iconic Spencer O'Brien,2018,catalog:apocalypse-a-snowboards-apo--iconic-spencer-obrien
Apocalypse / A Snowboards / APO,Jimi Scott,1991,https://retrosnow.com/shop/apocalypse/91-apocalypse/apocalypse-jimi-scott/
Apocalypse / A Snowboards / APO,Line,2018,catalog:apocalypse-a-snowboards-apo--line
Apocalypse / A Snowboards / APO,Selekta,2018,catalog:apocalypse-a-snowboards-apo--selekta
Apocalypse / A Snowboards / APO,Spray,2018,catalog:apocalypse-a-snowboards-apo--spray
Apocalypse / A Snowboards / APO,Step Up,2018,catalog:apocalypse-a-snowboards-apo--step-up
Apocalypse / A Snowboards / APO,Supreme,2018,catalog:apocalypse-a-snowboards-apo--supreme
Apocalypse / A Snowboards / APO,Talent,2018,catalog:apocalypse-a-snowboards-apo--talent
Arbor,A-Frame,2004,seed:linestry-research-2026-06
Arbor,Abacus,2008,catalog:arbor--abacus
Arbor,Alt,2008,catalog:arbor--alt
Arbor,Annex,2020,catalog:arbor--annex
Arbor,Astrowaste,2027,catalog:arbor--astrowaste
Arbor,Blacklist,2012,catalog:arbor--blacklist
Arbor,Booger,2014,catalog:arbor--booger
Arbor,Bryan Iguchi Pro,2027,catalog:arbor--bryan-iguchi-pro
Arbor,Cadence,2008,catalog:arbor--cadence
Arbor,Candle Rain Camber,2024,catalog:arbor--candle-rain-camber
Arbor,Carbon Coda,2025,catalog:arbor--carbon-coda
Arbor,Carter,2024,catalog:arbor--carter
Arbor,Cask,2019,catalog:arbor--cask
Arbor,Cavet,2025,catalog:arbor--cavet
Arbor,Cheater Rocker,2023,catalog:arbor--cheater-rocker
Arbor,Clovis,2017,catalog:arbor--clovis
Arbor,Coda,2009,seed:linestry-research-2026-06
Arbor,Cosa Nostra,2016,catalog:arbor--cosa-nostra
Arbor,Cross,2003,catalog:arbor--cross
Arbor,Crossbow,2004,catalog:arbor--crossbow
Arbor,Crosscut Camber,2020,catalog:arbor--crosscut-camber
Arbor,Danny Kass Park Pro,2027,catalog:arbor--danny-kass-park-pro
Arbor,Del Rey,2009,catalog:arbor--del-rey
Arbor,Directionals,1998,catalog:arbor--directionals
Arbor,Draft,2004,catalog:arbor--draft
Arbor,Eden,2009,catalog:arbor--eden
Arbor,El Camino,2027,catalog:arbor--el-camino
Arbor,Element,2020,seed:linestry-research-2026-06
Arbor,Element Alt,2007,catalog:arbor--element-alt
Arbor,Element Black,2018,catalog:arbor--element-black
Arbor,Element CX,2011,catalog:arbor--element-cx
Arbor,Element RX,2011,catalog:arbor--element-rx
Arbor,Ethos,2014,catalog:arbor--ethos
Arbor,Formula,2004,catalog:arbor--formula
Arbor,Foundation,2016,catalog:arbor--foundation
Arbor,Free Ride,1997,catalog:arbor--free-ride
Arbor,Free Style,1997,catalog:arbor--free-style
Arbor,GPS,2025,catalog:arbor--gps
Arbor,Helix,2017,catalog:arbor--helix
Arbor,Heritage,2001,catalog:arbor--heritage
Arbor,Heritage Freeride,2000,catalog:arbor--heritage-freeride
Arbor,Kuro Neko,2027,catalog:arbor--kuro-neko
Arbor,Landmark Splitboard,2023,catalog:arbor--landmark-splitboard
Arbor,Madre,2027,catalog:arbor--madre
Arbor,Mantra,2027,catalog:arbor--mantra
Arbor,Metal Machine,2027,catalog:arbor--metal-machine
Arbor,Mickey Muñoz Freecarve,1999,catalog:arbor--mickey-munoz-freecarve
Arbor,Mickey Muñoz Freeride,1999,catalog:arbor--mickey-munoz-freeride
Arbor,Mickey Muñoz Signature,2001,catalog:arbor--mickey-munoz-signature
Arbor,Mystic,2003,catalog:arbor--mystic
Arbor,Nightrain,2010,catalog:arbor--nightrain
Arbor,Padre,2027,catalog:arbor--padre
Arbor,Poparazzi,2012,catalog:arbor--poparazzi
Arbor,Progression,2002,catalog:arbor--progression
Arbor,Push,2008,catalog:arbor--push
Arbor,Rain,2026,catalog:arbor--rain
Arbor,Red Gerard AM,2027,catalog:arbor--red-gerard-am
Arbor,Red Gerard Pro,2027,catalog:arbor--red-gerard-pro
Arbor,Relapse,2012,catalog:arbor--relapse
Arbor,Rooster Fish,2027,catalog:arbor--rooster-fish
Arbor,Roundhouse,2008,catalog:arbor--roundhouse
Arbor,Roundhouse CX,2012,catalog:arbor--roundhouse-cx
Arbor,Roundhouse RX,2012,catalog:arbor--roundhouse-rx
Arbor,S Series,2003,catalog:arbor--s-series
Arbor,Satori,2023,catalog:arbor--satori
Arbor,Scion,2027,catalog:arbor--scion
Arbor,Seedling,2027,catalog:arbor--seedling
Arbor,Shiloh Camber,2020,catalog:arbor--shiloh-camber
Arbor,Shreddy Krueger,2015,catalog:arbor--shreddy-krueger
Arbor,Signature,2001,catalog:arbor--signature
Arbor,Sin Cara,2027,catalog:arbor--sin-cara
Arbor,Sin Nombre,2027,catalog:arbor--sin-nombre
Arbor,Single,2023,catalog:arbor--single
Arbor,Stance,2005,catalog:arbor--stance
Arbor,Steepwater,2014,catalog:arbor--steepwater
Arbor,Swoon,2012,catalog:arbor--swoon
Arbor,System Rental,2014,catalog:arbor--system-rental
Arbor,Terra Twin,2024,catalog:arbor--terra-twin
Arbor,Terrapin,2027,catalog:arbor--terrapin
Arbor,Terrapin PFD,2026,catalog:arbor--terrapin-pfd
Arbor,Twin Tips,1996,catalog:arbor--twin-tips
Arbor,Veda,2027,catalog:arbor--veda
Arbor,Verado,2025,catalog:arbor--verado
Arbor,Votive,2025,catalog:arbor--votive
Arbor,Wasteland,2008,catalog:arbor--wasteland
Arbor,Watchtower,2014,catalog:arbor--watchtower
Arbor,Westmark,2008,seed:linestry-research-2026-06
Arbor,Westmark Camber Frank April Edt.,2017,catalog:arbor--westmark-camber-frank-april-edt
Arbor,Whiskey,2014,catalog:arbor--whiskey
Arbor,Woodie,2001,catalog:arbor--woodie
Arbor,Woodie Freecarve,1999,catalog:arbor--woodie-freecarve
Arbor,Woodie Freeride,1999,catalog:arbor--woodie-freeride
Arbor,Woodie Freestyle,1999,catalog:arbor--woodie-freestyle
Arbor,Zygote Twin,2016,catalog:arbor--zygote-twin
Arbor Snowboards,,,
Atlantis,Ingmar Backman,1997,https://retrosnow.com/shop/atlantis/97/atlantis-ingmar-backman/
Atlantis,Nera 156,2026,catalog:atlantis--nera-156
Atlantis,Riksgränsen 149,2026,catalog:atlantis--riksgransen-149
Atlantis,Riksgränsen Jockey 153 LTD,2026,catalog:atlantis--riksgransen-jockey-153-ltd
Atlantis,Riksgränsen Rose 157 LTD,2026,catalog:atlantis--riksgransen-rose-157-ltd
Atomic,Alibi,2004,catalog:atomic--alibi
Atomic,Axum,2010,catalog:atomic--axum
Atomic,Banger,2010,catalog:atomic--banger
Atomic,Bond,2004,catalog:atomic--bond
Atomic,Don,2004,catalog:atomic--don
Atomic,Don Sr.,2004,catalog:atomic--don-sr
Atomic,Fallen Angel,2010,catalog:atomic--fallen-angel
Atomic,Hatchet,2004,catalog:atomic--hatchet
Atomic,Kumicho,2004,catalog:atomic--kumicho
Atomic,Kung Pow,2004,catalog:atomic--kung-pow
Atomic,Mighty D,2004,catalog:atomic--mighty-d
Atomic,Mini D,2004,catalog:atomic--mini-d
Atomic,Mugshot,2004,catalog:atomic--mugshot
Atomic,Pivot,2010,catalog:atomic--pivot
Atomic,Poacher,2010,catalog:atomic--poacher
Atomic,Polarity,2004,catalog:atomic--polarity
Atomic,Radon,2004,catalog:atomic--radon
Atomic,Rapture,2004,catalog:atomic--rapture
Atomic,Stasher,2011,catalog:atomic--stasher
Atomic,Terminal,2010,catalog:atomic--terminal
Atomic,Tika,2004,catalog:atomic--tika
Atomic,Triarc,2004,catalog:atomic--triarc
Atomic,Vantage,2004,catalog:atomic--vantage
Avalanche,Accel,1988,catalog:avalanche--accel
Avalanche,Damian,1990,catalog:avalanche--damian
Avalanche,Flex,1988,catalog:avalanche--flex
Avalanche,Kick,1988,catalog:avalanche--kick
Avalanche,Rat,1993,catalog:avalanche--rat
Avalanche,RFX Slalom,1985,catalog:avalanche--rfx-slalom
Avalanche,Sport,1988,catalog:avalanche--sport
Avalanche,Standard,2000,catalog:avalanche--standard
Avalanche,X-Elles,2000,catalog:avalanche--x-elles
Barfoot,161 Graphite,1987,catalog:barfoot--161-graphite
Barfoot,161 twintip,1990,
Barfoot,Barfoot Snoboards 1981,1981,
Barfoot,Estes Pro Model,1990,https://retrosnow.com/shop/barfoot/90-barfoot/barfoot-estes-pro-model-166/
Barfoot,Freakstyle,1989,catalog:barfoot--freakstyle
Barfoot,Freestyle,1981,
Barfoot,Jon Boyer,1992,catalog:barfoot--jon-boyer
Barfoot,Kloek,1983,
Barfoot,Mike Estes,1990,catalog:barfoot--mike-estes
Barfoot,Team,1991,catalog:barfoot--team
Barfoot,Twin Tip,1987,catalog:barfoot--twin-tip
Bataleon,Airobic,2009,catalog:bataleon--airobic
Bataleon,Blow,2018,catalog:bataleon--blow
Bataleon,Boss,2014,catalog:bataleon--boss
Bataleon,Camel Toe,2013,catalog:bataleon--camel-toe
Bataleon,Cameleon,2025,catalog:bataleon--cameleon
Bataleon,Carver,2017,catalog:bataleon--carver
Bataleon,Chaser,2019,catalog:bataleon--chaser
Bataleon,Cruiser,2023,catalog:bataleon--cruiser
Bataleon,Disaster,2021,seed:linestry-research-2026-06
Bataleon,Distortia,2008,catalog:bataleon--distortia
Bataleon,Enemy,2005,catalog:bataleon--enemy
Bataleon,Evil Teen,2026,catalog:bataleon--evil-teen
Bataleon,Evil Twin,2007,seed:linestry-research-2026-06
Bataleon,Evil Twin 20Y,2026,catalog:bataleon--evil-twin-20y
Bataleon,Evil Twin Asymmetrical,2015,catalog:bataleon--evil-twin-asymmetrical
Bataleon,Feelbetter,2009,catalog:bataleon--feelbetter
Bataleon,Fun.Kink,2008,catalog:bataleon--fun-kink
Bataleon,Global Warmer,2013,catalog:bataleon--global-warmer
Bataleon,Goliath,2005,seed:linestry-research-2026-06
Bataleon,Love Powder,2015,catalog:bataleon--love-powder
Bataleon,Magic Carpet,2016,catalog:bataleon--magic-carpet
Bataleon,Men's Mojo,2027,catalog:bataleon--mens-mojo
Bataleon,Minishred,2026,catalog:bataleon--minishred
Bataleon,Moodboard,2026,catalog:bataleon--moodboard
Bataleon,Omni,2010,catalog:bataleon--omni
Bataleon,Party Wave,2019,catalog:bataleon--party-wave
Bataleon,Push Up,2013,catalog:bataleon--push-up
Bataleon,Riot,2008,catalog:bataleon--riot
Bataleon,Spirit,2018,catalog:bataleon--spirit
Bataleon,Stallion,2018,catalog:bataleon--stallion
Bataleon,Stereo Team,2027,catalog:bataleon--stereo-team
Bataleon,Stuntwood Youth,2026,catalog:bataleon--stuntwood-youth
Bataleon,Surfer,2017,catalog:bataleon--surfer
Bataleon,The Hero,2005,catalog:bataleon--the-hero
Bataleon,The Jam,2008,catalog:bataleon--the-jam
Bataleon,Thunder,2021,catalog:bataleon--thunder
Bataleon,ThunderStorm,2026,catalog:bataleon--thunderstorm
Bataleon,Turbo,2025,catalog:bataleon--turbo
Bataleon,Undisputed,2006,catalog:bataleon--undisputed
Bataleon,Violenza,2007,catalog:bataleon--violenza
Bataleon,Wallie,2017,catalog:bataleon--wallie
Bataleon,Whatever,2012,catalog:bataleon--whatever
Bataleon,Whatever Rop van Mierlo,2026,catalog:bataleon--whatever-rop-van-mierlo
Bataleon Snowboards,,,
BC Stream,Hammerhead NW,2026,catalog:bc-stream--hammerhead-nw
Black Pearl,BP⇔FS Carve,2021,catalog:black-pearl--bp-fs-carve
Black Pearl,BP⇔FS grip,2021,catalog:black-pearl--bp-fs-grip
Black Pearl,BP⇔FS Smooth,2021,catalog:black-pearl--bp-fs-smooth
Black Pearl,BP2-10,2021,catalog:black-pearl--bp2-10
Black Pearl,BP3-06 medius,2021,catalog:black-pearl--bp3-06-medius
Black Pearl,BP4-04,2021,catalog:black-pearl--bp4-04
Black Pearl,Kid's BLACKPEARL,2021,catalog:black-pearl--kids-blackpearl
Black Pearl,Montem,2021,catalog:black-pearl--montem
Black Pearl,spes-06,2021,catalog:black-pearl--spes-06
Blackhole Snowboards,All Mountain Split,2026,catalog:blackhole-snowboards--all-mountain-split
Blackhole Snowboards,B1,2026,catalog:blackhole-snowboards--b1
Blackhole Snowboards,B4,2026,catalog:blackhole-snowboards--b4
Blackhole Snowboards,BSome1 (wide),2026,catalog:blackhole-snowboards--bsome1-wide
Blackhole Snowboards,Dream,2026,catalog:blackhole-snowboards--dream
Blackhole Snowboards,Dream 24,2024,catalog:blackhole-snowboards--dream-24
Blackhole Snowboards,Elk,2026,catalog:blackhole-snowboards--elk
Blackhole Snowboards,Escape 2.0,2026,catalog:blackhole-snowboards--escape-2-0
Blackhole Snowboards,Escape 24,2024,catalog:blackhole-snowboards--escape-24
Blackhole Snowboards,Escape Wide,2026,catalog:blackhole-snowboards--escape-wide
Blackhole Snowboards,Escape Wide 24,2024,catalog:blackhole-snowboards--escape-wide-24
Blackhole Snowboards,Freeride,2026,catalog:blackhole-snowboards--freeride
Blackhole Snowboards,Freeride 2.0,2026,catalog:blackhole-snowboards--freeride-2-0
Blackhole Snowboards,Ignition,2026,catalog:blackhole-snowboards--ignition
Blackhole Snowboards,Split,2026,catalog:blackhole-snowboards--split
Blackhole Snowboards,V Skate,2026,catalog:blackhole-snowboards--v-skate
Blackhole Snowboards,V Skate 24,2024,catalog:blackhole-snowboards--v-skate-24
Blackhole Snowboards,V Skate 25,2025,catalog:blackhole-snowboards--v-skate-25
Blackhole Snowboards,WR3 Limited,2026,catalog:blackhole-snowboards--wr3-limited
Borealis,Alpine Pro Splitboard,2026,catalog:borealis--alpine-pro-splitboard
Borealis,Artefact,2026,catalog:borealis--artefact
Borealis,Auriga,2026,catalog:borealis--auriga
Borealis,Auriga One,2026,catalog:borealis--auriga-one
Borealis,Drakkar,2026,catalog:borealis--drakkar
Borealis,Horizon,2025,catalog:borealis--horizon
Borealis,Koi,2026,catalog:borealis--koi
Borealis,Leviathan,2026,catalog:borealis--leviathan
Borealis,Marauder,2026,catalog:borealis--marauder
Borealis,Pilot Fish,2027,catalog:borealis--pilot-fish
Borealis,Ramen Express Splitboard,2027,catalog:borealis--ramen-express-splitboard
Borealis,Reactor,2027,catalog:borealis--reactor
Borealis,Tundra,2026,catalog:borealis--tundra
Burton,3D Daily Driver,2023,catalog:burton--3d-daily-driver
Burton,3D Deep Daze,2023,catalog:burton--3d-deep-daze
Burton,3D Double Dog,2023,catalog:burton--3d-double-dog
Burton,3D Fish Directional Flat Top,2026,catalog:burton--3d-fish-directional-flat-top
Burton,A Deck,1996,catalog:burton--a-deck
Burton,A Series,1998,catalog:burton--a-series
Burton,After School Special,2011,catalog:burton--after-school-special
Burton,Aftermath,2012,catalog:burton--aftermath
Burton,Air,1988,seed:linestry-research-2026-06
Burton,Air 1.1,1994,catalog:burton--air-1-1
Burton,Air 11,1995,catalog:burton--air-11
Burton,Air 2.8,1992,catalog:burton--air-2-8
Burton,Air 29,1995,catalog:burton--air-29
Burton,Air 3,1991,catalog:burton--air-3
Burton,Air 3.0,1993,catalog:burton--air-3-0
Burton,Air 3.1,1994,catalog:burton--air-3-1
Burton,Air 4.1,1993,catalog:burton--air-4-1
Burton,Air 40,1995,catalog:burton--air-40
Burton,Air 45,1995,catalog:burton--air-45
Burton,Air 5,1991,catalog:burton--air-5
Burton,Air 5.1,1992,catalog:burton--air-5-1
Burton,Air 5.5,1994,catalog:burton--air-5-5
Burton,Air 50,1995,catalog:burton--air-50
Burton,Air 55,1995,catalog:burton--air-55
Burton,Air 6,1991,catalog:burton--air-6
Burton,Air 6.1,1992,catalog:burton--air-6-1
Burton,Air 6.6,1994,catalog:burton--air-6-6
Burton,Air 60,1995,catalog:burton--air-60
Burton,Air 64,1995,catalog:burton--air-64
Burton,Air 7.8,1994,catalog:burton--air-7-8
Burton,Air 74,1995,catalog:burton--air-74
Burton,Alekesam,2025,catalog:burton--alekesam
Burton,Alp,1995,catalog:burton--alp
Burton,Alp 5.0,1995,catalog:burton--alp-5-0
Burton,Alp 5.7,1995,catalog:burton--alp-5-7
Burton,Alp 6.4,1995,catalog:burton--alp-6-4
Burton,Alp 7.0,1995,catalog:burton--alp-7-0
Burton,Alpha,2007,catalog:burton--alpha
Burton,Amp,1995,catalog:burton--amp
Burton,Amp 4,1995,catalog:burton--amp-4
Burton,Amp 5,1995,catalog:burton--amp-5
Burton,Amp 6,1995,catalog:burton--amp-6
Burton,Amplifier,2018,catalog:burton--amplifier
Burton,Anti-Social,2013,catalog:burton--anti-social
Burton,Antler,2013,catalog:burton--antler
Burton,Artifact,2012,catalog:burton--artifact
Burton,Asym Air,1992,catalog:burton--asym-air
Burton,Asym Air 54,1995,catalog:burton--asym-air-54
Burton,Asym Air 64,1995,catalog:burton--asym-air-64
Burton,Aura,2009,catalog:burton--aura
Burton,Backhill,1980,seed:linestry-research-2026-06
Burton,Backhill (BB1),1978,catalog:burton--backhill-bb1
Burton,Backseat Driver,2020,catalog:burton--backseat-driver
Burton,Backyard,1982,catalog:burton--backyard
Burton,Backyard (BBII),1979,catalog:burton--backyard-bbii
Burton,Balance,1996,catalog:burton--balance
Burton,Balance 52,1996,catalog:burton--balance-52
Burton,Balance 56,1997,catalog:burton--balance-56
Burton,Baron,2004,catalog:burton--baron
Burton,Barracuda,2012,catalog:burton--barracuda
Burton,BBY,2009,catalog:burton--bby
Burton,Big Air,1996,catalog:burton--big-air
Burton,Big Gulp,2021,catalog:burton--big-gulp
Burton,Blacktop,1994,catalog:burton--blacktop
Burton,Blacktop Twin,1994,https://retrosnow.com/shop/burton/burton-94/burton-blacktop-twin-153/
Burton,Blender,2009,catalog:burton--blender
Burton,Blossom,2023,catalog:burton--blossom
Burton,Blunt,2006,catalog:burton--blunt
Burton,BMC,2001,catalog:burton--bmc
Burton,Board Amazing,2011,catalog:burton--board-amazing
Burton,Board of Health,2012,catalog:burton--board-of-health
Burton,Bottom Feeder,2019,catalog:burton--bottom-feeder
Burton,Branch Manager,2017,catalog:burton--branch-manager
Burton,Brushie,1993,catalog:burton--brushie
Burton,Brushie 53,1995,catalog:burton--brushie-53
Burton,Brushie Trout,1993,https://retrosnow.com/shop/burton/burton-93/burton-brushie-trout/
Burton,Bryan Iguchi 55,1996,catalog:burton--bryan-iguchi-55
Burton,Bullet,2001,catalog:burton--bullet
Burton,Burden,2012,catalog:burton--burden
Burton,Burton Air,1991,catalog:burton--burton-air
Burton,Canyon,1999,catalog:burton--canyon
Burton,Cartographer,2023,catalog:burton--cartographer
Burton,Cascade,2001,catalog:burton--cascade
Burton,CB 40,1997,catalog:burton--cb-40
Burton,Charger,1999,catalog:burton--charger
Burton,Cheetah,2013,catalog:burton--cheetah
Burton,Chicklet,2005,catalog:burton--chicklet
Burton,Chopper,1997,catalog:burton--chopper
Burton,CK Nug,2016,catalog:burton--ck-nug
Burton,Clash,2002,catalog:burton--clash
Burton,Cloudsplitter,2014,catalog:burton--cloudsplitter
Burton,Code,2003,catalog:burton--code
Burton,Coil,2000,catalog:burton--coil
Burton,Competition Performer,1984,catalog:burton--competition-performer
Burton,Con Artist,2013,catalog:burton--con-artist
Burton,Contact,1995,catalog:burton--contact
Burton,Contact 49,1995,catalog:burton--contact-49
Burton,Contact 52,1995,catalog:burton--contact-52
Burton,Craig Kelly Air,1992,https://retrosnow.com/shop/burton/libtech-92-burton/burton-craig-kelly-air/
Burton,Craig Kelly Mystery Air,1990,catalog:burton--craig-kelly-mystery-air
Burton,Craig Kelly Pro Model,1994,https://retrosnow.com/shop/burton/burton-94/burton-craig-kelly-pro-model/
Burton,Cruise,1989,catalog:burton--cruise
Burton,Cruzer,1980,seed:linestry-research-2026-06
Burton,Custom,2018,seed:linestry-research-2026-06
Burton,Custom 20th Anniversary,2016,catalog:burton--custom-20th-anniversary
Burton,Custom Smalls,2009,catalog:burton--custom-smalls
Burton,Custom X,2004,catalog:burton--custom-x
Burton,Day Trader,2014,catalog:burton--day-trader
Burton,Deep Thinker,2018,catalog:burton--deep-thinker
Burton,Deja Vu,2011,catalog:burton--deja-vu
Burton,Descendant,2014,catalog:burton--descendant
Burton,Deuce,2009,catalog:burton--deuce
Burton,Dolphin,1996,catalog:burton--dolphin
Burton,Dolphin 44,1996,catalog:burton--dolphin-44
Burton,Dominant,2002,catalog:burton--dominant
Burton,Dominant Grom,2008,catalog:burton--dominant-grom
Burton,Doom,2008,catalog:burton--doom
Burton,Dragon,2002,catalog:burton--dragon
Burton,Ducati Limited,2006,catalog:burton--ducati-limited
Burton,Dump Truck,2017,catalog:burton--dump-truck
Burton,Dunn,1999,catalog:burton--dunn
Burton,Dunn 44,1997,catalog:burton--dunn-44
Burton,E Deck,1997,catalog:burton--e-deck
Burton,E Series,1998,catalog:burton--e-series
Burton,Easy Livin,2010,catalog:burton--easy-livin
Burton,Econico,2009,catalog:burton--econico
Burton,Elite 140,1985,
Burton,Elite 150,1986,
Burton,Express 175,1987,catalog:burton--express-175
Burton,Face,2002,catalog:burton--face
Burton,Factory Prime,1995,catalog:burton--factory-prime
Burton,Family Tree 3D Channel Surfer Flat Top,2026,catalog:burton--family-tree-3d-channel-surfer-flat-top
Burton,Family Tree Alekesam Camber,2026,catalog:burton--family-tree-alekesam-camber
Burton,Family Tree Backseat Driver Pow Surfing,2026,catalog:burton--family-tree-backseat-driver-pow-surfing
Burton,Family Tree Gril Master Camber,2026,catalog:burton--family-tree-gril-master-camber
Burton,Family Tree High Fidelity Camber,2026,catalog:burton--family-tree-high-fidelity-camber
Burton,Family Tree Hometown Hero Camber,2026,catalog:burton--family-tree-hometown-hero-camber
Burton,Family Tree Sketch Artist Camber,2026,catalog:burton--family-tree-sketch-artist-camber
Burton,Family Tree Smooth Operator Camber,2026,catalog:burton--family-tree-smooth-operator-camber
Burton,Farm,2009,catalog:burton--farm
Burton,Feather,2002,catalog:burton--feather
Burton,Feelgood,2000,catalog:burton--feelgood
Burton,Feelgood Smalls,2009,catalog:burton--feelgood-smalls
Burton,Fiberglass Prototype,1977,catalog:burton--fiberglass-prototype
Burton,First Cut,2023,catalog:burton--first-cut
Burton,Fish,2015,
Burton,Fishcuit,2012,catalog:burton--fishcuit
Burton,Fix,2009,catalog:burton--fix
Burton,FL Project,1998,catalog:burton--fl-project
Burton,Flight Attendant,2019,seed:linestry-research-2026-06
Burton,Floater,1997,catalog:burton--floater
Burton,Fluid,1999,catalog:burton--fluid
Burton,Flying V,2010,catalog:burton--flying-v
Burton,Forager,2023,catalog:burton--forager
Burton,Fortress,2011,catalog:burton--fortress
Burton,Fragment Branch Manager Camber,2026,catalog:burton--fragment-branch-manager-camber
Burton,Free,1990,catalog:burton--free
Burton,Free 3,1990,catalog:burton--free-3
Burton,Free 5,1990,catalog:burton--free-5
Burton,Free 6,1990,catalog:burton--free-6
Burton,Free Thinker,2018,catalog:burton--free-thinker
Burton,Freebird,2011,catalog:burton--freebird
Burton,Freedom,1999,catalog:burton--freedom
Burton,Freedom 51,1997,catalog:burton--freedom-51
Burton,From Burton to the World,2026,catalog:burton--from-burton-to-the-world
Burton,Frontier,2001,catalog:burton--frontier
Burton,Fusion,2000,catalog:burton--fusion
Burton,Gate Keeper,2017,catalog:burton--gate-keeper
Burton,Genie,2012,catalog:burton--genie
Burton,Ginger,2006,catalog:burton--ginger
Burton,Girls Punch,2004,catalog:burton--girls-punch
Burton,Good Company,2023,catalog:burton--good-company
Burton,Good Company Undefeated Camber,2026,catalog:burton--good-company-undefeated-camber
Burton,Gril Master,2024,catalog:burton--gril-master
Burton,Grom,2023,catalog:burton--grom
Burton,GTwin,2006,catalog:burton--gtwin
Burton,Guru,2010,catalog:burton--guru
Burton,Haakon Air,1994,catalog:burton--haakon-air
Burton,Harvest,2012,catalog:burton--harvest
Burton,Hate,2011,catalog:burton--hate
Burton,Hero,2009,catalog:burton--hero
Burton,Hideaway,2019,catalog:burton--hideaway
Burton,High Fidelity,2025,catalog:burton--high-fidelity
Burton,High Spirits,2016,catalog:burton--high-spirits
Burton,Hometown Hero,2018,seed:linestry-research-2026-06
Burton,Honcho,2012,catalog:burton--honcho
Burton,Idiom Select,2008,catalog:burton--idiom-select
Burton,Iguchi,1995,catalog:burton--iguchi
Burton,Indie,2003,catalog:burton--indie
Burton,Instigator,2018,catalog:burton--instigator
Burton,Jeff Brushie 53,1996,catalog:burton--jeff-brushie-53
Burton,Jeremy Jones,2004,catalog:burton--jeremy-jones
Burton,Jim Rippey 54,1996,catalog:burton--jim-rippey-54
Burton,Johan,1999,catalog:burton--johan
Burton,Joystick,2010,catalog:burton--joystick
Burton,Juice Wagon,2013,catalog:burton--juice-wagon
Burton,Jussi,2001,catalog:burton--jussi
Burton,Kelly,1991,catalog:burton--kelly
Burton,Kelly 68,1995,catalog:burton--kelly-68
Burton,Kelly Air,1990,catalog:burton--kelly-air
Burton,Kelly Extreme,1991,catalog:burton--kelly-extreme
Burton,Kelly Micro Air,1990,catalog:burton--kelly-micro-air
Burton,Kelly Screaming Tree,1995,https://retrosnow.com/shop/burton/libtech-95-burton/burton-kelly-screaming-tree/
Burton,Kelly Slopestyle,1993,catalog:burton--kelly-slopestyle
Burton,Kid Robot Custom,2008,catalog:burton--kid-robot-custom
Burton,Kilroy,2018,seed:linestry-research-2026-06
Burton,King,2007,catalog:burton--king
Burton,Kiss Series 13,2006,catalog:burton--kiss-series-13
Burton,Landlord,2014,catalog:burton--landlord
Burton,Leader Board,2020,catalog:burton--leader-board
Burton,Lip-Stick,2009,catalog:burton--lip-stick
Burton,Love,2008,catalog:burton--love
Burton,LTR,2001,catalog:burton--ltr
Burton,Lux,2007,catalog:burton--lux
Burton,Lyric,2014,catalog:burton--lyric
Burton,M 5.0,1992,catalog:burton--m-5-0
Burton,M 6.0,1992,catalog:burton--m-6-0
Burton,M Series,1991,catalog:burton--m-series
Burton,M5,1990,catalog:burton--m5
Burton,M6,1990,catalog:burton--m6
Burton,M8,1990,catalog:burton--m8
Burton,Malolo,2005,catalog:burton--malolo
Burton,Married To The Mob,2011,catalog:burton--married-to-the-mob
Burton,Mayhem,2009,catalog:burton--mayhem
Burton,Method,2010,catalog:burton--method
Burton,Michi Albin Burtin,2002,catalog:burton--michi-albin-burtin
Burton,Micro Air,1990,catalog:burton--micro-air
Burton,Micro Deck,1996,catalog:burton--micro-deck
Burton,Micro Kelly,1991,catalog:burton--micro-kelly
Burton,Micro White,2005,catalog:burton--micro-white
Burton,MINE77 Ringleader,2024,catalog:burton--mine77-ringleader
Burton,Mini Grom,2023,catalog:burton--mini-grom
Burton,Modified Fish,2016,catalog:burton--modified-fish
Burton,Monkey Wrench,2012,catalog:burton--monkey-wrench
Burton,Moon Buggy,2020,catalog:burton--moon-buggy
Burton,Motion,1998,catalog:burton--motion
Burton,Mr. Nice Guy,2012,catalog:burton--mr-nice-guy
Burton,Mystery,2009,catalog:burton--mystery
Burton,Mystery Air,1989,seed:linestry-research-2026-06
Burton,Mystery Deep Thinker Camber,2026,catalog:burton--mystery-deep-thinker-camber
Burton,Mystery Fish,2019,catalog:burton--mystery-fish
Burton,Mystery Flying V,2014,catalog:burton--mystery-flying-v
Burton,Name Dropper,2014,seed:linestry-research-2026-06
Burton,Nicola,2002,catalog:burton--nicola
Burton,No Fish,2009,catalog:burton--no-fish
Burton,NU,2001,catalog:burton--nu
Burton,Nug,2011,catalog:burton--nug
Burton,Nugget,2012,catalog:burton--nugget
Burton,Omen,2003,catalog:burton--omen
Burton,One Hitter,2020,catalog:burton--one-hitter
Burton,Operator,2009,catalog:burton--operator
Burton,Ouija,1994,catalog:burton--ouija
Burton,Ouija Twin,1994,https://retrosnow.com/shop/burton/burton-94/burton-ouija-twin-158/
Burton,Panhandler,2018,catalog:burton--panhandler
Burton,Paramount,2019,catalog:burton--paramount
Burton,Parkitect,2013,catalog:burton--parkitect
Burton,Performer,1985,seed:linestry-research-2026-06
Burton,Performer Competition,1984,catalog:burton--performer-competition
Burton,Performer Elite,1985,seed:linestry-research-2026-06
Burton,Philosopher,2016,catalog:burton--philosopher
Burton,Pipe,1997,catalog:burton--pipe
Burton,PJ,1992,catalog:burton--pj
Burton,PJ 4.9s,1992,catalog:burton--pj-4-9s
Burton,PJ 5.3,1994,catalog:burton--pj-5-3
Burton,PJ 5.4,1992,catalog:burton--pj-5-4
Burton,PJ 5.6,1993,catalog:burton--pj-5-6
Burton,PJ 6.0,1994,catalog:burton--pj-6-0
Burton,PJ 6.2,1992,catalog:burton--pj-6-2
Burton,PJ 6.3,1993,catalog:burton--pj-6-3
Burton,PJ 7.0,1994,catalog:burton--pj-7-0
Burton,PJ 7.1,1992,catalog:burton--pj-7-1
Burton,PJ 7.3,1993,catalog:burton--pj-7-3
Burton,PJ5,1991,catalog:burton--pj5
Burton,PJ5s,1991,catalog:burton--pj5s
Burton,PJ6,1991,catalog:burton--pj6
Burton,PJ7,1991,catalog:burton--pj7
Burton,Playboy,2003,catalog:burton--playboy
Burton,Pow Wrench,2021,catalog:burton--pow-wrench
Burton,Powder Gun,1983,catalog:burton--powder-gun
Burton,Power Wagon,2024,catalog:burton--power-wagon
Burton,Powers,2001,catalog:burton--powers
Burton,Primo,2009,catalog:burton--primo
Burton,Pro Deck,1997,catalog:burton--pro-deck
Burton,Process,2020,seed:linestry-research-2026-06
Burton,Process Smalls,2019,catalog:burton--process-smalls
Burton,ProTest,2013,catalog:burton--protest
Burton,Prototype,1978,catalog:burton--prototype
Burton,Punch,1999,catalog:burton--punch
Burton,Ration,2011,catalog:burton--ration
Burton,Raven,2005,catalog:burton--raven
Burton,Rental Twin,1992,catalog:burton--rental-twin
Burton,Republik,2003,catalog:burton--republik
Burton,Retro Twin,2006,catalog:burton--retro-twin
Burton,Rewind,2018,catalog:burton--rewind
Burton,Riglet,2014,catalog:burton--riglet
Burton,Ripcord,2014,catalog:burton--ripcord
Burton,Rippey,1996,catalog:burton--rippey
Burton,Rippey 54,1997,catalog:burton--rippey-54
Burton,Road Soda,2011,catalog:burton--road-soda
Burton,Role Model,2019,catalog:burton--role-model
Burton,Root,2013,catalog:burton--root
Burton,Royale,2006,catalog:burton--royale
Burton,Rush,2001,catalog:burton--rush
Burton,S-Series,2001,catalog:burton--s-series
Burton,Safari,1988,catalog:burton--safari
Burton,Safari 175 Free Riding Stock,1988,catalog:burton--safari-175-free-riding-stock
Burton,Safari 175 Racing Stock,1988,catalog:burton--safari-175-racing-stock
Burton,Safari 185 Downhill Stock,1988,catalog:burton--safari-185-downhill-stock
Burton,Safari Comp,1989,catalog:burton--safari-comp
Burton,Safari Comp III,1989,catalog:burton--safari-comp-iii
Burton,Se7en,2000,catalog:burton--se7en
Burton,Sensation,2004,catalog:burton--sensation
Burton,Sensei,2021,catalog:burton--sensei
Burton,Shaun White / TWC Pro,2003,catalog:burton--shaun-white-twc-pro
Burton,Shaun White Youth,2007,catalog:burton--shaun-white-youth
Burton,Sherlock,2011,catalog:burton--sherlock
Burton,Short Stop,2024,catalog:burton--short-stop
Burton,Show Stopper,2022,catalog:burton--show-stopper
Burton,Skeleton Key,2017,catalog:burton--skeleton-key
Burton,Sketch Artist,2025,catalog:burton--sketch-artist
Burton,Skipjack,2016,catalog:burton--skipjack
Burton,Slash,2004,catalog:burton--slash
Burton,Slopestyle,1994,catalog:burton--slopestyle
Burton,Slush Puppy,2024,catalog:burton--slush-puppy
Burton,Smalls Flat Top,2026,catalog:burton--smalls-flat-top
Burton,Social,2010,catalog:burton--social
Burton,Socialite,2016,catalog:burton--socialite
Burton,Special,1998,catalog:burton--special
Burton,Speed Date,2019,catalog:burton--speed-date
Burton,Spliff,2013,catalog:burton--spliff
Burton,Stat,1994,catalog:burton--stat
Burton,Stat 5,1994,catalog:burton--stat-5
Burton,Stat 6,1994,catalog:burton--stat-6
Burton,Sterling,2005,catalog:burton--sterling
Burton,Stick Shift,2019,catalog:burton--stick-shift
Burton,Stigma,2007,catalog:burton--stigma
Burton,Stone Hut,2012,catalog:burton--stone-hut
Burton,Story Board,2018,catalog:burton--story-board
Burton,Straight Chuter,2021,catalog:burton--straight-chuter
Burton,Stria,2008,catalog:burton--stria
Burton,Stun Gun,2019,catalog:burton--stun-gun
Burton,Stylus,2019,catalog:burton--stylus
Burton,Super Hero,2012,catalog:burton--super-hero
Burton,Supermodel,1997,catalog:burton--supermodel
Burton,Supermodel X,2008,catalog:burton--supermodel-x
Burton,Sweet Talker,2011,catalog:burton--sweet-talker
Burton,Sweet Tooth,2013,catalog:burton--sweet-tooth
Burton,T Deck,1996,catalog:burton--t-deck
Burton,T6,2003,catalog:burton--t6
Burton,T7,2011,catalog:burton--t7
Burton,Tadashi Fuse,2005,catalog:burton--tadashi-fuse
Burton,Talent Scout,2017,seed:linestry-research-2026-06
Burton,Terje Haakonsen,1994,
Burton,Terje Sprocking Cat,1995,https://retrosnow.com/shop/burton/libtech-95-burton/burton-terje-sprocking-cat/
Burton,Terje Sword,1994,https://retrosnow.com/shop/burton/burton-94/burton-terje-sword/
Burton,Territory Manager,2023,catalog:burton--territory-manager
Burton,The 152,1995,catalog:burton--the-152
Burton,The White Collection Smalls,2011,catalog:burton--the-white-collection-smalls
Burton,The White Collection Standard,2011,catalog:burton--the-white-collection-standard
Burton,Throwback,2016,catalog:burton--throwback
Burton,Time Thief,2027,catalog:burton--time-thief
Burton,Tornado Warning,2023,catalog:burton--tornado-warning
Burton,Tough Cat,2016,catalog:burton--tough-cat
Burton,Trick Pilot,2019,catalog:burton--trick-pilot
Burton,Trick Pony,2014,catalog:burton--trick-pony
Burton,Triumph,2005,catalog:burton--triumph
Burton,Troop,2001,catalog:burton--troop
Burton,Twin,1994,catalog:burton--twin
Burton,Twin 39,1995,catalog:burton--twin-39
Burton,Twin 47,1995,catalog:burton--twin-47
Burton,Twin 53,1995,catalog:burton--twin-53
Burton,Twin 58,1994,catalog:burton--twin-58
Burton,Twin 64,1994,catalog:burton--twin-64
Burton,Twisted,1996,catalog:burton--twisted
Burton,Ultra Prime,1998,catalog:burton--ultra-prime
Burton,Uninc,2004,catalog:burton--uninc
Burton,Up-Stick,2012,catalog:burton--up-stick
Burton,Vapor,2006,catalog:burton--vapor
Burton,Venue,2009,catalog:burton--venue
Burton,Verdict,2009,catalog:burton--verdict
Burton,Warhol,2008,catalog:burton--warhol
Burton,Whammy Bar,2011,catalog:burton--whammy-bar
Burton,White Paper,2022,catalog:burton--white-paper
Burton,Wire,1999,catalog:burton--wire
Burton,Witchcraft,2003,catalog:burton--witchcraft
Burton,Women's Supermodel,2009,catalog:burton--women-s-supermodel
Burton,Woody 135,1987,
Burton,Working Stiff,2018,catalog:burton--working-stiff
Burton,X8,2008,catalog:burton--x8
Burton,X9FV,2014,catalog:burton--x9fv
Burton,Yeasayer,2019,catalog:burton--yeasayer
Burton Snowboards,,,
Capita,Aeronaut,2024,catalog:capita--aeronaut
Capita,Birds of a Feather,2013,catalog:capita--birds-of-a-feather
Capita,Black Death Inc,2009,catalog:capita--black-death-inc
Capita,Black Death Speed Tribe,2008,catalog:capita--black-death-speed-tribe
Capita,Black Snowboard of Death,2022,seed:linestry-research-2026-06
Capita,Charlie Slasher,2010,catalog:capita--charlie-slasher
Capita,CHILDREN OF THE GNAR,2026,catalog:capita--children-of-the-gnar
Capita,CHILDREN OF THE POW,2026,catalog:capita--children-of-the-pow
Capita,D.O.A. 154 Benny Milam LTD,2026,catalog:capita--d-o-a-154-benny-milam-ltd
Capita,DARK HORSE,2026,catalog:capita--dark-horse
Capita,Darkhorse 154 Austin Vizz LTD,2026,catalog:capita--darkhorse-154-austin-vizz-ltd
Capita,Defenders of Awesome,2013,seed:linestry-research-2026-06
Capita,DOA,2021,
Capita,Horrorscope,2004,catalog:capita--horrorscope
Capita,Human Series,2004,catalog:capita--human-series
Capita,Indoor Survival,2008,catalog:capita--indoor-survival
Capita,JESS KIMURA MINI,2026,catalog:capita--jess-kimura-mini
Capita,Kazu Kokubo Pro,2017,catalog:capita--kazu-kokubo-pro
Capita,Le Tigre,2008,catalog:capita--le-tigre
Capita,Matriarch,2026,catalog:capita--matriarch
Capita,Mega Death,2024,catalog:capita--mega-death
Capita,MEGA MERC,2026,catalog:capita--mega-merc
Capita,Mega Mercury,2023,seed:linestry-research-2026-06
Capita,MEGA SPLIT,2026,catalog:capita--mega-split
Capita,Mercury,2019,seed:linestry-research-2026-06
Capita,MIA BROOKES PRO,2026,catalog:capita--mia-brookes-pro
Capita,MICRO MINI,2026,catalog:capita--micro-mini
Capita,Mid Life Artist,2008,catalog:capita--mid-life-artist
Capita,Navigator,2019,catalog:capita--navigator
Capita,Navigator 158 Miles Fallon LTD,2026,catalog:capita--navigator-158-miles-fallon-ltd
Capita,NAVIGATOR WMN SPLIT,2026,catalog:capita--navigator-wmn-split
Capita,Outdoor Living,2008,catalog:capita--outdoor-living
Capita,Outerspace Living,2017,catalog:capita--outerspace-living
Capita,Outsiders,2014,catalog:capita--outsiders
Capita,Paradise,2017,catalog:capita--paradise
Capita,PATHFINDER,2026,catalog:capita--pathfinder
Capita,Qween,2009,catalog:capita--qween
Capita,Saturnia,2008,catalog:capita--saturnia
Capita,SB POWDER GLIDER,2026,catalog:capita--sb-powder-glider
Capita,SB POWDER RACERS,2026,catalog:capita--sb-powder-racers
Capita,SB POWDER TWIN,2026,catalog:capita--sb-powder-twin
Capita,SB RESORT TWIN,2026,catalog:capita--sb-resort-twin
Capita,SB SLUSH SLASHERS,2026,catalog:capita--sb-slush-slashers
Capita,Scaremaster,2009,catalog:capita--scaremaster
Capita,SCOTT STEVENS MINI,2026,catalog:capita--scott-stevens-mini
Capita,Spring Break,2010,seed:linestry-research-2026-06
Capita,Spring Break Powder Racers,2020,catalog:capita--spring-break-powder-racers
Capita,Spring Break Powder Twin,2027,catalog:capita--spring-break-powder-twin
Capita,Spring Break Resort Twin,2026,catalog:capita--spring-break-resort-twin
Capita,Spring Break Stairmaster,2027,catalog:capita--spring-break-stairmaster
Capita,Stairmaster,2008,catalog:capita--stairmaster
Capita,Super DOA,2020,catalog:capita--super-doa
Capita,THE EQUALIZER BY JESS KIMURA,2026,catalog:capita--the-equalizer-by-jess-kimura
Capita,THE MATRIARCH,2026,catalog:capita--the-matriarch
Capita,THE NAVIGATOR,2026,catalog:capita--the-navigator
Capita,THE NAVIGATOR WMN,2026,catalog:capita--the-navigator-wmn
Capita,Ultrafear,2022,
Capita Snowboards,Photo Fetish,2008,
Cardiff,Bonsai,2021,catalog:cardiff--bonsai
Cardiff,Bonsai Enduro,2025,catalog:cardiff--bonsai-enduro
Cardiff,Bonsai Enduro Classic,2026,catalog:cardiff--bonsai-enduro-classic
Cardiff,Crane,2020,catalog:cardiff--crane
Cardiff,Crane Enduro,2025,catalog:cardiff--crane-enduro
Cardiff,Crane Pro Carbon Splitboard,2026,catalog:cardiff--crane-pro-carbon-splitboard
Cardiff,Goat,2021,catalog:cardiff--goat
Cardiff,Goat Enduro,2025,catalog:cardiff--goat-enduro
Cardiff,Goat Pro Carbon Splitboard,2026,catalog:cardiff--goat-pro-carbon-splitboard
Cardiff,Lynx,2023,catalog:cardiff--lynx
Cardiff,Powgoda,2021,catalog:cardiff--powgoda
Cardiff,Powgoda Enduro,2026,catalog:cardiff--powgoda-enduro
Cardiff,Powgoda Pro Carbon Splitboard,2025,catalog:cardiff--powgoda-pro-carbon-splitboard
Cardiff,Swell,2021,catalog:cardiff--swell
Cardiff,Swell Enduro,2025,catalog:cardiff--swell-enduro
Cardiff,The Skiff,2026,catalog:cardiff--the-skiff
Cardiff,Trickshaw,2025,catalog:cardiff--trickshaw
Checker Pig,C65,1991,catalog:checker-pig--c65
Checker Pig,CPX,1991,catalog:checker-pig--cpx
Checker Pig,F-15 Vinciguerra,1992,catalog:checker-pig--f-15-vinciguerra
Checker Pig,FSC 54,1991,catalog:checker-pig--fsc-54
Checker Pig,G69,1991,catalog:checker-pig--g69
Checker Pig,Swing 6,1992,catalog:checker-pig--swing-6
Chimera,Hermit 165W,2026,catalog:chimera--hermit-165w
Chimera,Sceptre,2026,catalog:chimera--sceptre
Chimera,Sceptre Guide Series,2026,catalog:chimera--sceptre-guide-series
Chimera,Shop Rat,2026,catalog:chimera--shop-rat
Chimera,Shop Rat Guide Series,2026,catalog:chimera--shop-rat-guide-series
Chimera,Unicorn Chaser,2026,catalog:chimera--unicorn-chaser
Coiler,BX and BX Freeride,2026,catalog:coiler--bx-and-bx-freeride
Coiler,Monster V2,2026,catalog:coiler--monster-v2
Coiler,Stubby V2,2026,catalog:coiler--stubby-v2
Crazy Banana,2-Fast 4-U,1990,catalog:crazy-banana--2-fast-4-u
Crazy Banana,Babaloo,1990,catalog:crazy-banana--babaloo
Crazy Banana,Breakout,1988,catalog:crazy-banana--breakout
Crazy Banana,Chilli Willi,1989,
Crazy Banana,Espresso,1990,catalog:crazy-banana--espresso
Crazy Banana,Mr. Rock-It,1990,catalog:crazy-banana--mr-rock-it
Crazy Banana,Tweak,1991,catalog:crazy-banana--tweak
Crazy Banana,Voodoo,1990,catalog:crazy-banana--voodoo
Crazy Banana,Woodstock,1991,catalog:crazy-banana--woodstock
D.O.P.E.,ALEX STATHIS SIGNATURE SERIES,2026,catalog:d-o-p-e--alex-stathis-signature-series
D.O.P.E.,DON WHEELER SIGNATURE SERIES,2026,catalog:d-o-p-e--don-wheeler-signature-series
D.O.P.E.,E-MAN ANDERSON SIGNATURE SERIES,2026,catalog:d-o-p-e--e-man-anderson-signature-series
D.O.P.E.,LAYNE TREETER SIGNATURE SERIES,2026,catalog:d-o-p-e--layne-treeter-signature-series
D.O.P.E.,NO FEAR SIGNATURE SERIES,2026,catalog:d-o-p-e--no-fear-signature-series
DC,BDR,2010,catalog:dc--bdr
DC,BFF,2009,catalog:dc--bff
DC,BFT,2010,catalog:dc--bft
DC,Biddy,2011,catalog:dc--biddy
DC,Devun Pro,2011,catalog:dc--devun-pro
DC,Focus,2012,catalog:dc--focus
DC,HKD,2009,catalog:dc--hkd
DC,MLF,2009,catalog:dc--mlf
DC,PBJ,2009,catalog:dc--pbj
DC,Ply,2012,catalog:dc--ply
DC,Tone,2011,catalog:dc--tone
DC,XFB,2009,catalog:dc--xfb
Division 23,Funaki,2006,catalog:division-23--funaki
Division 23,Fuse,2007,catalog:division-23--fuse
Division 23,Hurricane,2007,catalog:division-23--hurricane
Division 23,Peter Line,1993,catalog:division-23--peter-line
Division 23,Resistance,2007,catalog:division-23--resistance
Division 23,Rhyno,2006,catalog:division-23--rhyno
Division 23,Sakoda,2007,catalog:division-23--sakoda
Division 23,Triple H,2006,catalog:division-23--triple-h
Division 23,Wendy Powell,1997,catalog:division-23--wendy-powell
Donek,Turner FC,2026,catalog:donek--turner-fc
Drake,BATTLE,2025,catalog:drake--battle
Drake,BATTLE RUSTY,2025,catalog:drake--battle-rusty
Drake,BILLBOARD,2025,catalog:drake--billboard
Drake,CHARM,2025,catalog:drake--charm
Drake,DF,2025,catalog:drake--df
Drake,DF PRO,2024,catalog:drake--df-pro
Drake,DFL,2024,catalog:drake--dfl
Drake,DFL PRO,2025,catalog:drake--dfl-pro
Drake,LEAGUE,2025,catalog:drake--league
Drake,MISTY,2024,catalog:drake--misty
Drake,SHOT,2025,catalog:drake--shot
Drake,SQUAD,2025,catalog:drake--squad
Drake,TAO OF DRAKE,2024,catalog:drake--tao-of-drake
Drake,TEAM,2025,catalog:drake--team
Drake,TEAM KOHEI,2025,catalog:drake--team-kohei
Dupraz,D-Tour 5'5 X,2026,catalog:dupraz--d-tour-55-x
Dupraz,D-Tour 6' X,2026,catalog:dupraz--d-tour-6-x
Dupraz,D1,2015,catalog:dupraz--d1
Dupraz,D1 5'2 N,2026,catalog:dupraz--d1-52-n
Dupraz,D1 5'5 STD,2026,catalog:dupraz--d1-55-std
Dupraz,D1 5'5 X,2026,catalog:dupraz--d1-55-x
Elan Snowboards,Aero,2012,catalog:elan--aero
Elan Snowboards,Answer,2005,catalog:elan--answer
Elan Snowboards,Argon,2008,catalog:elan--argon
Elan Snowboards,Ascent,2006,catalog:elan--ascent
Elan Snowboards,Aurora,2000,catalog:elan--aurora
Elan Snowboards,Ballistic,2000,catalog:elan--ballistic
Elan Snowboards,Betty,2008,catalog:elan--betty
Elan Snowboards,Boulevard,2000,catalog:elan--boulevard
Elan Snowboards,Crest,2008,catalog:elan--crest
Elan Snowboards,Current,2008,catalog:elan--current
Elan Snowboards,Daisy,2008,catalog:elan--daisy
Elan Snowboards,El Grande,2007,catalog:elan--el-grande
Elan Snowboards,Element,2000,catalog:elan--element
Elan Snowboards,Endless,2005,catalog:elan--endless
Elan Snowboards,Eragon,2008,catalog:elan--eragon
Elan Snowboards,Gravity,2007,catalog:elan--gravity
Elan Snowboards,Helium,2008,catalog:elan--helium
Elan Snowboards,Hi-Fi,2010,catalog:elan--hi-fi
Elan Snowboards,Inverse,2005,catalog:elan--inverse
Elan Snowboards,Krypton,2008,catalog:elan--krypton
Elan Snowboards,LeeLoo,2010,catalog:elan--leeloo
Elan Snowboards,Lil Boarder,2008,catalog:elan--lil-boarder
Elan Snowboards,Mantra,2005,catalog:elan--mantra
Elan Snowboards,Message,2006,catalog:elan--message
Elan Snowboards,Moment,2005,catalog:elan--moment
Elan Snowboards,Neon,2008,catalog:elan--neon
Elan Snowboards,Omni,2007,catalog:elan--omni
Elan Snowboards,Pace,2008,catalog:elan--pace
Elan Snowboards,Paragon,2000,catalog:elan--paragon
Elan Snowboards,Prodigy,2006,catalog:elan--prodigy
Elan Snowboards,Pure,2006,catalog:elan--pure
Elan Snowboards,R.A.M.,2012,catalog:elan--r-a-m
Elan Snowboards,Radon,2008,catalog:elan--radon
Elan Snowboards,Royal,2000,catalog:elan--royal
Elan Snowboards,Sense,2005,catalog:elan--sense
Elan Snowboards,Squid,2000,catalog:elan--squid
Elan Snowboards,Stella,2008,catalog:elan--stella
Elan Snowboards,Tempest,2008,catalog:elan--tempest
Elan Snowboards,Tribe,2006,catalog:elan--tribe
Elan Snowboards,Trinity,2006,catalog:elan--trinity
Elan Snowboards,Union,2008,catalog:elan--union
Elan Snowboards,Unity,2008,catalog:elan--unity
Elan Snowboards,Universe,2005,catalog:elan--universe
Elan Snowboards,Vector,2005,catalog:elan--vector
Elan Snowboards,Venture,2000,catalog:elan--venture
Elan Snowboards,Vertigo,2000,catalog:elan--vertigo
Elan Snowboards,Wave Rider,2011,catalog:elan--wave-rider
Elan Snowboards,Whoopee Board,1989,catalog:elan--whoopee-board
Elan Snowboards,Xenon,2008,catalog:elan--xenon
Elevated Surfcraft,4'0 Micro Driver,2021,catalog:elevated-surfcraft--40-micro-driver
Elevated Surfcraft,4'10 GoldFish,2026,catalog:elevated-surfcraft--410-goldfish
Elevated Surfcraft,4'6 Minni Driver,2019,catalog:elevated-surfcraft--46-minni-driver
Elevated Surfcraft,4'6 Minni Fish,2021,catalog:elevated-surfcraft--46-minni-fish
Elevated Surfcraft,4'8 Minni Hawk,2024,catalog:elevated-surfcraft--48-minni-hawk
Elevated Surfcraft,4'9 Funboard,2025,catalog:elevated-surfcraft--49-funboard
Elevated Surfcraft,5'0 Shortboard,2026,catalog:elevated-surfcraft--50-shortboard
Elevated Surfcraft,5'1 Redtail Hawk,2026,catalog:elevated-surfcraft--51-redtail-hawk
Elevated Surfcraft,5'10 Log,2026,catalog:elevated-surfcraft--510-log
Elevated Surfcraft,5'2 Whsky Jack,2021,catalog:elevated-surfcraft--52-whsky-jack
Elevated Surfcraft,5'3 Salmon,2026,catalog:elevated-surfcraft--53-salmon
Elevated Surfcraft,5'4 Step-Up,2019,catalog:elevated-surfcraft--54-step-up
Elevated Surfcraft,5'5 Egg,2024,catalog:elevated-surfcraft--55-egg
Elevated Surfcraft,5'7 MegaFish,2021,catalog:elevated-surfcraft--57-megafish
Endeavor Snowboards,Apollo W26 Snowboard,2026,catalog:endeavor--apollo-w26-snowboard
Endeavor Snowboards,Archetype,2020,catalog:endeavor--archetype
Endeavor Snowboards,Archetype Pro Snowboard,2026,catalog:endeavor--archetype-pro-snowboard
Endeavor Snowboards,B.O.D. W26 Snowboard,2026,catalog:endeavor--b-o-d-w26-snowboard
Endeavor Snowboards,BOD,2009,catalog:endeavor--bod
Endeavor Snowboards,Clout,2020,catalog:endeavor--clout
Endeavor Snowboards,Live,2009,catalog:endeavor--live
Endeavor Snowboards,Live W26 Snowboard,2026,catalog:endeavor--live-w26-snowboard
Endeavor Snowboards,Maverick,2018,catalog:endeavor--maverick
Endeavor Snowboards,Pioneer,2020,catalog:endeavor--pioneer
Endeavor Snowboards,Pioneer W26 Snowboard,2026,catalog:endeavor--pioneer-w26-snowboard
Endeavor Snowboards,Ranger,2020,catalog:endeavor--ranger
Endeavor Snowboards,Ranger W26 Snowboard,2026,catalog:endeavor--ranger-w26-snowboard
Endeavor Snowboards,Scout,2018,catalog:endeavor--scout
Endeavor Snowboards,Scout Pro Snowboard,2026,catalog:endeavor--scout-pro-snowboard
Endeavor Snowboards,Trooper Pro Snowboard,2026,catalog:endeavor--trooper-pro-snowboard
F2,Allride,2001,catalog:f2--allride
F2,Axxis GTS,2026,catalog:f2--axxis-gts
F2,Beamer TCS,2000,catalog:f2--beamer-tcs
F2,Blackdeck,2026,catalog:f2--blackdeck
F2,Bloom,2026,catalog:f2--bloom
F2,Boxer,2000,catalog:f2--boxer
F2,Breezer,2001,catalog:f2--breezer
F2,Carve,2001,catalog:f2--carve
F2,Crossride,2001,catalog:f2--crossride
F2,Cruiser,2000,catalog:f2--cruiser
F2,Duke,2000,catalog:f2--duke
F2,Eliminator,2001,catalog:f2--eliminator
F2,Eliminator Carbon,2026,catalog:f2--eliminator-carbon
F2,Eliminator WC Titanal,2026,catalog:f2--eliminator-wc-titanal
F2,Fatcarve,2001,catalog:f2--fatcarve
F2,Freedom,2026,catalog:f2--freedom
F2,Freedom Rookie-Girl,2026,catalog:f2--freedom-rookie-girl
F2,Gipsy,2026,catalog:f2--gipsy
F2,Glide,2001,catalog:f2--glide
F2,Lightglide,2001,catalog:f2--lightglide
F2,Mic,2000,catalog:f2--mic
F2,Rental,2026,catalog:f2--rental
F2,Respect Split Board,2026,catalog:f2--respect-split-board
F2,Reverse,2026,catalog:f2--reverse
F2,Ride,2026,catalog:f2--ride
F2,Roadster,2002,catalog:f2--roadster
F2,Roadster III,2001,catalog:f2--roadster-iii
F2,Shorty,2001,catalog:f2--shorty
F2,Silberpfeil,2001,catalog:f2--silberpfeil
F2,Silberpfeil Carbon,2026,catalog:f2--silberpfeil-carbon
F2,Silberpfeil Carbon Vantage,2026,catalog:f2--silberpfeil-carbon-vantage
F2,Silberpfeil Vantage,2026,catalog:f2--silberpfeil-vantage
F2,Speed GTS,2001,catalog:f2--speed-gts
F2,Speedride,2001,catalog:f2--speedride
F2,Speedster Equipe RS TX Carbon,2026,catalog:f2--speedster-equipe-rs-tx-carbon
F2,Speedster Equipe SL TX Carbon,2026,catalog:f2--speedster-equipe-sl-tx-carbon
F2,Speedster RS,1998,catalog:f2--speedster-rs
F2,Speedster SL,2000,catalog:f2--speedster-sl
F2,Superglide,2001,catalog:f2--superglide
F2,T-Ride Wood,2026,catalog:f2--t-ride-wood
F2,TNT,2026,catalog:f2--tnt
F2,TNT Rookie Boy,2026,catalog:f2--tnt-rookie-boy
F2,Union,2026,catalog:f2--union
F2,Union Rookie Boy,2026,catalog:f2--union-rookie-boy
F2,Wideglide,2002,catalog:f2--wideglide
Fanatic,ACE 25-26,2026,catalog:fanatic--ace-25-26
Fanatic,AUTOBAHN 25-26 [NEW],2026,catalog:fanatic--autobahn-25-26-new
Fanatic,BT 25-26,2026,catalog:fanatic--bt-25-26
Fanatic,CF-ONE 25-26,2026,catalog:fanatic--cf-one-25-26
Fanatic,E-ONE 25-26,2026,catalog:fanatic--e-one-25-26
Fanatic,EDEN 25-26,2026,catalog:fanatic--eden-25-26
Fanatic,FTC 25-26,2026,catalog:fanatic--ftc-25-26
Fanatic,FTC TWIN 25-26,2026,catalog:fanatic--ftc-twin-25-26
Fanatic,G-ONE 25-26,2026,catalog:fanatic--g-one-25-26
Fanatic,KAISER 25-26 [NEW],2026,catalog:fanatic--kaiser-25-26-new
Fanatic,T-DECK 25-26,2026,catalog:fanatic--t-deck-25-26
Fanatic,TRICKMASTER 25-26,2026,catalog:fanatic--trickmaster-25-26
Fanatic,Ultra Boa,1990,catalog:fanatic--ultra-boa
Fanatic,Ultra Mamba,1990,catalog:fanatic--ultra-mamba
Fanatic,Ultra Viper,1990,catalog:fanatic--ultra-viper
FiveForty,Arctic,2026,catalog:fiveforty--arctic
FiveForty,BLACKDECK Premium,2023,catalog:fiveforty--blackdeck-premium
FiveForty,BLACKDECK Premium 2.0,2025,catalog:fiveforty--blackdeck-premium-2-0
FiveForty,Blackdeck Premium 3.0,2026,catalog:fiveforty--blackdeck-premium-3-0
FiveForty,Blackdeck Wood,2023,catalog:fiveforty--blackdeck-wood
FiveForty,CU,2023,catalog:fiveforty--cu
FiveForty,FE,2024,catalog:fiveforty--fe
FiveForty,FR,2023,catalog:fiveforty--fr
FiveForty,LTD,2024,catalog:fiveforty--ltd
FiveForty,MR No Junior,2026,catalog:fiveforty--mr-no-junior
FiveForty,NASCAR Junior,2026,catalog:fiveforty--nascar-junior
FiveForty,PIRATE Junior,2023,catalog:fiveforty--pirate-junior
FiveForty,PXL,2026,catalog:fiveforty--pxl
FiveForty,Storm,2026,catalog:fiveforty--storm
FiveForty,T-RIDE,2025,catalog:fiveforty--t-ride
FiveForty,The Icon,2023,catalog:fiveforty--the-icon
FiveForty,TNT,2024,catalog:fiveforty--tnt
FiveForty,Ultra,2023,catalog:fiveforty--ultra
FiveForty,UMA,2026,catalog:fiveforty--uma
FiveForty,Wassup T9 ADULT,2026,catalog:fiveforty--wassup-t9-adult
FiveForty,Whitedeck,2023,catalog:fiveforty--whitedeck
Flite,Bongo,1990,catalog:flite--bongo
Flite,Predator,1988,catalog:flite--predator
Flite,Rocket,1988,catalog:flite--rocket
Flite,UFO,1988,catalog:flite--ufo
Flite,Wavehog,1988,catalog:flite--wavehog
Flite,Weapon,1988,catalog:flite--weapon
Flow,BFF,2010,catalog:flow--bff
Flow,Bliss,2008,catalog:flow--bliss
Flow,Diskord,2007,catalog:flow--diskord
Flow,Drifter,2012,catalog:flow--drifter
Flow,Elation,2007,catalog:flow--elation
Flow,Era,2008,catalog:flow--era
Flow,Infinia,2007,catalog:flow--infinia
Flow,Infinite,2007,catalog:flow--infinite
Flow,Jewel,2008,catalog:flow--jewel
Flow,Lotus,2004,catalog:flow--lotus
Flow,Merc,2008,catalog:flow--merc
Flow,Micron,2007,catalog:flow--micron
Flow,Micron Mini,2008,catalog:flow--micron-mini
Flow,Myriad,2007,catalog:flow--myriad
Flow,Quantum,2007,catalog:flow--quantum
Flow,Rhythm,2010,catalog:flow--rhythm
Flow,Shifty,2012,catalog:flow--shifty
Flow,Solitude,2007,catalog:flow--solitude
Flow,Strike,2007,catalog:flow--strike
Flow,Team,2008,catalog:flow--team
Flow,Team Micron,2008,catalog:flow--team-micron
Flow,Venus,2008,catalog:flow--venus
Flow,Verve,2010,catalog:flow--verve
Flow,WX,2008,catalog:flow--wx
Forum,Amor,2010,catalog:forum--amor
Forum,Aura,2008,catalog:forum--aura
Forum,Bjorn Leines,2004,catalog:forum--bjorn-leines
Forum,Bully,2008,catalog:forum--bully
Forum,Conflict,2011,catalog:forum--conflict
Forum,Contract,2011,catalog:forum--contract
Forum,Craft,2008,catalog:forum--craft
Forum,Darkness,2008,catalog:forum--darkness
Forum,Deck,2012,catalog:forum--deck
Forum,Destroyer,2004,catalog:forum--destroyer
Forum,Devun Walsh,2004,catalog:forum--devun-walsh
Forum,Division,2005,catalog:forum--division
Forum,Dreamboat,2010,catalog:forum--dreamboat
Forum,Eddie Wall Pro,2008,catalog:forum--eddie-wall-pro
Forum,Elite,2004,catalog:forum--elite
Forum,F-10,2004,catalog:forum--f-10
Forum,Grudge,2008,catalog:forum--grudge
Forum,Helm,2010,catalog:forum--helm
Forum,Holy Moly,2011,catalog:forum--holy-moly
Forum,Honeypot,2011,catalog:forum--honeypot
Forum,Image,2010,catalog:forum--image
Forum,John Jackson Pro,2009,catalog:forum--john-jackson-pro
Forum,JP Walker,2003,catalog:forum--jp-walker
Forum,JP WALKER LEGEND SERIES,2026,catalog:forum--jp-walker-legend-series
Forum,Lander,2008,catalog:forum--lander
Forum,Manual,2008,catalog:forum--manual
Forum,Mini Destroyer,2004,catalog:forum--mini-destroyer
Forum,Mini Pro,2004,catalog:forum--mini-pro
Forum,Mini Youngblood,2008,catalog:forum--mini-youngblood
Forum,Nugget,2010,catalog:forum--nugget
Forum,Pat Moore Pro,2009,catalog:forum--pat-moore-pro
Forum,Peter Line,2004,catalog:forum--peter-line
Forum,Raider,2004,catalog:forum--raider
Forum,Rat,2011,catalog:forum--rat
Forum,Recon,2004,catalog:forum--recon
Forum,Roost,2008,catalog:forum--roost
Forum,Sauce,2011,catalog:forum--sauce
Forum,Scallywag,2010,catalog:forum--scallywag
Forum,Scheme,2009,catalog:forum--scheme
Forum,Scout,2008,catalog:forum--scout
Forum,Seeker,2008,catalog:forum--seeker
Forum,Spinster,2009,catalog:forum--spinster
Forum,Star,2004,catalog:forum--star
Forum,Stomper,2008,catalog:forum--stomper
Forum,Street Dweller,2004,catalog:forum--street-dweller
Forum,Substance,2009,catalog:forum--substance
Forum,Superstar,2008,catalog:forum--superstar
Forum,Symbol,2009,catalog:forum--symbol
Forum,The Hundreds,2009,catalog:forum--the-hundreds
Forum,Travis Kennedy Pro,2009,catalog:forum--travis-kennedy-pro
Forum,Warrior,2005,catalog:forum--warrior
Forum,Youngblood,2004,catalog:forum--youngblood
Furberg,THE ALL MTN,2026,catalog:furberg--the-all-mtn
Furberg,THE FREERIDE,2026,catalog:furberg--the-freeride
Furberg,THE POW,2026,catalog:furberg--the-pow
Furlan Snowboards,AARON SWARTZ 163 WIDE,2025,catalog:furlan-snowboards--aaron-swartz-163-wide
Furlan Snowboards,AARON SWARTZ 163 X YGGL,2025,catalog:furlan-snowboards--aaron-swartz-163-x-yggl
Furlan Snowboards,AARON SWARTZ WIDE HARD FLEX,2025,catalog:furlan-snowboards--aaron-swartz-wide-hard-flex
Furlan Snowboards,AARON SWARTZ X YGGL HARD FLEX,2025,catalog:furlan-snowboards--aaron-swartz-x-yggl-hard-flex
Furlan Snowboards,MASTER SHREDDER (AKA K. METSCH),2025,catalog:furlan-snowboards--master-shredder-aka-k-metsch
Furlan Snowboards,MASTER SHREDDER HARD FLEX,2025,catalog:furlan-snowboards--master-shredder-hard-flex
Gentemstick,ALOHA NOKAOI,2026,catalog:gentemstick--aloha-nokaoi
Gentemstick,BABY MANTARAY 148,2024,catalog:gentemstick--baby-mantaray-148
Gentemstick,BABY MANTARAY 148 HARD FLEX,2024,catalog:gentemstick--baby-mantaray-148-hard-flex
Gentemstick,BABY STINGRAY 151,2024,catalog:gentemstick--baby-stingray-151
Gentemstick,BABY STINGRAY CHOPSTICKS,2024,catalog:gentemstick--baby-stingray-chopsticks
Gentemstick,BARRACUDA HIGH PERFORMANCE,2024,catalog:gentemstick--barracuda-high-performance
Gentemstick,BIG FISH OUTLINE CORE,2024,catalog:gentemstick--big-fish-outline-core
Gentemstick,DRIFTER,2024,catalog:gentemstick--drifter
Gentemstick,FLAIR,2024,catalog:gentemstick--flair
Gentemstick,FLAIR 146 CHOPSTICKS,2024,catalog:gentemstick--flair-146-chopsticks
Gentemstick,FLOATER uni,2024,catalog:gentemstick--floater-uni
Gentemstick,Flock,2000,seed:linestry-research-2026-06
Gentemstick,FLY FISK,2025,catalog:gentemstick--fly-fisk
Gentemstick,FLY FISK 164 Mads Jonsson Pro Model,2024,catalog:gentemstick--fly-fisk-164-mads-jonsson-pro-model
Gentemstick,FLY FISK CHOPSTICKS,2024,catalog:gentemstick--fly-fisk-chopsticks
Gentemstick,FLYING CARPET,2024,catalog:gentemstick--flying-carpet
Gentemstick,GIANT MANTARAY 159,2024,catalog:gentemstick--giant-mantaray-159
Gentemstick,GIANT MANTARAY CHOPSTICKS PRO,2024,catalog:gentemstick--giant-mantaray-chopsticks-pro
Gentemstick,GLIDER 198,2027,catalog:gentemstick--glider-198
Gentemstick,INDEPENDENTSTICK,2024,catalog:gentemstick--independentstick
Gentemstick,INDY POOLDECK,2024,catalog:gentemstick--indy-pooldeck
Gentemstick,JALKA 125,2024,catalog:gentemstick--jalka-125
Gentemstick,LOHI 132,2024,catalog:gentemstick--lohi-132
Gentemstick,MAGIC 38,2024,catalog:gentemstick--magic-38
Gentemstick,Mantaray,2000,seed:linestry-research-2026-06
Gentemstick,MERMAID,2024,catalog:gentemstick--mermaid
Gentemstick,MID FISH,2024,catalog:gentemstick--mid-fish
Gentemstick,MID FISH OUTLINE CORE,2024,catalog:gentemstick--mid-fish-outline-core
Gentemstick,MOUNTAIN RACER,2024,catalog:gentemstick--mountain-racer
Gentemstick,POWDERSTICK,2024,catalog:gentemstick--powderstick
Gentemstick,POWDERSTICK DIAMOND TAIL,2026,catalog:gentemstick--powderstick-diamond-tail
Gentemstick,POWDERSTICK FISH,2026,catalog:gentemstick--powderstick-fish
Gentemstick,Rocket Fish,2015,catalog:gentemstick--rocket-fish
Gentemstick,ROCKET FISH HIGH PERFORMANCE,2024,catalog:gentemstick--rocket-fish-high-performance
Gentemstick,ROCKET FISH HIGH PERFORMANCE SOFT FLEX,2024,catalog:gentemstick--rocket-fish-high-performance-soft-flex
Gentemstick,ROCKET FISH OUTLINE CORE,2024,catalog:gentemstick--rocket-fish-outline-core
Gentemstick,SLASHER Ⅱ,2024,catalog:gentemstick--slasher-ii
Gentemstick,Stingray,2000,seed:linestry-research-2026-06
Gentemstick,STINGRAY CHOPSTICKS,2024,catalog:gentemstick--stingray-chopsticks
Gentemstick,SUPER FISH CLOUD LINER,2024,catalog:gentemstick--super-fish-cloud-liner
Gentemstick,SUPER FISH OUTLINE CORE,2024,catalog:gentemstick--super-fish-outline-core
Gentemstick,T.T 165 CLASSIC,2024,catalog:gentemstick--t-t-165-classic
Gentemstick,T.T 165 CLASSIC SOFT FLEX,2026,catalog:gentemstick--t-t-165-classic-soft-flex
Gentemstick,T.T 165 CLASSIC WOMEN'S FLEX,2024,catalog:gentemstick--t-t-165-classic-womens-flex
Gentemstick,The Chaser,2019,catalog:gentemstick--the-chaser
Gentemstick,THE CHASER HIGH PERFORMANCE,2024,catalog:gentemstick--the-chaser-high-performance
Gentemstick,THE CHASER HIGH PERFORMANCE CHOPSTICKS,2025,catalog:gentemstick--the-chaser-high-performance-chopsticks
Gentemstick,THE CHASER HP 155 CHOPSTICKS,2024,catalog:gentemstick--the-chaser-hp-155-chopsticks
Gentemstick,TITTI 118,2024,catalog:gentemstick--titti-118
Gentemstick,TT,2000,seed:linestry-research-2026-06
Gentemstick,XY 153,2024,catalog:gentemstick--xy-153
Gentemstick,XY 157 Alex Yoder Pro Model,2024,catalog:gentemstick--xy-157-alex-yoder-pro-model
Gentemstick,XYZ CHOPSTICKS,2024,catalog:gentemstick--xyz-chopsticks
Gilson,30 Point Buck,2025,catalog:gilson--30-point-buck
Gilson,Alpha,2025,catalog:gilson--alpha
Gilson,Alpine Roamer,2025,catalog:gilson--alpine-roamer
Gilson,Battle Royale,2025,catalog:gilson--battle-royale
Gilson,Bear Claw,2025,catalog:gilson--bear-claw
Gilson,Best Buds,2025,catalog:gilson--best-buds
Gilson,Bounty Hunter,2026,catalog:gilson--bounty-hunter
Gilson,Bounty Hunter Ronin,2025,catalog:gilson--bounty-hunter-ronin
Gilson,Bruce,2026,catalog:gilson--bruce
Gilson,Catch & Release,2025,catalog:gilson--catch-release
Gilson,Chill N Thrill,2026,catalog:gilson--chill-n-thrill
Gilson,Come Together,2025,catalog:gilson--come-together
Gilson,Deep Sea,2025,catalog:gilson--deep-sea
Gilson,Domain - Montana,2026,catalog:gilson--domain-montana
Gilson,Domain - Revelstoke,2026,catalog:gilson--domain-revelstoke
Gilson,Duel,2025,catalog:gilson--duel
Gilson,Eat or Be Eaten,2026,catalog:gilson--eat-or-be-eaten
Gilson,Evergreen All Mountain Snowboard,2025,catalog:gilson--evergreen-all-mountain-snowboard
Gilson,Explorer,2025,catalog:gilson--explorer
Gilson,Fly,2025,catalog:gilson--fly
Gilson,Go Bear - HAPPY HOUR Series,2025,catalog:gilson--go-bear-happy-hour-series
Gilson,Goin Down,2025,catalog:gilson--goin-down
Gilson,Gothic,2025,catalog:gilson--gothic
Gilson,Hippy Stick,2025,catalog:gilson--hippy-stick
Gilson,Homebrew,2026,catalog:gilson--homebrew
Gilson,Homebrew (Blue),2025,catalog:gilson--homebrew-blue
Gilson,Kichizi,2025,catalog:gilson--kichizi
Gilson,Live Free or Loon,2025,catalog:gilson--live-free-or-loon
Gilson,Lucid Dream,2026,catalog:gilson--lucid-dream
Gilson,Luna Solar,2027,catalog:gilson--luna-solar
Gilson,Medusa,2025,catalog:gilson--medusa
Gilson,Moonwalker - HAPPY HOUR Series,2025,catalog:gilson--moonwalker-happy-hour-series
Gilson,Mountain Maverick,2025,catalog:gilson--mountain-maverick
Gilson,Mountainscape,2025,catalog:gilson--mountainscape
Gilson,Mourn Tree,2025,catalog:gilson--mourn-tree
Gilson,Musashi,2025,catalog:gilson--musashi
Gilson,OpenMinded,2025,catalog:gilson--openminded
Gilson,Orochi,2026,catalog:gilson--orochi
Gilson,Outdoor State of Mind,2026,catalog:gilson--outdoor-state-of-mind
Gilson,Philly Special - Green,2025,catalog:gilson--philly-special-green
Gilson,Philly Special - Red,2025,catalog:gilson--philly-special-red
Gilson,Pigeons,2025,catalog:gilson--pigeons
Gilson,Pinegrenade - HAPPY HOUR Series,2025,catalog:gilson--pinegrenade-happy-hour-series
Gilson,Quaker Blue,2025,catalog:gilson--quaker-blue
Gilson,Raise Hell,2025,catalog:gilson--raise-hell
Gilson,Redline 3.0,2025,catalog:gilson--redline-3-0
Gilson,Reptilian Brain,2025,catalog:gilson--reptilian-brain
Gilson,Roswell,2025,catalog:gilson--roswell
Gilson,Sesame Street Monster Anatomy - Cookie Monster,2025,catalog:gilson--sesame-street-monster-anatomy-cookie-monster
Gilson,Sesame Street Monster Anatomy - Oscar,2025,catalog:gilson--sesame-street-monster-anatomy-oscar
Gilson,Sesame Street Retro - BFF,2025,catalog:gilson--sesame-street-retro-bff
Gilson,Sesame Street Retro - The Grouch,2025,catalog:gilson--sesame-street-retro-the-grouch
Gilson,Sesame Street Retro - The Monster,2025,catalog:gilson--sesame-street-retro-the-monster
Gilson,Sesame Street Squad Goals - Bert & Ernie,2025,catalog:gilson--sesame-street-squad-goals-bert-ernie
Gilson,Sesame Street Squad Goals - Big Bird,2025,catalog:gilson--sesame-street-squad-goals-big-bird
Gilson,Sesame Street Squad Goals - Cookie Monster,2025,catalog:gilson--sesame-street-squad-goals-cookie-monster
Gilson,Sesame Street Squad Goals - Oscar,2025,catalog:gilson--sesame-street-squad-goals-oscar
Gilson,Sesame Street Squad Goals - Squad,2025,catalog:gilson--sesame-street-squad-goals-squad
Gilson,Shred Happy,2025,catalog:gilson--shred-happy
Gilson,Sky High (Green),2025,catalog:gilson--sky-high-green
Gilson,Sky High (Sunburst),2025,catalog:gilson--sky-high-sunburst
Gilson,Skyward,2025,catalog:gilson--skyward
Gilson,Snake Oil,2025,catalog:gilson--snake-oil
Gilson,Space Dust,2025,catalog:gilson--space-dust
Gilson,Stand Your Ground,2025,catalog:gilson--stand-your-ground
Gilson,Street Hearts,2026,catalog:gilson--street-hearts
Gilson,Superdawg,2025,catalog:gilson--superdawg
Gilson,The Buck Naked,2025,catalog:gilson--the-buck-naked
Gilson,The Ganjola,2025,catalog:gilson--the-ganjola
Gilson,The Snowball,2025,catalog:gilson--the-snowball
Gilson,Thicc Boi,2026,catalog:gilson--thicc-boi
Gilson,Trail Buddy,2025,catalog:gilson--trail-buddy
Gilson,Trippy,2025,catalog:gilson--trippy
Gilson,Undead,2025,catalog:gilson--undead
Gilson,Undead Quaker,2025,catalog:gilson--undead-quaker
Gilson,Venturer,2025,catalog:gilson--venturer
Gilson,Veritas All Mountain Snowboard,2025,catalog:gilson--veritas-all-mountain-snowboard
Gilson,Vortex Bloom,2025,catalog:gilson--vortex-bloom
Gilson,Voyager,2025,catalog:gilson--voyager
Gilson,Wolf Homebrew,2025,catalog:gilson--wolf-homebrew
Glissade,Big Gun,2007,catalog:glissade--big-gun
Glissade,Brosif,2011,catalog:glissade--brosif
Glissade,Capsule,2007,catalog:glissade--capsule
Glissade,Griffin,2011,catalog:glissade--griffin
Glissade,Kenron,2011,catalog:glissade--kenron
Glissade,Shortbus,2011,catalog:glissade--shortbus
Glissade,Shortbus LE,2011,catalog:glissade--shortbus-le
Glissade,Siren Collection,2011,catalog:glissade--siren-collection
Glissade,Tactic,2007,catalog:glissade--tactic
Gnu,11 Up,2006,catalog:gnu--11-up
Gnu,4,2020,catalog:gnu--4
Gnu,4x4,2026,catalog:gnu--4x4
Gnu,Abfahrt,1998,catalog:gnu--abfahrt
Gnu,Altered Genetics,2004,catalog:gnu--altered-genetics
Gnu,Antigravity,1988,
Gnu,B-Mini,2011,catalog:gnu--b-mini
Gnu,B-Nice,2007,catalog:gnu--b-nice
Gnu,B-Pro,2007,catalog:gnu--b-pro
Gnu,B-Pro Mini,2009,catalog:gnu--b-pro-mini
Gnu,B-Real,2008,catalog:gnu--b-real
Gnu,B-Street,2007,catalog:gnu--b-street
Gnu,Banked Country,2022,catalog:gnu--banked-country
Gnu,Barrett,2027,catalog:gnu--barrett
Gnu,Barrett Christy,1998,catalog:gnu--barrett-christy
Gnu,Barrett Christy Mini,1998,catalog:gnu--barrett-christy-mini
Gnu,Bas,1994,
GNU,Bas Girl,1996,https://retrosnow.com/shop/gnu/96/gnu-bas-girl/
Gnu,Billy Goat,2008,catalog:gnu--billy-goat
Gnu,C-Money,2026,catalog:gnu--c-money
Gnu,Carbon Credit,2021,
Gnu,Carbon High Beam,2004,catalog:gnu--carbon-high-beam
Gnu,Concept,1988,catalog:gnu--concept
Gnu,Danny Kass,2004,catalog:gnu--danny-kass
Gnu,Danny Kass Mini,2004,catalog:gnu--danny-kass-mini
Gnu,Dirty Pillow,2011,catalog:gnu--dirty-pillow
Gnu,Dukester,1995,catalog:gnu--dukester
Gnu,Essential Service,2021,catalog:gnu--essential-service
Gnu,Factory Choice,1998,catalog:gnu--factory-choice
Gnu,Facts,2026,catalog:gnu--facts
Gnu,Fiction,2027,catalog:gnu--fiction
Gnu,Finest,2026,catalog:gnu--finest
Gnu,Forest Bailey Pickle,2012,catalog:gnu--forest-bailey-pickle
Gnu,Free Spirit,2026,catalog:gnu--free-spirit
Gnu,Frosting,2026,catalog:gnu--frosting
Gnu,Gateway,2015,catalog:gnu--gateway
Gnu,Gloss,2025,catalog:gnu--gloss
Gnu,Gremlin,2026,catalog:gnu--gremlin
Gnu,Hampus Mosesson,2008,catalog:gnu--hampus-mosesson
Gnu,Hasselhoff,1998,catalog:gnu--hasselhoff
Gnu,Haulin Oats,1998,catalog:gnu--haulin-oats
Gnu,Head Space,2019,catalog:gnu--head-space
Gnu,Hyper,2024,catalog:gnu--hyper
Gnu,Impossible Series,2012,catalog:gnu--impossible-series
Gnu,Kaos,1988,catalog:gnu--kaos
Gnu,Ladies Choice,2015,seed:linestry-research-2026-06
Gnu,Metal Gnuru,2015,catalog:gnu--metal-gnuru
Gnu,MiiRA,2027,catalog:gnu--miira
Gnu,Money,2025,seed:linestry-research-2026-06
Gnu,Money S,2026,catalog:gnu--money-s
Gnu,Mullair,2019,catalog:gnu--mullair
Gnu,Nibbler,1998,catalog:gnu--nibbler
Gnu,Park Pickle,2010,catalog:gnu--park-pickle
Gnu,Pepper,2027,catalog:gnu--pepper
Gnu,Pharaoh,1998,catalog:gnu--pharaoh
Gnu,Playdate,2027,catalog:gnu--playdate
Gnu,Pro Choice,2025,catalog:gnu--pro-choice
Gnu,Recess,2027,catalog:gnu--recess
Gnu,Riders Choice,2008,seed:linestry-research-2026-06
Gnu,Riders Choice Pickle,2012,catalog:gnu--riders-choice-pickle
Gnu,Scorp,2027,catalog:gnu--scorp
Gnu,Setsuna,2027,catalog:gnu--setsuna
Gnu,Sissy,1998,catalog:gnu--sissy
Gnu,Skidder,1998,catalog:gnu--skidder
Gnu,SNARF Machine,2027,catalog:gnu--snarf-machine
Gnu,Something Gnu,2026,catalog:gnu--something-gnu
Gnu,Space Case,2019,
Gnu,Street Series,2006,catalog:gnu--street-series
Gnu,Stupid Cap,1998,catalog:gnu--stupid-cap
Gnu,T.R.E.,2027,catalog:gnu--t-r-e
Gnu,Temple Cummins,1999,
Gnu,Terrific,1998,catalog:gnu--terrific
Gnu,Todd Schlosser,1998,catalog:gnu--todd-schlosser
Gnu,Turbo Gremlin,2026,catalog:gnu--turbo-gremlin
Gnu,Upgrade,2027,catalog:gnu--upgrade
Gnu,Velvet,2025,catalog:gnu--velvet
Gnu,Wagyu,2026,catalog:gnu--wagyu
Gnu Snowboards,,,
Goodboards,15,2026,catalog:goodboards--15
Goodboards,Deep,2026,catalog:goodboards--deep
Goodboards,Flash,2026,catalog:goodboards--flash
Goodboards,Julia,2026,catalog:goodboards--julia
Goodboards,Legends,2026,catalog:goodboards--legends
Goodboards,Pepi,2026,catalog:goodboards--pepi
Goodboards,PRIMA,2026,catalog:goodboards--prima
Goodboards,Reload,2026,catalog:goodboards--reload
Goodboards,STORYBOARD Split,2026,catalog:goodboards--storyboard-split
Goodboards,Surf Long,2026,catalog:goodboards--surf-long
Goodboards,Wooden,2026,catalog:goodboards--wooden
Gray,CUB-X [GEO],2027,catalog:gray--cub-x-geo
Gray,CUB-X [HILL],2027,catalog:gray--cub-x-hill
Gray,"DESPE WOOD 32, 38, 43",2027,catalog:gray--despe-wood-32-38-43
Gray,"DESPE WOOD 48, 53n, 54, 58, 59w, 62, 63w",2027,catalog:gray--despe-wood-48-53n-54-58-59w-62-63w
Gray,DSPRD micro/mini,2027,catalog:gray--dsprd-micro-mini
Gray,DSPRD Ti [iz],2027,catalog:gray--dsprd-ti-iz
Gray,DSPRD Ti Type-R,2027,catalog:gray--dsprd-ti-type-r
Gray,DSPRD Ti type-X ver.P,2027,catalog:gray--dsprd-ti-type-x-ver-p
Gray,DSPRD Ti type-X ver.S,2027,catalog:gray--dsprd-ti-type-x-ver-s
Gray,EPIC ​,2027,catalog:gray--epic
Gray,FORCE,2027,catalog:gray--force
Gray,GENIUS ​,2027,catalog:gray--genius
Gray,GENIUS [HV] Genius Hybrid,2027,catalog:gray--genius-hv-genius-hybrid
Gray,LOVEBUZZ 48,2027,catalog:gray--lovebuzz-48
Gray,LOVEBUZZ 52,2027,catalog:gray--lovebuzz-52
Gray,LOVEBUZZ 57 [Camber],2027,catalog:gray--lovebuzz-57-camber
Gray,LOVEBUZZ 58,2027,catalog:gray--lovebuzz-58
Gray,LOVEBUZZ 62,2027,catalog:gray--lovebuzz-62
Gray,PRODIGY ​,2027,catalog:gray--prodigy
Gray,QUADRA,2027,catalog:gray--quadra
Gray,QUADRA II,2027,catalog:gray--quadra-ii
Gray,SHRED [HV] Shred Hybrid,2027,catalog:gray--shred-hv-shred-hybrid
Gray,"SONICALMACH 46, 51, 54, 55w",2027,catalog:gray--sonicalmach-46-51-54-55w
Gray,"SONICALMACH 54ver.C, 55w ver.C, 58, 60w, 63w",2027,catalog:gray--sonicalmach-54ver-c-55w-ver-c-58-60w-63w
Gray,SONICALMACH LT,2027,catalog:gray--sonicalmach-lt
Gray,SONICALMACH LT ver.C,2027,catalog:gray--sonicalmach-lt-ver-c
Gray,TRICKSTICK [iz],2027,catalog:gray--trickstick-iz
Gray,TYCOON,2027,catalog:gray--tycoon
Gray,TYCOON TypeS [iz],2027,catalog:gray--tycoon-types-iz
H-Street,161 Freestyle,1991,https://retrosnow.com/shop/h-street/91-h-street/h-street-161-freestyle/
Haz-Mat,Terry Kidwell,1994,https://retrosnow.com/shop/haz-mat/94-haz-mat/haz-mat-terry-kidwell/
Head,AK,2008,catalog:head--ak
Head,Anything LYT Unisex Snowboard,2026,catalog:head--anything-lyt-unisex-snowboard
Head,Beam Unisex Snowboard,2026,catalog:head--beam-unisex-snowboard
Head,Blush,2012,catalog:head--blush
Head,Crown,2008,catalog:head--crown
Head,Day LYT Unisex Snowboard,2026,catalog:head--day-lyt-unisex-snowboard
Head,Daymaker LYT Unisex Snowboard,2026,catalog:head--daymaker-lyt-unisex-snowboard
Head,Daymaker Unisex Snowboard,2026,catalog:head--daymaker-unisex-snowboard
Head,Defy,2011,catalog:head--defy
Head,Defy Youth Junior's Snowboard,2026,catalog:head--defy-youth-juniors-snowboard
Head,E.B.I LYT Unisex Snowboard,2026,catalog:head--e-b-i-lyt-unisex-snowboard
Head,Everything LYT Women's Snowboard,2026,catalog:head--everything-lyt-womens-snowboard
Head,Flamba,2012,catalog:head--flamba
Head,Force,2011,catalog:head--force
Head,Fountain,2011,catalog:head--fountain
Head,Gamechanger Unisex Snowboard,2026,catalog:head--gamechanger-unisex-snowboard
Head,Glam,2012,catalog:head--glam
Head,Holster,2011,catalog:head--holster
Head,i.CT,2008,catalog:head--i-ct
Head,Ignition,2011,catalog:head--ignition
Head,Incite LYT Unisex Snowboard,2026,catalog:head--incite-lyt-unisex-snowboard
Head,Matrix,2008,catalog:head--matrix
Head,Pearl,2012,catalog:head--pearl
Head,Pride,2012,catalog:head--pride
Head,Pride 2.0 Women's Snowboard,2026,catalog:head--pride-2-0-womens-snowboard
Head,Rowdy Flex Junior's Snowboard,2026,catalog:head--rowdy-flex-juniors-snowboard
Head,Rowdy Kid Junior's Snowboard,2026,catalog:head--rowdy-kid-juniors-snowboard
Head,Rush,2011,catalog:head--rush
Head,Shine LYT Women's Snowboard,2026,catalog:head--shine-lyt-womens-snowboard
Head,Solace Women's Snowboard,2026,catalog:head--solace-womens-snowboard
Head,Stella,2011,catalog:head--stella
Head,Transit,2008,catalog:head--transit
Head,Tribute,2008,catalog:head--tribute
Head,True,2008,catalog:head--true
Head,True 2.0 Unisex Snowboard,2026,catalog:head--true-2-0-unisex-snowboard
Head,VOY SPLITBOARD,2026,catalog:head--voy-splitboard
High Society Freeride,Coldtrail All-Mtn Snowboard 25/26,2026,catalog:high-society-freeride--coldtrail-all-mtn-snowboard-25-26
Hooger Booger,Blaster,1993,catalog:hooger-booger--blaster
Hooger Booger,Booger Blaster,1994,https://retrosnow.com/shop/hooger/94-hooger/hooger-booger-blaster-159/
Hooger Booger,Boogie,1988,catalog:hooger-booger--boogie
Hooger Booger,Booster,1989,catalog:hooger-booger--booster
Hooger Booger,Competition,1988,catalog:hooger-booger--competition
Hooger Booger,Freestyle,1988,catalog:hooger-booger--freestyle
Hooger Booger,Light Wave,1988,catalog:hooger-booger--light-wave
Hooger Booger,Noah Brandon,1994,catalog:hooger-booger--noah-brandon
HOT,Hot Shot,1990,catalog:hot--hot-shot
HOT,Hotplus,1994,catalog:hot--hotplus
HOT,Maniac,1990,catalog:hot--maniac
HOT,One Sixty Free,1990,catalog:hot--one-sixty-free
HOT,Revolution,1988,catalog:hot--revolution
HOT,Shock Wave,1990,catalog:hot--shock-wave
Javatron Dream Machines,Biscotti,2025,catalog:javatron-dream-machines--biscotti
Javatron Dream Machines,G-Land,2025,catalog:javatron-dream-machines--g-land
Javatron Dream Machines,Javanator,2026,catalog:javatron-dream-machines--javanator
Javatron Dream Machines,Jazz Chord,2025,catalog:javatron-dream-machines--jazz-chord
Javatron Dream Machines,Joe Series,2025,catalog:javatron-dream-machines--joe-series
Javatron Dream Machines,Mocha Latte,2025,catalog:javatron-dream-machines--mocha-latte
Javatron Dream Machines,Note Bender,2026,catalog:javatron-dream-machines--note-bender
Javatron Dream Machines,Sumatra,2025,catalog:javatron-dream-machines--sumatra
Javatron Dream Machines,The Dolce,2025,catalog:javatron-dream-machines--the-dolce
Jones,Airheart,2018,catalog:jones--airheart
Jones,Airheart 2.0,2023,catalog:jones--airheart-2-0
Jones,Aviator,2014,catalog:jones--aviator
Jones,Aviator 2.0,2022,catalog:jones--aviator-2-0
Jones,Carbon Flagship,2013,catalog:jones--carbon-flagship
Jones,Carbon Solution,2013,catalog:jones--carbon-solution
Jones,Discovery,2015,catalog:jones--discovery
Jones,Dream Catcher,2018,catalog:jones--dream-catcher
Jones,Dream Weaver,2023,catalog:jones--dream-weaver
Jones,Dream Weaver 2.0,2026,catalog:jones--dream-weaver-2-0
Jones,Explorer,2021,
Jones,Flagship,2020,seed:linestry-research-2026-06
Jones,Flagship Pro,2025,catalog:jones--flagship-pro
Jones,Freecarver 6000s,2024,catalog:jones--freecarver-6000s
Jones,Freecarver 9000s,2024,catalog:jones--freecarver-9000s
Jones,Frontier,2020,seed:linestry-research-2026-06
Jones,Frontier 2.0,2026,catalog:jones--frontier-2-0
Jones,Harry Kearney Signature Series Stratos,2026,catalog:jones--harry-kearney-signature-series-stratos
Jones,Hovercraft,2011,seed:linestry-research-2026-06
Jones,Hovercraft 2.0,2024,catalog:jones--hovercraft-2-0
Jones,Hovercraft 2.0 Far East Limited,2027,catalog:jones--hovercraft-2-0-far-east-limited
Jones,Hovercraft Split 2.0,2024,catalog:jones--hovercraft-split-2-0
Jones,Howler,2026,catalog:jones--howler
Jones,Junior Mountain Twin,2026,catalog:jones--junior-mountain-twin
Jones,Junior Twin Sister,2026,catalog:jones--junior-twin-sister
Jones,Kids Happy Mountain,2026,catalog:jones--kids-happy-mountain
Jones,Lone Wolf,2018,catalog:jones--lone-wolf
Jones,Men's Stratos Ltd Far East Limited,2027,catalog:jones--mens-stratos-ltd-far-east-limited
Jones,Men's Tweaker 2.0,2027,catalog:jones--mens-tweaker-2-0
Jones,Men's Tweaker Pro 2.0,2027,catalog:jones--mens-tweaker-pro-2-0
Jones,Mind Expander,2018,catalog:jones--mind-expander
Jones,Mind Expander 2.0,2027,catalog:jones--mind-expander-2-0
Jones,Mind Expander Twin,2021,catalog:jones--mind-expander-twin
Jones,Mini Mind Expander,2019,catalog:jones--mini-mind-expander
Jones,Mothership,2013,catalog:jones--mothership
Jones,Mountain Snowskate,2021,catalog:jones--mountain-snowskate
Jones,Mountain Surfer,2016,catalog:jones--mountain-surfer
Jones,Mountain Twin,2013,seed:linestry-research-2026-06
Jones,Mountain Twin Pro,2025,catalog:jones--mountain-twin-pro
Jones,Powder Surfer,2015,catalog:jones--powder-surfer
Jones,Prodigy,2017,catalog:jones--prodigy
Jones,Project X,2017,catalog:jones--project-x
Jones,Rally Cat,2025,catalog:jones--rally-cat
Jones,Ruiki Masuda Signature Series Stratos,2026,catalog:jones--ruiki-masuda-signature-series-stratos
Jones,Solution,2010,seed:linestry-research-2026-06
Jones,Storm Chaser,2016,catalog:jones--storm-chaser
Jones,Storm Wolf,2022,catalog:jones--storm-wolf
Jones,Stratos,2020,seed:linestry-research-2026-06
Jones,Tweaker,2023,catalog:jones--tweaker
Jones,Tweaker Pro,2025,catalog:jones--tweaker-pro
Jones,Twin Sister,2013,catalog:jones--twin-sister
Jones,TwinCraft,2027,catalog:jones--twincraft
Jones,Ultra Aviator,2015,catalog:jones--ultra-aviator
Jones,Ultra Mind Expander,2020,catalog:jones--ultra-mind-expander
Jones,Ultra Mountain Twin,2016,catalog:jones--ultra-mountain-twin
Jones,Ultra Prodigy,2023,catalog:jones--ultra-prodigy
Jones,Ultra Solution,2021,catalog:jones--ultra-solution
Jones,Ultra Stratos Split,2023,catalog:jones--ultra-stratos-split
Jones,Ultracraft,2014,catalog:jones--ultracraft
Jones,Ultralight Butterfly Split,2024,catalog:jones--ultralight-butterfly-split
Jones,Ultralight Hovercraft 2.0 Splitboard,2027,catalog:jones--ultralight-hovercraft-2-0-splitboard
Jones,Ultralight Hovercraft Split 2.0,2024,catalog:jones--ultralight-hovercraft-split-2-0
Jones,Ultralight Project X,2024,catalog:jones--ultralight-project-x
Jones,Ultralight Solution,2024,catalog:jones--ultralight-solution
Jones,Ultralight Stratos Split,2024,catalog:jones--ultralight-stratos-split
Jones Snowboards,,,
Joyride,BBC,2000,catalog:joyride--bbc
Joyride,Danny Way X Joyride Guest Model,2026,catalog:joyride--danny-way-x-joyride-guest-model
Joyride,Dr. Suess,1992,catalog:joyride--dr-suess
Joyride,Eldorado,1992,catalog:joyride--eldorado
Joyride,Extreme Freestyle,2026,catalog:joyride--extreme-freestyle
Joyride,Factory Series,1996,catalog:joyride--factory-series
Joyride,Filbert Nixon,1993,catalog:joyride--filbert-nixon
Joyride,Fuego,1993,catalog:joyride--fuego
Joyride,Grom,2000,catalog:joyride--grom
Joyride,Grom Force,2000,catalog:joyride--grom-force
Joyride,Jonny B,1992,catalog:joyride--jonny-b
Joyride,Limited Noir,2026,catalog:joyride--limited-noir
Joyride,Limited Slingshot,2026,catalog:joyride--limited-slingshot
Joyride,Lite Collection,1998,catalog:joyride--lite-collection
Joyride,Premium Directional,1998,catalog:joyride--premium-directional
Joyride,Premium Twin,1998,catalog:joyride--premium-twin
Joyride,Signature Series,1998,catalog:joyride--signature-series
Joyride,Statera,2026,catalog:joyride--statera
Joyride,The Eldorado,2026,catalog:joyride--the-eldorado
Joyride,The Flower Pot,2026,catalog:joyride--the-flower-pot
K2,A-Star,2000,catalog:k2--a-star
K2,Access,2004,catalog:k2--access
K2,Afterblack,2027,catalog:k2--afterblack
K2,Alchemist,2023,catalog:k2--alchemist
K2,Almanac,2025,catalog:k2--almanac
K2,Ambush,2004,catalog:k2--ambush
K2,Antidote,2024,seed:linestry-research-2026-06
K2,Bottle Rocket,2017,catalog:k2--bottle-rocket
K2,Broadcast,2019,seed:linestry-research-2026-06
K2,Chloro Women's Snowboard 2026,2026,catalog:k2--chloro-womens-snowboard-2026
K2,Comet,2000,catalog:k2--comet
K2,Commonwealth,2026,catalog:k2--commonwealth
K2,Cool Bean,2016,catalog:k2--cool-bean
K2,Courier Men's Snowboard 2026,2026,catalog:k2--courier-mens-snowboard-2026
K2,Dan Donnelly XTC,1988,catalog:k2--dan-donnelly-xtc
K2,Darkstar,2001,catalog:k2--darkstar
K2,Dart,1998,catalog:k2--dart
K2,DC,1993,catalog:k2--dc
K2,Disciple,2004,catalog:k2--disciple
K2,Double Wide,1998,catalog:k2--double-wide
K2,Dreamsicle,2021,catalog:k2--dreamsicle
K2,Duchess,2007,catalog:k2--duchess
K2,Eldorado,1994,catalog:k2--eldorado
K2,Electra,2000,catalog:k2--electra
K2,Embassy,2025,catalog:k2--embassy
K2,Excavator,2023,catalog:k2--excavator
K2,Extravision Women's Snowboard 2026,2026,catalog:k2--extravision-womens-snowboard-2026
K2,Farmer,1993,catalog:k2--farmer
K2,Fat Bob Adam Merriman,1994,https://retrosnow.com/shop/k2/94-k2/k2-fat-bob-adam-merriman-155/
K2,Fatbob,1994,catalog:k2--fatbob
K2,Fuse,2001,catalog:k2--fuse
K2,Futura,2000,catalog:k2--futura
K2,G-Force,1990,catalog:k2--g-force
K2,Gamma,2004,catalog:k2--gamma
K2,Gateway Men's Snowboard 2026,2026,catalog:k2--gateway-mens-snowboard-2026
K2,Gateway Pop,2025,catalog:k2--gateway-pop
K2,Ginsu,1998,catalog:k2--ginsu
K2,Gyrator,1988,seed:linestry-research-2026-06
K2,Happy Hour,2012,catalog:k2--happy-hour
K2,HC,1992,catalog:k2--hc
K2,HP,1990,catalog:k2--hp
K2,Hypnotist,2025,catalog:k2--hypnotist
K2,Illusion,2007,catalog:k2--illusion
K2,Instinct,2004,catalog:k2--instinct
K2,Instrument,2023,catalog:k2--instrument
K2,Isolator Unisex Splitboard 2026,2026,catalog:k2--isolator-unisex-splitboard-2026
K2,Joy Driver,2020,catalog:k2--joy-driver
K2,Juju,1993,catalog:k2--juju
K2,K2000 ATSB Snowboard 2026,2026,catalog:k2--k2000-atsb-snowboard-2026
K2,Kandi,2004,catalog:k2--kandi
K2,Legend,2007,catalog:k2--legend
K2,Lil Kat Youth Snowboard 2026,2026,catalog:k2--lil-kat-youth-snowboard-2026
K2,Lil Mini Youth Snowboard 2026,2026,catalog:k2--lil-mini-youth-snowboard-2026
K2,Lime Lite,2013,catalog:k2--lime-lite
K2,Luna,1999,catalog:k2--luna
K2,Manifest,2019,seed:linestry-research-2026-06
K2,Markus,1998,catalog:k2--markus
K2,Medium,2021,catalog:k2--medium
K2,Metropolitan Women's Snowboard 2026,2026,catalog:k2--metropolitan-womens-snowboard-2026
K2,Mighty Eldo,2001,catalog:k2--mighty-eldo
K2,Mini Zeppelin,2000,catalog:k2--mini-zeppelin
K2,Mix,2002,catalog:k2--mix
K2,Moment,2007,catalog:k2--moment
K2,Morgan LaFonte,1997,catalog:k2--morgan-lafonte
K2,Nemesis,2004,catalog:k2--nemesis
K2,Overboard,2020,catalog:k2--overboard
K2,Parkstar,2011,catalog:k2--parkstar
K2,Party Platter,2020,
K2,Passport,2023,catalog:k2--passport
K2,Raygun,2018,seed:linestry-research-2026-06
K2,Recon,2002,catalog:k2--recon
K2,Satellite,2001,catalog:k2--satellite
K2,Savard,1998,catalog:k2--savard
K2,Scorp,2002,catalog:k2--scorp
K2,Select,2007,catalog:k2--select
K2,Simple Pleasures,2020,catalog:k2--simple-pleasures
K2,Sky Pilot,2026,catalog:k2--sky-pilot
K2,Skylla,2004,catalog:k2--skylla
K2,Slayblade,2010,catalog:k2--slayblade
K2,Special Effects Unisex Snowboard 2026,2026,catalog:k2--special-effects-unisex-snowboard-2026
K2,Spellcaster Women's Snowboard 2026,2026,catalog:k2--spellcaster-womens-snowboard-2026
K2,Spitfire,2000,catalog:k2--spitfire
K2,Standard,2016,catalog:k2--standard
K2,Stealth Eldo,2000,catalog:k2--stealth-eldo
K2,Stinger,2000,catalog:k2--stinger
K2,Streamer,2000,catalog:k2--streamer
K2,Swinger,1998,catalog:k2--swinger
K2,Synergy,2000,catalog:k2--synergy
K2,Temptation,2002,catalog:k2--temptation
K2,Titan,2007,catalog:k2--titan
K2,Transit,2001,catalog:k2--transit
K2,Tree Splitter Unisex Snowboard 2026,2026,catalog:k2--tree-splitter-unisex-snowboard-2026
K2,Trucker,2000,catalog:k2--trucker
K2,Turbo Dream,2010,catalog:k2--turbo-dream
K2,TX,1991,catalog:k2--tx
K2,Ultima,2000,catalog:k2--ultima
K2,Union,2004,catalog:k2--union
K2,Valhalla,2000,catalog:k2--valhalla
K2,Vandal Youth Snowboard 2026,2026,catalog:k2--vandal-youth-snowboard-2026
K2,Wisdom,2001,catalog:k2--wisdom
K2,Wish,2000,catalog:k2--wish
K2,World Peace Men's Snowboard 2026,2026,catalog:k2--world-peace-mens-snowboard-2026
K2,WWW,2004,catalog:k2--www
K2,X Brain Dead Passport Snowboard 2025,2025,catalog:k2--x-brain-dead-passport-snowboard-2025
K2,XRS,1991,catalog:k2--xrs
K2,XS,1990,catalog:k2--xs
K2,Xtc Dan Donnelly,1992,https://retrosnow.com/shop/k2/libtech-92-k2/k2-xtc-dan-donnelly/
K2,Zeppelin,1998,catalog:k2--zeppelin
K2 Snowboarding,,,
Kemper Snowboards,Aggressor,1988,catalog:kemper--aggressor
Kemper Snowboards,Apex,1991,catalog:kemper--apex
Kemper Snowboards,Fantom,1992,catalog:kemper--fantom
Kemper Snowboards,Flight,1988,catalog:kemper--flight
Kemper Snowboards,Freestyle,1987,catalog:kemper--freestyle
Kemper Snowboards,Halfpipe,1990,catalog:kemper--halfpipe
Kemper Snowboards,Intruder,1993,catalog:kemper--intruder
Kemper Snowboards,Little Titans,2000,catalog:kemper--little-titans
Kemper Snowboards,Magna,2000,catalog:kemper--magna
Kemper Snowboards,Race T 80,1989,catalog:kemper--race-t-80
Kemper Snowboards,Rampage,1988,catalog:kemper--rampage
Kemper Snowboards,Screamer,1991,catalog:kemper--screamer
Kemper Snowboards,Supreme,2000,catalog:kemper--supreme
Kemper Snowboards,Twin Tip,1990,catalog:kemper--twin-tip
Kessler,Air-Carve,2025,catalog:kessler--air-carve
Kessler,Contour,2024,catalog:kessler--contour
Kessler,The Alpine,2020,catalog:kessler--the-alpine
Kessler,The Alpine Worldcup,2022,catalog:kessler--the-alpine-worldcup
Kessler,The Cross,2020,catalog:kessler--the-cross
Kessler,The Cross Light,2021,catalog:kessler--the-cross-light
Kessler,X-Carve,2021,catalog:kessler--x-carve
Korua,Bullet Train Plus,2026,catalog:korua-shapes--bullet-train-plus
Korua,Cafe Racer,2020,seed:linestry-research-2026-06
Korua,Café Racer Plus,2026,catalog:korua-shapes--cafe-racer-plus
Korua,Dart,2019,seed:linestry-research-2026-06
Korua,Dart Plus,2026,catalog:korua-shapes--dart-plus
Korua,Elevator Split,2026,catalog:korua-shapes--elevator-split
Korua,Otto,2018,seed:linestry-research-2026-06
Korua,Otto Plus,2026,catalog:korua-shapes--otto-plus
Korua,Pencil,2018,seed:linestry-research-2026-06
Korua,Pencil Plus,2026,catalog:korua-shapes--pencil-plus
Korua,Quill Split,2026,catalog:korua-shapes--quill-split
Korua,Stealth,2018,catalog:korua-shapes--stealth
Korua,Transition Finder,2018,catalog:korua-shapes--transition-finder
Korua,Transition Finder Plus,2026,catalog:korua-shapes--transition-finder-plus
Korua,Tugboat,2014,seed:linestry-research-2026-06
Korua,Überegg,2026,catalog:korua-shapes--uberegg
Lamar,Bert Lamar,1993,catalog:lamar--bert-lamar
Lamar,Don Szabo,1992,https://retrosnow.com/shop/lamar/92-lamar/lamar-don-szabo/
Lamar,Freedom Light,1992,catalog:lamar--freedom-light
Lamar,Hetzel Light,2000,catalog:lamar--hetzel-light
Lamar,Jussi Oksanen,2000,catalog:lamar--jussi-oksanen
Lamar,Merlot,2000,catalog:lamar--merlot
Lamar,Metalix,2000,catalog:lamar--metalix
Lamar,Ranquet,1993,catalog:lamar--ranquet
Lamar,Ranquet Castle,1993,https://retrosnow.com/shop/lamar/93-lamar/lamar-ranquet-castle/
Lamar,Scout Ltd.,2000,catalog:lamar--scout-ltd
Lamar,Szabo,1992,catalog:lamar--szabo
Lamar,Tahoe,2000,catalog:lamar--tahoe
Lamar,Team,1993,catalog:lamar--team
Lib Tech,Acme,1998,catalog:lib-tech--acme
Lib Tech,Apex Orca,2023,catalog:lib-tech--apex-orca
Lib Tech,Attack Banana,2012,catalog:lib-tech--attack-banana
Lib Tech,Banana Blaster,2027,catalog:lib-tech--banana-blaster
Lib Tech,Banana Hammock,2008,catalog:lib-tech--banana-hammock
Lib Tech,Banana Magic,2010,catalog:lib-tech--banana-magic
Lib Tech,Birdman,2012,catalog:lib-tech--birdman
Lib Tech,Box Scratcher,2008,seed:linestry-research-2026-06
Lib Tech,Buddha,1996,catalog:lib-tech--buddha
Lib Tech,Cold Brew,2025,seed:linestry-research-2026-06
Lib Tech,Cortado,2027,catalog:lib-tech--cortado
Lib Tech,Cygnus BM,2025,catalog:lib-tech--cygnus-bm
Lib Tech,Cygnus X1,2007,catalog:lib-tech--cygnus-x1
Lib Tech,Dark Series,2004,catalog:lib-tech--dark-series
Lib Tech,Dave Lee,1998,catalog:lib-tech--dave-lee
Lib Tech,DIY,2008,catalog:lib-tech--diy
Lib Tech,Doughboy,1998,catalog:lib-tech--doughboy
Lib Tech,Doughboy 185 - 2627,2027,catalog:lib-tech--doughboy-185-2627
Lib Tech,Doughboy Shredder,1991,
Lib Tech,dPr,2025,catalog:lib-tech--dpr
Lib Tech,dPr S,2026,catalog:lib-tech--dpr-s
Lib Tech,Dynamiss,2027,catalog:lib-tech--dynamiss
Lib Tech,Dynamo,2026,catalog:lib-tech--dynamo
Lib Tech,DynaSword,2026,catalog:lib-tech--dynasword
Lib Tech,EJack Knife,2026,catalog:lib-tech--ejack-knife
Lib Tech,Emma Peel,1991,
Lib Tech,Emmagator,1996,
Lib Tech,Escalator Split,2027,catalog:lib-tech--escalator-split
Lib Tech,Glider,2027,catalog:lib-tech--glider
Lib Tech,Golden Orca - 2627,2027,catalog:lib-tech--golden-orca-2627
Lib Tech,Grocer,1991,
Lib Tech,Grocer Shalom,1995,catalog:lib-tech--grocer-shalom
Lib Tech,Innercourse Asymmetrical,1991,
Lib Tech,Jamie Lynn,1994,
Lib Tech,Jamie Lynn Octopus,1994,https://retrosnow.com/shop/lib-tech/libtech-94/lib-tech-jamie-lynn-octopus/
Lib Tech,Jamie Lynn Whale,1995,https://retrosnow.com/shop/lib-tech/libtech-95/lib-tech-jamie-lynn-whale/
Lib Tech,Joey,2002,catalog:lib-tech--joey
Lib Tech,La Nina MC,2012,catalog:lib-tech--la-nina-mc
Lib Tech,Lando,2009,catalog:lib-tech--lando
Lib Tech,Legitimizer,2027,catalog:lib-tech--legitimizer
Lib Tech,Lib Rig,2027,catalog:lib-tech--lib-rig
Lib Tech,Lib Ripper,2011,catalog:lib-tech--lib-ripper
Lib Tech,Litigator,2000,
Lib Tech,Lost Rocket,2020,
Lib Tech,Matt Cummins,1992,catalog:lib-tech--matt-cummins
Lib Tech,Matt Cummins Pool Skater,1995,https://retrosnow.com/shop/lib-tech/libtech-95/lib-tech-matt-cummins-pool-skater/
Lib Tech,Mayhem LibZilla,2027,catalog:lib-tech--mayhem-libzilla
Lib Tech,Mayhem Rad Ripper,2026,catalog:lib-tech--mayhem-rad-ripper
Lib Tech,Mayhem Ripper,2027,catalog:lib-tech--mayhem-ripper
Lib Tech,Mayhem Rocket,2026,catalog:lib-tech--mayhem-rocket
Lib Tech,Mayhem Sweetfish,2027,catalog:lib-tech--mayhem-sweetfish
Lib Tech,MC,1993,
Lib Tech,MC Bus,1991,
Lib Tech,Mc Cat Matt Cummins,1993,https://retrosnow.com/shop/lib-tech/libtech-93/lib-tech-mc-cat-matt-cummins/
Lib Tech,MC Kink,2008,catalog:lib-tech--mc-kink
Lib Tech,Mc Rad Rick,1993,https://retrosnow.com/shop/lib-tech/libtech-93/lib-tech-mc-rad-rick/
Lib Tech,Mc Tree,1992,https://retrosnow.com/shop/lib-tech/libtech-92/lib-tech-mc-tree/
Lib Tech,MC Wayfinder III,2026,catalog:lib-tech--mc-wayfinder-iii
Lib Tech,Mini Ramp,2026,catalog:lib-tech--mini-ramp
Lib Tech,Off Ramp,2027,catalog:lib-tech--off-ramp
Lib Tech,Orca,2021,seed:linestry-research-2026-06
Lib Tech,Orca II,2027,catalog:lib-tech--orca-ii
Lib Tech,Orca II Techno Split - 2627,2027,catalog:lib-tech--orca-ii-techno-split-2627
Lib Tech,Pacifier,2004,catalog:lib-tech--pacifier
Lib Tech,Phoenix,2004,catalog:lib-tech--phoenix
Lib Tech,Phoenix Mark Landvik,2009,catalog:lib-tech--phoenix-mark-landvik
Lib Tech,Rice Rocket,1998,catalog:lib-tech--rice-rocket
Lib Tech,Scotty Wittlake,2004,catalog:lib-tech--scotty-wittlake
Lib Tech,Skate Banana,2017,seed:linestry-research-2026-06
Lib Tech,Skunk Ape,2008,catalog:lib-tech--skunk-ape
Lib Tech,Skunk Ape Twin,2027,catalog:lib-tech--skunk-ape-twin
Lib Tech,Snow Mullet,2007,catalog:lib-tech--snow-mullet
Lib Tech,Son Of Birdman,2026,catalog:lib-tech--son-of-birdman
Lib Tech,T.Rice Orca,2026,catalog:lib-tech--t-rice-orca
Lib Tech,T.Rice Orca II - 2627,2027,catalog:lib-tech--t-rice-orca-ii-2627
Lib Tech,T.Rice Pro,2005,seed:linestry-research-2026-06
Lib Tech,Terrain Wrecker,2026,catalog:lib-tech--terrain-wrecker
Lib Tech,Theda,2026,catalog:lib-tech--theda
Lib Tech,Travis Rice Horsepower,2011,catalog:lib-tech--travis-rice-horsepower
Lib Tech,Travis Rice Pro Split,2012,catalog:lib-tech--travis-rice-pro-split
Lib Tech,TRS,2020,
Lib Tech,Two Time,2027,catalog:lib-tech--two-time
Lib Tech,Way Finder,2024,catalog:lib-tech--way-finder
Lib Tech,Youth In Asia,2007,catalog:lib-tech--youth-in-asia
Linestry.com,,,
Lobster,Cream,2022,catalog:lobster--cream
Lobster,Eiki Pro,2021,catalog:lobster--eiki-pro
Lobster,Freestyle,2015,catalog:lobster--freestyle
Lobster,Halldor Pro,2019,catalog:lobster--halldor-pro
Lobster,Sender,2022,catalog:lobster--sender
Lobster,Shifter,2022,catalog:lobster--shifter
Lobster,Stomper,2020,catalog:lobster--stomper
Look,Bumpstick,1991,catalog:look--bumpstick
Look,Grinder,1991,catalog:look--grinder
Look,Lamar Freestyle,1988,catalog:look--lamar-freestyle
Look,Overspeed,1991,catalog:look--overspeed
Look,Trick Stick,1988,catalog:look--trick-stick
LTB,CALM,2026,catalog:ltb--calm
LTB,CLASSIC,2026,catalog:ltb--classic
LTB,CLASSIC LONG,2026,catalog:ltb--classic-long
LTB,CRAVE,2026,catalog:ltb--crave
LTB,CRUDE,2026,catalog:ltb--crude
LTB,CRUDE KRAK split,2022,catalog:ltb--crude-krak-split
LTB,CUTTER BLACK,2026,catalog:ltb--cutter-black
LTB,CUTTER MATTERHORN,2026,catalog:ltb--cutter-matterhorn
LTB,CUTTER STOCKHORN,2026,catalog:ltb--cutter-stockhorn
LTB,DECENT,2026,catalog:ltb--decent
LTB,DECENT BLACK,2026,catalog:ltb--decent-black
LTB,DREAM,2026,catalog:ltb--dream
LTB,EELS BLACK,2026,catalog:ltb--eels-black
LTB,EELS WHITE PR,2026,catalog:ltb--eels-white-pr
LTB,EELS WMN,2026,catalog:ltb--eels-wmn
LTB,KING CLASSIC,2026,catalog:ltb--king-classic
LTB,LIFE,2026,catalog:ltb--life
LTB,P TEAM WOOD,2026,catalog:ltb--p-team-wood
LTB,PTEAM split,2026,catalog:ltb--pteam-split
LTB,PTEAM WOOD split,2026,catalog:ltb--pteam-wood-split
LTB,R-CUTTER,2026,catalog:ltb--r-cutter
LTB,R-P TEAM,2026,catalog:ltb--r-p-team
LTB,R-Vinyl,2026,catalog:ltb--r-vinyl
LTB,RUBEZAHL,2026,catalog:ltb--rubezahl
LTB,SISA WMN´S,2026,catalog:ltb--sisa-wmn-s
LTB,SUPREME,2026,catalog:ltb--supreme
LTB,SUPREME LONG,2026,catalog:ltb--supreme-long
LTB,SURGE,2026,catalog:ltb--surge
LTB,SWALLOW 143,2026,catalog:ltb--swallow-143
LTB,VINYL,2026,catalog:ltb--vinyl
Luxury,Grand Tricks,1994,https://retrosnow.com/shop/luxury/94-luxury/luxury-grand-tricks/
Luxury,Pipe,1994,https://retrosnow.com/shop/luxury/94-luxury/luxury-pipe-150/
Luxury,Shin Campos,1995,https://retrosnow.com/shop/luxury/95-luxury/luxury-shin-campos/
Mistral,Aztec,1990,catalog:mistral--aztec
Mistral,Cherokee,1990,catalog:mistral--cherokee
Mistral,Ecstasy,1991,catalog:mistral--ecstasy
Mistral,Emotion,1991,catalog:mistral--emotion
Mistral,Energy,1991,catalog:mistral--energy
Mistral,Escape,1991,catalog:mistral--escape
Mistral,Freestyle George Pappas,1991,https://retrosnow.com/shop/mistral/91-mistral/mistral-freestyle-george-pappas/
Mistral,George Pappas Freestyle,1991,catalog:mistral--george-pappas-freestyle
Mistral,Inca,1990,catalog:mistral--inca
Mistral,Swallowtail,1987,catalog:mistral--swallowtail
Mistral,Yucatan,1990,catalog:mistral--yucatan
Moonchild,Freekstyle 158 - Barfoot Tribute Model,2026,catalog:moonchild--freekstyle-158-barfoot-tribute-model
Moonchild,Friday,2026,catalog:moonchild--friday
Moonchild,Holiday,2026,catalog:moonchild--holiday
Moonchild,Live Wire,2026,catalog:moonchild--live-wire
Moonchild,Live Wire MBHC,2026,catalog:moonchild--live-wire-mbhc
Moonchild,Malibu Redux,2026,catalog:moonchild--malibu-redux
Moonchild,Malibu Splitboard,2026,catalog:moonchild--malibu-splitboard
Moonchild,Popsicle,2026,catalog:moonchild--popsicle
Moonchild,Space Racer,2026,catalog:moonchild--space-racer
Morrow,3D Revert,1998,catalog:morrow--3d-revert
Morrow,All,1991,catalog:morrow--all
Morrow,Axiom,2003,catalog:morrow--axiom
Morrow,Axipro,1993,catalog:morrow--axipro
Morrow,Blaze,1990,catalog:morrow--blaze
Morrow,Bolt,1991,catalog:morrow--bolt
Morrow,Challenger,2009,catalog:morrow--challenger
Morrow,Clutch,2006,catalog:morrow--clutch
Morrow,Dime,2000,catalog:morrow--dime
Morrow,Dimension,2000,catalog:morrow--dimension
Morrow,Dream,2009,catalog:morrow--dream
Morrow,Escape,1998,catalog:morrow--escape
Morrow,Free Pro,1992,catalog:morrow--free-pro
Morrow,Freestyle,1991,catalog:morrow--freestyle
Morrow,Fury,2004,catalog:morrow--fury
Morrow,Generation,2005,catalog:morrow--generation
Morrow,Goodwill,1998,catalog:morrow--goodwill
Morrow,Hemisphere,2006,catalog:morrow--hemisphere
Morrow,Indy,1998,catalog:morrow--indy
Morrow,Invasion,2009,catalog:morrow--invasion
Morrow,Kick,2009,catalog:morrow--kick
Morrow,Lith,2000,catalog:morrow--lith
Morrow,Lithium,2006,catalog:morrow--lithium
Morrow,Longboard,1994,catalog:morrow--longboard
Morrow,Lotus,2006,catalog:morrow--lotus
Morrow,Lunchtray,1990,seed:linestry-research-2026-06
Morrow,Mantra,2005,catalog:morrow--mantra
Morrow,Masters,1998,catalog:morrow--masters
Morrow,Mini Wildflower,2006,catalog:morrow--mini-wildflower
Morrow,Multi Pro,1992,catalog:morrow--multi-pro
Morrow,Peak,2006,catalog:morrow--peak
Morrow,Plus,1998,catalog:morrow--plus
Morrow,Rad,2000,catalog:morrow--rad
Morrow,Radium,2003,catalog:morrow--radium
Morrow,Rail,1998,catalog:morrow--rail
Morrow,Revert,1997,catalog:morrow--revert
Morrow,Revert X,1998,catalog:morrow--revert-x
Morrow,Rocket,2000,catalog:morrow--rocket
Morrow,RV,2006,catalog:morrow--rv
Morrow,Siphon,2006,catalog:morrow--siphon
Morrow,Sky,1998,catalog:morrow--sky
Morrow,Slick,1998,catalog:morrow--slick
Morrow,Slider,2009,catalog:morrow--slider
Morrow,Source,2004,catalog:morrow--source
Morrow,Spoon,1992,catalog:morrow--spoon
Morrow,Spoon 5,1992,https://retrosnow.com/shop/morrow/92-morrow/morrow-spoon-5-6/
Morrow,Stacey,2000,catalog:morrow--stacey
Morrow,Todd Richards,1995,catalog:morrow--todd-richards
Morrow,Todd Richards Dinosaur,2025,catalog:morrow--todd-richards-dinosaur
Morrow,TR,1998,catalog:morrow--tr
Morrow,Tremor,1991,catalog:morrow--tremor
Morrow,Trooper,2003,catalog:morrow--trooper
Morrow,Truth,2003,catalog:morrow--truth
Morrow,Unit,2000,catalog:morrow--unit
Morrow,Wildflower,1999,catalog:morrow--wildflower
Moss Snowstick,C3,2026,catalog:moss-snowstick--c3
Moss Snowstick,FLUFFY 54,2026,catalog:moss-snowstick--fluffy-54
Moss Snowstick,LL66,2026,catalog:moss-snowstick--ll66
Moss Snowstick,LONG,2026,catalog:moss-snowstick--long
Moss Snowstick,MAHI,2026,catalog:moss-snowstick--mahi
Moss Snowstick,MMD 35,2026,catalog:moss-snowstick--mmd-35
Moss Snowstick,MMD 42,2026,catalog:moss-snowstick--mmd-42
Moss Snowstick,MMD 52,2026,catalog:moss-snowstick--mmd-52
Moss Snowstick,NEW SHAPE // PQ45,2027,catalog:moss-snowstick--new-shape-pq45
Moss Snowstick,NEW SHAPE // WING SW 67,2027,catalog:moss-snowstick--new-shape-wing-sw-67
Moss Snowstick,PQ45 BLACK,2027,catalog:moss-snowstick--pq45-black
Moss Snowstick,PQ49,2026,catalog:moss-snowstick--pq49
Moss Snowstick,PQ49 BLACK,2026,catalog:moss-snowstick--pq49-black
Moss Snowstick,PQ54,2026,catalog:moss-snowstick--pq54
Moss Snowstick,PQ54 EX,2026,catalog:moss-snowstick--pq54-ex
Moss Snowstick,PQ60,2026,catalog:moss-snowstick--pq60
Moss Snowstick,PQ60 EX,2026,catalog:moss-snowstick--pq60-ex
Moss Snowstick,PT52,2026,catalog:moss-snowstick--pt52
Moss Snowstick,PT58,2026,catalog:moss-snowstick--pt58
Moss Snowstick,PT64,2026,catalog:moss-snowstick--pt64
Moss Snowstick,RESHAPED // PQ60,2027,catalog:moss-snowstick--reshaped-pq60
Moss Snowstick,SW26,2026,catalog:moss-snowstick--sw26
Moss Snowstick,SW50,2026,catalog:moss-snowstick--sw50
Moss Snowstick,SW58,2026,catalog:moss-snowstick--sw58
Moss Snowstick,SW58 EX,2026,catalog:moss-snowstick--sw58-ex
Moss Snowstick,SW62,2026,catalog:moss-snowstick--sw62
Moss Snowstick,SW62 EX,2026,catalog:moss-snowstick--sw62-ex
Moss Snowstick,SW70,2026,catalog:moss-snowstick--sw70
Moss Snowstick,U2,2026,catalog:moss-snowstick--u2
Moss Snowstick,U3,2026,catalog:moss-snowstick--u3
Moss Snowstick,U4,2026,catalog:moss-snowstick--u4
Moss Snowstick,U4 EX,2026,catalog:moss-snowstick--u4-ex
Moss Snowstick,U4 HALF,2026,catalog:moss-snowstick--u4-half
Moss Snowstick,U4 HALF OVERHEAD,2026,catalog:moss-snowstick--u4-half-overhead
Moss Snowstick,U5,2026,catalog:moss-snowstick--u5
Moss Snowstick,U5 EX,2026,catalog:moss-snowstick--u5-ex
Moss Snowstick,U6 SPLIT,2026,catalog:moss-snowstick--u6-split
Moss Snowstick,WING PIN 47,2026,catalog:moss-snowstick--wing-pin-47
Moss Snowstick,WING PIN 54,2026,catalog:moss-snowstick--wing-pin-54
Moss Snowstick,WING PIN 59,2026,catalog:moss-snowstick--wing-pin-59
Moss Snowstick,WING PIN 75,2026,catalog:moss-snowstick--wing-pin-75
Moss Snowstick,WING SW 49,2026,catalog:moss-snowstick--wing-sw-49
Moss Snowstick,WING SW 57,2026,catalog:moss-snowstick--wing-sw-57
Never Summer,Benchmark,2027,catalog:never-summer--benchmark
Never Summer,Breezy Rider,2025,catalog:never-summer--breezy-rider
Never Summer,Cascade,2027,catalog:never-summer--cascade
Never Summer,Circuit,2010,catalog:never-summer--circuit
Never Summer,Cirrus,2025,catalog:never-summer--cirrus
Never Summer,Easy Rider,2027,catalog:never-summer--easy-rider
Never Summer,Evo,2007,catalog:never-summer--evo
Never Summer,Harpoon,2021,seed:linestry-research-2026-06
Never Summer,Heritage,2007,catalog:never-summer--heritage
Never Summer,Infinity,2007,catalog:never-summer--infinity
Never Summer,Instagator,2027,catalog:never-summer--instagator
Never Summer,Kid’s Shredder,2026,catalog:never-summer--kids-shredder
Never Summer,Kid’s Yutes,2026,catalog:never-summer--kids-yutes
Never Summer,Lady FR Splitboard,2026,catalog:never-summer--lady-fr-splitboard
Never Summer,Legacy,2007,catalog:never-summer--legacy
Never Summer,Llama,2027,catalog:never-summer--llama
Never Summer,Lotus,2009,catalog:never-summer--lotus
Never Summer,Maverix,2017,catalog:never-summer--maverix
Never Summer,Nokhu,2027,catalog:never-summer--nokhu
Never Summer,Pandora,2008,catalog:never-summer--pandora
Never Summer,Premier,2005,catalog:never-summer--premier
Never Summer,Premier T5,2007,catalog:never-summer--premier-t5
Never Summer,Proto,2012,catalog:never-summer--proto
Never Summer,Proto FR,2014,seed:linestry-research-2026-06
Never Summer,Proto Swift,2026,catalog:never-summer--proto-swift
Never Summer,Proto Synthesis,2021,catalog:never-summer--proto-synthesis
Never Summer,Proto Type 3,2026,catalog:never-summer--proto-type-3
Never Summer,Proto Type Two,2020,seed:linestry-research-2026-06
Never Summer,Proto Wilder,2026,catalog:never-summer--proto-wilder
Never Summer,Raptor,2011,catalog:never-summer--raptor
Never Summer,Revolver,2007,catalog:never-summer--revolver
Never Summer,Ripsaw,2014,catalog:never-summer--ripsaw
Never Summer,Shaper Twin,2026,catalog:never-summer--shaper-twin
Never Summer,SL,2007,catalog:never-summer--sl
Never Summer,Small Batch Instagator,2026,catalog:never-summer--small-batch-instagator
Never Summer,Small Batch Maverix,2026,catalog:never-summer--small-batch-maverix
Never Summer,Small Batch Shaper Twin LT,2026,catalog:never-summer--small-batch-shaper-twin-lt
Never Summer,Small Batch Triple Camber Hybrid East,2025,catalog:never-summer--small-batch-triple-camber-hybrid-east
Never Summer,Small Batch Triple Camber Hybrid Hornet,2025,catalog:never-summer--small-batch-triple-camber-hybrid-hornet
Never Summer,Snowtrooper,2010,seed:linestry-research-2026-06
Never Summer,Summit,2007,catalog:never-summer--summit
Never Summer,Swift,2026,catalog:never-summer--swift
Never Summer,System,2007,catalog:never-summer--system
Never Summer,Thirty5,2026,catalog:never-summer--thirty5
Never Summer,Titan,2007,catalog:never-summer--titan
Never Summer,Titan TX,2008,catalog:never-summer--titan-tx
Never Summer,Triple Camber West,2025,catalog:never-summer--triple-camber-west
Never Summer,Trooper,2026,catalog:never-summer--trooper
Never Summer,V-Twin,2026,catalog:never-summer--v-twin
Never Summer,Valhalla,2027,catalog:never-summer--valhalla
Never Summer,West,2016,seed:linestry-research-2026-06
Never Summer Industries,,,
Niche,Aether Franklinia,2024,catalog:niche--aether-franklinia
Niche,Aether Witchcraft,2025,catalog:niche--aether-witchcraft
Niche,Crux Fantasy,2025,catalog:niche--crux-fantasy
Niche,Crux Markhor,2024,catalog:niche--crux-markhor
Niche,Fathom Buffalo,2023,catalog:niche--fathom-buffalo
Niche,Fathom Charcoal,2024,catalog:niche--fathom-charcoal
Niche,Maelstrom Fungi,2023,catalog:niche--maelstrom-fungi
Niche,Maelstrom Mold,2025,catalog:niche--maelstrom-mold
Niche,Maelstrom Tardigrades,2024,catalog:niche--maelstrom-tardigrades
Niche,Minx Dandelion,2024,catalog:niche--minx-dandelion
Niche,Minx Seadragon,2023,catalog:niche--minx-seadragon
Niche,Minx Sundew,2025,catalog:niche--minx-sundew
Niche,Nightshade Mutants,2023,catalog:niche--nightshade-mutants
Niche,Nightshade Nudibranch,2024,catalog:niche--nightshade-nudibranch
Niche,Nightshade Rabbits,2025,catalog:niche--nightshade-rabbits
Niche,Pyre Fae,2025,catalog:niche--pyre-fae
Niche,Pyre Moa,2024,catalog:niche--pyre-moa
Niche,Sonnet Moths,2024,catalog:niche--sonnet-moths
Niche,Sonnet Mycelium,2023,catalog:niche--sonnet-mycelium
Niche,Story Bear,2025,catalog:niche--story-bear
Niche,Story Condor,2023,catalog:niche--story-condor
Niche,Story Crabs,2024,catalog:niche--story-crabs
Niche,Vikander,2025,catalog:niche--vikander
Niche,Wraith Deepsea,2023,catalog:niche--wraith-deepsea
Niche,Wraith Fossil,2024,catalog:niche--wraith-fossil
Niche,Wraith Raccoon,2025,catalog:niche--wraith-raccoon
Nidecker,Addict,2009,catalog:nidecker--addict
Nidecker,Advanced,2006,catalog:nidecker--advanced
Nidecker,Alpha,2026,seed:linestry-research-2026-06
Nidecker,Alpha APX,2026,catalog:nidecker--alpha-apx
Nidecker,Angel,2006,catalog:nidecker--angel
Nidecker,Antti Autti,2011,catalog:nidecker--antti-autti
Nidecker,Astral,2026,catalog:nidecker--astral
Nidecker,Axis,2006,catalog:nidecker--axis
Nidecker,Beta,2027,catalog:nidecker--beta
Nidecker,Beta APX,2027,catalog:nidecker--beta-apx
Nidecker,Blade,2006,catalog:nidecker--blade
Nidecker,Blade Plus,2025,catalog:nidecker--blade-plus
Nidecker,Cheat Code,2027,catalog:nidecker--cheat-code
Nidecker,Chill,2006,catalog:nidecker--chill
Nidecker,Cult,2010,catalog:nidecker--cult
Nidecker,Diablo,2006,catalog:nidecker--diablo
Nidecker,Divine,2006,catalog:nidecker--divine
Nidecker,Elle,2006,catalog:nidecker--elle
Nidecker,Escape,2001,seed:linestry-research-2026-06
Nidecker,Escape Plus,2026,catalog:nidecker--escape-plus
Nidecker,Gamma,2026,catalog:nidecker--gamma
Nidecker,Gamma APX,2026,catalog:nidecker--gamma-apx
Nidecker,Gang Band,2011,catalog:nidecker--gang-band
Nidecker,Grom,2006,catalog:nidecker--grom
Nidecker,Gun,2026,catalog:nidecker--gun
Nidecker,Legacy,2006,catalog:nidecker--legacy
Nidecker,Legend,2006,catalog:nidecker--legend
Nidecker,Lipstick,1988,catalog:nidecker--lipstick
Nidecker,Magic,2010,catalog:nidecker--magic
Nidecker,Megalight,2001,catalog:nidecker--megalight
Nidecker,Mellow,2026,catalog:nidecker--mellow
Nidecker,Merc,2026,seed:linestry-research-2026-06
Nidecker,Mini Diablo,2006,catalog:nidecker--mini-diablo
Nidecker,Mini Elle,2006,catalog:nidecker--mini-elle
Nidecker,Miss NDK,2009,catalog:nidecker--miss-ndk
Nidecker,Mosquito,2027,catalog:nidecker--mosquito
Nidecker,Nano,2009,catalog:nidecker--nano
Nidecker,NBX,2006,catalog:nidecker--nbx
Nidecker,Odyssey,2027,catalog:nidecker--odyssey
Nidecker,Pam,2011,catalog:nidecker--pam
Nidecker,Platinum,2006,catalog:nidecker--platinum
Nidecker,Play,2025,catalog:nidecker--play
Nidecker,Prime,2006,catalog:nidecker--prime
Nidecker,Princess,2006,catalog:nidecker--princess
Nidecker,Project,2006,catalog:nidecker--project
Nidecker,Proto,2001,catalog:nidecker--proto
Nidecker,Race,2009,catalog:nidecker--race
Nidecker,Race GS,2006,catalog:nidecker--race-gs
Nidecker,Race SL,2006,catalog:nidecker--race-sl
Nidecker,Random,2009,catalog:nidecker--random
Nidecker,Scamp,2026,catalog:nidecker--scamp
Nidecker,Score,2006,catalog:nidecker--score
Nidecker,Sensor,2026,seed:linestry-research-2026-06
Nidecker,Sensor Mons,2026,catalog:nidecker--sensor-mons
Nidecker,Sensor Pro,2026,catalog:nidecker--sensor-pro
Nidecker,Sensor Team,2026,catalog:nidecker--sensor-team
Nidecker,Slam,2011,catalog:nidecker--slam
Nidecker,Smoke,2001,catalog:nidecker--smoke
Nidecker,Tape Deck,2027,catalog:nidecker--tape-deck
Nidecker,Target,2006,catalog:nidecker--target
Nidecker,The Gun,2023,catalog:nidecker--the-gun
Nidecker,The Mosquito,2027,catalog:nidecker--the-mosquito
Nidecker,The Smoke,2027,catalog:nidecker--the-smoke
Nidecker,Thruster,2026,seed:linestry-research-2026-06
Nidecker,THU,2010,catalog:nidecker--thu
Nidecker,Ultralight,2009,catalog:nidecker--ultralight
Nidecker,Venus,2027,catalog:nidecker--venus
Nidecker,Venus Plus,2025,catalog:nidecker--venus-plus
Nidecker,Vibes,2009,catalog:nidecker--vibes
Nidecker,W-NDK,2010,catalog:nidecker--w-ndk
Nitro,Addict,2011,catalog:nitro--addict
Nitro,Afterlife,2017,catalog:nitro--afterlife
Nitro,Alias,2003,catalog:nitro--alias
Nitro,Alternator,2024,catalog:nitro--alternator
Nitro,Arial,2027,catalog:nitro--arial
Nitro,ARX,2000,catalog:nitro--arx
Nitro,Atlas,2002,catalog:nitro--atlas
Nitro,Attax,2002,catalog:nitro--attax
Nitro,Banker,2027,catalog:nitro--banker
Nitro,Basher,2026,catalog:nitro--basher
Nitro,Beast,2020,seed:linestry-research-2026-06
Nitro,Beauty,2026,catalog:nitro--beauty
Nitro,Black Widow,2003,catalog:nitro--black-widow
Nitro,Blacklight,2008,catalog:nitro--blacklight
Nitro,Blazer,2002,catalog:nitro--blazer
Nitro,Brawler,2006,catalog:nitro--brawler
Nitro,Cannon,2026,catalog:nitro--cannon
Nitro,Carrara,2008,catalog:nitro--carrara
Nitro,Cheap Thrills,2025,catalog:nitro--cheap-thrills
Nitro,Cheryl Maas,2009,catalog:nitro--cheryl-maas
Nitro,Cinema,2017,catalog:nitro--cinema
Nitro,Darkhorse,2004,catalog:nitro--darkhorse
Nitro,Demand,2011,catalog:nitro--demand
Nitro,Diablo,1992,catalog:nitro--diablo
Nitro,Dinghy,2023,catalog:nitro--dinghy
Nitro,Doppleganger,2017,catalog:nitro--doppleganger
Nitro,Drop,2027,catalog:nitro--drop
Nitro,Dropout,2022,catalog:nitro--dropout
Nitro,Eero Ettala,2008,catalog:nitro--eero-ettala
Nitro,EFT,1991,catalog:nitro--eft
Nitro,Factory Team,2012,catalog:nitro--factory-team
Nitro,Fate,2004,catalog:nitro--fate
Nitro,FinTwin,2027,catalog:nitro--fintwin
Nitro,Fusion,1989,
Nitro,Future Team,2002,catalog:nitro--future-team
Nitro,Future Team Pro MK,2026,catalog:nitro--future-team-pro-mk
Nitro,Glide,2002,catalog:nitro--glide
Nitro,GTO,2002,catalog:nitro--gto
Nitro,Gun,2008,catalog:nitro--gun
Nitro,Haze,2010,catalog:nitro--haze
Nitro,Highlander,2022,catalog:nitro--highlander
Nitro,Ika,2027,catalog:nitro--ika
Nitro,Janna,2008,catalog:nitro--janna
Nitro,Jeff Davis,1992,catalog:nitro--jeff-davis
Nitro,Jem,2006,catalog:nitro--jem
Nitro,Karma,2024,catalog:nitro--karma
Nitro,Lectra,2010,catalog:nitro--lectra
Nitro,Lectra Abstract,2026,catalog:nitro--lectra-abstract
Nitro,Lectra Leaf Cam-Out,2026,catalog:nitro--lectra-leaf-cam-out
Nitro,Magnum,2002,catalog:nitro--magnum
Nitro,Mastercarve,2027,catalog:nitro--mastercarve
Nitro,Mercy,2027,catalog:nitro--mercy
Nitro,Metal,2002,catalog:nitro--metal
Nitro,MFM,2008,catalog:nitro--mfm
Nitro,Mini Pro Eero,2008,catalog:nitro--mini-pro-eero
Nitro,Mini Pro MFM,2008,catalog:nitro--mini-pro-mfm
Nitro,Mini Thrills,2026,catalog:nitro--mini-thrills
Nitro,Miniganger Splitboard,2026,catalog:nitro--miniganger-splitboard
Nitro,Misfit,2006,catalog:nitro--misfit
Nitro,Mountain,2016,catalog:nitro--mountain
Nitro,Mountain X Grif,2020,catalog:nitro--mountain-x-grif
Nitro,Mystique,2006,catalog:nitro--mystique
Nitro,Naturals,2000,catalog:nitro--naturals
Nitro,Nicola,2000,catalog:nitro--nicola
Nitro,Nomad,2017,catalog:nitro--nomad
Nitro,Nova,2027,catalog:nitro--nova
Nitro,NYX,2006,catalog:nitro--nyx
Nitro,OG Team,2027,catalog:nitro--og-team
Nitro,Optisym,2026,catalog:nitro--optisym
Nitro,Pantera,2006,catalog:nitro--pantera
Nitro,Phase,2027,catalog:nitro--phase
Nitro,Phoenix,2004,catalog:nitro--phoenix
Nitro,Pow,2026,catalog:nitro--pow
Nitro,Powdergun,2002,catalog:nitro--powdergun
Nitro,Prime,2010,catalog:nitro--prime
Nitro,Prime Chroma Cam-Out,2026,catalog:nitro--prime-chroma-cam-out
Nitro,Prime Raw,2026,catalog:nitro--prime-raw
Nitro,Pro One-Off,2008,catalog:nitro--pro-one-off
Nitro,Pro Series,2001,catalog:nitro--pro-series
Nitro,Prolight,2008,catalog:nitro--prolight
Nitro,Punisher,2003,catalog:nitro--punisher
Nitro,Pyro,1991,catalog:nitro--pyro
Nitro,Quiver,2017,catalog:nitro--quiver
Nitro,Resistance,2006,catalog:nitro--resistance
Nitro,Revolt,2006,catalog:nitro--revolt
Nitro,Ripper,2008,catalog:nitro--ripper
Nitro,Rook,2010,catalog:nitro--rook
Nitro,Runaway,2008,catalog:nitro--runaway
Nitro,Saber,2004,catalog:nitro--saber
Nitro,Santoku,2027,catalog:nitro--santoku
Nitro,Scope,2003,catalog:nitro--scope
Nitro,Shadow,2000,catalog:nitro--shadow
Nitro,Shield,2008,catalog:nitro--shield
Nitro,Shogun,2003,catalog:nitro--shogun
Nitro,Slash,2008,catalog:nitro--slash
Nitro,SMP,2017,catalog:nitro--smp
Nitro,Spirit,2027,catalog:nitro--spirit
Nitro,Squash,2018,catalog:nitro--squash
Nitro,Storm,2002,catalog:nitro--storm
Nitro,Subzero,2010,catalog:nitro--subzero
Nitro,Suicide,2004,catalog:nitro--suicide
Nitro,Supernaturals,2002,catalog:nitro--supernaturals
Nitro,Suprateam,2002,catalog:nitro--suprateam
Nitro,Swindle,2008,catalog:nitro--swindle
Nitro,T1,2004,catalog:nitro--t1
Nitro,T1 Mid-Wide,2026,catalog:nitro--t1-mid-wide
Nitro,T2,2004,catalog:nitro--t2
Nitro,Team,1990,seed:linestry-research-2026-06
Nitro,Team Pro,2026,catalog:nitro--team-pro
Nitro,Team Pro MK,2026,catalog:nitro--team-pro-mk
Nitro,Team Pro MK Bel Air,2026,catalog:nitro--team-pro-mk-bel-air
Nitro,Template,2008,catalog:nitro--template
Nitro,Thief,2012,catalog:nitro--thief
Nitro,Titan,2002,catalog:nitro--titan
Nitro,TØ,2006,catalog:nitro--t
Nitro,Torque,2002,catalog:nitro--torque
Nitro,Vandal,2006,catalog:nitro--vandal
Nitro,Vertical Splitboard,2026,catalog:nitro--vertical-splitboard
Nitro,Victoria,2024,catalog:nitro--victoria
Nitro,Volta Splitboard,2026,catalog:nitro--volta-splitboard
Nitro,Volume,2008,catalog:nitro--volume
Nitro,Wiig,2008,catalog:nitro--wiig
Nitro,Woodcarver,2018,catalog:nitro--woodcarver
Nitro,x Inter,2026,catalog:nitro--x-inter
Nitro,Zaza,2027,catalog:nitro--zaza
Nobaday,ArcticStorm Freeride Powder,2024,catalog:nobaday--arcticstorm-freeride-powder
Nobaday,Blackboard Pro 5.0 Camber,2026,catalog:nobaday--blackboard-pro-5-0-camber
Nobaday,Gummy Bear,2026,catalog:nobaday--gummy-bear
Nobaday,Max Red Serpent Camber,2026,catalog:nobaday--max-red-serpent-camber
Nobaday,Max Taboo Camber,2026,catalog:nobaday--max-taboo-camber
Nobaday,Pure Free Camber Park,2024,catalog:nobaday--pure-free-camber-park
Nobaday,Tiger Strike Camber,2024,catalog:nobaday--tiger-strike-camber
Nobile,N8,2024,catalog:nobile--n8
Nobile,N8 Carbon,2024,catalog:nobile--n8-carbon
Nobile,N8 TI,2024,catalog:nobile--n8-ti
Nobile,Race SBX,2024,catalog:nobile--race-sbx
November,ARTISTE,2026,catalog:november--artiste
November,BACKCITY,2026,catalog:november--backcity
November,C-KENTIAL,2026,catalog:november--c-kential
November,D4,2026,catalog:november--d4
November,D4W,2026,catalog:november--d4w
November,DESIRE,2026,catalog:november--desire
November,DESIRE RS,2026,catalog:november--desire-rs
November,DESIRE W,2026,catalog:november--desire-w
November,DOGWALK,2026,catalog:november--dogwalk
November,DX4,2026,catalog:november--dx4
November,ICECAT,2026,catalog:november--icecat
November,KAILA,2026,catalog:november--kaila
November,KD,2026,catalog:november--kd
November,KJ,2026,catalog:november--kj
November,LIVER TOUR,2026,catalog:november--liver-tour
November,MOUNTAINFOX,2026,catalog:november--mountainfox
November,NV.C,2026,catalog:november--nv-c
Oakley,,,
Ogasaka,AX,2025,catalog:ogasaka--ax
Ogasaka,CT,2025,catalog:ogasaka--ct
Ogasaka,CT-IZ,2026,catalog:ogasaka--ct-iz
Ogasaka,CT-S,2026,catalog:ogasaka--ct-s
Ogasaka,CT-TWIN,2026,catalog:ogasaka--ct-twin
Ogasaka,FACET,2025,catalog:ogasaka--facet
Ogasaka,FACET CA147,2026,catalog:ogasaka--facet-ca147
Ogasaka,FACET SW153,2026,catalog:ogasaka--facet-sw153
Ogasaka,FC,2025,catalog:ogasaka--fc
Ogasaka,FC-S,2026,catalog:ogasaka--fc-s
Ogasaka,LX,2026,catalog:ogasaka--lx
Ogasaka,ORCA,2025,catalog:ogasaka--orca
Ogasaka,RX,2026,catalog:ogasaka--rx
Ogasaka,SHIN,2025,catalog:ogasaka--shin
Ogasaka,SHIN SW158,2026,catalog:ogasaka--shin-sw158
Ogasaka,SHIN SW172,2026,catalog:ogasaka--shin-sw172
Ogasaka,SHIN SWCA163,2026,catalog:ogasaka--shin-swca163
Ogasaka,SPROUT,2025,catalog:ogasaka--sprout
Ogasaka,TF,2025,catalog:ogasaka--tf
Ogasaka,XC,2025,catalog:ogasaka--xc
Ogasaka,XC LE,2026,catalog:ogasaka--xc-le
Ogasaka,XC-R,2026,catalog:ogasaka--xc-r
Ogasaka,ZX,2027,catalog:ogasaka--zx
Option,Bella,2008,catalog:option--bella
Option,Booter,1999,catalog:option--booter
Option,Cardiac,1999,catalog:option--cardiac
Option,Chatfield,2000,catalog:option--chatfield
Option,Chris Dufficy,2008,catalog:option--chris-dufficy
Option,Echo,2008,catalog:option--echo
Option,Essential,1999,catalog:option--essential
Option,Forecast,2008,catalog:option--forecast
Option,Fortune,2008,catalog:option--fortune
Option,Franchise,2008,catalog:option--franchise
Option,Free,1999,catalog:option--free
Option,Free Plus,2001,catalog:option--free-plus
Option,Influence,2008,catalog:option--influence
Option,Jay Nelson,1999,catalog:option--jay-nelson
Option,Little SuperCap,1999,catalog:option--little-supercap
Option,Logic,2008,catalog:option--logic
Option,Makinen,2001,catalog:option--makinen
Option,Mini Pro,2000,catalog:option--mini-pro
Option,Mirror,2008,catalog:option--mirror
Option,Motive,2008,catalog:option--motive
Option,Paloma,2008,catalog:option--paloma
Option,Redline,1999,catalog:option--redline
Option,Sansalone,1999,catalog:option--sansalone
Option,Signature,1999,catalog:option--signature
Option,Stomper,2001,catalog:option--stomper
Option,SuperCap,1999,catalog:option--supercap
Option,SuperCharger,2000,catalog:option--supercharger
Option,V2,2001,catalog:option--v2
Option,Vega,2008,catalog:option--vega
Option,Vinson,2008,catalog:option--vinson
Original Sin,Team,1997,catalog:original-sin--team
Outland,Roundtail,1986,
Outland,Swallowtail,1986,
Outland Snowboards,,,
Oxess,AM-1,2026,catalog:oxess--am-1
Oxess,BX Junior,2026,catalog:oxess--bx-junior
Oxess,P-1,2026,catalog:oxess--p-1
Oxess,RXR,2026,catalog:oxess--rxr
Oxess,WXR,2026,catalog:oxess--wxr
Oxess,XXR,2026,catalog:oxess--xxr
Oxygen,Supercross,2000,catalog:oxygen--supercross
Oxygen,Vibe,2000,catalog:oxygen--vibe
Pallas,Epiphany Alpine Series Splitboard,2026,catalog:pallas--epiphany-alpine-series-splitboard
Pallas,Epiphany Snowboard,2026,catalog:pallas--epiphany-snowboard
Pallas,Hedonist Snowboard,2026,catalog:pallas--hedonist-snowboard
Pallas,Oversoul Snowboard,2026,catalog:pallas--oversoul-snowboard
Pallas,Zeitgeist Snowboard,2026,catalog:pallas--zeitgeist-snowboard
Palmer,Andy Finch,2003,catalog:palmer--andy-finch
Palmer,Andy Finch Twin,2009,catalog:palmer--andy-finch-twin
Palmer,Biglight,2003,catalog:palmer--biglight
Palmer,Burn,2009,catalog:palmer--burn
Palmer,Carbon,1990,seed:linestry-research-2026-06
Palmer,Carbon Circle,2002,catalog:palmer--carbon-circle
Palmer,Carbon Circle 2,2009,catalog:palmer--carbon-circle-2
Palmer,Channel,1990,seed:linestry-research-2026-06
Palmer,Channel Titanium,2002,catalog:palmer--channel-titanium
Palmer,Classic,2002,catalog:palmer--classic
Palmer,Crown,2004,catalog:palmer--crown
Palmer,Flash,2009,catalog:palmer--flash
Palmer,Gap,2003,catalog:palmer--gap
Palmer,Halo,2009,catalog:palmer--halo
Palmer,Honey Circle,2002,catalog:palmer--honey-circle
Palmer,Honey Pro,2002,catalog:palmer--honey-pro
Palmer,Honeycomb,2002,catalog:palmer--honeycomb
Palmer,Jade,2009,catalog:palmer--jade
Palmer,Liberty,2002,catalog:palmer--liberty
Palmer,Liberty Carbon,2003,catalog:palmer--liberty-carbon
Palmer,P-Line,2009,catalog:palmer--p-line
Palmer,Palmer Pro,2012,catalog:palmer--palmer-pro
Palmer,Patriot,2002,catalog:palmer--patriot
Palmer,Platinum LE,2009,catalog:palmer--platinum-le
Palmer,PLS Shock,2004,catalog:palmer--pls-shock
Palmer,Pulse,2009,catalog:palmer--pulse
Palmer,Renegade,2003,catalog:palmer--renegade
Palmer,Saga,2010,catalog:palmer--saga
Palmer,Standard,2003,catalog:palmer--standard
Palmer,Timeless,2009,catalog:palmer--timeless
Palmer,Truth,2009,catalog:palmer--truth
Pathron,Carbon Gold,2023,catalog:pathron--carbon-gold
Pathron,Carbon Powder,2023,catalog:pathron--carbon-powder
Pathron,GTX Split,2023,catalog:pathron--gtx-split
Pathron,Legend,2023,catalog:pathron--legend
Pathron,Missile 2021,2021,catalog:pathron--missile-2021
Pathron,Powder Hero,2023,catalog:pathron--powder-hero
Pathron,Scratch Split,2023,catalog:pathron--scratch-split
Pathron,Sensei Carbon,2024,catalog:pathron--sensei-carbon
Pathron,Sensei Limited,2024,catalog:pathron--sensei-limited
Pathron,TT,2023,catalog:pathron--tt
Prior,4WD,2022,catalog:prior--4wd
Prior,BC Split,2017,catalog:prior--bc-split
Prior,Brandywine,2019,catalog:prior--brandywine
Prior,BX,2017,catalog:prior--bx
Prior,Fissile,2019,catalog:prior--fissile
Prior,FLC,2017,catalog:prior--flc
Prior,FX,2017,catalog:prior--fx
Prior,Khyber,2019,catalog:prior--khyber
Prior,Legacy,2019,catalog:prior--legacy
Prior,MFR,2019,catalog:prior--mfr
Prior,Phalanx,2021,catalog:prior--phalanx
Prior,Powstick,2019,catalog:prior--powstick
Prior,Slasher,2019,catalog:prior--slasher
Prior,Slaylok,2019,catalog:prior--slaylok
Prior,Spearhead,2019,catalog:prior--spearhead
Prior,Swallowtail Split,2017,catalog:prior--swallowtail-split
Prior,Thruster,2019,catalog:prior--thruster
Prior,WCRM,2017,catalog:prior--wcrm
Prior,Wildcard,2019,catalog:prior--wildcard
Public,Disorder,2020,catalog:public--disorder
Public,Display,2020,catalog:public--display
Public,Dispute,2020,catalog:public--dispute
Public,General Public,2020,catalog:public--general-public
Public,Jibgurl,2026,catalog:public--jibgurl
Public,Opinion,2020,catalog:public--opinion
Public,Outreach,2026,catalog:public--outreach
Public,Research,2026,catalog:public--research
Public,Statement,2026,catalog:public--statement
Public,Therapy,2020,catalog:public--therapy
Quiksilver / Roxy,,,
Rad Air,Tanker,1994,catalog:rad-air--tanker
Rad Air,Tanker 171 Split Tail,2025,catalog:rad-air--tanker-171-split-tail
Rad Air,Winterstick Collab – Tanker 191 Split Tail,2023,catalog:rad-air--winterstick-collab-tanker-191-split-tail
Raven,Anna,2026,catalog:raven--anna
Raven,Aura,2026,catalog:raven--aura
Raven,Bang Junior,2026,catalog:raven--bang-junior
Raven,Barracuda Carbon Orange,2026,catalog:raven--barracuda-carbon-orange
Raven,Core Junior,2026,catalog:raven--core-junior
Raven,Destiny,2026,catalog:raven--destiny
Raven,Dwarf,2026,catalog:raven--dwarf
Raven,Gravy Junior,2026,catalog:raven--gravy-junior
Raven,Grizzly,2026,catalog:raven--grizzly
Raven,Lion,2026,catalog:raven--lion
Raven,Lupus,2026,catalog:raven--lupus
Raven,Mia Black,2026,catalog:raven--mia-black
Raven,Mia White,2026,catalog:raven--mia-white
Raven,Mystic,2026,catalog:raven--mystic
Raven,Pearl Junior,2026,catalog:raven--pearl-junior
Raven,PRO Legend,2026,catalog:raven--pro-legend
Raven,PRO OpenMind,2026,catalog:raven--pro-openmind
Raven,PRO Sensei Carbon,2026,catalog:raven--pro-sensei-carbon
Raven,PRO Sensei Limited,2026,catalog:raven--pro-sensei-limited
Raven,Pulse,2026,catalog:raven--pulse
Raven,Pure Black,2026,catalog:raven--pure-black
Raven,Satine,2026,catalog:raven--satine
Raven,Solid Classic A,2026,catalog:raven--solid-classic-a
Raven,Solid Steel,2026,catalog:raven--solid-steel
Raven,Supreme Black,2026,catalog:raven--supreme-black
Raven,Supreme Green A,2026,catalog:raven--supreme-green-a
Raven,Supreme Green B,2026,catalog:raven--supreme-green-b
Raven,Supreme White,2026,catalog:raven--supreme-white
Raven,Trench Carbon Navy/Orange,2026,catalog:raven--trench-carbon-navy-orange
RDS,,,
Retro Snow,,,
Ride,Algorythm,2010,seed:linestry-research-2026-06
Ride,Berzerker,2019,seed:linestry-research-2026-06
Ride,Jason Ford Sylvester,1995,https://retrosnow.com/shop/ride/libtech-95-ride/ride-jason-ford-sylvester/
Ride,Magic Stick,2026,catalog:ride--magic-stick
Ride,Reid Pro Benchwarmer,2026,catalog:ride--reid-pro-benchwarmer
Ride,Saturday,2026,catalog:ride--saturday
Ride,Twinpig,2010,seed:linestry-research-2026-06
Ride,Warpig,2016,seed:linestry-research-2026-06
Ride Snowboards,Agenda,2023,catalog:ride--agenda
Ride Snowboards,Algorythm,2020,catalog:ride--algorythm
Ride Snowboards,Benchwarmer,2023,catalog:ride--benchwarmer
Ride Snowboards,Berzerker,2006,catalog:ride--berzerker
Ride Snowboards,Brushie,2000,catalog:ride--brushie
Ride Snowboards,Burnout,2026,catalog:ride--burnout
Ride Snowboards,Business,2006,catalog:ride--business
Ride Snowboards,Catalyst,2003,catalog:ride--catalyst
Ride Snowboards,Compact Series,1997,catalog:ride--compact-series
Ride Snowboards,Concept,2000,catalog:ride--concept
Ride Snowboards,Control,2000,catalog:ride--control
Ride Snowboards,Cue,2006,catalog:ride--cue
Ride Snowboards,Dale Rehberg,1995,catalog:ride--dale-rehberg
Ride Snowboards,Decade,2004,catalog:ride--decade
Ride Snowboards,Deep Fake,2026,catalog:ride--deep-fake
Ride Snowboards,DH,2004,catalog:ride--dh
Ride Snowboards,Dose,2007,catalog:ride--dose
Ride Snowboards,Exile,2002,catalog:ride--exile
Ride Snowboards,Fever,2007,catalog:ride--fever
Ride Snowboards,Fleetwood,2000,catalog:ride--fleetwood
Ride Snowboards,Freestyle,1994,catalog:ride--freestyle
Ride Snowboards,Fuel,2000,catalog:ride--fuel
Ride Snowboards,Havoc,2006,catalog:ride--havoc
Ride Snowboards,Heartbreaker,2026,catalog:ride--heartbreaker
Ride Snowboards,Helix,2015,catalog:ride--helix
Ride Snowboards,Jason Ford,1995,catalog:ride--jason-ford
Ride Snowboards,Jennie,1999,catalog:ride--jennie
Ride Snowboards,Kashmir,2004,catalog:ride--kashmir
Ride Snowboards,Kink,2003,catalog:ride--kink
Ride Snowboards,Lowride,2000,catalog:ride--lowride
Ride Snowboards,Machete,2010,catalog:ride--machete
Ride Snowboards,Mahaffey,2000,catalog:ride--mahaffey
Ride Snowboards,Manic,2026,catalog:ride--manic
Ride Snowboards,Mecca,2003,catalog:ride--mecca
Ride Snowboards,Menace,2002,catalog:ride--menace
Ride Snowboards,Mikey LeBlanc Pro,2004,catalog:ride--mikey-leblanc-pro
Ride Snowboards,Moderator,2026,catalog:ride--moderator
Ride Snowboards,Mountain,2000,catalog:ride--mountain
Ride Snowboards,MTNPIG,2019,catalog:ride--mtnpig
Ride Snowboards,Nation,2003,catalog:ride--nation
Ride Snowboards,No. 4,2006,catalog:ride--no-4
Ride Snowboards,Peace Seeker,2023,catalog:ride--peace-seeker
Ride Snowboards,Profile,2000,catalog:ride--profile
Ride Snowboards,Prophet,2004,catalog:ride--prophet
Ride Snowboards,Psychocandy,2022,catalog:ride--psychocandy
Ride Snowboards,RJ,1994,catalog:ride--rj
Ride Snowboards,Ruckus,2007,catalog:ride--ruckus
Ride Snowboards,Serum,2002,catalog:ride--serum
Ride Snowboards,Shadowban,2023,catalog:ride--shadowban
Ride Snowboards,Smokescreen,2022,catalog:ride--smokescreen
Ride Snowboards,Society,2007,catalog:ride--society
Ride Snowboards,Solace,2004,catalog:ride--solace
Ride Snowboards,Superpig,2020,catalog:ride--superpig
Ride Snowboards,System,2000,catalog:ride--system
Ride Snowboards,Tempest,2000,catalog:ride--tempest
Ride Snowboards,Theory,2004,catalog:ride--theory
Ride Snowboards,Timeless,2000,catalog:ride--timeless
Ride Snowboards,Twinpig,2019,catalog:ride--twinpig
Ride Snowboards,Verona,2007,catalog:ride--verona
Ride Snowboards,Vista,2002,catalog:ride--vista
Ride Snowboards,Waara,2000,catalog:ride--waara
Ride Snowboards,Warpig,2017,catalog:ride--warpig
Ride Snowboards,Wild Life,2013,catalog:ride--wild-life
Ride Snowboards,Yukon,2000,catalog:ride--yukon
Ride Snowboards,Zero,2000,catalog:ride--zero
Rome,Agent,2000,seed:linestry-research-2026-06
Rome,Agent Pro,2026,catalog:rome--agent-pro
Rome,Artifact,2010,seed:linestry-research-2026-06
Rome,Artifact Pro,2026,catalog:rome--artifact-pro
Rome,Freaker,2026,catalog:rome--freaker
Rome,Hype Pro,2026,catalog:rome--hype-pro
Rome,Mod Rocker,2021,
Rome,Muse,2026,catalog:rome--muse
Rome,National,2010,seed:linestry-research-2026-06
Rome,Party Mod,2026,catalog:rome--party-mod
Rome,Ravine,2019,seed:linestry-research-2026-06
Rome,Ravine Pro,2026,catalog:rome--ravine-pro
Rome,Rene-Gade,2026,catalog:rome--rene-gade
Rome,Service Dog,2026,catalog:rome--service-dog
Rome,Slapstick Youth,2026,catalog:rome--slapstick-youth
Rome,Warden,2010,seed:linestry-research-2026-06
Rome Snowboards,Agent,2004,catalog:rome--agent
Rome Snowboards,Anthem,2004,catalog:rome--anthem
Rome Snowboards,Artifact,2005,catalog:rome--artifact
Rome Snowboards,Blue,2004,catalog:rome--blue
Rome Snowboards,Boneless,2027,catalog:rome--boneless
Rome Snowboards,Cheaptrick,2009,catalog:rome--cheaptrick
Rome Snowboards,Crail,2007,catalog:rome--crail
Rome Snowboards,Design,2005,catalog:rome--design
Rome Snowboards,Detail,2009,catalog:rome--detail
Rome Snowboards,Factory Rocker,2012,catalog:rome--factory-rocker
Rome Snowboards,Flag,2004,catalog:rome--flag
Rome Snowboards,Garage Rocker,2010,catalog:rome--garage-rocker
Rome Snowboards,Graft,2007,catalog:rome--graft
Rome Snowboards,Headline,2010,catalog:rome--headline
Rome Snowboards,Hype,2027,catalog:rome--hype
Rome Snowboards,Jett,2009,catalog:rome--jett
Rome Snowboards,Label,2004,catalog:rome--label
Rome Snowboards,Lo-Fi,2009,catalog:rome--lo-fi
Rome Snowboards,Machine,2006,catalog:rome--machine
Rome Snowboards,Manual,2008,catalog:rome--manual
Rome Snowboards,Mechanic,2027,catalog:rome--mechanic
Rome Snowboards,Minishred,2009,catalog:rome--minishred
Rome Snowboards,Mod,2008,catalog:rome--mod
Rome Snowboards,Notch,2008,catalog:rome--notch
Rome Snowboards,Postermania,2010,catalog:rome--postermania
Rome Snowboards,Pusher,2010,catalog:rome--pusher
Rome Snowboards,Ravine,2027,catalog:rome--ravine
Rome Snowboards,Rene,2027,catalog:rome--rene
Rome Snowboards,Reverb,2012,catalog:rome--reverb
Rome Snowboards,Riff,2009,catalog:rome--riff
Rome Snowboards,Royal,2027,catalog:rome--royal
Rome Snowboards,Slash,2008,catalog:rome--slash
Rome Snowboards,Solution,2004,catalog:rome--solution
Rome Snowboards,Stale Crewzer,2027,catalog:rome--stale-crewzer
Rome Snowboards,Stale Fish,2022,catalog:rome--stale-fish
Rome Snowboards,Vinyl,2005,catalog:rome--vinyl
Rome Snowboards,Viper,2027,catalog:rome--viper
Rome Snowboards,Warden,2026,catalog:rome--warden
Rome Snowboards,Whiteroom,2012,catalog:rome--whiteroom
Rossignol,After Hours,2027,catalog:rossignol--after-hours
Rossignol,Airis,2027,catalog:rossignol--airis
Rossignol,Alias,2007,catalog:rossignol--alias
Rossignol,Amber,2007,catalog:rossignol--amber
Rossignol,Ampage,2026,catalog:rossignol--ampage
Rossignol,AMPAGE VOL.1,2027,catalog:rossignol--ampage-vol-1
Rossignol,AMPAGE VOL.2,2027,catalog:rossignol--ampage-vol-2
Rossignol,Angus,2011,catalog:rossignol--angus
Rossignol,Big Gun,2009,catalog:rossignol--big-gun
Rossignol,Circuit,2011,catalog:rossignol--circuit
Rossignol,Circus,2011,catalog:rossignol--circus
Rossignol,Decoy,2007,catalog:rossignol--decoy
Rossignol,District,2011,catalog:rossignol--district
Rossignol,Diva,2007,catalog:rossignol--diva
Rossignol,ESCAPER SPLITBOARD,2027,catalog:rossignol--escaper-splitboard
Rossignol,Evader,2027,catalog:rossignol--evader
Rossignol,Experience,2011,catalog:rossignol--experience
Rossignol,Freestyle,1992,catalog:rossignol--freestyle
Rossignol,Harmony,2009,catalog:rossignol--harmony
Rossignol,Jdub,2009,catalog:rossignol--jdub
Rossignol,Jeremy Jones,2003,catalog:rossignol--jeremy-jones
Rossignol,Jibfluence,2027,catalog:rossignol--jibfluence
Rossignol,Jibsaw,2012,catalog:rossignol--jibsaw
Rossignol,Juggernaut,2027,catalog:rossignol--juggernaut
Rossignol,Justice,2011,catalog:rossignol--justice
Rossignol,Krypto,2012,catalog:rossignol--krypto
Rossignol,Meadow,2009,catalog:rossignol--meadow
Rossignol,Myth,2011,catalog:rossignol--myth
Rossignol,One,2007,catalog:rossignol--one
Rossignol,One LF,2010,catalog:rossignol--one-lf
Rossignol,Premier,2007,catalog:rossignol--premier
Rossignol,Pro,2000,catalog:rossignol--pro
Rossignol,R.P.M.,2009,catalog:rossignol--r-p-m
Rossignol,RESURGENCE,2027,catalog:rossignol--resurgence
Rossignol,Retox,2009,catalog:rossignol--retox
Rossignol,Retrowave,1991,catalog:rossignol--retrowave
Rossignol,REVENANT,2027,catalog:rossignol--revenant
Rossignol,Rooster,2000,catalog:rossignol--rooster
Rossignol,Sawblade,2027,catalog:rossignol--sawblade
Rossignol,Scan,2007,catalog:rossignol--scan
Rossignol,Scope,2007,catalog:rossignol--scope
Rossignol,Slashimi,2027,catalog:rossignol--slashimi
Rossignol,Sonar,2007,catalog:rossignol--sonar
Rossignol,Soulside,2026,catalog:rossignol--soulside
Rossignol,Storm,2007,catalog:rossignol--storm
Rossignol,Strato Narrow,2000,catalog:rossignol--strato-narrow
Rossignol,Sultan,2007,catalog:rossignol--sultan
Rossignol,Super Revenant,2027,catalog:rossignol--super-revenant
Rossignol,Surf,1988,catalog:rossignol--surf
Rossignol,Sushi,2027,catalog:rossignol--sushi
Rossignol,Taipan,2011,catalog:rossignol--taipan
Rossignol,Temptation,2011,catalog:rossignol--temptation
Rossignol,Tesla,2011,catalog:rossignol--tesla
Rossignol,The Mini,2009,catalog:rossignol--the-mini
Rossignol,Trickstick,2011,catalog:rossignol--trickstick
Rossignol,Twilight,2009,catalog:rossignol--twilight
Rossignol,Ultraviolet,2027,catalog:rossignol--ultraviolet
Rossignol,Wave,1999,catalog:rossignol--wave
Rossignol,WU-JI,2027,catalog:rossignol--wu-ji
Rossignol,XV,2014,catalog:rossignol--xv
Rossignol,XV Slashimi,2027,catalog:rossignol--xv-slashimi
Rossignol,XV Sushi,2018,catalog:rossignol--xv-sushi
Rossignol,Zena,2007,catalog:rossignol--zena
Roxy,Ally,2009,catalog:roxy--ally
Roxy,Dawn,2026,catalog:roxy--dawn
Roxy,Eminence,2009,catalog:roxy--eminence
Roxy,Envi,2009,catalog:roxy--envi
Roxy,Inspire,2009,catalog:roxy--inspire
Roxy,Ollie Pop,2009,catalog:roxy--ollie-pop
Roxy,Raina,2026,catalog:roxy--raina
Roxy,Roxy Girl,2009,catalog:roxy--roxy-girl
Roxy,Silhouette,2009,catalog:roxy--silhouette
Roxy,Smoothie,2026,catalog:roxy--smoothie
Roxy,Sugar,2009,catalog:roxy--sugar
Roxy,XOXO,2026,catalog:roxy--xoxo
Salomon,Assassin,2020,seed:linestry-research-2026-06
Salomon,BELLEVUE SPLIT,2026,catalog:salomon--bellevue-split
Salomon,BLISS,2026,catalog:salomon--bliss
Salomon,Dancehaul,2010,seed:linestry-research-2026-06
Salomon,GRAIL,2026,catalog:salomon--grail
Salomon,HPS - GOOP,2026,catalog:salomon--hps-goop
Salomon,HPS - TAKA SPLIT 2.0,2026,catalog:salomon--hps-taka-split-2-0
Salomon,Huck Knife,2019,seed:linestry-research-2026-06
Salomon,HUCK KNIFE PRO S/LAB EQUIPE,2026,catalog:salomon--huck-knife-pro-s-lab-equipe
Salomon,NO DRAMA S/LAB EQUIPE,2026,catalog:salomon--no-drama-s-lab-equipe
Salomon,Super 8,2010,seed:linestry-research-2026-06
Salomon Snowboards,500 Pro FR,1999,catalog:salomon--500-pro-fr
Salomon Snowboards,550,2000,catalog:salomon--550
Salomon Snowboards,A.M.P.,2005,catalog:salomon--a-m-p
Salomon Snowboards,Abstract,2026,catalog:salomon--abstract
Salomon Snowboards,Ace,2005,catalog:salomon--ace
Salomon Snowboards,Acid,2008,catalog:salomon--acid
Salomon Snowboards,Answer,2009,catalog:salomon--answer
Salomon Snowboards,Arnie 5000,2006,catalog:salomon--arnie-5000
Salomon Snowboards,Assassin,2014,catalog:salomon--assassin
Salomon Snowboards,Bang Bang,2009,catalog:salomon--bang-bang
Salomon Snowboards,Benedek Era,2008,catalog:salomon--benedek-era
Salomon Snowboards,Bliss X,2027,catalog:salomon--bliss-x
Salomon Snowboards,Burner,2006,catalog:salomon--burner
Salomon Snowboards,Craft,2027,catalog:salomon--craft
Salomon Snowboards,Dancehaul,2026,catalog:salomon--dancehaul
Salomon Snowboards,Daniel Franck,2000,catalog:salomon--daniel-franck
Salomon Snowboards,DB,2006,catalog:salomon--db
Salomon Snowboards,Drift,2008,catalog:salomon--drift
Salomon Snowboards,Era,2004,catalog:salomon--era
Salomon Snowboards,Faction,2005,catalog:salomon--faction
Salomon Snowboards,Fastback,2005,catalog:salomon--fastback
Salomon Snowboards,Fastlane,2027,catalog:salomon--fastlane
Salomon Snowboards,Fierce,2005,catalog:salomon--fierce
Salomon Snowboards,Forecast,2006,catalog:salomon--forecast
Salomon Snowboards,FRA,2000,catalog:salomon--fra
Salomon Snowboards,FRS,2000,catalog:salomon--frs
Salomon Snowboards,Grace,2008,catalog:salomon--grace
Salomon Snowboards,Grip,2011,catalog:salomon--grip
Salomon Snowboards,Gypsy,2011,catalog:salomon--gypsy
Salomon Snowboards,Highpath,2027,catalog:salomon--highpath
Salomon Snowboards,HPS Louif Paradis,2027,catalog:salomon--hps-louif-paradis
Salomon Snowboards,Huck Knife,2020,catalog:salomon--huck-knife
Salomon Snowboards,Idol,2012,catalog:salomon--idol
Salomon Snowboards,Indicator,2027,catalog:salomon--indicator
Salomon Snowboards,Ivy,2006,catalog:salomon--ivy
Salomon Snowboards,Jerksen,2006,catalog:salomon--jerksen
Salomon Snowboards,Jetstream,2027,catalog:salomon--jetstream
Salomon Snowboards,Kickback,2026,catalog:salomon--kickback
Salomon Snowboards,Lark,2008,catalog:salomon--lark
Salomon Snowboards,Lily,2008,catalog:salomon--lily
Salomon Snowboards,Link,2005,catalog:salomon--link
Salomon Snowboards,Loft,2006,catalog:salomon--loft
Salomon Snowboards,Lotus,2008,catalog:salomon--lotus
Salomon Snowboards,Lush,2008,catalog:salomon--lush
Salomon Snowboards,Maiden,2005,catalog:salomon--maiden
Salomon Snowboards,Man's Board,2012,catalog:salomon--man-s-board
Salomon Snowboards,Mini Arnie,2008,catalog:salomon--mini-arnie
Salomon Snowboards,No Drama,2026,catalog:salomon--no-drama
Salomon Snowboards,Official,2009,catalog:salomon--official
Salomon Snowboards,Oh Yeah,2012,catalog:salomon--oh-yeah
Salomon Snowboards,Overcast,2027,catalog:salomon--overcast
Salomon Snowboards,Patrol,2006,catalog:salomon--patrol
Salomon Snowboards,Popstar,2011,catalog:salomon--popstar
Salomon Snowboards,Powder Snake,2012,catalog:salomon--powder-snake
Salomon Snowboards,Prospect,2005,catalog:salomon--prospect
Salomon Snowboards,Prospect LTD,2006,catalog:salomon--prospect-ltd
Salomon Snowboards,Pulse,2006,catalog:salomon--pulse
Salomon Snowboards,Radiant,2005,catalog:salomon--radiant
Salomon Snowboards,Riot,2009,catalog:salomon--riot
Salomon Snowboards,Rumble Fish,2026,catalog:salomon--rumble-fish
Salomon Snowboards,Salomonder,2011,catalog:salomon--salomonder
Salomon Snowboards,Sanchez,2008,catalog:salomon--sanchez
Salomon Snowboards,Scout,2008,catalog:salomon--scout
Salomon Snowboards,Shade,2005,catalog:salomon--shade
Salomon Snowboards,Sick Stick,2009,catalog:salomon--sick-stick
Salomon Snowboards,Sight,2026,catalog:salomon--sight
Salomon Snowboards,Sleepwalker,2027,catalog:salomon--sleepwalker
Salomon Snowboards,Spark,2012,catalog:salomon--spark
Salomon Snowboards,Special,2008,catalog:salomon--special
Salomon Snowboards,Strobe,2008,catalog:salomon--strobe
Salomon Snowboards,Substance,2005,catalog:salomon--substance
Salomon Snowboards,Team,2005,catalog:salomon--team
Salomon Snowboards,Tempest,2008,catalog:salomon--tempest
Salomon Snowboards,Titan,2011,catalog:salomon--titan
Salomon Snowboards,Tracker,2008,catalog:salomon--tracker
Salomon Snowboards,Transfer,2006,catalog:salomon--transfer
Salomon Snowboards,Villain,2018,catalog:salomon--villain
Salomon Snowboards,Wonder,2026,catalog:salomon--wonder
Salomon Snowboards,XLT,2012,catalog:salomon--xlt
Sandy Shapes,Agile,2026,catalog:sandy-shapes--agile
Sandy Shapes,Amara,2026,catalog:sandy-shapes--amara
Sandy Shapes,Amara Abonos,2026,catalog:sandy-shapes--amara-abonos
Sandy Shapes,Audace,2026,catalog:sandy-shapes--audace
Sandy Shapes,Birbante,2026,catalog:sandy-shapes--birbante
Sandy Shapes,Curiosa,2026,catalog:sandy-shapes--curiosa
Sandy Shapes,Deliziosa,2026,catalog:sandy-shapes--deliziosa
Sandy Shapes,Divina,2026,catalog:sandy-shapes--divina
Sandy Shapes,Egoista,2026,catalog:sandy-shapes--egoista
Sandy Shapes,Fantastica,2026,catalog:sandy-shapes--fantastica
Sandy Shapes,Fantastica Abonos™,2026,catalog:sandy-shapes--fantastica-abonostm
Sandy Shapes,Fantastica Magica splitboard,2026,catalog:sandy-shapes--fantastica-magica-splitboard
Sandy Shapes,Infinita C,2026,catalog:sandy-shapes--infinita-c
Sandy Shapes,Infinita Private Label ltd,2026,catalog:sandy-shapes--infinita-private-label-ltd
Sandy Shapes,Infinita R,2026,catalog:sandy-shapes--infinita-r
Sandy Shapes,Infinita RC,2026,catalog:sandy-shapes--infinita-rc
Sandy Shapes,Infinita XC,2026,catalog:sandy-shapes--infinita-xc
Sandy Shapes,Infinita XR,2026,catalog:sandy-shapes--infinita-xr
Sandy Shapes,Magnifica,2026,catalog:sandy-shapes--magnifica
Sandy Shapes,Magnifica Abonos,2026,catalog:sandy-shapes--magnifica-abonos
Sandy Shapes,Regina,2026,catalog:sandy-shapes--regina
Sandy Shapes,Regina Abonos,2026,catalog:sandy-shapes--regina-abonos
Sandy Shapes,Ribelle camber,2026,catalog:sandy-shapes--ribelle-camber
Sandy Shapes,Veloce Junior,2026,catalog:sandy-shapes--veloce-junior
Sandy Shapes,Virtuosa,2026,catalog:sandy-shapes--virtuosa
Sandy Shapes,Virtuosa Magica splitboard,2026,catalog:sandy-shapes--virtuosa-magica-splitboard
Sandy Shapes,Zingara,2026,catalog:sandy-shapes--zingara
Sandy Shapes,Zingara Magica splitboard,2026,catalog:sandy-shapes--zingara-magica-splitboard
Santa Cruz,Allstar,2007,catalog:santa-cruz--allstar
Santa Cruz,Chris Roach Genie,1994,catalog:santa-cruz--chris-roach-genie
Santa Cruz,Cuna,2007,catalog:santa-cruz--cuna
Santa Cruz,Deathgod,2011,catalog:santa-cruz--deathgod
Santa Cruz,Dtr,1992,https://retrosnow.com/shop/santa-cruz/92-santa-cruz/santa-cruz-dtr-62/
Santa Cruz,DTR 62,1992,catalog:santa-cruz--dtr-62
Santa Cruz,Duo,2007,catalog:santa-cruz--duo
Santa Cruz,Face,2011,catalog:santa-cruz--face
Santa Cruz,Flaming Dot,2012,catalog:santa-cruz--flaming-dot
Santa Cruz,Floater,2012,catalog:santa-cruz--floater
Santa Cruz,Frankenfont,2012,catalog:santa-cruz--frankenfont
Santa Cruz,Fusion,2008,catalog:santa-cruz--fusion
Santa Cruz,Galaxy,2011,catalog:santa-cruz--galaxy
Santa Cruz,Gian Simmen Pro,2007,catalog:santa-cruz--gian-simmen-pro
Santa Cruz,Gremlin,2012,catalog:santa-cruz--gremlin
Santa Cruz,Guerilla Division,2007,catalog:santa-cruz--guerilla-division
Santa Cruz,Iouri Podladtchikov Pro,2009,catalog:santa-cruz--iouri-podladtchikov-pro
Santa Cruz,Jon Kooley TT Pro,2008,catalog:santa-cruz--jon-kooley-tt-pro
Santa Cruz,Largo,2007,catalog:santa-cruz--largo
Santa Cruz,Loco Pro,2007,catalog:santa-cruz--loco-pro
Santa Cruz,Massacre,2007,catalog:santa-cruz--massacre
Santa Cruz,Morph Pro,2012,catalog:santa-cruz--morph-pro
Santa Cruz,Mountain,2007,catalog:santa-cruz--mountain
Santa Cruz,Muse,2007,catalog:santa-cruz--muse
Santa Cruz,Park Wide,2007,catalog:santa-cruz--park-wide
Santa Cruz,Perfect 11,2008,catalog:santa-cruz--perfect-11
Santa Cruz,Platinum TT,2009,catalog:santa-cruz--platinum-tt
Santa Cruz,PowerLyte,2011,catalog:santa-cruz--powerlyte
Santa Cruz,Psycho XX,2012,catalog:santa-cruz--psycho-xx
Santa Cruz,Rebel Series,2007,catalog:santa-cruz--rebel-series
Santa Cruz,Respect Series,2007,catalog:santa-cruz--respect-series
Santa Cruz,Rob One,2012,catalog:santa-cruz--rob-one
Santa Cruz,Scratch Knot,2012,catalog:santa-cruz--scratch-knot
Santa Cruz,Screaming Hand,2011,catalog:santa-cruz--screaming-hand
Santa Cruz,Seth Huot Pro,2007,catalog:santa-cruz--seth-huot-pro
Santa Cruz,Slasher,2011,catalog:santa-cruz--slasher
Santa Cruz,Snowpark,2011,catalog:santa-cruz--snowpark
Santa Cruz,Spider,2012,catalog:santa-cruz--spider
Santa Cruz,Suave,2008,catalog:santa-cruz--suave
Santa Cruz,Tao,1992,catalog:santa-cruz--tao
Santa Cruz,Tetra,2012,catalog:santa-cruz--tetra
Santa Cruz,TT,2007,catalog:santa-cruz--tt
Santa Cruz,Twinza,2008,catalog:santa-cruz--twinza
Santa Cruz,Veins,2011,catalog:santa-cruz--veins
Santa Cruz,Webdot,2012,catalog:santa-cruz--webdot
Santa Cruz,Zerocks,2007,catalog:santa-cruz--zerocks
Season Eqpt,Aero,2021,catalog:season-eqpt--aero
Season Eqpt,Forma,2021,catalog:season-eqpt--forma
Season Eqpt,Lolo,2026,catalog:season-eqpt--lolo
Season Eqpt,Nexus,2021,catalog:season-eqpt--nexus
Season Eqpt,Pass,2023,catalog:season-eqpt--pass
Season Eqpt,Primer,2026,catalog:season-eqpt--primer
SG Snowboards,B.L.A.C.K,2026,catalog:sg-snowboards--b-l-a-c-k
SG Snowboards,Force,2026,catalog:sg-snowboards--force
SG Snowboards,Force Pv,2026,catalog:sg-snowboards--force-pv
SG Snowboards,Free Solo,2026,catalog:sg-snowboards--free-solo
SG Snowboards,Full Carve,2026,catalog:sg-snowboards--full-carve
SG Snowboards,Full Race,2026,catalog:sg-snowboards--full-race
SG Snowboards,Full Race Pro Team,2026,catalog:sg-snowboards--full-race-pro-team
SG Snowboards,Full Race Titan,2026,catalog:sg-snowboards--full-race-titan
SG Snowboards,Fullspeed,2026,catalog:sg-snowboards--fullspeed
SG Snowboards,Shred,2026,catalog:sg-snowboards--shred
SG Snowboards,Soul,2026,catalog:sg-snowboards--soul
SG Snowboards,Soul Titan,2026,catalog:sg-snowboards--soul-titan
SG Snowboards,The Cult,2026,catalog:sg-snowboards--the-cult
Shift,166,1995,https://retrosnow.com/shop/shift/95-shift/shift-166/
Shorty's,144,1995,https://retrosnow.com/shop/shortys/95-shortys/shortys-144/
Shorty's,Shortys,1995,https://retrosnow.com/shop/shortys/95-shortys/shortys/
Signal,Ambient - Frog Off,2026,catalog:signal--ambient-frog-off
Signal,Calliope,2009,catalog:signal--calliope
Signal,Compass - Duel,2026,catalog:signal--compass-duel
Signal,Disruptor - Higher Power,2026,catalog:signal--disruptor-higher-power
Signal,Hammer,2009,catalog:signal--hammer
Signal,Ludo - Blaster,2026,catalog:signal--ludo-blaster
Signal,Ludo - Machine,2026,catalog:signal--ludo-machine
Signal,OG,2009,catalog:signal--og
Signal,Omni - Arata 2,2026,catalog:signal--omni-arata-2
Signal,Omni Wavelength,2011,catalog:signal--omni-wavelength
Signal,Park,2009,catalog:signal--park
Signal,Park Kids - Rocket Power,2026,catalog:signal--park-kids-rocket-power
Signal,Park Pro - BLOOD WIZARD,2026,catalog:signal--park-pro-blood-wizard
Signal,Park Pro - Gutter Phoenix,2026,catalog:signal--park-pro-gutter-phoenix
Signal,Park Series - Subvert,2026,catalog:signal--park-series-subvert
Signal,Platinum - Flare,2026,catalog:signal--platinum-flare
Signal,Rocker,2010,catalog:signal--rocker
Signal,SIGNAL X PICKLE STIX - Yup OG,2026,catalog:signal--signal-x-pickle-stix-yup-og
Signal,Tailgunner - Radar,2026,catalog:signal--tailgunner-radar
Signal,UN - Yuki Pro,2026,catalog:signal--un-yuki-pro
Signal,Vita,2011,catalog:signal--vita
Signal,Wampeater - Drive In,2026,catalog:signal--wampeater-drive-in
Signal,Yuki Pro - UN,2026,catalog:signal--yuki-pro-un
Signal,Yup - RPM,2026,catalog:signal--yup-rpm
Sims,1500 FE,1980,seed:linestry-research-2026-06
Sims,1710 Blade,1986,https://retrosnow.com/shop/sims/sims-86/sims-1710-blade/
Sims,ATV,1993,
Sims,ATV Pro,2024,catalog:sims--atv-pro
Sims,ATVX,2024,catalog:sims--atvx
Sims,Aurum,2026,catalog:sims--aurum
Sims,Blade,1987,seed:linestry-research-2026-06
Sims,Bowl Squad,2024,catalog:sims--bowl-squad
Sims,Bowl Squad Pro,2024,catalog:sims--bowl-squad-pro
Sims,Dealer's Choice,2016,
Sims,Distortion,2024,catalog:sims--distortion
Sims,Enduro,1995,
Sims,Fluid,2024,catalog:sims--fluid
Sims,Half Pipe,1987,
Sims,Halfpipe,1993,
Sims,Joker,2025,catalog:sims--joker
Sims,Juice,2015,
Sims,Kinetic,2006,
Sims,Macrodose,2024,catalog:sims--macrodose
Sims,Mystery Lunch,2024,catalog:sims--mystery-lunch
Sims,Noah Salasnek,1990,seed:linestry-research-2026-06
Sims,Noah Salasnek Nub,1993,
Sims,Noah Skate,1994,https://retrosnow.com/shop/sims/sims-94/sims-noah-skate/
Sims,Noah's Ark,1995,
Sims,Noahs Ark,1993,https://retrosnow.com/shop/sims/sims-93/sims-noahs-ark/
Sims,Nub,2022,
Sims,Nub USA,2026,catalog:sims--nub-usa
Sims,Palmer Baby Clown,1993,https://retrosnow.com/shop/sims/sims-93/sims-palmer-baby-clown/
Sims,Quest,2009,
Sims,Salt,2026,catalog:sims--salt
Sims,Shannon Dunn,1993,
Sims,Shaun Palmer Clown,1991,
Sims,Shaun Palmer Pimp,1993,
Sims,Shawn Palmer Pimp,1993,https://retrosnow.com/shop/sims/sims-93/sims-shawn-palmer-pimp/
Sims,SoFun,2016,
Sims,Solo,2024,catalog:sims--solo
Sims,Switchblade,1987,seed:linestry-research-2026-06
Sims,Terry Kidwell,1985,
Sims,Terry Kidwell 1635,1989,
Sims,Terry Kidwell 1650,1986,
Sims,Terry Kidwell RT2,2018,
Sims,The Day,2024,catalog:sims--the-day
Sims,Tom Sims Pro,2017,
Sims,UAP,2022,
Sims,Ultimate 1700 Swallow Tail,1987,https://retrosnow.com/shop/sims/sims-87/sims-ultimate-1700-swallow-tail/
Sims,Ultimate Swallow Tail,1987,
Sims,Undertaker,2023,
Sims,Vanilla,2024,catalog:sims--vanilla
Sims Snowboards,1500 FE,1985,catalog:sims--1500-fe
Sims Snowboards,Ace,1992,catalog:sims--ace
Sims Snowboards,ATV,1991,catalog:sims--atv
Sims Snowboards,AV,1998,catalog:sims--av
Sims Snowboards,Blade,1986,catalog:sims--blade
Sims Snowboards,Burner,2006,catalog:sims--burner
Sims Snowboards,Clark,1999,catalog:sims--clark
Sims Snowboards,Daytona,2000,catalog:sims--daytona
Sims Snowboards,Descender,2000,catalog:sims--descender
Sims Snowboards,Enduro,1999,catalog:sims--enduro
Sims Snowboards,Fakie,1993,catalog:sims--fakie
Sims Snowboards,Freestyle,1990,catalog:sims--freestyle
Sims Snowboards,GS,1993,catalog:sims--gs
Sims Snowboards,Half Pipe,1989,catalog:sims--half-pipe
Sims Snowboards,Infinity,2000,catalog:sims--infinity
Sims Snowboards,Max,1999,catalog:sims--max
Sims Snowboards,Noah,1998,catalog:sims--noah
Sims Snowboards,Noah Salasnek Nub,1993,catalog:sims--noah-salasnek-nub
Sims Snowboards,Pocketknife,1988,catalog:sims--pocketknife
Sims Snowboards,Project Hex,1998,catalog:sims--project-hex
Sims Snowboards,Shannon Dunn,1993,catalog:sims--shannon-dunn
Sims Snowboards,Shaun Palmer,1993,catalog:sims--shaun-palmer
Sims Snowboards,Spinner,2000,catalog:sims--spinner
Sims Snowboards,Switchblade,1988,catalog:sims--switchblade
Sims Snowboards,T. Sims,1998,catalog:sims--t-sims
Sims Snowboards,Terry Kidwell,1985,catalog:sims--terry-kidwell
Sims Snowboards,Tina,1998,catalog:sims--tina
Sims Snowboards,Tina Basich Seahorse,1997,catalog:sims--tina-basich-seahorse
Sims Snowboards,Tina Basich Star,1999,catalog:sims--tina-basich-star
Sims Snowboards,Ultimate 1700,1987,catalog:sims--ultimate-1700
Slash,Actively Positive Brainstorm Splitboard,2023,catalog:slash--actively-positive-brainstorm-splitboard
Slash,Actively Positive Straight,2023,catalog:slash--actively-positive-straight
Slash,ApArtment Brainstorm,2025,catalog:slash--apartment-brainstorm
Slash,ApArtment Happy Place,2023,catalog:slash--apartment-happy-place
Slash,ApArtment Portal,2025,catalog:slash--apartment-portal
Slash,ApArtment Spectrum,2025,catalog:slash--apartment-spectrum
Slash,ApArtment Straight,2025,catalog:slash--apartment-straight
Slash,ApArtment Vertical,2025,catalog:slash--apartment-vertical
Slash,ATV,2013,catalog:slash--atv
Slash,Blank Drop ATV,2025,catalog:slash--blank-drop-atv
Slash,Blank Drop Floater,2025,catalog:slash--blank-drop-floater
Slash,Blank Drop Happy Place,2025,catalog:slash--blank-drop-happy-place
Slash,Blank Drop Vertical,2025,catalog:slash--blank-drop-vertical
Slash,Brainstorm,2015,catalog:slash--brainstorm
Slash,Floater,2016,catalog:slash--floater
Slash,Happy Place,2014,catalog:slash--happy-place
Slash,Present Future Vertical,2021,catalog:slash--present-future-vertical
Slash,Spectrum,2025,catalog:slash--spectrum
Slash,Straight,2013,catalog:slash--straight
Slash,Vertical,2025,catalog:slash--vertical
SnoPlanks,Asym Fish,2026,catalog:snoplanks--asym-fish
SnoPlanks,Asym Twin,2026,catalog:snoplanks--asym-twin
Snurfer,Snurfer,1967,
Special Blend,,,
Stepchild,Chick,2008,catalog:stepchild--chick
Stepchild,Corporate,2006,catalog:stepchild--corporate
Stepchild,Hammer,2006,catalog:stepchild--hammer
Stepchild,Hammerhead,2009,catalog:stepchild--hammerhead
Stepchild,Jibstick,2009,catalog:stepchild--jibstick
Stepchild,JP Walker,2009,catalog:stepchild--jp-walker
Stepchild,Kidwell,2008,catalog:stepchild--kidwell
Stepchild,Kool,2008,catalog:stepchild--kool
Stepchild,Latchkey,2009,catalog:stepchild--latchkey
Stepchild,OG Powder,2009,catalog:stepchild--og-powder
Stepchild,Powder Sucks,2009,catalog:stepchild--powder-sucks
Stepchild,Ranquet,2006,catalog:stepchild--ranquet
Stepchild,Sick,2006,catalog:stepchild--sick
Stepchild,Simon Chamberlain,2006,catalog:stepchild--simon-chamberlain
Stepchild,Slim,2009,catalog:stepchild--slim
Storm Snowboards,Cyclone,1988,
Storm Snowboards,Shredder,1988,
Stranda,Biru,2026,catalog:stranda--biru
Stranda,Descender B.C,2026,catalog:stranda--descender-b-c
Stranda,Descender Fjäderlätt,2026,catalog:stranda--descender-fjaderlatt
Stranda,Shorty B.C,2024,catalog:stranda--shorty-b-c
Stranda,Tree Surfer B.C,2026,catalog:stranda--tree-surfer-b-c
Stranda,Women’s Descender,2026,catalog:stranda--womens-descender
Stranda,Women’s Shorty,2026,catalog:stranda--womens-shorty
Technine,30THY BY Technine GF01 Combo Camber,2024,catalog:technine--30thy-by-technine-gf01-combo-camber
Technine,30THY BY Technine GM01 CamRock,2024,catalog:technine--30thy-by-technine-gm01-camrock
Technine,Enforcer 30,2024,catalog:technine--enforcer-30
Technine,GEN ALPHA,2024,catalog:technine--gen-alpha
Technine,GEN X,2024,catalog:technine--gen-x
Technine,ICON,2024,catalog:technine--icon
Technine,JIB RMX,2024,catalog:technine--jib-rmx
Technine,MASCOT,2024,catalog:technine--mascot
Technine,MASS APPEAL,2024,catalog:technine--mass-appeal
Technine,MTV9,2024,catalog:technine--mtv9
Technine,RHYME AND REASON,2024,catalog:technine--rhyme-and-reason
Technine,STREET,2024,catalog:technine--street
Technine,TEAM Warrior,2024,catalog:technine--team-warrior
Technine,THE CAMROCK F25,2026,catalog:technine--the-camrock-f25
Technine,THE Enforcer F25,2026,catalog:technine--the-enforcer-f25
Technine,THE Groundmaster F25,2026,catalog:technine--the-groundmaster-f25
Technine,THE ICON F25,2026,catalog:technine--the-icon-f25
Technine,THE IMPALA F25,2026,catalog:technine--the-impala-f25
Technine,THE MASS APPEAL F25,2026,catalog:technine--the-mass-appeal-f25
Technine,THE NINES Heritage ASYM,2024,catalog:technine--the-nines-heritage-asym
Technine,THE Split-T F25,2026,catalog:technine--the-split-t-f25
Technine,THE T-Money F25,2026,catalog:technine--the-t-money-f25
Technine,THE WASSUP F25,2026,catalog:technine--the-wassup-f25
Technine,THE YOUNG GUN F25,2026,catalog:technine--the-young-gun-f25
Technine,WASSUP Heritage,2024,catalog:technine--wassup-heritage
Telos,Backslash,2021,catalog:telos--backslash
Telos,Deros,2026,catalog:telos--deros
Telos,DST,2021,catalog:telos--dst
Telos,Legend,2026,catalog:telos--legend
Telos,Lemurian,2026,catalog:telos--lemurian
ThirtyTwo,Middle Earth Stevens Pro LTD Snowboard,2025,catalog:thirtytwo--middle-earth-stevens-pro-ltd-snowboard
ThirtyTwo,T32M LTD Snowboard,2025,catalog:thirtytwo--t32m-ltd-snowboard
ThirtyTwo,Xxx Fava Pro LTD Snowboard,2025,catalog:thirtytwo--xxx-fava-pro-ltd-snowboard
Thrive Snowboards,ACCOMPLICE CLASSIC SNOWBOARD,2026,catalog:thrive-snowboards--accomplice-classic-snowboard
Thrive Snowboards,RELENTLESS CLASSIC SNOWBOARD,2026,catalog:thrive-snowboards--relentless-classic-snowboard
Thrive Snowboards,RELENTLESS PRO SNOWBOARD,2026,catalog:thrive-snowboards--relentless-pro-snowboard
Thrive Snowboards,RENEGADE RGV2 SNOWBOARD,2026,catalog:thrive-snowboards--renegade-rgv2-snowboard
Thrive Snowboards,WILDERNESS SPLITBOARD,2026,catalog:thrive-snowboards--wilderness-splitboard
Trapper,Antic,2026,catalog:trapper--antic
Trapper,Brigade,2026,catalog:trapper--brigade
Trapper,Carcajou,2026,catalog:trapper--carcajou
Trapper,Howler,2026,catalog:trapper--howler
Trapper,Mischief,2026,catalog:trapper--mischief
Trapper,Noctua Swallow Tail,2026,catalog:trapper--noctua-swallow-tail
Trapper,Poacher,2026,catalog:trapper--poacher
Trapper,Trout Trap,2026,catalog:trapper--trout-trap
Trapper,Ursa Major,2026,catalog:trapper--ursa-major
Trapper,Voyageur,2026,catalog:trapper--voyageur
Type A,Danny Way,1995,https://retrosnow.com/shop/type-a/95-type-a/type-a-danny-way/
United Shapes,Cadet,2024,catalog:united-shapes--cadet
United Shapes,Deep Reach,2026,catalog:united-shapes--deep-reach
United Shapes,Experiment,2026,catalog:united-shapes--experiment
United Shapes,Horizon,2024,catalog:united-shapes--horizon
United Shapes,Object,2026,catalog:united-shapes--object
United Shapes,Orbit,2017,catalog:united-shapes--orbit
United Shapes,Transmission,2025,catalog:united-shapes--transmission
Unity,180 Carbon Dominion Splitboard,2019,catalog:unity--180-carbon-dominion-splitboard
Unity,Dominion,2007,catalog:unity--dominion
Unity,Origin,2007,catalog:unity--origin
Unity,Pintail,2007,catalog:unity--pintail
Unity,Pride,2007,catalog:unity--pride
Unity,Rise,2007,catalog:unity--rise
Unity,Virgo,2007,catalog:unity--virgo
Unity,WHALE,2019,catalog:unity--whale
Unity,WHALE Splitboards,2019,catalog:unity--whale-splitboards
Venture,Euphoria,2026,catalog:venture--euphoria
Venture,Odin,2026,catalog:venture--odin
Venture,Paragon,2026,catalog:venture--paragon
Venture,Storm,2026,catalog:venture--storm
Verdad,Aguila – 14th Range,2026,catalog:verdad--aguila-14th-range
Verdad,Alpine – 14th Range,2026,catalog:verdad--alpine-14th-range
Verdad,Grand Cru – 14th Range,2026,catalog:verdad--grand-cru-14th-range
Verdad,THE EMPEROR – 14th Range,2026,catalog:verdad--the-emperor-14th-range
Verdad,Winter Is Mine – 14th Range,2024,catalog:verdad--winter-is-mine-14th-range
Virus,Avalanche AFT,2026,catalog:virus--avalanche-aft
Virus,Avalanche AFT FLP,2026,catalog:virus--avalanche-aft-flp
Virus,Avalanche AFT Grand Tour SplitBoard,2026,catalog:virus--avalanche-aft-grand-tour-splitboard
Virus,Avalanche AFT Zylon II,2023,catalog:virus--avalanche-aft-zylon-ii
Virus,Black Death III+ Zylon Elektron Pro,2026,catalog:virus--black-death-iii-zylon-elektron-pro
Virus,Black Death IV Zylon Elektron Pro,2026,catalog:virus--black-death-iv-zylon-elektron-pro
Virus,BX Boardercross Worldcup UFC,2026,catalog:virus--bx-boardercross-worldcup-ufc
Virus,BX WorldCup - HyperCarbon,2026,catalog:virus--bx-worldcup-hypercarbon
Virus,BX WorldCup - Zylon II,2023,catalog:virus--bx-worldcup-zylon-ii
Virus,Evolution Series - UltraCarbon,2026,catalog:virus--evolution-series-ultracarbon
Virus,GS - Worldcup Race Lab- Zylon II,2026,catalog:virus--gs-worldcup-race-lab-zylon-ii
Virus,GS WorldCup RaceLAB - HyperCarbon,2026,catalog:virus--gs-worldcup-racelab-hypercarbon
Virus,La Glisse - HyperCarbon,2026,catalog:virus--la-glisse-hypercarbon
Virus,Le Surf - Zylon II,2023,catalog:virus--le-surf-zylon-ii
Virus,Le Surf Performance,2026,catalog:virus--le-surf-performance
Virus,Le Surf Pro - CarbonTitan,2026,catalog:virus--le-surf-pro-carbontitan
Virus,Le Surf pro - CarbonWood,2026,catalog:virus--le-surf-pro-carbonwood
Virus,Phantom Zylon Elektron Pro,2026,catalog:virus--phantom-zylon-elektron-pro
Virus,Powstick,2026,catalog:virus--powstick
Virus,Revolution - Zylon II,2023,catalog:virus--revolution-zylon-ii
Virus,Revolution FR - HyperCarbon,2026,catalog:virus--revolution-fr-hypercarbon
Virus,Revolution Performance FR,2026,catalog:virus--revolution-performance-fr
Virus,Revolution Pro - CarbonWood,2026,catalog:virus--revolution-pro-carbonwood
Virus,Scalpel Supercarver,2026,catalog:virus--scalpel-supercarver
Virus,Scalpel Supercarver Premium - CarbonTitan,2026,catalog:virus--scalpel-supercarver-premium-carbontitan
Virus,Skwal HyperCarbon,2026,catalog:virus--skwal-hypercarbon
Virus,SL Junior Race Series,2026,catalog:virus--sl-junior-race-series
Virus,SL WorldCup RaceLAB - HyperCarbon,2026,catalog:virus--sl-worldcup-racelab-hypercarbon
Virus,SL WorldCup RaceLAB - Zylon II,2026,catalog:virus--sl-worldcup-racelab-zylon-ii
Virus,TwinCarve - CamoCarbon,2026,catalog:virus--twincarve-camocarbon
Virus,Twincarve HyperCarbon,2026,catalog:virus--twincarve-hypercarbon
Virus,TwinCarve Zylon II,2023,catalog:virus--twincarve-zylon-ii
Virus,X-Carve carbon,2026,catalog:virus--x-carve-carbon
Virus,X-Carve Zylon II,2023,catalog:virus--x-carve-zylon-ii
Virus,X-treme Carver II Premium,2026,catalog:virus--x-treme-carver-ii-premium
Virus,Zylon Elektron Series,2026,catalog:virus--zylon-elektron-series
Vision,Freestyle,1992,catalog:vision--freestyle
Voile,Hyper V-Tail,2026,catalog:voile--hyper-v-tail
Voile,Revelator,2026,catalog:voile--revelator
Voile,Revelator BC,2026,catalog:voile--revelator-bc
Voile,Skyline,2026,catalog:voile--skyline
Voile,Spartan,2026,catalog:voile--spartan
Voile,Spartan Ascent,2026,catalog:voile--spartan-ascent
Volcom,,,
Völkl,Booster,2009,catalog:volkl--booster
Völkl,Cashew,2011,catalog:volkl--cashew
Völkl,Coal,2009,catalog:volkl--coal
Völkl,Composite FS,1999,catalog:volkl--composite-fs
Völkl,Dash,2009,catalog:volkl--dash
Völkl,Destiny,2009,catalog:volkl--destiny
Völkl,Dice,2009,catalog:volkl--dice
Völkl,Flavor,2009,catalog:volkl--flavor
Völkl,Future,2011,catalog:volkl--future
Völkl,Impress,2009,catalog:volkl--impress
Völkl,Jibster,2009,catalog:volkl--jibster
Völkl,Melody,2009,catalog:volkl--melody
Völkl,Nomex FR,1999,catalog:volkl--nomex-fr
Völkl,Powerframe,1999,catalog:volkl--powerframe
Völkl,Renntiger,1999,catalog:volkl--renntiger
Völkl,Riot,2009,catalog:volkl--riot
Völkl,RT,2011,catalog:volkl--rt
Völkl,Selecta,2009,catalog:volkl--selecta
Völkl,Sensor FR,1999,catalog:volkl--sensor-fr
Völkl,Shine,2009,catalog:volkl--shine
Völkl,Soulsurfer,2011,catalog:volkl--soulsurfer
Völkl,Spade,2009,catalog:volkl--spade
Völkl,Spark,2009,catalog:volkl--spark
Völkl,Squad,2009,catalog:volkl--squad
Völkl,Stroke,2009,catalog:volkl--stroke
Völkl,Vice,2009,catalog:volkl--vice
Völkl,Yavana,2011,catalog:volkl--yavana
Völkl,Zenit,2009,catalog:volkl--zenit
WEST,Arvine DLW,2026,catalog:west--arvine-dlw
WEST,CPT Achab DLW,2026,catalog:west--cpt-achab-dlw
WEST,Grammont Splitboard,2026,catalog:west--grammont-splitboard
WEST,K-West 8,2026,catalog:west--k-west-8
WEST,La Hache DLW,2026,catalog:west--la-hache-dlw
WEST,Muveran Splitboard,2026,catalog:west--muveran-splitboard
WEST,Nation 10,2026,catalog:west--nation-10
WEST,OG standard,2026,catalog:west--og-standard
WEST,U7opia DLW,2026,catalog:west--u7opia-dlw
Westbeach,,,
Weston,Backwoods,2020,catalog:weston--backwoods
Weston,Dream Machine,2025,catalog:weston--dream-machine
Weston,Eclipse,2026,catalog:weston--eclipse
Weston,Gnarnia,2025,catalog:weston--gnarnia
Weston,Hatchet,2021,catalog:weston--hatchet
Weston,Japow,2021,catalog:weston--japow
Weston,Logger,2020,catalog:weston--logger
Weston,Range,2020,catalog:weston--range
Whitespace,AMF Twin,2026,catalog:whitespace--amf-twin
Whitespace,Freestyle Shaun White Pro,2026,catalog:whitespace--freestyle-shaun-white-pro
Whitespace,ICONA,2026,catalog:whitespace--icona
Whitespace,Kids' Freestyle Shaun White Pro,2026,catalog:whitespace--kids-freestyle-shaun-white-pro
Whitespace,MAAX,2026,catalog:whitespace--maax
Whitespace,Montano,2026,catalog:whitespace--montano
Whitespace,Women's Freestyle,2026,catalog:whitespace--womens-freestyle
Winterstick,ARK,2026,catalog:winterstick--ark
Winterstick,ARKANE,2026,catalog:winterstick--arkane
Winterstick,Aurora,2026,catalog:winterstick--aurora
Winterstick,Dauntless,2026,catalog:winterstick--dauntless
Winterstick,Day Dreamer,2026,catalog:winterstick--day-dreamer
Winterstick,Freestyle,1988,catalog:winterstick--freestyle
Winterstick,Mantis,2026,catalog:winterstick--mantis
Winterstick,Mirror,2000,catalog:winterstick--mirror
Winterstick,Pintail,2026,catalog:winterstick--pintail
Winterstick,Roundtail,1988,catalog:winterstick--roundtail
Winterstick,Seth Wescott Pro,2026,catalog:winterstick--seth-wescott-pro
Winterstick,Swallowtail,1970,seed:linestry-research-2026-06
Winterstick,Tantra,2026,catalog:winterstick--tantra
Winterstick,Tom Burt,2026,catalog:winterstick--tom-burt
Winterstick,Yute Podium,2026,catalog:winterstick--yute-podium
Winterstick,Yute Swally,2026,catalog:winterstick--yute-swally
Winterstick,Yute Twin,2026,catalog:winterstick--yute-twin
Wired,,,
YES,420,2010,seed:linestry-research-2026-06
YES,Airmaster 3D Men's Snowboard,2026,catalog:yes--airmaster-3d-mens-snowboard
YES,Airmaster Xtrm Fridge 3D Men's Snowboard,2026,catalog:yes--airmaster-xtrm-fridge-3d-mens-snowboard
YES,All-In Xtrm Men's Snowboard,2026,catalog:yes--all-in-xtrm-mens-snowboard
YES,Basic,2010,seed:linestry-research-2026-06
YES,First Basic Kid's Snowboard,2026,catalog:yes--first-basic-kids-snowboard
YES,Greats,2010,seed:linestry-research-2026-06
YES,Greats Xtrm,2026,catalog:yes--greats-xtrm
YES,Hybrid,2010,seed:linestry-research-2026-06
YES,Pick Your Line Xtrm Men's Snowboard,2026,catalog:yes--pick-your-line-xtrm-mens-snowboard
YES,PYL,2010,seed:linestry-research-2026-06
YES,Sender Xtrm Men's Snowboard,2026,catalog:yes--sender-xtrm-mens-snowboard
YES,Shifter 3D Men's Snowboard,2026,catalog:yes--shifter-3d-mens-snowboard
YES,Shifter Xtrm Eiki 3D Men's Snowboard,2026,catalog:yes--shifter-xtrm-eiki-3d-mens-snowboard
YES,Standard,2010,seed:linestry-research-2026-06
YES,Standard Xtrm Dc Men's Snowboard,2026,catalog:yes--standard-xtrm-dc-mens-snowboard
YES,The Basic,2020,
YES,Typo,2010,seed:linestry-research-2026-06
YES,Women's Frenzy Snowboard,2026,catalog:yes--womens-frenzy-snowboard
YES Snowboards,420,2013,catalog:yes--420
YES Snowboards,All-In,2026,catalog:yes--all-in
YES Snowboards,Basic,2010,catalog:yes--basic
YES Snowboards,Cream Halldor 3D,2026,catalog:yes--cream-halldor-3d
YES Snowboards,Emoticon,2015,catalog:yes--emoticon
YES Snowboards,Greats,2011,catalog:yes--greats
YES Snowboards,Hel Yes,2014,catalog:yes--hel-yes
YES Snowboards,Hello,2021,catalog:yes--hello
YES Snowboards,Hybrid,2020,catalog:yes--hybrid
YES Snowboards,Jackpot,2012,catalog:yes--jackpot
YES Snowboards,Optimistic,2011,catalog:yes--optimistic
YES Snowboards,Pick Your Line,2012,catalog:yes--pick-your-line
YES Snowboards,Rival,2024,catalog:yes--rival
YES Snowboards,Sender,2025,catalog:yes--sender
YES Snowboards,Shifter,2026,catalog:yes--shifter
YES Snowboards,Standard,2015,catalog:yes--standard
YES Snowboards,Typo,2016,catalog:yes--typo
YES Snowboards,Warca,2023,catalog:yes--warca
Yonex,4XP,2027,catalog:yonex--4xp
Yonex,4XP POWTWIN_24,2024,catalog:yonex--4xp-powtwin-24
Yonex,ACHSE_24,2024,catalog:yonex--achse-24
Yonex,DECLIC_24 (WOMEN'S),2025,catalog:yonex--declic-24-womens
Yonex,GLIDE,2027,catalog:yonex--glide
Yonex,GRACE_24 (WOMEN'S),2025,catalog:yonex--grace-24-womens
Yonex,GROWENT_24,2024,catalog:yonex--growent-24
Yonex,LUVARTH,2027,catalog:yonex--luvarth
Yonex,NEXTAGE,2027,catalog:yonex--nextage
Yonex,REGNA,2027,catalog:yonex--regna
Yonex,REV,2027,catalog:yonex--rev
Yonex,SLEEK,2027,catalog:yonex--sleek
Yonex,SMOOTH,2027,catalog:yonex--smooth
Yonex,SMOOTH SHORTIE_24,2024,catalog:yonex--smooth-shortie-24
Yonex,STYLAHOLIC,2027,catalog:yonex--stylaholic
Yonex,SYMARC Mg_24,2024,catalog:yonex--symarc-mg-24
Yonex,SYMARC_24,2024,catalog:yonex--symarc-24
Yonex,THE C_24 SOFT FLEX / HARD FLEX,2025,catalog:yonex--the-c-24-soft-flex-hard-flex
Yonex,THRUST_24,2024,catalog:yonex--thrust-24
