id,brand,model,model_year,shape,image_url,external_ref,community_status,added_by,created_at
198d76b4-8077-46de-8edd-bd3f884ce553,Academy,GRADUATE,2019,,,catalog:academy--graduate,unverified,,2026-09-04T18:50:01.363043+00:00
c3e60793-be24-4b23-af07-2a21f632ec45,Academy,HYBRID 2.0,2025,,,catalog:academy--hybrid-2-0,unverified,,2026-09-04T18:50:01.363043+00:00
5b436feb-c31c-4d00-bd9b-2ee71882a75f,Academy,Icon Series,2013,,,catalog:academy--icon-series,unverified,,2026-09-04T18:50:01.363043+00:00
4a16780d-a299-47c7-85db-ac7c25555d8d,Academy,Master Series,2020,,,catalog:academy--master-series,unverified,,2026-09-04T18:50:01.363043+00:00
ee4f196d-b060-49c9-b27c-cd6acebc0a68,Academy,MASTERS,2025,,,catalog:academy--masters,unverified,,2026-09-04T18:50:01.363043+00:00
4719f49e-631f-4b5b-9959-d5ca2a196467,Academy,Propa-Camba,2015,,,catalog:academy--propa-camba,unverified,,2026-09-04T18:50:01.363043+00:00
149cc590-8a5d-46d0-9fbf-beb6eb71532c,Academy,PROPACAMBA,2020,,,catalog:academy--propacamba,unverified,,2026-09-04T18:50:01.363043+00:00
63c9524f-647f-429d-ab88-b921dd3ea567,Academy,PROPAGANDA,2013,,,catalog:academy--propaganda,unverified,,2026-09-04T18:50:01.363043+00:00
690d2dc9-e0c2-44ab-b106-95f3d4fa6f3b,Academy,PROPAGANDA Cookies SF Colab,2025,,,catalog:academy--propaganda-cookies-sf-colab,unverified,,2026-09-04T18:50:01.363043+00:00
51ba6c96-7505-461a-87ec-c00820d807b3,Academy,Rhythm Series,2013,,,catalog:academy--rhythm-series,unverified,,2026-09-04T18:50:01.363043+00:00
7c6730ea-959e-40a2-b644-7243dd1a472b,Academy,Serenity,2013,,,catalog:academy--serenity,unverified,,2026-09-04T18:50:01.363043+00:00
413527ed-7d58-4973-acb0-e2c3fb7ee4d4,Academy,Team Series,2015,,,catalog:academy--team-series,unverified,,2026-09-04T18:50:01.363043+00:00
f031aeba-c98c-44d5-ad6f-a98eb052f28f,Academy,Team Series The Bro Model,2013,,,catalog:academy--team-series-the-bro-model,unverified,,2026-09-04T18:50:01.363043+00:00
e9a0d143-1748-47de-9ef2-e11c3de2cdb4,Academy,Tempo Series,2015,,,catalog:academy--tempo-series,unverified,,2026-09-04T18:50:01.363043+00:00
ca0eccf4-e01f-4996-bd5d-800867a9d49c,Aggression,Assault,1993,,,catalog:aggression--assault,unverified,,2026-09-02T23:05:13.572077+00:00
e67c0c71-049b-4d03-a6e7-a0ceaebf17eb,Aggression,Stealth,1993,,,catalog:aggression--stealth,unverified,,2026-09-02T23:05:13.572077+00:00
76eb8c8e-73e4-404b-a11c-6d1526c80983,Aggression,TR60,1992,,,catalog:aggression--tr60,verified,,2026-09-02T23:05:13.572077+00:00
fc20dc4b-03c4-47bd-b7b4-254be649fa0f,Airwalk,A-1,2000,,,catalog:airwalk--a-1,unverified,,2026-09-02T23:05:13.572077+00:00
cc05afc6-affc-4046-b496-23599d09a712,Allian,Angel,2015,,,catalog:allian--angel,unverified,,2026-09-04T18:50:02.038797+00:00
693086d2-8c9b-46d8-b85e-98fd73154d0f,Allian,Atlantis,2015,,,catalog:allian--atlantis,unverified,,2026-09-04T18:50:02.038797+00:00
5f56ab6a-2370-4162-85ac-d5b75ef65c63,Allian,Curver,2025,,,catalog:allian--curver,unverified,,2026-09-04T18:50:02.038797+00:00
41e9718a-c97c-4f7c-92f4-2e172eb57ec5,Allian,Cuver,2021,,,catalog:allian--cuver,unverified,,2026-09-04T18:50:02.038797+00:00
e33cf13c-d284-433d-b9be-f994f9592e89,Allian,Damage,2015,,,catalog:allian--damage,unverified,,2026-09-04T18:50:02.038797+00:00
c9cb9bc6-eb3a-4aa4-8b32-ca479a715a8b,Allian,Dreams,2015,,,catalog:allian--dreams,unverified,,2026-09-04T18:50:02.038797+00:00
cf127332-8b2c-4690-8bb6-07a503cd190a,Allian,Free Line,2025,,,catalog:allian--free-line,unverified,,2026-09-04T18:50:02.038797+00:00
427ff045-02ee-45bf-8911-097c336ecbcc,Allian,Grind,2015,,,catalog:allian--grind,unverified,,2026-09-04T18:50:02.038797+00:00
5f0bf846-4028-4b5e-a81b-8942de449718,Allian,Nirvana,2015,,,catalog:allian--nirvana,unverified,,2026-09-04T18:50:02.038797+00:00
1a6745be-97c4-4b1c-9846-8e83fca20d5c,Allian,Prism,2021,,,catalog:allian--prism,unverified,,2026-09-04T18:50:02.038797+00:00
f358014d-e3c5-4278-9372-5393be7c587c,Allian,Prism / Prism Invisible / Prism LTD,2017,,,catalog:allian--prism-prism-invisible-prism-ltd,unverified,,2026-09-04T18:50:02.038797+00:00
501e3c27-2368-413e-b2ab-896f6df53514,Allian,Prism / Prism Limited,2015,,,catalog:allian--prism-prism-limited,unverified,,2026-09-04T18:50:02.038797+00:00
91a82d23-7ecd-4bef-9322-925d91775a32,Allian,Prism Eagle,2021,,,catalog:allian--prism-eagle,unverified,,2026-09-04T18:50:02.038797+00:00
564d0c21-052f-4046-843e-e3473b20aa17,Allian,Prism Girl,2015,,,catalog:allian--prism-girl,unverified,,2026-09-04T18:50:02.038797+00:00
a99c80d5-0082-4b4e-8865-4de6c2b60992,Allian,Prism Invisible,2021,,,catalog:allian--prism-invisible,unverified,,2026-09-04T18:50:02.038797+00:00
95144da8-44fe-4957-9fd3-a90198e0cae1,Allian,Vivian,2015,,,catalog:allian--vivian,unverified,,2026-09-04T18:50:02.038797+00:00
be4b41b4-d661-417d-9688-d8635f69b7cd,Aluflex,ERIC HOLDRIDGE,2026,,,catalog:aluflex--eric-holdridge,unverified,,2026-09-04T18:50:02.038797+00:00
1ba6c4dd-efeb-4756-b995-1f1afcafd388,Aluflex,LOLA,2026,,,catalog:aluflex--lola,unverified,,2026-09-04T18:50:02.038797+00:00
350809f9-4c03-4ecf-8a90-6bc10f7e9933,AME Snowboard,AWAKN 164 ART,2026,,,catalog:ame-snowboard--awakn-164-art,unverified,,2026-09-04T18:50:02.038797+00:00
1652b4af-e9cd-4a7b-aa7e-a1f1d8ac343d,AME Snowboard,BLACK SWAN 169 ART,2026,,,catalog:ame-snowboard--black-swan-169-art,unverified,,2026-09-04T18:50:02.038797+00:00
8deb3fd6-b18d-49c3-b47b-515d23b79f9a,AME Snowboard,BLACK SWAN 169 WOOD SERIE,2026,,,catalog:ame-snowboard--black-swan-169-wood-serie,unverified,,2026-09-04T18:50:02.038797+00:00
7fb19ba7-ca0e-43c7-80b1-e17298c3ad62,AME Snowboard,EMIT 159 FACTORY,2026,,,catalog:ame-snowboard--emit-159-factory,unverified,,2026-09-04T18:50:02.038797+00:00
3696aca7-0321-4e08-ae81-64ef277bd30f,AME Snowboard,HIGHSOLATOR 168 ART,2026,,,catalog:ame-snowboard--highsolator-168-art,unverified,,2026-09-04T18:50:02.038797+00:00
bd8178c3-236d-4a66-b5c7-8caba707fca2,AME Snowboard,HIGHSOLATOR 168 WOOD,2026,,,catalog:ame-snowboard--highsolator-168-wood,unverified,,2026-09-04T18:50:02.038797+00:00
0d95785d-427d-42d0-bbbf-736dae1c0960,AME Snowboard,HIGHSOLATOR 170 WIDE ART,2026,,,catalog:ame-snowboard--highsolator-170-wide-art,unverified,,2026-09-04T18:50:02.038797+00:00
9eb8e252-a81d-48a3-b69f-174ede2f13da,AME Snowboard,MAKOBLAST 185 WOOD,2026,,,catalog:ame-snowboard--makoblast-185-wood,unverified,,2026-09-04T18:50:02.038797+00:00
aa6d397c-6bf0-4164-99c0-a3affb9cc60a,AME Snowboard,MTN 145,2026,,,catalog:ame-snowboard--mtn-145,unverified,,2026-09-04T18:50:02.038797+00:00
e95212f8-7320-418d-87b7-e278ff35c3f4,AME Snowboard,QUANTIC 175 WOOD,2026,,,catalog:ame-snowboard--quantic-175-wood,unverified,,2026-09-04T18:50:02.038797+00:00
4165ab27-a790-4cce-ac70-4824ac09f46a,AME Snowboard,ROAM 173 ART,2026,,,catalog:ame-snowboard--roam-173-art,unverified,,2026-09-04T18:50:02.038797+00:00
02040a71-9e60-42ff-953e-f8afe4de0e9f,AME Snowboard,WES 160 FACTORY,2026,,,catalog:ame-snowboard--wes-160-factory,unverified,,2026-09-04T18:50:02.038797+00:00
6a096321-6b4a-45a1-bcfc-91de8234fff5,AMICSS,AFX,2023,,,catalog:amicss--afx,unverified,,2026-09-04T18:50:02.038797+00:00
d8765621-2c75-4d62-9233-704dc65029cc,AMICSS,AGGRESSOR,2020,,,catalog:amicss--aggressor,unverified,,2026-09-04T18:50:02.038797+00:00
592e3b47-b7b6-48c1-9244-a821095a981c,AMICSS,ARZ,2027,,,catalog:amicss--arz,unverified,,2026-09-04T18:50:02.038797+00:00
91837c4c-b071-40d9-9d96-8a3ceeea0715,AMICSS,DEX,2023,,,catalog:amicss--dex,unverified,,2026-09-04T18:50:02.038797+00:00
7f4b81cd-fe0e-4a1a-bf07-669b6893ab00,AMICSS,DFX,2025,,,catalog:amicss--dfx,unverified,,2026-09-04T18:50:02.038797+00:00
983a7e0f-b4f5-411e-a0ef-673c67d53802,AMICSS,DMT,2020,,,catalog:amicss--dmt,unverified,,2026-09-04T18:50:02.038797+00:00
89af73ad-510a-4ce6-ab85-b73e654c2097,AMICSS,DNA,2020,,,catalog:amicss--dna,unverified,,2026-09-04T18:50:02.038797+00:00
2aad779e-0e4c-44b1-aa11-7d560634a346,AMICSS,DNA Ti,2020,,,catalog:amicss--dna-ti,unverified,,2026-09-04T18:50:02.038797+00:00
0b9dc5dc-4fce-458b-a681-50214fe36381,AMICSS,LV,2026,,,catalog:amicss--lv,unverified,,2026-09-04T18:50:02.038797+00:00
ba98a35f-f2ae-48e6-bc9a-ba20e5ab46dc,AMICSS,RCI,2020,,,catalog:amicss--rci,unverified,,2026-09-04T18:50:02.038797+00:00
46bee7d9-ed6c-4269-947a-c5ec5bb82172,AMICSS,RCJ,2025,,,catalog:amicss--rcj,unverified,,2026-09-04T18:50:02.038797+00:00
c506af6a-64e0-4963-b73d-ace8abdc7b90,AMICSS,RCV,2020,,,catalog:amicss--rcv,unverified,,2026-09-04T18:50:02.038797+00:00
3c80331b-4603-46c4-963f-04d550ec758c,AMICSS,World Cup,2020,,,catalog:amicss--world-cup,unverified,,2026-09-04T18:50:02.038797+00:00
30ae93d3-cc7c-4090-8e6e-182c18bcf81b,AMICSS,World Cup Factory Model,2025,,,catalog:amicss--world-cup-factory-model,unverified,,2026-09-04T18:50:02.038797+00:00
93b3152e-2e68-460a-9dde-26b722cf410b,AMICSS,XFIT,2025,,,catalog:amicss--xfit,unverified,,2026-09-04T18:50:02.038797+00:00
fef176dd-d739-4e2d-ae2c-a1edeb9110c3,AMICSS,XLAY,2023,,,catalog:amicss--xlay,unverified,,2026-09-04T18:50:02.038797+00:00
a4e305e6-88f4-408a-84b6-e8cc9c73dd59,Amplid,AGL Board,2013,,,catalog:amplid--agl-board,unverified,,2026-09-04T18:50:01.363043+00:00
2ab3ca42-06c8-4e21-bb39-614eb1d6ed7c,Amplid,Aloha Vibes,2019,,,catalog:amplid--aloha-vibes,unverified,,2026-09-04T18:50:01.363043+00:00
0b23c26b-873d-4bb9-a71d-b8daaf2bb0cd,Amplid,Big Kahuna,2023,,,catalog:amplid--big-kahuna,unverified,,2026-09-04T18:50:01.363043+00:00
72f830b6-dcca-4750-8ec2-6f954ccfa915,Amplid,Cab Driver,2025,,,catalog:amplid--cab-driver,unverified,,2026-09-04T18:50:01.363043+00:00
054fd8b7-a082-4cdb-9d30-36172c61910e,Amplid,Creamer,2013,,,catalog:amplid--creamer,unverified,,2026-09-04T18:50:01.363043+00:00
948f1758-f80a-433e-b686-a55b89df6e53,Amplid,Dada,2019,,,catalog:amplid--dada,unverified,,2026-09-04T18:50:01.363043+00:00
89491e9e-ac5b-4bb9-9ebd-243b513f9638,Amplid,Deceleration,2013,,,catalog:amplid--deceleration,unverified,,2026-09-04T18:50:01.363043+00:00
658cc04a-7ecc-47c9-8359-0d7519d3d334,Amplid,Dopamine,2013,,,catalog:amplid--dopamine,unverified,,2026-09-04T18:50:01.363043+00:00
7f3ecf1d-1792-4e73-ab64-8d95fd04e194,Amplid,Freequencer,2022,,,catalog:amplid--freequencer,unverified,,2026-09-04T18:50:01.363043+00:00
559e2731-b8ad-4298-8788-9ecfb66872d8,Amplid,Gogo,2015,,,catalog:amplid--gogo,unverified,,2026-09-04T18:50:01.363043+00:00
3b77d3ee-8fb7-4156-92ce-9e123366e7c8,Amplid,HiDef,2013,,,catalog:amplid--hidef,unverified,,2026-09-04T18:50:01.363043+00:00
91d41d17-ce64-4737-93fb-066de15c8009,Amplid,Hifi,2016,,,catalog:amplid--hifi,unverified,,2026-09-04T18:50:01.363043+00:00
31e1c139-5227-4a75-8499-2d6a45a15f56,Amplid,Kill Switch,2021,,,catalog:amplid--kill-switch,unverified,,2026-09-04T18:50:01.363043+00:00
0a1f2cbf-573b-4b40-a693-0b0710f1f6dc,Amplid,Kodama,2025,,,catalog:amplid--kodama,unverified,,2026-09-04T18:50:01.363043+00:00
83aec7ce-faaf-467d-8819-d6a3f20839a7,Amplid,Lab Carbon Split,2015,,,catalog:amplid--lab-carbon-split,unverified,,2026-09-04T18:50:01.363043+00:00
0d995f56-0acc-46e0-894a-8ec1475c67ff,Amplid,Libertine,2013,,,catalog:amplid--libertine,unverified,,2026-09-04T18:50:01.363043+00:00
e8a069ad-4006-433d-957c-4d717ba0c4b9,Amplid,Liquorice,2013,,,catalog:amplid--liquorice,unverified,,2026-09-04T18:50:01.363043+00:00
3d8073c0-afcb-468f-aec1-28a97586028a,Amplid,LoBro,2013,,,catalog:amplid--lobro,unverified,,2026-09-04T18:50:01.363043+00:00
077789cc-a9a5-4645-97a4-dbceb8862b73,Amplid,Lovelife,2015,,,catalog:amplid--lovelife,unverified,,2026-09-04T18:50:01.363043+00:00
678de54d-65fa-44f5-bba7-51605a30c320,Amplid,Mahalo,2021,,,catalog:amplid--mahalo,unverified,,2026-09-04T18:50:01.363043+00:00
58a601e4-7de0-45f2-8575-460e06f45a35,Amplid,Memory Stick,2025,,,catalog:amplid--memory-stick,unverified,,2026-09-04T18:50:01.363043+00:00
b4b441ec-5143-45bf-9d73-cc12a0a16bae,Amplid,Metamorph,2025,,,catalog:amplid--metamorph,unverified,,2026-09-04T18:50:01.363043+00:00
d39bf476-09df-4305-a77d-81db47338f67,Amplid,Millisurf,2018,,,catalog:amplid--millisurf,unverified,,2026-09-04T18:50:01.363043+00:00
ae1bf48e-ce07-47e5-bd36-0ffe8536836f,Amplid,Mood Bender,2026,,,catalog:amplid--mood-bender,unverified,,2026-09-04T18:50:01.363043+00:00
f15de377-4407-48ad-824d-bc1a418d822c,Amplid,Morning Glory,2014,,,catalog:amplid--morning-glory,unverified,,2026-09-04T18:50:01.363043+00:00
43c280cb-63a0-4b02-b481-9603dd64ec6f,Amplid,Morning Split,2014,,,catalog:amplid--morning-split,unverified,,2026-09-04T18:50:01.363043+00:00
95d5ebc2-376c-43ef-9d48-fc401730a3c6,Amplid,Ohana Vibes,2026,,,catalog:amplid--ohana-vibes,unverified,,2026-09-04T18:50:01.363043+00:00
03d2cf4b-efb1-42b7-92e5-761bf97024c0,Amplid,Paradigma,2013,,,catalog:amplid--paradigma,unverified,,2026-09-04T18:50:01.363043+00:00
bca4e6ae-3655-494b-8b3d-fc9932aae6bd,Amplid,Pentaquark,2018,,,catalog:amplid--pentaquark,unverified,,2026-09-04T18:50:01.363043+00:00
5f208fb6-d502-4c38-b439-3bfed1c3eb15,Amplid,Pillow Talk,2015,,,catalog:amplid--pillow-talk,unverified,,2026-09-04T18:50:01.363043+00:00
408ff19a-1feb-4ff6-8b26-c135ac058fc7,Amplid,Pocketknife,2014,,,catalog:amplid--pocketknife,unverified,,2026-09-04T18:50:01.363043+00:00
3bc5691b-36f7-41b9-b791-48c2e2fadb29,Amplid,Psychonaut,2025,,,catalog:amplid--psychonaut,unverified,,2026-09-04T18:50:01.363043+00:00
e6f5f9ec-4887-4428-abff-234d4b9c8b73,Amplid,Singular,2024,,,catalog:amplid--singular,verified,,2026-09-02T23:05:13.572077+00:00
c3e58d8d-218c-4453-ba0d-a982e424c687,Amplid,Singular Twin,2023,,,catalog:amplid--singular-twin,unverified,,2026-09-04T18:50:01.363043+00:00
95c8a065-af0b-4a3d-91a2-107ea183d0f7,Amplid,Slogan,2013,,,catalog:amplid--slogan,unverified,,2026-09-04T18:50:01.363043+00:00
6f6622cf-d6f0-4d66-811d-364819eb25fc,Amplid,Snommelier,2024,,,catalog:amplid--snommelier,unverified,,2026-09-02T23:05:13.572077+00:00
9c67b2a7-9f22-4a68-ac4d-62f1fad4d307,Amplid,Soulmate,2024,,,catalog:amplid--soulmate,verified,,2026-09-02T23:05:13.572077+00:00
b51a0fd4-f709-42e0-940a-44adfa73b2eb,Amplid,Souly Grail,2024,,,catalog:amplid--souly-grail,verified,,2026-09-02T23:05:13.572077+00:00
769810ba-8292-4ac1-bfde-ea030ec9d741,Amplid,Spray Tray,2021,,,catalog:amplid--spray-tray,unverified,,2026-09-04T18:50:01.363043+00:00
b5f21f7d-1bb3-4a7a-b9bd-a622f424bc8f,Amplid,Stereo,2015,,,catalog:amplid--stereo,unverified,,2026-09-04T18:50:01.363043+00:00
faa6e59f-4964-47c4-8892-4aeeabb54a6c,Amplid,Surf Shuttle,2021,,,catalog:amplid--surf-shuttle,unverified,,2026-09-04T18:50:01.363043+00:00
b66c61e3-1927-4124-abef-3c841c43febb,Amplid,Surfari,2025,,,catalog:amplid--surfari,verified,,2026-09-02T23:05:13.572077+00:00
2c730a1a-9431-43d8-bfd8-1f3f51a46d0e,Amplid,The 20,2025,,,catalog:amplid--the-20,unverified,,2026-09-04T18:50:01.363043+00:00
a962e2e4-47b3-495c-b7a5-85ec4efc9ca1,Amplid,Ticket,2021,,,catalog:amplid--ticket,unverified,,2026-09-04T18:50:01.363043+00:00
34efedad-ee8f-480d-b774-80a259db4741,Amplid,Ticket Twin,2021,,,catalog:amplid--ticket-twin,unverified,,2026-09-04T18:50:01.363043+00:00
b2dcb5c4-3cce-40fb-b78e-5d0bdf873c84,Amplid,Time Machine,2026,,,catalog:amplid--time-machine,verified,,2026-09-02T23:05:13.572077+00:00
cb2bcb0b-fd86-4c77-afea-72c951af8ae0,Amplid,Tour Operator,2020,,,catalog:amplid--tour-operator,unverified,,2026-09-04T18:50:01.363043+00:00
a9208df8-fbdd-4ab1-8fa1-47ac129deb97,Amplid,UNW8,2013,,,catalog:amplid--unw8,unverified,,2026-09-04T18:50:01.363043+00:00
8a7e7e67-8c4d-4c37-b19e-864d1ecf4124,Amplid,Wasabi,2023,,,catalog:amplid--wasabi,unverified,,2026-09-04T18:50:01.363043+00:00
907647a6-547e-462a-999c-a969c1d5cfed,Apocalypse / A Snowboards / APO,Blend,2018,,,catalog:apocalypse-a-snowboards-apo--blend,unverified,,2026-09-04T18:50:01.363043+00:00
143df73e-de92-4a91-9494-878e544a03b3,Apocalypse / A Snowboards / APO,Contact,2018,,,catalog:apocalypse-a-snowboards-apo--contact,unverified,,2026-09-04T18:50:01.363043+00:00
453e46bd-97c4-4727-b192-67fea09879c8,Apocalypse / A Snowboards / APO,dbz,2018,,,catalog:apocalypse-a-snowboards-apo--dbz,unverified,,2026-09-04T18:50:01.363043+00:00
18a3328e-cf19-487d-b51a-f03cb90635f8,Apocalypse / A Snowboards / APO,Empire,2018,,,catalog:apocalypse-a-snowboards-apo--empire,unverified,,2026-09-04T18:50:01.363043+00:00
4597b023-d32c-45c3-9024-53f48f3e5516,Apocalypse / A Snowboards / APO,Gem,2018,,,catalog:apocalypse-a-snowboards-apo--gem,unverified,,2026-09-04T18:50:01.363043+00:00
b734ca27-0b8f-4838-a826-46a1c66e3c6d,Apocalypse / A Snowboards / APO,Hype,2018,,,catalog:apocalypse-a-snowboards-apo--hype,unverified,,2026-09-04T18:50:01.363043+00:00
e0f9169d-9623-4fa9-a84c-734e52b348ad,Apocalypse / A Snowboards / APO,Iconic Eero Niemela,2018,,,catalog:apocalypse-a-snowboards-apo--iconic-eero-niemela,unverified,,2026-09-04T18:50:01.363043+00:00
133d4945-99bf-44b2-8203-7d398a998454,Apocalypse / A Snowboards / APO,Iconic Sage Kotsenburg,2018,,,catalog:apocalypse-a-snowboards-apo--iconic-sage-kotsenburg,unverified,,2026-09-04T18:50:01.363043+00:00
fe07d387-62c8-42b9-a42a-465c4c6728d1,Apocalypse / A Snowboards / APO,Iconic Spencer O'Brien,2018,,,catalog:apocalypse-a-snowboards-apo--iconic-spencer-obrien,unverified,,2026-09-04T18:50:01.363043+00:00
5aba0723-5bce-45a1-b822-f9d97f3cedba,Apocalypse / A Snowboards / APO,Jimi Scott,1991,,,https://retrosnow.com/shop/apocalypse/91-apocalypse/apocalypse-jimi-scott/,verified,,2026-09-04T20:38:46.266408+00:00
280bb757-04a3-40d5-b837-7391e05704de,Apocalypse / A Snowboards / APO,Line,2018,,,catalog:apocalypse-a-snowboards-apo--line,unverified,,2026-09-04T18:50:01.363043+00:00
38bd4b1a-0c34-4fcb-820f-601c78c1519e,Apocalypse / A Snowboards / APO,Selekta,2018,,,catalog:apocalypse-a-snowboards-apo--selekta,unverified,,2026-09-04T18:50:01.363043+00:00
2de8943f-b66b-486a-ac8d-f78f323e860f,Apocalypse / A Snowboards / APO,Spray,2018,,,catalog:apocalypse-a-snowboards-apo--spray,unverified,,2026-09-04T18:50:01.363043+00:00
a0b853c1-5745-47ce-9fec-1be51ea514d3,Apocalypse / A Snowboards / APO,Step Up,2018,,,catalog:apocalypse-a-snowboards-apo--step-up,unverified,,2026-09-04T18:50:01.363043+00:00
8ccf60d0-1dd8-468b-b8e9-1311972f009e,Apocalypse / A Snowboards / APO,Supreme,2018,,,catalog:apocalypse-a-snowboards-apo--supreme,unverified,,2026-09-04T18:50:01.363043+00:00
d2c631a2-9906-4e3e-8cce-b1dcfa583137,Apocalypse / A Snowboards / APO,Talent,2018,,,catalog:apocalypse-a-snowboards-apo--talent,unverified,,2026-09-04T18:50:01.363043+00:00
8cac327e-e937-404f-ac5b-33a3967c5eb6,Arbor,A-Frame,2004,,,seed:linestry-research-2026-06,verified,,2026-06-19T05:24:20.410856+00:00
fd8a076d-e504-4fa9-867f-9c87dfe78926,Arbor,Abacus,2008,,,catalog:arbor--abacus,unverified,,2026-09-02T23:05:13.572077+00:00
2e26741b-eaa3-4cd5-a8e8-266428191ecf,Arbor,Alt,2008,,,catalog:arbor--alt,unverified,,2026-09-02T23:05:13.572077+00:00
c17c4dc8-7179-40a7-8f85-b5f32cb45ad5,Arbor,Annex,2020,,,catalog:arbor--annex,unverified,,2026-09-04T18:50:01.363043+00:00
55fd94ae-4824-4ee7-b0ec-d563a8de0d74,Arbor,Astrowaste,2027,,,catalog:arbor--astrowaste,unverified,,2026-09-02T23:05:13.572077+00:00
6c2cff6d-3450-437d-b647-fb16a0bd7ae3,Arbor,Blacklist,2012,,,catalog:arbor--blacklist,unverified,,2026-09-02T23:05:13.572077+00:00
d7095473-abd0-4634-9269-2a1efc71ff57,Arbor,Booger,2014,,,catalog:arbor--booger,verified,,2026-09-04T18:50:01.363043+00:00
d29dd37e-bdba-41d3-bcbc-c0228d9fd2dc,Arbor,Bryan Iguchi Pro,2027,,,catalog:arbor--bryan-iguchi-pro,unverified,,2026-09-02T23:05:13.572077+00:00
296780f3-117e-407e-abdc-17505f41096a,Arbor,Cadence,2008,,,catalog:arbor--cadence,verified,,2026-09-02T23:05:13.572077+00:00
3d57fcfe-b82c-40f7-8b6d-7a406b8e6747,Arbor,Candle Rain Camber,2024,,,catalog:arbor--candle-rain-camber,unverified,,2026-09-04T18:50:01.363043+00:00
58905bc9-89d0-4778-a3c8-af79cf87de76,Arbor,Carbon Coda,2025,,,catalog:arbor--carbon-coda,unverified,,2026-09-04T18:50:01.363043+00:00
92cf0655-4d24-43b5-aa02-0d632b860209,Arbor,Carter,2024,,,catalog:arbor--carter,unverified,,2026-09-04T18:50:01.363043+00:00
bec815fa-e5fd-4652-b288-44d021a00c11,Arbor,Cask,2019,,,catalog:arbor--cask,unverified,,2026-09-04T18:50:01.363043+00:00
337a7a7c-69e1-4170-b115-cb1b551751fc,Arbor,Cavet,2025,,,catalog:arbor--cavet,unverified,,2026-09-04T18:50:01.363043+00:00
115e56c7-b81b-4e35-8053-40c67c13cee6,Arbor,Cheater Rocker,2023,,,catalog:arbor--cheater-rocker,unverified,,2026-09-04T18:50:01.363043+00:00
1869c666-705f-46b9-a6ed-8b3ba61b8ecd,Arbor,Clovis,2017,,,catalog:arbor--clovis,unverified,,2026-09-04T18:50:01.363043+00:00
d66a0928-2f9f-41a2-b571-462c89d96b48,Arbor,Coda,2009,,,seed:linestry-research-2026-06,verified,,2026-06-19T05:24:20.410856+00:00
e57316d7-4ff1-4097-8a7d-c857fc495774,Arbor,Cosa Nostra,2016,,,catalog:arbor--cosa-nostra,unverified,,2026-09-04T18:50:01.363043+00:00
a2e1b54f-44be-4c6f-b3a5-90a45c445864,Arbor,Cross,2003,,,catalog:arbor--cross,unverified,,2026-09-02T23:05:13.572077+00:00
1c2975f0-b0b3-45d4-b29e-020e889df4b2,Arbor,Crossbow,2004,,,catalog:arbor--crossbow,verified,,2026-09-02T23:05:13.572077+00:00
e479e7a7-fec6-4b6c-90cd-067341fb8ca1,Arbor,Crosscut Camber,2020,,,catalog:arbor--crosscut-camber,unverified,,2026-09-04T18:50:01.363043+00:00
79fd34ec-9ba8-477a-b021-eb88fd15fced,Arbor,Danny Kass Park Pro,2027,,,catalog:arbor--danny-kass-park-pro,unverified,,2026-09-02T23:05:13.572077+00:00
f60e6524-d96f-4794-90d1-b60111e3907a,Arbor,Del Rey,2009,,,catalog:arbor--del-rey,unverified,,2026-09-02T23:05:13.572077+00:00
d0503fa2-b164-4e03-a6cd-6b3e12010be0,Arbor,Directionals,1998,,,catalog:arbor--directionals,unverified,,2026-09-04T18:50:01.363043+00:00
e9cc7492-2aca-4d61-a0a0-166420737bad,Arbor,Draft,2004,,,catalog:arbor--draft,verified,,2026-09-02T23:05:13.572077+00:00
c2ea476a-79ae-400d-95eb-4f39ca79e68c,Arbor,Eden,2009,,,catalog:arbor--eden,unverified,,2026-09-02T23:05:13.572077+00:00
eb8ba796-51fb-43b1-9076-0da328b23f8c,Arbor,El Camino,2027,,,catalog:arbor--el-camino,unverified,,2026-09-02T23:05:13.572077+00:00
b25,Arbor,Element,2020,,,seed:linestry-research-2026-06,verified,,2026-03-13T00:16:16.048193+00:00
640e8377-1463-4799-a386-2fd63cbf58ba,Arbor,Element Alt,2007,,,catalog:arbor--element-alt,unverified,,2026-09-04T18:50:01.363043+00:00
be4d0212-c6e3-47e6-86c3-e22b773db3cc,Arbor,Element Black,2018,,,catalog:arbor--element-black,unverified,,2026-09-04T18:50:01.363043+00:00
48ab9fca-52ec-4eb1-96e6-7a2cdec9d345,Arbor,Element CX,2011,,,catalog:arbor--element-cx,unverified,,2026-09-04T18:50:01.363043+00:00
8a2f395c-b14a-4035-9242-d08e16d3caa9,Arbor,Element RX,2011,,,catalog:arbor--element-rx,unverified,,2026-09-04T18:50:01.363043+00:00
c6ac67c7-3c04-4df6-908d-31b17afddf7f,Arbor,Ethos,2014,,,catalog:arbor--ethos,verified,,2026-09-04T18:50:01.363043+00:00
9a46f56c-0558-4697-96b4-e8c8105ab7cf,Arbor,Formula,2004,,,catalog:arbor--formula,verified,,2026-09-02T23:05:13.572077+00:00
7cad4405-e081-4b3c-8a21-b0031efa6463,Arbor,Foundation,2016,,,catalog:arbor--foundation,unverified,,2026-09-04T18:50:01.363043+00:00
5f00e89d-24d8-488d-a720-65bf64268e13,Arbor,Free Ride,1997,,,catalog:arbor--free-ride,unverified,,2026-09-04T18:50:01.363043+00:00
b499b8f0-de9c-4722-9528-05bf9fa5d4dd,Arbor,Free Style,1997,,,catalog:arbor--free-style,unverified,,2026-09-04T18:50:01.363043+00:00
4705869e-9015-4b2b-b257-3289fe4d06e2,Arbor,GPS,2025,,,catalog:arbor--gps,unverified,,2026-09-04T18:50:01.363043+00:00
bd40a390-1280-4235-bf9d-124e6ab812de,Arbor,Helix,2017,,,catalog:arbor--helix,unverified,,2026-09-04T18:50:01.363043+00:00
043ee9c7-f843-4ed2-9bb8-dcb03d75e37b,Arbor,Heritage,2001,,,catalog:arbor--heritage,verified,,2026-09-02T23:05:13.572077+00:00
a5db7fc4-c203-46af-9792-5052982596c1,Arbor,Heritage Freeride,2000,,,catalog:arbor--heritage-freeride,unverified,,2026-09-04T18:50:01.363043+00:00
74c393fc-7aa2-4808-9e58-b71b81b8f658,Arbor,Kuro Neko,2027,,,catalog:arbor--kuro-neko,unverified,,2026-09-02T23:05:13.572077+00:00
c51b087b-d4aa-4cda-bf17-3ea531a96878,Arbor,Landmark Splitboard,2023,,,catalog:arbor--landmark-splitboard,unverified,,2026-09-04T18:50:01.363043+00:00
0de9a6c8-57af-48bf-9184-0b4924aa63b7,Arbor,Madre,2027,,,catalog:arbor--madre,unverified,,2026-09-02T23:05:13.572077+00:00
bb567e98-8786-45e7-86e0-ff692291895f,Arbor,Mantra,2027,,,catalog:arbor--mantra,unverified,,2026-09-02T23:05:13.572077+00:00
a9247cf6-665b-4acc-918c-2ffe6cffa89b,Arbor,Metal Machine,2027,,,catalog:arbor--metal-machine,unverified,,2026-09-02T23:05:13.572077+00:00
aaa4501d-44cc-4b21-968c-b0018d73137d,Arbor,Mickey Muñoz Freecarve,1999,,,catalog:arbor--mickey-munoz-freecarve,unverified,,2026-09-04T18:50:01.363043+00:00
9020090c-4ed1-47a3-bb8d-42a62602fd0e,Arbor,Mickey Muñoz Freeride,1999,,,catalog:arbor--mickey-munoz-freeride,unverified,,2026-09-04T18:50:01.363043+00:00
ddd6791a-2364-4664-9c9e-4376d4860ea2,Arbor,Mickey Muñoz Signature,2001,,,catalog:arbor--mickey-munoz-signature,unverified,,2026-09-04T18:50:01.363043+00:00
cf7e1bbf-5df7-40e3-93c6-415672f0aabc,Arbor,Mystic,2003,,,catalog:arbor--mystic,verified,,2026-09-02T23:05:13.572077+00:00
af6241db-de42-4181-9062-d7647b1d3347,Arbor,Nightrain,2010,,,catalog:arbor--nightrain,unverified,,2026-09-02T23:05:13.572077+00:00
42321be3-affc-4d0a-9286-389947518e74,Arbor,Padre,2027,,,catalog:arbor--padre,unverified,,2026-09-02T23:05:13.572077+00:00
94a6effe-b458-42fc-b31d-375eb5e0575a,Arbor,Poparazzi,2012,,,catalog:arbor--poparazzi,unverified,,2026-09-02T23:05:13.572077+00:00
796efed2-1777-45d5-8c18-f2c9dd59de53,Arbor,Progression,2002,,,catalog:arbor--progression,unverified,,2026-09-02T23:05:13.572077+00:00
9bb22ddd-dbf0-4e14-83d2-bc20e92f70c1,Arbor,Push,2008,,,catalog:arbor--push,unverified,,2026-09-02T23:05:13.572077+00:00
2110edd2-e46e-4c99-aba8-8cbab28a6c6d,Arbor,Rain,2026,,,catalog:arbor--rain,unverified,,2026-09-02T23:05:13.572077+00:00
be0262f8-3ee0-4364-90e7-afc4167dc711,Arbor,Red Gerard AM,2027,,,catalog:arbor--red-gerard-am,unverified,,2026-09-04T18:50:01.363043+00:00
651f8c07-223e-49ff-be77-8ab2c5418f6e,Arbor,Red Gerard Pro,2027,,,catalog:arbor--red-gerard-pro,unverified,,2026-09-02T23:05:13.572077+00:00
58d6542b-ca71-48eb-9525-2e404627a9ec,Arbor,Relapse,2012,,,catalog:arbor--relapse,unverified,,2026-09-02T23:05:13.572077+00:00
057446ec-d5a3-481f-9596-4c93e4d0de7b,Arbor,Rooster Fish,2027,,,catalog:arbor--rooster-fish,unverified,,2026-09-02T23:05:13.572077+00:00
b0b22003-d79d-4150-a0f7-de3e6ab1b693,Arbor,Roundhouse,2008,,,catalog:arbor--roundhouse,unverified,,2026-09-02T23:05:13.572077+00:00
26a11426-95ea-4041-90b3-38a0213b8f64,Arbor,Roundhouse CX,2012,,,catalog:arbor--roundhouse-cx,unverified,,2026-09-04T18:50:01.363043+00:00
e7e0fba2-f4cc-4e80-835b-802573666a1d,Arbor,Roundhouse RX,2012,,,catalog:arbor--roundhouse-rx,unverified,,2026-09-04T18:50:01.363043+00:00
b2786ab6-1319-449c-904b-6e906b24533a,Arbor,S Series,2003,,,catalog:arbor--s-series,unverified,,2026-09-02T23:05:13.572077+00:00
b293c2a3-cdcf-4f98-b164-2a8c8f026383,Arbor,Satori,2023,,,catalog:arbor--satori,unverified,,2026-09-04T18:50:01.363043+00:00
42ba1084-0052-436e-872f-25b9420a75a3,Arbor,Scion,2027,,,catalog:arbor--scion,unverified,,2026-09-02T23:05:13.572077+00:00
cd97c73f-773c-4f9c-887b-75b8b5ddf942,Arbor,Seedling,2027,,,catalog:arbor--seedling,unverified,,2026-09-02T23:05:13.572077+00:00
0afe7398-c50c-4eea-96f8-db2abbc6894a,Arbor,Shiloh Camber,2020,,,catalog:arbor--shiloh-camber,unverified,,2026-09-04T18:50:01.363043+00:00
36ed9817-6e80-4d69-b9fe-c23e41d6c275,Arbor,Shreddy Krueger,2015,,,catalog:arbor--shreddy-krueger,unverified,,2026-09-04T18:50:01.363043+00:00
a84ba7e4-ee5e-4958-92d9-aa39e136bd6d,Arbor,Signature,2001,,,catalog:arbor--signature,verified,,2026-09-02T23:05:13.572077+00:00
d1310913-d031-4ba6-a55b-fab4f05164fd,Arbor,Sin Cara,2027,,,catalog:arbor--sin-cara,unverified,,2026-09-02T23:05:13.572077+00:00
f76e8963-2020-48c6-a4f2-8de59f05c7b2,Arbor,Sin Nombre,2027,,,catalog:arbor--sin-nombre,verified,,2026-09-02T23:05:13.572077+00:00
c42c01b0-5b9f-4890-aac5-cfdfd1529b4a,Arbor,Single,2023,,,catalog:arbor--single,unverified,,2026-09-04T18:50:01.363043+00:00
c4c46762-2e4b-4daa-a453-93424d2c2fbd,Arbor,Stance,2005,,,catalog:arbor--stance,unverified,,2026-09-04T18:50:01.363043+00:00
2f702dc0-d054-4d79-9c3b-033896e403ca,Arbor,Steepwater,2014,,,catalog:arbor--steepwater,verified,,2026-09-04T18:50:01.363043+00:00
0a58e565-1ce8-4d72-aa91-d0d4bc687dff,Arbor,Swoon,2012,,,catalog:arbor--swoon,verified,,2026-09-02T23:05:13.572077+00:00
a7778ec4-9b0f-4f3a-bdc1-5156c30230ee,Arbor,System Rental,2014,,,catalog:arbor--system-rental,unverified,,2026-09-04T18:50:01.363043+00:00
aa328085-3087-45a8-a810-6bb09f6cc9eb,Arbor,Terra Twin,2024,,,catalog:arbor--terra-twin,unverified,,2026-09-04T18:50:01.363043+00:00
6d958a8c-33c9-4790-8b6d-05904364da4d,Arbor,Terrapin,2027,,,catalog:arbor--terrapin,unverified,,2026-09-02T23:05:13.572077+00:00
332e59b0-0287-45a8-8fe8-bf9959e3bb2e,Arbor,Terrapin PFD,2026,,,catalog:arbor--terrapin-pfd,unverified,,2026-09-04T18:50:01.363043+00:00
20ef1258-acfa-401e-89d1-78c9941b90f6,Arbor,Twin Tips,1996,,,catalog:arbor--twin-tips,unverified,,2026-09-04T18:50:01.363043+00:00
152a7e32-017d-4cca-9225-c968cfa14655,Arbor,Veda,2027,,,catalog:arbor--veda,unverified,,2026-09-02T23:05:13.572077+00:00
0a5af0fe-9921-4ae1-905a-97c5bd7f02a0,Arbor,Verado,2025,,,catalog:arbor--verado,unverified,,2026-09-04T18:50:01.363043+00:00
d08b1275-ecb7-477d-b014-8c01da428a7b,Arbor,Votive,2025,,,catalog:arbor--votive,unverified,,2026-09-04T18:50:01.363043+00:00
6ef4e1a1-7e31-444f-be95-71283182f5c6,Arbor,Wasteland,2008,,,catalog:arbor--wasteland,unverified,,2026-09-02T23:05:13.572077+00:00
fea61167-04df-45e4-8609-5e987ff0e4a5,Arbor,Watchtower,2014,,,catalog:arbor--watchtower,verified,,2026-09-04T18:50:01.363043+00:00
b1468b5c-1ae6-4995-b066-db692ac5bb69,Arbor,Westmark,2008,,,seed:linestry-research-2026-06,verified,,2026-06-19T05:24:20.410856+00:00
1d988a02-4d30-45df-9220-ece9b0e72ebe,Arbor,Westmark Camber Frank April Edt.,2017,,,catalog:arbor--westmark-camber-frank-april-edt,unverified,,2026-09-04T18:50:01.363043+00:00
87d70065-2a68-4c67-86cc-a51d9cf197d8,Arbor,Whiskey,2014,,,catalog:arbor--whiskey,verified,,2026-09-04T18:50:01.363043+00:00
592a9b50-8556-4dff-98d6-f042be3f63b4,Arbor,Woodie,2001,,,catalog:arbor--woodie,verified,,2026-09-02T23:05:13.572077+00:00
2c92d533-b02f-40a4-9195-109d84ac622c,Arbor,Woodie Freecarve,1999,,,catalog:arbor--woodie-freecarve,unverified,,2026-09-04T18:50:01.363043+00:00
d462c5e7-4749-48ef-a96c-c3997e0d3d43,Arbor,Woodie Freeride,1999,,,catalog:arbor--woodie-freeride,unverified,,2026-09-04T18:50:01.363043+00:00
e8f20d47-ddba-4155-af75-8e03b92b7a09,Arbor,Woodie Freestyle,1999,,,catalog:arbor--woodie-freestyle,unverified,,2026-09-04T18:50:01.363043+00:00
47bfc6d8-3970-4742-87bf-23c4494ffc59,Arbor,Zygote Twin,2016,,,catalog:arbor--zygote-twin,unverified,,2026-09-04T18:50:01.363043+00:00
9dca31d3-fca2-4244-aa79-1b9609a4b645,Atlantis,Ingmar Backman,1997,,,https://retrosnow.com/shop/atlantis/97/atlantis-ingmar-backman/,verified,,2026-09-04T20:38:46.266408+00:00
44279713-6850-4980-b0f6-c63f22b9d3f8,Atlantis,Nera 156,2026,,,catalog:atlantis--nera-156,unverified,,2026-09-04T18:50:01.363043+00:00
b5b0cb1c-f020-4189-85f8-ceb6c0403fa4,Atlantis,Riksgränsen 149,2026,,,catalog:atlantis--riksgransen-149,unverified,,2026-09-04T18:50:01.363043+00:00
93c45eee-c907-4f47-96f3-a6ef7891cd97,Atlantis,Riksgränsen Jockey 153 LTD,2026,,,catalog:atlantis--riksgransen-jockey-153-ltd,unverified,,2026-09-04T18:50:01.363043+00:00
f14edcb9-4c43-4fa5-a8cf-2e7904a94111,Atlantis,Riksgränsen Rose 157 LTD,2026,,,catalog:atlantis--riksgransen-rose-157-ltd,unverified,,2026-09-04T18:50:01.363043+00:00
73025a29-4d57-4c4f-898c-5ad3a853cc55,Atomic,Alibi,2004,,,catalog:atomic--alibi,verified,,2026-09-02T23:05:13.572077+00:00
b9c02945-b74d-4e7f-aa55-0492995591e2,Atomic,Axum,2010,,,catalog:atomic--axum,unverified,,2026-09-02T23:05:13.572077+00:00
41ede75b-920a-4097-a8b1-9deef57aa50b,Atomic,Banger,2010,,,catalog:atomic--banger,unverified,,2026-09-02T23:05:13.572077+00:00
3a28b953-3e9d-4d98-9127-60fc4965ad9e,Atomic,Bond,2004,,,catalog:atomic--bond,verified,,2026-09-02T23:05:13.572077+00:00
4fdb7929-fd12-49bc-8c3f-6d45551a600b,Atomic,Don,2004,,,catalog:atomic--don,verified,,2026-09-02T23:05:13.572077+00:00
15d02b22-2844-443a-9b61-9b49445ce4b3,Atomic,Don Sr.,2004,,,catalog:atomic--don-sr,verified,,2026-09-02T23:05:13.572077+00:00
4e56d2fb-6e8c-437b-9cb6-a1381fc07baa,Atomic,Fallen Angel,2010,,,catalog:atomic--fallen-angel,unverified,,2026-09-02T23:05:13.572077+00:00
fc44fc65-8fa6-4cd9-8418-d9e62993e951,Atomic,Hatchet,2004,,,catalog:atomic--hatchet,verified,,2026-09-02T23:05:13.572077+00:00
e414f15c-a992-42eb-9368-fb24b02ab237,Atomic,Kumicho,2004,,,catalog:atomic--kumicho,verified,,2026-09-02T23:05:13.572077+00:00
08f26173-a6c1-46e7-bed3-3f002e668d54,Atomic,Kung Pow,2004,,,catalog:atomic--kung-pow,verified,,2026-09-02T23:05:13.572077+00:00
be8df10b-b1aa-476e-9398-166614fb5b24,Atomic,Mighty D,2004,,,catalog:atomic--mighty-d,verified,,2026-09-02T23:05:13.572077+00:00
4e22545b-3ce7-4ad1-8061-35f78b2f97dc,Atomic,Mini D,2004,,,catalog:atomic--mini-d,verified,,2026-09-02T23:05:13.572077+00:00
1c184928-e185-43fa-94bf-eb415b727cf4,Atomic,Mugshot,2004,,,catalog:atomic--mugshot,verified,,2026-09-02T23:05:13.572077+00:00
ad67d3e6-1d09-4538-8da7-eba2d8a19339,Atomic,Pivot,2010,,,catalog:atomic--pivot,unverified,,2026-09-02T23:05:13.572077+00:00
dc143e77-4e4e-488b-98d1-d06fd09c8ab6,Atomic,Poacher,2010,,,catalog:atomic--poacher,unverified,,2026-09-02T23:05:13.572077+00:00
53314d46-4b99-47c5-9b25-744342d56dfb,Atomic,Polarity,2004,,,catalog:atomic--polarity,verified,,2026-09-02T23:05:13.572077+00:00
349aa158-ccf7-4f82-8343-199fb1e07331,Atomic,Radon,2004,,,catalog:atomic--radon,verified,,2026-09-02T23:05:13.572077+00:00
bbe4d6de-5b37-4027-a1cb-71f368e90ac1,Atomic,Rapture,2004,,,catalog:atomic--rapture,verified,,2026-09-02T23:05:13.572077+00:00
45c2a85d-7dfa-44b3-b8a2-0fbdf29a3809,Atomic,Stasher,2011,,,catalog:atomic--stasher,unverified,,2026-09-02T23:05:13.572077+00:00
95687328-e532-4829-826e-6273018f1c41,Atomic,Terminal,2010,,,catalog:atomic--terminal,unverified,,2026-09-02T23:05:13.572077+00:00
cc85bc68-d261-441f-892e-4ca8cd5433d3,Atomic,Tika,2004,,,catalog:atomic--tika,verified,,2026-09-02T23:05:13.572077+00:00
c8191bf9-abf8-47a0-9a03-41dc44607d2a,Atomic,Triarc,2004,,,catalog:atomic--triarc,verified,,2026-09-02T23:05:13.572077+00:00
ea48aa0f-1951-4b88-9dc0-bec83e01876e,Atomic,Vantage,2004,,,catalog:atomic--vantage,verified,,2026-09-02T23:05:13.572077+00:00
852fd7b3-5d6c-4da9-a9de-86b97ff65db6,Avalanche,Accel,1988,,,catalog:avalanche--accel,verified,,2026-09-02T23:05:13.572077+00:00
9510011e-dcc9-4c7b-a5fa-3e6707cc0766,Avalanche,Damian,1990,,,catalog:avalanche--damian,verified,,2026-09-02T23:05:13.572077+00:00
17ca6a75-4336-4dd9-b31f-f825f2f64974,Avalanche,Flex,1988,,,catalog:avalanche--flex,unverified,,2026-09-02T23:05:13.572077+00:00
752fd6bf-8d87-47c6-b69c-1a3c2ae0511c,Avalanche,Kick,1988,,,catalog:avalanche--kick,verified,,2026-09-02T23:05:13.572077+00:00
068f726e-230f-457d-8a51-64496917f671,Avalanche,Rat,1993,,,catalog:avalanche--rat,unverified,,2026-09-02T23:05:13.572077+00:00
74981b56-0d86-43bb-93dd-1767820667b2,Avalanche,RFX Slalom,1985,,,catalog:avalanche--rfx-slalom,verified,,2026-09-02T23:05:13.572077+00:00
35629042-059d-4c70-ab52-4933de9f709d,Avalanche,Sport,1988,,,catalog:avalanche--sport,unverified,,2026-09-02T23:05:13.572077+00:00
153e50bf-854e-4773-a1ae-3b62b64c85b9,Avalanche,Standard,2000,,,catalog:avalanche--standard,unverified,,2026-09-02T23:05:13.572077+00:00
1a48ac5b-361f-46ce-9dcf-6b078aff29c0,Avalanche,X-Elles,2000,,,catalog:avalanche--x-elles,unverified,,2026-09-02T23:05:13.572077+00:00
7768db01-c013-4a2c-9728-6a970b95373e,Barfoot,161 Graphite,1987,,,catalog:barfoot--161-graphite,unverified,,2026-09-02T23:05:13.572077+00:00
board_1781901029974_sgl1h,Barfoot,161 twintip,1990,,https://auth.linestry.com/storage/v1/object/public/board-images/boards/board_1781901029974_sgl1h/06fc2b45-0ddf-4836-b367-e50cfd1cc6e7-1781901118434.jpg,,unverified,06fc2b45-0ddf-4836-b367-e50cfd1cc6e7,2026-06-19T20:32:09.359142+00:00
board_1781889568346_nk0ls,Barfoot,Barfoot Snoboards 1981,1981,,,,unverified,0394914d-6ffd-4a18-aa1f-1aafee7ce53a,2026-06-19T17:19:28.924857+00:00
6f670896-9893-4960-87e3-633b272d0cd2,Barfoot,Estes Pro Model,1990,,,https://retrosnow.com/shop/barfoot/90-barfoot/barfoot-estes-pro-model-166/,verified,,2026-09-04T20:38:46.266408+00:00
b6f3ee04-fdbd-4f81-8daf-c23d15236c14,Barfoot,Freakstyle,1989,,,catalog:barfoot--freakstyle,verified,,2026-09-02T23:05:13.572077+00:00
bf1981,Barfoot,Freestyle,1981,directional,,,unverified,,2026-03-14T07:59:32.261092+00:00
board_1772833525919_63isk,Barfoot,Freestyle,1987,,,,unverified,0394914d-6ffd-4a18-aa1f-1aafee7ce53a,2026-03-06T21:45:26.101871+00:00
34d2da81-d836-456c-b52a-ced390fe08b3,Barfoot,Jon Boyer,1992,,,catalog:barfoot--jon-boyer,verified,,2026-09-02T23:05:13.572077+00:00
board_1781887884408_9zu47,Barfoot,Kloek,1983,,,,unverified,0394914d-6ffd-4a18-aa1f-1aafee7ce53a,2026-06-19T16:51:24.965088+00:00
aeb422ec-3c9b-44ef-b432-338ec9acedce,Barfoot,Mike Estes,1990,,,catalog:barfoot--mike-estes,verified,,2026-09-02T23:05:13.572077+00:00
26424feb-5814-4fe5-8963-c09223ff03c6,Barfoot,Team,1991,,,catalog:barfoot--team,verified,,2026-09-02T23:05:13.572077+00:00
4815f701-2674-49a1-b1b5-59466dcf5ae9,Barfoot,Twin Tip,1987,,,catalog:barfoot--twin-tip,verified,,2026-09-02T22:45:50.738206+00:00
52032756-401e-45c9-ab34-41dfca4f46e7,Bataleon,Airobic,2009,,,catalog:bataleon--airobic,verified,,2026-09-02T23:05:13.572077+00:00
55ed00c6-d288-49d1-8f9c-19677a21cf17,Bataleon,Blow,2018,,,catalog:bataleon--blow,verified,,2026-09-02T23:05:13.572077+00:00
c1ed7f3c-ea28-44e5-9d7c-6c3e025f34df,Bataleon,Boss,2014,,,catalog:bataleon--boss,verified,,2026-09-02T23:05:13.572077+00:00
0ced6692-aed2-4ff7-9115-471fedf2a9ea,Bataleon,Camel Toe,2013,,,catalog:bataleon--camel-toe,verified,,2026-09-02T23:05:13.572077+00:00
7650ed59-e03a-4c15-8dc2-1530bac6bec9,Bataleon,Cameleon,2025,,,catalog:bataleon--cameleon,verified,,2026-09-02T23:05:13.572077+00:00
80cda463-1019-4d0d-9f9a-4ebdc4121fa9,Bataleon,Carver,2017,,,catalog:bataleon--carver,verified,,2026-09-02T23:05:13.572077+00:00
1a6f865b-a037-480b-b23f-68c2255932ce,Bataleon,Chaser,2019,,,catalog:bataleon--chaser,verified,,2026-09-02T23:05:13.572077+00:00
bd60f560-5eef-40ee-8533-1240b62a3130,Bataleon,Cruiser,2023,,,catalog:bataleon--cruiser,verified,,2026-09-02T23:05:13.572077+00:00
b26,Bataleon,Disaster,2021,,,seed:linestry-research-2026-06,verified,,2026-03-13T00:16:16.048193+00:00
765c80b2-72fe-4131-9245-b18b59295280,Bataleon,Distortia,2008,,,catalog:bataleon--distortia,verified,,2026-09-02T23:05:13.572077+00:00
9ff7bd50-4eb5-40af-a6df-164b946e2889,Bataleon,Enemy,2005,,,catalog:bataleon--enemy,verified,,2026-09-02T23:05:13.572077+00:00
eeaa1da7-8388-440e-9e30-2a3c84f5d2fe,Bataleon,Evil Teen,2026,,,catalog:bataleon--evil-teen,unverified,,2026-09-04T18:50:01.363043+00:00
4d03fed5-8dfd-415f-9572-f9d38a8f418e,Bataleon,Evil Twin,2007,,,seed:linestry-research-2026-06,verified,,2026-06-19T05:24:20.410856+00:00
297ed76f-3667-46b9-a2d8-fbd2dc1b1afc,Bataleon,Evil Twin 20Y,2026,,,catalog:bataleon--evil-twin-20y,unverified,,2026-09-04T18:50:01.363043+00:00
4b2d8919-718b-4a26-911e-2133514e0796,Bataleon,Evil Twin Asymmetrical,2015,,,catalog:bataleon--evil-twin-asymmetrical,verified,,2026-09-02T23:05:13.572077+00:00
2b3aaf55-d608-4a00-b78c-f79380e3c99e,Bataleon,Feelbetter,2009,,,catalog:bataleon--feelbetter,verified,,2026-09-02T23:05:13.572077+00:00
7abd655d-049f-4842-9921-9b5f4b346c92,Bataleon,Fun.Kink,2008,,,catalog:bataleon--fun-kink,verified,,2026-09-02T23:05:13.572077+00:00
083e8481-c4ff-4ec1-b4a3-02e26a1f5093,Bataleon,Global Warmer,2013,,,catalog:bataleon--global-warmer,verified,,2026-09-02T23:05:13.572077+00:00
47866924-f399-4058-9d0e-c5d40cabfb40,Bataleon,Goliath,2005,,,seed:linestry-research-2026-06,verified,,2026-06-19T05:24:20.410856+00:00
88394089-d308-410f-b1db-5c60aa63d5d2,Bataleon,Love Powder,2015,,,catalog:bataleon--love-powder,verified,,2026-09-02T23:05:13.572077+00:00
6daef22f-93d4-414a-ba19-4a5914e4f9a6,Bataleon,Magic Carpet,2016,,,catalog:bataleon--magic-carpet,verified,,2026-09-02T23:05:13.572077+00:00
0e4359f0-ac60-4472-b74e-f8d9951ee17a,Bataleon,Men's Mojo,2027,,,catalog:bataleon--mens-mojo,unverified,,2026-09-04T18:50:01.363043+00:00
9c26dbd7-3092-4b6c-910f-7fee689fb1fe,Bataleon,Minishred,2026,,,catalog:bataleon--minishred,unverified,,2026-09-04T18:50:01.363043+00:00
3d80630b-5019-42eb-8634-0aba08369fe5,Bataleon,Moodboard,2026,,,catalog:bataleon--moodboard,unverified,,2026-09-04T18:50:01.363043+00:00
14796c96-5a9b-400d-9c27-d8aa5efa405b,Bataleon,Omni,2010,,,catalog:bataleon--omni,verified,,2026-09-02T23:05:13.572077+00:00
06303646-5dc5-4eb9-81ca-b1108b4ae2f1,Bataleon,Party Wave,2019,,,catalog:bataleon--party-wave,verified,,2026-09-02T23:05:13.572077+00:00
083bcd3e-896e-42e2-b643-80ec022509b4,Bataleon,Push Up,2013,,,catalog:bataleon--push-up,verified,,2026-09-02T23:05:13.572077+00:00
05016091-694c-4030-9933-9d64546358fe,Bataleon,Riot,2008,,,catalog:bataleon--riot,verified,,2026-09-02T23:05:13.572077+00:00
72dc3754-9b14-4d5c-8645-d7d41ae6e76d,Bataleon,Spirit,2018,,,catalog:bataleon--spirit,verified,,2026-09-02T23:05:13.572077+00:00
c4be49a1-8f79-48db-bf98-5adb113cfc6c,Bataleon,Stallion,2018,,,catalog:bataleon--stallion,verified,,2026-09-02T23:05:13.572077+00:00
1d63fbf8-9565-4b88-8091-a0fc3d18d11b,Bataleon,Stereo Team,2027,,,catalog:bataleon--stereo-team,unverified,,2026-09-04T18:50:01.363043+00:00
36410490-e8c0-4e31-b863-401368dc4c0a,Bataleon,Stuntwood Youth,2026,,,catalog:bataleon--stuntwood-youth,unverified,,2026-09-04T18:50:01.363043+00:00
aa4fb571-1fb6-4e47-b1e7-a49db3425e80,Bataleon,Surfer,2017,,,catalog:bataleon--surfer,verified,,2026-09-02T23:05:13.572077+00:00
a1ab26b3-43b2-472f-a374-ceb16ac753e7,Bataleon,The Hero,2005,,,catalog:bataleon--the-hero,verified,,2026-09-02T23:05:13.572077+00:00
5d81103a-bc8a-4aff-bf19-8c81554202eb,Bataleon,The Jam,2008,,,catalog:bataleon--the-jam,verified,,2026-09-02T23:05:13.572077+00:00
b5431cfe-d944-4cca-8104-bc7cf4647740,Bataleon,Thunder,2021,,,catalog:bataleon--thunder,verified,,2026-09-02T23:05:13.572077+00:00
a213d716-f08c-43b0-845f-a1ad6a844198,Bataleon,ThunderStorm,2026,,,catalog:bataleon--thunderstorm,unverified,,2026-09-04T18:50:01.363043+00:00
a52c3cdb-84eb-431a-bcdc-0a53d8f72fc0,Bataleon,Turbo,2025,,,catalog:bataleon--turbo,verified,,2026-09-02T23:05:13.572077+00:00
d1f3a96f-08b9-4dbb-9800-e66419e3fffb,Bataleon,Undisputed,2006,,,catalog:bataleon--undisputed,verified,,2026-09-02T23:05:13.572077+00:00
87a876f1-0309-47e2-9414-e51113b979e7,Bataleon,Violenza,2007,,,catalog:bataleon--violenza,verified,,2026-09-02T23:05:13.572077+00:00
0de9394a-a019-4459-8476-038fed059429,Bataleon,Wallie,2017,,,catalog:bataleon--wallie,verified,,2026-09-02T23:05:13.572077+00:00
1d501a3d-d43e-41ac-acc3-4a4406d110d8,Bataleon,Whatever,2012,,,catalog:bataleon--whatever,verified,,2026-09-02T23:05:13.572077+00:00
ba6520e3-092f-4bc7-a261-ac06205f6667,Bataleon,Whatever Rop van Mierlo,2026,,,catalog:bataleon--whatever-rop-van-mierlo,unverified,,2026-09-04T18:50:01.363043+00:00
81008aa5-4507-49e7-ac33-6737c8800954,BC Stream,Hammerhead NW,2026,,,catalog:bc-stream--hammerhead-nw,unverified,,2026-09-02T23:05:13.572077+00:00
ee817829-3f34-433e-a46c-9e0f1cab1578,Black Pearl,BP⇔FS Carve,2021,,,catalog:black-pearl--bp-fs-carve,unverified,,2026-09-04T18:50:01.363043+00:00
d4c36943-72d2-44ed-8db3-675523f3ba63,Black Pearl,BP⇔FS grip,2021,,,catalog:black-pearl--bp-fs-grip,unverified,,2026-09-04T18:50:01.363043+00:00
f4158383-7e1e-4d87-8c46-933120b02b43,Black Pearl,BP⇔FS Smooth,2021,,,catalog:black-pearl--bp-fs-smooth,unverified,,2026-09-04T18:50:01.363043+00:00
f339d831-a90e-46dd-88a5-67bb581a2fb4,Black Pearl,BP2-10,2021,,,catalog:black-pearl--bp2-10,unverified,,2026-09-04T18:50:01.363043+00:00
ba3a5a90-f0eb-4ee4-a811-daf47c047df2,Black Pearl,BP3-06 medius,2021,,,catalog:black-pearl--bp3-06-medius,unverified,,2026-09-04T18:50:01.363043+00:00
fd3901f7-dd1a-48c8-9d59-70a1e2da2992,Black Pearl,BP4-04,2021,,,catalog:black-pearl--bp4-04,unverified,,2026-09-04T18:50:01.363043+00:00
6bb9806d-2367-4e3d-940d-73fcc4cd667d,Black Pearl,Kid's BLACKPEARL,2021,,,catalog:black-pearl--kids-blackpearl,unverified,,2026-09-04T18:50:01.363043+00:00
5e2f839c-bb33-4f87-b458-27c4b611f417,Black Pearl,Montem,2021,,,catalog:black-pearl--montem,unverified,,2026-09-04T18:50:01.363043+00:00
b37ab105-6b4c-47d9-a9ae-ea7aab1639c7,Black Pearl,spes-06,2021,,,catalog:black-pearl--spes-06,unverified,,2026-09-04T18:50:01.363043+00:00
e5212b78-f7c0-40a6-959d-bdf61fa6fa3a,Blackhole Snowboards,All Mountain Split,2026,,,catalog:blackhole-snowboards--all-mountain-split,unverified,,2026-09-04T18:50:02.038797+00:00
27df0c87-e136-4c1c-be06-aa54465e5497,Blackhole Snowboards,B1,2026,,,catalog:blackhole-snowboards--b1,unverified,,2026-09-04T18:50:02.038797+00:00
64c4a5be-f737-4b60-b16e-06e1f9a5e601,Blackhole Snowboards,B4,2026,,,catalog:blackhole-snowboards--b4,unverified,,2026-09-04T18:50:02.038797+00:00
26e37f19-3a01-4205-b55c-07a2c15472a3,Blackhole Snowboards,BSome1 (wide),2026,,,catalog:blackhole-snowboards--bsome1-wide,unverified,,2026-09-04T18:50:02.038797+00:00
003d1b0d-2acb-4479-88e1-1a4a2870c707,Blackhole Snowboards,Dream,2026,,,catalog:blackhole-snowboards--dream,unverified,,2026-09-04T18:50:02.038797+00:00
f750d105-c2b2-4199-a0dc-f455f685ae04,Blackhole Snowboards,Dream 24,2024,,,catalog:blackhole-snowboards--dream-24,unverified,,2026-09-04T18:50:02.038797+00:00
67d92d53-5817-42bb-ae56-0cf35fdd521c,Blackhole Snowboards,Elk,2026,,,catalog:blackhole-snowboards--elk,unverified,,2026-09-04T18:50:02.038797+00:00
393deef6-fd1e-44ba-af7b-ae3e68c9e3e8,Blackhole Snowboards,Escape 2.0,2026,,,catalog:blackhole-snowboards--escape-2-0,unverified,,2026-09-04T18:50:02.038797+00:00
152602d8-be1b-40fa-b85d-f4e0e2c8440f,Blackhole Snowboards,Escape 24,2024,,,catalog:blackhole-snowboards--escape-24,unverified,,2026-09-04T18:50:02.038797+00:00
48963bb4-cacf-4fff-8abc-99426286b3c7,Blackhole Snowboards,Escape Wide,2026,,,catalog:blackhole-snowboards--escape-wide,unverified,,2026-09-04T18:50:02.038797+00:00
60da524e-36c4-48d3-ac7c-306b17fa7621,Blackhole Snowboards,Escape Wide 24,2024,,,catalog:blackhole-snowboards--escape-wide-24,unverified,,2026-09-04T18:50:02.038797+00:00
b917e57a-b45c-449b-a453-33b661a94bd6,Blackhole Snowboards,Freeride,2026,,,catalog:blackhole-snowboards--freeride,unverified,,2026-09-04T18:50:02.038797+00:00
fdaaf6d0-43d2-4a82-922d-02d6093064e2,Blackhole Snowboards,Freeride 2.0,2026,,,catalog:blackhole-snowboards--freeride-2-0,unverified,,2026-09-04T18:50:02.038797+00:00
c39b6ab5-8834-4295-9475-1a0947a7a930,Blackhole Snowboards,Ignition,2026,,,catalog:blackhole-snowboards--ignition,unverified,,2026-09-04T18:50:02.038797+00:00
00c59013-5ead-4c22-9deb-ca6e1b12bd0e,Blackhole Snowboards,Split,2026,,,catalog:blackhole-snowboards--split,unverified,,2026-09-04T18:50:02.038797+00:00
e63dd3d9-770c-4a46-9e16-06e249f40a36,Blackhole Snowboards,V Skate,2026,,,catalog:blackhole-snowboards--v-skate,unverified,,2026-09-04T18:50:02.038797+00:00
4884a0c3-207c-4084-9e46-7dd2f8bfd177,Blackhole Snowboards,V Skate 24,2024,,,catalog:blackhole-snowboards--v-skate-24,unverified,,2026-09-04T18:50:02.038797+00:00
29a54add-9740-44de-8c62-0a3bcdfbd4cb,Blackhole Snowboards,V Skate 25,2025,,,catalog:blackhole-snowboards--v-skate-25,unverified,,2026-09-04T18:50:02.038797+00:00
85f1040d-a468-4de8-b9ef-d7c427e25521,Blackhole Snowboards,WR3 Limited,2026,,,catalog:blackhole-snowboards--wr3-limited,unverified,,2026-09-04T18:50:02.038797+00:00
6db66041-f3e8-4da8-ba43-1d38b69c4f57,Borealis,Alpine Pro Splitboard,2026,,,catalog:borealis--alpine-pro-splitboard,unverified,,2026-09-04T18:50:02.038797+00:00
f2532125-3a78-4857-aa5e-98f3fa734af2,Borealis,Artefact,2026,,,catalog:borealis--artefact,unverified,,2026-09-04T18:50:02.038797+00:00
7ffc9e5a-0435-4bd2-9409-41072833e3be,Borealis,Auriga,2026,,,catalog:borealis--auriga,unverified,,2026-09-04T18:50:02.038797+00:00
c6ea550d-86f7-45a9-adff-e8a74c18c6b1,Borealis,Auriga One,2026,,,catalog:borealis--auriga-one,unverified,,2026-09-04T18:50:02.038797+00:00
0beb4c61-80ec-44a3-a68b-257afb8be1b0,Borealis,Drakkar,2026,,,catalog:borealis--drakkar,unverified,,2026-09-04T18:50:02.038797+00:00
949bb001-815b-4b26-8f68-2b556de0e6e9,Borealis,Horizon,2025,,,catalog:borealis--horizon,unverified,,2026-09-04T18:50:02.038797+00:00
5cd7bf9c-ff92-4059-8e12-8a45ea00bab7,Borealis,Koi,2026,,,catalog:borealis--koi,unverified,,2026-09-04T18:50:02.038797+00:00
6b21ebe7-028c-4cf1-9f1c-234ccbb64c08,Borealis,Leviathan,2026,,,catalog:borealis--leviathan,unverified,,2026-09-04T18:50:02.038797+00:00
056f492d-0559-43ca-bfd8-402243334f4c,Borealis,Marauder,2026,,,catalog:borealis--marauder,unverified,,2026-09-04T18:50:02.038797+00:00
f84da0d5-7b4d-4102-a186-f6e367494965,Borealis,Pilot Fish,2027,,,catalog:borealis--pilot-fish,unverified,,2026-09-04T18:50:02.038797+00:00
58055b2f-7071-4cb7-8a5d-363c140cad4c,Borealis,Ramen Express Splitboard,2027,,,catalog:borealis--ramen-express-splitboard,unverified,,2026-09-04T18:50:02.038797+00:00
30296611-f91f-4e1b-9519-551d121d47f9,Borealis,Reactor,2027,,,catalog:borealis--reactor,unverified,,2026-09-04T18:50:02.038797+00:00
9e9bd0d1-7058-4786-9d79-743a9fd3d75d,Borealis,Tundra,2026,,,catalog:borealis--tundra,unverified,,2026-09-04T18:50:02.038797+00:00
6c7fe595-22de-4cbc-93e9-c98fbad35ff0,Burton,3D Daily Driver,2023,,,catalog:burton--3d-daily-driver,unverified,,2026-09-02T23:05:13.572077+00:00
78bdcdb7-88c2-4647-ada2-8cb4b86e2bd0,Burton,3D Deep Daze,2023,,,catalog:burton--3d-deep-daze,verified,,2026-09-02T23:05:13.572077+00:00
1aa451c8-db4f-4a79-b2ed-b76d38678753,Burton,3D Double Dog,2023,,,catalog:burton--3d-double-dog,verified,,2026-09-02T23:05:13.572077+00:00
f53b6ddb-368c-4b7d-ab76-817c3c6b836b,Burton,3D Fish Directional Flat Top,2026,,,catalog:burton--3d-fish-directional-flat-top,unverified,,2026-09-04T18:50:01.363043+00:00
a215b493-1b1e-405f-8ea1-79b441184979,Burton,A Deck,1996,,,catalog:burton--a-deck,verified,,2026-09-02T23:05:13.572077+00:00
a28f22af-8a24-4fa5-b835-81f4c0cc3bc0,Burton,A Series,1998,,,catalog:burton--a-series,unverified,,2026-09-02T23:05:13.572077+00:00
d3fda843-e1ff-46a9-9825-2313f51cd591,Burton,After School Special,2011,,,catalog:burton--after-school-special,verified,,2026-09-02T23:05:13.572077+00:00
7de8d21b-8bd6-43ac-a1bd-f41b593d2933,Burton,Aftermath,2012,,,catalog:burton--aftermath,verified,,2026-09-02T23:05:13.572077+00:00
98a431c2-d515-4515-892c-3d27f14ca531,Burton,Air,1988,,,seed:linestry-research-2026-06,verified,,2026-06-19T05:24:20.410856+00:00
c9ebb610-1a93-42fb-9de3-21f6f02362a8,Burton,Air 1.1,1994,,,catalog:burton--air-1-1,unverified,,2026-09-04T18:50:01.363043+00:00
d52a46e7-b359-4548-8e34-062da875713d,Burton,Air 11,1995,,,catalog:burton--air-11,unverified,,2026-09-04T18:50:01.363043+00:00
b9e1c3fe-6bae-40c3-b2b6-aaac8c675363,Burton,Air 2.8,1992,,,catalog:burton--air-2-8,unverified,,2026-09-04T18:50:01.363043+00:00
0641739c-e138-4cbd-b667-ba0ccd0ba110,Burton,Air 29,1995,,,catalog:burton--air-29,unverified,,2026-09-04T18:50:01.363043+00:00
2cc9e5b3-ad33-46b0-a77a-83cbe5fcc3ce,Burton,Air 3,1991,,,catalog:burton--air-3,unverified,,2026-09-04T18:50:01.363043+00:00
ed15e018-346d-48d9-a69d-9859d4c50205,Burton,Air 3.0,1993,,,catalog:burton--air-3-0,unverified,,2026-09-04T18:50:01.363043+00:00
7b257dbc-0155-4fcd-894c-b8f2d1a6ab33,Burton,Air 3.1,1994,,,catalog:burton--air-3-1,unverified,,2026-09-04T18:50:01.363043+00:00
fe79827d-6045-4cb2-b172-b959fd594a65,Burton,Air 4.1,1993,,,catalog:burton--air-4-1,unverified,,2026-09-04T18:50:01.363043+00:00
51a2d895-f337-4f73-8b4e-57607d438314,Burton,Air 40,1995,,,catalog:burton--air-40,unverified,,2026-09-04T18:50:01.363043+00:00
5000a6f9-28a8-4b6d-be4e-c437e9812f02,Burton,Air 45,1995,,,catalog:burton--air-45,unverified,,2026-09-04T18:50:01.363043+00:00
4c830822-4827-48d0-af25-8cbb3efbb82a,Burton,Air 5,1991,,,catalog:burton--air-5,unverified,,2026-09-04T18:50:01.363043+00:00
2ba462fe-bbc9-42d9-aeaa-ff8038cee48b,Burton,Air 5.1,1992,,,catalog:burton--air-5-1,unverified,,2026-09-04T18:50:01.363043+00:00
9b24dfe7-3c33-48a9-99c2-d5636ba53a6d,Burton,Air 5.5,1994,,,catalog:burton--air-5-5,unverified,,2026-09-04T18:50:01.363043+00:00
e24e5931-fd50-4915-a3ac-aeef96b76342,Burton,Air 50,1995,,,catalog:burton--air-50,unverified,,2026-09-04T18:50:01.363043+00:00
86838d08-60d4-4a62-90d2-48215c7884e6,Burton,Air 55,1995,,,catalog:burton--air-55,unverified,,2026-09-04T18:50:01.363043+00:00
763f986c-c8b9-477b-b115-9e4e7586b8ca,Burton,Air 6,1991,,,catalog:burton--air-6,verified,,2026-09-04T18:50:01.363043+00:00
71cc00eb-89b2-4d53-8627-0c247ad9c212,Burton,Air 6.1,1992,,,catalog:burton--air-6-1,unverified,,2026-09-04T18:50:01.363043+00:00
f86b0b36-7dc2-4b86-be4e-2d432a00e624,Burton,Air 6.6,1994,,,catalog:burton--air-6-6,unverified,,2026-09-04T18:50:01.363043+00:00
5847f476-2b8d-4742-b8b8-dce6bd1cf752,Burton,Air 60,1995,,,catalog:burton--air-60,unverified,,2026-09-04T18:50:01.363043+00:00
a7b7af2c-d7ad-4adb-ba3b-14e6ae3637ba,Burton,Air 64,1995,,,catalog:burton--air-64,unverified,,2026-09-04T18:50:01.363043+00:00
e0f73674-b151-4c71-8987-b7e4fef17e59,Burton,Air 7.8,1994,,,catalog:burton--air-7-8,unverified,,2026-09-04T18:50:01.363043+00:00
ec324ed7-eb0f-4aa8-ae17-5d094bdc738d,Burton,Air 74,1995,,,catalog:burton--air-74,unverified,,2026-09-04T18:50:01.363043+00:00
9f75f7d0-2508-451a-a917-807ca3c8e142,Burton,Alekesam,2025,,,catalog:burton--alekesam,unverified,,2026-09-02T23:05:13.572077+00:00
a292fd06-710c-4f2d-9f43-7cab4a688b05,Burton,Alp,1995,,,catalog:burton--alp,verified,,2026-09-02T23:05:13.572077+00:00
ba999da2-06e4-473c-97d4-b9dfbebd123e,Burton,Alp 5.0,1995,,,catalog:burton--alp-5-0,unverified,,2026-09-04T18:50:01.363043+00:00
89315262-bbf7-4bcf-bca0-acea70116744,Burton,Alp 5.7,1995,,,catalog:burton--alp-5-7,unverified,,2026-09-04T18:50:01.363043+00:00
489c908d-178e-43d7-9768-12b2cee03f62,Burton,Alp 6.4,1995,,,catalog:burton--alp-6-4,unverified,,2026-09-04T18:50:01.363043+00:00
adff78d9-bdc5-432f-ab53-25dc06e891b9,Burton,Alp 7.0,1995,,,catalog:burton--alp-7-0,unverified,,2026-09-04T18:50:01.363043+00:00
abd058d3-99a9-4c9d-8f9a-4bebe09d9224,Burton,Alpha,2007,,,catalog:burton--alpha,verified,,2026-09-02T23:05:13.572077+00:00
8808aa87-b30c-4afb-9f98-c2d4474d2c22,Burton,Amp,1995,,,catalog:burton--amp,unverified,,2026-09-02T23:05:13.572077+00:00
17221f95-46c5-4bbe-b6e3-6da3634f0bef,Burton,Amp 4,1995,,,catalog:burton--amp-4,unverified,,2026-09-04T18:50:01.363043+00:00
e3b94a77-ea99-4931-89b6-d153e29521e6,Burton,Amp 5,1995,,,catalog:burton--amp-5,unverified,,2026-09-04T18:50:01.363043+00:00
400e19e6-b959-4fb8-b261-66728af8f7cb,Burton,Amp 6,1995,,,catalog:burton--amp-6,unverified,,2026-09-04T18:50:01.363043+00:00
7efb16d1-0c8c-4f49-8eb0-51f6b04403e9,Burton,Amplifier,2018,,,catalog:burton--amplifier,verified,,2026-09-02T23:05:13.572077+00:00
c329d4f4-9a87-44ec-9f34-88b0c402a9a8,Burton,Anti-Social,2013,,,catalog:burton--anti-social,verified,,2026-09-02T23:05:13.572077+00:00
7b6c1209-9391-48db-aa83-2e7ae12f5015,Burton,Antler,2013,,,catalog:burton--antler,verified,,2026-09-02T23:05:13.572077+00:00
4df307b6-4788-4e59-9b0b-5a1557b6e914,Burton,Artifact,2012,,,catalog:burton--artifact,verified,,2026-09-02T23:05:13.572077+00:00
cc0abaa2-1779-40d0-8c58-339d02bed8c6,Burton,Asym Air,1992,,,catalog:burton--asym-air,verified,,2026-09-02T23:05:13.572077+00:00
a33b4e65-5144-4633-a752-0c2aac9c2296,Burton,Asym Air 54,1995,,,catalog:burton--asym-air-54,unverified,,2026-09-04T18:50:01.363043+00:00
7bc523b8-c39a-4bbe-bf51-ee74def1af74,Burton,Asym Air 64,1995,,,catalog:burton--asym-air-64,unverified,,2026-09-04T18:50:01.363043+00:00
50384fb0-23b5-43cc-8d92-6df3cee58da1,Burton,Aura,2009,,,catalog:burton--aura,unverified,,2026-09-02T23:05:13.572077+00:00
84b5baa6-2078-4a1f-b7ce-1fa2534691e7,Burton,Backhill,1980,,,seed:linestry-research-2026-06,verified,,2026-06-19T05:24:20.410856+00:00
ae0656e1-1d10-4c98-8c6a-d7f3b15853ef,Burton,Backhill (BB1),1978,,,catalog:burton--backhill-bb1,verified,,2026-09-02T22:45:50.738206+00:00
d7a82b50-1e11-49a4-a6fd-87d83b4aa96f,Burton,Backseat Driver,2020,,,catalog:burton--backseat-driver,verified,,2026-09-02T23:05:13.572077+00:00
5ba72484-d92d-4974-8f2e-9a1c56468bf7,Burton,Backyard,1982,,,catalog:burton--backyard,verified,,2026-09-04T18:50:01.363043+00:00
001386d6-6005-4060-b5f3-7b3569122d96,Burton,Backyard (BBII),1979,,,catalog:burton--backyard-bbii,verified,,2026-09-02T23:05:13.572077+00:00
7d731a81-e808-43b9-bddf-d57a51b1727f,Burton,Balance,1996,,,catalog:burton--balance,unverified,,2026-09-02T23:05:13.572077+00:00
743d3863-94ec-4f2f-a778-c8dd6db1f6d9,Burton,Balance 52,1996,,,catalog:burton--balance-52,unverified,,2026-09-04T18:50:01.363043+00:00
f777d8ec-2ca8-4d41-8b80-92afc3f8a8bf,Burton,Balance 56,1997,,,catalog:burton--balance-56,unverified,,2026-09-04T18:50:01.363043+00:00
f34a27a9-5aea-406f-ac68-2fb1d02c1645,Burton,Baron,2004,,,catalog:burton--baron,unverified,,2026-09-02T23:05:13.572077+00:00
bc4293d0-91c9-41e2-bb6d-924478e3657b,Burton,Barracuda,2012,,,catalog:burton--barracuda,verified,,2026-09-02T23:05:13.572077+00:00
49415db5-f029-4fea-92cc-22e69a570f50,Burton,BBY,2009,,,catalog:burton--bby,unverified,,2026-09-02T23:05:13.572077+00:00
0ae43c71-0d9d-47ce-9809-5ee857fd75d6,Burton,Big Air,1996,,,catalog:burton--big-air,unverified,,2026-09-04T18:50:01.363043+00:00
417b2e95-6bd7-4642-a241-49d499137ded,Burton,Big Gulp,2021,,,catalog:burton--big-gulp,unverified,,2026-09-02T23:05:13.572077+00:00
ac6fdc1f-114b-4ccf-8f37-ad6eb863daa7,Burton,Blacktop,1994,,,catalog:burton--blacktop,verified,,2026-09-02T23:05:13.572077+00:00
02810d26-0b74-454c-b9da-a44a22f8ad3a,Burton,Blacktop Twin,1994,,,https://retrosnow.com/shop/burton/burton-94/burton-blacktop-twin-153/,verified,,2026-09-04T20:38:46.266408+00:00
a706fd0b-67b0-4a2c-8ff9-0c6bb434cd2f,Burton,Blender,2009,,,catalog:burton--blender,verified,,2026-09-02T23:05:13.572077+00:00
efa089e5-d61a-416c-98f5-bc536803b9f4,Burton,Blossom,2023,,,catalog:burton--blossom,verified,,2026-09-02T23:05:13.572077+00:00
141ba025-5f67-481c-b67f-b7157427184b,Burton,Blunt,2006,,,catalog:burton--blunt,verified,,2026-09-02T23:05:13.572077+00:00
63bb6ea5-979b-4a07-bc1d-c4bab35158d6,Burton,BMC,2001,,,catalog:burton--bmc,unverified,,2026-09-02T23:05:13.572077+00:00
ba8e5f53-71c0-4229-8b71-2d877f2b2a1c,Burton,Board Amazing,2011,,,catalog:burton--board-amazing,verified,,2026-09-02T23:05:13.572077+00:00
51249c2f-0b08-47b8-a1d1-bc62f6612d73,Burton,Board of Health,2012,,,catalog:burton--board-of-health,verified,,2026-09-02T23:05:13.572077+00:00
09883d8e-124c-4b2b-94c4-5a3dcb0c8f58,Burton,Bottom Feeder,2019,,,catalog:burton--bottom-feeder,unverified,,2026-09-02T23:05:13.572077+00:00
764374a9-d0da-4f95-b55d-8441e8d2daf3,Burton,Branch Manager,2017,,,catalog:burton--branch-manager,unverified,,2026-09-02T23:05:13.572077+00:00
ae791495-dcad-4c87-b64c-2208945c244c,Burton,Brushie,1993,,,catalog:burton--brushie,verified,,2026-09-02T23:05:13.572077+00:00
29006f28-967f-4af9-a0ed-51e8b682c19a,Burton,Brushie 53,1995,,,catalog:burton--brushie-53,unverified,,2026-09-04T18:50:01.363043+00:00
2fe7063e-b37c-4c42-9a0f-2917a8f88e15,Burton,Brushie Trout,1993,,,https://retrosnow.com/shop/burton/burton-93/burton-brushie-trout/,verified,,2026-09-04T20:38:46.266408+00:00
392d96b7-f6ff-43d9-a9f4-383957bb3baf,Burton,Bryan Iguchi 55,1996,,,catalog:burton--bryan-iguchi-55,unverified,,2026-09-04T18:50:01.363043+00:00
54a211ab-827b-46aa-8d3d-a0807dc4f058,Burton,Bullet,2001,,,catalog:burton--bullet,verified,,2026-09-02T23:05:13.572077+00:00
44f76d07-68e1-4658-91a8-239c964dd5a7,Burton,Burden,2012,,,catalog:burton--burden,verified,,2026-09-02T23:05:13.572077+00:00
4ff1bf86-5ec0-4ca6-9b0d-a1c3ca32dbfa,Burton,Burton Air,1991,,,catalog:burton--burton-air,unverified,,2026-09-04T18:50:01.363043+00:00
819811e6-c6b5-4d16-90fc-37df294e1ce0,Burton,Canyon,1999,,,catalog:burton--canyon,unverified,,2026-09-02T23:05:13.572077+00:00
9682bd7b-7dde-4b28-b917-2fed7f65217d,Burton,Cartographer,2023,,,catalog:burton--cartographer,verified,,2026-09-02T23:05:13.572077+00:00
10189937-538d-4074-a557-94ec40d7e6fc,Burton,Cascade,2001,,,catalog:burton--cascade,unverified,,2026-09-02T23:05:13.572077+00:00
687715fe-ae58-4f8e-9f48-5ff8900881fb,Burton,CB 40,1997,,,catalog:burton--cb-40,unverified,,2026-09-04T18:50:01.363043+00:00
ef6363e5-d694-4f65-8b5f-6b08ecd6974a,Burton,Charger,1999,,,catalog:burton--charger,unverified,,2026-09-02T23:05:13.572077+00:00
8bf3067a-06b2-4dc2-87a9-488f4ee142eb,Burton,Cheetah,2013,,,catalog:burton--cheetah,verified,,2026-09-02T23:05:13.572077+00:00
48bfe334-b022-4d19-9dbb-84007245870b,Burton,Chicklet,2005,,,catalog:burton--chicklet,verified,,2026-09-02T23:05:13.572077+00:00
efba3aab-a0ae-4afc-ab48-6f1bab1d7846,Burton,Chopper,1997,,,catalog:burton--chopper,verified,,2026-09-02T23:05:13.572077+00:00
e42ad07c-84b3-480c-80dd-53eae805fb0f,Burton,CK Nug,2016,,,catalog:burton--ck-nug,verified,,2026-09-02T23:05:13.572077+00:00
34851161-2047-4b09-b633-9e2b38903b12,Burton,Clash,2002,,,catalog:burton--clash,verified,,2026-09-02T23:05:13.572077+00:00
ea5b97a4-63dd-4659-aa7f-b041d268ffe0,Burton,Cloudsplitter,2014,,,catalog:burton--cloudsplitter,unverified,,2026-09-02T23:05:13.572077+00:00
5d1b2d3c-7eec-458a-8571-81270e09222a,Burton,Code,2003,,,catalog:burton--code,unverified,,2026-09-02T23:05:13.572077+00:00
d949b54e-4aec-45f7-8599-da7a0937fe46,Burton,Coil,2000,,,catalog:burton--coil,unverified,,2026-09-02T23:05:13.572077+00:00
45b70e89-3083-4622-b0c2-a81cbc0dccbf,Burton,Competition Performer,1984,,,catalog:burton--competition-performer,unverified,,2026-09-04T18:50:01.363043+00:00
719084b1-53d6-42ef-9e64-44f8c5d1cb36,Burton,Con Artist,2013,,,catalog:burton--con-artist,verified,,2026-09-02T23:05:13.572077+00:00
4d57c8c2-7d7b-4885-b35c-7e510b41b9f7,Burton,Contact,1995,,,catalog:burton--contact,unverified,,2026-09-02T23:05:13.572077+00:00
ed2ad51e-559d-4140-a81b-e4d0e23014f6,Burton,Contact 49,1995,,,catalog:burton--contact-49,unverified,,2026-09-04T18:50:01.363043+00:00
f6ae0508-89cf-4db9-b672-d486cfa3a904,Burton,Contact 52,1995,,,catalog:burton--contact-52,unverified,,2026-09-04T18:50:01.363043+00:00
a93467bc-631c-4ee8-948a-cf2d3004538e,Burton,Craig Kelly Air,1992,,,https://retrosnow.com/shop/burton/libtech-92-burton/burton-craig-kelly-air/,verified,,2026-09-04T20:38:46.266408+00:00
93751117-a189-46fc-8106-e9cc383fee92,Burton,Craig Kelly Mystery Air,1990,,,catalog:burton--craig-kelly-mystery-air,unverified,,2026-09-04T18:50:01.363043+00:00
154bfe16-ea6f-42fc-9921-555b7c7b4c40,Burton,Craig Kelly Pro Model,1994,,,https://retrosnow.com/shop/burton/burton-94/burton-craig-kelly-pro-model/,verified,,2026-09-04T20:38:46.266408+00:00
34e21942-3655-4abd-981b-aa38f81cd2c3,Burton,Cruise,1989,,,catalog:burton--cruise,verified,,2026-09-02T23:05:13.572077+00:00
9530e3e1-7f6e-47dc-a4fc-d53ac291076a,Burton,Cruzer,1980,,,seed:linestry-research-2026-06,verified,,2026-06-19T05:24:20.410856+00:00
b1,Burton,Custom,2018,,,seed:linestry-research-2026-06,verified,,2026-03-13T00:16:16.048193+00:00
bf6a609c-1d64-412b-bcf0-0cd12cd1a2e4,Burton,Custom 20th Anniversary,2016,,,catalog:burton--custom-20th-anniversary,verified,,2026-09-02T23:05:13.572077+00:00
813ea5c6-18c8-42fe-bd4d-26fdb3d9bd3a,Burton,Custom Smalls,2009,,,catalog:burton--custom-smalls,verified,,2026-09-02T23:05:13.572077+00:00
cec9ddf5-ce76-4ef0-a9d9-21131a4dc3c0,Burton,Custom X,2004,,,catalog:burton--custom-x,verified,,2026-09-02T23:05:13.572077+00:00
65be9972-e1f3-4735-b95c-8a27ae7bf3f3,Burton,Day Trader,2014,,,catalog:burton--day-trader,verified,,2026-09-02T23:05:13.572077+00:00
8bd6144c-3073-4fde-8cd3-7d2249fb8f76,Burton,Deep Thinker,2018,,,catalog:burton--deep-thinker,verified,,2026-09-02T23:05:13.572077+00:00
eb29b7db-893b-4d3e-90f8-3e5ebcffe799,Burton,Deja Vu,2011,,,catalog:burton--deja-vu,verified,,2026-09-02T23:05:13.572077+00:00
4906da81-164c-42df-ba8e-579e3fb1f42b,Burton,Descendant,2014,,,catalog:burton--descendant,verified,,2026-09-02T23:05:13.572077+00:00
3797ba02-4edf-4d57-8fb7-fe2ada2c6855,Burton,Deuce,2009,,,catalog:burton--deuce,verified,,2026-09-02T23:05:13.572077+00:00
d9a2742f-e9b5-490f-a136-b0c322992ebe,Burton,Dolphin,1996,,,catalog:burton--dolphin,verified,,2026-09-02T23:05:13.572077+00:00
006a6753-f469-42aa-a6df-bd869cf3d1ed,Burton,Dolphin 44,1996,,,catalog:burton--dolphin-44,unverified,,2026-09-04T18:50:01.363043+00:00
51697a20-bc1e-470c-a466-3f2461838f29,Burton,Dominant,2002,,,catalog:burton--dominant,verified,,2026-09-02T23:05:13.572077+00:00
514e04ae-4695-4308-96ca-8ec391499202,Burton,Dominant Grom,2008,,,catalog:burton--dominant-grom,unverified,,2026-09-02T23:05:13.572077+00:00
b2fd7b53-139e-4f93-98f8-5db3586e8364,Burton,Doom,2008,,,catalog:burton--doom,verified,,2026-09-02T23:05:13.572077+00:00
c40882f3-d01b-42b1-aa83-dc0fe5f5b647,Burton,Dragon,2002,,,catalog:burton--dragon,verified,,2026-09-02T23:05:13.572077+00:00
be16507c-b780-4cbc-b5be-d20016cbc720,Burton,Ducati Limited,2006,,,catalog:burton--ducati-limited,unverified,,2026-09-02T23:05:13.572077+00:00
e5405b62-ca69-4df6-b04a-d9c2fc1b0c1e,Burton,Dump Truck,2017,,,catalog:burton--dump-truck,verified,,2026-09-02T23:05:13.572077+00:00
108758e1-6879-44fe-9335-c81f08944028,Burton,Dunn,1999,,,catalog:burton--dunn,unverified,,2026-09-02T23:05:13.572077+00:00
3ee02e97-8472-467c-b3ee-592b29032524,Burton,Dunn 44,1997,,,catalog:burton--dunn-44,unverified,,2026-09-04T18:50:01.363043+00:00
7929e954-3c9b-47b0-ad4a-e03281191352,Burton,E Deck,1997,,,catalog:burton--e-deck,verified,,2026-09-02T23:05:13.572077+00:00
3869063d-25d6-4a41-a673-6a58c8ce8817,Burton,E Series,1998,,,catalog:burton--e-series,unverified,,2026-09-02T23:05:13.572077+00:00
dc422e06-8855-44ac-8ee1-b463b672e104,Burton,Easy Livin,2010,,,catalog:burton--easy-livin,verified,,2026-09-02T23:05:13.572077+00:00
7b13f010-7e24-4884-bb07-4f37da05810c,Burton,Econico,2009,,,catalog:burton--econico,unverified,,2026-09-02T23:05:13.572077+00:00
board_1788135239727_1o3mr,Burton,Elite 140,1985,,,,unverified,d644c90b-fe03-4148-b477-dc1a3aa3ad84,2026-08-31T00:14:40.811346+00:00
board_1781891034048_vjah5,Burton,Elite 150,1986,,,,unverified,0394914d-6ffd-4a18-aa1f-1aafee7ce53a,2026-06-19T17:43:54.766758+00:00
26e7b5ef-6b43-417b-8151-fec14cde338a,Burton,Express 175,1987,,,catalog:burton--express-175,unverified,,2026-09-04T18:50:01.363043+00:00
45fcb6de-5d9e-45b2-ba80-7b1539d95670,Burton,Face,2002,,,catalog:burton--face,unverified,,2026-09-02T23:05:13.572077+00:00
a16bff97-3b53-45e8-bf26-7179defe2530,Burton,Factory Prime,1995,,,catalog:burton--factory-prime,verified,,2026-09-02T23:05:13.572077+00:00
1b9e1279-1551-4b7a-bc25-15098f976a93,Burton,Family Tree 3D Channel Surfer Flat Top,2026,,,catalog:burton--family-tree-3d-channel-surfer-flat-top,unverified,,2026-09-04T18:50:01.363043+00:00
c21385b9-0bc1-44d3-a741-cf5d1f1b5a1b,Burton,Family Tree Alekesam Camber,2026,,,catalog:burton--family-tree-alekesam-camber,unverified,,2026-09-04T18:50:01.363043+00:00
f2c2dcad-eebb-4c79-a632-3b657052a453,Burton,Family Tree Backseat Driver Pow Surfing,2026,,,catalog:burton--family-tree-backseat-driver-pow-surfing,unverified,,2026-09-04T18:50:01.363043+00:00
ee128d5a-a0d9-416e-bc49-c237be06ee60,Burton,Family Tree Gril Master Camber,2026,,,catalog:burton--family-tree-gril-master-camber,unverified,,2026-09-04T18:50:01.363043+00:00
92be67d4-a991-40f6-8c71-2d5de80e448a,Burton,Family Tree High Fidelity Camber,2026,,,catalog:burton--family-tree-high-fidelity-camber,unverified,,2026-09-04T18:50:01.363043+00:00
12056b8f-fd35-432c-bd95-70d236f3ce46,Burton,Family Tree Hometown Hero Camber,2026,,,catalog:burton--family-tree-hometown-hero-camber,unverified,,2026-09-04T18:50:01.363043+00:00
a8fa3c9e-95fc-4c76-9d60-4f681370ecce,Burton,Family Tree Sketch Artist Camber,2026,,,catalog:burton--family-tree-sketch-artist-camber,unverified,,2026-09-04T18:50:01.363043+00:00
db6c4729-1c7c-4cc1-b23f-1d1974c38cba,Burton,Family Tree Smooth Operator Camber,2026,,,catalog:burton--family-tree-smooth-operator-camber,unverified,,2026-09-04T18:50:01.363043+00:00
93f054f3-c54a-4460-b3a5-e94b5184aee3,Burton,Farm,2009,,,catalog:burton--farm,verified,,2026-09-02T23:05:13.572077+00:00
2398eefe-023e-4607-b0f4-480c695589d7,Burton,Feather,2002,,,catalog:burton--feather,verified,,2026-09-02T23:05:13.572077+00:00
2b0c9692-56a5-4314-88b5-1b579576c4ff,Burton,Feelgood,2000,,,catalog:burton--feelgood,verified,,2026-09-02T23:05:13.572077+00:00
a78d76f7-8df1-4d00-8de7-06671813003e,Burton,Feelgood Smalls,2009,,,catalog:burton--feelgood-smalls,verified,,2026-09-02T23:05:13.572077+00:00
a4c9e0c3-6ea3-417f-a3ab-7809a00f2d72,Burton,Fiberglass Prototype,1977,,,catalog:burton--fiberglass-prototype,unverified,,2026-09-02T23:05:13.572077+00:00
cca5f8d3-3ffe-4771-8a48-a49b2a003783,Burton,First Cut,2023,,,catalog:burton--first-cut,unverified,,2026-09-02T23:05:13.572077+00:00
b2,Burton,Fish,2015,,,,verified,,2026-03-13T00:16:16.048193+00:00
24832aa5-24f1-4a2b-abcc-7582dcf2fec6,Burton,Fishcuit,2012,,,catalog:burton--fishcuit,verified,,2026-09-02T23:05:13.572077+00:00
957d8274-9456-45a1-b82f-4f3eda9017ee,Burton,Fix,2009,,,catalog:burton--fix,verified,,2026-09-02T23:05:13.572077+00:00
e7d7cd86-4513-4613-bfec-6dcd82f649e2,Burton,FL Project,1998,,,catalog:burton--fl-project,unverified,,2026-09-02T23:05:13.572077+00:00
b4,Burton,Flight Attendant,2019,,,seed:linestry-research-2026-06,verified,,2026-03-13T00:16:16.048193+00:00
1a46401e-056f-4511-a510-ae10a820fa75,Burton,Floater,1997,,,catalog:burton--floater,verified,,2026-09-02T23:05:13.572077+00:00
c545f8d9-9a22-4f28-8526-5993b0620911,Burton,Fluid,1999,,,catalog:burton--fluid,verified,,2026-09-02T23:05:13.572077+00:00
9d29cfab-2146-47e0-b5c7-812f0daf92bf,Burton,Flying V,2010,,,catalog:burton--flying-v,unverified,,2026-09-02T23:05:13.572077+00:00
3fe32931-08f9-4f3a-964a-0bae48b91832,Burton,Forager,2023,,,catalog:burton--forager,unverified,,2026-09-02T23:05:13.572077+00:00
7dfa7bc9-5c08-40ff-a0e0-6e37423a650e,Burton,Fortress,2011,,,catalog:burton--fortress,verified,,2026-09-02T23:05:13.572077+00:00
60c9f515-817d-4edd-9b90-9fcc17db8bad,Burton,Fragment Branch Manager Camber,2026,,,catalog:burton--fragment-branch-manager-camber,unverified,,2026-09-04T18:50:01.363043+00:00
70589686-c92c-47c3-8fe2-b2e0e97e5850,Burton,Free,1990,,,catalog:burton--free,verified,,2026-09-02T23:05:13.572077+00:00
0f4a693f-97cb-493d-bcff-ff1b8f989fbe,Burton,Free 3,1990,,,catalog:burton--free-3,unverified,,2026-09-04T18:50:01.363043+00:00
9aca9918-5a06-4972-a4de-deaa27031869,Burton,Free 5,1990,,,catalog:burton--free-5,unverified,,2026-09-04T18:50:01.363043+00:00
87b9b2e4-3d26-4154-84a6-6eca724b19ef,Burton,Free 6,1990,,,catalog:burton--free-6,unverified,,2026-09-04T18:50:01.363043+00:00
21d1913f-9d69-4e77-a4d0-a85e51aec012,Burton,Free Thinker,2018,,,catalog:burton--free-thinker,verified,,2026-09-02T23:05:13.572077+00:00
a23ca9d9-ba43-4299-b30e-8f23f574f8e9,Burton,Freebird,2011,,,catalog:burton--freebird,verified,,2026-09-02T23:05:13.572077+00:00
e8a6697c-c2e4-4643-8863-704cb10bc59a,Burton,Freedom,1999,,,catalog:burton--freedom,unverified,,2026-09-02T23:05:13.572077+00:00
8d0e5fa6-3345-483b-af66-55b17f9f40cc,Burton,Freedom 51,1997,,,catalog:burton--freedom-51,unverified,,2026-09-04T18:50:01.363043+00:00
7d350b26-99ef-4d89-9c4a-62bfc03e39ae,Burton,From Burton to the World,2026,,,catalog:burton--from-burton-to-the-world,unverified,,2026-09-04T18:50:01.363043+00:00
ad1e0660-3587-4399-9ff7-05c981fca83c,Burton,Frontier,2001,,,catalog:burton--frontier,unverified,,2026-09-02T23:05:13.572077+00:00
696900fc-93b8-4955-ad8f-876c7b62ad7c,Burton,Fusion,2000,,,catalog:burton--fusion,unverified,,2026-09-02T23:05:13.572077+00:00
928ea926-153d-42e8-8335-68a57b391464,Burton,Gate Keeper,2017,,,catalog:burton--gate-keeper,unverified,,2026-09-02T23:05:13.572077+00:00
cc330bfe-e7d6-49fe-9d80-e57c64a0f0bf,Burton,Genie,2012,,,catalog:burton--genie,verified,,2026-09-02T23:05:13.572077+00:00
46797d5a-a237-438c-aadd-8dacefb36a31,Burton,Ginger,2006,,,catalog:burton--ginger,verified,,2026-09-02T23:05:13.572077+00:00
eebc03ec-70f9-474c-8a83-d35ff0e1a79d,Burton,Girls Punch,2004,,,catalog:burton--girls-punch,unverified,,2026-09-02T23:05:13.572077+00:00
b50f4bf4-39a9-449b-9de1-8cd451da1783,Burton,Good Company,2023,,,catalog:burton--good-company,verified,,2026-09-02T23:05:13.572077+00:00
cd7008d5-c552-430c-ba92-f47bde6f33ed,Burton,Good Company Undefeated Camber,2026,,,catalog:burton--good-company-undefeated-camber,unverified,,2026-09-04T18:50:01.363043+00:00
bb3e3e47-12c5-4c2c-9e7a-652a50b4a464,Burton,Gril Master,2024,,,catalog:burton--gril-master,verified,,2026-09-02T23:05:13.572077+00:00
150c21fb-8006-4095-a473-af1e15e5e5b7,Burton,Grom,2023,,,catalog:burton--grom,verified,,2026-09-02T23:05:13.572077+00:00
be2a9db3-42f7-4f40-8d7a-2a0aeb899668,Burton,GTwin,2006,,,catalog:burton--gtwin,verified,,2026-09-02T23:05:13.572077+00:00
2410cc12-b331-4608-835f-8fd2039457f5,Burton,Guru,2010,,,catalog:burton--guru,unverified,,2026-09-02T23:05:13.572077+00:00
dffe7308-c9a9-4898-9d61-ceef2ac90df2,Burton,Haakon Air,1994,,,catalog:burton--haakon-air,verified,,2026-09-02T23:05:13.572077+00:00
9690a8ea-573f-4e8f-9d3e-fc7b9e1b20a4,Burton,Harvest,2012,,,catalog:burton--harvest,unverified,,2026-09-02T23:05:13.572077+00:00
83116151-ddf2-4213-a137-6a19336a9f87,Burton,Hate,2011,,,catalog:burton--hate,verified,,2026-09-02T23:05:13.572077+00:00
9028fbf1-b223-406c-9cb8-08bc01fa6917,Burton,Hero,2009,,,catalog:burton--hero,verified,,2026-09-02T23:05:13.572077+00:00
beaf4146-1947-4325-9e9b-5cc24651f081,Burton,Hideaway,2019,,,catalog:burton--hideaway,verified,,2026-09-02T23:05:13.572077+00:00
4e8f9e81-11b6-4baa-ba1d-726f8284aa4a,Burton,High Fidelity,2025,,,catalog:burton--high-fidelity,unverified,,2026-09-02T23:05:13.572077+00:00
866e4794-e9fc-4f8e-a5d7-f71292bc9997,Burton,High Spirits,2016,,,catalog:burton--high-spirits,verified,,2026-09-02T23:05:13.572077+00:00
ec706bfd-7a5a-46bc-bfca-8c7c4ebe3ad8,Burton,Hometown Hero,2018,,,seed:linestry-research-2026-06,verified,,2026-06-19T05:24:20.410856+00:00
5053714b-20c5-4ac4-97b8-2730910468cd,Burton,Honcho,2012,,,catalog:burton--honcho,verified,,2026-09-02T23:05:13.572077+00:00
a9e89fdc-3b28-458f-ad06-b12067d5d2e5,Burton,Idiom Select,2008,,,catalog:burton--idiom-select,verified,,2026-09-02T23:05:13.572077+00:00
2c502f86-0457-42d3-a3c0-c6898b6da602,Burton,Iguchi,1995,,,catalog:burton--iguchi,verified,,2026-09-02T23:05:13.572077+00:00
94508ec7-18d1-4db5-814b-23bb2fcc1da0,Burton,Indie,2003,,,catalog:burton--indie,unverified,,2026-09-02T23:05:13.572077+00:00
ebf35c6f-6af4-4d95-a326-6eee9bd0512a,Burton,Instigator,2018,,,catalog:burton--instigator,verified,,2026-09-02T23:05:13.572077+00:00
cf117e51-e9d1-4915-94f0-83cf2993b141,Burton,Jeff Brushie 53,1996,,,catalog:burton--jeff-brushie-53,unverified,,2026-09-04T18:50:01.363043+00:00
c8c5e519-5b97-417b-be03-5300c6dc2590,Burton,Jeremy Jones,2004,,,catalog:burton--jeremy-jones,verified,,2026-09-02T23:05:13.572077+00:00
e84bf75e-3c9e-49f6-bfbc-cce34b401365,Burton,Jim Rippey 54,1996,,,catalog:burton--jim-rippey-54,unverified,,2026-09-04T18:50:01.363043+00:00
b318877b-e4ca-49a9-b8f1-ef0684199b79,Burton,Johan,1999,,,catalog:burton--johan,unverified,,2026-09-02T23:05:13.572077+00:00
bf4de9d2-1b2c-4f70-a66c-ded827a2a4ec,Burton,Joystick,2010,,,catalog:burton--joystick,verified,,2026-09-02T23:05:13.572077+00:00
da0f0d2e-77b8-46da-9798-6ab115ff1307,Burton,Juice Wagon,2013,,,catalog:burton--juice-wagon,verified,,2026-09-02T23:05:13.572077+00:00
f1f604d2-8def-4e0b-af8a-a569ec9c9dc7,Burton,Jussi,2001,,,catalog:burton--jussi,verified,,2026-09-02T23:05:13.572077+00:00
1073b6e0-5777-4f14-8620-ba0180941f54,Burton,Kelly,1991,,,catalog:burton--kelly,unverified,,2026-09-04T18:50:01.363043+00:00
b5428a75-ee1d-4c4d-a679-80c8d71e1b9d,Burton,Kelly 68,1995,,,catalog:burton--kelly-68,unverified,,2026-09-04T18:50:01.363043+00:00
c04724c6-e726-43ac-9d0a-60a62e985ecf,Burton,Kelly Air,1990,,,catalog:burton--kelly-air,verified,,2026-09-02T23:05:13.572077+00:00
2bf83bc0-f0fa-4c30-b154-86d95ab06d8e,Burton,Kelly Extreme,1991,,,catalog:burton--kelly-extreme,unverified,,2026-09-04T18:50:01.363043+00:00
fc06b4eb-d702-4505-a006-6d0e6c4a5dfe,Burton,Kelly Micro Air,1990,,,catalog:burton--kelly-micro-air,unverified,,2026-09-04T18:50:01.363043+00:00
0b30115e-bbc1-4a22-bd1f-e382fe2d68b7,Burton,Kelly Screaming Tree,1995,,,https://retrosnow.com/shop/burton/libtech-95-burton/burton-kelly-screaming-tree/,verified,,2026-09-04T20:38:46.266408+00:00
972074d1-412b-4379-b932-3c0fcb068aca,Burton,Kelly Slopestyle,1993,,,catalog:burton--kelly-slopestyle,verified,,2026-09-02T23:05:13.572077+00:00
dd34744d-1b39-4ac9-95b3-aab4a83360a3,Burton,Kid Robot Custom,2008,,,catalog:burton--kid-robot-custom,verified,,2026-09-02T23:05:13.572077+00:00
bd2514f6-ab44-4018-8dbd-a69625b5011e,Burton,Kilroy,2018,,,seed:linestry-research-2026-06,verified,,2026-06-19T05:24:20.410856+00:00
8a0e90f6-b178-412e-9d7b-ecbc2ac58da2,Burton,King,2007,,,catalog:burton--king,verified,,2026-09-02T23:05:13.572077+00:00
fbc15ecb-4fd1-4622-8a1c-c97a3295ff17,Burton,Kiss Series 13,2006,,,catalog:burton--kiss-series-13,verified,,2026-09-02T23:05:13.572077+00:00
068d10bc-afaa-4214-89f1-62d6231e5fe7,Burton,Landlord,2014,,,catalog:burton--landlord,verified,,2026-09-02T23:05:13.572077+00:00
4c8b56f9-4833-460c-b978-54e5b1485d89,Burton,Leader Board,2020,,,catalog:burton--leader-board,unverified,,2026-09-02T23:05:13.572077+00:00
bdda7be5-6c83-405b-be50-39cfbb719ae3,Burton,Lip-Stick,2009,,,catalog:burton--lip-stick,verified,,2026-09-02T23:05:13.572077+00:00
1c99775d-24dd-4419-bed2-c25eae646401,Burton,Love,2008,,,catalog:burton--love,verified,,2026-09-02T23:05:13.572077+00:00
2a7f4352-5f7b-44c8-9b4c-aa5a534ad102,Burton,LTR,2001,,,catalog:burton--ltr,unverified,,2026-09-02T23:05:13.572077+00:00
998dc900-0d97-44cc-ae57-054ea2f14c6c,Burton,Lux,2007,,,catalog:burton--lux,verified,,2026-09-02T23:05:13.572077+00:00
7edd901f-02d4-4beb-9a2a-34c61b125b78,Burton,Lyric,2014,,,catalog:burton--lyric,unverified,,2026-09-02T23:05:13.572077+00:00
545556f2-28f2-46fb-876c-6a7b20d9bda1,Burton,M 5.0,1992,,,catalog:burton--m-5-0,unverified,,2026-09-04T18:50:01.363043+00:00
ff65a533-dce9-498a-b7e2-8c4cd8f56add,Burton,M 6.0,1992,,,catalog:burton--m-6-0,unverified,,2026-09-04T18:50:01.363043+00:00
3f809cc0-2b5b-47fd-a232-703405817ff4,Burton,M Series,1991,,,catalog:burton--m-series,verified,,2026-09-02T23:05:13.572077+00:00
bc47b19c-339e-4e10-9f8a-c5b77c1dd7de,Burton,M5,1990,,,catalog:burton--m5,unverified,,2026-09-04T18:50:01.363043+00:00
48213c7b-c453-499e-ba13-79a5d01ea4fb,Burton,M6,1990,,,catalog:burton--m6,unverified,,2026-09-04T18:50:01.363043+00:00
c6220446-c513-4d3e-91e8-616e2916f6e4,Burton,M8,1990,,,catalog:burton--m8,unverified,,2026-09-04T18:50:01.363043+00:00
ec69fbe3-dd06-4dd7-ad94-46d7bd770490,Burton,Malolo,2005,,,catalog:burton--malolo,verified,,2026-09-02T23:05:13.572077+00:00
a58a5798-d93d-483b-a91b-671babb16a49,Burton,Married To The Mob,2011,,,catalog:burton--married-to-the-mob,verified,,2026-09-02T23:05:13.572077+00:00
6a130f59-e635-40f8-9c9f-d8822c63d2ce,Burton,Mayhem,2009,,,catalog:burton--mayhem,verified,,2026-09-02T23:05:13.572077+00:00
0bd0b346-dec0-4ee2-bbff-2d52825e3091,Burton,Method,2010,,,catalog:burton--method,verified,,2026-09-02T23:05:13.572077+00:00
cb252cb7-91e9-4213-b6e0-a562e29b78a8,Burton,Michi Albin Burtin,2002,,,catalog:burton--michi-albin-burtin,verified,,2026-09-02T23:05:13.572077+00:00
ba96f513-6268-46fd-a497-21ae04f611c2,Burton,Micro Air,1990,,,catalog:burton--micro-air,unverified,,2026-09-02T23:05:13.572077+00:00
cb91c605-eb69-47fc-9b9c-193471e88b20,Burton,Micro Deck,1996,,,catalog:burton--micro-deck,unverified,,2026-09-02T23:05:13.572077+00:00
aaf347fe-43cf-4f8f-8cad-42ecf29e9907,Burton,Micro Kelly,1991,,,catalog:burton--micro-kelly,unverified,,2026-09-04T18:50:01.363043+00:00
57906ec7-0668-47d9-9631-ec6f3c945ecc,Burton,Micro White,2005,,,catalog:burton--micro-white,unverified,,2026-09-02T23:05:13.572077+00:00
0fc75a78-7b79-4488-b791-d9e16c9a11ad,Burton,MINE77 Ringleader,2024,,,catalog:burton--mine77-ringleader,unverified,,2026-09-02T23:05:13.572077+00:00
545ccbed-b183-44d9-8050-52b90fac5bcd,Burton,Mini Grom,2023,,,catalog:burton--mini-grom,verified,,2026-09-02T23:05:13.572077+00:00
0fde8e1e-a145-400c-8386-b65aa98f0bd7,Burton,Modified Fish,2016,,,catalog:burton--modified-fish,verified,,2026-09-02T23:05:13.572077+00:00
847cead5-8660-4ad4-8d4f-bafe992ed0e4,Burton,Monkey Wrench,2012,,,catalog:burton--monkey-wrench,verified,,2026-09-02T23:05:13.572077+00:00
e76384ad-af0b-4a5d-b259-96a882ebfea2,Burton,Moon Buggy,2020,,,catalog:burton--moon-buggy,unverified,,2026-09-02T23:05:13.572077+00:00
d09ef5ac-01b5-4bc4-a4b3-23f802a7b74f,Burton,Motion,1998,,,catalog:burton--motion,unverified,,2026-09-02T23:05:13.572077+00:00
5dbae34a-b2d1-412d-8afc-12d6ef6b92a7,Burton,Mr. Nice Guy,2012,,,catalog:burton--mr-nice-guy,verified,,2026-09-02T23:05:13.572077+00:00
15b92342-39ca-4097-8e01-d8f4a5063868,Burton,Mystery,2009,,,catalog:burton--mystery,verified,,2026-09-02T23:05:13.572077+00:00
833f8a5b-7d17-4c8e-a507-87070dc6d8b5,Burton,Mystery Air,1989,,,seed:linestry-research-2026-06,verified,,2026-06-19T05:24:20.410856+00:00
6c256ce1-56f7-43ba-bea3-6142ac6ba5af,Burton,Mystery Deep Thinker Camber,2026,,,catalog:burton--mystery-deep-thinker-camber,unverified,,2026-09-04T18:50:01.363043+00:00
e41114d9-ea4e-43da-b247-60c40ba9a53d,Burton,Mystery Fish,2019,,,catalog:burton--mystery-fish,unverified,,2026-09-02T23:05:13.572077+00:00
815fe330-3e74-4b15-b7ac-21ba868415f6,Burton,Mystery Flying V,2014,,,catalog:burton--mystery-flying-v,unverified,,2026-09-02T23:05:13.572077+00:00
ce984abe-3be2-49e7-93c6-35fcde96678b,Burton,Name Dropper,2014,,,seed:linestry-research-2026-06,verified,,2026-06-19T05:24:20.410856+00:00
9fb942c6-7cfc-4871-ab77-9002f9860ea6,Burton,Nicola,2002,,,catalog:burton--nicola,unverified,,2026-09-02T23:05:13.572077+00:00
460954f1-fb6b-4750-bdf4-60b5c775ad66,Burton,No Fish,2009,,,catalog:burton--no-fish,unverified,,2026-09-02T23:05:13.572077+00:00
c1172bb5-052e-41db-81e3-09b20eefeb3b,Burton,NU,2001,,,catalog:burton--nu,unverified,,2026-09-02T23:05:13.572077+00:00
9bae19b9-7e2b-4a7e-b0b3-16457bb2972e,Burton,Nug,2011,,,catalog:burton--nug,verified,,2026-09-02T23:05:13.572077+00:00
2cf7ddd5-1916-461f-a2f5-399d8139d2aa,Burton,Nugget,2012,,,catalog:burton--nugget,verified,,2026-09-02T23:05:13.572077+00:00
67673c9b-7b8e-4144-a016-a3e2e80619bd,Burton,Omen,2003,,,catalog:burton--omen,unverified,,2026-09-02T23:05:13.572077+00:00
9728330c-0416-4d25-b213-bb6bc4afebaf,Burton,One Hitter,2020,,,catalog:burton--one-hitter,unverified,,2026-09-02T23:05:13.572077+00:00
5936f5dd-1505-44b7-abff-e936e00b60c4,Burton,Operator,2009,,,catalog:burton--operator,verified,,2026-09-02T23:05:13.572077+00:00
8152c21d-5907-40d5-bde5-eb4347c8ae85,Burton,Ouija,1994,,,catalog:burton--ouija,verified,,2026-09-02T23:05:13.572077+00:00
8b8d5ac1-8f1a-461f-b306-daf58f99bd11,Burton,Ouija Twin,1994,,,https://retrosnow.com/shop/burton/burton-94/burton-ouija-twin-158/,verified,,2026-09-04T20:38:46.266408+00:00
145fca7a-8e34-4c5c-b829-45006b45a50d,Burton,Panhandler,2018,,,catalog:burton--panhandler,unverified,,2026-09-02T23:05:13.572077+00:00
04a4d0b0-1718-4b86-a3ae-00e03ffe61c3,Burton,Paramount,2019,,,catalog:burton--paramount,verified,,2026-09-02T23:05:13.572077+00:00
612f7724-675c-45ca-939e-8632d52fea60,Burton,Parkitect,2013,,,catalog:burton--parkitect,verified,,2026-09-02T23:05:13.572077+00:00
2db45218-23db-4d91-afcb-9a833051534f,Burton,Performer,1985,,,seed:linestry-research-2026-06,verified,,2026-06-19T05:24:20.410856+00:00
02e76c1c-5216-42b9-b22a-89dcfd239f1e,Burton,Performer Competition,1984,,,catalog:burton--performer-competition,unverified,,2026-09-02T23:05:13.572077+00:00
ad180384-b164-4842-be1f-226c1a2af5d5,Burton,Performer Elite,1985,,,seed:linestry-research-2026-06,verified,,2026-06-19T05:24:20.410856+00:00
board_1787783875784_3su,Burton,Performer Elite,1986,,,,unverified,76c3b77e-0f0e-4478-9494-b0b1f5d6188f,2026-08-26T22:37:56.236205+00:00
5cbc770c-bbcc-4fef-8723-bd3075a4bc9f,Burton,Philosopher,2016,,,catalog:burton--philosopher,verified,,2026-09-02T23:05:13.572077+00:00
0ac4fe18-59be-477c-9d62-af361d4847ee,Burton,Pipe,1997,,,catalog:burton--pipe,unverified,,2026-09-02T23:05:13.572077+00:00
29be6fd1-3551-48c7-9fc3-f5e6bf79d480,Burton,PJ,1992,,,catalog:burton--pj,verified,,2026-09-02T23:05:13.572077+00:00
ef26f0cb-3a4f-410e-b821-b1c1f6a6a6d5,Burton,PJ 4.9s,1992,,,catalog:burton--pj-4-9s,unverified,,2026-09-04T18:50:01.363043+00:00
c6ac6c0e-327b-4e08-bf12-744b016a7fc6,Burton,PJ 5.3,1994,,,catalog:burton--pj-5-3,unverified,,2026-09-04T18:50:01.363043+00:00
5b0e8fd6-ca10-4d60-b745-06b6c8df8439,Burton,PJ 5.4,1992,,,catalog:burton--pj-5-4,unverified,,2026-09-04T18:50:01.363043+00:00
2f4386e1-eb2d-4a7f-aeb9-ddb9f7a6cb70,Burton,PJ 5.6,1993,,,catalog:burton--pj-5-6,unverified,,2026-09-04T18:50:01.363043+00:00
a0c7a12a-c37c-4226-9f64-77a7ccf7f02e,Burton,PJ 6.0,1994,,,catalog:burton--pj-6-0,unverified,,2026-09-04T18:50:01.363043+00:00
574c8a09-8737-45b9-aceb-779cb1c2dd5b,Burton,PJ 6.2,1992,,,catalog:burton--pj-6-2,unverified,,2026-09-04T18:50:01.363043+00:00
351a99e3-613a-41cb-802f-940131b0b819,Burton,PJ 6.3,1993,,,catalog:burton--pj-6-3,unverified,,2026-09-04T18:50:01.363043+00:00
45555441-74d2-4aee-8132-ccc9c9a1d592,Burton,PJ 7.0,1994,,,catalog:burton--pj-7-0,unverified,,2026-09-04T18:50:01.363043+00:00
3a1e37bb-6a9e-4192-8780-948d795a566d,Burton,PJ 7.1,1992,,,catalog:burton--pj-7-1,unverified,,2026-09-04T18:50:01.363043+00:00
b8426e91-0ea1-477c-afa5-d1ec5baf4c0a,Burton,PJ 7.3,1993,,,catalog:burton--pj-7-3,unverified,,2026-09-04T18:50:01.363043+00:00
3e27a601-4946-480b-a670-24413962b70b,Burton,PJ5,1991,,,catalog:burton--pj5,unverified,,2026-09-04T18:50:01.363043+00:00
a90123f7-865c-4553-9173-57ddf513a5be,Burton,PJ5s,1991,,,catalog:burton--pj5s,unverified,,2026-09-04T18:50:01.363043+00:00
6acc8058-66c5-4f8d-a38e-01e32adb27aa,Burton,PJ6,1991,,,catalog:burton--pj6,unverified,,2026-09-04T18:50:01.363043+00:00
7470086f-a9ce-4250-9e63-9ac4a9d8c9e4,Burton,PJ7,1991,,,catalog:burton--pj7,unverified,,2026-09-04T18:50:01.363043+00:00
c4c1db0a-83be-4d72-9b03-18a43a64ab10,Burton,Playboy,2003,,,catalog:burton--playboy,verified,,2026-09-02T23:05:13.572077+00:00
12f82b12-c606-472a-a6ef-e397c193ec61,Burton,Pow Wrench,2021,,,catalog:burton--pow-wrench,verified,,2026-09-02T23:05:13.572077+00:00
66c90e17-35d4-4200-82e5-9801692f2115,Burton,Powder Gun,1983,,,catalog:burton--powder-gun,verified,,2026-09-02T23:05:13.572077+00:00
8fe4a5f4-c813-499b-8e95-53d3a78661fe,Burton,Power Wagon,2024,,,catalog:burton--power-wagon,unverified,,2026-09-02T23:05:13.572077+00:00
82433f7f-0116-42ea-872f-b5cf9e975680,Burton,Powers,2001,,,catalog:burton--powers,unverified,,2026-09-02T23:05:13.572077+00:00
b5181a6b-3819-4c04-8571-3b64ff75b3bd,Burton,Primo,2009,,,catalog:burton--primo,verified,,2026-09-02T23:05:13.572077+00:00
938b6202-814e-47f8-af14-2c4c11b1c3de,Burton,Pro Deck,1997,,,catalog:burton--pro-deck,unverified,,2026-09-02T23:05:13.572077+00:00
b3,Burton,Process,2020,,,seed:linestry-research-2026-06,verified,,2026-03-13T00:16:16.048193+00:00
9d2d11a8-5e78-4eb4-b74d-311fe4a5befd,Burton,Process Smalls,2019,,,catalog:burton--process-smalls,verified,,2026-09-02T23:05:13.572077+00:00
b93a679e-e6ff-4ed6-bdc2-7d5d40f1d559,Burton,ProTest,2013,,,catalog:burton--protest,verified,,2026-09-02T23:05:13.572077+00:00
287f16c4-d203-4102-8b06-9cdb64b37e7a,Burton,Prototype,1978,,,catalog:burton--prototype,unverified,,2026-09-02T23:05:13.572077+00:00
312760eb-24e1-43be-b52d-b82c6bdea67c,Burton,Punch,1999,,,catalog:burton--punch,verified,,2026-09-02T23:05:13.572077+00:00
6af419c4-81ad-4f92-aeda-479962ee1b34,Burton,Ration,2011,,,catalog:burton--ration,verified,,2026-09-02T23:05:13.572077+00:00
fbdf1e8b-daa7-4959-98d3-a2b26a75db51,Burton,Raven,2005,,,catalog:burton--raven,unverified,,2026-09-02T23:05:13.572077+00:00
423ff62f-e5cf-4ed8-91a0-f0edcbdc6f38,Burton,Rental Twin,1992,,,catalog:burton--rental-twin,unverified,,2026-09-02T23:05:13.572077+00:00
f3f97bf2-0e52-4de6-a2ff-24e2f3a0651e,Burton,Republik,2003,,,catalog:burton--republik,unverified,,2026-09-02T23:05:13.572077+00:00
2604b8e4-9ebb-4398-88c7-db1a12899005,Burton,Retro Twin,2006,,,catalog:burton--retro-twin,unverified,,2026-09-02T23:05:13.572077+00:00
384289bf-bada-44c5-a93e-ecb4ce4a1331,Burton,Rewind,2018,,,catalog:burton--rewind,verified,,2026-09-02T23:05:13.572077+00:00
ecc0252a-88cf-4c53-ac3a-7ae268e29599,Burton,Riglet,2014,,,catalog:burton--riglet,verified,,2026-09-02T23:05:13.572077+00:00
24b92268-5778-4588-842c-b0950cd75bb0,Burton,Ripcord,2014,,,catalog:burton--ripcord,verified,,2026-09-02T23:05:13.572077+00:00
7d8c6756-bb8d-4635-b811-998b7cd43f36,Burton,Rippey,1996,,,catalog:burton--rippey,unverified,,2026-09-02T23:05:13.572077+00:00
c0154a5c-c435-400b-ae38-a0317d17fd82,Burton,Rippey 54,1997,,,catalog:burton--rippey-54,unverified,,2026-09-04T18:50:01.363043+00:00
72c294da-2c68-44c3-a421-fc5af555a5d9,Burton,Road Soda,2011,,,catalog:burton--road-soda,verified,,2026-09-02T23:05:13.572077+00:00
3ec63396-b1f0-4127-9367-f7c46b257ca9,Burton,Role Model,2019,,,catalog:burton--role-model,verified,,2026-09-02T23:05:13.572077+00:00
a27c038c-ed50-40ab-bf4c-f2f134c2e7e5,Burton,Root,2013,,,catalog:burton--root,unverified,,2026-09-02T23:05:13.572077+00:00
f3697a49-d665-415d-a8d9-d65c3ec91b6e,Burton,Royale,2006,,,catalog:burton--royale,verified,,2026-09-02T23:05:13.572077+00:00
c6e375ba-9c7d-4664-a2ef-aa722cc27e92,Burton,Rush,2001,,,catalog:burton--rush,unverified,,2026-09-02T23:05:13.572077+00:00
8b87c6d9-cc42-4e0c-b879-d2f54a6d9c99,Burton,S-Series,2001,,,catalog:burton--s-series,verified,,2026-09-02T23:05:13.572077+00:00
0d183dc1-1d34-48e2-aa7a-fbcd59cb1f78,Burton,Safari,1988,,,catalog:burton--safari,verified,,2026-09-02T23:05:13.572077+00:00
788b469f-309f-40d2-8914-b2911fc3c8d7,Burton,Safari 175 Free Riding Stock,1988,,,catalog:burton--safari-175-free-riding-stock,unverified,,2026-09-04T18:50:01.363043+00:00
96581d6b-a9b7-4cc6-9a63-97c231918fd8,Burton,Safari 175 Racing Stock,1988,,,catalog:burton--safari-175-racing-stock,unverified,,2026-09-04T18:50:01.363043+00:00
ac77bf10-4129-4073-bd5f-8414623472b8,Burton,Safari 185 Downhill Stock,1988,,,catalog:burton--safari-185-downhill-stock,unverified,,2026-09-04T18:50:01.363043+00:00
5dfaff5f-b4a9-4688-bd85-a375e1710a69,Burton,Safari Comp,1989,,,catalog:burton--safari-comp,verified,,2026-09-02T23:05:13.572077+00:00
562d7f16-ade1-4c0a-8aca-69464989ee13,Burton,Safari Comp III,1989,,,catalog:burton--safari-comp-iii,unverified,,2026-09-04T18:50:01.363043+00:00
fabd8655-f04d-4109-8ce0-67d44622018b,Burton,Se7en,2000,,,catalog:burton--se7en,verified,,2026-09-02T23:05:13.572077+00:00
11f75552-dcba-47db-a07d-5f76e7a8cbb3,Burton,Sensation,2004,,,catalog:burton--sensation,unverified,,2026-09-02T23:05:13.572077+00:00
eb6e2310-79bb-4e58-8329-d3e13f00cca4,Burton,Sensei,2021,,,catalog:burton--sensei,unverified,,2026-09-02T23:05:13.572077+00:00
b92c98b3-30c2-48c1-8596-d3ccfa1a848c,Burton,Shaun White / TWC Pro,2003,,,catalog:burton--shaun-white-twc-pro,verified,,2026-09-02T23:05:13.572077+00:00
89b46493-f375-4c75-a0ee-6add854e1c14,Burton,Shaun White Youth,2007,,,catalog:burton--shaun-white-youth,unverified,,2026-09-02T23:05:13.572077+00:00
e20b7eb3-af08-45ad-a9ef-437994c091b3,Burton,Sherlock,2011,,,catalog:burton--sherlock,verified,,2026-09-02T23:05:13.572077+00:00
a54c36e0-03f4-48fb-b9df-d4f72a67f474,Burton,Short Stop,2024,,,catalog:burton--short-stop,unverified,,2026-09-02T23:05:13.572077+00:00
da980a11-4044-422e-b203-1597faf02994,Burton,Show Stopper,2022,,,catalog:burton--show-stopper,unverified,,2026-09-02T23:05:13.572077+00:00
a9790060-d2b6-48ec-b876-50b52d0abe0b,Burton,Skeleton Key,2017,,,catalog:burton--skeleton-key,verified,,2026-09-02T23:05:13.572077+00:00
d472f4f9-0adf-4a9d-b36c-5a9d521b99a9,Burton,Sketch Artist,2025,,,catalog:burton--sketch-artist,verified,,2026-09-02T23:05:13.572077+00:00
5d6efe2b-747c-436a-84db-8dd0d1716694,Burton,Skipjack,2016,,,catalog:burton--skipjack,verified,,2026-09-02T23:05:13.572077+00:00
831942c5-b427-4aa0-a478-06295e4b46ce,Burton,Slash,2004,,,catalog:burton--slash,unverified,,2026-09-02T23:05:13.572077+00:00
e22a8692-1879-4e0d-8278-2d6759d36d4e,Burton,Slopestyle,1994,,,catalog:burton--slopestyle,unverified,,2026-09-04T18:50:01.363043+00:00
48e9227d-6422-4aac-9284-d00f02a1e088,Burton,Slush Puppy,2024,,,catalog:burton--slush-puppy,unverified,,2026-09-02T23:05:13.572077+00:00
d9b0f72c-9761-46ca-aee7-3400de8bb2c7,Burton,Smalls Flat Top,2026,,,catalog:burton--smalls-flat-top,unverified,,2026-09-04T18:50:01.363043+00:00
23bd7f33-8612-4367-b60a-75206536bbc2,Burton,Social,2010,,,catalog:burton--social,verified,,2026-09-02T23:05:13.572077+00:00
8255c277-d0ee-4119-a177-aa867bc3b958,Burton,Socialite,2016,,,catalog:burton--socialite,verified,,2026-09-02T23:05:13.572077+00:00
f18f8a36-1342-4cc8-903e-bc56c48b3473,Burton,Special,1998,,,catalog:burton--special,unverified,,2026-09-02T23:05:13.572077+00:00
ed63525f-a95b-4c18-ac57-be04986d7abe,Burton,Speed Date,2019,,,catalog:burton--speed-date,unverified,,2026-09-02T23:05:13.572077+00:00
7943f40a-4249-4147-9605-2a4c5deb5563,Burton,Spliff,2013,,,catalog:burton--spliff,verified,,2026-09-02T23:05:13.572077+00:00
3a77fdf1-c553-4066-ba58-cea570fee0c5,Burton,Stat,1994,,,catalog:burton--stat,unverified,,2026-09-02T23:05:13.572077+00:00
da2b7179-0ef0-4c85-b0f2-46738b2baafd,Burton,Stat 5,1994,,,catalog:burton--stat-5,unverified,,2026-09-04T18:50:01.363043+00:00
c40e7dc2-f76d-4cb2-9d7f-37acac4a3dc2,Burton,Stat 6,1994,,,catalog:burton--stat-6,unverified,,2026-09-04T18:50:01.363043+00:00
6da5b9cb-83e3-4f02-bc19-c1220a6cc07c,Burton,Sterling,2005,,,catalog:burton--sterling,unverified,,2026-09-02T23:05:13.572077+00:00
55b7cf95-4d6b-41fa-a579-87ba5072e529,Burton,Stick Shift,2019,,,catalog:burton--stick-shift,verified,,2026-09-02T23:05:13.572077+00:00
7cfd2b11-8a52-4426-89c9-4706a7a41fb9,Burton,Stigma,2007,,,catalog:burton--stigma,verified,,2026-09-02T23:05:13.572077+00:00
db52e78d-cbc7-453e-a081-e39721f33667,Burton,Stone Hut,2012,,,catalog:burton--stone-hut,verified,,2026-09-02T23:05:13.572077+00:00
238bf5c9-b7f3-4b11-b9e2-f7c11133190e,Burton,Story Board,2018,,,catalog:burton--story-board,verified,,2026-09-02T23:05:13.572077+00:00
58802357-8d0d-4883-90e9-e1eb63ae5f65,Burton,Straight Chuter,2021,,,catalog:burton--straight-chuter,verified,,2026-09-02T23:05:13.572077+00:00
5b29f4dd-663e-4761-8439-5c66f37325b1,Burton,Stria,2008,,,catalog:burton--stria,verified,,2026-09-02T23:05:13.572077+00:00
d5b3a1c7-af8e-4c3a-8a82-85c4947763af,Burton,Stun Gun,2019,,,catalog:burton--stun-gun,unverified,,2026-09-02T23:05:13.572077+00:00
8103dc85-4803-423d-b7f1-f00c28df2913,Burton,Stylus,2019,,,catalog:burton--stylus,verified,,2026-09-02T23:05:13.572077+00:00
c4146be1-1de1-4dee-878e-32bec2ecd14a,Burton,Super Hero,2012,,,catalog:burton--super-hero,verified,,2026-09-02T23:05:13.572077+00:00
68e224c9-6892-4498-898e-836bdbb6b3b4,Burton,Supermodel,1997,,,catalog:burton--supermodel,verified,,2026-09-02T23:05:13.572077+00:00
a786b8a9-1f05-4af6-839c-4fbd2ea154fb,Burton,Supermodel X,2008,,,catalog:burton--supermodel-x,verified,,2026-09-02T23:05:13.572077+00:00
bb6ac55f-4435-4cdc-bc17-c52b3985ae01,Burton,Sweet Talker,2011,,,catalog:burton--sweet-talker,verified,,2026-09-02T23:05:13.572077+00:00
1361fc21-03f7-4edf-b479-55c339a16eba,Burton,Sweet Tooth,2013,,,catalog:burton--sweet-tooth,verified,,2026-09-02T23:05:13.572077+00:00
728dcd9d-477d-445c-9eaf-668a69effb3a,Burton,T Deck,1996,,,catalog:burton--t-deck,verified,,2026-09-02T23:05:13.572077+00:00
a10439b9-a130-414f-b714-6d322fe8b1fa,Burton,T6,2003,,,catalog:burton--t6,verified,,2026-09-02T23:05:13.572077+00:00
dec4e496-6f88-49cb-8c13-00ba337329ba,Burton,T7,2011,,,catalog:burton--t7,verified,,2026-09-02T23:05:13.572077+00:00
db77c84e-f289-4f05-b50d-cee09598f95b,Burton,Tadashi Fuse,2005,,,catalog:burton--tadashi-fuse,verified,,2026-09-02T23:05:13.572077+00:00
124c81c8-b02c-4ae7-8fa0-bfaf6038d363,Burton,Talent Scout,2017,,,seed:linestry-research-2026-06,verified,,2026-06-19T05:24:20.410856+00:00
board_1781891802077_5zmkn,Burton,Terje Haakonsen,1994,,,,unverified,0394914d-6ffd-4a18-aa1f-1aafee7ce53a,2026-06-19T17:56:42.621731+00:00
d40ea903-1532-408c-9319-61d890c79b4c,Burton,Terje Sprocking Cat,1995,,,https://retrosnow.com/shop/burton/libtech-95-burton/burton-terje-sprocking-cat/,verified,,2026-09-04T20:38:46.266408+00:00
96825b89-fc94-4bef-accc-59bca71325ca,Burton,Terje Sword,1994,,,https://retrosnow.com/shop/burton/burton-94/burton-terje-sword/,verified,,2026-09-04T20:38:46.266408+00:00
9710f83f-6207-456c-a79e-99410622bc4a,Burton,Territory Manager,2023,,,catalog:burton--territory-manager,unverified,,2026-09-02T23:05:13.572077+00:00
0f8da59d-dd94-4215-9b25-abcd416c2359,Burton,The 152,1995,,,catalog:burton--the-152,unverified,,2026-09-02T23:05:13.572077+00:00
fb1fb7f0-b44b-488a-97b3-fac1a419cd2d,Burton,The White Collection Smalls,2011,,,catalog:burton--the-white-collection-smalls,unverified,,2026-09-02T23:05:13.572077+00:00
88994e23-5ef6-4311-a721-0294d875e2e3,Burton,The White Collection Standard,2011,,,catalog:burton--the-white-collection-standard,unverified,,2026-09-02T23:05:13.572077+00:00
617b08b8-10b7-439f-932f-dc3cb3dbe6a9,Burton,Throwback,2016,,,catalog:burton--throwback,verified,,2026-09-02T23:05:13.572077+00:00
3422c243-466d-41c6-8a9c-f7f692475a53,Burton,Time Thief,2027,,,catalog:burton--time-thief,verified,,2026-09-02T23:05:13.572077+00:00
e1d24b6d-7068-4370-afc9-82fb9a740c64,Burton,Tornado Warning,2023,,,catalog:burton--tornado-warning,unverified,,2026-09-02T23:05:13.572077+00:00
9793da76-a8f3-433c-acbf-6a5d0238ca32,Burton,Tough Cat,2016,,,catalog:burton--tough-cat,unverified,,2026-09-02T23:05:13.572077+00:00
9fd82efc-fa6c-48a3-8d49-31d072f8127b,Burton,Trick Pilot,2019,,,catalog:burton--trick-pilot,unverified,,2026-09-02T23:05:13.572077+00:00
9bfef2ef-2400-4265-ba18-e4d087773518,Burton,Trick Pony,2014,,,catalog:burton--trick-pony,verified,,2026-09-02T23:05:13.572077+00:00
0cb781ce-dc4d-4978-800a-9de2bec8a397,Burton,Triumph,2005,,,catalog:burton--triumph,unverified,,2026-09-02T23:05:13.572077+00:00
d6582ba4-303d-4acb-8803-9c73d1d1078a,Burton,Troop,2001,,,catalog:burton--troop,verified,,2026-09-02T23:05:13.572077+00:00
8c2d8661-f8f1-49ad-90cd-6fd2a337df2e,Burton,Twin,1994,,,catalog:burton--twin,verified,,2026-09-02T23:05:13.572077+00:00
5446a935-359f-40ae-95e6-564be6c7c499,Burton,Twin 39,1995,,,catalog:burton--twin-39,unverified,,2026-09-04T18:50:01.363043+00:00
70186366-840f-4f65-b883-512ffb966d39,Burton,Twin 47,1995,,,catalog:burton--twin-47,unverified,,2026-09-04T18:50:01.363043+00:00
207edb7c-fb92-4d8c-b229-d99e7ae8cd0e,Burton,Twin 53,1995,,,catalog:burton--twin-53,unverified,,2026-09-04T18:50:01.363043+00:00
e4f97548-4b12-4427-9391-783265968810,Burton,Twin 58,1994,,,catalog:burton--twin-58,unverified,,2026-09-04T18:50:01.363043+00:00
4f2952b7-b035-47a7-bf24-33beda4f6640,Burton,Twin 64,1994,,,catalog:burton--twin-64,unverified,,2026-09-04T18:50:01.363043+00:00
d7ce87bd-5288-4d08-8939-c210d5e4f210,Burton,Twisted,1996,,,catalog:burton--twisted,unverified,,2026-09-02T23:05:13.572077+00:00
09d91c2c-05f8-460d-a35f-04a18486543d,Burton,Ultra Prime,1998,,,catalog:burton--ultra-prime,unverified,,2026-09-02T23:05:13.572077+00:00
2d445360-a6dc-4575-9966-ad0690ea63ca,Burton,Uninc,2004,,,catalog:burton--uninc,verified,,2026-09-02T23:05:13.572077+00:00
1d79edaf-15d5-46b7-b973-2da2e078f1d9,Burton,Up-Stick,2012,,,catalog:burton--up-stick,verified,,2026-09-02T23:05:13.572077+00:00
a16cd8d4-73a9-4c51-9764-16cae6c4430f,Burton,Vapor,2006,,,catalog:burton--vapor,verified,,2026-09-02T23:05:13.572077+00:00
f55b86d8-99c0-441b-92d8-c30427184b90,Burton,Venue,2009,,,catalog:burton--venue,unverified,,2026-09-02T23:05:13.572077+00:00
77245b0b-8fe3-40c7-b8ff-0bcde4450862,Burton,Verdict,2009,,,catalog:burton--verdict,unverified,,2026-09-02T23:05:13.572077+00:00
3a5850b2-9076-4bfa-9992-2f37f2475986,Burton,Warhol,2008,,,catalog:burton--warhol,verified,,2026-09-02T23:05:13.572077+00:00
1b5569e2-01bd-463d-8b42-ff8c745e1c88,Burton,Whammy Bar,2011,,,catalog:burton--whammy-bar,verified,,2026-09-02T23:05:13.572077+00:00
f4fec562-2320-464c-8ae9-6d57f7408f0d,Burton,White Paper,2022,,,catalog:burton--white-paper,verified,,2026-09-02T23:05:13.572077+00:00
62d86ecd-6edb-4da0-ad10-9059e4b14b9f,Burton,Wire,1999,,,catalog:burton--wire,unverified,,2026-09-02T23:05:13.572077+00:00
5ad96916-612c-4bbb-8980-1c748caabd11,Burton,Witchcraft,2003,,,catalog:burton--witchcraft,unverified,,2026-09-02T23:05:13.572077+00:00
6e6996d2-5ada-4b57-80c6-1cf370596f9a,Burton,Women's Supermodel,2009,,,catalog:burton--women-s-supermodel,verified,,2026-09-02T23:05:13.572077+00:00
board_1782795147595_d3j80,Burton,Woody 135,1987,,,,unverified,0394914d-6ffd-4a18-aa1f-1aafee7ce53a,2026-06-30T04:53:13.331167+00:00
28e78e65-9b4c-413f-9f55-ab03a7790186,Burton,Working Stiff,2018,,,catalog:burton--working-stiff,unverified,,2026-09-02T23:05:13.572077+00:00
325ef65d-2358-4de7-a750-6fadb3f4172c,Burton,X8,2008,,,catalog:burton--x8,verified,,2026-09-02T23:05:13.572077+00:00
c686fbf5-fff4-42c5-9526-b6a71c2a777d,Burton,X9FV,2014,,,catalog:burton--x9fv,unverified,,2026-09-02T23:05:13.572077+00:00
bf4b96a9-5cce-4a6f-8385-d7e45747bf73,Burton,Yeasayer,2019,,,catalog:burton--yeasayer,verified,,2026-09-02T23:05:13.572077+00:00
9860149c-917c-42ea-85b9-3d1fb815ec7f,Capita,Aeronaut,2024,,,catalog:capita--aeronaut,verified,,2026-09-02T23:05:13.572077+00:00
645cdf3a-641c-42a7-959c-186cee326fc5,Capita,Birds of a Feather,2013,,,catalog:capita--birds-of-a-feather,verified,,2026-09-02T23:05:13.572077+00:00
5696d5b7-f949-45f4-9cce-b7c99611c172,Capita,Black Death Inc,2009,,,catalog:capita--black-death-inc,unverified,,2026-09-02T23:05:13.572077+00:00
73daa968-a2d1-4c68-bd26-b2256ab57126,Capita,Black Death Speed Tribe,2008,,,catalog:capita--black-death-speed-tribe,unverified,,2026-09-02T23:05:13.572077+00:00
b28,Capita,Black Snowboard of Death,2022,,,seed:linestry-research-2026-06,verified,,2026-03-13T00:16:16.048193+00:00
df9f84b9-d000-4489-8edc-a8dbc7a2e912,Capita,Charlie Slasher,2010,,,catalog:capita--charlie-slasher,unverified,,2026-09-02T23:05:13.572077+00:00
371b8a4f-faf4-45e0-9102-c606ee7f6ab8,Capita,CHILDREN OF THE GNAR,2026,,,catalog:capita--children-of-the-gnar,unverified,,2026-09-04T18:50:01.363043+00:00
4ee395ee-2f68-4899-8b58-21a9125d0ceb,Capita,CHILDREN OF THE POW,2026,,,catalog:capita--children-of-the-pow,unverified,,2026-09-04T18:50:01.363043+00:00
d09d7d08-e13a-4848-a72a-6f3b532e083d,Capita,D.O.A. 154 Benny Milam LTD,2026,,,catalog:capita--d-o-a-154-benny-milam-ltd,unverified,,2026-09-04T18:50:01.363043+00:00
dda82dcf-0ba7-428a-b2fb-8e29ff8c471f,Capita,DARK HORSE,2026,,,catalog:capita--dark-horse,unverified,,2026-09-04T18:50:01.363043+00:00
c9294df5-bc0a-4338-aa41-2f6dd30a054c,Capita,Darkhorse 154 Austin Vizz LTD,2026,,,catalog:capita--darkhorse-154-austin-vizz-ltd,unverified,,2026-09-04T18:50:01.737729+00:00
a14c2553-442a-4741-91b1-0a38234bf0d6,Capita,Defenders of Awesome,2013,,,seed:linestry-research-2026-06,verified,,2026-06-19T05:24:20.410856+00:00
b5,Capita,DOA,2021,,,,verified,,2026-03-13T00:16:16.048193+00:00
5b4e1790-fdca-4082-aec5-bef39318d347,Capita,Horrorscope,2004,,,catalog:capita--horrorscope,verified,,2026-09-02T23:05:13.572077+00:00
9047394c-b674-42a4-83f2-c3ac07d68664,Capita,Human Series,2004,,,catalog:capita--human-series,verified,,2026-09-02T23:05:13.572077+00:00
bbd8723e-52bd-4e20-8d30-fb52225fd28b,Capita,Indoor Survival,2008,,,catalog:capita--indoor-survival,verified,,2026-09-02T23:05:13.572077+00:00
8804f87e-5af9-4441-8f72-0a4c87bbda09,Capita,JESS KIMURA MINI,2026,,,catalog:capita--jess-kimura-mini,unverified,,2026-09-04T18:50:01.737729+00:00
07b0c58f-3d9e-4fd7-8904-5787da26ae3c,Capita,Kazu Kokubo Pro,2017,,,catalog:capita--kazu-kokubo-pro,verified,,2026-09-02T23:05:13.572077+00:00
0901d802-be41-4ceb-b28a-75a28cb35750,Capita,Le Tigre,2008,,,catalog:capita--le-tigre,unverified,,2026-09-02T23:05:13.572077+00:00
cce2089f-1dbd-4341-a2ba-27bb67f587d3,Capita,Matriarch,2026,,,catalog:capita--matriarch,verified,,2026-09-02T23:05:13.572077+00:00
761bb52d-d07c-4f9e-8c9e-17aba8d0fa79,Capita,Mega Death,2024,,,catalog:capita--mega-death,verified,,2026-09-02T23:05:13.572077+00:00
fdaf7a85-cdb0-456c-bf04-9479b9de830e,Capita,MEGA MERC,2026,,,catalog:capita--mega-merc,unverified,,2026-09-04T18:50:01.737729+00:00
c4eedfd4-2be0-412d-8b1a-1f6a32dcda64,Capita,Mega Mercury,2023,,,seed:linestry-research-2026-06,verified,,2026-06-19T05:24:20.410856+00:00
8b13d01b-f2bd-494b-b3a8-080f16345efa,Capita,MEGA SPLIT,2026,,,catalog:capita--mega-split,unverified,,2026-09-04T18:50:01.737729+00:00
b6,Capita,Mercury,2019,,,seed:linestry-research-2026-06,verified,,2026-03-13T00:16:16.048193+00:00
5ba01055-fa97-4be6-a4bf-580e40f46d16,Capita,MIA BROOKES PRO,2026,,,catalog:capita--mia-brookes-pro,unverified,,2026-09-04T18:50:01.737729+00:00
cf3939d6-fc1c-4fb8-a892-e8b6761f4174,Capita,MICRO MINI,2026,,,catalog:capita--micro-mini,unverified,,2026-09-04T18:50:01.737729+00:00
75751611-f3fb-4a00-b38c-70c2d400d62b,Capita,Mid Life Artist,2008,,,catalog:capita--mid-life-artist,unverified,,2026-09-02T23:05:13.572077+00:00
6587e31a-de2f-4936-9128-106e8ad7651b,Capita,Navigator,2019,,,catalog:capita--navigator,verified,,2026-09-02T23:05:13.572077+00:00
085aece4-6ae8-4b13-8058-18dfc4e84649,Capita,Navigator 158 Miles Fallon LTD,2026,,,catalog:capita--navigator-158-miles-fallon-ltd,unverified,,2026-09-04T18:50:01.737729+00:00
355d03d2-58b6-4d39-8c90-d8b58c5351b7,Capita,NAVIGATOR WMN SPLIT,2026,,,catalog:capita--navigator-wmn-split,unverified,,2026-09-04T18:50:01.737729+00:00
be93ccd4-5967-4ecc-a516-dee0bb98929d,Capita,Outdoor Living,2008,,,catalog:capita--outdoor-living,unverified,,2026-09-02T23:05:13.572077+00:00
77682608-2548-4edb-a3c2-e56ce911df69,Capita,Outerspace Living,2017,,,catalog:capita--outerspace-living,verified,,2026-09-02T23:05:13.572077+00:00
1d8635bc-f34a-4069-98f2-9c45864af4c5,Capita,Outsiders,2014,,,catalog:capita--outsiders,unverified,,2026-09-02T23:05:13.572077+00:00
99aa0e6f-92ce-43b0-9a69-94c50ab7c8e7,Capita,Paradise,2017,,,catalog:capita--paradise,verified,,2026-09-02T23:05:13.572077+00:00
8ceecbc9-a1fb-4731-91fd-5fdcf47cae76,Capita,PATHFINDER,2026,,,catalog:capita--pathfinder,unverified,,2026-09-04T18:50:01.737729+00:00
259584df-6e47-44c2-a870-e8302dfcb4c9,Capita,Qween,2009,,,catalog:capita--qween,unverified,,2026-09-02T23:05:13.572077+00:00
96d89cb0-6644-465e-9437-5f3465c46865,Capita,Saturnia,2008,,,catalog:capita--saturnia,unverified,,2026-09-02T23:05:13.572077+00:00
d7ef90c1-f49c-4fa4-84c5-61c13fab75af,Capita,SB POWDER GLIDER,2026,,,catalog:capita--sb-powder-glider,unverified,,2026-09-04T18:50:01.737729+00:00
bdb746be-5211-406c-ad0d-77a4e0fd7aca,Capita,SB POWDER RACERS,2026,,,catalog:capita--sb-powder-racers,unverified,,2026-09-04T18:50:01.737729+00:00
39b1924f-58d1-4fa7-9043-8428bf84a807,Capita,SB POWDER TWIN,2026,,,catalog:capita--sb-powder-twin,unverified,,2026-09-04T18:50:01.737729+00:00
1d8da761-7590-43f7-9505-f7030c57b1e5,Capita,SB RESORT TWIN,2026,,,catalog:capita--sb-resort-twin,unverified,,2026-09-04T18:50:01.737729+00:00
70242be5-b63c-4de2-a474-3efc368f242e,Capita,SB SLUSH SLASHERS,2026,,,catalog:capita--sb-slush-slashers,unverified,,2026-09-04T18:50:01.737729+00:00
980a8993-ecd4-4c6f-ba78-723983bb07f0,Capita,Scaremaster,2009,,,catalog:capita--scaremaster,unverified,,2026-09-02T23:05:13.572077+00:00
9550985d-643c-4820-bd9c-e064256ca170,Capita,SCOTT STEVENS MINI,2026,,,catalog:capita--scott-stevens-mini,unverified,,2026-09-04T18:50:01.737729+00:00
2be6253d-20ea-4aa9-9035-c71aa6b42f81,Capita,Spring Break,2010,,,seed:linestry-research-2026-06,verified,,2026-06-19T05:24:20.410856+00:00
2624acf7-fe73-4739-9428-f92210a52db9,Capita,Spring Break Powder Racers,2020,,,catalog:capita--spring-break-powder-racers,verified,,2026-09-02T22:45:50.738206+00:00
e8025c8e-b333-4f22-b4fe-8cc6f7600b7e,Capita,Spring Break Powder Twin,2027,,,catalog:capita--spring-break-powder-twin,unverified,,2026-09-02T23:05:13.572077+00:00
60620dc4-2beb-4034-aae6-09fa9f4aed6e,Capita,Spring Break Resort Twin,2026,,,catalog:capita--spring-break-resort-twin,unverified,,2026-09-02T23:05:13.572077+00:00
b3462d51-037d-449a-9f3f-aaf6b83d45d0,Capita,Spring Break Stairmaster,2027,,,catalog:capita--spring-break-stairmaster,unverified,,2026-09-02T23:05:13.572077+00:00
6958df76-70dc-48aa-b390-18bf6f604333,Capita,Stairmaster,2008,,,catalog:capita--stairmaster,unverified,,2026-09-02T23:05:13.572077+00:00
ced66641-d21c-44d5-b6ac-2e44ae1b3c75,Capita,Super DOA,2020,,,catalog:capita--super-doa,verified,,2026-09-02T22:45:50.738206+00:00
372e86a9-14f8-44df-8d9f-74e2cd5e328e,Capita,THE EQUALIZER BY JESS KIMURA,2026,,,catalog:capita--the-equalizer-by-jess-kimura,unverified,,2026-09-04T18:50:01.737729+00:00
0f2fe6bc-9b2a-4d8b-ae2b-3eb0b2f13746,Capita,THE MATRIARCH,2026,,,catalog:capita--the-matriarch,unverified,,2026-09-04T18:50:01.737729+00:00
f8abcdc4-9edb-42ec-9314-9b95164313b5,Capita,THE NAVIGATOR,2026,,,catalog:capita--the-navigator,unverified,,2026-09-04T18:50:01.737729+00:00
34ffd378-cdb7-4f85-80d7-d8d2271cb044,Capita,THE NAVIGATOR WMN,2026,,,catalog:capita--the-navigator-wmn,unverified,,2026-09-04T18:50:01.737729+00:00
b7,Capita,Ultrafear,2022,,,,verified,,2026-03-13T00:16:16.048193+00:00
board_1788060224263_33wh3,Capita Snowboards,Photo Fetish,2008,,https://auth.linestry.com/storage/v1/object/public/board-images/boards/board_1788060224263_33wh3/76c3b77e-0f0e-4478-9494-b0b1f5d6188f-1788060335690.webp,,unverified,76c3b77e-0f0e-4478-9494-b0b1f5d6188f,2026-08-30T03:26:04.925564+00:00
f8eda35c-40c9-441f-a62e-95f32894fab2,Cardiff,Bonsai,2021,,,catalog:cardiff--bonsai,unverified,,2026-09-02T23:05:13.572077+00:00
fe3e44b3-9dfc-4506-904b-700253bc2a74,Cardiff,Bonsai Enduro,2025,,,catalog:cardiff--bonsai-enduro,unverified,,2026-09-04T18:50:01.737729+00:00
59960bfe-160e-4a47-aa32-20785e0e35e9,Cardiff,Bonsai Enduro Classic,2026,,,catalog:cardiff--bonsai-enduro-classic,unverified,,2026-09-04T18:50:01.737729+00:00
3d48e76d-7cc1-420d-bff0-de5a6d10f2cf,Cardiff,Crane,2020,,,catalog:cardiff--crane,verified,,2026-09-02T23:05:13.572077+00:00
805f0682-90bb-4099-8535-c690de116934,Cardiff,Crane Enduro,2025,,,catalog:cardiff--crane-enduro,unverified,,2026-09-04T18:50:01.737729+00:00
16fd2c5d-9b6e-43b4-9dae-8db42ae35787,Cardiff,Crane Pro Carbon Splitboard,2026,,,catalog:cardiff--crane-pro-carbon-splitboard,unverified,,2026-09-04T18:50:01.737729+00:00
9177b0c2-7238-43fd-b205-cff74aa23647,Cardiff,Goat,2021,,,catalog:cardiff--goat,unverified,,2026-09-02T23:05:13.572077+00:00
c06d76c9-5ad7-41fb-b224-9911c2ed5333,Cardiff,Goat Enduro,2025,,,catalog:cardiff--goat-enduro,unverified,,2026-09-04T18:50:01.737729+00:00
9a884144-34ca-4aea-a612-3dd0030f4755,Cardiff,Goat Pro Carbon Splitboard,2026,,,catalog:cardiff--goat-pro-carbon-splitboard,unverified,,2026-09-04T18:50:01.737729+00:00
ffc8a261-0011-480a-9bf8-e32dce2f8738,Cardiff,Lynx,2023,,,catalog:cardiff--lynx,verified,,2026-09-02T23:05:13.572077+00:00
5c7bce49-55f6-475e-ae09-176d46173daf,Cardiff,Powgoda,2021,,,catalog:cardiff--powgoda,verified,,2026-09-02T23:05:13.572077+00:00
54ea3178-1a2a-48bb-8cae-4c0cb9b3b181,Cardiff,Powgoda Enduro,2026,,,catalog:cardiff--powgoda-enduro,unverified,,2026-09-04T18:50:01.737729+00:00
80447842-a15c-4d3c-a07c-308a45ccec38,Cardiff,Powgoda Pro Carbon Splitboard,2025,,,catalog:cardiff--powgoda-pro-carbon-splitboard,unverified,,2026-09-04T18:50:01.737729+00:00
59b72198-4990-4022-ae2c-74524c610e60,Cardiff,Swell,2021,,,catalog:cardiff--swell,unverified,,2026-09-02T23:05:13.572077+00:00
0753f3c8-070e-4157-bd5d-ce8e7868a880,Cardiff,Swell Enduro,2025,,,catalog:cardiff--swell-enduro,unverified,,2026-09-04T18:50:01.737729+00:00
91bd6402-7176-479a-a9a1-8319274e75e7,Cardiff,The Skiff,2026,,,catalog:cardiff--the-skiff,unverified,,2026-09-04T18:50:01.737729+00:00
d81478d8-abf4-487b-ba5f-8e73faa8608d,Cardiff,Trickshaw,2025,,,catalog:cardiff--trickshaw,unverified,,2026-09-04T18:50:01.737729+00:00
e3d685a8-e9e6-4f3e-b6bc-0a1202ae92da,Checker Pig,C65,1991,,,catalog:checker-pig--c65,unverified,,2026-09-02T23:05:13.572077+00:00
70cfbb08-3fe5-47a0-8b44-665b9bd2347d,Checker Pig,CPX,1991,,,catalog:checker-pig--cpx,unverified,,2026-09-02T23:05:13.572077+00:00
64a96ab1-4e58-4f87-9270-913bf67ff0b0,Checker Pig,F-15 Vinciguerra,1992,,,catalog:checker-pig--f-15-vinciguerra,unverified,,2026-09-02T23:05:13.572077+00:00
e93d3b55-f641-4764-ac6b-20a6333b5dab,Checker Pig,FSC 54,1991,,,catalog:checker-pig--fsc-54,unverified,,2026-09-02T23:05:13.572077+00:00
5c8906d2-7f9b-4eb4-bce5-49d8ba309b4b,Checker Pig,G69,1991,,,catalog:checker-pig--g69,unverified,,2026-09-02T23:05:13.572077+00:00
0c668c09-fac6-4b0e-99ab-bff61286e88c,Checker Pig,Swing 6,1992,,,catalog:checker-pig--swing-6,unverified,,2026-09-02T23:05:13.572077+00:00
8edd380b-954f-4150-a218-72e721908ee9,Chimera,Hermit 165W,2026,,,catalog:chimera--hermit-165w,unverified,,2026-09-04T18:50:02.038797+00:00
3df25b78-c099-40d6-8c88-dff70a58ded6,Chimera,Sceptre,2026,,,catalog:chimera--sceptre,unverified,,2026-09-04T18:50:02.038797+00:00
0a325fe3-40cd-473c-9cd8-a31c491723b0,Chimera,Sceptre Guide Series,2026,,,catalog:chimera--sceptre-guide-series,unverified,,2026-09-04T18:50:02.038797+00:00
b1fad8c2-75cf-4be8-bc47-eeb82c0731e8,Chimera,Shop Rat,2026,,,catalog:chimera--shop-rat,unverified,,2026-09-04T18:50:02.038797+00:00
0495375a-3823-46c7-892d-e1f30d643caf,Chimera,Shop Rat Guide Series,2026,,,catalog:chimera--shop-rat-guide-series,unverified,,2026-09-04T18:50:02.038797+00:00
a0fa9be9-8591-44fa-b422-4d4a9567f256,Chimera,Unicorn Chaser,2026,,,catalog:chimera--unicorn-chaser,unverified,,2026-09-04T18:50:02.038797+00:00
6d8700e5-c5bf-467a-9660-e018be2bdd5a,Coiler,BX and BX Freeride,2026,,,catalog:coiler--bx-and-bx-freeride,unverified,,2026-09-04T18:50:01.737729+00:00
0b504197-f25b-4ed1-8aab-de24d9ce419f,Coiler,Monster V2,2026,,,catalog:coiler--monster-v2,unverified,,2026-09-04T18:50:01.737729+00:00
8219cceb-a7a7-4b26-ac0e-5d588aade4e7,Coiler,Stubby V2,2026,,,catalog:coiler--stubby-v2,unverified,,2026-09-04T18:50:01.737729+00:00
cd8dba61-4516-4cc9-b955-7fa7828416dd,Crazy Banana,2-Fast 4-U,1990,,,catalog:crazy-banana--2-fast-4-u,unverified,,2026-09-02T23:05:13.572077+00:00
ae1a14c4-42ec-4f65-8382-42e2b71e8d69,Crazy Banana,Babaloo,1990,,,catalog:crazy-banana--babaloo,unverified,,2026-09-02T23:05:13.572077+00:00
a9fed740-6ab0-41c2-9d8a-768fa7ea8db4,Crazy Banana,Breakout,1988,,,catalog:crazy-banana--breakout,verified,,2026-09-02T23:05:13.572077+00:00
board_1787849145205_v0ps8,Crazy Banana,Chilli Willi,1989,,https://auth.linestry.com/storage/v1/object/public/board-images/boards/board_1787849145205_v0ps8/76c3b77e-0f0e-4478-9494-b0b1f5d6188f-1787849230599.jpg,,unverified,76c3b77e-0f0e-4478-9494-b0b1f5d6188f,2026-08-27T16:47:18.157154+00:00
5f6ee293-8725-406b-9648-e35284115b10,Crazy Banana,Espresso,1990,,,catalog:crazy-banana--espresso,unverified,,2026-09-02T23:05:13.572077+00:00
43d3cc15-f64f-4b06-9771-ee4a34a40887,Crazy Banana,Mr. Rock-It,1990,,,catalog:crazy-banana--mr-rock-it,unverified,,2026-09-02T23:05:13.572077+00:00
0a03bb3e-f9e0-41f0-a6a6-93098beaa999,Crazy Banana,Tweak,1991,,,catalog:crazy-banana--tweak,unverified,,2026-09-02T23:05:13.572077+00:00
df653831-d780-4675-a1b0-6f3c8e833238,Crazy Banana,Voodoo,1990,,,catalog:crazy-banana--voodoo,unverified,,2026-09-02T23:05:13.572077+00:00
3ce92aa5-a448-4c56-b4b6-38693856eb15,Crazy Banana,Woodstock,1991,,,catalog:crazy-banana--woodstock,unverified,,2026-09-02T23:05:13.572077+00:00
58b7d0eb-7296-484d-b962-c50f82c6c650,D.O.P.E.,ALEX STATHIS SIGNATURE SERIES,2026,,,catalog:d-o-p-e--alex-stathis-signature-series,unverified,,2026-09-04T18:50:02.038797+00:00
d1d725ae-ebc3-4e37-8e8a-354a8d04f32f,D.O.P.E.,DON WHEELER SIGNATURE SERIES,2026,,,catalog:d-o-p-e--don-wheeler-signature-series,unverified,,2026-09-04T18:50:02.038797+00:00
2234a719-9197-4dbb-bf0c-1706dc972805,D.O.P.E.,E-MAN ANDERSON SIGNATURE SERIES,2026,,,catalog:d-o-p-e--e-man-anderson-signature-series,unverified,,2026-09-04T18:50:02.038797+00:00
cb3fd5c2-886b-45df-a638-b1de93fed9fe,D.O.P.E.,LAYNE TREETER SIGNATURE SERIES,2026,,,catalog:d-o-p-e--layne-treeter-signature-series,unverified,,2026-09-04T18:50:02.038797+00:00
0457b86b-e6d4-44e6-9229-2483713cbe4e,D.O.P.E.,NO FEAR SIGNATURE SERIES,2026,,,catalog:d-o-p-e--no-fear-signature-series,unverified,,2026-09-04T18:50:02.038797+00:00
064babfc-023c-4dae-849c-99594be65272,DC,BDR,2010,,,catalog:dc--bdr,unverified,,2026-09-02T23:05:13.572077+00:00
8b2256a5-c223-49f7-932a-c446e085899a,DC,BFF,2009,,,catalog:dc--bff,unverified,,2026-09-02T23:05:13.572077+00:00
36ba09ef-564c-4033-a7be-06b9b4fcc5b0,DC,BFT,2010,,,catalog:dc--bft,unverified,,2026-09-02T23:05:13.572077+00:00
65725b13-181f-45e6-9f3e-f11ce3df6347,DC,Biddy,2011,,,catalog:dc--biddy,unverified,,2026-09-02T23:05:13.572077+00:00
a2f4c4c6-95ae-4515-80db-ed602c06b484,DC,Devun Pro,2011,,,catalog:dc--devun-pro,verified,,2026-09-02T23:05:13.572077+00:00
0443eb6f-efbf-4001-b369-506265524de2,DC,Focus,2012,,,catalog:dc--focus,unverified,,2026-09-02T23:05:13.572077+00:00
648ff9ef-b741-4c34-8fa0-bc6dca524b8c,DC,HKD,2009,,,catalog:dc--hkd,unverified,,2026-09-02T23:05:13.572077+00:00
3985e325-573b-414f-bd87-c530ff77a282,DC,MLF,2009,,,catalog:dc--mlf,unverified,,2026-09-02T23:05:13.572077+00:00
49dff130-51a3-46b9-a555-d5f26774944f,DC,PBJ,2009,,,catalog:dc--pbj,unverified,,2026-09-02T23:05:13.572077+00:00
7ca537b9-b393-4cd1-9274-ae26d8c9de4b,DC,Ply,2012,,,catalog:dc--ply,unverified,,2026-09-02T23:05:13.572077+00:00
4e7194ee-15da-427b-b06d-7dd34549fca3,DC,Tone,2011,,,catalog:dc--tone,unverified,,2026-09-02T23:05:13.572077+00:00
92d85282-25ad-47c2-ba52-2da0396b61e3,DC,XFB,2009,,,catalog:dc--xfb,unverified,,2026-09-02T23:05:13.572077+00:00
af8c1845-aa97-4d6e-90d1-ee66e45d4b18,Division 23,Funaki,2006,,,catalog:division-23--funaki,unverified,,2026-09-02T23:05:13.572077+00:00
b645ae88-113a-41d3-b5d7-1b5e4a4744c7,Division 23,Fuse,2007,,,catalog:division-23--fuse,unverified,,2026-09-02T23:05:13.572077+00:00
77bcc87c-a231-41c9-94fa-6f8c9ce36239,Division 23,Hurricane,2007,,,catalog:division-23--hurricane,unverified,,2026-09-02T23:05:13.572077+00:00
b407770d-8584-4ad9-b2c7-e1ffaf473ff8,Division 23,Peter Line,1993,,,catalog:division-23--peter-line,verified,,2026-09-02T23:05:13.572077+00:00
34c557ab-e8ee-4e4c-a27d-fc0e5bf6bcd5,Division 23,Resistance,2007,,,catalog:division-23--resistance,unverified,,2026-09-02T23:05:13.572077+00:00
6e023c06-bdf0-4fd9-9b10-594744e56dae,Division 23,Rhyno,2006,,,catalog:division-23--rhyno,unverified,,2026-09-02T23:05:13.572077+00:00
5c774b3a-2a59-41f8-8c1b-68e825e4f15e,Division 23,Sakoda,2007,,,catalog:division-23--sakoda,unverified,,2026-09-02T23:05:13.572077+00:00
076faf9f-b2fd-4f10-a636-89eeb69b918c,Division 23,Triple H,2006,,,catalog:division-23--triple-h,unverified,,2026-09-02T23:05:13.572077+00:00
8c385e98-82ad-471c-aa95-09ca8ca1ec80,Division 23,Wendy Powell,1997,,,catalog:division-23--wendy-powell,unverified,,2026-09-02T23:05:13.572077+00:00
d85cb2d7-b709-4d26-ba03-1dc613270157,Donek,Turner FC,2026,,,catalog:donek--turner-fc,unverified,,2026-09-04T18:50:01.737729+00:00
66da1034-4e6d-4362-9181-d5425d0af786,Drake,BATTLE,2025,,,catalog:drake--battle,unverified,,2026-09-04T18:50:02.038797+00:00
30aca24a-5255-46ff-af41-24a89772d3cd,Drake,BATTLE RUSTY,2025,,,catalog:drake--battle-rusty,unverified,,2026-09-04T18:50:02.038797+00:00
a3fca97c-1d37-4e4c-bcb1-421875877795,Drake,BILLBOARD,2025,,,catalog:drake--billboard,unverified,,2026-09-04T18:50:02.038797+00:00
2a813a4e-eb17-43ed-86ba-1e7202899ded,Drake,CHARM,2025,,,catalog:drake--charm,unverified,,2026-09-04T18:50:02.038797+00:00
228b251e-3a14-4bdd-b1e4-ed8eac5ca3bc,Drake,DF,2025,,,catalog:drake--df,unverified,,2026-09-04T18:50:02.038797+00:00
3774298d-b1c1-4a99-9767-7d8a5e7abd38,Drake,DF PRO,2024,,,catalog:drake--df-pro,unverified,,2026-09-04T18:50:02.038797+00:00
7a9be63b-8189-4ba9-a673-0eb93e31be01,Drake,DFL,2024,,,catalog:drake--dfl,unverified,,2026-09-04T18:50:02.038797+00:00
2c60006b-94cd-4069-8adb-d63dd8d4eb5f,Drake,DFL PRO,2025,,,catalog:drake--dfl-pro,unverified,,2026-09-04T18:50:02.038797+00:00
ab8621ad-6556-4b79-a6f5-5cabf2898298,Drake,LEAGUE,2025,,,catalog:drake--league,unverified,,2026-09-04T18:50:02.038797+00:00
9b546fbc-0496-4230-92d2-d75f1a40f2df,Drake,MISTY,2024,,,catalog:drake--misty,unverified,,2026-09-04T18:50:02.038797+00:00
1578c45a-7904-44f2-b75f-702ddb1d60ab,Drake,SHOT,2025,,,catalog:drake--shot,unverified,,2026-09-04T18:50:02.038797+00:00
b0eb7e7e-21e1-4e29-bbde-5495270d0ad0,Drake,SQUAD,2025,,,catalog:drake--squad,unverified,,2026-09-04T18:50:02.038797+00:00
6a019ab7-6667-4f4c-a1e8-1abecb91ad09,Drake,TAO OF DRAKE,2024,,,catalog:drake--tao-of-drake,unverified,,2026-09-04T18:50:02.038797+00:00
55145dc7-8a36-4ef0-9a59-826f391ba297,Drake,TEAM,2025,,,catalog:drake--team,unverified,,2026-09-04T18:50:02.038797+00:00
cd8cb04d-b0e7-42cc-b7eb-a48cad1335c3,Drake,TEAM KOHEI,2025,,,catalog:drake--team-kohei,unverified,,2026-09-04T18:50:02.038797+00:00
402e6e6f-dfb5-4497-ba8a-e213e70e23eb,Dupraz,D-Tour 5'5 X,2026,,,catalog:dupraz--d-tour-55-x,unverified,,2026-09-04T18:50:01.737729+00:00
68501f32-4c5f-41cc-8691-b27397bad792,Dupraz,D-Tour 6' X,2026,,,catalog:dupraz--d-tour-6-x,unverified,,2026-09-04T18:50:01.737729+00:00
4dfeb378-1222-488e-8018-96e72fa24589,Dupraz,D1,2015,,,catalog:dupraz--d1,verified,,2026-09-02T23:05:13.572077+00:00
3c3eede3-0979-440f-a525-fefb520da454,Dupraz,D1 5'2 N,2026,,,catalog:dupraz--d1-52-n,unverified,,2026-09-04T18:50:01.737729+00:00
656ae4f0-ab21-4764-925f-5faee1302a84,Dupraz,D1 5'5 STD,2026,,,catalog:dupraz--d1-55-std,unverified,,2026-09-04T18:50:01.737729+00:00
dd10dd91-c584-43c5-a8f5-48b0fa9e027f,Dupraz,D1 5'5 X,2026,,,catalog:dupraz--d1-55-x,unverified,,2026-09-04T18:50:01.737729+00:00
fb6d3bd6-f277-4a83-8595-c73400f3d3a4,Elan Snowboards,Aero,2012,,,catalog:elan--aero,unverified,,2026-09-02T23:05:13.572077+00:00
02ffc43a-b90c-4a30-820e-4f248e3c0961,Elan Snowboards,Answer,2005,,,catalog:elan--answer,verified,,2026-09-02T23:05:13.572077+00:00
6f50f355-6fee-4153-82cb-25b06a04b04c,Elan Snowboards,Argon,2008,,,catalog:elan--argon,unverified,,2026-09-02T23:05:13.572077+00:00
79f15ad9-3c1c-456c-a285-08c37e3a7729,Elan Snowboards,Ascent,2006,,,catalog:elan--ascent,unverified,,2026-09-02T23:05:13.572077+00:00
f908e631-2679-4b94-bba4-52b76be2a3af,Elan Snowboards,Aurora,2000,,,catalog:elan--aurora,verified,,2026-09-02T23:05:13.572077+00:00
77449186-71c2-4caa-b260-1c7515520f9f,Elan Snowboards,Ballistic,2000,,,catalog:elan--ballistic,unverified,,2026-09-02T23:05:13.572077+00:00
e2afe5c4-7491-4fcf-ab07-7ce5ee8a752e,Elan Snowboards,Betty,2008,,,catalog:elan--betty,unverified,,2026-09-02T23:05:13.572077+00:00
8f9d5e88-f6cd-4eda-817f-9b88c3486693,Elan Snowboards,Boulevard,2000,,,catalog:elan--boulevard,verified,,2026-09-02T23:05:13.572077+00:00
6b071a28-56dc-443f-a302-803ab811ab52,Elan Snowboards,Crest,2008,,,catalog:elan--crest,verified,,2026-09-02T23:05:13.572077+00:00
a5489bfe-698d-4345-81f0-5ed6771d17cf,Elan Snowboards,Current,2008,,,catalog:elan--current,unverified,,2026-09-02T23:05:13.572077+00:00
7d3f9b7a-784a-43fd-bdcd-5d9d2321aa86,Elan Snowboards,Daisy,2008,,,catalog:elan--daisy,unverified,,2026-09-02T23:05:13.572077+00:00
739fb31a-98b9-43b9-b757-6ca6079f9fde,Elan Snowboards,El Grande,2007,,,catalog:elan--el-grande,verified,,2026-09-02T23:05:13.572077+00:00
41d72608-1abf-49cb-8929-6bde3c472b99,Elan Snowboards,Element,2000,,,catalog:elan--element,verified,,2026-09-02T23:05:13.572077+00:00
8ea886dd-60af-487c-a9e2-983234b1c047,Elan Snowboards,Endless,2005,,,catalog:elan--endless,unverified,,2026-09-02T23:05:13.572077+00:00
99df5015-d552-4b40-a096-15d0badfb074,Elan Snowboards,Eragon,2008,,,catalog:elan--eragon,verified,,2026-09-02T23:05:13.572077+00:00
ec92ef68-c64e-4995-847c-2fffe8aff57a,Elan Snowboards,Gravity,2007,,,catalog:elan--gravity,unverified,,2026-09-02T23:05:13.572077+00:00
afd997a3-bd48-4c8a-bf44-b3bb2cd4fbaf,Elan Snowboards,Helium,2008,,,catalog:elan--helium,unverified,,2026-09-02T23:05:13.572077+00:00
211bed20-55bc-41aa-960b-49878e49016b,Elan Snowboards,Hi-Fi,2010,,,catalog:elan--hi-fi,unverified,,2026-09-02T23:05:13.572077+00:00
d57be620-b179-46dc-ae5e-61f1d6b0e10f,Elan Snowboards,Inverse,2005,,,catalog:elan--inverse,verified,,2026-09-02T23:05:13.572077+00:00
a5409f5e-0a88-4632-ad44-e9e57b477804,Elan Snowboards,Krypton,2008,,,catalog:elan--krypton,unverified,,2026-09-02T23:05:13.572077+00:00
20cc86b1-5ff1-4833-b52b-596c1e765fa6,Elan Snowboards,LeeLoo,2010,,,catalog:elan--leeloo,unverified,,2026-09-02T23:05:13.572077+00:00
374cc847-e16c-4221-9db1-b301e053cae3,Elan Snowboards,Lil Boarder,2008,,,catalog:elan--lil-boarder,unverified,,2026-09-02T23:05:13.572077+00:00
33cb3a8e-8976-4ebe-bcad-c245b8a92977,Elan Snowboards,Mantra,2005,,,catalog:elan--mantra,unverified,,2026-09-02T23:05:13.572077+00:00
3fa3b9bb-416d-4733-9688-c5f7e135367f,Elan Snowboards,Message,2006,,,catalog:elan--message,unverified,,2026-09-02T23:05:13.572077+00:00
9014a2ab-735f-422b-bdb7-693bcfe402b9,Elan Snowboards,Moment,2005,,,catalog:elan--moment,unverified,,2026-09-02T23:05:13.572077+00:00
28baaae2-db0e-46b9-a974-d7be32f0d3cd,Elan Snowboards,Neon,2008,,,catalog:elan--neon,unverified,,2026-09-02T23:05:13.572077+00:00
a0e7f5f0-ab90-44b5-86cf-e840969f8c0e,Elan Snowboards,Omni,2007,,,catalog:elan--omni,unverified,,2026-09-02T23:05:13.572077+00:00
23ae54d2-7a41-465d-8394-a583cf80da4a,Elan Snowboards,Pace,2008,,,catalog:elan--pace,unverified,,2026-09-02T23:05:13.572077+00:00
524f1056-eb21-4dca-8069-e04eb0e8e7e9,Elan Snowboards,Paragon,2000,,,catalog:elan--paragon,unverified,,2026-09-02T23:05:13.572077+00:00
cd733ac7-1d8c-4029-964d-83e274b5a420,Elan Snowboards,Prodigy,2006,,,catalog:elan--prodigy,verified,,2026-09-02T23:05:13.572077+00:00
a9735201-5a4c-4be2-9986-1a677c243d09,Elan Snowboards,Pure,2006,,,catalog:elan--pure,verified,,2026-09-02T23:05:13.572077+00:00
cfaf61e9-a94b-402a-b46a-e77b0ede2e54,Elan Snowboards,R.A.M.,2012,,,catalog:elan--r-a-m,unverified,,2026-09-02T23:05:13.572077+00:00
6a451288-2677-44ee-846e-884e6bc0ecbe,Elan Snowboards,Radon,2008,,,catalog:elan--radon,unverified,,2026-09-02T23:05:13.572077+00:00
2862e337-3e0b-417e-b95f-39bcbe58aa61,Elan Snowboards,Royal,2000,,,catalog:elan--royal,unverified,,2026-09-02T23:05:13.572077+00:00
84731c3a-6a00-48a5-9ab2-8b9952d20e56,Elan Snowboards,Sense,2005,,,catalog:elan--sense,verified,,2026-09-02T23:05:13.572077+00:00
b24490c7-be62-4067-8cad-5fe60bdfe7e2,Elan Snowboards,Squid,2000,,,catalog:elan--squid,unverified,,2026-09-02T23:05:13.572077+00:00
ddb11862-91b3-49d4-ada8-188ed3dd1ca0,Elan Snowboards,Stella,2008,,,catalog:elan--stella,unverified,,2026-09-02T23:05:13.572077+00:00
6d53d36d-ffb4-4340-9131-e3af5353bae5,Elan Snowboards,Tempest,2008,,,catalog:elan--tempest,unverified,,2026-09-02T23:05:13.572077+00:00
bf2c66ee-ed78-4e7e-baa0-8436c2373f22,Elan Snowboards,Tribe,2006,,,catalog:elan--tribe,verified,,2026-09-02T23:05:13.572077+00:00
d262f7b5-3c50-4d7e-a793-100e6705ed11,Elan Snowboards,Trinity,2006,,,catalog:elan--trinity,verified,,2026-09-02T23:05:13.572077+00:00
9f7a84f4-3b6a-4cb4-8e11-fc7bb8a8ccc0,Elan Snowboards,Union,2008,,,catalog:elan--union,unverified,,2026-09-02T23:05:13.572077+00:00
ac301f6f-5d9b-4bbf-bbe1-44ef3959fc9b,Elan Snowboards,Unity,2008,,,catalog:elan--unity,unverified,,2026-09-02T23:05:13.572077+00:00
b1802cdd-81f6-48c7-8619-2bd19a5fed7f,Elan Snowboards,Universe,2005,,,catalog:elan--universe,verified,,2026-09-02T23:05:13.572077+00:00
b60252a6-4da6-49c9-b1f1-91edcd0f68d7,Elan Snowboards,Vector,2005,,,catalog:elan--vector,unverified,,2026-09-02T23:05:13.572077+00:00
8030af62-95ba-49c7-a458-ce9f6d7dc4d6,Elan Snowboards,Venture,2000,,,catalog:elan--venture,unverified,,2026-09-02T23:05:13.572077+00:00
e7d28bbe-46bb-4104-9190-a2b821f80229,Elan Snowboards,Vertigo,2000,,,catalog:elan--vertigo,verified,,2026-09-02T23:05:13.572077+00:00
d44c503d-79d3-4f4f-9117-2b655008e625,Elan Snowboards,Wave Rider,2011,,,catalog:elan--wave-rider,unverified,,2026-09-02T23:05:13.572077+00:00
5fff4819-b62b-42a6-aa3c-d6f051c6c9b2,Elan Snowboards,Whoopee Board,1989,,,catalog:elan--whoopee-board,unverified,,2026-09-02T23:05:13.572077+00:00
4df4a62b-309c-444f-80b3-06cadc77343e,Elan Snowboards,Xenon,2008,,,catalog:elan--xenon,unverified,,2026-09-02T23:05:13.572077+00:00
ebd97170-adca-49a5-a823-19dbe6643375,Elevated Surfcraft,4'0 Micro Driver,2021,,,catalog:elevated-surfcraft--40-micro-driver,unverified,,2026-09-04T18:50:02.182686+00:00
b32a67f9-2abb-46ce-b0f2-a356df6c30f2,Elevated Surfcraft,4'10 GoldFish,2026,,,catalog:elevated-surfcraft--410-goldfish,unverified,,2026-09-04T18:50:02.182686+00:00
a28d9152-fd7c-400e-b946-3461a42c26f6,Elevated Surfcraft,4'6 Minni Driver,2019,,,catalog:elevated-surfcraft--46-minni-driver,unverified,,2026-09-04T18:50:02.182686+00:00
2a98ba4f-c47c-4c5f-ad4d-61b1fae8e4c6,Elevated Surfcraft,4'6 Minni Fish,2021,,,catalog:elevated-surfcraft--46-minni-fish,unverified,,2026-09-04T18:50:02.182686+00:00
a9f40ce5-075f-46c0-a00e-7471dd52545e,Elevated Surfcraft,4'8 Minni Hawk,2024,,,catalog:elevated-surfcraft--48-minni-hawk,unverified,,2026-09-04T18:50:02.182686+00:00
fd676318-6dea-4f74-bd40-083bc551cada,Elevated Surfcraft,4'9 Funboard,2025,,,catalog:elevated-surfcraft--49-funboard,unverified,,2026-09-04T18:50:02.182686+00:00
f400ef18-3382-4040-8318-904527180de7,Elevated Surfcraft,5'0 Shortboard,2026,,,catalog:elevated-surfcraft--50-shortboard,unverified,,2026-09-04T18:50:02.182686+00:00
1087be90-1ff4-4320-94b2-8e66721c3983,Elevated Surfcraft,5'1 Redtail Hawk,2026,,,catalog:elevated-surfcraft--51-redtail-hawk,unverified,,2026-09-04T18:50:02.182686+00:00
2d7feb90-b1c8-4891-9d71-dc1bf15e1be6,Elevated Surfcraft,5'10 Log,2026,,,catalog:elevated-surfcraft--510-log,unverified,,2026-09-04T18:50:02.182686+00:00
38b8e74d-dbea-4ed9-ac52-04be1ef0b3af,Elevated Surfcraft,5'2 Whsky Jack,2021,,,catalog:elevated-surfcraft--52-whsky-jack,unverified,,2026-09-04T18:50:02.182686+00:00
30d13f31-171d-4180-ae85-860ffcfad0ab,Elevated Surfcraft,5'3 Salmon,2026,,,catalog:elevated-surfcraft--53-salmon,unverified,,2026-09-04T18:50:02.182686+00:00
375d9530-70a0-4233-8b20-8fc5a1fab599,Elevated Surfcraft,5'4 Step-Up,2019,,,catalog:elevated-surfcraft--54-step-up,unverified,,2026-09-04T18:50:02.182686+00:00
90e15511-3659-4bff-b3a9-cff2aeb7fc53,Elevated Surfcraft,5'5 Egg,2024,,,catalog:elevated-surfcraft--55-egg,unverified,,2026-09-04T18:50:02.182686+00:00
c6f738c2-8ef2-4867-926c-b4024782b321,Elevated Surfcraft,5'7 MegaFish,2021,,,catalog:elevated-surfcraft--57-megafish,unverified,,2026-09-04T18:50:02.182686+00:00
f70110d3-f325-483d-871b-ad239b7e72c0,Endeavor Snowboards,Apollo W26 Snowboard,2026,,,catalog:endeavor--apollo-w26-snowboard,unverified,,2026-09-04T18:50:01.737729+00:00
4046701c-7ccc-42f6-8703-c3aeef224004,Endeavor Snowboards,Archetype,2020,,,catalog:endeavor--archetype,unverified,,2026-09-02T23:05:13.572077+00:00
bff81f10-d63d-4f9c-a82f-17dab495ed3e,Endeavor Snowboards,Archetype Pro Snowboard,2026,,,catalog:endeavor--archetype-pro-snowboard,unverified,,2026-09-04T18:50:01.737729+00:00
db8f87d0-2708-4b9a-8edc-8f2a9adb33c2,Endeavor Snowboards,B.O.D. W26 Snowboard,2026,,,catalog:endeavor--b-o-d-w26-snowboard,unverified,,2026-09-04T18:50:01.737729+00:00
0e6e1036-8bc1-4898-8a37-7d3b38f0dba8,Endeavor Snowboards,BOD,2009,,,catalog:endeavor--bod,verified,,2026-09-02T23:05:13.572077+00:00
60ac9289-1ecb-4e63-863f-c8faf1d1c3cf,Endeavor Snowboards,Clout,2020,,,catalog:endeavor--clout,unverified,,2026-09-02T23:05:13.572077+00:00
367b6bfe-9817-4d05-b239-c07aba7d67b3,Endeavor Snowboards,Live,2009,,,catalog:endeavor--live,verified,,2026-09-02T23:05:13.572077+00:00
ddc81a1b-06e9-441d-b73d-e78587e034ba,Endeavor Snowboards,Live W26 Snowboard,2026,,,catalog:endeavor--live-w26-snowboard,unverified,,2026-09-04T18:50:01.737729+00:00
b6fd7de8-ce6f-44d1-9e45-68a882da1d2d,Endeavor Snowboards,Maverick,2018,,,catalog:endeavor--maverick,unverified,,2026-09-02T23:05:13.572077+00:00
8ed008cf-c6d4-4caa-a4a1-66d377d962e7,Endeavor Snowboards,Pioneer,2020,,,catalog:endeavor--pioneer,unverified,,2026-09-02T23:05:13.572077+00:00
dff1d857-23e8-4b47-b719-815711933377,Endeavor Snowboards,Pioneer W26 Snowboard,2026,,,catalog:endeavor--pioneer-w26-snowboard,unverified,,2026-09-04T18:50:01.737729+00:00
8a61c928-8b7a-4e48-9efc-610538e819dc,Endeavor Snowboards,Ranger,2020,,,catalog:endeavor--ranger,unverified,,2026-09-02T23:05:13.572077+00:00
c3020ceb-e7eb-45f5-ad39-3b06c78a87fb,Endeavor Snowboards,Ranger W26 Snowboard,2026,,,catalog:endeavor--ranger-w26-snowboard,unverified,,2026-09-04T18:50:01.737729+00:00
d32f4ca7-cd18-4a66-b535-afb4eccc5a49,Endeavor Snowboards,Scout,2018,,,catalog:endeavor--scout,unverified,,2026-09-02T23:05:13.572077+00:00
97b8a31e-91ce-4bf0-93fb-7e48ea97fb4b,Endeavor Snowboards,Scout Pro Snowboard,2026,,,catalog:endeavor--scout-pro-snowboard,unverified,,2026-09-04T18:50:01.737729+00:00
6d4e0ce5-48be-4b0a-a9cd-d1ef12fcdaac,Endeavor Snowboards,Trooper Pro Snowboard,2026,,,catalog:endeavor--trooper-pro-snowboard,unverified,,2026-09-04T18:50:01.737729+00:00
803be56d-c9a5-4b86-8186-11f37e77d2f7,F2,Allride,2001,,,catalog:f2--allride,unverified,,2026-09-02T23:05:13.572077+00:00
41c63b1d-aed1-4362-8351-9f39324f9266,F2,Axxis GTS,2026,,,catalog:f2--axxis-gts,unverified,,2026-09-04T18:50:01.737729+00:00
e0f92f14-be2f-4455-8053-1b09f8eb878d,F2,Beamer TCS,2000,,,catalog:f2--beamer-tcs,verified,,2026-09-02T23:05:13.572077+00:00
d0ea0049-f506-46dc-bd7d-c9a48416d573,F2,Blackdeck,2026,,,catalog:f2--blackdeck,unverified,,2026-09-04T18:50:01.737729+00:00
2a1a94eb-8334-4c3e-b504-10f07052b6e3,F2,Bloom,2026,,,catalog:f2--bloom,unverified,,2026-09-04T18:50:01.737729+00:00
3bdb150b-eb2d-4faa-b8a2-f2e7cafd062c,F2,Boxer,2000,,,catalog:f2--boxer,verified,,2026-09-02T23:05:13.572077+00:00
dde93846-7bf8-4618-84c4-17754b535bbc,F2,Breezer,2001,,,catalog:f2--breezer,unverified,,2026-09-02T23:05:13.572077+00:00
6471646a-4861-4c72-9180-9efa4792ad18,F2,Carve,2001,,,catalog:f2--carve,unverified,,2026-09-02T23:05:13.572077+00:00
a24d866c-6ae6-4cf4-bede-feecd6f1cada,F2,Crossride,2001,,,catalog:f2--crossride,unverified,,2026-09-02T23:05:13.572077+00:00
831a53e5-8f68-4655-82f5-482d52ba97d7,F2,Cruiser,2000,,,catalog:f2--cruiser,verified,,2026-09-02T23:05:13.572077+00:00
4c818aa8-f0fe-47f6-bd78-2b0e67ef4996,F2,Duke,2000,,,catalog:f2--duke,verified,,2026-09-02T23:05:13.572077+00:00
3f5deabd-ade0-41dd-b4ab-039ac9395f3a,F2,Eliminator,2001,,,catalog:f2--eliminator,unverified,,2026-09-02T23:05:13.572077+00:00
e94e1e72-c5e6-49a6-8992-6c04983f1d6d,F2,Eliminator Carbon,2026,,,catalog:f2--eliminator-carbon,unverified,,2026-09-04T18:50:01.737729+00:00
a887d5be-6682-4372-8a80-58643c8b1a6c,F2,Eliminator WC Titanal,2026,,,catalog:f2--eliminator-wc-titanal,unverified,,2026-09-04T18:50:01.737729+00:00
073bb189-3561-4102-8585-840a0fbf80c0,F2,Fatcarve,2001,,,catalog:f2--fatcarve,unverified,,2026-09-02T23:05:13.572077+00:00
37666133-dd33-4221-84ce-6e3fe173179f,F2,Freedom,2026,,,catalog:f2--freedom,unverified,,2026-09-04T18:50:01.737729+00:00
37bd4232-231e-4981-b472-452c69186b68,F2,Freedom Rookie-Girl,2026,,,catalog:f2--freedom-rookie-girl,unverified,,2026-09-04T18:50:01.737729+00:00
331c4f8a-8bb7-4802-83a2-52d1a219f9cf,F2,Gipsy,2026,,,catalog:f2--gipsy,unverified,,2026-09-04T18:50:01.737729+00:00
bc150d73-af71-454e-b057-27f487ff844b,F2,Glide,2001,,,catalog:f2--glide,unverified,,2026-09-02T23:05:13.572077+00:00
50d675c3-a743-4f89-8400-87ff21e60c66,F2,Lightglide,2001,,,catalog:f2--lightglide,unverified,,2026-09-02T23:05:13.572077+00:00
e22dda85-8aec-4ef6-a707-e9cc108d6e01,F2,Mic,2000,,,catalog:f2--mic,verified,,2026-09-02T23:05:13.572077+00:00
520b51c8-d29f-43da-bb2a-0e9016a59b27,F2,Rental,2026,,,catalog:f2--rental,unverified,,2026-09-04T18:50:01.737729+00:00
c537f080-a011-4443-a813-1423fa8a90bc,F2,Respect Split Board,2026,,,catalog:f2--respect-split-board,unverified,,2026-09-04T18:50:01.737729+00:00
77340f77-f245-43d5-a15a-9d326289a179,F2,Reverse,2026,,,catalog:f2--reverse,unverified,,2026-09-04T18:50:01.737729+00:00
1d31734d-5b39-421c-9a44-db800605712c,F2,Ride,2026,,,catalog:f2--ride,unverified,,2026-09-04T18:50:01.737729+00:00
025bc057-187b-4de8-9371-6dde74e8433c,F2,Roadster,2002,,,catalog:f2--roadster,unverified,,2026-09-02T23:05:13.572077+00:00
67216d6a-6085-45e3-a572-5aa145d1ab9a,F2,Roadster III,2001,,,catalog:f2--roadster-iii,unverified,,2026-09-02T23:05:13.572077+00:00
c9d5789e-e2ac-49a5-8a52-c77411582a5e,F2,Shorty,2001,,,catalog:f2--shorty,unverified,,2026-09-02T23:05:13.572077+00:00
ccf28fd0-89be-45bf-8772-fa3ddb7f89bf,F2,Silberpfeil,2001,,,catalog:f2--silberpfeil,unverified,,2026-09-02T23:05:13.572077+00:00
916a22aa-5dda-4ba2-8a1f-70a3149f96d9,F2,Silberpfeil Carbon,2026,,,catalog:f2--silberpfeil-carbon,unverified,,2026-09-04T18:50:01.737729+00:00
53bc4971-7f1d-477c-b01b-f8125fef972a,F2,Silberpfeil Carbon Vantage,2026,,,catalog:f2--silberpfeil-carbon-vantage,unverified,,2026-09-04T18:50:01.737729+00:00
914abd00-1e0d-4d7c-9af3-ff94e0532045,F2,Silberpfeil Vantage,2026,,,catalog:f2--silberpfeil-vantage,unverified,,2026-09-04T18:50:01.737729+00:00
64173a95-6c21-48a6-af0e-cd4a874c0af3,F2,Speed GTS,2001,,,catalog:f2--speed-gts,unverified,,2026-09-02T23:05:13.572077+00:00
f5ab79b4-4cd4-4d5c-9e61-99854b58ef16,F2,Speedride,2001,,,catalog:f2--speedride,unverified,,2026-09-02T23:05:13.572077+00:00
0b166246-075c-46d2-803b-b6f9c50c36de,F2,Speedster Equipe RS TX Carbon,2026,,,catalog:f2--speedster-equipe-rs-tx-carbon,unverified,,2026-09-04T18:50:01.737729+00:00
aef2f5a3-35b7-43e8-a5ec-5880fe524dc6,F2,Speedster Equipe SL TX Carbon,2026,,,catalog:f2--speedster-equipe-sl-tx-carbon,unverified,,2026-09-04T18:50:01.737729+00:00
71947437-7167-46f1-8c81-c52992007c6b,F2,Speedster RS,1998,,,catalog:f2--speedster-rs,verified,,2026-09-02T23:05:13.572077+00:00
78a96945-af80-447d-ad55-a2865cf1a0c2,F2,Speedster SL,2000,,,catalog:f2--speedster-sl,verified,,2026-09-02T23:05:13.572077+00:00
2bae276c-ade0-4406-bde9-40ef89961675,F2,Superglide,2001,,,catalog:f2--superglide,unverified,,2026-09-02T23:05:13.572077+00:00
6034b4ad-68bf-48a3-bc55-6bc4257c5c87,F2,T-Ride Wood,2026,,,catalog:f2--t-ride-wood,unverified,,2026-09-04T18:50:01.737729+00:00
5b87f966-adfb-4e81-a08e-7de9f50c9325,F2,TNT,2026,,,catalog:f2--tnt,unverified,,2026-09-04T18:50:01.737729+00:00
9547e5ef-090a-44e5-b68e-14598696e49f,F2,TNT Rookie Boy,2026,,,catalog:f2--tnt-rookie-boy,unverified,,2026-09-04T18:50:01.737729+00:00
b90893e6-4312-46fe-9b5b-92b441329b87,F2,Union,2026,,,catalog:f2--union,unverified,,2026-09-04T18:50:01.737729+00:00
a30999b2-cbd9-4c5a-a372-db00275a164e,F2,Union Rookie Boy,2026,,,catalog:f2--union-rookie-boy,unverified,,2026-09-04T18:50:01.737729+00:00
b44a8126-1a47-4e3c-9c19-e51f11644a0c,F2,Wideglide,2002,,,catalog:f2--wideglide,unverified,,2026-09-02T23:05:13.572077+00:00
265a648b-7048-46c4-a823-da36d8ad7340,Fanatic,ACE 25-26,2026,,,catalog:fanatic--ace-25-26,unverified,,2026-09-04T18:50:01.737729+00:00
df7df4b7-cbc7-4814-a3eb-add322a87ffe,Fanatic,AUTOBAHN 25-26 [NEW],2026,,,catalog:fanatic--autobahn-25-26-new,unverified,,2026-09-04T18:50:01.737729+00:00
d66f23fd-0097-48a1-bd0f-4ed702333a03,Fanatic,BT 25-26,2026,,,catalog:fanatic--bt-25-26,unverified,,2026-09-04T18:50:01.737729+00:00
06c84add-5771-44c2-b373-6d4144748d6d,Fanatic,CF-ONE 25-26,2026,,,catalog:fanatic--cf-one-25-26,unverified,,2026-09-04T18:50:01.737729+00:00
201ee9a8-d03b-4888-8d4c-9e7e76a42130,Fanatic,E-ONE 25-26,2026,,,catalog:fanatic--e-one-25-26,unverified,,2026-09-04T18:50:01.737729+00:00
dbb54e48-6809-4b88-9e17-347967a80b80,Fanatic,EDEN 25-26,2026,,,catalog:fanatic--eden-25-26,unverified,,2026-09-04T18:50:01.737729+00:00
90bfd158-1480-41be-8b3e-58884e6ee32c,Fanatic,FTC 25-26,2026,,,catalog:fanatic--ftc-25-26,unverified,,2026-09-04T18:50:01.737729+00:00
1f8a5353-cef2-4899-a290-126f4dab5216,Fanatic,FTC TWIN 25-26,2026,,,catalog:fanatic--ftc-twin-25-26,unverified,,2026-09-04T18:50:01.737729+00:00
fe8f7933-1e08-47d6-b7cf-33ef536f3ef7,Fanatic,G-ONE 25-26,2026,,,catalog:fanatic--g-one-25-26,unverified,,2026-09-04T18:50:01.737729+00:00
d2d124b1-a37c-4256-b09f-5bd6aee43005,Fanatic,KAISER 25-26 [NEW],2026,,,catalog:fanatic--kaiser-25-26-new,unverified,,2026-09-04T18:50:01.737729+00:00
578b90c5-fa10-4547-9651-6fca004cbb50,Fanatic,T-DECK 25-26,2026,,,catalog:fanatic--t-deck-25-26,unverified,,2026-09-04T18:50:01.737729+00:00
02bab0aa-9c79-4395-8778-fef733fa061e,Fanatic,TRICKMASTER 25-26,2026,,,catalog:fanatic--trickmaster-25-26,unverified,,2026-09-04T18:50:01.737729+00:00
be3db11e-ca9f-4238-8652-599295d99d44,Fanatic,Ultra Boa,1990,,,catalog:fanatic--ultra-boa,unverified,,2026-09-02T23:05:13.572077+00:00
c708dc5c-1074-4758-8914-a431ee36d73c,Fanatic,Ultra Mamba,1990,,,catalog:fanatic--ultra-mamba,unverified,,2026-09-02T23:05:13.572077+00:00
c87adaf0-8474-4b78-a7e1-1950407810a3,Fanatic,Ultra Viper,1990,,,catalog:fanatic--ultra-viper,unverified,,2026-09-02T23:05:13.572077+00:00
8875ce7b-46cf-4e37-ad8d-8b8025dcce0a,FiveForty,Arctic,2026,,,catalog:fiveforty--arctic,unverified,,2026-09-04T18:50:02.182686+00:00
049e974b-a8fd-4ecb-8f0d-4312636d8359,FiveForty,BLACKDECK Premium,2023,,,catalog:fiveforty--blackdeck-premium,unverified,,2026-09-04T18:50:02.182686+00:00
21e73ba6-0a51-4865-8083-c2d2811bbb72,FiveForty,BLACKDECK Premium 2.0,2025,,,catalog:fiveforty--blackdeck-premium-2-0,unverified,,2026-09-04T18:50:02.182686+00:00
5d4b91d7-808f-4adc-8ec1-c89b52783d72,FiveForty,Blackdeck Premium 3.0,2026,,,catalog:fiveforty--blackdeck-premium-3-0,unverified,,2026-09-04T18:50:02.182686+00:00
3acf0312-71d9-4732-bf49-91a16e83258b,FiveForty,Blackdeck Wood,2023,,,catalog:fiveforty--blackdeck-wood,unverified,,2026-09-04T18:50:02.182686+00:00
711a9ef2-6857-469f-8951-13a0a029acf3,FiveForty,CU,2023,,,catalog:fiveforty--cu,unverified,,2026-09-04T18:50:02.182686+00:00
9ded08dd-8d2e-4a20-8629-3ff7d2df2a74,FiveForty,FE,2024,,,catalog:fiveforty--fe,unverified,,2026-09-04T18:50:02.182686+00:00
e0fb6f73-f48a-418a-9581-d77924e8abdf,FiveForty,FR,2023,,,catalog:fiveforty--fr,unverified,,2026-09-04T18:50:02.182686+00:00
efe6e31e-b573-41c9-ba43-80f7bce4e7a5,FiveForty,LTD,2024,,,catalog:fiveforty--ltd,unverified,,2026-09-04T18:50:02.182686+00:00
9d854720-170a-4a6b-a219-35377ffbc949,FiveForty,MR No Junior,2026,,,catalog:fiveforty--mr-no-junior,unverified,,2026-09-04T18:50:02.182686+00:00
5a32d383-feda-46af-86f5-59e8d75d8972,FiveForty,NASCAR Junior,2026,,,catalog:fiveforty--nascar-junior,unverified,,2026-09-04T18:50:02.182686+00:00
d19d9ebc-cea6-4770-bbf3-5a6678469019,FiveForty,PIRATE Junior,2023,,,catalog:fiveforty--pirate-junior,unverified,,2026-09-04T18:50:02.182686+00:00
3d105d01-4b3c-4372-bb62-281be91326b9,FiveForty,PXL,2026,,,catalog:fiveforty--pxl,unverified,,2026-09-04T18:50:02.182686+00:00
5ba64425-de92-4c63-bba7-30e8bb251819,FiveForty,Storm,2026,,,catalog:fiveforty--storm,unverified,,2026-09-04T18:50:02.182686+00:00
868e2037-668b-4b8b-8b95-1f39c8114036,FiveForty,T-RIDE,2025,,,catalog:fiveforty--t-ride,unverified,,2026-09-04T18:50:02.182686+00:00
1a0f6e52-55a8-487e-98eb-5348e7479370,FiveForty,The Icon,2023,,,catalog:fiveforty--the-icon,unverified,,2026-09-04T18:50:02.182686+00:00
969bda03-d113-476c-b0d0-5763760dc58d,FiveForty,TNT,2024,,,catalog:fiveforty--tnt,unverified,,2026-09-04T18:50:02.182686+00:00
fce80dfb-6123-4952-a782-dfd45adeab02,FiveForty,Ultra,2023,,,catalog:fiveforty--ultra,unverified,,2026-09-04T18:50:02.182686+00:00
0291aaf3-4611-446d-8d7d-42ba871544bc,FiveForty,UMA,2026,,,catalog:fiveforty--uma,unverified,,2026-09-04T18:50:02.182686+00:00
a07fc60c-16db-4566-9698-87811406a49a,FiveForty,Wassup T9 ADULT,2026,,,catalog:fiveforty--wassup-t9-adult,unverified,,2026-09-04T18:50:02.182686+00:00
5b092ceb-f024-464f-bd8f-9cfc7a9eeb25,FiveForty,Whitedeck,2023,,,catalog:fiveforty--whitedeck,unverified,,2026-09-04T18:50:02.182686+00:00
7546e152-1b94-4911-9ea3-d305daca7a40,Flite,Bongo,1990,,,catalog:flite--bongo,unverified,,2026-09-02T23:05:13.572077+00:00
16687eee-092f-42f5-96d5-c8da04d9885d,Flite,Predator,1988,,,catalog:flite--predator,verified,,2026-09-02T23:05:13.572077+00:00
d17ddef0-d7cb-42e3-b326-ffffb41645fd,Flite,Rocket,1988,,,catalog:flite--rocket,unverified,,2026-09-02T23:05:13.572077+00:00
32ad2f70-1dc1-4473-bfe8-ecf402ad717d,Flite,UFO,1988,,,catalog:flite--ufo,verified,,2026-09-02T23:05:13.572077+00:00
54d1c50f-975a-4aba-a58c-ab81c62b1666,Flite,Wavehog,1988,,,catalog:flite--wavehog,unverified,,2026-09-02T23:05:13.572077+00:00
dcd58d89-a43a-40cc-b676-11217e51e9e1,Flite,Weapon,1988,,,catalog:flite--weapon,verified,,2026-09-02T23:05:13.572077+00:00
3dcd34ed-90e2-47e0-9c29-9c16f6b23807,Flow,BFF,2010,,,catalog:flow--bff,unverified,,2026-09-02T23:05:13.572077+00:00
9aa480f4-3162-4463-869f-84d3faa4dfaf,Flow,Bliss,2008,,,catalog:flow--bliss,verified,,2026-09-02T23:05:13.572077+00:00
6d67caab-042f-40a9-bcd5-c9383844030e,Flow,Diskord,2007,,,catalog:flow--diskord,verified,,2026-09-02T23:05:13.572077+00:00
5ba646f0-ab3b-4b97-a49c-284936e90b15,Flow,Drifter,2012,,,catalog:flow--drifter,unverified,,2026-09-02T23:05:13.572077+00:00
73ada296-fb6e-4281-93e8-24181ca5ff9a,Flow,Elation,2007,,,catalog:flow--elation,verified,,2026-09-02T23:05:13.572077+00:00
b62cb5d9-da1f-43d6-84b1-8c140863e5dd,Flow,Era,2008,,,catalog:flow--era,verified,,2026-09-02T23:05:13.572077+00:00
d5a1fedd-cbcd-4442-881d-0a215d49f314,Flow,Infinia,2007,,,catalog:flow--infinia,verified,,2026-09-02T23:05:13.572077+00:00
cf151dc7-4807-41b1-811a-dc3bd9b3266a,Flow,Infinite,2007,,,catalog:flow--infinite,verified,,2026-09-02T23:05:13.572077+00:00
58c01927-b282-4c88-8dd7-03b1bc1bfc02,Flow,Jewel,2008,,,catalog:flow--jewel,verified,,2026-09-02T23:05:13.572077+00:00
5f8839e6-8e7b-4539-9914-aa26a9edc313,Flow,Lotus,2004,,,catalog:flow--lotus,unverified,,2026-09-02T23:05:13.572077+00:00
8e32c922-eed5-4c15-87c7-9febae39b92e,Flow,Merc,2008,,,catalog:flow--merc,verified,,2026-09-02T23:05:13.572077+00:00
6035caf7-2790-4b5f-b993-495d5d12decc,Flow,Micron,2007,,,catalog:flow--micron,unverified,,2026-09-02T23:05:13.572077+00:00
62b812db-57ce-4dd5-a2bb-068d2175c31d,Flow,Micron Mini,2008,,,catalog:flow--micron-mini,verified,,2026-09-02T23:05:13.572077+00:00
f981b4be-c1e5-4433-b16d-538eba90e0ff,Flow,Myriad,2007,,,catalog:flow--myriad,verified,,2026-09-02T23:05:13.572077+00:00
9bac4af1-a42c-4bc7-bfed-736fd8826dd7,Flow,Quantum,2007,,,catalog:flow--quantum,verified,,2026-09-02T23:05:13.572077+00:00
be11fe10-9467-4463-80c8-63ed57bda2fb,Flow,Rhythm,2010,,,catalog:flow--rhythm,unverified,,2026-09-02T23:05:13.572077+00:00
7010fbba-a425-4340-bbb6-68bdb7bb8eda,Flow,Shifty,2012,,,catalog:flow--shifty,unverified,,2026-09-02T23:05:13.572077+00:00
00e1a549-bdec-4672-a7d4-c7e605702296,Flow,Solitude,2007,,,catalog:flow--solitude,verified,,2026-09-02T23:05:13.572077+00:00
304cb316-f8d1-4b1c-b2bc-35b109b3bcc6,Flow,Strike,2007,,,catalog:flow--strike,verified,,2026-09-02T23:05:13.572077+00:00
1cc64b09-8c74-4482-900b-3dceaaba9ac8,Flow,Team,2008,,,catalog:flow--team,unverified,,2026-09-02T23:05:13.572077+00:00
90ba9853-a788-45fc-99ef-d69608fd6f98,Flow,Team Micron,2008,,,catalog:flow--team-micron,unverified,,2026-09-02T23:05:13.572077+00:00
8573eab2-5f73-4e3d-a5ff-6a99f7dbb9e7,Flow,Venus,2008,,,catalog:flow--venus,verified,,2026-09-02T23:05:13.572077+00:00
b83853ea-abec-4499-ac51-311976ca1228,Flow,Verve,2010,,,catalog:flow--verve,unverified,,2026-09-02T23:05:13.572077+00:00
017979c2-a644-4cb6-a4e7-28f4fef05ec1,Flow,WX,2008,,,catalog:flow--wx,unverified,,2026-09-02T23:05:13.572077+00:00
1506bf65-a6de-46ab-9579-efe456191789,Forum,Amor,2010,,,catalog:forum--amor,unverified,,2026-09-02T23:05:13.572077+00:00
cf2e6052-a242-499a-b9ec-cbc600669862,Forum,Aura,2008,,,catalog:forum--aura,unverified,,2026-09-02T23:05:13.572077+00:00
38bbbeba-6c2c-4f4c-ac37-3b2666446f05,Forum,Bjorn Leines,2004,,,catalog:forum--bjorn-leines,verified,,2026-09-02T23:05:13.572077+00:00
0faf77d7-6e14-4992-9953-2abce2b52dc2,Forum,Bully,2008,,,catalog:forum--bully,verified,,2026-09-02T23:05:13.572077+00:00
4fe41df6-b3ee-424a-8203-7d187763895d,Forum,Conflict,2011,,,catalog:forum--conflict,unverified,,2026-09-02T23:05:13.572077+00:00
38f841ad-7121-4698-b8a7-abdcd41d8f63,Forum,Contract,2011,,,catalog:forum--contract,unverified,,2026-09-02T23:05:13.572077+00:00
988488b7-cb30-4eda-9a1f-015ade29e4ac,Forum,Craft,2008,,,catalog:forum--craft,unverified,,2026-09-02T23:05:13.572077+00:00
7f9ff4fb-b958-4c0c-876f-d309a4921627,Forum,Darkness,2008,,,catalog:forum--darkness,unverified,,2026-09-02T23:05:13.572077+00:00
c8d2fa55-d07d-4a22-91a3-8e4a1e2aaa27,Forum,Deck,2012,,,catalog:forum--deck,unverified,,2026-09-02T23:05:13.572077+00:00
5a696faf-0ba5-4e0a-844b-0c16b972be80,Forum,Destroyer,2004,,,catalog:forum--destroyer,verified,,2026-09-02T23:05:13.572077+00:00
9f4c1760-21bc-499a-9378-2686c3ba0f36,Forum,Devun Walsh,2004,,,catalog:forum--devun-walsh,verified,,2026-09-02T23:05:13.572077+00:00
e462e829-94e1-4914-8c74-11c4cfa84c2d,Forum,Division,2005,,,catalog:forum--division,unverified,,2026-09-02T23:05:13.572077+00:00
2b6ae241-34b4-4bca-9f8e-2b70fb0ae6b9,Forum,Dreamboat,2010,,,catalog:forum--dreamboat,unverified,,2026-09-02T23:05:13.572077+00:00
1ae9d4e8-b44d-4612-ac2c-10b79dd0c585,Forum,Eddie Wall Pro,2008,,,catalog:forum--eddie-wall-pro,unverified,,2026-09-02T23:05:13.572077+00:00
94aec7df-7a06-4a5d-b5d1-f3ae2bc2d0b9,Forum,Elite,2004,,,catalog:forum--elite,verified,,2026-09-02T23:05:13.572077+00:00
dc4134a4-0f57-4f22-91bb-d69b1c95eb10,Forum,F-10,2004,,,catalog:forum--f-10,verified,,2026-09-02T23:05:13.572077+00:00
fcff5a0e-1579-48aa-9a11-7752d3b767a0,Forum,Grudge,2008,,,catalog:forum--grudge,verified,,2026-09-02T23:05:13.572077+00:00
3b88ba9b-5288-4a1a-8ff7-8e0ec2915950,Forum,Helm,2010,,,catalog:forum--helm,unverified,,2026-09-02T23:05:13.572077+00:00
9956414f-f1b5-498b-8deb-9b0e490b6ff4,Forum,Holy Moly,2011,,,catalog:forum--holy-moly,unverified,,2026-09-02T23:05:13.572077+00:00
90f92744-1c13-4d33-bead-f65e7e1af187,Forum,Honeypot,2011,,,catalog:forum--honeypot,unverified,,2026-09-02T23:05:13.572077+00:00
1647d973-ae78-4d38-bdd4-db9bfe512349,Forum,Image,2010,,,catalog:forum--image,unverified,,2026-09-02T23:05:13.572077+00:00
8f7cb1ea-ae57-4aef-a29d-cb14d1bedc41,Forum,John Jackson Pro,2009,,,catalog:forum--john-jackson-pro,unverified,,2026-09-02T23:05:13.572077+00:00
38049579-35c4-4670-9686-a451a12b7730,Forum,JP Walker,2003,,,catalog:forum--jp-walker,verified,,2026-09-02T23:05:13.572077+00:00
96d5287a-2f9e-4804-ba06-377682954a8e,Forum,JP WALKER LEGEND SERIES,2026,,,catalog:forum--jp-walker-legend-series,unverified,,2026-09-04T18:50:01.737729+00:00
8189c1ac-4543-44fe-9195-d72f0c43dc11,Forum,Lander,2008,,,catalog:forum--lander,unverified,,2026-09-02T23:05:13.572077+00:00
234a4d71-89cb-4232-bfd5-525da1d62c68,Forum,Manual,2008,,,catalog:forum--manual,unverified,,2026-09-02T23:05:13.572077+00:00
07f00539-bd7e-466e-b17e-6243df1385a6,Forum,Mini Destroyer,2004,,,catalog:forum--mini-destroyer,verified,,2026-09-02T23:05:13.572077+00:00
38177e49-a234-4e7d-ad47-f31adcec9f2a,Forum,Mini Pro,2004,,,catalog:forum--mini-pro,verified,,2026-09-02T23:05:13.572077+00:00
4a88ccc4-1d56-4b43-b8ae-ba5a3e3a2e72,Forum,Mini Youngblood,2008,,,catalog:forum--mini-youngblood,unverified,,2026-09-02T23:05:13.572077+00:00
6804b094-695d-4b8f-9687-ea5d25008a07,Forum,Nugget,2010,,,catalog:forum--nugget,unverified,,2026-09-02T23:05:13.572077+00:00
2f8e16cd-d64d-4ef9-b75c-b79dcd6afb8c,Forum,Pat Moore Pro,2009,,,catalog:forum--pat-moore-pro,unverified,,2026-09-02T23:05:13.572077+00:00
4230e426-59cc-498d-b105-a9af4c67ddea,Forum,Peter Line,2004,,,catalog:forum--peter-line,verified,,2026-09-02T23:05:13.572077+00:00
e9e9565d-4ad5-4152-9fe6-6324de4d8372,Forum,Raider,2004,,,catalog:forum--raider,verified,,2026-09-02T23:05:13.572077+00:00
9c0f60f0-6ca7-4fee-8907-e7916ca740ed,Forum,Rat,2011,,,catalog:forum--rat,unverified,,2026-09-02T23:05:13.572077+00:00
8e9bcd96-c8ac-4dec-a1c0-e44c3bf402da,Forum,Recon,2004,,,catalog:forum--recon,verified,,2026-09-02T23:05:13.572077+00:00
board_1788494338248_mydnx,Forum,Recon,2025,,,,unverified,76c3b77e-0f0e-4478-9494-b0b1f5d6188f,2026-09-04T03:59:29.322919+00:00
26e198ca-2964-45fb-b884-caba32ca0ee8,Forum,Roost,2008,,,catalog:forum--roost,unverified,,2026-09-02T23:05:13.572077+00:00
9241dcc7-4ba6-4eb4-814e-18f14e2d96c3,Forum,Sauce,2011,,,catalog:forum--sauce,unverified,,2026-09-02T23:05:13.572077+00:00
c81c56af-f4b6-4f27-9da9-d668c229dbb8,Forum,Scallywag,2010,,,catalog:forum--scallywag,verified,,2026-09-02T23:05:13.572077+00:00
dcaf0a5e-4dc9-43ba-9be5-33f945202d19,Forum,Scheme,2009,,,catalog:forum--scheme,unverified,,2026-09-02T23:05:13.572077+00:00
eb3bb095-88c0-4d4d-8c71-d5cd4f8b211a,Forum,Scout,2008,,,catalog:forum--scout,unverified,,2026-09-02T23:05:13.572077+00:00
13fe069a-5d81-4d70-81dd-b9a0bbf5ea43,Forum,Seeker,2008,,,catalog:forum--seeker,unverified,,2026-09-02T23:05:13.572077+00:00
f0c79dbd-81c6-4181-820b-c454f49c8f81,Forum,Spinster,2009,,,catalog:forum--spinster,unverified,,2026-09-02T23:05:13.572077+00:00
fd2d16a3-7f22-4911-aea7-c474c9de23f7,Forum,Star,2004,,,catalog:forum--star,verified,,2026-09-02T23:05:13.572077+00:00
f49df333-15d8-4bc2-90bf-55d5b889585e,Forum,Stomper,2008,,,catalog:forum--stomper,unverified,,2026-09-02T23:05:13.572077+00:00
2f369b57-e2fe-4709-b419-650be9ff1f9b,Forum,Street Dweller,2004,,,catalog:forum--street-dweller,unverified,,2026-09-02T23:05:13.572077+00:00
9b829e59-dccc-4c3f-b6b9-1278d844fad0,Forum,Substance,2009,,,catalog:forum--substance,unverified,,2026-09-02T23:05:13.572077+00:00
ccd009f5-c39c-43c2-a230-8641289503a1,Forum,Superstar,2008,,,catalog:forum--superstar,unverified,,2026-09-02T23:05:13.572077+00:00
83c7ba7a-35ea-432f-adc4-abd31e523dfe,Forum,Symbol,2009,,,catalog:forum--symbol,unverified,,2026-09-02T23:05:13.572077+00:00
2a570171-1e7c-4c0d-ac39-5bcd0d0dd591,Forum,The Hundreds,2009,,,catalog:forum--the-hundreds,unverified,,2026-09-02T23:05:13.572077+00:00
78b33f5b-61aa-4ebf-a531-7b01a53f15a5,Forum,Travis Kennedy Pro,2009,,,catalog:forum--travis-kennedy-pro,unverified,,2026-09-02T23:05:13.572077+00:00
c362bd3f-0791-4894-9398-1228862b98c0,Forum,Warrior,2005,,,catalog:forum--warrior,unverified,,2026-09-02T23:05:13.572077+00:00
73577cb0-dc36-4be0-aed4-9183cc29b719,Forum,Youngblood,2004,,,catalog:forum--youngblood,verified,,2026-09-02T23:05:13.572077+00:00
264f3ce5-c443-4af4-ab5b-72bdce145908,Furberg,THE ALL MTN,2026,,,catalog:furberg--the-all-mtn,unverified,,2026-09-04T18:50:02.182686+00:00
a17ab7fc-a508-4f54-ae2f-f3d83ddc635e,Furberg,THE FREERIDE,2026,,,catalog:furberg--the-freeride,unverified,,2026-09-04T18:50:02.182686+00:00
d101b599-3375-4603-ac01-c4daa9a1515f,Furberg,THE POW,2026,,,catalog:furberg--the-pow,unverified,,2026-09-04T18:50:02.182686+00:00
5a424170-6ab9-4f25-8153-f6a70cf1399d,Furlan Snowboards,AARON SWARTZ 163 WIDE,2025,,,catalog:furlan-snowboards--aaron-swartz-163-wide,unverified,,2026-09-04T18:50:02.182686+00:00
2f8397b7-b911-4784-b84b-668173cf4d1e,Furlan Snowboards,AARON SWARTZ 163 X YGGL,2025,,,catalog:furlan-snowboards--aaron-swartz-163-x-yggl,unverified,,2026-09-04T18:50:02.182686+00:00
3549a0e1-333c-42e7-a3ee-38f61ea9e188,Furlan Snowboards,AARON SWARTZ WIDE HARD FLEX,2025,,,catalog:furlan-snowboards--aaron-swartz-wide-hard-flex,unverified,,2026-09-04T18:50:02.182686+00:00
435e2f99-4a68-4137-bd1c-72b7773142ab,Furlan Snowboards,AARON SWARTZ X YGGL HARD FLEX,2025,,,catalog:furlan-snowboards--aaron-swartz-x-yggl-hard-flex,unverified,,2026-09-04T18:50:02.182686+00:00
3de560ca-5181-414f-9b37-8308f7a21b6e,Furlan Snowboards,MASTER SHREDDER (AKA K. METSCH),2025,,,catalog:furlan-snowboards--master-shredder-aka-k-metsch,unverified,,2026-09-04T18:50:02.182686+00:00
4bad52bb-0b0f-4416-83af-f2d629b1e739,Furlan Snowboards,MASTER SHREDDER HARD FLEX,2025,,,catalog:furlan-snowboards--master-shredder-hard-flex,unverified,,2026-09-04T18:50:02.182686+00:00
98d500cf-79e8-44eb-a721-fae2d008901c,Gentemstick,ALOHA NOKAOI,2026,,,catalog:gentemstick--aloha-nokaoi,unverified,,2026-09-04T18:50:01.737729+00:00
996a1f13-4fa7-46d9-b313-fe9d83362f52,Gentemstick,BABY MANTARAY 148,2024,,,catalog:gentemstick--baby-mantaray-148,unverified,,2026-09-04T18:50:01.737729+00:00
4dd2a846-c537-4f67-b110-3cf45d765f51,Gentemstick,BABY MANTARAY 148 HARD FLEX,2024,,,catalog:gentemstick--baby-mantaray-148-hard-flex,unverified,,2026-09-04T18:50:01.737729+00:00
0de5b9e9-981d-4ad0-a8ff-24b5f4fc1b5f,Gentemstick,BABY STINGRAY 151,2024,,,catalog:gentemstick--baby-stingray-151,unverified,,2026-09-04T18:50:01.737729+00:00
1290d6a4-b00a-4490-ab7a-929d24a09b28,Gentemstick,BABY STINGRAY CHOPSTICKS,2024,,,catalog:gentemstick--baby-stingray-chopsticks,unverified,,2026-09-04T18:50:01.737729+00:00
8f560bbf-5f55-46ab-b903-cea4ce9fd5d2,Gentemstick,BARRACUDA HIGH PERFORMANCE,2024,,,catalog:gentemstick--barracuda-high-performance,unverified,,2026-09-04T18:50:01.737729+00:00
1d0fae69-c4fd-4a41-95c8-b8ebeb0e2f17,Gentemstick,BIG FISH OUTLINE CORE,2024,,,catalog:gentemstick--big-fish-outline-core,unverified,,2026-09-04T18:50:01.737729+00:00
e9235b5f-2444-457f-9362-b49a791df434,Gentemstick,DRIFTER,2024,,,catalog:gentemstick--drifter,unverified,,2026-09-04T18:50:01.737729+00:00
cf44646d-81cf-4bb5-bfa3-f1640f0de556,Gentemstick,FLAIR,2024,,,catalog:gentemstick--flair,unverified,,2026-09-04T18:50:01.737729+00:00
cd6f4d9f-466e-4eeb-8749-75bdfb34b924,Gentemstick,FLAIR 146 CHOPSTICKS,2024,,,catalog:gentemstick--flair-146-chopsticks,unverified,,2026-09-04T18:50:01.737729+00:00
ca70b5eb-ef2e-40ec-8c26-8f6bb391b0ea,Gentemstick,FLOATER uni,2024,,,catalog:gentemstick--floater-uni,unverified,,2026-09-04T18:50:01.737729+00:00
af24408e-53aa-40f7-bb2c-35653e15e91b,Gentemstick,Flock,2000,,,seed:linestry-research-2026-06,verified,,2026-06-19T05:24:20.410856+00:00
1efd6987-bcdb-45f0-92b4-ca5e17043133,Gentemstick,FLY FISK,2025,,,catalog:gentemstick--fly-fisk,unverified,,2026-09-04T18:50:01.737729+00:00
071d961e-30ff-4c00-990e-064f80af815d,Gentemstick,FLY FISK 164 Mads Jonsson Pro Model,2024,,,catalog:gentemstick--fly-fisk-164-mads-jonsson-pro-model,unverified,,2026-09-04T18:50:01.737729+00:00
653936b7-90bb-44b1-bf9e-8292626a4646,Gentemstick,FLY FISK CHOPSTICKS,2024,,,catalog:gentemstick--fly-fisk-chopsticks,unverified,,2026-09-04T18:50:01.737729+00:00
378d3909-2ff5-4e5a-a36c-40b7c447610b,Gentemstick,FLYING CARPET,2024,,,catalog:gentemstick--flying-carpet,unverified,,2026-09-04T18:50:01.737729+00:00
55721ec6-6eaa-4a63-a5dd-a2b3a72f6cbd,Gentemstick,GIANT MANTARAY 159,2024,,,catalog:gentemstick--giant-mantaray-159,unverified,,2026-09-04T18:50:01.737729+00:00
585c391d-e4df-43c6-9cd9-149cd11a8675,Gentemstick,GIANT MANTARAY CHOPSTICKS PRO,2024,,,catalog:gentemstick--giant-mantaray-chopsticks-pro,unverified,,2026-09-04T18:50:01.737729+00:00
86be14c7-dc21-4249-bcf5-459fdfa4e71a,Gentemstick,GLIDER 198,2027,,,catalog:gentemstick--glider-198,unverified,,2026-09-04T18:50:01.737729+00:00
0877fe5d-54a3-4579-9ed0-0f10f6ab1966,Gentemstick,INDEPENDENTSTICK,2024,,,catalog:gentemstick--independentstick,unverified,,2026-09-04T18:50:01.737729+00:00
8ca417db-56c6-4fad-aca3-207c180957d3,Gentemstick,INDY POOLDECK,2024,,,catalog:gentemstick--indy-pooldeck,unverified,,2026-09-04T18:50:01.737729+00:00
99d8d502-53d1-424d-bf35-524cf67dd4a1,Gentemstick,JALKA 125,2024,,,catalog:gentemstick--jalka-125,unverified,,2026-09-04T18:50:01.737729+00:00
a5000281-6eb0-4487-a3af-55ff20afe2e0,Gentemstick,LOHI 132,2024,,,catalog:gentemstick--lohi-132,unverified,,2026-09-04T18:50:01.737729+00:00
69348f3d-968e-4198-84cf-2231624b3799,Gentemstick,MAGIC 38,2024,,,catalog:gentemstick--magic-38,unverified,,2026-09-04T18:50:01.737729+00:00
1786a006-b8bf-46fb-b1de-af94b44c7267,Gentemstick,Mantaray,2000,,,seed:linestry-research-2026-06,verified,,2026-06-19T05:24:20.410856+00:00
e69e6cb5-a27a-4b17-b30e-ed2c9f91af5e,Gentemstick,MERMAID,2024,,,catalog:gentemstick--mermaid,unverified,,2026-09-04T18:50:01.737729+00:00
43ea7726-5958-4d07-8704-60f68a76d2fa,Gentemstick,MID FISH,2024,,,catalog:gentemstick--mid-fish,unverified,,2026-09-04T18:50:01.737729+00:00
dbe1fd19-f52a-4e66-8e20-66ae8e56f1f4,Gentemstick,MID FISH OUTLINE CORE,2024,,,catalog:gentemstick--mid-fish-outline-core,unverified,,2026-09-04T18:50:01.737729+00:00
5f7c66e6-b629-44c8-aed8-5e1044f2c9ed,Gentemstick,MOUNTAIN RACER,2024,,,catalog:gentemstick--mountain-racer,unverified,,2026-09-04T18:50:01.737729+00:00
1e618461-3a35-42b2-9fd5-186891113d92,Gentemstick,POWDERSTICK,2024,,,catalog:gentemstick--powderstick,unverified,,2026-09-04T18:50:01.737729+00:00
f67d64f6-f170-4943-ab2d-a0ecbb131e80,Gentemstick,POWDERSTICK DIAMOND TAIL,2026,,,catalog:gentemstick--powderstick-diamond-tail,unverified,,2026-09-04T18:50:01.737729+00:00
a7b864bd-5a85-444c-875f-2e82b2ab91fa,Gentemstick,POWDERSTICK FISH,2026,,,catalog:gentemstick--powderstick-fish,unverified,,2026-09-04T18:50:01.737729+00:00
e85dbc03-b887-4b74-a43e-83157d3e5b83,Gentemstick,Rocket Fish,2015,,,catalog:gentemstick--rocket-fish,verified,,2026-09-02T23:05:13.572077+00:00
e2ce6c6f-7c27-4cdc-86a1-bf64ac74df4a,Gentemstick,ROCKET FISH HIGH PERFORMANCE,2024,,,catalog:gentemstick--rocket-fish-high-performance,unverified,,2026-09-04T18:50:01.737729+00:00
c97bdf04-3af2-4d95-9835-74f9b14c7f39,Gentemstick,ROCKET FISH HIGH PERFORMANCE SOFT FLEX,2024,,,catalog:gentemstick--rocket-fish-high-performance-soft-flex,unverified,,2026-09-04T18:50:01.737729+00:00
d722b202-7acc-4bd0-a2f2-f4a2e31c55f7,Gentemstick,ROCKET FISH OUTLINE CORE,2024,,,catalog:gentemstick--rocket-fish-outline-core,unverified,,2026-09-04T18:50:01.737729+00:00
9c84e1e4-9c2f-4c2f-8d51-7109bb67d74a,Gentemstick,SLASHER Ⅱ,2024,,,catalog:gentemstick--slasher-ii,unverified,,2026-09-04T18:50:01.737729+00:00
4c44c137-77b8-4947-beca-d8a1352f707a,Gentemstick,Stingray,2000,,,seed:linestry-research-2026-06,verified,,2026-06-19T05:24:20.410856+00:00
78fc1a66-e9c6-442d-9d44-5356f5a433b3,Gentemstick,STINGRAY CHOPSTICKS,2024,,,catalog:gentemstick--stingray-chopsticks,unverified,,2026-09-04T18:50:01.737729+00:00
92429476-ce2d-4a9a-870d-62b89dbc1bc1,Gentemstick,SUPER FISH CLOUD LINER,2024,,,catalog:gentemstick--super-fish-cloud-liner,unverified,,2026-09-04T18:50:01.737729+00:00
47e16c1f-8b21-4482-a785-71ec2ba42a88,Gentemstick,SUPER FISH OUTLINE CORE,2024,,,catalog:gentemstick--super-fish-outline-core,unverified,,2026-09-04T18:50:01.737729+00:00
8e20f781-799d-4ae7-b270-e7c53990aade,Gentemstick,T.T 165 CLASSIC,2024,,,catalog:gentemstick--t-t-165-classic,unverified,,2026-09-04T18:50:01.737729+00:00
99082d01-a686-4e09-86b6-e9a2daf29dfd,Gentemstick,T.T 165 CLASSIC SOFT FLEX,2026,,,catalog:gentemstick--t-t-165-classic-soft-flex,unverified,,2026-09-04T18:50:01.737729+00:00
a696f6eb-6b8d-4722-b086-1bdf1beee98c,Gentemstick,T.T 165 CLASSIC WOMEN'S FLEX,2024,,,catalog:gentemstick--t-t-165-classic-womens-flex,unverified,,2026-09-04T18:50:01.737729+00:00
33b15cec-6e2a-4a7b-b9c4-a8f95d153ee6,Gentemstick,The Chaser,2019,,,catalog:gentemstick--the-chaser,verified,,2026-09-02T23:05:13.572077+00:00
22539a73-11e7-4f94-88e6-fa1713e16bc4,Gentemstick,THE CHASER HIGH PERFORMANCE,2024,,,catalog:gentemstick--the-chaser-high-performance,unverified,,2026-09-04T18:50:01.737729+00:00
76361542-f65b-4643-9181-ecaedb04b423,Gentemstick,THE CHASER HIGH PERFORMANCE CHOPSTICKS,2025,,,catalog:gentemstick--the-chaser-high-performance-chopsticks,unverified,,2026-09-04T18:50:01.737729+00:00
ac688b8a-fe2f-4bbc-9bdb-5b8593622787,Gentemstick,THE CHASER HP 155 CHOPSTICKS,2024,,,catalog:gentemstick--the-chaser-hp-155-chopsticks,unverified,,2026-09-04T18:50:01.737729+00:00
d2daedbc-85b5-48cf-80fa-ef371f8da175,Gentemstick,TITTI 118,2024,,,catalog:gentemstick--titti-118,unverified,,2026-09-04T18:50:01.737729+00:00
72a6fb96-7c85-4523-a58a-6b5004f3fd3e,Gentemstick,TT,2000,,,seed:linestry-research-2026-06,verified,,2026-06-19T05:24:20.410856+00:00
919b2edc-d448-4510-863d-21d707a3cdd6,Gentemstick,XY 153,2024,,,catalog:gentemstick--xy-153,unverified,,2026-09-04T18:50:01.737729+00:00
30de6bf5-076f-44d2-ab7a-5a22437d621d,Gentemstick,XY 157 Alex Yoder Pro Model,2024,,,catalog:gentemstick--xy-157-alex-yoder-pro-model,unverified,,2026-09-04T18:50:01.737729+00:00
7b8fcbc0-92e6-4c10-805c-b634b2093e70,Gentemstick,XYZ CHOPSTICKS,2024,,,catalog:gentemstick--xyz-chopsticks,unverified,,2026-09-04T18:50:01.737729+00:00
37bcb7ec-9b34-4e27-9228-d5448b8da9bc,Gilson,30 Point Buck,2025,,,catalog:gilson--30-point-buck,unverified,,2026-09-04T18:50:02.182686+00:00
dd7a6782-dbde-47e8-a621-855e4b0f4801,Gilson,Alpha,2025,,,catalog:gilson--alpha,unverified,,2026-09-04T18:50:02.182686+00:00
4a6b2282-0e58-4210-9c9c-609384cafce5,Gilson,Alpine Roamer,2025,,,catalog:gilson--alpine-roamer,unverified,,2026-09-04T18:50:02.182686+00:00
026388de-ae7c-4c97-8137-268214818363,Gilson,Battle Royale,2025,,,catalog:gilson--battle-royale,unverified,,2026-09-04T18:50:02.182686+00:00
ca53ec48-3bdb-437a-b413-56a3a978fb2c,Gilson,Bear Claw,2025,,,catalog:gilson--bear-claw,unverified,,2026-09-04T18:50:02.182686+00:00
2f928b13-7d28-480c-b985-8f916281674a,Gilson,Best Buds,2025,,,catalog:gilson--best-buds,unverified,,2026-09-04T18:50:02.182686+00:00
6e1ea4c6-89bb-4c0c-8096-b7af7291193e,Gilson,Bounty Hunter,2026,,,catalog:gilson--bounty-hunter,unverified,,2026-09-04T18:50:02.182686+00:00
6ab6f704-bff4-47ea-8529-b3c8c7c95ce2,Gilson,Bounty Hunter Ronin,2025,,,catalog:gilson--bounty-hunter-ronin,unverified,,2026-09-04T18:50:02.182686+00:00
da35513d-45ac-4956-8a36-954af604264b,Gilson,Bruce,2026,,,catalog:gilson--bruce,unverified,,2026-09-04T18:50:02.182686+00:00
c8186154-7600-4658-a2d6-7fef264b56d0,Gilson,Catch & Release,2025,,,catalog:gilson--catch-release,unverified,,2026-09-04T18:50:02.182686+00:00
4e5ba2b7-a38e-4862-9a46-87c69fc0b822,Gilson,Chill N Thrill,2026,,,catalog:gilson--chill-n-thrill,unverified,,2026-09-04T18:50:02.182686+00:00
a92444a3-1974-44a6-84c6-eb49b1000c39,Gilson,Come Together,2025,,,catalog:gilson--come-together,unverified,,2026-09-04T18:50:02.182686+00:00
2217c796-e24d-421e-bcba-c4f822622f10,Gilson,Deep Sea,2025,,,catalog:gilson--deep-sea,unverified,,2026-09-04T18:50:02.182686+00:00
d73e5744-c3cb-4b3a-aedd-190ca7ed77a2,Gilson,Domain - Montana,2026,,,catalog:gilson--domain-montana,unverified,,2026-09-04T18:50:02.182686+00:00
71b55bc3-049a-4aab-9a7f-d381585065d9,Gilson,Domain - Revelstoke,2026,,,catalog:gilson--domain-revelstoke,unverified,,2026-09-04T18:50:02.182686+00:00
741656bd-dc8f-4746-a21b-4c55ecceb4ef,Gilson,Duel,2025,,,catalog:gilson--duel,unverified,,2026-09-04T18:50:02.182686+00:00
681cc376-b657-44b4-8b6d-844efc08a0d3,Gilson,Eat or Be Eaten,2026,,,catalog:gilson--eat-or-be-eaten,unverified,,2026-09-04T18:50:02.182686+00:00
2a126acf-7cf6-407e-8a69-7b870fd39ac8,Gilson,Evergreen All Mountain Snowboard,2025,,,catalog:gilson--evergreen-all-mountain-snowboard,unverified,,2026-09-04T18:50:02.182686+00:00
764aa54e-771a-4c3e-9c4c-f98daeac6b52,Gilson,Explorer,2025,,,catalog:gilson--explorer,unverified,,2026-09-04T18:50:02.182686+00:00
fc84b7d4-7665-4973-92c4-4c4c664ca70d,Gilson,Fly,2025,,,catalog:gilson--fly,unverified,,2026-09-04T18:50:02.182686+00:00
f8cb9f16-2ec7-4afe-950a-1db7a60c1255,Gilson,Go Bear - HAPPY HOUR Series,2025,,,catalog:gilson--go-bear-happy-hour-series,unverified,,2026-09-04T18:50:02.182686+00:00
9584770f-7796-42da-8787-0ec573b8e512,Gilson,Goin Down,2025,,,catalog:gilson--goin-down,unverified,,2026-09-04T18:50:02.182686+00:00
275107f4-5ac6-423d-ba4b-6478e97ddf40,Gilson,Gothic,2025,,,catalog:gilson--gothic,unverified,,2026-09-04T18:50:02.182686+00:00
a6d1d6a9-565d-4af4-b0a0-6c663dacbada,Gilson,Hippy Stick,2025,,,catalog:gilson--hippy-stick,unverified,,2026-09-04T18:50:02.182686+00:00
7dbcac98-19b3-4584-b1d4-1af5423fa742,Gilson,Homebrew,2026,,,catalog:gilson--homebrew,unverified,,2026-09-04T18:50:02.182686+00:00
63a29d05-17ba-4ef9-81dd-f43e71fb6106,Gilson,Homebrew (Blue),2025,,,catalog:gilson--homebrew-blue,unverified,,2026-09-04T18:50:02.182686+00:00
4c040e44-2b29-4b4c-83b1-39eb7125e9d4,Gilson,Kichizi,2025,,,catalog:gilson--kichizi,unverified,,2026-09-04T18:50:02.182686+00:00
358bc36c-c274-480c-a408-e484a7c9974e,Gilson,Live Free or Loon,2025,,,catalog:gilson--live-free-or-loon,unverified,,2026-09-04T18:50:02.182686+00:00
72e69344-013d-42b3-aaaf-e9cb508c0fcd,Gilson,Lucid Dream,2026,,,catalog:gilson--lucid-dream,unverified,,2026-09-04T18:50:02.182686+00:00
34b930df-b82a-487d-b98c-591b1ba27cf5,Gilson,Luna Solar,2027,,,catalog:gilson--luna-solar,unverified,,2026-09-04T18:50:02.182686+00:00
c54c7e5a-6252-4a7e-8dbf-5864b36491a9,Gilson,Medusa,2025,,,catalog:gilson--medusa,unverified,,2026-09-04T18:50:02.182686+00:00
eabef718-354c-4001-82f2-6545c6cdc3fa,Gilson,Moonwalker - HAPPY HOUR Series,2025,,,catalog:gilson--moonwalker-happy-hour-series,unverified,,2026-09-04T18:50:02.182686+00:00
dcdfa798-d764-4ce6-bb7b-b5a709c4570a,Gilson,Mountain Maverick,2025,,,catalog:gilson--mountain-maverick,unverified,,2026-09-04T18:50:02.182686+00:00
fc9597a3-db5e-427f-aa7b-b39dc8e3bbb3,Gilson,Mountainscape,2025,,,catalog:gilson--mountainscape,unverified,,2026-09-04T18:50:02.182686+00:00
595669fc-9e2f-4e46-a335-e7cf3727c1fb,Gilson,Mourn Tree,2025,,,catalog:gilson--mourn-tree,unverified,,2026-09-04T18:50:02.182686+00:00
0d00f55f-4014-4053-99d2-7702e92a3566,Gilson,Musashi,2025,,,catalog:gilson--musashi,unverified,,2026-09-04T18:50:02.182686+00:00
37d81094-e3f5-4e76-aff0-49f0d9028911,Gilson,OpenMinded,2025,,,catalog:gilson--openminded,unverified,,2026-09-04T18:50:02.182686+00:00
ddd25da6-f31e-4e90-a875-4b5dcb3de2fc,Gilson,Orochi,2026,,,catalog:gilson--orochi,unverified,,2026-09-04T18:50:02.182686+00:00
0413229a-21a5-470a-a13b-3fea34fea2ba,Gilson,Outdoor State of Mind,2026,,,catalog:gilson--outdoor-state-of-mind,unverified,,2026-09-04T18:50:02.182686+00:00
457a2804-a067-4f8a-bfd3-099abf4cabbe,Gilson,Philly Special - Green,2025,,,catalog:gilson--philly-special-green,unverified,,2026-09-04T18:50:02.182686+00:00
8cdc25ea-7cd0-4e13-8e7a-7cb2f690c008,Gilson,Philly Special - Red,2025,,,catalog:gilson--philly-special-red,unverified,,2026-09-04T18:50:02.182686+00:00
169ea742-2e0e-4725-9be3-a6e38f696847,Gilson,Pigeons,2025,,,catalog:gilson--pigeons,unverified,,2026-09-04T18:50:02.182686+00:00
e84b3cf6-fdfc-4cab-a688-8eaad68b20ff,Gilson,Pinegrenade - HAPPY HOUR Series,2025,,,catalog:gilson--pinegrenade-happy-hour-series,unverified,,2026-09-04T18:50:02.182686+00:00
07539f3d-2d35-4f1b-8f25-5290b4000121,Gilson,Quaker Blue,2025,,,catalog:gilson--quaker-blue,unverified,,2026-09-04T18:50:02.182686+00:00
cc3b79d0-cfa9-4978-bd62-8af8ee835235,Gilson,Raise Hell,2025,,,catalog:gilson--raise-hell,unverified,,2026-09-04T18:50:02.182686+00:00
f5843bc8-5cd8-4b62-9397-eb13badde3e7,Gilson,Redline 3.0,2025,,,catalog:gilson--redline-3-0,unverified,,2026-09-04T18:50:02.182686+00:00
a21b24d8-93af-4461-8cd4-ea0cb8f1d267,Gilson,Reptilian Brain,2025,,,catalog:gilson--reptilian-brain,unverified,,2026-09-04T18:50:02.182686+00:00
591e5929-da07-490b-99db-4cff7a7e2986,Gilson,Roswell,2025,,,catalog:gilson--roswell,unverified,,2026-09-04T18:50:02.182686+00:00
26248229-bf2a-4b7c-9f45-e1666c952070,Gilson,Sesame Street Monster Anatomy - Cookie Monster,2025,,,catalog:gilson--sesame-street-monster-anatomy-cookie-monster,unverified,,2026-09-04T18:50:02.182686+00:00
5b82194e-7d75-4a83-864a-1b84a1a102bd,Gilson,Sesame Street Monster Anatomy - Oscar,2025,,,catalog:gilson--sesame-street-monster-anatomy-oscar,unverified,,2026-09-04T18:50:02.182686+00:00
5b913d90-f12b-4bda-91ea-9c66c6b39f82,Gilson,Sesame Street Retro - BFF,2025,,,catalog:gilson--sesame-street-retro-bff,unverified,,2026-09-04T18:50:02.182686+00:00
badb1aae-ed09-4bd8-9fbf-d8f10f31edea,Gilson,Sesame Street Retro - The Grouch,2025,,,catalog:gilson--sesame-street-retro-the-grouch,unverified,,2026-09-04T18:50:02.182686+00:00
dfd55063-a73b-4a82-b36e-d6423d16ed06,Gilson,Sesame Street Retro - The Monster,2025,,,catalog:gilson--sesame-street-retro-the-monster,unverified,,2026-09-04T18:50:02.182686+00:00
45bef491-150c-4648-baf7-3ff2ae3dcc6f,Gilson,Sesame Street Squad Goals - Bert & Ernie,2025,,,catalog:gilson--sesame-street-squad-goals-bert-ernie,unverified,,2026-09-04T18:50:02.182686+00:00
0120ad6f-15ac-4b55-bd65-e4ae46fa7b0c,Gilson,Sesame Street Squad Goals - Big Bird,2025,,,catalog:gilson--sesame-street-squad-goals-big-bird,unverified,,2026-09-04T18:50:02.182686+00:00
36343e95-5bb2-4820-835a-b9e696bd6edc,Gilson,Sesame Street Squad Goals - Cookie Monster,2025,,,catalog:gilson--sesame-street-squad-goals-cookie-monster,unverified,,2026-09-04T18:50:02.182686+00:00
18cc9bc1-38dd-4927-912d-566e2bfa0480,Gilson,Sesame Street Squad Goals - Oscar,2025,,,catalog:gilson--sesame-street-squad-goals-oscar,unverified,,2026-09-04T18:50:02.182686+00:00
69dd9588-40e5-4b1a-907b-755be95af7aa,Gilson,Sesame Street Squad Goals - Squad,2025,,,catalog:gilson--sesame-street-squad-goals-squad,unverified,,2026-09-04T18:50:02.182686+00:00
c6ae35a5-3750-4834-b6c0-446bd3447fa8,Gilson,Shred Happy,2025,,,catalog:gilson--shred-happy,unverified,,2026-09-04T18:50:02.182686+00:00
ab57a8f5-a057-469e-b650-ac3d3d5f37d7,Gilson,Sky High (Green),2025,,,catalog:gilson--sky-high-green,unverified,,2026-09-04T18:50:02.182686+00:00
9328144b-ae4a-42f7-b7cf-1f72434cb52a,Gilson,Sky High (Sunburst),2025,,,catalog:gilson--sky-high-sunburst,unverified,,2026-09-04T18:50:02.182686+00:00
444bac1f-f382-4d50-a0dc-d2027d3c756d,Gilson,Skyward,2025,,,catalog:gilson--skyward,unverified,,2026-09-04T18:50:02.182686+00:00
94b783fe-be3f-4f89-81cd-619296fe62f7,Gilson,Snake Oil,2025,,,catalog:gilson--snake-oil,unverified,,2026-09-04T18:50:02.182686+00:00
7282003b-259f-4bf3-a3fe-49a769a2170b,Gilson,Space Dust,2025,,,catalog:gilson--space-dust,unverified,,2026-09-04T18:50:02.182686+00:00
968991ba-9024-482e-baea-2ebc69744e6f,Gilson,Stand Your Ground,2025,,,catalog:gilson--stand-your-ground,unverified,,2026-09-04T18:50:02.182686+00:00
a25fcfb1-c3d3-4e14-952a-319a53d0c35f,Gilson,Street Hearts,2026,,,catalog:gilson--street-hearts,unverified,,2026-09-04T18:50:02.182686+00:00
2469e667-343a-4bce-ac41-aae4eb64fef3,Gilson,Superdawg,2025,,,catalog:gilson--superdawg,unverified,,2026-09-04T18:50:02.182686+00:00
4c6993fa-2e38-474c-b6c7-10a8b737c0f6,Gilson,The Buck Naked,2025,,,catalog:gilson--the-buck-naked,unverified,,2026-09-04T18:50:02.182686+00:00
2c46d1df-0482-41ac-b51f-9cd59d4ca201,Gilson,The Ganjola,2025,,,catalog:gilson--the-ganjola,unverified,,2026-09-04T18:50:02.182686+00:00
b390c5b1-7cfe-4f64-8982-ed52c7204d3d,Gilson,The Snowball,2025,,,catalog:gilson--the-snowball,unverified,,2026-09-04T18:50:02.182686+00:00
d05e4f30-a63d-4e11-afcc-ff3d0ffa839c,Gilson,Thicc Boi,2026,,,catalog:gilson--thicc-boi,unverified,,2026-09-04T18:50:02.182686+00:00
638003c7-370b-4b09-9f19-7db970ab1f9f,Gilson,Trail Buddy,2025,,,catalog:gilson--trail-buddy,unverified,,2026-09-04T18:50:02.182686+00:00
c48f1780-46ac-4316-9db8-7fdb7b4262f4,Gilson,Trippy,2025,,,catalog:gilson--trippy,unverified,,2026-09-04T18:50:02.182686+00:00
354371af-9374-49b7-b185-ef06e13e7653,Gilson,Undead,2025,,,catalog:gilson--undead,unverified,,2026-09-04T18:50:02.182686+00:00
d969e531-2236-4efe-a85a-a109304b5015,Gilson,Undead Quaker,2025,,,catalog:gilson--undead-quaker,unverified,,2026-09-04T18:50:02.182686+00:00
93382f71-0d35-4bd7-8ae4-05007febc4b2,Gilson,Venturer,2025,,,catalog:gilson--venturer,unverified,,2026-09-04T18:50:02.182686+00:00
67f47e86-4cf7-42aa-aa96-7ed7a25557c3,Gilson,Veritas All Mountain Snowboard,2025,,,catalog:gilson--veritas-all-mountain-snowboard,unverified,,2026-09-04T18:50:02.182686+00:00
14db0538-8b63-4983-82c0-8fe43c18aafe,Gilson,Vortex Bloom,2025,,,catalog:gilson--vortex-bloom,unverified,,2026-09-04T18:50:02.182686+00:00
f3d4b5b7-d108-40af-855d-f29b45271076,Gilson,Voyager,2025,,,catalog:gilson--voyager,unverified,,2026-09-04T18:50:02.182686+00:00
67be4658-2b41-4c7f-8e47-28dd3cdf69f7,Gilson,Wolf Homebrew,2025,,,catalog:gilson--wolf-homebrew,unverified,,2026-09-04T18:50:02.182686+00:00
d2ef8bff-a2fd-48ba-920e-fc09fe90ba8f,Glissade,Big Gun,2007,,,catalog:glissade--big-gun,unverified,,2026-09-04T18:50:01.737729+00:00
6451c97b-877c-4831-81ca-cce4356a093c,Glissade,Brosif,2011,,,catalog:glissade--brosif,unverified,,2026-09-04T18:50:01.737729+00:00
4eef0dbf-026b-4af7-a059-e0bd4b4b965b,Glissade,Capsule,2007,,,catalog:glissade--capsule,unverified,,2026-09-04T18:50:01.737729+00:00
2b17c824-38c1-4f99-a039-2803e1d1fd43,Glissade,Griffin,2011,,,catalog:glissade--griffin,unverified,,2026-09-04T18:50:01.737729+00:00
45dea003-c79a-4624-ad69-a9e4f90f2bee,Glissade,Kenron,2011,,,catalog:glissade--kenron,unverified,,2026-09-04T18:50:01.737729+00:00
acc87344-4e3b-4b11-8a39-3e576726e027,Glissade,Shortbus,2011,,,catalog:glissade--shortbus,unverified,,2026-09-04T18:50:01.737729+00:00
bb55e5c8-99f3-456c-8e2f-49bd6bcafd1c,Glissade,Shortbus LE,2011,,,catalog:glissade--shortbus-le,unverified,,2026-09-04T18:50:01.737729+00:00
3c07f423-6bef-4e4b-8990-bce4d61504fb,Glissade,Siren Collection,2011,,,catalog:glissade--siren-collection,unverified,,2026-09-04T18:50:01.737729+00:00
272c85ad-7ec8-4af6-ac73-1d3c15080f9e,Glissade,Tactic,2007,,,catalog:glissade--tactic,unverified,,2026-09-04T18:50:01.737729+00:00
53c028dc-370a-4f66-96aa-925ec41f7c9b,Gnu,11 Up,2006,,,catalog:gnu--11-up,unverified,,2026-09-02T23:05:13.572077+00:00
3d64979b-eadf-4c4a-a37a-1c424ad7f841,Gnu,4,2020,,,catalog:gnu--4,unverified,,2026-09-02T23:05:13.572077+00:00
3b90dbf9-f1a8-45ff-ac36-669364baab76,Gnu,4x4,2026,,,catalog:gnu--4x4,verified,,2026-09-02T23:05:13.572077+00:00
0ce067cb-8715-45b7-98a0-fe1b2b0e3bc0,Gnu,Abfahrt,1998,,,catalog:gnu--abfahrt,verified,,2026-09-02T23:05:13.572077+00:00
72c9d78a-e2f9-4a48-9f6e-06dfcb236903,Gnu,Altered Genetics,2004,,,catalog:gnu--altered-genetics,verified,,2026-09-02T23:05:13.572077+00:00
board_1787669361279_8xhw7,Gnu,Antigravity,1988,,,,unverified,76c3b77e-0f0e-4478-9494-b0b1f5d6188f,2026-08-25T14:49:57.839704+00:00
983c7b5c-ed17-4742-ba9b-260aaeb0d1cb,Gnu,B-Mini,2011,,,catalog:gnu--b-mini,unverified,,2026-09-02T23:05:13.572077+00:00
afd53499-e688-46f2-8c98-c7426544deb6,Gnu,B-Nice,2007,,,catalog:gnu--b-nice,verified,,2026-09-02T23:05:13.572077+00:00
12d917c8-81cb-4081-8a9b-ecf9639bff7d,Gnu,B-Pro,2007,,,catalog:gnu--b-pro,verified,,2026-09-02T23:05:13.572077+00:00
c758fe0b-079d-4cc2-95ec-727e83e7e5d6,Gnu,B-Pro Mini,2009,,,catalog:gnu--b-pro-mini,unverified,,2026-09-02T23:05:13.572077+00:00
bf56c809-e04f-459a-8a2c-15743bae9f46,Gnu,B-Real,2008,,,catalog:gnu--b-real,verified,,2026-09-02T23:05:13.572077+00:00
4a4821cf-1397-4356-ae46-9ab1876966f9,Gnu,B-Street,2007,,,catalog:gnu--b-street,verified,,2026-09-02T23:05:13.572077+00:00
a9fb905d-0ec4-4be1-844c-f76e04d36844,Gnu,Banked Country,2022,,,catalog:gnu--banked-country,verified,,2026-09-02T23:05:13.572077+00:00
acf0fe5c-62dc-4e49-aa8a-23fb045a256b,Gnu,Barrett,2027,,,catalog:gnu--barrett,verified,,2026-09-02T23:05:13.572077+00:00
0181de85-da8b-41f1-abea-c71a73baed79,Gnu,Barrett Christy,1998,,,catalog:gnu--barrett-christy,verified,,2026-09-02T23:05:13.572077+00:00
d34a511c-6c9d-4437-aff8-733fc5950ff8,Gnu,Barrett Christy Mini,1998,,,catalog:gnu--barrett-christy-mini,verified,,2026-09-02T23:05:13.572077+00:00
board_1781820560522_a2q2b,Gnu,Bas,1994,,,,verified,0394914d-6ffd-4a18-aa1f-1aafee7ce53a,2026-06-18T22:09:21.225615+00:00
2de89416-1b1d-4431-92a0-d26a9f2d61ec,Gnu,Billy Goat,2008,,,catalog:gnu--billy-goat,verified,,2026-09-02T23:05:13.572077+00:00
20db3125-33e0-43b3-bb56-f29569115cc2,Gnu,C-Money,2026,,,catalog:gnu--c-money,unverified,,2026-09-02T23:05:13.572077+00:00
b17,Gnu,Carbon Credit,2021,,,,verified,,2026-03-13T00:16:16.048193+00:00
c0525ebd-f84f-4474-8a24-9d46064e1d12,Gnu,Carbon High Beam,2004,,,catalog:gnu--carbon-high-beam,verified,,2026-09-02T23:05:13.572077+00:00
0cbb0b39-bbc6-4d22-ab28-310309e9d74c,Gnu,Concept,1988,,,catalog:gnu--concept,verified,,2026-09-02T23:05:13.572077+00:00
88289d49-3e51-4285-82a6-cea41e2ecc32,Gnu,Danny Kass,2004,,,catalog:gnu--danny-kass,verified,,2026-09-02T23:05:13.572077+00:00
9b4c6967-8f0f-4bcb-8296-51de5345b95a,Gnu,Danny Kass Mini,2004,,,catalog:gnu--danny-kass-mini,verified,,2026-09-02T23:05:13.572077+00:00
f025273c-6e4a-45dc-b965-4305ec4ed82d,Gnu,Dirty Pillow,2011,,,catalog:gnu--dirty-pillow,unverified,,2026-09-02T23:05:13.572077+00:00
f82da5ea-3b9b-4143-a824-8c27c892052e,Gnu,Dukester,1995,,,catalog:gnu--dukester,verified,,2026-09-02T23:05:13.572077+00:00
3eb179d0-b552-4eb7-94dc-571e128c57eb,Gnu,Essential Service,2021,,,catalog:gnu--essential-service,unverified,,2026-09-02T23:05:13.572077+00:00
c63a522e-11f3-4fee-877d-ec1b57155af7,Gnu,Factory Choice,1998,,,catalog:gnu--factory-choice,verified,,2026-09-02T23:05:13.572077+00:00
3c293b75-07b4-4947-aec9-22cc6baedd0d,Gnu,Facts,2026,,,catalog:gnu--facts,verified,,2026-09-02T23:05:13.572077+00:00
4016b483-93b8-43fd-b2c1-b11c29d18888,Gnu,Fiction,2027,,,catalog:gnu--fiction,verified,,2026-09-02T23:05:13.572077+00:00
2273b0a7-9099-4d03-b776-2978f65edd4d,Gnu,Finest,2026,,,catalog:gnu--finest,unverified,,2026-09-04T18:50:01.737729+00:00
17c828f0-76ca-4a8e-9f34-61e2b018bee5,Gnu,Forest Bailey Pickle,2012,,,catalog:gnu--forest-bailey-pickle,unverified,,2026-09-02T23:05:13.572077+00:00
e863d139-211a-4e8a-87a0-b37dc471be46,Gnu,Free Spirit,2026,,,catalog:gnu--free-spirit,unverified,,2026-09-04T18:50:01.737729+00:00
b332009c-625b-445f-811f-fdc32c54bc91,Gnu,Frosting,2026,,,catalog:gnu--frosting,unverified,,2026-09-04T18:50:01.737729+00:00
4479eb29-5c30-4078-912a-e4ea53dbd189,Gnu,Gateway,2015,,,catalog:gnu--gateway,unverified,,2026-09-02T23:05:13.572077+00:00
3f5482ed-99a4-4cfb-9254-e559eb859255,Gnu,Gloss,2025,,,catalog:gnu--gloss,verified,,2026-09-02T23:05:13.572077+00:00
5b9d1ab8-3d14-45e8-98b8-c4791dbac4a2,Gnu,Gremlin,2026,,,catalog:gnu--gremlin,verified,,2026-09-02T23:05:13.572077+00:00
692e7ffb-d416-4065-a08d-dd4a6eb0c46f,Gnu,Hampus Mosesson,2008,,,catalog:gnu--hampus-mosesson,unverified,,2026-09-02T23:05:13.572077+00:00
6d3541b8-8dee-4a01-8bd2-7883e4be93c2,Gnu,Hasselhoff,1998,,,catalog:gnu--hasselhoff,verified,,2026-09-02T23:05:13.572077+00:00
1fa92ae9-8c33-43bd-83b7-12ffc710f83d,Gnu,Haulin Oats,1998,,,catalog:gnu--haulin-oats,verified,,2026-09-02T23:05:13.572077+00:00
fac03bd4-a395-4f23-8639-ea5c02f4e6bf,Gnu,Head Space,2019,,,catalog:gnu--head-space,verified,,2026-09-02T23:05:13.572077+00:00
2ce362be-6b64-498a-ba33-50e7c4da955f,Gnu,Hyper,2024,,,catalog:gnu--hyper,unverified,,2026-09-02T23:05:13.572077+00:00
4c2bbd66-9020-45f8-b7be-82bf124cfcdd,Gnu,Impossible Series,2012,,,catalog:gnu--impossible-series,unverified,,2026-09-02T23:05:13.572077+00:00
c2e381b0-e141-49c8-b62c-7c540908b98d,Gnu,Kaos,1988,,,catalog:gnu--kaos,verified,,2026-09-02T23:05:13.572077+00:00
159e5b42-5d95-4bba-a932-2969c62e8d57,Gnu,Ladies Choice,2015,,,seed:linestry-research-2026-06,verified,,2026-06-19T05:24:20.410856+00:00
27080a17-3c46-4ff9-bdba-b838f435e95c,Gnu,Metal Gnuru,2015,,,catalog:gnu--metal-gnuru,unverified,,2026-09-02T23:05:13.572077+00:00
1270ac48-2adc-4a54-92d8-5cf5a94baa6d,Gnu,MiiRA,2027,,,catalog:gnu--miira,verified,,2026-09-02T23:05:13.572077+00:00
6276d840-aead-4d1a-89b5-8110860aa9fd,Gnu,Money,2025,,,seed:linestry-research-2026-06,verified,,2026-06-19T05:24:20.410856+00:00
c378b1aa-b75f-4579-b857-77d25ab343a9,Gnu,Money S,2026,,,catalog:gnu--money-s,unverified,,2026-09-04T18:50:01.737729+00:00
e59fad88-4b35-4d43-b216-60c6a081a51d,Gnu,Mullair,2019,,,catalog:gnu--mullair,unverified,,2026-09-02T23:05:13.572077+00:00
59739d88-e06f-4b90-83d3-3f9d8289c327,Gnu,Nibbler,1998,,,catalog:gnu--nibbler,verified,,2026-09-02T23:05:13.572077+00:00
a1b9f08d-b8e4-41f4-94d6-b20501e9f2d4,Gnu,Park Pickle,2010,,,catalog:gnu--park-pickle,unverified,,2026-09-02T23:05:13.572077+00:00
5ba83852-869a-4ef3-852d-a93f46b33dfb,Gnu,Pepper,2027,,,catalog:gnu--pepper,verified,,2026-09-02T23:05:13.572077+00:00
f246081f-0cfd-47a8-a809-6b69b59d8870,Gnu,Pharaoh,1998,,,catalog:gnu--pharaoh,verified,,2026-09-02T23:05:13.572077+00:00
81f072b8-a75f-44e4-92a4-3b75a352f5e9,Gnu,Playdate,2027,,,catalog:gnu--playdate,unverified,,2026-09-02T23:05:13.572077+00:00
d941299c-42ef-40b1-9855-e81d69410461,Gnu,Pro Choice,2025,,,catalog:gnu--pro-choice,unverified,,2026-09-02T23:05:13.572077+00:00
c4f4a75a-de2b-4d3d-9928-d01c44d4f0f8,Gnu,Recess,2027,,,catalog:gnu--recess,unverified,,2026-09-02T23:05:13.572077+00:00
6f5f31ec-fd4f-4361-94d6-0af83d470782,Gnu,Riders Choice,2008,,,seed:linestry-research-2026-06,verified,,2026-06-19T05:24:20.410856+00:00
eff237c7-2f11-4e8b-824d-b6eeae437308,Gnu,Riders Choice Pickle,2012,,,catalog:gnu--riders-choice-pickle,unverified,,2026-09-02T23:05:13.572077+00:00
0f0ca8dd-1109-40e6-9b68-e6fce7df28b9,Gnu,Scorp,2027,,,catalog:gnu--scorp,verified,,2026-09-02T23:05:13.572077+00:00
85717c89-a197-4727-a24f-766927b07f52,Gnu,Setsuna,2027,,,catalog:gnu--setsuna,verified,,2026-09-02T23:05:13.572077+00:00
8b6b31ca-20ea-45b2-a3ed-7fdae2ccbf06,Gnu,Sissy,1998,,,catalog:gnu--sissy,verified,,2026-09-02T23:05:13.572077+00:00
a2d67d0f-06a9-4716-9800-103594634c4a,Gnu,Skidder,1998,,,catalog:gnu--skidder,verified,,2026-09-02T23:05:13.572077+00:00
3486efaa-d67d-448a-929a-631d1db80314,Gnu,SNARF Machine,2027,,,catalog:gnu--snarf-machine,unverified,,2026-09-04T18:50:01.737729+00:00
d6c3a3ea-7b0a-4b93-a351-a66e15022aaf,Gnu,Something Gnu,2026,,,catalog:gnu--something-gnu,unverified,,2026-09-04T18:50:01.737729+00:00
b18,Gnu,Space Case,2019,,,,verified,,2026-03-13T00:16:16.048193+00:00
f18e3d78-b90f-4e5b-909d-b1f107580e20,Gnu,Street Series,2006,,,catalog:gnu--street-series,verified,,2026-09-02T23:05:13.572077+00:00
6b2f2a2c-aa30-445b-90c4-169427c3f635,Gnu,Stupid Cap,1998,,,catalog:gnu--stupid-cap,verified,,2026-09-02T23:05:13.572077+00:00
6dc99360-4dc4-4471-a834-e95b1bf6ff47,Gnu,T.R.E.,2027,,,catalog:gnu--t-r-e,verified,,2026-09-02T23:05:13.572077+00:00
board_1781820591038_udkjs,Gnu,Temple Cummins,1999,,,,unverified,0394914d-6ffd-4a18-aa1f-1aafee7ce53a,2026-06-18T22:09:51.514161+00:00
516a7c38-8de5-4e52-a408-7961ce9064d5,Gnu,Terrific,1998,,,catalog:gnu--terrific,verified,,2026-09-02T23:05:13.572077+00:00
617acfce-27ed-4688-876b-4f93e43ebb7d,Gnu,Todd Schlosser,1998,,,catalog:gnu--todd-schlosser,verified,,2026-09-02T23:05:13.572077+00:00
859b91ee-4147-4683-bb65-41fd3f2ea447,Gnu,Turbo Gremlin,2026,,,catalog:gnu--turbo-gremlin,verified,,2026-09-02T23:05:13.572077+00:00
bd63dac2-cf08-425a-aef2-9e0c9d556676,Gnu,Upgrade,2027,,,catalog:gnu--upgrade,unverified,,2026-09-02T23:05:13.572077+00:00
fae4b4f5-10e2-47fb-8db7-9572a6733012,Gnu,Velvet,2025,,,catalog:gnu--velvet,verified,,2026-09-02T23:05:13.572077+00:00
b39c19f2-c948-48fe-b35f-a8e5c99f915f,Gnu,Wagyu,2026,,,catalog:gnu--wagyu,verified,,2026-09-02T23:05:13.572077+00:00
cce0a493-3c05-4292-b27f-d57d164790c0,GNU,Bas Girl,1996,,,https://retrosnow.com/shop/gnu/96/gnu-bas-girl/,verified,,2026-09-04T20:38:46.266408+00:00
0701d040-85f3-4e96-8cb8-976b2b2b305a,Goodboards,15,2026,,,catalog:goodboards--15,unverified,,2026-09-04T18:50:02.182686+00:00
bd8ce5de-9cb8-4475-b7b0-9ab29c4ccd7d,Goodboards,Deep,2026,,,catalog:goodboards--deep,unverified,,2026-09-04T18:50:02.182686+00:00
9cc54cc8-586e-4558-a7ff-2259e369798f,Goodboards,Flash,2026,,,catalog:goodboards--flash,unverified,,2026-09-04T18:50:02.182686+00:00
7d2e6d40-6c6d-481a-8bc2-4f1148284c82,Goodboards,Julia,2026,,,catalog:goodboards--julia,unverified,,2026-09-04T18:50:02.182686+00:00
253dfe1c-7c6b-4ee7-a06d-1d126b6383ed,Goodboards,Legends,2026,,,catalog:goodboards--legends,unverified,,2026-09-04T18:50:02.182686+00:00
35eddda7-82f4-4386-9845-2302a5a0ba96,Goodboards,Pepi,2026,,,catalog:goodboards--pepi,unverified,,2026-09-04T18:50:02.182686+00:00
f4418a2a-c232-48b3-950c-af1b6f3d9935,Goodboards,PRIMA,2026,,,catalog:goodboards--prima,unverified,,2026-09-04T18:50:02.182686+00:00
5350c660-544f-4609-a280-4a3a895d223b,Goodboards,Reload,2026,,,catalog:goodboards--reload,unverified,,2026-09-04T18:50:02.182686+00:00
8d598acb-b9a5-4eaa-bf1e-23bbfb13c005,Goodboards,STORYBOARD Split,2026,,,catalog:goodboards--storyboard-split,unverified,,2026-09-04T18:50:02.182686+00:00
24d9a2fe-88e8-4c80-bf71-9112ee4f9c69,Goodboards,Surf Long,2026,,,catalog:goodboards--surf-long,unverified,,2026-09-04T18:50:02.182686+00:00
736d0f01-6eda-4c96-b10d-e90e84ea1bbd,Goodboards,Wooden,2026,,,catalog:goodboards--wooden,unverified,,2026-09-04T18:50:02.182686+00:00
c1d20506-446e-45d5-a3a3-f85d857ce1ae,Gray,CUB-X [GEO],2027,,,catalog:gray--cub-x-geo,unverified,,2026-09-04T18:50:01.737729+00:00
6d9fc576-01c2-416a-8c3b-584830dafae2,Gray,CUB-X [HILL],2027,,,catalog:gray--cub-x-hill,unverified,,2026-09-04T18:50:01.737729+00:00
5e6281ef-3e49-4789-aa9d-6851f4e07945,Gray,"DESPE WOOD 32, 38, 43",2027,,,catalog:gray--despe-wood-32-38-43,unverified,,2026-09-04T18:50:01.737729+00:00
857c7e03-7cdc-4ed3-a160-355a7563361c,Gray,"DESPE WOOD 48, 53n, 54, 58, 59w, 62, 63w",2027,,,catalog:gray--despe-wood-48-53n-54-58-59w-62-63w,unverified,,2026-09-04T18:50:01.737729+00:00
6a5ca4cc-52b1-4b5a-867b-ec8756f20a58,Gray,DSPRD micro/mini,2027,,,catalog:gray--dsprd-micro-mini,unverified,,2026-09-04T18:50:01.737729+00:00
03ca39c3-34b0-466c-be47-3950de666303,Gray,DSPRD Ti [iz],2027,,,catalog:gray--dsprd-ti-iz,unverified,,2026-09-04T18:50:01.737729+00:00
8a28f4e4-b2c4-4d75-9647-af017fd24999,Gray,DSPRD Ti Type-R,2027,,,catalog:gray--dsprd-ti-type-r,unverified,,2026-09-04T18:50:01.737729+00:00
4b18417e-ef81-49a4-a528-19654152567c,Gray,DSPRD Ti type-X ver.P,2027,,,catalog:gray--dsprd-ti-type-x-ver-p,unverified,,2026-09-04T18:50:01.737729+00:00
c2839423-695e-40d5-b7f4-7e049b7f9129,Gray,DSPRD Ti type-X ver.S,2027,,,catalog:gray--dsprd-ti-type-x-ver-s,unverified,,2026-09-04T18:50:01.737729+00:00
d422ecc8-301a-4da9-913d-a03f8240a419,Gray,EPIC ​,2027,,,catalog:gray--epic,unverified,,2026-09-04T18:50:01.737729+00:00
02198fdc-e150-4e1a-9ff1-544f2aebdcb2,Gray,FORCE,2027,,,catalog:gray--force,unverified,,2026-09-04T18:50:01.737729+00:00
2ee40500-ac9d-482a-92cd-3a2c85b27983,Gray,GENIUS ​,2027,,,catalog:gray--genius,unverified,,2026-09-04T18:50:01.737729+00:00
7e2ae509-dab3-429f-993c-23514984e5b2,Gray,GENIUS [HV] Genius Hybrid,2027,,,catalog:gray--genius-hv-genius-hybrid,unverified,,2026-09-04T18:50:01.737729+00:00
af11090e-ca78-4003-bfbd-9453b3f4b1f3,Gray,LOVEBUZZ 48,2027,,,catalog:gray--lovebuzz-48,unverified,,2026-09-04T18:50:01.737729+00:00
67b32062-187b-402f-a8ec-142cadce5fcb,Gray,LOVEBUZZ 52,2027,,,catalog:gray--lovebuzz-52,unverified,,2026-09-04T18:50:01.737729+00:00
8e9249e7-4a85-4f20-bfeb-ec3c74735cc6,Gray,LOVEBUZZ 57 [Camber],2027,,,catalog:gray--lovebuzz-57-camber,unverified,,2026-09-04T18:50:01.737729+00:00
d9f4d092-c8f6-444b-bcf5-1b42b8589700,Gray,LOVEBUZZ 58,2027,,,catalog:gray--lovebuzz-58,unverified,,2026-09-04T18:50:01.737729+00:00
d1a5dbd8-f31a-4dcc-a027-8a9dfb65e9b7,Gray,LOVEBUZZ 62,2027,,,catalog:gray--lovebuzz-62,unverified,,2026-09-04T18:50:01.737729+00:00
49ae078a-5a77-45f1-981c-ca024a19e12f,Gray,PRODIGY ​,2027,,,catalog:gray--prodigy,unverified,,2026-09-04T18:50:01.737729+00:00
3c4d8b76-a1fa-4ed2-aa87-586b9f4855d9,Gray,QUADRA,2027,,,catalog:gray--quadra,unverified,,2026-09-04T18:50:01.737729+00:00
01f4c4ff-a005-4d1a-832b-bc7efc0dbad0,Gray,QUADRA II,2027,,,catalog:gray--quadra-ii,unverified,,2026-09-04T18:50:01.737729+00:00
b6d549a7-6479-43ba-aad8-69043641f9c7,Gray,SHRED [HV] Shred Hybrid,2027,,,catalog:gray--shred-hv-shred-hybrid,unverified,,2026-09-04T18:50:01.737729+00:00
f590d7ea-7a51-4573-8627-f1aabf8ed334,Gray,"SONICALMACH 46, 51, 54, 55w",2027,,,catalog:gray--sonicalmach-46-51-54-55w,unverified,,2026-09-04T18:50:01.737729+00:00
81e04ef2-a43f-483e-961b-8d53c2d93c0f,Gray,"SONICALMACH 54ver.C, 55w ver.C, 58, 60w, 63w",2027,,,catalog:gray--sonicalmach-54ver-c-55w-ver-c-58-60w-63w,unverified,,2026-09-04T18:50:01.737729+00:00
abe835ba-2df4-4326-aaa8-b3c2d4521b00,Gray,SONICALMACH LT,2027,,,catalog:gray--sonicalmach-lt,unverified,,2026-09-04T18:50:01.737729+00:00
b7de0bce-4737-4c53-bc02-8a0234ed64c1,Gray,SONICALMACH LT ver.C,2027,,,catalog:gray--sonicalmach-lt-ver-c,unverified,,2026-09-04T18:50:01.737729+00:00
38411e57-e593-4fb8-852a-66079b4206be,Gray,TRICKSTICK [iz],2027,,,catalog:gray--trickstick-iz,unverified,,2026-09-04T18:50:01.737729+00:00
403b5e96-eb54-43c0-931a-d6885ae87db2,Gray,TYCOON,2027,,,catalog:gray--tycoon,unverified,,2026-09-04T18:50:01.737729+00:00
b2f1c66f-b427-45c0-ac7e-162a72b16d60,Gray,TYCOON TypeS [iz],2027,,,catalog:gray--tycoon-types-iz,unverified,,2026-09-04T18:50:01.737729+00:00
dc9a47bf-5fad-44d9-8e84-f0cc4b38c883,H-Street,161 Freestyle,1991,,,https://retrosnow.com/shop/h-street/91-h-street/h-street-161-freestyle/,verified,,2026-09-04T20:38:46.266408+00:00
ad15cc5f-2190-4935-8e1e-1096db44e861,Haz-Mat,Terry Kidwell,1994,,,https://retrosnow.com/shop/haz-mat/94-haz-mat/haz-mat-terry-kidwell/,verified,,2026-09-04T20:38:46.266408+00:00
edbffb4e-c10e-4366-bc6e-466e82262f64,Head,AK,2008,,,catalog:head--ak,unverified,,2026-09-02T23:05:13.572077+00:00
96d86495-877c-4476-9258-fba37e272c46,Head,Anything LYT Unisex Snowboard,2026,,,catalog:head--anything-lyt-unisex-snowboard,unverified,,2026-09-04T18:50:01.737729+00:00
b4361acd-6cf0-4c97-a721-64f0c07f2327,Head,Beam Unisex Snowboard,2026,,,catalog:head--beam-unisex-snowboard,unverified,,2026-09-04T18:50:01.737729+00:00
85da1965-b807-4b78-b9e7-0ec4f3b673ac,Head,Blush,2012,,,catalog:head--blush,unverified,,2026-09-02T23:05:13.572077+00:00
a7f2f22c-02b8-435e-becd-5b6237f96776,Head,Crown,2008,,,catalog:head--crown,unverified,,2026-09-02T23:05:13.572077+00:00
960dfabf-2712-4b11-9f0a-b9a97ce3f221,Head,Day LYT Unisex Snowboard,2026,,,catalog:head--day-lyt-unisex-snowboard,unverified,,2026-09-04T18:50:01.737729+00:00
66e7e4b0-bd92-457e-b3a9-d32c787d7f17,Head,Daymaker LYT Unisex Snowboard,2026,,,catalog:head--daymaker-lyt-unisex-snowboard,unverified,,2026-09-04T18:50:01.737729+00:00
0eeea981-fee8-4af3-905f-2e5e948c48a8,Head,Daymaker Unisex Snowboard,2026,,,catalog:head--daymaker-unisex-snowboard,unverified,,2026-09-04T18:50:01.737729+00:00
31fd4976-8d3a-41c5-84ef-815f9fd4e4e7,Head,Defy,2011,,,catalog:head--defy,unverified,,2026-09-02T23:05:13.572077+00:00
f0072cc6-602f-42e1-981d-6b08d4de6c87,Head,Defy Youth Junior's Snowboard,2026,,,catalog:head--defy-youth-juniors-snowboard,unverified,,2026-09-04T18:50:01.737729+00:00
6d13ea62-ba11-4bce-b54e-c267e15c3fbf,Head,E.B.I LYT Unisex Snowboard,2026,,,catalog:head--e-b-i-lyt-unisex-snowboard,unverified,,2026-09-04T18:50:01.737729+00:00
bbb1ec74-8b74-4cba-bd2b-e97e7892644e,Head,Everything LYT Women's Snowboard,2026,,,catalog:head--everything-lyt-womens-snowboard,unverified,,2026-09-04T18:50:01.737729+00:00
2560a0b1-9f58-4c1b-b62e-a08bc7195b0b,Head,Flamba,2012,,,catalog:head--flamba,unverified,,2026-09-02T23:05:13.572077+00:00
e280e931-4810-469a-963c-e2824e4dc934,Head,Force,2011,,,catalog:head--force,unverified,,2026-09-02T23:05:13.572077+00:00
f08bfb52-b94c-4560-af89-02d31b5698fd,Head,Fountain,2011,,,catalog:head--fountain,unverified,,2026-09-02T23:05:13.572077+00:00
8a1a0a1b-f2fe-431a-91ed-8ef60f8dbb63,Head,Gamechanger Unisex Snowboard,2026,,,catalog:head--gamechanger-unisex-snowboard,unverified,,2026-09-04T18:50:01.737729+00:00
d34d2808-5c8d-4573-909f-7ac9fdcf8161,Head,Glam,2012,,,catalog:head--glam,unverified,,2026-09-02T23:05:13.572077+00:00
7cb5b849-7a19-44ee-801f-67882df41553,Head,Holster,2011,,,catalog:head--holster,unverified,,2026-09-02T23:05:13.572077+00:00
346f6457-321b-4eb7-b826-fb7a01d7d789,Head,i.CT,2008,,,catalog:head--i-ct,unverified,,2026-09-02T23:05:13.572077+00:00
b23d8a9f-bc37-4e2b-971d-0ef668e71e68,Head,Ignition,2011,,,catalog:head--ignition,unverified,,2026-09-02T23:05:13.572077+00:00
8ecee32c-da9d-4c88-b640-28a9d76aede0,Head,Incite LYT Unisex Snowboard,2026,,,catalog:head--incite-lyt-unisex-snowboard,unverified,,2026-09-04T18:50:01.737729+00:00
21ba05f4-49b9-4952-9112-b4759d86979d,Head,Matrix,2008,,,catalog:head--matrix,unverified,,2026-09-02T23:05:13.572077+00:00
b24973e6-1e63-4812-ad56-705a93a4a421,Head,Pearl,2012,,,catalog:head--pearl,unverified,,2026-09-02T23:05:13.572077+00:00
9523164a-7ef6-43d4-86af-76eab73da669,Head,Pride,2012,,,catalog:head--pride,unverified,,2026-09-02T23:05:13.572077+00:00
b10a4b73-8316-413f-ae74-7f4d84b26487,Head,Pride 2.0 Women's Snowboard,2026,,,catalog:head--pride-2-0-womens-snowboard,unverified,,2026-09-04T18:50:01.737729+00:00
4f5706f8-c42f-4fa3-94a5-dfd26a29a2ac,Head,Rowdy Flex Junior's Snowboard,2026,,,catalog:head--rowdy-flex-juniors-snowboard,unverified,,2026-09-04T18:50:01.737729+00:00
d3ce1574-3ed5-4239-a8a0-b69b305a12ec,Head,Rowdy Kid Junior's Snowboard,2026,,,catalog:head--rowdy-kid-juniors-snowboard,unverified,,2026-09-04T18:50:01.737729+00:00
83f4ab42-b1e6-4981-9c9e-6035e522ba84,Head,Rush,2011,,,catalog:head--rush,unverified,,2026-09-02T23:05:13.572077+00:00
81bd7694-f80a-4cb8-8cc3-a09424f7112a,Head,Shine LYT Women's Snowboard,2026,,,catalog:head--shine-lyt-womens-snowboard,unverified,,2026-09-04T18:50:01.737729+00:00
1619af0e-cfe9-4507-a063-4d8f818c6492,Head,Solace Women's Snowboard,2026,,,catalog:head--solace-womens-snowboard,unverified,,2026-09-04T18:50:01.737729+00:00
6541d469-fad4-493f-906d-206d3a43aa4e,Head,Stella,2011,,,catalog:head--stella,unverified,,2026-09-02T23:05:13.572077+00:00
9884c5be-c63a-4238-90db-9d4294621fd2,Head,Transit,2008,,,catalog:head--transit,unverified,,2026-09-02T23:05:13.572077+00:00
eb602445-b284-431e-80b5-d47dff5d91f1,Head,Tribute,2008,,,catalog:head--tribute,unverified,,2026-09-02T23:05:13.572077+00:00
bb1c3292-c2be-43e6-98c6-fecfa064004d,Head,True,2008,,,catalog:head--true,unverified,,2026-09-02T23:05:13.572077+00:00
96a01cba-af3e-467a-adf4-264378479ac7,Head,True 2.0 Unisex Snowboard,2026,,,catalog:head--true-2-0-unisex-snowboard,unverified,,2026-09-04T18:50:01.737729+00:00
ed737f1b-f089-4169-ab83-782651882a67,Head,VOY SPLITBOARD,2026,,,catalog:head--voy-splitboard,unverified,,2026-09-04T18:50:01.737729+00:00
10551fe4-6c5c-47c1-9bef-965689fb9610,High Society Freeride,Coldtrail All-Mtn Snowboard 25/26,2026,,,catalog:high-society-freeride--coldtrail-all-mtn-snowboard-25-26,unverified,,2026-09-04T18:50:02.182686+00:00
87fe75b2-dd89-4a1c-ab91-3b3e17cc1228,Hooger Booger,Blaster,1993,,,catalog:hooger-booger--blaster,verified,,2026-09-02T23:05:13.572077+00:00
1f41bf7e-70d3-4cc9-9b60-8b3238991b01,Hooger Booger,Booger Blaster,1994,,,https://retrosnow.com/shop/hooger/94-hooger/hooger-booger-blaster-159/,verified,,2026-09-04T20:38:46.266408+00:00
9cf384ea-efa1-4403-8b1d-35cf834f6507,Hooger Booger,Boogie,1988,,,catalog:hooger-booger--boogie,unverified,,2026-09-02T23:05:13.572077+00:00
a7eeddf6-04d2-4214-b7f9-875f94666c6d,Hooger Booger,Booster,1989,,,catalog:hooger-booger--booster,unverified,,2026-09-02T23:05:13.572077+00:00
58b77000-766c-47ab-ab51-075274b45693,Hooger Booger,Competition,1988,,,catalog:hooger-booger--competition,unverified,,2026-09-02T23:05:13.572077+00:00
c2c70975-5224-4f4e-a915-c33a1c3c6ffc,Hooger Booger,Freestyle,1988,,,catalog:hooger-booger--freestyle,unverified,,2026-09-02T23:05:13.572077+00:00
f7cb171c-384e-4559-9815-369661ea5fd2,Hooger Booger,Light Wave,1988,,,catalog:hooger-booger--light-wave,unverified,,2026-09-02T23:05:13.572077+00:00
2b1bebc7-6287-4022-bce5-60f1e9df4458,Hooger Booger,Noah Brandon,1994,,,catalog:hooger-booger--noah-brandon,verified,,2026-09-02T23:05:13.572077+00:00
ac4d73d7-c131-47ae-aa2c-47fc7f05a2b6,HOT,Hot Shot,1990,,,catalog:hot--hot-shot,unverified,,2026-09-02T23:05:13.572077+00:00
98de70a1-d84c-4def-9e04-2bbc9d11f05b,HOT,Hotplus,1994,,,catalog:hot--hotplus,unverified,,2026-09-02T23:05:13.572077+00:00
8b1d4087-3ae8-44ce-bf44-3987acf8b5ef,HOT,Maniac,1990,,,catalog:hot--maniac,unverified,,2026-09-02T23:05:13.572077+00:00
38d00d3a-71bf-4e11-810f-b9a0f1e2d203,HOT,One Sixty Free,1990,,,catalog:hot--one-sixty-free,unverified,,2026-09-02T23:05:13.572077+00:00
4cd4ee7f-8823-4ad2-b26f-5e1674f01f4e,HOT,Revolution,1988,,,catalog:hot--revolution,verified,,2026-09-02T23:05:13.572077+00:00
ea9a165e-f154-46fd-91d9-5957f0542961,HOT,Shock Wave,1990,,,catalog:hot--shock-wave,unverified,,2026-09-02T23:05:13.572077+00:00
60cb7a7f-df04-4e1d-a751-91f9ac385ba7,Javatron Dream Machines,Biscotti,2025,,,catalog:javatron-dream-machines--biscotti,unverified,,2026-09-04T18:50:02.182686+00:00
5d69ae27-6b2d-49a1-81db-438bf91185cf,Javatron Dream Machines,G-Land,2025,,,catalog:javatron-dream-machines--g-land,unverified,,2026-09-04T18:50:02.182686+00:00
5b5172bd-8e29-4b70-805e-68b48f9fc1a5,Javatron Dream Machines,Javanator,2026,,,catalog:javatron-dream-machines--javanator,unverified,,2026-09-04T18:50:02.182686+00:00
170bbfa6-fd37-46b2-b2fd-69aa7c6d86f4,Javatron Dream Machines,Jazz Chord,2025,,,catalog:javatron-dream-machines--jazz-chord,unverified,,2026-09-04T18:50:02.182686+00:00
a13cf2cb-6577-4635-aa07-9cd8e3ecdb9b,Javatron Dream Machines,Joe Series,2025,,,catalog:javatron-dream-machines--joe-series,unverified,,2026-09-04T18:50:02.182686+00:00
128c6a0a-b774-49f7-9f38-dcfa9a8acfc8,Javatron Dream Machines,Mocha Latte,2025,,,catalog:javatron-dream-machines--mocha-latte,unverified,,2026-09-04T18:50:02.182686+00:00
fd9b6772-2bb6-4eb7-9909-d8212e47defb,Javatron Dream Machines,Note Bender,2026,,,catalog:javatron-dream-machines--note-bender,unverified,,2026-09-04T18:50:02.182686+00:00
befc5193-2add-4bae-a6c4-1125fa016c99,Javatron Dream Machines,Sumatra,2025,,,catalog:javatron-dream-machines--sumatra,unverified,,2026-09-04T18:50:02.182686+00:00
fe86a5b3-3e17-4396-840c-143f452240e4,Javatron Dream Machines,The Dolce,2025,,,catalog:javatron-dream-machines--the-dolce,unverified,,2026-09-04T18:50:02.182686+00:00
3a4d4f98-13b0-4d77-9c4e-d2b36620b7af,Jones,Airheart,2018,,,catalog:jones--airheart,unverified,,2026-09-02T23:05:13.572077+00:00
d0d65aa8-c1e0-47d4-8d1b-b349adb7eaff,Jones,Airheart 2.0,2023,,,catalog:jones--airheart-2-0,unverified,,2026-09-04T18:50:01.737729+00:00
aa3e5e2b-fa29-4ec9-83c3-528c1622bda1,Jones,Aviator,2014,,,catalog:jones--aviator,verified,,2026-09-02T23:05:13.572077+00:00
042ce227-0e6a-464b-abfe-1b64637bddd4,Jones,Aviator 2.0,2022,,,catalog:jones--aviator-2-0,unverified,,2026-09-04T18:50:01.737729+00:00
e4651b9d-4e18-49b4-8c81-8c5dea8d7052,Jones,Carbon Flagship,2013,,,catalog:jones--carbon-flagship,unverified,,2026-09-02T23:05:13.572077+00:00
80af30b8-f9e7-4fe1-93f4-cbdb4e003f58,Jones,Carbon Solution,2013,,,catalog:jones--carbon-solution,unverified,,2026-09-04T18:50:01.737729+00:00
9b0b8048-2140-4bae-bc44-957cf7fc1d88,Jones,Discovery,2015,,,catalog:jones--discovery,unverified,,2026-09-04T18:50:01.737729+00:00
5cd3ba10-a532-42f6-aefc-813860062e26,Jones,Dream Catcher,2018,,,catalog:jones--dream-catcher,unverified,,2026-09-04T18:50:01.737729+00:00
964de020-8291-40d8-97e3-ffa6c98e6dfb,Jones,Dream Weaver,2023,,,catalog:jones--dream-weaver,unverified,,2026-09-04T18:50:01.737729+00:00
dab98707-1992-4499-b949-0c6ee7f89c35,Jones,Dream Weaver 2.0,2026,,,catalog:jones--dream-weaver-2-0,unverified,,2026-09-04T18:50:01.737729+00:00
b15,Jones,Explorer,2021,,,,verified,,2026-03-13T00:16:16.048193+00:00
b16,Jones,Flagship,2020,,,seed:linestry-research-2026-06,verified,,2026-03-13T00:16:16.048193+00:00
787bb3ef-49b0-4eca-87c0-2cec8d9be42a,Jones,Flagship Pro,2025,,,catalog:jones--flagship-pro,verified,,2026-09-02T23:05:13.572077+00:00
f4f2ef56-eef4-4ad8-909d-93af29b78aa8,Jones,Freecarver 6000s,2024,,,catalog:jones--freecarver-6000s,unverified,,2026-09-04T18:50:01.737729+00:00
6c00c1ac-0b23-4eac-a52c-88ac866b2f07,Jones,Freecarver 9000s,2024,,,catalog:jones--freecarver-9000s,unverified,,2026-09-04T18:50:01.737729+00:00
7ab11450-b3f6-47aa-96ff-d8cd01089fb8,Jones,Frontier,2020,,,seed:linestry-research-2026-06,verified,,2026-06-19T05:24:20.410856+00:00
4c9a868b-d71c-4b70-89f8-2a48540ec41b,Jones,Frontier 2.0,2026,,,catalog:jones--frontier-2-0,unverified,,2026-09-04T18:50:01.737729+00:00
b398a585-788a-4777-91fb-6a558b02e813,Jones,Harry Kearney Signature Series Stratos,2026,,,catalog:jones--harry-kearney-signature-series-stratos,unverified,,2026-09-04T18:50:01.737729+00:00
76a50e90-3a80-456a-8b94-5eb2b0fcde28,Jones,Hovercraft,2011,,,seed:linestry-research-2026-06,verified,,2026-06-19T05:24:20.410856+00:00
adffa5f0-4132-46e0-9afb-a68aa2904939,Jones,Hovercraft 2.0,2024,,,catalog:jones--hovercraft-2-0,unverified,,2026-09-04T18:50:01.737729+00:00
c896390c-9872-4544-b090-5f4efc154dd2,Jones,Hovercraft 2.0 Far East Limited,2027,,,catalog:jones--hovercraft-2-0-far-east-limited,unverified,,2026-09-04T18:50:01.737729+00:00
475bdba0-f5c3-4601-96c1-754dbba42f63,Jones,Hovercraft Split 2.0,2024,,,catalog:jones--hovercraft-split-2-0,unverified,,2026-09-04T18:50:01.737729+00:00
d08b705c-16f1-4e87-8ba1-eda73eea2b72,Jones,Howler,2026,,,catalog:jones--howler,unverified,,2026-09-04T18:50:01.737729+00:00
c34192e8-3bd5-4ac3-8fb3-3b9ba254ce05,Jones,Junior Mountain Twin,2026,,,catalog:jones--junior-mountain-twin,unverified,,2026-09-04T18:50:01.737729+00:00
1b567494-59a7-4f9b-bca9-d08a50b197ca,Jones,Junior Twin Sister,2026,,,catalog:jones--junior-twin-sister,unverified,,2026-09-04T18:50:01.737729+00:00
edf75886-2e44-4355-ad21-b55ed3c9764c,Jones,Kids Happy Mountain,2026,,,catalog:jones--kids-happy-mountain,unverified,,2026-09-04T18:50:01.737729+00:00
be6f0ccb-84f9-42c5-9715-c7d6145a6f73,Jones,Lone Wolf,2018,,,catalog:jones--lone-wolf,unverified,,2026-09-04T18:50:01.737729+00:00
235162eb-1a80-4d24-b9d2-04ea3d94975c,Jones,Men's Stratos Ltd Far East Limited,2027,,,catalog:jones--mens-stratos-ltd-far-east-limited,unverified,,2026-09-04T18:50:01.737729+00:00
e35d39d1-9e60-4bb9-9a5b-3bd08395f06d,Jones,Men's Tweaker 2.0,2027,,,catalog:jones--mens-tweaker-2-0,unverified,,2026-09-04T18:50:01.737729+00:00
fb4efb14-70d3-4cdd-af21-21be5a087865,Jones,Men's Tweaker Pro 2.0,2027,,,catalog:jones--mens-tweaker-pro-2-0,unverified,,2026-09-04T18:50:01.737729+00:00
262dfcc6-87f1-4b32-9666-81015d6176ba,Jones,Mind Expander,2018,,,catalog:jones--mind-expander,verified,,2026-09-02T23:05:13.572077+00:00
54fa6a6c-9d33-4a57-b8c8-bcc5ac4581de,Jones,Mind Expander 2.0,2027,,,catalog:jones--mind-expander-2-0,unverified,,2026-09-04T18:50:01.737729+00:00
338fe0f4-be5f-4583-88d6-03a4367929cf,Jones,Mind Expander Twin,2021,,,catalog:jones--mind-expander-twin,unverified,,2026-09-02T23:05:13.572077+00:00
11d7c945-9b3f-4a78-8782-cb7685e7f063,Jones,Mini Mind Expander,2019,,,catalog:jones--mini-mind-expander,unverified,,2026-09-04T18:50:01.737729+00:00
3bd08321-e507-41e7-88ba-21cfd60bf3d0,Jones,Mothership,2013,,,catalog:jones--mothership,unverified,,2026-09-04T18:50:01.737729+00:00
4d82979c-687e-4719-98f5-05452a0695e6,Jones,Mountain Snowskate,2021,,,catalog:jones--mountain-snowskate,unverified,,2026-09-04T18:50:01.737729+00:00
9a70b3e9-aa7e-4d2b-ba6c-21032029f872,Jones,Mountain Surfer,2016,,,catalog:jones--mountain-surfer,unverified,,2026-09-04T18:50:01.737729+00:00
47bdcd4b-0882-4330-b2fe-475640015e43,Jones,Mountain Twin,2013,,,seed:linestry-research-2026-06,verified,,2026-06-19T05:24:20.410856+00:00
cba45cc4-6df7-4853-a1de-5abe58d811e8,Jones,Mountain Twin Pro,2025,,,catalog:jones--mountain-twin-pro,unverified,,2026-09-04T18:50:01.737729+00:00
c44e6765-0b23-4fc5-a215-8bc449ad86c8,Jones,Powder Surfer,2015,,,catalog:jones--powder-surfer,unverified,,2026-09-04T18:50:01.737729+00:00
46834126-29cd-4f3b-a6d3-b939be7734c5,Jones,Prodigy,2017,,,catalog:jones--prodigy,unverified,,2026-09-04T18:50:01.737729+00:00
a229717b-113b-4af1-9cf2-079a20175388,Jones,Project X,2017,,,catalog:jones--project-x,unverified,,2026-09-04T18:50:01.737729+00:00
59e8627e-0d11-4c04-9678-c7a27d8f1b76,Jones,Rally Cat,2025,,,catalog:jones--rally-cat,verified,,2026-09-02T23:05:13.572077+00:00
697c612e-b034-4dde-82a9-165a3b649229,Jones,Ruiki Masuda Signature Series Stratos,2026,,,catalog:jones--ruiki-masuda-signature-series-stratos,unverified,,2026-09-04T18:50:01.737729+00:00
63540c26-3242-40ad-8279-2541a180f6e6,Jones,Solution,2010,,,seed:linestry-research-2026-06,verified,,2026-06-19T05:24:20.410856+00:00
24c80add-d8e9-44c0-8f09-79d90c212cb5,Jones,Storm Chaser,2016,,,catalog:jones--storm-chaser,verified,,2026-09-02T23:05:13.572077+00:00
f179e953-91ab-4bb7-8551-39f55a326a32,Jones,Storm Wolf,2022,,,catalog:jones--storm-wolf,unverified,,2026-09-04T18:50:01.737729+00:00
acc12b77-1305-44cd-a7d6-8095a8f36ea5,Jones,Stratos,2020,,,seed:linestry-research-2026-06,verified,,2026-06-19T05:24:20.410856+00:00
98e9ed1b-9ae1-4c8c-9650-c880de4102ce,Jones,Tweaker,2023,,,catalog:jones--tweaker,verified,,2026-09-02T23:05:13.572077+00:00
51c06983-0dd8-4cba-8995-ddd91a248328,Jones,Tweaker Pro,2025,,,catalog:jones--tweaker-pro,unverified,,2026-09-04T18:50:01.737729+00:00
cdeaf853-b25f-4b6d-89f5-1d7bdadbf9a5,Jones,Twin Sister,2013,,,catalog:jones--twin-sister,unverified,,2026-09-04T18:50:01.737729+00:00
b44d127c-2f56-4d4b-b38a-27a3512bcc9c,Jones,TwinCraft,2027,,,catalog:jones--twincraft,unverified,,2026-09-04T18:50:01.737729+00:00
baea2565-3c22-4b9c-bd11-72318fc940c9,Jones,Ultra Aviator,2015,,,catalog:jones--ultra-aviator,unverified,,2026-09-04T18:50:01.737729+00:00
696a37b5-e49f-4963-ab6f-41203ed126df,Jones,Ultra Mind Expander,2020,,,catalog:jones--ultra-mind-expander,unverified,,2026-09-04T18:50:01.737729+00:00
9cc12cc4-f45c-4e48-8e02-b7e4d9c5f601,Jones,Ultra Mountain Twin,2016,,,catalog:jones--ultra-mountain-twin,unverified,,2026-09-02T23:05:13.572077+00:00
6e4c624b-503a-458d-86f6-ef2c5c4e88d9,Jones,Ultra Prodigy,2023,,,catalog:jones--ultra-prodigy,unverified,,2026-09-04T18:50:01.737729+00:00
3252f405-d681-4db2-b825-d0f18ed4ebac,Jones,Ultra Solution,2021,,,catalog:jones--ultra-solution,unverified,,2026-09-04T18:50:01.737729+00:00
4ca1759c-9bc3-4582-bcd1-bdeb4c67629f,Jones,Ultra Stratos Split,2023,,,catalog:jones--ultra-stratos-split,unverified,,2026-09-04T18:50:01.737729+00:00
a0e4541d-a94e-412e-aa4d-9102696b5d4b,Jones,Ultracraft,2014,,,catalog:jones--ultracraft,unverified,,2026-09-02T23:05:13.572077+00:00
daf335bf-9d92-49f3-ac3b-2d50e7b0e595,Jones,Ultralight Butterfly Split,2024,,,catalog:jones--ultralight-butterfly-split,unverified,,2026-09-04T18:50:01.737729+00:00
5d885edb-4097-4849-8a73-c4a6ca5a64e7,Jones,Ultralight Hovercraft 2.0 Splitboard,2027,,,catalog:jones--ultralight-hovercraft-2-0-splitboard,unverified,,2026-09-04T18:50:01.737729+00:00
b0c6be9a-d33a-4c5c-a3d9-82d8baec8a16,Jones,Ultralight Hovercraft Split 2.0,2024,,,catalog:jones--ultralight-hovercraft-split-2-0,unverified,,2026-09-04T18:50:01.737729+00:00
0da72016-949e-4567-a463-03b90b4c4cbb,Jones,Ultralight Project X,2024,,,catalog:jones--ultralight-project-x,unverified,,2026-09-04T18:50:01.737729+00:00
679aff3c-99c7-42e0-a5bd-327a0ac6fff2,Jones,Ultralight Solution,2024,,,catalog:jones--ultralight-solution,unverified,,2026-09-04T18:50:01.737729+00:00
d58d101a-8d61-4baf-b62b-504c059b1c98,Jones,Ultralight Stratos Split,2024,,,catalog:jones--ultralight-stratos-split,unverified,,2026-09-04T18:50:01.737729+00:00
b6a708e4-80e0-490c-9699-da72113de42b,Joyride,BBC,2000,,,catalog:joyride--bbc,unverified,,2026-09-02T23:05:13.572077+00:00
448c55c1-abc9-49fb-97bd-fcc078cd921c,Joyride,Danny Way X Joyride Guest Model,2026,,,catalog:joyride--danny-way-x-joyride-guest-model,unverified,,2026-09-04T18:50:01.737729+00:00
c4d10fb3-628c-4403-8f04-a83d0536ff57,Joyride,Dr. Suess,1992,,,catalog:joyride--dr-suess,verified,,2026-09-02T23:05:13.572077+00:00
6f7b9fd6-0459-4886-ab29-a013b243fb2f,Joyride,Eldorado,1992,,,catalog:joyride--eldorado,verified,,2026-09-02T23:05:13.572077+00:00
dab71500-8b40-4ac7-aac6-5b3c169bd307,Joyride,Extreme Freestyle,2026,,,catalog:joyride--extreme-freestyle,unverified,,2026-09-04T18:50:01.737729+00:00
aafdac85-2154-4c3e-8988-37f2377c1d36,Joyride,Factory Series,1996,,,catalog:joyride--factory-series,verified,,2026-09-02T23:05:13.572077+00:00
8cd6cfed-2319-4a6b-bacd-9305a8c9d03b,Joyride,Filbert Nixon,1993,,,catalog:joyride--filbert-nixon,verified,,2026-09-02T23:05:13.572077+00:00
74dfd053-8857-4737-a8a3-1638c1c1076e,Joyride,Fuego,1993,,,catalog:joyride--fuego,verified,,2026-09-02T23:05:13.572077+00:00
54cec20e-1f8a-4ed1-9bc4-f5f3c3be617c,Joyride,Grom,2000,,,catalog:joyride--grom,unverified,,2026-09-02T23:05:13.572077+00:00
1f9ce603-42f5-4684-a199-908b06778ec9,Joyride,Grom Force,2000,,,catalog:joyride--grom-force,unverified,,2026-09-02T23:05:13.572077+00:00
8e1583ba-a2fa-48a2-a907-95f3f560b553,Joyride,Jonny B,1992,,,catalog:joyride--jonny-b,verified,,2026-09-02T23:05:13.572077+00:00
816a775b-a5f8-4387-9587-8c415f64f869,Joyride,Limited Noir,2026,,,catalog:joyride--limited-noir,unverified,,2026-09-04T18:50:01.737729+00:00
14fa0b39-ad8a-4e23-9b40-1146e8e7997e,Joyride,Limited Slingshot,2026,,,catalog:joyride--limited-slingshot,unverified,,2026-09-04T18:50:01.737729+00:00
acba9a4e-1160-4b2d-84b8-27393db75b2e,Joyride,Lite Collection,1998,,,catalog:joyride--lite-collection,verified,,2026-09-02T23:05:13.572077+00:00
631d0da2-5d35-4e68-95ae-e9c21552a31a,Joyride,Premium Directional,1998,,,catalog:joyride--premium-directional,verified,,2026-09-02T23:05:13.572077+00:00
e0860d13-75ea-4cc3-907b-f5a49ba371a9,Joyride,Premium Twin,1998,,,catalog:joyride--premium-twin,verified,,2026-09-02T23:05:13.572077+00:00
4000b5f7-2818-41d2-9b36-a37f5b570d1e,Joyride,Signature Series,1998,,,catalog:joyride--signature-series,verified,,2026-09-02T23:05:13.572077+00:00
9a1aec2b-6f11-45c8-badf-21d926c23f4f,Joyride,Statera,2026,,,catalog:joyride--statera,unverified,,2026-09-04T18:50:01.737729+00:00
c77dbcf4-c45f-4bac-afbd-3e7fa549ec78,Joyride,The Eldorado,2026,,,catalog:joyride--the-eldorado,unverified,,2026-09-04T18:50:01.737729+00:00
e35ee104-a572-43e3-8f94-2dc1c8c2c4bb,Joyride,The Flower Pot,2026,,,catalog:joyride--the-flower-pot,unverified,,2026-09-04T18:50:01.737729+00:00
d69cff72-81f2-488e-ae40-1b47d7945aab,K2,A-Star,2000,,,catalog:k2--a-star,verified,,2026-09-02T23:05:13.572077+00:00
48d4c1e9-9102-4a7b-83d3-9688ff90a0e4,K2,Access,2004,,,catalog:k2--access,unverified,,2026-09-02T23:05:13.572077+00:00
19651673-9570-4e3e-b1ed-c1356c57a244,K2,Afterblack,2027,,,catalog:k2--afterblack,unverified,,2026-09-02T23:05:13.572077+00:00
9ae22269-0205-4455-a7e2-e1f366d830eb,K2,Alchemist,2023,,,catalog:k2--alchemist,verified,,2026-09-02T23:05:13.572077+00:00
ed991beb-42d4-431b-a116-0430a3a7b7bc,K2,Almanac,2025,,,catalog:k2--almanac,verified,,2026-09-02T23:05:13.572077+00:00
d8edb815-b64d-4f5d-b5da-39ad844dfe59,K2,Ambush,2004,,,catalog:k2--ambush,unverified,,2026-09-02T23:05:13.572077+00:00
06b2ddc3-3dae-4978-8255-5c5902df6cb4,K2,Antidote,2024,,,seed:linestry-research-2026-06,verified,,2026-06-19T05:24:20.410856+00:00
6b4d66ad-5300-4a21-8097-81d67d626b23,K2,Bottle Rocket,2017,,,catalog:k2--bottle-rocket,unverified,,2026-09-02T23:05:13.572077+00:00
f7dc3b85-3d82-4731-a8cd-3dcedd6f933c,K2,Broadcast,2019,,,seed:linestry-research-2026-06,verified,,2026-06-19T05:24:20.410856+00:00
172070af-d3e6-43ec-90ba-5782b7988f53,K2,Chloro Women's Snowboard 2026,2026,,,catalog:k2--chloro-womens-snowboard-2026,unverified,,2026-09-04T18:50:01.737729+00:00
2c115929-b26a-4ed2-8ea3-286a37ae4760,K2,Comet,2000,,,catalog:k2--comet,unverified,,2026-09-02T23:05:13.572077+00:00
3202de18-ad12-43e0-be36-f0c56ade2c1c,K2,Commonwealth,2026,,,catalog:k2--commonwealth,unverified,,2026-09-02T23:05:13.572077+00:00
f423e63c-fd80-4f86-8dee-43f46fb07753,K2,Cool Bean,2016,,,catalog:k2--cool-bean,unverified,,2026-09-02T23:05:13.572077+00:00
b3e7366c-1da1-4751-af5e-c8a64584522b,K2,Courier Men's Snowboard 2026,2026,,,catalog:k2--courier-mens-snowboard-2026,unverified,,2026-09-04T18:50:01.737729+00:00
88056593-00f7-417d-9cc3-9d686bb1d5e8,K2,Dan Donnelly XTC,1988,,,catalog:k2--dan-donnelly-xtc,verified,,2026-09-02T23:05:13.572077+00:00
82e34dda-36d5-4a18-afd3-f493225cc960,K2,Darkstar,2001,,,catalog:k2--darkstar,unverified,,2026-09-02T23:05:13.572077+00:00
cf19fe99-b96f-495d-adac-027d2fb53a5a,K2,Dart,1998,,,catalog:k2--dart,unverified,,2026-09-02T23:05:13.572077+00:00
757c82a5-21f1-4d53-b7fd-16dae318367a,K2,DC,1993,,,catalog:k2--dc,unverified,,2026-09-02T23:05:13.572077+00:00
7d4bd820-3b9d-4bcc-829d-ef2b990a19ef,K2,Disciple,2004,,,catalog:k2--disciple,unverified,,2026-09-02T23:05:13.572077+00:00
b918a9a0-7d76-42bd-998c-7dcf20d7cd6c,K2,Double Wide,1998,,,catalog:k2--double-wide,verified,,2026-09-02T23:05:13.572077+00:00
fdc49d18-00cd-4b14-adcd-81e2a3f110c7,K2,Dreamsicle,2021,,,catalog:k2--dreamsicle,verified,,2026-09-02T23:05:13.572077+00:00
aea66733-3245-4b03-a58a-33cffc96e8fd,K2,Duchess,2007,,,catalog:k2--duchess,unverified,,2026-09-02T23:05:13.572077+00:00
dca34c8d-7f0c-4f2b-b7b9-c5df1c2e2999,K2,Eldorado,1994,,,catalog:k2--eldorado,verified,,2026-09-02T23:05:13.572077+00:00
c05600ec-a770-4738-8124-9d433835f7fb,K2,Electra,2000,,,catalog:k2--electra,verified,,2026-09-02T23:05:13.572077+00:00
4c5ac125-89b6-43f2-ab8a-6d7539c23e2d,K2,Embassy,2025,,,catalog:k2--embassy,unverified,,2026-09-02T23:05:13.572077+00:00
a691cab1-a7f3-4071-9834-dcc166bb2c2f,K2,Excavator,2023,,,catalog:k2--excavator,verified,,2026-09-02T23:05:13.572077+00:00
3549b532-4987-4fb0-b1e1-515b76f00ce6,K2,Extravision Women's Snowboard 2026,2026,,,catalog:k2--extravision-womens-snowboard-2026,unverified,,2026-09-04T18:50:01.737729+00:00
6162c90e-cc39-4cbc-9dd0-a7c5a83f06c2,K2,Farmer,1993,,,catalog:k2--farmer,verified,,2026-09-02T23:05:13.572077+00:00
c2d09325-1505-4506-85d0-6c8442719f6f,K2,Fat Bob Adam Merriman,1994,,,https://retrosnow.com/shop/k2/94-k2/k2-fat-bob-adam-merriman-155/,verified,,2026-09-04T20:38:46.266408+00:00
64a00979-b6b9-4eb6-9f0c-b7ae2ede92d5,K2,Fatbob,1994,,,catalog:k2--fatbob,verified,,2026-09-02T23:05:13.572077+00:00
9a1242c7-97d3-4f5d-acba-d3f4a616a17b,K2,Fuse,2001,,,catalog:k2--fuse,unverified,,2026-09-02T23:05:13.572077+00:00
13f6fc98-4920-424b-b3b6-820c1af83f7b,K2,Futura,2000,,,catalog:k2--futura,verified,,2026-09-02T23:05:13.572077+00:00
24efdb52-896b-4f4b-bf06-2ab97cba8c1c,K2,G-Force,1990,,,catalog:k2--g-force,verified,,2026-09-02T23:05:13.572077+00:00
33ad6092-5c81-403f-9c03-d006c4e430f9,K2,Gamma,2004,,,catalog:k2--gamma,unverified,,2026-09-02T23:05:13.572077+00:00
466a0d45-e428-455a-8395-54d4fa78857e,K2,Gateway Men's Snowboard 2026,2026,,,catalog:k2--gateway-mens-snowboard-2026,unverified,,2026-09-04T18:50:01.737729+00:00
4f01096a-eb89-4c1c-bdb1-c0953f4bf3c7,K2,Gateway Pop,2025,,,catalog:k2--gateway-pop,unverified,,2026-09-02T23:05:13.572077+00:00
3d53f105-da70-41c2-86a8-a2cff70b6df6,K2,Ginsu,1998,,,catalog:k2--ginsu,unverified,,2026-09-02T23:05:13.572077+00:00
4fd9db14-e106-476f-b010-e2328190be8e,K2,Gyrator,1988,,,seed:linestry-research-2026-06,verified,,2026-06-19T05:24:20.410856+00:00
4250739a-c8f1-414c-8892-ac0701c2696e,K2,Happy Hour,2012,,,catalog:k2--happy-hour,unverified,,2026-09-02T23:05:13.572077+00:00
3ea01df8-dc83-4430-aaee-9ed95045b96e,K2,HC,1992,,,catalog:k2--hc,verified,,2026-09-02T23:05:13.572077+00:00
545181fb-4011-4e43-94e6-3a29f6106497,K2,HP,1990,,,catalog:k2--hp,verified,,2026-09-02T23:05:13.572077+00:00
658194a2-ac17-46ef-8c64-374842b48b82,K2,Hypnotist,2025,,,catalog:k2--hypnotist,unverified,,2026-09-02T23:05:13.572077+00:00
24b5d054-8408-441f-995b-6cf18658a638,K2,Illusion,2007,,,catalog:k2--illusion,unverified,,2026-09-02T23:05:13.572077+00:00
958e1cf8-37cf-41f1-b9b3-a44e6001a546,K2,Instinct,2004,,,catalog:k2--instinct,unverified,,2026-09-02T23:05:13.572077+00:00
f9d9d669-d8e7-4695-a0ca-638ebfef753a,K2,Instrument,2023,,,catalog:k2--instrument,verified,,2026-09-02T23:05:13.572077+00:00
9765629a-1e69-4273-8c80-d7b111705ec0,K2,Isolator Unisex Splitboard 2026,2026,,,catalog:k2--isolator-unisex-splitboard-2026,unverified,,2026-09-04T18:50:01.737729+00:00
fc02a6a4-07b4-457f-93b3-2c67dca20177,K2,Joy Driver,2020,,,catalog:k2--joy-driver,unverified,,2026-09-02T23:05:13.572077+00:00
f3028291-033a-4230-9f62-e217259f4670,K2,Juju,1993,,,catalog:k2--juju,verified,,2026-09-02T23:05:13.572077+00:00
54e546a6-4c3d-40fd-9bd3-79436a81b109,K2,K2000 ATSB Snowboard 2026,2026,,,catalog:k2--k2000-atsb-snowboard-2026,unverified,,2026-09-04T18:50:01.737729+00:00
74ee0838-ff66-44bd-bcc5-d6ec0b35637a,K2,Kandi,2004,,,catalog:k2--kandi,unverified,,2026-09-02T23:05:13.572077+00:00
0ca51620-1809-473f-8007-606f2fb84d3a,K2,Legend,2007,,,catalog:k2--legend,unverified,,2026-09-02T23:05:13.572077+00:00
863aaa87-5984-4fe7-aa67-e8b3e1da5996,K2,Lil Kat Youth Snowboard 2026,2026,,,catalog:k2--lil-kat-youth-snowboard-2026,unverified,,2026-09-04T18:50:01.888127+00:00
6691ec41-f530-4bb2-a82b-14be7b70763a,K2,Lil Mini Youth Snowboard 2026,2026,,,catalog:k2--lil-mini-youth-snowboard-2026,unverified,,2026-09-04T18:50:01.888127+00:00
6f7c2404-7e86-4045-910b-af56ba688b73,K2,Lime Lite,2013,,,catalog:k2--lime-lite,verified,,2026-09-02T23:05:13.572077+00:00
0bf695c0-6b58-48b6-9bdd-fe4616c7fce2,K2,Luna,1999,,,catalog:k2--luna,verified,,2026-09-02T23:05:13.572077+00:00
bac26e81-3a34-4540-b288-d0654d30c29d,K2,Manifest,2019,,,seed:linestry-research-2026-06,verified,,2026-06-19T05:24:20.410856+00:00
0dd3c946-3a7b-4fe0-b0b2-f0da4e808d62,K2,Markus,1998,,,catalog:k2--markus,unverified,,2026-09-02T23:05:13.572077+00:00
f47505ee-4cc7-451b-a1e8-befaa676f6f8,K2,Medium,2021,,,catalog:k2--medium,verified,,2026-09-02T23:05:13.572077+00:00
319d14b2-ca92-43f8-879b-1be02e173308,K2,Metropolitan Women's Snowboard 2026,2026,,,catalog:k2--metropolitan-womens-snowboard-2026,unverified,,2026-09-04T18:50:01.888127+00:00
8824e861-4e2d-4d4f-acb4-ac7ba8c8f72e,K2,Mighty Eldo,2001,,,catalog:k2--mighty-eldo,unverified,,2026-09-02T23:05:13.572077+00:00
a39bb328-9ca4-4278-a23d-9f94ab9e9bf8,K2,Mini Zeppelin,2000,,,catalog:k2--mini-zeppelin,unverified,,2026-09-02T23:05:13.572077+00:00
5ffaede0-d378-457f-9fcf-6c1ccb4bd17d,K2,Mix,2002,,,catalog:k2--mix,unverified,,2026-09-02T23:05:13.572077+00:00
013f8913-cc23-49b7-9f69-7b43e71a6d02,K2,Moment,2007,,,catalog:k2--moment,unverified,,2026-09-02T23:05:13.572077+00:00
0c5101f7-57e6-4d3b-b541-931411da6bdd,K2,Morgan LaFonte,1997,,,catalog:k2--morgan-lafonte,verified,,2026-09-02T23:05:13.572077+00:00
fb86dd84-f65d-4789-a928-28377f7a4595,K2,Nemesis,2004,,,catalog:k2--nemesis,unverified,,2026-09-02T23:05:13.572077+00:00
e58b42be-714f-4340-9f6b-6d1e638330dc,K2,Overboard,2020,,,catalog:k2--overboard,unverified,,2026-09-02T23:05:13.572077+00:00
6b074a38-f9eb-4a89-9d7d-dd64a32dd5c5,K2,Parkstar,2011,,,catalog:k2--parkstar,unverified,,2026-09-02T23:05:13.572077+00:00
b23,K2,Party Platter,2020,,,,verified,,2026-03-13T00:16:16.048193+00:00
1623d7a9-0af5-4c3b-9816-4bb2bce2cbf4,K2,Passport,2023,,,catalog:k2--passport,verified,,2026-09-02T23:05:13.572077+00:00
b22,K2,Raygun,2018,,,seed:linestry-research-2026-06,verified,,2026-03-13T00:16:16.048193+00:00
bcaf5723-f0a3-4c7e-bac1-47251a0ae7b0,K2,Recon,2002,,,catalog:k2--recon,unverified,,2026-09-02T23:05:13.572077+00:00
a38db6ce-96ab-4032-8a8f-bff7e7c6af15,K2,Satellite,2001,,,catalog:k2--satellite,unverified,,2026-09-02T23:05:13.572077+00:00
4df5b6e2-d6ca-4853-9a53-e0a83ea6ea92,K2,Savard,1998,,,catalog:k2--savard,unverified,,2026-09-02T23:05:13.572077+00:00
d4946432-5ca5-41e7-a432-49c3e8756fcf,K2,Scorp,2002,,,catalog:k2--scorp,unverified,,2026-09-02T23:05:13.572077+00:00
c38507eb-5d5a-4423-a221-e1978c2e2b83,K2,Select,2007,,,catalog:k2--select,unverified,,2026-09-02T23:05:13.572077+00:00
a6696fa5-f353-45c6-87d8-9044b2cf1ab2,K2,Simple Pleasures,2020,,,catalog:k2--simple-pleasures,unverified,,2026-09-02T23:05:13.572077+00:00
8c083b7f-04bb-45e9-8cab-9b574a21eef1,K2,Sky Pilot,2026,,,catalog:k2--sky-pilot,verified,,2026-09-02T23:05:13.572077+00:00
f10caf77-3f87-433b-b0e8-609466eea891,K2,Skylla,2004,,,catalog:k2--skylla,unverified,,2026-09-02T23:05:13.572077+00:00
5c8340de-3b1f-44a5-adb2-bce7f6aa5090,K2,Slayblade,2010,,,catalog:k2--slayblade,unverified,,2026-09-02T23:05:13.572077+00:00
8c50fe93-57ec-45f2-846d-9cdfefee84cb,K2,Special Effects Unisex Snowboard 2026,2026,,,catalog:k2--special-effects-unisex-snowboard-2026,unverified,,2026-09-04T18:50:01.888127+00:00
1d0787e4-4388-4edc-a3a2-17d693a7af55,K2,Spellcaster Women's Snowboard 2026,2026,,,catalog:k2--spellcaster-womens-snowboard-2026,unverified,,2026-09-04T18:50:01.888127+00:00
5b9218cb-a612-43ce-94f8-ceb2cb0ce2b1,K2,Spitfire,2000,,,catalog:k2--spitfire,verified,,2026-09-02T23:05:13.572077+00:00
9d80182b-f2a1-4d9e-9bc7-9176717a1fc3,K2,Standard,2016,,,catalog:k2--standard,unverified,,2026-09-02T23:05:13.572077+00:00
cf45481b-6c98-4d73-b169-528211ed4309,K2,Stealth Eldo,2000,,,catalog:k2--stealth-eldo,unverified,,2026-09-02T23:05:13.572077+00:00
9768b5aa-f057-4937-bc3b-a4a11c267c5f,K2,Stinger,2000,,,catalog:k2--stinger,verified,,2026-09-02T23:05:13.572077+00:00
62dd8c26-089c-435a-bc00-ab2f48eaa8e9,K2,Streamer,2000,,,catalog:k2--streamer,unverified,,2026-09-02T23:05:13.572077+00:00
782df7b8-4b49-44bb-9fe4-86c7fdb599eb,K2,Swinger,1998,,,catalog:k2--swinger,unverified,,2026-09-02T23:05:13.572077+00:00
3637d686-8138-4f6e-a6cd-f0c72edcaa7c,K2,Synergy,2000,,,catalog:k2--synergy,unverified,,2026-09-02T23:05:13.572077+00:00
d4dfe532-20a2-42e6-8157-9cef5ef94441,K2,Temptation,2002,,,catalog:k2--temptation,unverified,,2026-09-02T23:05:13.572077+00:00
f0e189c5-bf10-4135-aee4-61d56c442a18,K2,Titan,2007,,,catalog:k2--titan,unverified,,2026-09-02T23:05:13.572077+00:00
9b72457f-1059-4a4e-8c64-aa3bba58641e,K2,Transit,2001,,,catalog:k2--transit,unverified,,2026-09-02T23:05:13.572077+00:00
ee3a9284-7a86-4762-a7ae-1a7d2b69934e,K2,Tree Splitter Unisex Snowboard 2026,2026,,,catalog:k2--tree-splitter-unisex-snowboard-2026,unverified,,2026-09-04T18:50:01.888127+00:00
89101180-d9af-4dd5-9185-9dcd74c2f6f8,K2,Trucker,2000,,,catalog:k2--trucker,verified,,2026-09-02T23:05:13.572077+00:00
5c40064f-bad4-4bfe-81c2-7399f32ebb8c,K2,Turbo Dream,2010,,,catalog:k2--turbo-dream,unverified,,2026-09-02T23:05:13.572077+00:00
bb2af84d-cf92-47ff-93a0-78a083558e51,K2,TX,1991,,,catalog:k2--tx,unverified,,2026-09-02T23:05:13.572077+00:00
cbad2e3f-904e-4639-86a1-e95c407ef67d,K2,Ultima,2000,,,catalog:k2--ultima,verified,,2026-09-02T23:05:13.572077+00:00
12b2b75f-1177-4aaf-9ba3-dcdd904068ac,K2,Union,2004,,,catalog:k2--union,unverified,,2026-09-02T23:05:13.572077+00:00
51743a18-1ec8-44ed-bdfd-19c6f0cc8660,K2,Valhalla,2000,,,catalog:k2--valhalla,verified,,2026-09-02T23:05:13.572077+00:00
c1c1a33a-da1e-450e-944a-3abb7b12ecfb,K2,Vandal Youth Snowboard 2026,2026,,,catalog:k2--vandal-youth-snowboard-2026,unverified,,2026-09-04T18:50:01.888127+00:00
ce2fd749-946b-4e24-a3be-52fdabf063d6,K2,Wisdom,2001,,,catalog:k2--wisdom,unverified,,2026-09-02T23:05:13.572077+00:00
3f7de28a-ecc8-4b1a-adb4-6f3514dd85b5,K2,Wish,2000,,,catalog:k2--wish,unverified,,2026-09-02T23:05:13.572077+00:00
1e2a530f-ba09-4fb6-96f9-2d0da618d71f,K2,World Peace Men's Snowboard 2026,2026,,,catalog:k2--world-peace-mens-snowboard-2026,unverified,,2026-09-04T18:50:01.888127+00:00
0b304b6b-3204-4b06-8fe4-fb4e905ba4df,K2,WWW,2004,,,catalog:k2--www,verified,,2026-09-02T23:05:13.572077+00:00
04f95553-1404-4f6c-8bf2-530f1a0ac8bf,K2,X Brain Dead Passport Snowboard 2025,2025,,,catalog:k2--x-brain-dead-passport-snowboard-2025,unverified,,2026-09-04T18:50:01.888127+00:00
a29d9556-6265-4cee-bbbb-6767b7aebebe,K2,XRS,1991,,,catalog:k2--xrs,unverified,,2026-09-02T23:05:13.572077+00:00
07b49d99-3735-4696-8642-19c5188e53a6,K2,XS,1990,,,catalog:k2--xs,unverified,,2026-09-02T23:05:13.572077+00:00
9ceb5c0f-746b-4da8-b0c6-68f1d8a036de,K2,Xtc Dan Donnelly,1992,,,https://retrosnow.com/shop/k2/libtech-92-k2/k2-xtc-dan-donnelly/,verified,,2026-09-04T20:38:46.266408+00:00
dfdb70bd-874b-42d3-be63-ec30af7b9e40,K2,Zeppelin,1998,,,catalog:k2--zeppelin,verified,,2026-09-02T23:05:13.572077+00:00
ac8f13ef-7006-42da-834c-a780da2e63cd,Kemper Snowboards,Aggressor,1988,,,catalog:kemper--aggressor,verified,,2026-09-02T23:05:13.572077+00:00
fa929727-68aa-4e4b-8de0-fb9db7b9b01c,Kemper Snowboards,Apex,1991,,,catalog:kemper--apex,verified,,2026-09-02T23:05:13.572077+00:00
55b05331-66e3-4cb4-b045-5ec75c651624,Kemper Snowboards,Fantom,1992,,,catalog:kemper--fantom,unverified,,2026-09-02T23:05:13.572077+00:00
b4b4767a-14f6-49ff-8f13-6107a6010dbd,Kemper Snowboards,Flight,1988,,,catalog:kemper--flight,verified,,2026-09-02T23:05:13.572077+00:00
a01b2fb7-9705-4bb6-afa7-89c8d101a38a,Kemper Snowboards,Freestyle,1987,,,catalog:kemper--freestyle,verified,,2026-09-02T23:05:13.572077+00:00
ab9b0719-7a2f-4066-b2f9-d10d7c4d0c25,Kemper Snowboards,Halfpipe,1990,,,catalog:kemper--halfpipe,unverified,,2026-09-02T23:05:13.572077+00:00
dcd71bed-4e4c-4cf6-848c-f4b964c4afab,Kemper Snowboards,Intruder,1993,,,catalog:kemper--intruder,unverified,,2026-09-02T23:05:13.572077+00:00
23771cb1-46ba-42fc-92a2-f7a1b83dfe94,Kemper Snowboards,Little Titans,2000,,,catalog:kemper--little-titans,unverified,,2026-09-02T23:05:13.572077+00:00
99090502-1b23-46ee-ab8f-4ea5d81020c1,Kemper Snowboards,Magna,2000,,,catalog:kemper--magna,unverified,,2026-09-02T23:05:13.572077+00:00
1ac88b66-96ec-4c8a-9365-eca2f09330e0,Kemper Snowboards,Race T 80,1989,,,catalog:kemper--race-t-80,unverified,,2026-09-02T23:05:13.572077+00:00
39ba0004-97e7-41ef-8699-a166f6d17f90,Kemper Snowboards,Rampage,1988,,,catalog:kemper--rampage,verified,,2026-09-02T23:05:13.572077+00:00
0596553c-8c44-45ef-a1d6-316648c3ec46,Kemper Snowboards,Screamer,1991,,,catalog:kemper--screamer,verified,,2026-09-02T23:05:13.572077+00:00
459bcf65-fbc0-4056-a974-ce239fce70b2,Kemper Snowboards,Supreme,2000,,,catalog:kemper--supreme,unverified,,2026-09-02T23:05:13.572077+00:00
7624c3d9-4908-4bb1-8d9a-55f8e0aeb674,Kemper Snowboards,Twin Tip,1990,,,catalog:kemper--twin-tip,unverified,,2026-09-02T23:05:13.572077+00:00
70492a59-2937-42a9-ac0d-5c486fa8e0ca,Kessler,Air-Carve,2025,,,catalog:kessler--air-carve,unverified,,2026-09-04T18:50:01.888127+00:00
8c7ae104-ae34-42b7-954c-dba9b2601a11,Kessler,Contour,2024,,,catalog:kessler--contour,unverified,,2026-09-04T18:50:01.888127+00:00
fdbfd7d6-81ec-4409-843e-632d14c782f4,Kessler,The Alpine,2020,,,catalog:kessler--the-alpine,unverified,,2026-09-04T18:50:01.888127+00:00
93db9218-add4-44c5-9d72-11baf7bf78ae,Kessler,The Alpine Worldcup,2022,,,catalog:kessler--the-alpine-worldcup,unverified,,2026-09-04T18:50:01.888127+00:00
84231600-7c82-4c23-b744-e689aac4daa1,Kessler,The Cross,2020,,,catalog:kessler--the-cross,unverified,,2026-09-04T18:50:01.888127+00:00
00cd722c-3b35-4916-aa40-961339b88c96,Kessler,The Cross Light,2021,,,catalog:kessler--the-cross-light,unverified,,2026-09-04T18:50:01.888127+00:00
dd81dfe3-2a7d-4f65-a6ee-8afd1d7dd2ed,Kessler,X-Carve,2021,,,catalog:kessler--x-carve,unverified,,2026-09-04T18:50:01.888127+00:00
4cd1f83b-d0be-49dd-a75c-becec960ffde,Korua,Bullet Train Plus,2026,,,catalog:korua-shapes--bullet-train-plus,unverified,,2026-09-04T18:50:01.888127+00:00
e7cfb454-0cdd-48f0-880c-4f221b722b52,Korua,Cafe Racer,2020,,,seed:linestry-research-2026-06,verified,,2026-06-19T05:24:20.410856+00:00
d315afb2-3b94-45d2-ae38-ad4d192f2307,Korua,Café Racer Plus,2026,,,catalog:korua-shapes--cafe-racer-plus,unverified,,2026-09-04T18:50:01.888127+00:00
452fd83d-f81b-4f49-9f63-30f097203d98,Korua,Dart,2019,,,seed:linestry-research-2026-06,verified,,2026-06-19T05:24:20.410856+00:00
c53f787e-3e60-461a-83f8-aa85f179f24c,Korua,Dart Plus,2026,,,catalog:korua-shapes--dart-plus,unverified,,2026-09-04T18:50:01.888127+00:00
b9e2a9f4-fa9e-4919-96f7-681bda9daa65,Korua,Elevator Split,2026,,,catalog:korua-shapes--elevator-split,unverified,,2026-09-04T18:50:01.888127+00:00
6adcfb33-5199-4708-8cdc-3ec01ee231cc,Korua,Otto,2018,,,seed:linestry-research-2026-06,verified,,2026-06-19T05:24:20.410856+00:00
932d17bc-3ec2-484d-b621-6d01bd47eaff,Korua,Otto Plus,2026,,,catalog:korua-shapes--otto-plus,unverified,,2026-09-04T18:50:01.888127+00:00
f6e5d4e5-8fa1-42ee-a593-ffa17d14ebfe,Korua,Pencil,2018,,,seed:linestry-research-2026-06,verified,,2026-06-19T05:24:20.410856+00:00
791cfdd1-c18e-4369-833b-03a0164c7e73,Korua,Pencil Plus,2026,,,catalog:korua-shapes--pencil-plus,unverified,,2026-09-04T18:50:01.888127+00:00
758a4fa1-ceaf-46d1-aa20-28bc532df356,Korua,Quill Split,2026,,,catalog:korua-shapes--quill-split,unverified,,2026-09-04T18:50:01.888127+00:00
ffa39eb6-4d86-4eda-9cb1-6e13a4d878c1,Korua,Stealth,2018,,,catalog:korua-shapes--stealth,unverified,,2026-09-02T23:05:13.572077+00:00
e3efb42f-bf35-4fc9-9a7e-fc35ba9f8bb3,Korua,Transition Finder,2018,,,catalog:korua-shapes--transition-finder,verified,,2026-09-02T23:05:13.572077+00:00
736b9e6d-057b-4fbb-9df1-8d692938fa42,Korua,Transition Finder Plus,2026,,,catalog:korua-shapes--transition-finder-plus,unverified,,2026-09-04T18:50:01.888127+00:00
21383be4-f5fa-4b03-9072-44afc3a1136b,Korua,Tugboat,2014,,,seed:linestry-research-2026-06,verified,,2026-06-19T05:24:20.410856+00:00
4f9f675e-9de8-448c-8314-72199eb0d2ec,Korua,Überegg,2026,,,catalog:korua-shapes--uberegg,unverified,,2026-09-04T18:50:01.888127+00:00
3069e731-0a7c-439d-b601-b0562331adeb,Lamar,Bert Lamar,1993,,,catalog:lamar--bert-lamar,unverified,,2026-09-02T23:05:13.572077+00:00
708a7246-213e-4f51-9170-b53698db723b,Lamar,Don Szabo,1992,,,https://retrosnow.com/shop/lamar/92-lamar/lamar-don-szabo/,verified,,2026-09-04T20:38:46.266408+00:00
fa95a300-490b-4ff1-ad75-689a29ed30d7,Lamar,Freedom Light,1992,,,catalog:lamar--freedom-light,unverified,,2026-09-02T23:05:13.572077+00:00
17ed07d2-51c0-469b-916f-db6bfb464f79,Lamar,Hetzel Light,2000,,,catalog:lamar--hetzel-light,verified,,2026-09-02T23:05:13.572077+00:00
9ed8ef7d-b33b-4818-9721-7bc0af4f73bc,Lamar,Jussi Oksanen,2000,,,catalog:lamar--jussi-oksanen,unverified,,2026-09-02T23:05:13.572077+00:00
7c855d28-bff4-4c8b-b3f7-5cee48b92a1b,Lamar,Merlot,2000,,,catalog:lamar--merlot,unverified,,2026-09-02T23:05:13.572077+00:00
fe79c798-503a-4043-b648-7e0432cbd8b3,Lamar,Metalix,2000,,,catalog:lamar--metalix,unverified,,2026-09-02T23:05:13.572077+00:00
d54fd7f5-26b3-4703-a411-e8d1bdf586ac,Lamar,Ranquet,1993,,,catalog:lamar--ranquet,verified,,2026-09-02T23:05:13.572077+00:00
780579b5-c725-4a9f-b0de-89308c4334ce,Lamar,Ranquet Castle,1993,,,https://retrosnow.com/shop/lamar/93-lamar/lamar-ranquet-castle/,verified,,2026-09-04T20:38:46.266408+00:00
e4de6625-2646-46d5-8f85-83684a2c2aa0,Lamar,Scout Ltd.,2000,,,catalog:lamar--scout-ltd,unverified,,2026-09-02T23:05:13.572077+00:00
e0547a23-1071-4432-9dcb-3522e42ac404,Lamar,Szabo,1992,,,catalog:lamar--szabo,verified,,2026-09-02T23:05:13.572077+00:00
ee695f1b-5ca9-46fc-baa8-b86afb911a8e,Lamar,Tahoe,2000,,,catalog:lamar--tahoe,unverified,,2026-09-02T23:05:13.572077+00:00
5f62e22f-2cb8-40ac-b64a-dc5f4d06c4b0,Lamar,Team,1993,,,catalog:lamar--team,unverified,,2026-09-02T23:05:13.572077+00:00
2446c660-66ac-4986-878f-6a80d41881ab,Lib Tech,Acme,1998,,,catalog:lib-tech--acme,verified,,2026-09-02T23:05:13.572077+00:00
c1e92abc-49b0-4aa7-817c-ac06cc19957f,Lib Tech,Apex Orca,2023,,,catalog:lib-tech--apex-orca,verified,,2026-09-02T23:05:13.572077+00:00
7c8a261e-8da1-49f4-83ef-c5312b04842c,Lib Tech,Attack Banana,2012,,,catalog:lib-tech--attack-banana,unverified,,2026-09-02T23:05:13.572077+00:00
3a9ffc83-04f1-494c-b2ff-9991ed49086e,Lib Tech,Banana Blaster,2027,,,catalog:lib-tech--banana-blaster,verified,,2026-09-02T23:05:13.572077+00:00
094c50a6-44dc-460a-80f7-1f8e17b06f1f,Lib Tech,Banana Hammock,2008,,,catalog:lib-tech--banana-hammock,verified,,2026-09-02T23:05:13.572077+00:00
3d4cf362-d6d8-48b3-8dfe-e27a30481b29,Lib Tech,Banana Magic,2010,,,catalog:lib-tech--banana-magic,unverified,,2026-09-02T23:05:13.572077+00:00
788cb2d0-3e19-4b99-a2a8-610021dd3028,Lib Tech,Birdman,2012,,,catalog:lib-tech--birdman,unverified,,2026-09-02T23:05:13.572077+00:00
51aafd5f-a816-4266-862f-b86deec78231,Lib Tech,Box Scratcher,2008,,,seed:linestry-research-2026-06,verified,,2026-06-19T05:24:20.410856+00:00
9203eeac-0727-49e1-a2f0-0e0ab0099b35,Lib Tech,Buddha,1996,,,catalog:lib-tech--buddha,verified,,2026-09-02T23:05:13.572077+00:00
696a5e1a-d488-489a-af67-479298c03360,Lib Tech,Cold Brew,2025,,,seed:linestry-research-2026-06,verified,,2026-06-19T05:24:20.410856+00:00
4d7ee339-0572-45e2-82a2-7b9c1e03b161,Lib Tech,Cortado,2027,,,catalog:lib-tech--cortado,unverified,,2026-09-02T23:05:13.572077+00:00
608d6214-fd6e-4b4d-babf-25907c64a384,Lib Tech,Cygnus BM,2025,,,catalog:lib-tech--cygnus-bm,unverified,,2026-09-04T18:50:01.888127+00:00
ec863654-cd6b-4457-87b0-9f1b1d5b3ae9,Lib Tech,Cygnus X1,2007,,,catalog:lib-tech--cygnus-x1,verified,,2026-09-02T23:05:13.572077+00:00
7ace7878-6be1-4db2-9bef-8183da886e1c,Lib Tech,Dark Series,2004,,,catalog:lib-tech--dark-series,verified,,2026-09-02T23:05:13.572077+00:00
a1591001-e2f0-4d64-b53d-c765a7a64230,Lib Tech,Dave Lee,1998,,,catalog:lib-tech--dave-lee,verified,,2026-09-02T23:05:13.572077+00:00
23d4bb2d-ad4f-4ab4-ae8f-ecccf27a13db,Lib Tech,DIY,2008,,,catalog:lib-tech--diy,verified,,2026-09-02T23:05:13.572077+00:00
79efbf8b-7b72-4d81-a4fd-8879611cc81c,Lib Tech,Doughboy,1998,,,catalog:lib-tech--doughboy,verified,,2026-09-02T23:05:13.572077+00:00
6d13a77b-f44a-4c41-841c-db441a9e6514,Lib Tech,Doughboy 185 - 2627,2027,,,catalog:lib-tech--doughboy-185-2627,unverified,,2026-09-04T18:50:01.888127+00:00
board_1781818685125_g78xz,Lib Tech,Doughboy Shredder,1991,,,,unverified,0394914d-6ffd-4a18-aa1f-1aafee7ce53a,2026-06-18T21:38:05.556032+00:00
4d76f556-f3a6-45bc-aa11-a83798b7f3ba,Lib Tech,dPr,2025,,,catalog:lib-tech--dpr,verified,,2026-09-02T23:05:13.572077+00:00
5e89a6c0-b547-49f6-8dd6-e70ded50bc66,Lib Tech,dPr S,2026,,,catalog:lib-tech--dpr-s,unverified,,2026-09-04T18:50:01.888127+00:00
9df2ed0c-671b-44bb-a314-6240ba2c9529,Lib Tech,Dynamiss,2027,,,catalog:lib-tech--dynamiss,unverified,,2026-09-02T23:05:13.572077+00:00
6c039e97-0c62-415c-9054-08fc38fc5f20,Lib Tech,Dynamo,2026,,,catalog:lib-tech--dynamo,verified,,2026-09-02T23:05:13.572077+00:00
a721f11b-8536-4296-a74a-3296a6082834,Lib Tech,DynaSword,2026,,,catalog:lib-tech--dynasword,unverified,,2026-09-04T18:50:01.888127+00:00
2c31346f-025e-42ad-aa7a-c2d1e694ebfa,Lib Tech,EJack Knife,2026,,,catalog:lib-tech--ejack-knife,verified,,2026-09-02T23:05:13.572077+00:00
board_1781818739676_h45vp,Lib Tech,Emma Peel,1991,,,,unverified,0394914d-6ffd-4a18-aa1f-1aafee7ce53a,2026-06-18T21:39:00.450265+00:00
board_1772833958120_hx3ek,Lib Tech,Emma Peel,1995,,,,unverified,0394914d-6ffd-4a18-aa1f-1aafee7ce53a,2026-03-06T21:52:38.402028+00:00
board_1772834066604_dfh8o,Lib Tech,Emmagator,1996,,,,unverified,0394914d-6ffd-4a18-aa1f-1aafee7ce53a,2026-03-06T21:54:27.230868+00:00
b4252854-4172-437a-a190-b848bfce0d96,Lib Tech,Escalator Split,2027,,,catalog:lib-tech--escalator-split,unverified,,2026-09-02T23:05:13.572077+00:00
ec312a53-e0bc-4bcb-9a44-348f1122178f,Lib Tech,Glider,2027,,,catalog:lib-tech--glider,unverified,,2026-09-02T23:05:13.572077+00:00
ead4c424-a018-4b8f-906e-e5e7fd9c7b85,Lib Tech,Golden Orca - 2627,2027,,,catalog:lib-tech--golden-orca-2627,unverified,,2026-09-04T18:50:01.888127+00:00
board_1781818718916_c1e2p,Lib Tech,Grocer,1991,,,,unverified,0394914d-6ffd-4a18-aa1f-1aafee7ce53a,2026-06-18T21:38:39.440093+00:00
53f3731b-d678-4949-8786-a39997e38d8b,Lib Tech,Grocer Shalom,1995,,,catalog:lib-tech--grocer-shalom,verified,,2026-09-02T22:45:50.738206+00:00
board_1781818863509_4u2lx,Lib Tech,Innercourse Asymmetrical,1991,,,,unverified,0394914d-6ffd-4a18-aa1f-1aafee7ce53a,2026-06-18T21:41:04.043127+00:00
board_1781819028297_3ctg4,Lib Tech,Jamie Lynn,1994,,,,unverified,0394914d-6ffd-4a18-aa1f-1aafee7ce53a,2026-06-18T21:43:48.827599+00:00
eab526bd-551b-4a9f-9705-d72b29cb2426,Lib Tech,Jamie Lynn Octopus,1994,,,https://retrosnow.com/shop/lib-tech/libtech-94/lib-tech-jamie-lynn-octopus/,verified,,2026-09-04T20:38:46.266408+00:00
52f20daf-6812-4d1a-8777-375b0eaa0703,Lib Tech,Jamie Lynn Whale,1995,,,https://retrosnow.com/shop/lib-tech/libtech-95/lib-tech-jamie-lynn-whale/,verified,,2026-09-04T20:38:46.266408+00:00
624311a5-09b6-4e65-bf5b-71a49ca9b61b,Lib Tech,Joey,2002,,,catalog:lib-tech--joey,unverified,,2026-09-02T23:05:13.572077+00:00
dbd61a34-f1a1-4459-bc49-4a94e1b48182,Lib Tech,La Nina MC,2012,,,catalog:lib-tech--la-nina-mc,unverified,,2026-09-02T23:05:13.572077+00:00
dad7cc79-7fbd-421d-be2b-fb8ec8c2e728,Lib Tech,Lando,2009,,,catalog:lib-tech--lando,unverified,,2026-09-02T23:05:13.572077+00:00
eeb95cdb-b770-4a16-bd52-8d20942e276b,Lib Tech,Legitimizer,2027,,,catalog:lib-tech--legitimizer,verified,,2026-09-02T23:05:13.572077+00:00
fcd26a47-ccd4-4bd7-a2db-879e99343796,Lib Tech,Lib Rig,2027,,,catalog:lib-tech--lib-rig,verified,,2026-09-02T23:05:13.572077+00:00
d2841e47-6bd8-421c-853e-8812a4bc9e25,Lib Tech,Lib Ripper,2011,,,catalog:lib-tech--lib-ripper,unverified,,2026-09-02T23:05:13.572077+00:00
board_1781822252681_37fh6,Lib Tech,Litigator,2000,,,,unverified,0394914d-6ffd-4a18-aa1f-1aafee7ce53a,2026-06-18T22:37:33.205272+00:00
board_1773697967869_3hrbq,Lib Tech,Lost Rocket,2020,,,,unverified,0394914d-6ffd-4a18-aa1f-1aafee7ce53a,2026-03-16T21:52:49.180263+00:00
d2b5ddd2-6c0f-4a54-afcb-033a41cc3b26,Lib Tech,Matt Cummins,1992,,,catalog:lib-tech--matt-cummins,verified,,2026-09-02T23:05:13.572077+00:00
d32e5c51-5e82-4803-a737-48ed67dbe563,Lib Tech,Matt Cummins Pool Skater,1995,,,https://retrosnow.com/shop/lib-tech/libtech-95/lib-tech-matt-cummins-pool-skater/,verified,,2026-09-04T20:38:46.266408+00:00
faf847b5-9786-4b62-988d-26b332d98aa8,Lib Tech,Mayhem LibZilla,2027,,,catalog:lib-tech--mayhem-libzilla,unverified,,2026-09-04T18:50:01.888127+00:00
aca53c18-88eb-489b-b1b5-4cda3659a8c0,Lib Tech,Mayhem Rad Ripper,2026,,,catalog:lib-tech--mayhem-rad-ripper,unverified,,2026-09-04T18:50:01.888127+00:00
6786092e-e52f-47ed-b45c-350a6b2040db,Lib Tech,Mayhem Ripper,2027,,,catalog:lib-tech--mayhem-ripper,verified,,2026-09-02T23:05:13.572077+00:00
c408be22-1748-4118-b788-b728865a3186,Lib Tech,Mayhem Rocket,2026,,,catalog:lib-tech--mayhem-rocket,verified,,2026-09-02T23:05:13.572077+00:00
9e58be50-73f1-40a7-90bc-d614000eadbe,Lib Tech,Mayhem Sweetfish,2027,,,catalog:lib-tech--mayhem-sweetfish,verified,,2026-09-02T23:05:13.572077+00:00
board_1772833907186_sdat4,Lib Tech,MC,1993,,,,unverified,0394914d-6ffd-4a18-aa1f-1aafee7ce53a,2026-03-06T21:51:47.390127+00:00
board_1781818815912_mt7oy,Lib Tech,MC Bus,1991,,,,unverified,0394914d-6ffd-4a18-aa1f-1aafee7ce53a,2026-06-18T21:40:16.397527+00:00
aebcf28c-9a21-439b-88bf-ceceb5f77484,Lib Tech,Mc Cat Matt Cummins,1993,,,https://retrosnow.com/shop/lib-tech/libtech-93/lib-tech-mc-cat-matt-cummins/,verified,,2026-09-04T20:38:46.266408+00:00
30cd3018-08ad-4739-a252-b7739764a672,Lib Tech,MC Kink,2008,,,catalog:lib-tech--mc-kink,unverified,,2026-09-02T23:05:13.572077+00:00
14226fe1-33ed-4c74-9f8f-17ba4e88324a,Lib Tech,Mc Rad Rick,1993,,,https://retrosnow.com/shop/lib-tech/libtech-93/lib-tech-mc-rad-rick/,verified,,2026-09-04T20:38:46.266408+00:00
047d19c3-6571-41a6-bfaa-85ee64835cd9,Lib Tech,Mc Tree,1992,,,https://retrosnow.com/shop/lib-tech/libtech-92/lib-tech-mc-tree/,verified,,2026-09-04T20:38:46.266408+00:00
20330f7a-284b-41c5-a671-51d2176702bc,Lib Tech,MC Wayfinder III,2026,,,catalog:lib-tech--mc-wayfinder-iii,unverified,,2026-09-04T18:50:01.888127+00:00
d97f4b36-e92f-4ccf-8caf-4a073fac5b5b,Lib Tech,Mini Ramp,2026,,,catalog:lib-tech--mini-ramp,unverified,,2026-09-04T18:50:01.888127+00:00
b11d9b08-fc81-4627-8ab3-0dc84b87fa2e,Lib Tech,Off Ramp,2027,,,catalog:lib-tech--off-ramp,verified,,2026-09-02T23:05:13.572077+00:00
b10,Lib Tech,Orca,2021,,,seed:linestry-research-2026-06,verified,,2026-03-13T00:16:16.048193+00:00
2bd327fc-a020-45ed-9754-f3844ea05ff2,Lib Tech,Orca II,2027,,,catalog:lib-tech--orca-ii,verified,,2026-09-02T23:05:13.572077+00:00
dd4e9443-7d8c-48bb-9de9-290e5c3c72e2,Lib Tech,Orca II Techno Split - 2627,2027,,,catalog:lib-tech--orca-ii-techno-split-2627,unverified,,2026-09-04T18:50:01.888127+00:00
a1c747f7-b7a8-45fb-94bd-ca915319ff4c,Lib Tech,Pacifier,2004,,,catalog:lib-tech--pacifier,unverified,,2026-09-02T23:05:13.572077+00:00
7446cd39-2244-4d3a-84e8-80f97fe85d4d,Lib Tech,Phoenix,2004,,,catalog:lib-tech--phoenix,verified,,2026-09-02T23:05:13.572077+00:00
43b284cd-88aa-4564-92ce-3e8324dd6845,Lib Tech,Phoenix Mark Landvik,2009,,,catalog:lib-tech--phoenix-mark-landvik,unverified,,2026-09-02T23:05:13.572077+00:00
41e23fd6-c30b-431c-a130-c5c695790e04,Lib Tech,Rice Rocket,1998,,,catalog:lib-tech--rice-rocket,verified,,2026-09-02T23:05:13.572077+00:00
8cad9dd3-7186-42e1-b6ca-9064d1329c6b,Lib Tech,Scotty Wittlake,2004,,,catalog:lib-tech--scotty-wittlake,unverified,,2026-09-02T23:05:13.572077+00:00
b8,Lib Tech,Skate Banana,2017,,,seed:linestry-research-2026-06,verified,,2026-03-13T00:16:16.048193+00:00
a6d58380-4c91-42fa-85b9-50ce5b52837f,Lib Tech,Skunk Ape,2008,,,catalog:lib-tech--skunk-ape,verified,,2026-09-02T23:05:13.572077+00:00
691e96a7-52ab-4651-8411-3a884081e32d,Lib Tech,Skunk Ape Twin,2027,,,catalog:lib-tech--skunk-ape-twin,unverified,,2026-09-04T18:50:01.888127+00:00
8486fee9-21ad-428b-a5a6-8dc31c0cdd8c,Lib Tech,Snow Mullet,2007,,,catalog:lib-tech--snow-mullet,verified,,2026-09-02T23:05:13.572077+00:00
9761ce3e-cdd8-48c3-ac91-189f0f1204a4,Lib Tech,Son Of Birdman,2026,,,catalog:lib-tech--son-of-birdman,unverified,,2026-09-04T18:50:01.888127+00:00
00681a06-07e4-49ec-8906-4b8821c2b18d,Lib Tech,T.Rice Orca,2026,,,catalog:lib-tech--t-rice-orca,unverified,,2026-09-04T18:50:01.888127+00:00
3fe645a7-5e96-4e3e-8cef-80808c90eecd,Lib Tech,T.Rice Orca II - 2627,2027,,,catalog:lib-tech--t-rice-orca-ii-2627,unverified,,2026-09-04T18:50:01.888127+00:00
69cfcfb0-a7d3-4736-bb36-cee6f5d8a3a5,Lib Tech,T.Rice Pro,2005,,,seed:linestry-research-2026-06,verified,,2026-06-19T05:24:20.410856+00:00
87586389-33e2-45f5-991b-81631be76cf4,Lib Tech,Terrain Wrecker,2026,,,catalog:lib-tech--terrain-wrecker,verified,,2026-09-02T23:05:13.572077+00:00
c6c9b55a-0600-49a9-b283-e7ef65c43e35,Lib Tech,Theda,2026,,,catalog:lib-tech--theda,unverified,,2026-09-04T18:50:01.888127+00:00
852a08b0-cd6d-4c5f-869a-9b9dd18adab3,Lib Tech,Travis Rice Horsepower,2011,,,catalog:lib-tech--travis-rice-horsepower,unverified,,2026-09-02T23:05:13.572077+00:00
d848e7ee-2cc0-44d8-b3fc-7734cdadd3ee,Lib Tech,Travis Rice Pro Split,2012,,,catalog:lib-tech--travis-rice-pro-split,unverified,,2026-09-02T23:05:13.572077+00:00
b9,Lib Tech,TRS,2020,,,,verified,,2026-03-13T00:16:16.048193+00:00
ec102bd5-efdc-4f92-8e14-eee9a248236d,Lib Tech,Two Time,2027,,,catalog:lib-tech--two-time,unverified,,2026-09-02T23:05:13.572077+00:00
8ede15bd-6bd1-4d7f-b17e-b7737c293371,Lib Tech,Way Finder,2024,,,catalog:lib-tech--way-finder,verified,,2026-09-02T23:05:13.572077+00:00
dac2459d-50e1-4c36-8202-17cd8fff0090,Lib Tech,Youth In Asia,2007,,,catalog:lib-tech--youth-in-asia,verified,,2026-09-02T23:05:13.572077+00:00
cc2ca16f-c7ee-438e-a25d-7cdb77fda340,Lobster,Cream,2022,,,catalog:lobster--cream,unverified,,2026-09-02T23:05:13.572077+00:00
fca462b2-9264-4e15-b974-87330b67b45c,Lobster,Eiki Pro,2021,,,catalog:lobster--eiki-pro,verified,,2026-09-02T23:05:13.572077+00:00
af9847be-9b7c-447f-9c1e-6c397cf4ed4e,Lobster,Freestyle,2015,,,catalog:lobster--freestyle,unverified,,2026-09-02T23:05:13.572077+00:00
9502ba32-cf75-4fda-9fce-dcd82a0b1cf7,Lobster,Halldor Pro,2019,,,catalog:lobster--halldor-pro,verified,,2026-09-02T23:05:13.572077+00:00
9e6c6b9d-eedb-4e07-95f8-4e7b62c7f41a,Lobster,Sender,2022,,,catalog:lobster--sender,unverified,,2026-09-02T23:05:13.572077+00:00
08742e15-a363-469b-a4e0-803557037b91,Lobster,Shifter,2022,,,catalog:lobster--shifter,verified,,2026-09-02T23:05:13.572077+00:00
bdd23532-e8d6-49a0-a2eb-71c0ff5beaf4,Lobster,Stomper,2020,,,catalog:lobster--stomper,verified,,2026-09-02T23:05:13.572077+00:00
a22513c7-47b2-4071-ab37-ff3c3744f7e5,Look,Bumpstick,1991,,,catalog:look--bumpstick,verified,,2026-09-02T23:05:13.572077+00:00
49d30298-a56e-4d7c-a03a-1010f014d437,Look,Grinder,1991,,,catalog:look--grinder,unverified,,2026-09-02T23:05:13.572077+00:00
7a1b9b44-15b4-4e73-87f9-847e568f8ffb,Look,Lamar Freestyle,1988,,,catalog:look--lamar-freestyle,verified,,2026-09-02T23:05:13.572077+00:00
2517a186-b9af-4ca8-b568-e3835e1a22cd,Look,Overspeed,1991,,,catalog:look--overspeed,verified,,2026-09-02T23:05:13.572077+00:00
ee559c3e-3b44-4b18-97c7-f9d9950f12b1,Look,Trick Stick,1988,,,catalog:look--trick-stick,verified,,2026-09-02T23:05:13.572077+00:00
d833bd30-b08d-499c-9070-0f66dc2eeb9d,LTB,CALM,2026,,,catalog:ltb--calm,unverified,,2026-09-04T18:50:02.182686+00:00
74e7ad26-b7aa-45c9-bc3e-5d7218601a1b,LTB,CLASSIC,2026,,,catalog:ltb--classic,unverified,,2026-09-04T18:50:02.182686+00:00
6715fced-d044-4a26-b0b0-e7dc54726dc6,LTB,CLASSIC LONG,2026,,,catalog:ltb--classic-long,unverified,,2026-09-04T18:50:02.182686+00:00
fbbc727f-f5e9-4a67-bbad-116398e2c812,LTB,CRAVE,2026,,,catalog:ltb--crave,unverified,,2026-09-04T18:50:02.182686+00:00
f4f95b44-b16b-4cd5-ad45-ba87fd9a5858,LTB,CRUDE,2026,,,catalog:ltb--crude,unverified,,2026-09-04T18:50:02.182686+00:00
0a29e2f7-251e-4a7f-bdd6-9d0793e053cc,LTB,CRUDE KRAK split,2022,,,catalog:ltb--crude-krak-split,unverified,,2026-09-04T18:50:02.182686+00:00
47e32afb-95bc-4916-a098-4751dae8fcd9,LTB,CUTTER BLACK,2026,,,catalog:ltb--cutter-black,unverified,,2026-09-04T18:50:02.182686+00:00
16fd0c8c-5e60-4469-9935-57c08d86178f,LTB,CUTTER MATTERHORN,2026,,,catalog:ltb--cutter-matterhorn,unverified,,2026-09-04T18:50:02.182686+00:00
4431cf9d-c828-4ad4-b1ce-b06bdb078322,LTB,CUTTER STOCKHORN,2026,,,catalog:ltb--cutter-stockhorn,unverified,,2026-09-04T18:50:02.182686+00:00
965973e7-44fb-4ce4-94c6-7dcb2f1080c4,LTB,DECENT,2026,,,catalog:ltb--decent,unverified,,2026-09-04T18:50:02.182686+00:00
7a8f418f-66af-4adb-aed0-9a09ff9488fa,LTB,DECENT BLACK,2026,,,catalog:ltb--decent-black,unverified,,2026-09-04T18:50:02.182686+00:00
65da035b-fdf3-4ec5-bc44-e6587e3f6886,LTB,DREAM,2026,,,catalog:ltb--dream,unverified,,2026-09-04T18:50:02.182686+00:00
63605200-7ae7-449d-8efa-a0b03095a097,LTB,EELS BLACK,2026,,,catalog:ltb--eels-black,unverified,,2026-09-04T18:50:02.182686+00:00
d7b710a9-5cf9-4b9a-9577-75556b2ef6ce,LTB,EELS WHITE PR,2026,,,catalog:ltb--eels-white-pr,unverified,,2026-09-04T18:50:02.182686+00:00
7db188bf-fd2a-43a6-923c-a1c09b8cb4e3,LTB,EELS WMN,2026,,,catalog:ltb--eels-wmn,unverified,,2026-09-04T18:50:02.182686+00:00
3a69dc98-baf1-4ff2-bcd6-0bc5c2b8377d,LTB,KING CLASSIC,2026,,,catalog:ltb--king-classic,unverified,,2026-09-04T18:50:02.182686+00:00
5cf46232-68ea-46f2-8993-ff74080fe6f1,LTB,LIFE,2026,,,catalog:ltb--life,unverified,,2026-09-04T18:50:02.182686+00:00
9f150c46-0441-41bc-b873-a6d5d1b80958,LTB,P TEAM WOOD,2026,,,catalog:ltb--p-team-wood,unverified,,2026-09-04T18:50:02.182686+00:00
bde8715e-9ba6-4907-8de4-153bea91bb40,LTB,PTEAM split,2026,,,catalog:ltb--pteam-split,unverified,,2026-09-04T18:50:02.182686+00:00
9aaf0001-caa3-4067-a8dc-69a269304b9b,LTB,PTEAM WOOD split,2026,,,catalog:ltb--pteam-wood-split,unverified,,2026-09-04T18:50:02.182686+00:00
67017bc7-3b49-48a7-b482-bfb40f959982,LTB,R-CUTTER,2026,,,catalog:ltb--r-cutter,unverified,,2026-09-04T18:50:02.182686+00:00
bf8f9df0-22bc-4788-aa8f-70d6b4cdcf36,LTB,R-P TEAM,2026,,,catalog:ltb--r-p-team,unverified,,2026-09-04T18:50:02.182686+00:00
92af1d84-217e-435c-b8f9-1e7d604b03ac,LTB,R-Vinyl,2026,,,catalog:ltb--r-vinyl,unverified,,2026-09-04T18:50:02.182686+00:00
0bfc69d7-8d52-43c9-be58-0a0228884745,LTB,RUBEZAHL,2026,,,catalog:ltb--rubezahl,unverified,,2026-09-04T18:50:02.182686+00:00
bf15be6c-d1a1-4f5f-8f80-85f23d297167,LTB,SISA WMN´S,2026,,,catalog:ltb--sisa-wmn-s,unverified,,2026-09-04T18:50:02.182686+00:00
256edcaa-7c4b-4a8b-94c3-a5a8cc160028,LTB,SUPREME,2026,,,catalog:ltb--supreme,unverified,,2026-09-04T18:50:02.182686+00:00
94ee1c1c-5cda-49fa-b8b1-602bcc6d06bb,LTB,SUPREME LONG,2026,,,catalog:ltb--supreme-long,unverified,,2026-09-04T18:50:02.182686+00:00
59585619-7aa3-4cca-8197-d155bfc9e1f6,LTB,SURGE,2026,,,catalog:ltb--surge,unverified,,2026-09-04T18:50:02.182686+00:00
45866583-af94-4e04-8dfa-d8945aa2c638,LTB,SWALLOW 143,2026,,,catalog:ltb--swallow-143,unverified,,2026-09-04T18:50:02.182686+00:00
4a39b86c-9051-441b-a2f4-c2a062bf8dac,LTB,VINYL,2026,,,catalog:ltb--vinyl,unverified,,2026-09-04T18:50:02.182686+00:00
66c1f924-677b-44f0-bbe7-1379bba2e78c,Luxury,Grand Tricks,1994,,,https://retrosnow.com/shop/luxury/94-luxury/luxury-grand-tricks/,verified,,2026-09-04T20:38:46.266408+00:00
ab618270-87ed-4d68-a295-408beadefc54,Luxury,Pipe,1994,,,https://retrosnow.com/shop/luxury/94-luxury/luxury-pipe-150/,verified,,2026-09-04T20:38:46.266408+00:00
b43e3334-0c43-4a8b-a3f5-c377e3db31f7,Luxury,Shin Campos,1995,,,https://retrosnow.com/shop/luxury/95-luxury/luxury-shin-campos/,verified,,2026-09-04T20:38:46.266408+00:00
667482a6-5a70-4e41-9cea-8bed6d6414ab,Mistral,Aztec,1990,,,catalog:mistral--aztec,unverified,,2026-09-02T23:05:13.572077+00:00
5adc21dd-464c-4488-9051-42c6de5f3030,Mistral,Cherokee,1990,,,catalog:mistral--cherokee,verified,,2026-09-02T23:05:13.572077+00:00
203a69a1-9c0b-4eb8-95cb-e9f3cadaf61c,Mistral,Ecstasy,1991,,,catalog:mistral--ecstasy,verified,,2026-09-02T23:05:13.572077+00:00
e33a7553-18fa-4d11-837b-6ba40ddcb737,Mistral,Emotion,1991,,,catalog:mistral--emotion,unverified,,2026-09-02T23:05:13.572077+00:00
69d9614d-31c7-424a-b62b-cf560dd0f64d,Mistral,Energy,1991,,,catalog:mistral--energy,verified,,2026-09-02T23:05:13.572077+00:00
33d3dc1f-f47a-4354-a39a-6ec5c55409d1,Mistral,Escape,1991,,,catalog:mistral--escape,verified,,2026-09-02T23:05:13.572077+00:00
b4737973-288a-4396-834a-8f24817b199f,Mistral,Freestyle George Pappas,1991,,,https://retrosnow.com/shop/mistral/91-mistral/mistral-freestyle-george-pappas/,verified,,2026-09-04T20:38:46.266408+00:00
6ea1f2dc-5ce3-441d-bb5d-2dee5923263a,Mistral,George Pappas Freestyle,1991,,,catalog:mistral--george-pappas-freestyle,unverified,,2026-09-02T23:05:13.572077+00:00
ed29f642-6063-4ab3-bd11-a206baf547a4,Mistral,Inca,1990,,,catalog:mistral--inca,unverified,,2026-09-02T23:05:13.572077+00:00
ac342806-1a47-4c01-abc8-1819ce073cec,Mistral,Swallowtail,1987,,,catalog:mistral--swallowtail,unverified,,2026-09-02T23:05:13.572077+00:00
d9b0da9b-3fd2-4ef1-83ce-98201811aa5e,Mistral,Yucatan,1990,,,catalog:mistral--yucatan,unverified,,2026-09-02T23:05:13.572077+00:00
82c734f8-8f59-4c61-86a4-873c9cceb6a2,Moonchild,Freekstyle 158 - Barfoot Tribute Model,2026,,,catalog:moonchild--freekstyle-158-barfoot-tribute-model,unverified,,2026-09-04T18:50:02.182686+00:00
4d3c0ba5-1198-4003-975d-8b29e0e20e1b,Moonchild,Friday,2026,,,catalog:moonchild--friday,unverified,,2026-09-04T18:50:02.182686+00:00
1c3eaf01-76af-4579-8577-12d7a0c8e66b,Moonchild,Holiday,2026,,,catalog:moonchild--holiday,unverified,,2026-09-04T18:50:02.182686+00:00
321390dd-1692-417b-bd45-bcb8fc2f4033,Moonchild,Live Wire,2026,,,catalog:moonchild--live-wire,unverified,,2026-09-04T18:50:02.182686+00:00
b4c5ff69-b98f-48b2-ac39-6cd412f255bf,Moonchild,Live Wire MBHC,2026,,,catalog:moonchild--live-wire-mbhc,unverified,,2026-09-04T18:50:02.182686+00:00
4dab1ecf-230b-43da-975d-699259779f41,Moonchild,Malibu Redux,2026,,,catalog:moonchild--malibu-redux,unverified,,2026-09-04T18:50:02.182686+00:00
38f07df8-b061-4e6b-85a2-cf8fb682b867,Moonchild,Malibu Splitboard,2026,,,catalog:moonchild--malibu-splitboard,unverified,,2026-09-04T18:50:02.182686+00:00
0a645489-b60d-449c-bc2b-84f1999883fb,Moonchild,Popsicle,2026,,,catalog:moonchild--popsicle,unverified,,2026-09-04T18:50:02.182686+00:00
b3ee0515-8b4f-4192-b398-c6aca37249a0,Moonchild,Space Racer,2026,,,catalog:moonchild--space-racer,unverified,,2026-09-04T18:50:02.182686+00:00
2925a578-d3b0-43f0-8697-b2321467e651,Morrow,3D Revert,1998,,,catalog:morrow--3d-revert,unverified,,2026-09-02T23:05:13.572077+00:00
431cfb37-5d43-4ef8-a43e-ff958b3f2044,Morrow,All,1991,,,catalog:morrow--all,unverified,,2026-09-02T23:05:13.572077+00:00
fdaf8286-72e5-44db-9ade-6ecd9bcd29d7,Morrow,Axiom,2003,,,catalog:morrow--axiom,unverified,,2026-09-02T23:05:13.572077+00:00
c830f553-466c-421a-9bc3-daa21e42681c,Morrow,Axipro,1993,,,catalog:morrow--axipro,unverified,,2026-09-02T23:05:13.572077+00:00
1d3413ff-9756-4037-9c4c-509680195313,Morrow,Blaze,1990,,,catalog:morrow--blaze,verified,,2026-09-02T23:05:13.572077+00:00
1ba3bb56-51f1-4edf-a5d8-4958aa81a8d8,Morrow,Bolt,1991,,,catalog:morrow--bolt,unverified,,2026-09-02T23:05:13.572077+00:00
9a4d1670-3251-43d2-a621-0da803e3878b,Morrow,Challenger,2009,,,catalog:morrow--challenger,unverified,,2026-09-02T23:05:13.572077+00:00
b832829c-d071-495b-8d44-d28ec76e78ce,Morrow,Clutch,2006,,,catalog:morrow--clutch,unverified,,2026-09-02T23:05:13.572077+00:00
91278cb8-b3c4-460e-b684-30b149ec0042,Morrow,Dime,2000,,,catalog:morrow--dime,unverified,,2026-09-02T23:05:13.572077+00:00
28d95707-de35-4f62-900a-5ee05ec5bb54,Morrow,Dimension,2000,,,catalog:morrow--dimension,verified,,2026-09-02T23:05:13.572077+00:00
1f160182-bf7f-45ac-80a9-523dadff4123,Morrow,Dream,2009,,,catalog:morrow--dream,unverified,,2026-09-02T23:05:13.572077+00:00
b0967897-45ad-4097-bdcc-a0b8ced1e0c6,Morrow,Escape,1998,,,catalog:morrow--escape,unverified,,2026-09-02T23:05:13.572077+00:00
5dbd3fb8-d49e-4a4f-91c2-7e886216f714,Morrow,Free Pro,1992,,,catalog:morrow--free-pro,verified,,2026-09-02T23:05:13.572077+00:00
67fbb3b6-86eb-4719-85fd-d0d558698f84,Morrow,Freestyle,1991,,,catalog:morrow--freestyle,unverified,,2026-09-02T23:05:13.572077+00:00
de3d890c-c61c-43f1-b1ed-38516e5b6fc5,Morrow,Fury,2004,,,catalog:morrow--fury,unverified,,2026-09-02T23:05:13.572077+00:00
b25589ba-3c36-45db-98c4-bf1f5992c70c,Morrow,Generation,2005,,,catalog:morrow--generation,unverified,,2026-09-02T23:05:13.572077+00:00
cda6eaf4-d963-4c7d-82d3-16d630ef7fb9,Morrow,Goodwill,1998,,,catalog:morrow--goodwill,unverified,,2026-09-02T23:05:13.572077+00:00
60e90828-78a2-42da-8c5e-67c9bf6cb902,Morrow,Hemisphere,2006,,,catalog:morrow--hemisphere,unverified,,2026-09-02T23:05:13.572077+00:00
9234994c-72c9-43e0-a3c9-9a8df147fbcc,Morrow,Indy,1998,,,catalog:morrow--indy,unverified,,2026-09-02T23:05:13.572077+00:00
bf204082-1a9c-45fb-bc05-c99f5dd55192,Morrow,Invasion,2009,,,catalog:morrow--invasion,unverified,,2026-09-02T23:05:13.572077+00:00
50cbad69-a756-401c-a86a-cf6495e04ebb,Morrow,Kick,2009,,,catalog:morrow--kick,unverified,,2026-09-02T23:05:13.572077+00:00
f258e8b3-d655-4408-8c5a-db30c7c9a15a,Morrow,Lith,2000,,,catalog:morrow--lith,unverified,,2026-09-02T23:05:13.572077+00:00
23266f67-2c8c-4366-a1f5-5f0d188077f5,Morrow,Lithium,2006,,,catalog:morrow--lithium,unverified,,2026-09-02T23:05:13.572077+00:00
1f001aa9-367a-40bf-be40-df25777e2f9d,Morrow,Longboard,1994,,,catalog:morrow--longboard,unverified,,2026-09-02T23:05:13.572077+00:00
c94033bf-e5c2-4224-9078-02c91fe56dea,Morrow,Lotus,2006,,,catalog:morrow--lotus,unverified,,2026-09-02T23:05:13.572077+00:00
9b3b976b-ea3d-4e04-9b15-d53f77fcfb0d,Morrow,Lunchtray,1990,,,seed:linestry-research-2026-06,verified,,2026-06-19T05:24:20.410856+00:00
0d1e780e-f806-41dc-b62a-dfd0e33e4e4f,Morrow,Mantra,2005,,,catalog:morrow--mantra,unverified,,2026-09-02T23:05:13.572077+00:00
9f137f4e-1361-4ff4-ad1a-5fdb11e27adb,Morrow,Masters,1998,,,catalog:morrow--masters,verified,,2026-09-02T23:05:13.572077+00:00
193637e6-ca35-4c67-9d9d-967784e58247,Morrow,Mini Wildflower,2006,,,catalog:morrow--mini-wildflower,unverified,,2026-09-02T23:05:13.572077+00:00
66185f68-a5f8-449b-8608-3112fb47a757,Morrow,Multi Pro,1992,,,catalog:morrow--multi-pro,unverified,,2026-09-02T23:05:13.572077+00:00
c76cb132-8146-4be9-8853-e2e17df1fcf2,Morrow,Peak,2006,,,catalog:morrow--peak,unverified,,2026-09-02T23:05:13.572077+00:00
41eab5bb-a210-4829-ae33-e8b2621178b4,Morrow,Plus,1998,,,catalog:morrow--plus,unverified,,2026-09-02T23:05:13.572077+00:00
af5ed0a7-e5bc-4825-a9ad-75a828530623,Morrow,Rad,2000,,,catalog:morrow--rad,unverified,,2026-09-02T23:05:13.572077+00:00
320237b2-640f-4336-b981-8238fa5d625d,Morrow,Radium,2003,,,catalog:morrow--radium,unverified,,2026-09-02T23:05:13.572077+00:00
99cdd2b6-b0c8-4e0d-872f-af9c3d47aedc,Morrow,Rail,1998,,,catalog:morrow--rail,unverified,,2026-09-02T23:05:13.572077+00:00
5fd91657-2665-4cca-87c5-8fba6b4a06e5,Morrow,Revert,1997,,,catalog:morrow--revert,verified,,2026-09-02T23:05:13.572077+00:00
05a9d60c-cc55-4aa6-ac09-b9d3e1bb4cfb,Morrow,Revert X,1998,,,catalog:morrow--revert-x,unverified,,2026-09-02T23:05:13.572077+00:00
9877ac4c-db64-4bb3-b455-12affabc2c8d,Morrow,Rocket,2000,,,catalog:morrow--rocket,unverified,,2026-09-02T23:05:13.572077+00:00
d7e181cb-346f-4a5a-a513-5b0de9e70f32,Morrow,RV,2006,,,catalog:morrow--rv,unverified,,2026-09-02T23:05:13.572077+00:00
c15da96a-a6cd-45ba-8b1d-3f6bc1e47dc8,Morrow,Siphon,2006,,,catalog:morrow--siphon,unverified,,2026-09-02T23:05:13.572077+00:00
96c421b5-0f3c-4079-8e9b-1cbd843aaac0,Morrow,Sky,1998,,,catalog:morrow--sky,unverified,,2026-09-02T23:05:13.572077+00:00
896f68c3-a0ee-4ea8-8967-f21d9dac21a1,Morrow,Slick,1998,,,catalog:morrow--slick,unverified,,2026-09-02T23:05:13.572077+00:00
943c5673-f6a4-49c8-a0f2-84180cab367f,Morrow,Slider,2009,,,catalog:morrow--slider,unverified,,2026-09-02T23:05:13.572077+00:00
64c2bc2c-076b-4c90-b397-eedd038fd70b,Morrow,Source,2004,,,catalog:morrow--source,unverified,,2026-09-02T23:05:13.572077+00:00
10b30ba1-c41d-4857-962a-6e05025814a1,Morrow,Spoon,1992,,,catalog:morrow--spoon,verified,,2026-09-02T23:05:13.572077+00:00
52516f86-a2cb-48d7-a3cb-fd77c1cdd909,Morrow,Spoon 5,1992,,,https://retrosnow.com/shop/morrow/92-morrow/morrow-spoon-5-6/,verified,,2026-09-04T20:38:46.266408+00:00
78944816-b404-45d8-9964-545a86cfbba4,Morrow,Stacey,2000,,,catalog:morrow--stacey,unverified,,2026-09-02T23:05:13.572077+00:00
c8d4d107-3306-4587-8117-0c39bc96921f,Morrow,Todd Richards,1995,,,catalog:morrow--todd-richards,verified,,2026-09-02T23:05:13.572077+00:00
7e61596f-a12c-4fbb-a32a-ca0522955cbd,Morrow,Todd Richards Dinosaur,2025,,,catalog:morrow--todd-richards-dinosaur,unverified,,2026-09-04T18:50:01.888127+00:00
7e1364e6-4cac-4b83-a83c-9c20573eda77,Morrow,TR,1998,,,catalog:morrow--tr,unverified,,2026-09-02T23:05:13.572077+00:00
d9f5999f-87ec-477c-8237-a1eb0cdb5385,Morrow,Tremor,1991,,,catalog:morrow--tremor,unverified,,2026-09-02T23:05:13.572077+00:00
4503dbfe-0b31-481b-bce5-6667bd039210,Morrow,Trooper,2003,,,catalog:morrow--trooper,unverified,,2026-09-02T23:05:13.572077+00:00
0e37f728-acd8-414f-9c44-9c878eadea8e,Morrow,Truth,2003,,,catalog:morrow--truth,unverified,,2026-09-02T23:05:13.572077+00:00
baf81645-95ca-4688-9ddd-22d396c1995e,Morrow,Unit,2000,,,catalog:morrow--unit,unverified,,2026-09-02T23:05:13.572077+00:00
d27ae085-89b0-4710-b54b-f6fb7ac738d4,Morrow,Wildflower,1999,,,catalog:morrow--wildflower,verified,,2026-09-02T23:05:13.572077+00:00
21194dae-eb9b-4a7c-a424-96c00c92cf46,Moss Snowstick,C3,2026,,,catalog:moss-snowstick--c3,unverified,,2026-09-04T18:50:01.888127+00:00
70ab65dd-f535-49de-b86c-d91003e88ee3,Moss Snowstick,FLUFFY 54,2026,,,catalog:moss-snowstick--fluffy-54,unverified,,2026-09-04T18:50:01.888127+00:00
a4c80602-ff47-4681-bc32-4ddbe52e8889,Moss Snowstick,LL66,2026,,,catalog:moss-snowstick--ll66,unverified,,2026-09-04T18:50:01.888127+00:00
a3215a41-a410-4a9e-8d9b-5843674e3a71,Moss Snowstick,LONG,2026,,,catalog:moss-snowstick--long,unverified,,2026-09-04T18:50:01.888127+00:00
ddbeb568-8579-4ba3-afec-e8dbb34b3fe3,Moss Snowstick,MAHI,2026,,,catalog:moss-snowstick--mahi,unverified,,2026-09-04T18:50:01.888127+00:00
231d0fef-f643-425a-b2b3-b6f7850f9f09,Moss Snowstick,MMD 35,2026,,,catalog:moss-snowstick--mmd-35,unverified,,2026-09-04T18:50:01.888127+00:00
a41e863b-b81e-4498-b9b0-0f816e4e0bb4,Moss Snowstick,MMD 42,2026,,,catalog:moss-snowstick--mmd-42,unverified,,2026-09-04T18:50:01.888127+00:00
8588ccff-4227-4e19-ae05-819a2bad1d92,Moss Snowstick,MMD 52,2026,,,catalog:moss-snowstick--mmd-52,unverified,,2026-09-04T18:50:01.888127+00:00
5d8492d7-a26d-46d8-aa73-aefde597f10c,Moss Snowstick,NEW SHAPE // PQ45,2027,,,catalog:moss-snowstick--new-shape-pq45,unverified,,2026-09-04T18:50:01.888127+00:00
4408eacb-c30b-4a3e-a2df-9b7120b5cec3,Moss Snowstick,NEW SHAPE // WING SW 67,2027,,,catalog:moss-snowstick--new-shape-wing-sw-67,unverified,,2026-09-04T18:50:01.888127+00:00
58c3cf31-1bcf-4c97-97cb-0ddaea036e1a,Moss Snowstick,PQ45 BLACK,2027,,,catalog:moss-snowstick--pq45-black,unverified,,2026-09-04T18:50:01.888127+00:00
7d76ada0-b102-4bea-8463-033412db5f76,Moss Snowstick,PQ49,2026,,,catalog:moss-snowstick--pq49,unverified,,2026-09-04T18:50:01.888127+00:00
9ca415b3-6eb0-45f1-bb23-e91aede9988c,Moss Snowstick,PQ49 BLACK,2026,,,catalog:moss-snowstick--pq49-black,unverified,,2026-09-04T18:50:01.888127+00:00
576a30bd-36ed-4901-a38b-09444e91e91f,Moss Snowstick,PQ54,2026,,,catalog:moss-snowstick--pq54,unverified,,2026-09-04T18:50:01.888127+00:00
b3336ea1-5913-4cbc-b6e5-cdd761d44274,Moss Snowstick,PQ54 EX,2026,,,catalog:moss-snowstick--pq54-ex,unverified,,2026-09-04T18:50:01.888127+00:00
b0227a80-3c5c-4ea2-9187-32f1473bda9a,Moss Snowstick,PQ60,2026,,,catalog:moss-snowstick--pq60,unverified,,2026-09-04T18:50:01.888127+00:00
9f86c730-b12f-4a43-aa4e-1b504311611e,Moss Snowstick,PQ60 EX,2026,,,catalog:moss-snowstick--pq60-ex,unverified,,2026-09-04T18:50:01.888127+00:00
e0f9e7f0-3519-4003-91ba-0d0abe36c813,Moss Snowstick,PT52,2026,,,catalog:moss-snowstick--pt52,unverified,,2026-09-04T18:50:01.888127+00:00
46917a8a-4543-4d02-ae31-aa734e8bc471,Moss Snowstick,PT58,2026,,,catalog:moss-snowstick--pt58,unverified,,2026-09-04T18:50:01.888127+00:00
3e9d7fb0-e222-4c69-a7ed-690bc8ad3db2,Moss Snowstick,PT64,2026,,,catalog:moss-snowstick--pt64,unverified,,2026-09-04T18:50:01.888127+00:00
401569b5-f61b-4f52-822f-45c0c4baf9ba,Moss Snowstick,RESHAPED // PQ60,2027,,,catalog:moss-snowstick--reshaped-pq60,unverified,,2026-09-04T18:50:01.888127+00:00
3446ed3b-15eb-4f78-b8e9-a77c3872fc98,Moss Snowstick,SW26,2026,,,catalog:moss-snowstick--sw26,unverified,,2026-09-04T18:50:01.888127+00:00
b66e14ac-fc62-4e78-814c-3281634e6a2b,Moss Snowstick,SW50,2026,,,catalog:moss-snowstick--sw50,unverified,,2026-09-04T18:50:01.888127+00:00
791d4caf-3c58-4f66-9121-bbc22ba962e8,Moss Snowstick,SW58,2026,,,catalog:moss-snowstick--sw58,unverified,,2026-09-04T18:50:01.888127+00:00
183e9fc4-df7f-4dc4-b625-b7498b197b9d,Moss Snowstick,SW58 EX,2026,,,catalog:moss-snowstick--sw58-ex,unverified,,2026-09-04T18:50:01.888127+00:00
70e4003f-55d4-444e-80f3-924ba208862e,Moss Snowstick,SW62,2026,,,catalog:moss-snowstick--sw62,unverified,,2026-09-04T18:50:01.888127+00:00
456c39e8-4860-4962-9330-3d19516f208a,Moss Snowstick,SW62 EX,2026,,,catalog:moss-snowstick--sw62-ex,unverified,,2026-09-04T18:50:01.888127+00:00
65ac4458-586e-4dfd-9216-dcbab0105069,Moss Snowstick,SW70,2026,,,catalog:moss-snowstick--sw70,unverified,,2026-09-04T18:50:01.888127+00:00
cb4f565c-3dba-4017-ab2d-69c1299bf2ff,Moss Snowstick,U2,2026,,,catalog:moss-snowstick--u2,unverified,,2026-09-04T18:50:01.888127+00:00
bbc52113-976d-4d47-af55-7fa11ed26698,Moss Snowstick,U3,2026,,,catalog:moss-snowstick--u3,unverified,,2026-09-04T18:50:01.888127+00:00
d1fec322-af72-4d3e-8ffe-b584666c9475,Moss Snowstick,U4,2026,,,catalog:moss-snowstick--u4,unverified,,2026-09-04T18:50:01.888127+00:00
9e6cc3c3-9a37-4e5f-ba09-2f82eb9debca,Moss Snowstick,U4 EX,2026,,,catalog:moss-snowstick--u4-ex,unverified,,2026-09-04T18:50:01.888127+00:00
633a0470-7087-4bc4-8886-00e41356662e,Moss Snowstick,U4 HALF,2026,,,catalog:moss-snowstick--u4-half,unverified,,2026-09-04T18:50:01.888127+00:00
0ff7ad11-6ecb-4692-8edd-75310eada97d,Moss Snowstick,U4 HALF OVERHEAD,2026,,,catalog:moss-snowstick--u4-half-overhead,unverified,,2026-09-04T18:50:01.888127+00:00
872f6526-9925-486a-9f91-4efd999a1651,Moss Snowstick,U5,2026,,,catalog:moss-snowstick--u5,unverified,,2026-09-04T18:50:01.888127+00:00
5b7873db-56c9-4f9f-8a0f-dfacc7a220f6,Moss Snowstick,U5 EX,2026,,,catalog:moss-snowstick--u5-ex,unverified,,2026-09-04T18:50:01.888127+00:00
768a32d7-10b4-48e4-a950-1f774ffd412f,Moss Snowstick,U6 SPLIT,2026,,,catalog:moss-snowstick--u6-split,unverified,,2026-09-04T18:50:01.888127+00:00
bf255bb5-c0c9-4644-9ca4-9e0c0b5a8cfa,Moss Snowstick,WING PIN 47,2026,,,catalog:moss-snowstick--wing-pin-47,unverified,,2026-09-04T18:50:01.888127+00:00
513b8569-6929-47b4-b8d9-c0b70c7c4604,Moss Snowstick,WING PIN 54,2026,,,catalog:moss-snowstick--wing-pin-54,unverified,,2026-09-04T18:50:01.888127+00:00
2e84a7ad-b2cb-4454-8877-a9c9d65717cf,Moss Snowstick,WING PIN 59,2026,,,catalog:moss-snowstick--wing-pin-59,unverified,,2026-09-04T18:50:01.888127+00:00
d8bedad5-fd65-4eed-9327-feff79965587,Moss Snowstick,WING PIN 75,2026,,,catalog:moss-snowstick--wing-pin-75,unverified,,2026-09-04T18:50:01.888127+00:00
9dbb1e0c-3715-4ec2-bc48-922d1f351361,Moss Snowstick,WING SW 49,2026,,,catalog:moss-snowstick--wing-sw-49,unverified,,2026-09-04T18:50:01.888127+00:00
88ff6c35-e0d5-42c8-93b5-ea2e3886204b,Moss Snowstick,WING SW 57,2026,,,catalog:moss-snowstick--wing-sw-57,unverified,,2026-09-04T18:50:01.888127+00:00
cf7ffcd1-eb80-44b1-8108-352936aac78d,Never Summer,Benchmark,2027,,,catalog:never-summer--benchmark,verified,,2026-09-02T23:05:13.572077+00:00
e400e6f3-d8f5-4294-9ee0-944e78d1a471,Never Summer,Breezy Rider,2025,,,catalog:never-summer--breezy-rider,verified,,2026-09-02T23:05:13.572077+00:00
b3e30318-a66b-4f80-b233-dca9dcf28a6e,Never Summer,Cascade,2027,,,catalog:never-summer--cascade,unverified,,2026-09-02T23:05:13.572077+00:00
636d6095-efcc-4510-b41b-dcc45727b4f4,Never Summer,Circuit,2010,,,catalog:never-summer--circuit,unverified,,2026-09-02T23:05:13.572077+00:00
36c4ba47-6dc6-42ea-8856-1ac97a4fb50c,Never Summer,Cirrus,2025,,,catalog:never-summer--cirrus,verified,,2026-09-02T23:05:13.572077+00:00
5d5ac7ac-6b45-4876-8979-ec6900f7f52a,Never Summer,Easy Rider,2027,,,catalog:never-summer--easy-rider,verified,,2026-09-02T23:05:13.572077+00:00
6b326b42-0289-4560-8127-5b6da929e09e,Never Summer,Evo,2007,,,catalog:never-summer--evo,verified,,2026-09-02T23:05:13.572077+00:00
1cddb69d-816f-4303-a9fa-3d239d0ce682,Never Summer,Harpoon,2021,,,seed:linestry-research-2026-06,verified,,2026-06-19T05:24:20.410856+00:00
5c202039-1d3d-400c-985a-9f3672e4870e,Never Summer,Heritage,2007,,,catalog:never-summer--heritage,verified,,2026-09-02T23:05:13.572077+00:00
6da62f6f-3188-4cd0-b11b-7f93f0876a9b,Never Summer,Infinity,2007,,,catalog:never-summer--infinity,verified,,2026-09-02T23:05:13.572077+00:00
c9100035-1e97-42ff-bc9b-a84ebe5b3b53,Never Summer,Instagator,2027,,,catalog:never-summer--instagator,unverified,,2026-09-02T23:05:13.572077+00:00
15e2575b-72ea-4e28-a084-21eaf6b45863,Never Summer,Kid’s Shredder,2026,,,catalog:never-summer--kids-shredder,unverified,,2026-09-04T18:50:01.888127+00:00
4d27b91a-5416-4a23-a705-b58c2df7b080,Never Summer,Kid’s Yutes,2026,,,catalog:never-summer--kids-yutes,unverified,,2026-09-04T18:50:01.888127+00:00
09a0a1e4-68b5-462a-ad13-11e23aa27806,Never Summer,Lady FR Splitboard,2026,,,catalog:never-summer--lady-fr-splitboard,unverified,,2026-09-04T18:50:01.888127+00:00
71a77334-87fc-4331-9557-f8682bb49023,Never Summer,Legacy,2007,,,catalog:never-summer--legacy,verified,,2026-09-02T23:05:13.572077+00:00
b33c3d73-f1a2-47ab-86ae-c496b3cd4b0d,Never Summer,Llama,2027,,,catalog:never-summer--llama,verified,,2026-09-02T23:05:13.572077+00:00
6c70880d-f59d-4679-8596-3481997b7aa0,Never Summer,Lotus,2009,,,catalog:never-summer--lotus,unverified,,2026-09-02T23:05:13.572077+00:00
3b3efe2f-a851-4697-b5c7-fa451e1696f9,Never Summer,Maverix,2017,,,catalog:never-summer--maverix,unverified,,2026-09-02T23:05:13.572077+00:00
1320793e-c23d-4f11-9fd7-533d6df4ae8f,Never Summer,Nokhu,2027,,,catalog:never-summer--nokhu,verified,,2026-09-02T23:05:13.572077+00:00
3ed1e516-f2c9-4471-833b-e9d855d02344,Never Summer,Pandora,2008,,,catalog:never-summer--pandora,verified,,2026-09-02T23:05:13.572077+00:00
ee3c6b92-4c57-4c2e-adc4-46b0e955a8bd,Never Summer,Premier,2005,,,catalog:never-summer--premier,verified,,2026-09-02T23:05:13.572077+00:00
bdf45736-f01f-4fdc-a5d9-b318766bd47f,Never Summer,Premier T5,2007,,,catalog:never-summer--premier-t5,verified,,2026-09-02T23:05:13.572077+00:00
facfe17d-1c8d-45fc-ba7c-d973b77344dc,Never Summer,Proto,2012,,,catalog:never-summer--proto,verified,,2026-09-02T23:05:13.572077+00:00
66366d6b-9eaf-4317-b24d-d0d09d5f240a,Never Summer,Proto FR,2014,,,seed:linestry-research-2026-06,verified,,2026-06-19T05:24:20.410856+00:00
5abb62f6-0286-46f5-95f2-38320a08d5ce,Never Summer,Proto Swift,2026,,,catalog:never-summer--proto-swift,verified,,2026-09-02T23:05:13.572077+00:00
cd7f728c-1018-4b36-b135-60fdb26d4bbd,Never Summer,Proto Synthesis,2021,,,catalog:never-summer--proto-synthesis,unverified,,2026-09-02T23:05:13.572077+00:00
365c63fd-4841-4f6f-80ee-e407834b9951,Never Summer,Proto Type 3,2026,,,catalog:never-summer--proto-type-3,verified,,2026-09-02T23:05:13.572077+00:00
b19,Never Summer,Proto Type Two,2020,,,seed:linestry-research-2026-06,verified,,2026-03-13T00:16:16.048193+00:00
ff90d78a-c03d-46a3-bfbf-dae7e4f9e3d2,Never Summer,Proto Wilder,2026,,,catalog:never-summer--proto-wilder,unverified,,2026-09-02T23:05:13.572077+00:00
f30b4a19-9d30-4883-950b-fbe3909ced80,Never Summer,Raptor,2011,,,catalog:never-summer--raptor,verified,,2026-09-02T23:05:13.572077+00:00
f48ed4e7-e167-4a19-addf-e3da3144b859,Never Summer,Revolver,2007,,,catalog:never-summer--revolver,verified,,2026-09-02T23:05:13.572077+00:00
c6cf39a0-4737-44a6-a9da-da5acd3b2ee4,Never Summer,Ripsaw,2014,,,catalog:never-summer--ripsaw,unverified,,2026-09-02T23:05:13.572077+00:00
c697b11b-9554-426b-81c0-2434e0658bbe,Never Summer,Shaper Twin,2026,,,catalog:never-summer--shaper-twin,verified,,2026-09-02T23:05:13.572077+00:00
6c065ec9-986d-4606-9ae5-bce7f9b4179a,Never Summer,SL,2007,,,catalog:never-summer--sl,verified,,2026-09-02T23:05:13.572077+00:00
666ef48c-93e9-40fd-8206-537df4dbf44b,Never Summer,Small Batch Instagator,2026,,,catalog:never-summer--small-batch-instagator,unverified,,2026-09-04T18:50:01.888127+00:00
777ac74d-e2ef-4c0c-b3b7-f2c3e491ecbc,Never Summer,Small Batch Maverix,2026,,,catalog:never-summer--small-batch-maverix,unverified,,2026-09-04T18:50:01.888127+00:00
6c37363e-8811-4c08-a30a-6858f958051c,Never Summer,Small Batch Shaper Twin LT,2026,,,catalog:never-summer--small-batch-shaper-twin-lt,unverified,,2026-09-02T23:05:13.572077+00:00
d0f79b54-133d-4ad9-aa86-c7265bcf082f,Never Summer,Small Batch Triple Camber Hybrid East,2025,,,catalog:never-summer--small-batch-triple-camber-hybrid-east,unverified,,2026-09-04T18:50:01.888127+00:00
a662b57b-fecb-4d01-80cf-8751ea7a0cba,Never Summer,Small Batch Triple Camber Hybrid Hornet,2025,,,catalog:never-summer--small-batch-triple-camber-hybrid-hornet,unverified,,2026-09-04T18:50:01.888127+00:00
e050b6a9-e69e-41a0-bb83-5dd151cf04b4,Never Summer,Snowtrooper,2010,,,seed:linestry-research-2026-06,verified,,2026-06-19T05:24:20.410856+00:00
59ad59cb-8c59-4372-a0da-da3a3bf9d094,Never Summer,Summit,2007,,,catalog:never-summer--summit,verified,,2026-09-02T23:05:13.572077+00:00
9901a4d6-6250-4daf-b169-16eed69a7681,Never Summer,Swift,2026,,,catalog:never-summer--swift,unverified,,2026-09-04T18:50:01.888127+00:00
c1e0df1f-0ae3-4e43-85db-890ed05ed3ea,Never Summer,System,2007,,,catalog:never-summer--system,verified,,2026-09-02T23:05:13.572077+00:00
785c434a-cfd6-4738-967f-85dbf99eef92,Never Summer,Thirty5,2026,,,catalog:never-summer--thirty5,unverified,,2026-09-04T18:50:01.888127+00:00
cba50805-cadc-4995-b4c7-7f159ddfb37b,Never Summer,Titan,2007,,,catalog:never-summer--titan,verified,,2026-09-02T23:05:13.572077+00:00
9311dca2-0608-46d3-9717-f7e4bdca907a,Never Summer,Titan TX,2008,,,catalog:never-summer--titan-tx,verified,,2026-09-02T23:05:13.572077+00:00
5dc5c9bb-25a2-448f-bd04-12f6ced000a2,Never Summer,Triple Camber West,2025,,,catalog:never-summer--triple-camber-west,unverified,,2026-09-04T18:50:01.888127+00:00
a44dd709-42ae-4feb-aa17-4d8444daffde,Never Summer,Trooper,2026,,,catalog:never-summer--trooper,verified,,2026-09-02T22:45:50.738206+00:00
7fdd2e93-91bc-4ca3-b2d7-c6a015647969,Never Summer,V-Twin,2026,,,catalog:never-summer--v-twin,verified,,2026-09-02T23:05:13.572077+00:00
226cbbc5-8ecd-41cf-8675-027b99e826ec,Never Summer,Valhalla,2027,,,catalog:never-summer--valhalla,verified,,2026-09-02T23:05:13.572077+00:00
d8748998-5da6-456c-bfcc-93f44e7e3bd5,Never Summer,West,2016,,,seed:linestry-research-2026-06,verified,,2026-06-19T05:24:20.410856+00:00
28d10f25-c7f2-4e7f-80da-5802159bec5f,Niche,Aether Franklinia,2024,,,catalog:niche--aether-franklinia,unverified,,2026-09-04T18:50:01.888127+00:00
58e5e27e-9347-4cdd-a073-eb860842e8d9,Niche,Aether Witchcraft,2025,,,catalog:niche--aether-witchcraft,unverified,,2026-09-04T18:50:01.888127+00:00
444697c3-8a37-4d34-b141-1acea4538e4a,Niche,Crux Fantasy,2025,,,catalog:niche--crux-fantasy,unverified,,2026-09-04T18:50:01.888127+00:00
874c2ec0-dec3-41a3-a23f-c6d2c02a3c82,Niche,Crux Markhor,2024,,,catalog:niche--crux-markhor,unverified,,2026-09-04T18:50:01.888127+00:00
56f04469-fff3-4d13-98ef-01faf187b236,Niche,Fathom Buffalo,2023,,,catalog:niche--fathom-buffalo,unverified,,2026-09-04T18:50:01.888127+00:00
44288fa9-a81c-45f3-afa5-abb2ffb24622,Niche,Fathom Charcoal,2024,,,catalog:niche--fathom-charcoal,unverified,,2026-09-04T18:50:01.888127+00:00
bbe0490d-d01e-4072-828f-d4e5623e88ff,Niche,Maelstrom Fungi,2023,,,catalog:niche--maelstrom-fungi,unverified,,2026-09-04T18:50:01.888127+00:00
82b8864d-e2ab-4ff6-bfba-bef00d45cd25,Niche,Maelstrom Mold,2025,,,catalog:niche--maelstrom-mold,unverified,,2026-09-04T18:50:01.888127+00:00
a4f3036c-7388-4090-aab0-5589aabf7365,Niche,Maelstrom Tardigrades,2024,,,catalog:niche--maelstrom-tardigrades,unverified,,2026-09-04T18:50:01.888127+00:00
54a856f0-1aa5-46a9-adcd-395afaf7bcf0,Niche,Minx Dandelion,2024,,,catalog:niche--minx-dandelion,unverified,,2026-09-04T18:50:01.888127+00:00
791d5319-3bf5-403e-9e17-3b3c86652c98,Niche,Minx Seadragon,2023,,,catalog:niche--minx-seadragon,unverified,,2026-09-04T18:50:01.888127+00:00
69754315-6b9b-4ec4-800e-89b7105b2bb0,Niche,Minx Sundew,2025,,,catalog:niche--minx-sundew,unverified,,2026-09-04T18:50:01.888127+00:00
a7e0f865-53c4-475d-bcc8-3d9d3038b562,Niche,Nightshade Mutants,2023,,,catalog:niche--nightshade-mutants,unverified,,2026-09-04T18:50:01.888127+00:00
56f550c6-b95b-4a49-ab86-2636bbedb627,Niche,Nightshade Nudibranch,2024,,,catalog:niche--nightshade-nudibranch,unverified,,2026-09-04T18:50:01.888127+00:00
ba74bf88-1dbb-41e5-bf5f-ce7f2beb1481,Niche,Nightshade Rabbits,2025,,,catalog:niche--nightshade-rabbits,unverified,,2026-09-04T18:50:01.888127+00:00
b4003cab-1028-41ec-8169-b15f3319f4f4,Niche,Pyre Fae,2025,,,catalog:niche--pyre-fae,unverified,,2026-09-04T18:50:01.888127+00:00
5c659404-e92e-45ba-bc18-a99d27d7a213,Niche,Pyre Moa,2024,,,catalog:niche--pyre-moa,unverified,,2026-09-04T18:50:01.888127+00:00
81639054-150c-497d-8be7-58bb959cb62c,Niche,Sonnet Moths,2024,,,catalog:niche--sonnet-moths,unverified,,2026-09-04T18:50:01.888127+00:00
2ca56644-12b4-4e71-99d5-3aafd43555bc,Niche,Sonnet Mycelium,2023,,,catalog:niche--sonnet-mycelium,unverified,,2026-09-04T18:50:01.888127+00:00
744c0024-29b7-41b5-a831-b1b73bab3157,Niche,Story Bear,2025,,,catalog:niche--story-bear,unverified,,2026-09-04T18:50:01.888127+00:00
b9a27d6c-f006-4cd9-b082-2d1d8c5be2e7,Niche,Story Condor,2023,,,catalog:niche--story-condor,unverified,,2026-09-04T18:50:01.888127+00:00
b8f0d90b-9297-4f3c-a3f0-e272ec17c95d,Niche,Story Crabs,2024,,,catalog:niche--story-crabs,unverified,,2026-09-04T18:50:01.888127+00:00
c2cfad98-153c-40fa-8425-0eda822858f8,Niche,Vikander,2025,,,catalog:niche--vikander,unverified,,2026-09-04T18:50:01.888127+00:00
8dacaddf-89c9-41a1-9936-4fa1f530c8f1,Niche,Wraith Deepsea,2023,,,catalog:niche--wraith-deepsea,unverified,,2026-09-04T18:50:01.888127+00:00
5ee55bc2-1f66-4987-905c-c213440699b5,Niche,Wraith Fossil,2024,,,catalog:niche--wraith-fossil,unverified,,2026-09-04T18:50:01.888127+00:00
c0928c68-bc60-4ee3-b38f-bdf8fd42d19e,Niche,Wraith Raccoon,2025,,,catalog:niche--wraith-raccoon,unverified,,2026-09-04T18:50:01.888127+00:00
48de2efe-ca99-4a67-a89c-2d251b32c265,Nidecker,Addict,2009,,,catalog:nidecker--addict,unverified,,2026-09-02T23:05:13.572077+00:00
e8b2471d-658d-4181-85cd-e6517ab5871a,Nidecker,Advanced,2006,,,catalog:nidecker--advanced,verified,,2026-09-02T23:05:13.572077+00:00
b1bb4cbc-0a8e-48b7-8d86-acc1bb064ffa,Nidecker,Alpha,2026,,,seed:linestry-research-2026-06,verified,,2026-06-19T05:24:20.410856+00:00
f2bf6e69-1009-4107-8065-ed490607b43d,Nidecker,Alpha APX,2026,,,catalog:nidecker--alpha-apx,unverified,,2026-09-04T18:50:01.888127+00:00
f0104df0-afd1-4897-91da-294054c6f4f1,Nidecker,Angel,2006,,,catalog:nidecker--angel,verified,,2026-09-02T23:05:13.572077+00:00
b9797944-d928-4bf3-be11-0d03be2d8847,Nidecker,Antti Autti,2011,,,catalog:nidecker--antti-autti,unverified,,2026-09-02T23:05:13.572077+00:00
01300332-094c-40f5-8c8f-bfdd2c91b49f,Nidecker,Astral,2026,,,catalog:nidecker--astral,unverified,,2026-09-02T23:05:13.572077+00:00
638f4e87-f78c-4880-98a6-33f30b37dd37,Nidecker,Axis,2006,,,catalog:nidecker--axis,verified,,2026-09-02T23:05:13.572077+00:00
8b0e7c0c-77f4-4d6d-9b3f-3fa951fbaedb,Nidecker,Beta,2027,,,catalog:nidecker--beta,unverified,,2026-09-02T23:05:13.572077+00:00
a524c0e1-fb52-4d06-afe8-3792c629c6fe,Nidecker,Beta APX,2027,,,catalog:nidecker--beta-apx,unverified,,2026-09-02T23:05:13.572077+00:00
acd8568e-7083-4f57-b8e4-d284f7885f7f,Nidecker,Blade,2006,,,catalog:nidecker--blade,verified,,2026-09-02T23:05:13.572077+00:00
8abc9f60-1aa8-4d97-b7df-fb86c8edcb1c,Nidecker,Blade Plus,2025,,,catalog:nidecker--blade-plus,unverified,,2026-09-04T18:50:01.888127+00:00
2352a82c-eab6-4805-80e7-b6223bfe76d6,Nidecker,Cheat Code,2027,,,catalog:nidecker--cheat-code,unverified,,2026-09-02T23:05:13.572077+00:00
b7471217-23b1-4737-bcd0-e42c4ae52591,Nidecker,Chill,2006,,,catalog:nidecker--chill,verified,,2026-09-02T23:05:13.572077+00:00
b99263f0-92f6-4be7-853a-011275e317d8,Nidecker,Cult,2010,,,catalog:nidecker--cult,unverified,,2026-09-02T23:05:13.572077+00:00
a59ae4cf-bc27-4be1-b34b-3ea7cdb65548,Nidecker,Diablo,2006,,,catalog:nidecker--diablo,verified,,2026-09-02T23:05:13.572077+00:00
2db4dc5c-939e-42f1-b37a-d18d201bcee0,Nidecker,Divine,2006,,,catalog:nidecker--divine,verified,,2026-09-02T23:05:13.572077+00:00
2432bf4c-7b61-44a8-8907-9fcd1d268ec5,Nidecker,Elle,2006,,,catalog:nidecker--elle,verified,,2026-09-02T23:05:13.572077+00:00
5465cdbe-942e-4c2d-9c43-0ab9c21dd38a,Nidecker,Escape,2001,,,seed:linestry-research-2026-06,verified,,2026-06-19T05:24:20.410856+00:00
6809889f-244e-492e-86c3-3024cb3fe810,Nidecker,Escape Plus,2026,,,catalog:nidecker--escape-plus,unverified,,2026-09-04T18:50:01.888127+00:00
8565cb72-c48f-4b0c-9bfd-04522ce65636,Nidecker,Gamma,2026,,,catalog:nidecker--gamma,unverified,,2026-09-02T23:05:13.572077+00:00
1162cfdc-3f84-4ad3-b897-709e0ae052bd,Nidecker,Gamma APX,2026,,,catalog:nidecker--gamma-apx,unverified,,2026-09-04T18:50:01.888127+00:00
5d8f8ff5-aec2-4a37-9ce0-2dc12a3f3c39,Nidecker,Gang Band,2011,,,catalog:nidecker--gang-band,unverified,,2026-09-02T23:05:13.572077+00:00
e9d8e1ba-cf5f-4854-98d9-c0b4268e1e2c,Nidecker,Grom,2006,,,catalog:nidecker--grom,verified,,2026-09-02T23:05:13.572077+00:00
44faa704-fb6c-4c75-a5bd-6c0e83a26b7e,Nidecker,Gun,2026,,,catalog:nidecker--gun,verified,,2026-09-02T23:05:13.572077+00:00
bb6f05bf-1e67-44c1-8089-b367979fa52f,Nidecker,Legacy,2006,,,catalog:nidecker--legacy,verified,,2026-09-02T23:05:13.572077+00:00
c947512f-053e-42f3-92c0-0c5f0e21e847,Nidecker,Legend,2006,,,catalog:nidecker--legend,verified,,2026-09-02T23:05:13.572077+00:00
862b65d3-a625-4ccd-8ccf-382ff2a58d2e,Nidecker,Lipstick,1988,,,catalog:nidecker--lipstick,unverified,,2026-09-02T23:05:13.572077+00:00
d8766744-5416-4306-9445-615f2dfebea8,Nidecker,Magic,2010,,,catalog:nidecker--magic,unverified,,2026-09-02T23:05:13.572077+00:00
889a19bb-f623-412c-95a8-c1aa2cf96cba,Nidecker,Megalight,2001,,,catalog:nidecker--megalight,verified,,2026-09-02T23:05:13.572077+00:00
63f9106d-785a-4cc8-912a-d786754d8c8e,Nidecker,Mellow,2026,,,catalog:nidecker--mellow,unverified,,2026-09-02T23:05:13.572077+00:00
9905ee81-d4f7-4ea0-a5a5-2169a8241bb6,Nidecker,Merc,2026,,,seed:linestry-research-2026-06,verified,,2026-06-19T05:24:20.410856+00:00
b4eb270e-f32d-462c-8195-4fe9a22e47a8,Nidecker,Mini Diablo,2006,,,catalog:nidecker--mini-diablo,verified,,2026-09-02T23:05:13.572077+00:00
7bd58917-9657-4498-ac17-fedf7f4162a7,Nidecker,Mini Elle,2006,,,catalog:nidecker--mini-elle,verified,,2026-09-02T23:05:13.572077+00:00
7759c1db-d189-43c3-ac78-ae8c389a204b,Nidecker,Miss NDK,2009,,,catalog:nidecker--miss-ndk,unverified,,2026-09-02T23:05:13.572077+00:00
9f7fe96e-76fd-4306-8214-dbc188f26140,Nidecker,Mosquito,2027,,,catalog:nidecker--mosquito,verified,,2026-09-02T23:05:13.572077+00:00
64535e86-4b03-4341-96bb-64b367fbf62e,Nidecker,Nano,2009,,,catalog:nidecker--nano,unverified,,2026-09-02T23:05:13.572077+00:00
ffe70a3a-554b-4537-8eb4-24bea7199531,Nidecker,NBX,2006,,,catalog:nidecker--nbx,verified,,2026-09-02T23:05:13.572077+00:00
a4be909b-d8f2-458c-ae1a-cad8efa426ea,Nidecker,Odyssey,2027,,,catalog:nidecker--odyssey,unverified,,2026-09-02T23:05:13.572077+00:00
9162823b-18c3-4913-b916-314c4e180346,Nidecker,Pam,2011,,,catalog:nidecker--pam,unverified,,2026-09-02T23:05:13.572077+00:00
f3e9876b-db03-4392-9fd1-6a914bb2b16c,Nidecker,Platinum,2006,,,catalog:nidecker--platinum,verified,,2026-09-02T23:05:13.572077+00:00
2e91bf2e-551f-4f09-b869-c82aa0f94f12,Nidecker,Play,2025,,,catalog:nidecker--play,unverified,,2026-09-04T18:50:01.888127+00:00
609fac71-8797-4fb8-9523-24547b6fe1bb,Nidecker,Prime,2006,,,catalog:nidecker--prime,verified,,2026-09-02T23:05:13.572077+00:00
95675f1d-708d-468a-81e6-eb7e10ef1994,Nidecker,Princess,2006,,,catalog:nidecker--princess,verified,,2026-09-02T23:05:13.572077+00:00
c578f94e-44e6-4137-a8f6-cdbfba523cc9,Nidecker,Project,2006,,,catalog:nidecker--project,verified,,2026-09-02T23:05:13.572077+00:00
18ff9886-9511-42b6-82e7-3f49485adddc,Nidecker,Proto,2001,,,catalog:nidecker--proto,verified,,2026-09-02T23:05:13.572077+00:00
3da47b29-ed75-4615-8195-3283879ce281,Nidecker,Race,2009,,,catalog:nidecker--race,unverified,,2026-09-02T23:05:13.572077+00:00
507966a0-9dd2-4540-98a2-97fd3bb82fef,Nidecker,Race GS,2006,,,catalog:nidecker--race-gs,verified,,2026-09-02T23:05:13.572077+00:00
5053fe19-4359-40b4-a60e-649635972461,Nidecker,Race SL,2006,,,catalog:nidecker--race-sl,verified,,2026-09-02T23:05:13.572077+00:00
b6740547-abe5-47a6-885e-25d25eecac51,Nidecker,Random,2009,,,catalog:nidecker--random,unverified,,2026-09-02T23:05:13.572077+00:00
7cdb69b1-91b3-4b96-abe0-a0f42ee232a6,Nidecker,Scamp,2026,,,catalog:nidecker--scamp,unverified,,2026-09-02T23:05:13.572077+00:00
77444e88-c12f-43b2-b127-34ca06f11367,Nidecker,Score,2006,,,catalog:nidecker--score,verified,,2026-09-02T23:05:13.572077+00:00
d9cc385a-0fd7-4d04-bb43-edf0c905c0c9,Nidecker,Sensor,2026,,,seed:linestry-research-2026-06,verified,,2026-06-19T05:24:20.410856+00:00
444174ec-8d11-44f1-932d-d229c48eb641,Nidecker,Sensor Mons,2026,,,catalog:nidecker--sensor-mons,unverified,,2026-09-04T18:50:01.888127+00:00
deaa74b3-e016-4913-ac45-2d4c5dadd81a,Nidecker,Sensor Pro,2026,,,catalog:nidecker--sensor-pro,unverified,,2026-09-04T18:50:01.888127+00:00
a221099f-e368-4320-b36b-b159eb395aba,Nidecker,Sensor Team,2026,,,catalog:nidecker--sensor-team,unverified,,2026-09-04T18:50:01.888127+00:00
38a85f57-7da5-492a-9ba3-d198524efd01,Nidecker,Slam,2011,,,catalog:nidecker--slam,unverified,,2026-09-02T23:05:13.572077+00:00
7d0896bc-06d9-47a1-8a22-58a7a4ea17b1,Nidecker,Smoke,2001,,,catalog:nidecker--smoke,verified,,2026-09-02T23:05:13.572077+00:00
fdda4049-c6e4-4e0c-84fd-8384fbbcc82b,Nidecker,Tape Deck,2027,,,catalog:nidecker--tape-deck,unverified,,2026-09-02T23:05:13.572077+00:00
4ae16d3c-ae1e-4878-a33e-404d06989628,Nidecker,Target,2006,,,catalog:nidecker--target,verified,,2026-09-02T23:05:13.572077+00:00
609a32f2-14c2-4974-99b6-7cf2051fc93b,Nidecker,The Gun,2023,,,catalog:nidecker--the-gun,unverified,,2026-09-04T18:50:01.888127+00:00
dd217569-a7a3-4c8a-9257-439e94a8af40,Nidecker,The Mosquito,2027,,,catalog:nidecker--the-mosquito,unverified,,2026-09-02T23:05:13.572077+00:00
a4680bdc-4e3d-46d9-8a13-24fb9f32ddf9,Nidecker,The Smoke,2027,,,catalog:nidecker--the-smoke,unverified,,2026-09-02T23:05:13.572077+00:00
6a1962d8-0c52-4416-a2c8-8fc831a877b9,Nidecker,Thruster,2026,,,seed:linestry-research-2026-06,verified,,2026-06-19T05:24:20.410856+00:00
61b18bd5-fa2e-4600-9042-80d1766cc2b5,Nidecker,THU,2010,,,catalog:nidecker--thu,unverified,,2026-09-02T23:05:13.572077+00:00
2a281e25-9f9b-42fc-85db-0b5154d1be56,Nidecker,Ultralight,2009,,,catalog:nidecker--ultralight,verified,,2026-09-02T23:05:13.572077+00:00
7b4d791f-1fe1-4231-b6b7-30950ec5e230,Nidecker,Venus,2027,,,catalog:nidecker--venus,unverified,,2026-09-02T23:05:13.572077+00:00
ce5a9ab9-abd1-413f-a573-cace0eacc215,Nidecker,Venus Plus,2025,,,catalog:nidecker--venus-plus,unverified,,2026-09-04T18:50:01.888127+00:00
51782c55-4e18-4f9f-928b-a34a5afc7c33,Nidecker,Vibes,2009,,,catalog:nidecker--vibes,unverified,,2026-09-02T23:05:13.572077+00:00
009ccff1-8a2e-4cbf-9721-07bab7795408,Nidecker,W-NDK,2010,,,catalog:nidecker--w-ndk,unverified,,2026-09-02T23:05:13.572077+00:00
1c56f1de-cedb-490a-9486-970c939e2228,Nitro,Addict,2011,,,catalog:nitro--addict,unverified,,2026-09-02T23:05:13.572077+00:00
e489a9be-b970-4e87-a95d-caef7ca5436f,Nitro,Afterlife,2017,,,catalog:nitro--afterlife,unverified,,2026-09-02T23:05:13.572077+00:00
5f02f444-6dfa-461a-8da5-3b084854ec0b,Nitro,Alias,2003,,,catalog:nitro--alias,verified,,2026-09-02T23:05:13.572077+00:00
59d309df-2f16-4254-8a4a-5f914b382116,Nitro,Alternator,2024,,,catalog:nitro--alternator,verified,,2026-09-02T23:05:13.572077+00:00
1b48454b-f880-407c-817c-67399771fa2c,Nitro,Arial,2027,,,catalog:nitro--arial,unverified,,2026-09-02T23:05:13.572077+00:00
3d1518b5-e0a0-4ef8-99eb-022626c98482,Nitro,ARX,2000,,,catalog:nitro--arx,unverified,,2026-09-02T23:05:13.572077+00:00
f2c42f7b-5302-4b2b-8efd-dde22a283df3,Nitro,Atlas,2002,,,catalog:nitro--atlas,verified,,2026-09-02T23:05:13.572077+00:00
4311b0e4-05a1-478b-a360-210a51bbd5b3,Nitro,Attax,2002,,,catalog:nitro--attax,verified,,2026-09-02T23:05:13.572077+00:00
14386cd7-079d-47a7-a3b3-333bacb6f505,Nitro,Banker,2027,,,catalog:nitro--banker,verified,,2026-09-02T23:05:13.572077+00:00
c2533241-ddd6-4a7a-8789-78d366b37970,Nitro,Basher,2026,,,catalog:nitro--basher,unverified,,2026-09-04T18:50:01.888127+00:00
3eaffd99-bde3-48ef-8bbf-cad6301cd423,Nitro,Beast,2020,,,seed:linestry-research-2026-06,verified,,2026-06-19T05:24:20.410856+00:00
35dd0103-d91e-47f5-ba78-d6b590b99306,Nitro,Beauty,2026,,,catalog:nitro--beauty,unverified,,2026-09-04T18:50:01.888127+00:00
e47c128c-039c-403d-80ef-fc444f6efd04,Nitro,Black Widow,2003,,,catalog:nitro--black-widow,verified,,2026-09-02T23:05:13.572077+00:00
bf4c9715-01ac-48e0-ab34-2a2f6eadda56,Nitro,Blacklight,2008,,,catalog:nitro--blacklight,verified,,2026-09-02T23:05:13.572077+00:00
39c6e419-f4a8-4e95-bf22-8bcf0d40ad86,Nitro,Blazer,2002,,,catalog:nitro--blazer,verified,,2026-09-02T23:05:13.572077+00:00
6066e8e7-79fd-4fa0-aac2-2ff6ec6f0fc0,Nitro,Brawler,2006,,,catalog:nitro--brawler,verified,,2026-09-02T23:05:13.572077+00:00
bc72aadf-76b7-4a91-8ca1-8b2ccff5f902,Nitro,Cannon,2026,,,catalog:nitro--cannon,unverified,,2026-09-02T23:05:13.572077+00:00
f5386c91-2eb2-4c11-a1d8-1a0fdc2f22e0,Nitro,Carrara,2008,,,catalog:nitro--carrara,verified,,2026-09-02T23:05:13.572077+00:00
f64fef82-e684-4299-a3ce-072849406d82,Nitro,Cheap Thrills,2025,,,catalog:nitro--cheap-thrills,verified,,2026-09-02T23:05:13.572077+00:00
969ffb88-dd08-43a7-a334-1923cc6fef39,Nitro,Cheryl Maas,2009,,,catalog:nitro--cheryl-maas,unverified,,2026-09-02T23:05:13.572077+00:00
db79181d-58c0-4d95-bd73-db6520071db1,Nitro,Cinema,2017,,,catalog:nitro--cinema,unverified,,2026-09-02T23:05:13.572077+00:00
a36368d5-42ec-475a-8702-baf68c3d808a,Nitro,Darkhorse,2004,,,catalog:nitro--darkhorse,verified,,2026-09-02T23:05:13.572077+00:00
0917b1ab-4063-4ad0-b12e-74b1a3dd243b,Nitro,Demand,2011,,,catalog:nitro--demand,unverified,,2026-09-02T23:05:13.572077+00:00
f25668d8-a762-449d-8db2-d35f1ee2bcaf,Nitro,Diablo,1992,,,catalog:nitro--diablo,unverified,,2026-09-02T23:05:13.572077+00:00
98953d3b-daf5-4ae8-9c34-e48eb2984d5e,Nitro,Dinghy,2023,,,catalog:nitro--dinghy,verified,,2026-09-02T23:05:13.572077+00:00
4c65cf5e-c66c-427d-af70-4cca98dafb04,Nitro,Doppleganger,2017,,,catalog:nitro--doppleganger,unverified,,2026-09-02T23:05:13.572077+00:00
f8ad204a-d4a0-4ca1-b612-60d6f4f3597a,Nitro,Drop,2027,,,catalog:nitro--drop,unverified,,2026-09-02T23:05:13.572077+00:00
ef68c282-9a39-4faa-8ac3-16532514e268,Nitro,Dropout,2022,,,catalog:nitro--dropout,unverified,,2026-09-02T23:05:13.572077+00:00
4939648a-f3fc-4c8f-b6c0-7a3f6331331d,Nitro,Eero Ettala,2008,,,catalog:nitro--eero-ettala,verified,,2026-09-02T23:05:13.572077+00:00
c4eb4bb8-ca9e-4887-8e9d-5b729b36d45b,Nitro,EFT,1991,,,catalog:nitro--eft,unverified,,2026-09-02T23:05:13.572077+00:00
f624e353-bb48-4f90-9148-d8e81bbe93ba,Nitro,Factory Team,2012,,,catalog:nitro--factory-team,unverified,,2026-09-02T23:05:13.572077+00:00
0c1f2353-6016-45c8-a51a-47162fb2d8a5,Nitro,Fate,2004,,,catalog:nitro--fate,verified,,2026-09-02T23:05:13.572077+00:00
5068f162-dc28-4d1a-b4aa-956cfbaa1329,Nitro,FinTwin,2027,,,catalog:nitro--fintwin,unverified,,2026-09-02T23:05:13.572077+00:00
board_1772833835002_h6pny,Nitro,Fusion,1989,,,,unverified,0394914d-6ffd-4a18-aa1f-1aafee7ce53a,2026-03-06T21:50:35.278399+00:00
4aa47e6a-fb8a-4c99-bf60-2632681fd0ec,Nitro,Future Team,2002,,,catalog:nitro--future-team,verified,,2026-09-02T23:05:13.572077+00:00
bac46af0-94e3-4b7a-b6c4-577067aae93f,Nitro,Future Team Pro MK,2026,,,catalog:nitro--future-team-pro-mk,unverified,,2026-09-04T18:50:01.888127+00:00
91e4d5ed-25c4-4257-8d46-8e9ce28df2ac,Nitro,Glide,2002,,,catalog:nitro--glide,verified,,2026-09-02T23:05:13.572077+00:00
684d3345-b229-4026-aacc-a6e5f90c77b9,Nitro,GTO,2002,,,catalog:nitro--gto,verified,,2026-09-02T23:05:13.572077+00:00
a33f9cbe-d8c9-49d9-aa0d-882583229700,Nitro,Gun,2008,,,catalog:nitro--gun,verified,,2026-09-02T23:05:13.572077+00:00
7a11fd06-3a36-415c-8996-42dff863f0c2,Nitro,Haze,2010,,,catalog:nitro--haze,unverified,,2026-09-02T23:05:13.572077+00:00
210136c6-1264-4463-be7f-f3c8f68e3cf7,Nitro,Highlander,2022,,,catalog:nitro--highlander,unverified,,2026-09-02T23:05:13.572077+00:00
20b2050f-68c9-4e06-abe3-450a2defc828,Nitro,Ika,2027,,,catalog:nitro--ika,unverified,,2026-09-02T23:05:13.572077+00:00
65d3ee4d-3cb9-44c0-b7a1-4a4288b954bc,Nitro,Janna,2008,,,catalog:nitro--janna,verified,,2026-09-02T23:05:13.572077+00:00
9545cf5f-8b1d-43b2-b511-e1c8f533e798,Nitro,Jeff Davis,1992,,,catalog:nitro--jeff-davis,verified,,2026-09-02T23:05:13.572077+00:00
a5bbeaf5-3cd1-406f-ae6e-585db635dacc,Nitro,Jem,2006,,,catalog:nitro--jem,verified,,2026-09-02T23:05:13.572077+00:00
9eff8514-2de8-4f6a-ad13-51f0877dc424,Nitro,Karma,2024,,,catalog:nitro--karma,verified,,2026-09-02T23:05:13.572077+00:00
dcd2f900-a68e-4d5b-a6bd-3f6a42e81d9b,Nitro,Lectra,2010,,,catalog:nitro--lectra,verified,,2026-09-02T23:05:13.572077+00:00
7eceb5f1-1a3a-4bfb-9793-58a76d4a82b1,Nitro,Lectra Abstract,2026,,,catalog:nitro--lectra-abstract,unverified,,2026-09-04T18:50:01.888127+00:00
b48c320b-8d73-4dd5-8a24-3d2da8919552,Nitro,Lectra Leaf Cam-Out,2026,,,catalog:nitro--lectra-leaf-cam-out,unverified,,2026-09-04T18:50:01.888127+00:00
a528fb75-79b9-4047-abc3-a90da8d5dde2,Nitro,Magnum,2002,,,catalog:nitro--magnum,verified,,2026-09-02T23:05:13.572077+00:00
31396843-646c-410b-a8b2-bb0601eaccf1,Nitro,Mastercarve,2027,,,catalog:nitro--mastercarve,unverified,,2026-09-02T23:05:13.572077+00:00
c71cf23d-313e-4d76-9b54-baaeb7a19a78,Nitro,Mercy,2027,,,catalog:nitro--mercy,unverified,,2026-09-02T23:05:13.572077+00:00
d02e7364-6fa7-47b7-afec-1b49e168d2a3,Nitro,Metal,2002,,,catalog:nitro--metal,verified,,2026-09-02T23:05:13.572077+00:00
23e16a4c-bfee-46e0-a6de-2c4999addfb7,Nitro,MFM,2008,,,catalog:nitro--mfm,verified,,2026-09-02T23:05:13.572077+00:00
1a2146d9-a1f4-4f3f-8e8a-e34bc4660f88,Nitro,Mini Pro Eero,2008,,,catalog:nitro--mini-pro-eero,unverified,,2026-09-02T23:05:13.572077+00:00
75fb4767-2445-4016-8cce-b123eae95cc7,Nitro,Mini Pro MFM,2008,,,catalog:nitro--mini-pro-mfm,unverified,,2026-09-02T23:05:13.572077+00:00
fa9aa4a9-26d0-4c3d-a2c2-e6cbe50ce1fc,Nitro,Mini Thrills,2026,,,catalog:nitro--mini-thrills,unverified,,2026-09-04T18:50:01.888127+00:00
ca1fed97-6af6-4184-ba96-d5aace00d859,Nitro,Miniganger Splitboard,2026,,,catalog:nitro--miniganger-splitboard,unverified,,2026-09-04T18:50:01.888127+00:00
8661ff51-6455-4cce-b0ab-55c831e0ccd1,Nitro,Misfit,2006,,,catalog:nitro--misfit,verified,,2026-09-02T23:05:13.572077+00:00
e508cdf1-6524-4f72-aa3f-42ab9829afa4,Nitro,Mountain,2016,,,catalog:nitro--mountain,verified,,2026-09-02T23:05:13.572077+00:00
33b1c9ad-5176-4c70-8a5b-71c4fd76a80b,Nitro,Mountain X Grif,2020,,,catalog:nitro--mountain-x-grif,unverified,,2026-09-02T23:05:13.572077+00:00
6632c125-f812-426d-a1ae-bd9724bad1a4,Nitro,Mystique,2006,,,catalog:nitro--mystique,verified,,2026-09-02T23:05:13.572077+00:00
7039a0d6-69a7-403a-9c1c-6c4b336ddbc0,Nitro,Naturals,2000,,,catalog:nitro--naturals,verified,,2026-09-02T23:05:13.572077+00:00
2e01740f-41eb-46de-b42d-b4ef359776f0,Nitro,Nicola,2000,,,catalog:nitro--nicola,unverified,,2026-09-02T23:05:13.572077+00:00
9ce48653-fa5b-43f2-88a8-1612994e4f36,Nitro,Nomad,2017,,,catalog:nitro--nomad,unverified,,2026-09-02T23:05:13.572077+00:00
e2893386-6f3b-4b30-a60c-7d2e7b020ddb,Nitro,Nova,2027,,,catalog:nitro--nova,unverified,,2026-09-02T23:05:13.572077+00:00
331a070c-c8ca-488c-8114-afa6bf8f1ceb,Nitro,NYX,2006,,,catalog:nitro--nyx,verified,,2026-09-02T23:05:13.572077+00:00
71ba36eb-b2dd-44eb-9c77-c8858674ad11,Nitro,OG Team,2027,,,catalog:nitro--og-team,unverified,,2026-09-02T23:05:13.572077+00:00
45056f61-247a-4719-8c65-2fba9f18a51c,Nitro,Optisym,2026,,,catalog:nitro--optisym,unverified,,2026-09-04T18:50:01.888127+00:00
7d3f1840-e731-461d-b7a0-a139355849b6,Nitro,Pantera,2006,,,catalog:nitro--pantera,verified,,2026-09-02T23:05:13.572077+00:00
ade76c9d-ae2e-41f3-9ceb-5eddb66a92c8,Nitro,Pantera,2010,,,seed:linestry-research-2026-06,verified,,2026-06-19T05:24:20.410856+00:00
593f7a26-16f9-44ab-82b1-d8405d65c416,Nitro,Phase,2027,,,catalog:nitro--phase,unverified,,2026-09-02T23:05:13.572077+00:00
7d491ac3-06a9-45c7-93dc-525399db6c42,Nitro,Phoenix,2004,,,catalog:nitro--phoenix,verified,,2026-09-02T23:05:13.572077+00:00
afcef88f-d7f3-4d18-bd29-4a176e34b9d2,Nitro,Pow,2026,,,catalog:nitro--pow,unverified,,2026-09-04T18:50:01.888127+00:00
ba0f0b45-720c-49d1-9e85-baad100b0bab,Nitro,Powdergun,2002,,,catalog:nitro--powdergun,verified,,2026-09-02T23:05:13.572077+00:00
198776ba-df0a-4493-a8ab-b79ca346a9f0,Nitro,Prime,2010,,,catalog:nitro--prime,verified,,2026-09-02T23:05:13.572077+00:00
85633749-0aa1-4f95-9469-7437c934dc56,Nitro,Prime Chroma Cam-Out,2026,,,catalog:nitro--prime-chroma-cam-out,unverified,,2026-09-04T18:50:01.888127+00:00
0b8b89c5-5205-466e-828c-3bb4537b8b82,Nitro,Prime Raw,2026,,,catalog:nitro--prime-raw,unverified,,2026-09-04T18:50:01.888127+00:00
6e5a0d74-c799-4eb2-82f8-356310b618b0,Nitro,Pro One-Off,2008,,,catalog:nitro--pro-one-off,unverified,,2026-09-02T23:05:13.572077+00:00
b230349a-58d1-4732-8d1b-a45568e2f10c,Nitro,Pro Series,2001,,,catalog:nitro--pro-series,verified,,2026-09-02T23:05:13.572077+00:00
144322c7-0627-4bbb-8b9e-153f7abcb59e,Nitro,Prolight,2008,,,catalog:nitro--prolight,verified,,2026-09-02T23:05:13.572077+00:00
dc3f38d2-4a8b-4077-88d6-01c3a47d2a97,Nitro,Punisher,2003,,,catalog:nitro--punisher,verified,,2026-09-02T23:05:13.572077+00:00
f7ce4516-ad71-45e5-81e2-bb84a989bd39,Nitro,Pyro,1991,,,catalog:nitro--pyro,verified,,2026-09-02T23:05:13.572077+00:00
c6953253-93df-4bcf-8790-63dfcf2aed09,Nitro,Quiver,2017,,,catalog:nitro--quiver,verified,,2026-09-02T23:05:13.572077+00:00
81403903-a6b0-4449-881a-5dc53f0b9293,Nitro,Resistance,2006,,,catalog:nitro--resistance,verified,,2026-09-02T23:05:13.572077+00:00
d7b95aee-056b-4e47-bcd9-001cfe1de1e0,Nitro,Revolt,2006,,,catalog:nitro--revolt,verified,,2026-09-02T23:05:13.572077+00:00
c724c170-05ba-4d97-b6bb-5dd19bea57ef,Nitro,Ripper,2008,,,catalog:nitro--ripper,verified,,2026-09-02T23:05:13.572077+00:00
a2e09761-90d1-405a-8dba-d3875b58264f,Nitro,Rook,2010,,,catalog:nitro--rook,unverified,,2026-09-02T23:05:13.572077+00:00
0b8c953d-2342-4417-b907-b1e6be1fb7b0,Nitro,Runaway,2008,,,catalog:nitro--runaway,verified,,2026-09-02T23:05:13.572077+00:00
c2bcdacf-e657-4a31-bd44-0afd827b6b82,Nitro,Saber,2004,,,catalog:nitro--saber,verified,,2026-09-02T23:05:13.572077+00:00
96ad8269-e434-43b8-916e-4e21fcb9d183,Nitro,Santoku,2027,,,catalog:nitro--santoku,unverified,,2026-09-02T23:05:13.572077+00:00
4dbc64d8-3ed9-40ef-aef1-1d96a6eed92e,Nitro,Scope,2003,,,catalog:nitro--scope,verified,,2026-09-02T23:05:13.572077+00:00
98450d76-a22f-4d79-bd82-3d6a38c3b234,Nitro,Shadow,2000,,,catalog:nitro--shadow,verified,,2026-09-02T23:05:13.572077+00:00
beead4e5-13fa-4852-a807-f13aacb0e434,Nitro,Shield,2008,,,catalog:nitro--shield,verified,,2026-09-02T23:05:13.572077+00:00
82817b7e-a01d-4c90-b217-9cc2f57ef096,Nitro,Shogun,2003,,,catalog:nitro--shogun,verified,,2026-09-02T23:05:13.572077+00:00
e0a3d116-f6a6-4054-8efd-089e72aa65f7,Nitro,Slash,2008,,,catalog:nitro--slash,verified,,2026-09-02T23:05:13.572077+00:00
8c0177c5-5c8e-43e0-aac1-13dabce54fbd,Nitro,Slash,2010,,,seed:linestry-research-2026-06,verified,,2026-06-19T05:24:20.410856+00:00
906de941-c6b4-44e2-be93-13e147df1cf9,Nitro,SMP,2017,,,catalog:nitro--smp,unverified,,2026-09-02T23:05:13.572077+00:00
47cf7771-e7a1-49cc-a5b4-c099bf74a21e,Nitro,Spirit,2027,,,catalog:nitro--spirit,unverified,,2026-09-02T23:05:13.572077+00:00
154a18d9-3f32-4e0a-8a14-ef9d70625880,Nitro,Squash,2018,,,catalog:nitro--squash,verified,,2026-09-02T23:05:13.572077+00:00
fdc518f5-5afa-479b-8210-01c46c45f924,Nitro,Storm,2002,,,catalog:nitro--storm,verified,,2026-09-02T23:05:13.572077+00:00
0555ec67-4498-483d-94d0-4be63b6dc0c5,Nitro,Subzero,2010,,,catalog:nitro--subzero,unverified,,2026-09-02T23:05:13.572077+00:00
136c48f9-2880-4105-a8f5-930461febb16,Nitro,Suicide,2004,,,catalog:nitro--suicide,verified,,2026-09-02T23:05:13.572077+00:00
ace7f1d2-3504-4e5b-8bf4-14535bf8f540,Nitro,Supernaturals,2002,,,catalog:nitro--supernaturals,verified,,2026-09-02T23:05:13.572077+00:00
fe3514a6-6549-46cf-8566-25fb9c8e98df,Nitro,Suprateam,2002,,,catalog:nitro--suprateam,verified,,2026-09-02T23:05:13.572077+00:00
d5d4c4c7-d951-4c05-a625-61aa9c7d82c1,Nitro,Swindle,2008,,,catalog:nitro--swindle,verified,,2026-09-02T23:05:13.572077+00:00
9e2e17c0-bb98-4c6c-a07d-2b4061eafdcd,Nitro,T1,2004,,,catalog:nitro--t1,verified,,2026-09-02T23:05:13.572077+00:00
39bbd2ef-b7da-4bd0-a508-57e0506df2b2,Nitro,T1 Mid-Wide,2026,,,catalog:nitro--t1-mid-wide,unverified,,2026-09-04T18:50:01.888127+00:00
e677fc11-70a9-4625-8774-384c2b4b8102,Nitro,T2,2004,,,catalog:nitro--t2,verified,,2026-09-02T23:05:13.572077+00:00
a7eca571-d8d4-4b4e-b0b3-b2d4b4f1e506,Nitro,Team,1990,,,seed:linestry-research-2026-06,verified,,2026-06-19T05:24:20.410856+00:00
ac59684f-57ab-439e-9e7a-20ce72ed20c2,Nitro,Team,2002,,,catalog:nitro--team,verified,,2026-09-02T23:05:13.572077+00:00
a4cb719c-a739-4063-b795-26823c480ee8,Nitro,Team Pro,2026,,,catalog:nitro--team-pro,unverified,,2026-09-02T23:05:13.572077+00:00
d42b1d56-20bb-4e07-98d2-f20c0afefeaa,Nitro,Team Pro MK,2026,,,catalog:nitro--team-pro-mk,unverified,,2026-09-04T18:50:01.888127+00:00
8ec3d762-35d8-408b-9229-0a34c714615a,Nitro,Team Pro MK Bel Air,2026,,,catalog:nitro--team-pro-mk-bel-air,unverified,,2026-09-04T18:50:01.888127+00:00
f818ae89-a9a5-4f60-9899-64bb3ccbb552,Nitro,Template,2008,,,catalog:nitro--template,verified,,2026-09-02T23:05:13.572077+00:00
cc6b2279-db1d-4963-bcb3-e5ad86f7a615,Nitro,Thief,2012,,,catalog:nitro--thief,unverified,,2026-09-02T23:05:13.572077+00:00
576ec833-dffc-452a-b732-40b78129ddbe,Nitro,Titan,2002,,,catalog:nitro--titan,verified,,2026-09-02T23:05:13.572077+00:00
b0d5cbfa-c85c-496a-8cb6-fd7bfd648cfc,Nitro,TØ,2006,,,catalog:nitro--t,verified,,2026-09-02T23:05:13.572077+00:00
35e2bb53-1809-4dc5-aabc-37a628c21de2,Nitro,Torque,2002,,,catalog:nitro--torque,verified,,2026-09-02T23:05:13.572077+00:00
e05ca840-4d6f-480d-adcd-d6754addead4,Nitro,Vandal,2006,,,catalog:nitro--vandal,verified,,2026-09-02T23:05:13.572077+00:00
76014ab3-11b2-4a68-bfd3-ae4f89c8610a,Nitro,Vertical Splitboard,2026,,,catalog:nitro--vertical-splitboard,unverified,,2026-09-04T18:50:01.888127+00:00
47130e9e-4ac5-4b0c-a785-a632ec355908,Nitro,Victoria,2024,,,catalog:nitro--victoria,verified,,2026-09-02T23:05:13.572077+00:00
4ac6aced-f422-4ad3-b5c5-d75dc6471bf3,Nitro,Volta Splitboard,2026,,,catalog:nitro--volta-splitboard,unverified,,2026-09-04T18:50:01.888127+00:00
1403ee28-4482-4c3d-a777-f77991ae249d,Nitro,Volume,2008,,,catalog:nitro--volume,verified,,2026-09-02T23:05:13.572077+00:00
4fb88141-a76d-4103-8075-1ae8695f8ca5,Nitro,Wiig,2008,,,catalog:nitro--wiig,verified,,2026-09-02T23:05:13.572077+00:00
2b21f64d-07a0-420a-a53e-c6775b7cd559,Nitro,Woodcarver,2018,,,catalog:nitro--woodcarver,unverified,,2026-09-02T23:05:13.572077+00:00
5c2690a0-30ac-4882-8f3c-88eb8accee79,Nitro,x Inter,2026,,,catalog:nitro--x-inter,unverified,,2026-09-04T18:50:01.888127+00:00
8d133651-59a5-4d9d-82bd-d11967dd1970,Nitro,Zaza,2027,,,catalog:nitro--zaza,unverified,,2026-09-02T23:05:13.572077+00:00
f419c54a-1809-4581-a5d2-e92257c5692a,Nobaday,ArcticStorm Freeride Powder,2024,,,catalog:nobaday--arcticstorm-freeride-powder,unverified,,2026-09-04T18:50:02.182686+00:00
4086c0fd-b75a-4bd0-a639-c7704098193b,Nobaday,Blackboard Pro 5.0 Camber,2026,,,catalog:nobaday--blackboard-pro-5-0-camber,unverified,,2026-09-04T18:50:02.182686+00:00
7e18fc60-4c73-4bbc-9409-e8136ec26db0,Nobaday,Gummy Bear,2026,,,catalog:nobaday--gummy-bear,unverified,,2026-09-04T18:50:02.182686+00:00
0c7bb368-1d30-4618-9dca-238fe0fa8492,Nobaday,Max Red Serpent Camber,2026,,,catalog:nobaday--max-red-serpent-camber,unverified,,2026-09-04T18:50:02.182686+00:00
7df4d71e-db55-462f-9421-8adf18ca6214,Nobaday,Max Taboo Camber,2026,,,catalog:nobaday--max-taboo-camber,unverified,,2026-09-04T18:50:02.182686+00:00
3accd658-9327-4ff2-8f09-789fc88ff7a9,Nobaday,Pure Free Camber Park,2024,,,catalog:nobaday--pure-free-camber-park,unverified,,2026-09-04T18:50:02.182686+00:00
b3e16bb3-3e1a-4388-b73b-2aacade8a114,Nobaday,Tiger Strike Camber,2024,,,catalog:nobaday--tiger-strike-camber,unverified,,2026-09-04T18:50:02.182686+00:00
d4e48389-f933-4c14-bf96-4e91a7a38fc1,Nobile,N8,2024,,,catalog:nobile--n8,unverified,,2026-09-02T23:05:13.572077+00:00
1ff07e95-0a43-4ecf-a91e-7963519f762d,Nobile,N8 Carbon,2024,,,catalog:nobile--n8-carbon,unverified,,2026-09-04T18:50:01.888127+00:00
72bff435-e96c-4e46-bd2c-f49cd946201a,Nobile,N8 TI,2024,,,catalog:nobile--n8-ti,unverified,,2026-09-04T18:50:01.888127+00:00
33b892a4-a730-4fe5-a7bc-93afe33b1fb1,Nobile,Race SBX,2024,,,catalog:nobile--race-sbx,unverified,,2026-09-02T23:05:13.572077+00:00
97017617-8506-4425-809a-c2f33dc94f4b,November,ARTISTE,2026,,,catalog:november--artiste,unverified,,2026-09-04T18:50:02.182686+00:00
3cb4904e-fd32-4bc7-9b2a-f411ae899724,November,BACKCITY,2026,,,catalog:november--backcity,unverified,,2026-09-04T18:50:02.182686+00:00
44baab51-3a01-41fe-bb1b-a9cadfcea56e,November,C-KENTIAL,2026,,,catalog:november--c-kential,unverified,,2026-09-04T18:50:02.182686+00:00
bc90dfd9-85af-4980-a69a-c2af40087489,November,D4,2026,,,catalog:november--d4,unverified,,2026-09-04T18:50:02.182686+00:00
0fbab7b1-a549-4778-817e-b939bd79f2cf,November,D4W,2026,,,catalog:november--d4w,unverified,,2026-09-04T18:50:02.182686+00:00
37bee699-e286-44a8-9b77-45844735aae8,November,DESIRE,2026,,,catalog:november--desire,unverified,,2026-09-04T18:50:02.182686+00:00
4788bb08-6431-4747-97b8-abff1bed8617,November,DESIRE RS,2026,,,catalog:november--desire-rs,unverified,,2026-09-04T18:50:02.182686+00:00
7e914b46-816a-4c56-91e1-f37173488fe5,November,DESIRE W,2026,,,catalog:november--desire-w,unverified,,2026-09-04T18:50:02.182686+00:00
ad2dfaca-464b-4aec-b248-9fa5e711d0ac,November,DOGWALK,2026,,,catalog:november--dogwalk,unverified,,2026-09-04T18:50:02.182686+00:00
1d71443c-46bf-43f9-a6cd-8f0a469b3be6,November,DX4,2026,,,catalog:november--dx4,unverified,,2026-09-04T18:50:02.182686+00:00
13a18ca5-31ea-4943-addd-e3dd10f32304,November,ICECAT,2026,,,catalog:november--icecat,unverified,,2026-09-04T18:50:02.182686+00:00
e95837be-b520-4781-a46b-3d58cd939679,November,KAILA,2026,,,catalog:november--kaila,unverified,,2026-09-04T18:50:02.182686+00:00
8fcf5c46-9d7e-4578-a8bc-048e489472a1,November,KD,2026,,,catalog:november--kd,unverified,,2026-09-04T18:50:02.182686+00:00
4322df8f-7646-4a8b-b3cf-12ad390034a3,November,KJ,2026,,,catalog:november--kj,unverified,,2026-09-04T18:50:02.182686+00:00
1712d75d-43cc-47ce-9629-37827ebbb424,November,LIVER TOUR,2026,,,catalog:november--liver-tour,unverified,,2026-09-04T18:50:02.182686+00:00
4a300b0a-6ee9-41cc-aba6-d0477e94b492,November,MOUNTAINFOX,2026,,,catalog:november--mountainfox,unverified,,2026-09-04T18:50:02.182686+00:00
af6235af-9395-4aff-8871-1e01d7a0ef54,November,NV.C,2026,,,catalog:november--nv-c,unverified,,2026-09-04T18:50:02.182686+00:00
ebe8ce3d-c926-401c-8cd0-74794d8de406,Ogasaka,AX,2025,,,catalog:ogasaka--ax,unverified,,2026-09-02T23:05:13.572077+00:00
59abc244-a1ef-4876-bdfd-46e6e59ccef8,Ogasaka,CT,2025,,,catalog:ogasaka--ct,unverified,,2026-09-02T23:05:13.572077+00:00
3c09f918-d3dd-44b7-8a2a-d1e4d0a12a23,Ogasaka,CT-IZ,2026,,,catalog:ogasaka--ct-iz,unverified,,2026-09-04T18:50:01.888127+00:00
22fa0b73-c18b-474b-8248-e329d5e4495b,Ogasaka,CT-S,2026,,,catalog:ogasaka--ct-s,unverified,,2026-09-04T18:50:01.888127+00:00
8f09211c-3322-4602-8ceb-c829d1a48e54,Ogasaka,CT-TWIN,2026,,,catalog:ogasaka--ct-twin,unverified,,2026-09-04T18:50:01.888127+00:00
7e9bad8b-7ada-4ff0-9baa-e5db0e9fe0ec,Ogasaka,FACET,2025,,,catalog:ogasaka--facet,unverified,,2026-09-02T23:05:13.572077+00:00
dfb555ed-62c1-4035-820c-ce44ea53547f,Ogasaka,FACET CA147,2026,,,catalog:ogasaka--facet-ca147,unverified,,2026-09-04T18:50:01.888127+00:00
d7940a6f-e6ea-4887-af18-eb56d4bfcf06,Ogasaka,FACET SW153,2026,,,catalog:ogasaka--facet-sw153,unverified,,2026-09-04T18:50:01.888127+00:00
58919c31-3b0a-4107-86aa-5fe1c7b18285,Ogasaka,FC,2025,,,catalog:ogasaka--fc,unverified,,2026-09-02T23:05:13.572077+00:00
ff365828-2779-4632-a7c1-d594be7fb334,Ogasaka,FC-S,2026,,,catalog:ogasaka--fc-s,unverified,,2026-09-04T18:50:01.888127+00:00
309a9117-0f6e-40e1-abc2-b177912760eb,Ogasaka,LX,2026,,,catalog:ogasaka--lx,unverified,,2026-09-04T18:50:01.888127+00:00
13b926c9-d3b4-4a83-b206-faa70048bb57,Ogasaka,ORCA,2025,,,catalog:ogasaka--orca,unverified,,2026-09-02T23:05:13.572077+00:00
28a7fd9c-11b5-489d-a61a-cbb7afd8db2d,Ogasaka,RX,2026,,,catalog:ogasaka--rx,unverified,,2026-09-04T18:50:01.888127+00:00
f4dfb602-e30f-4790-97cc-dc51aed7bd7c,Ogasaka,SHIN,2025,,,catalog:ogasaka--shin,unverified,,2026-09-02T23:05:13.572077+00:00
03e375f2-6025-4753-9053-320f66c91bf7,Ogasaka,SHIN SW158,2026,,,catalog:ogasaka--shin-sw158,unverified,,2026-09-04T18:50:01.888127+00:00
30918bb4-72de-4946-809c-8767491265bf,Ogasaka,SHIN SW172,2026,,,catalog:ogasaka--shin-sw172,unverified,,2026-09-04T18:50:01.888127+00:00
ae6b5cd4-132b-422d-9a08-5e3d281d143d,Ogasaka,SHIN SWCA163,2026,,,catalog:ogasaka--shin-swca163,unverified,,2026-09-04T18:50:01.888127+00:00
7b1b822f-d8c0-403b-b290-240a45b89c84,Ogasaka,SPROUT,2025,,,catalog:ogasaka--sprout,unverified,,2026-09-02T23:05:13.572077+00:00
9d37fda5-3452-4232-9276-8a3150f39ca4,Ogasaka,TF,2025,,,catalog:ogasaka--tf,unverified,,2026-09-02T23:05:13.572077+00:00
5b71c546-a774-4797-a6e5-99245c2ae8bc,Ogasaka,XC,2025,,,catalog:ogasaka--xc,unverified,,2026-09-02T23:05:13.572077+00:00
e658741b-40e0-42fe-ba0b-dae3fb48119e,Ogasaka,XC LE,2026,,,catalog:ogasaka--xc-le,unverified,,2026-09-04T18:50:01.888127+00:00
ef947c78-fd49-4eab-a837-a847eb53c517,Ogasaka,XC-R,2026,,,catalog:ogasaka--xc-r,unverified,,2026-09-04T18:50:01.888127+00:00
53105728-a4e4-425e-9855-bf8672452e62,Ogasaka,ZX,2027,,,catalog:ogasaka--zx,unverified,,2026-09-02T23:05:13.572077+00:00
0a661152-c4a5-4325-8cdd-78e8ffbdceb9,Option,Bella,2008,,,catalog:option--bella,unverified,,2026-09-02T23:05:13.572077+00:00
59c7ea6b-bc9c-4840-b9fa-0f12a4fe8ddd,Option,Booter,1999,,,catalog:option--booter,verified,,2026-09-02T23:05:13.572077+00:00
a57ad89f-85ff-45b2-8618-26e76ec0a654,Option,Cardiac,1999,,,catalog:option--cardiac,verified,,2026-09-02T23:05:13.572077+00:00
6edb118b-109e-400f-89f6-c9b111c04ce7,Option,Chatfield,2000,,,catalog:option--chatfield,verified,,2026-09-02T23:05:13.572077+00:00
ed5fa3eb-642c-4f85-97af-3971d0e5ce62,Option,Chris Dufficy,2008,,,catalog:option--chris-dufficy,unverified,,2026-09-02T23:05:13.572077+00:00
d9c566e1-4943-4f55-bd99-8a28d0dfad18,Option,Echo,2008,,,catalog:option--echo,unverified,,2026-09-02T23:05:13.572077+00:00
9cb8e017-b24d-4a73-a0f0-4db1893d3072,Option,Essential,1999,,,catalog:option--essential,verified,,2026-09-02T23:05:13.572077+00:00
ee136de7-98b6-497a-8aad-72000428463d,Option,Forecast,2008,,,catalog:option--forecast,unverified,,2026-09-02T23:05:13.572077+00:00
dfb9fddc-92e9-433b-95f2-e2d0920870e1,Option,Fortune,2008,,,catalog:option--fortune,unverified,,2026-09-02T23:05:13.572077+00:00
8808f52b-78a6-4036-a542-9c86ca1ad8a1,Option,Franchise,2008,,,catalog:option--franchise,unverified,,2026-09-02T23:05:13.572077+00:00
95d59942-ea3b-476e-9ab1-f025ac909047,Option,Free,1999,,,catalog:option--free,verified,,2026-09-02T23:05:13.572077+00:00
c8daea76-044e-48ca-93e3-e886e9a1019b,Option,Free Plus,2001,,,catalog:option--free-plus,verified,,2026-09-02T23:05:13.572077+00:00
4a5db78c-03d7-4506-ba4a-9a65f3a850a0,Option,Influence,2008,,,catalog:option--influence,unverified,,2026-09-02T23:05:13.572077+00:00
c87dda3e-1ba0-4e79-b6a0-1284716ecde7,Option,Jay Nelson,1999,,,catalog:option--jay-nelson,verified,,2026-09-02T23:05:13.572077+00:00
072c13c9-1186-4b63-98e3-3990728679ac,Option,Little SuperCap,1999,,,catalog:option--little-supercap,verified,,2026-09-02T23:05:13.572077+00:00
51eeaf72-eb97-4d42-916a-fd2a39adeee0,Option,Logic,2008,,,catalog:option--logic,unverified,,2026-09-02T23:05:13.572077+00:00
c352e043-c519-409f-8e9b-d1482db8fa97,Option,Makinen,2001,,,catalog:option--makinen,verified,,2026-09-02T23:05:13.572077+00:00
7a255bd9-ede6-41f4-a17a-b0b409508b27,Option,Mini Pro,2000,,,catalog:option--mini-pro,verified,,2026-09-02T23:05:13.572077+00:00
618979c8-0fd9-48c7-b89e-1b2ee2a70729,Option,Mirror,2008,,,catalog:option--mirror,unverified,,2026-09-02T23:05:13.572077+00:00
a76fbe53-266b-4172-9250-d3f42c2cd8d1,Option,Motive,2008,,,catalog:option--motive,verified,,2026-09-02T23:05:13.572077+00:00
ea4c244b-0280-4b06-857b-6bf38b07cb71,Option,Paloma,2008,,,catalog:option--paloma,unverified,,2026-09-02T23:05:13.572077+00:00
7be1c5dc-15a9-47ad-a624-6ef2483d0171,Option,Redline,1999,,,catalog:option--redline,verified,,2026-09-02T23:05:13.572077+00:00
98e72e1c-00ef-474d-8026-1c12fcf4a505,Option,Sansalone,1999,,,catalog:option--sansalone,verified,,2026-09-02T23:05:13.572077+00:00
24998da4-70f7-4547-b593-24facb3fe577,Option,Signature,1999,,,catalog:option--signature,verified,,2026-09-02T23:05:13.572077+00:00
3c27dbe1-2644-41ea-88f0-9c642d3ddf0e,Option,Stomper,2001,,,catalog:option--stomper,verified,,2026-09-02T23:05:13.572077+00:00
3e515765-96d5-4576-a01c-db2ceebdcaec,Option,SuperCap,1999,,,catalog:option--supercap,verified,,2026-09-02T23:05:13.572077+00:00
c5edbcb9-ba90-4aef-a815-eeb7000c83c2,Option,SuperCharger,2000,,,catalog:option--supercharger,verified,,2026-09-02T23:05:13.572077+00:00
bd74629a-1492-4fab-8106-ddb6a8edc16f,Option,V2,2001,,,catalog:option--v2,verified,,2026-09-02T23:05:13.572077+00:00
0b34045f-548f-4661-8a8d-3409376852b1,Option,Vega,2008,,,catalog:option--vega,unverified,,2026-09-02T23:05:13.572077+00:00
a77b598a-3877-45f8-be66-76484c1de454,Option,Vinson,2008,,,catalog:option--vinson,unverified,,2026-09-02T23:05:13.572077+00:00
c0e06449-6b64-49ef-bfb1-a33f44dbbd91,Original Sin,Team,1997,,,catalog:original-sin--team,unverified,,2026-09-02T23:05:13.572077+00:00
board_1788196174648_jpc,Outland,Roundtail,1986,,,,unverified,b07818f3-e6d5-46e5-85ee-eef64cdd2b1a,2026-08-31T17:09:35.073937+00:00
board_1772833493703_26zko,Outland,Swallowtail,1986,,,,unverified,0394914d-6ffd-4a18-aa1f-1aafee7ce53a,2026-03-06T21:44:53.949167+00:00
c5c49a62-18c7-4ce2-bbfb-c6d1d5b35b4f,Oxess,AM-1,2026,,,catalog:oxess--am-1,unverified,,2026-09-04T18:50:01.888127+00:00
bc17488a-13fd-4989-bc2d-6d89237475b4,Oxess,BX Junior,2026,,,catalog:oxess--bx-junior,unverified,,2026-09-04T18:50:01.888127+00:00
5da25d17-cee6-4537-b28f-453cbf872842,Oxess,P-1,2026,,,catalog:oxess--p-1,unverified,,2026-09-04T18:50:01.888127+00:00
efe84b4f-fc64-42cb-b8d3-4133f4cc3576,Oxess,RXR,2026,,,catalog:oxess--rxr,unverified,,2026-09-04T18:50:01.888127+00:00
ceb156bb-389e-4eb6-ab85-114985fe0688,Oxess,WXR,2026,,,catalog:oxess--wxr,unverified,,2026-09-04T18:50:01.888127+00:00
3a95a0a7-7dd3-4b62-b0bd-4c621e37a03a,Oxess,XXR,2026,,,catalog:oxess--xxr,unverified,,2026-09-04T18:50:01.888127+00:00
9c1343e8-8664-4db0-baf1-9c0176eeb3b5,Oxygen,Supercross,2000,,,catalog:oxygen--supercross,unverified,,2026-09-02T23:05:13.572077+00:00
7b3772ef-d49d-473a-b370-34d039efeea7,Oxygen,Vibe,2000,,,catalog:oxygen--vibe,unverified,,2026-09-02T23:05:13.572077+00:00
856fc092-2309-4ff1-acb8-1e78edb9722f,Pallas,Epiphany Alpine Series Splitboard,2026,,,catalog:pallas--epiphany-alpine-series-splitboard,unverified,,2026-09-04T18:50:02.182686+00:00
2b1bc9fa-8cc7-4249-84ce-92a9bfd85ed9,Pallas,Epiphany Snowboard,2026,,,catalog:pallas--epiphany-snowboard,unverified,,2026-09-04T18:50:02.182686+00:00
98d751d6-79a7-41f3-bb2c-de0dd252fa42,Pallas,Hedonist Snowboard,2026,,,catalog:pallas--hedonist-snowboard,unverified,,2026-09-04T18:50:02.182686+00:00
81ade5a0-2d3e-4615-8977-6fd37e467d13,Pallas,Oversoul Snowboard,2026,,,catalog:pallas--oversoul-snowboard,unverified,,2026-09-04T18:50:02.182686+00:00
68c6318d-67b6-4819-81c6-102beab3e6e5,Pallas,Zeitgeist Snowboard,2026,,,catalog:pallas--zeitgeist-snowboard,unverified,,2026-09-04T18:50:02.182686+00:00
c7d41e2a-e650-4d09-89e2-a9745cadecc1,Palmer,Andy Finch,2003,,,catalog:palmer--andy-finch,unverified,,2026-09-02T23:05:13.572077+00:00
3e136ef4-fcb4-486f-ac97-242fec980917,Palmer,Andy Finch Twin,2009,,,catalog:palmer--andy-finch-twin,unverified,,2026-09-02T23:05:13.572077+00:00
28875c6d-3505-4f03-86e1-fde45b5954a9,Palmer,Biglight,2003,,,catalog:palmer--biglight,unverified,,2026-09-02T23:05:13.572077+00:00
03fd6dfd-822c-4325-9d44-5be60b7b1e30,Palmer,Burn,2009,,,catalog:palmer--burn,unverified,,2026-09-02T23:05:13.572077+00:00
edfa11c6-4510-44ae-954d-24665da83bac,Palmer,Carbon,1990,,,seed:linestry-research-2026-06,verified,,2026-06-19T05:24:20.410856+00:00
d2dfe909-b968-4e21-9d0b-ce1842ccc15d,Palmer,Carbon Circle,2002,,,catalog:palmer--carbon-circle,unverified,,2026-09-02T23:05:13.572077+00:00
c6924ea6-c0a7-40f4-858c-78cc3049684e,Palmer,Carbon Circle 2,2009,,,catalog:palmer--carbon-circle-2,unverified,,2026-09-02T23:05:13.572077+00:00
c6c1707e-95ae-4ddb-b45e-1e234fa4463a,Palmer,Channel,1990,,,seed:linestry-research-2026-06,verified,,2026-06-19T05:24:20.410856+00:00
3c1558e8-e0db-46fa-b169-ecbcd9938093,Palmer,Channel Titanium,2002,,,catalog:palmer--channel-titanium,unverified,,2026-09-02T23:05:13.572077+00:00
1dd794bd-bf3c-41e6-af87-1a6bee434f29,Palmer,Classic,2002,,,catalog:palmer--classic,verified,,2026-09-02T23:05:13.572077+00:00
841958e6-704c-473a-9e41-8e34cef119c8,Palmer,Crown,2004,,,catalog:palmer--crown,verified,,2026-09-02T23:05:13.572077+00:00
5d2672ba-a67e-4d56-8ae1-8c56ca0553bb,Palmer,Flash,2009,,,catalog:palmer--flash,unverified,,2026-09-02T23:05:13.572077+00:00
52addc70-d17d-463b-aadb-420962eff741,Palmer,Gap,2003,,,catalog:palmer--gap,unverified,,2026-09-02T23:05:13.572077+00:00
937f7677-beef-46ff-b21c-ecd563f0d60f,Palmer,Halo,2009,,,catalog:palmer--halo,unverified,,2026-09-02T23:05:13.572077+00:00
50b335bf-2f2c-474d-bafe-9d9771d56f72,Palmer,Honey Circle,2002,,,catalog:palmer--honey-circle,unverified,,2026-09-02T23:05:13.572077+00:00
72d35b7b-73b3-4caf-9c8b-8cc74365149a,Palmer,Honey Pro,2002,,,catalog:palmer--honey-pro,unverified,,2026-09-02T23:05:13.572077+00:00
413cef69-e9f0-4ea1-b923-73b17e5dba16,Palmer,Honeycomb,2002,,,catalog:palmer--honeycomb,verified,,2026-09-02T23:05:13.572077+00:00
db62d613-fffa-42ad-80b6-3dfc7e483d1a,Palmer,Jade,2009,,,catalog:palmer--jade,unverified,,2026-09-02T23:05:13.572077+00:00
da1fa7f5-a1c0-44e4-8e5f-8ce4e1d49329,Palmer,Liberty,2002,,,catalog:palmer--liberty,verified,,2026-09-02T23:05:13.572077+00:00
0164a3f3-41eb-48c9-9159-b9a4f16215e4,Palmer,Liberty Carbon,2003,,,catalog:palmer--liberty-carbon,unverified,,2026-09-02T23:05:13.572077+00:00
6f8aab6a-e868-4711-a232-9ca8217ab09f,Palmer,P-Line,2009,,,catalog:palmer--p-line,unverified,,2026-09-02T23:05:13.572077+00:00
f4bc317c-47b5-4013-8e75-a09d7e9fcbc8,Palmer,Palmer Pro,2012,,,catalog:palmer--palmer-pro,unverified,,2026-09-02T23:05:13.572077+00:00
53b97055-50d1-462b-9457-37d9dc0dbae7,Palmer,Patriot,2002,,,catalog:palmer--patriot,unverified,,2026-09-02T23:05:13.572077+00:00
0522a7c2-cb75-45b4-bd9f-d2d78871f5ac,Palmer,Platinum LE,2009,,,catalog:palmer--platinum-le,unverified,,2026-09-02T23:05:13.572077+00:00
d0e6886a-c8ae-4b0a-bf76-d4c5d2e91813,Palmer,PLS Shock,2004,,,catalog:palmer--pls-shock,unverified,,2026-09-02T23:05:13.572077+00:00
2047df4b-fdf1-4f92-b761-fbc76fcb9d24,Palmer,Pulse,2009,,,catalog:palmer--pulse,unverified,,2026-09-02T23:05:13.572077+00:00
c4483a7f-adc8-4016-ade6-14b1c0d64b1e,Palmer,Renegade,2003,,,catalog:palmer--renegade,unverified,,2026-09-02T23:05:13.572077+00:00
ed62597d-3121-45c0-a184-2c36e28288d0,Palmer,Saga,2010,,,catalog:palmer--saga,unverified,,2026-09-02T23:05:13.572077+00:00
db34f774-32ce-4893-92f8-a017091bc1e6,Palmer,Standard,2003,,,catalog:palmer--standard,unverified,,2026-09-02T23:05:13.572077+00:00
14c62440-ec85-42dc-a8b5-1c5526853d92,Palmer,Timeless,2009,,,catalog:palmer--timeless,unverified,,2026-09-02T23:05:13.572077+00:00
d1f4b8a0-3ed5-4269-95aa-928377320a0d,Palmer,Truth,2009,,,catalog:palmer--truth,unverified,,2026-09-02T23:05:13.572077+00:00
bc2b47c3-5c3f-4697-b5d7-65c3b4272541,Pathron,Carbon Gold,2023,,,catalog:pathron--carbon-gold,unverified,,2026-09-04T18:50:02.182686+00:00
7f88d8c0-f8a7-491f-b561-b98a9cc1a6ba,Pathron,Carbon Powder,2023,,,catalog:pathron--carbon-powder,unverified,,2026-09-04T18:50:02.182686+00:00
cc662d42-7de7-4e92-97ba-6199201d8bc8,Pathron,GTX Split,2023,,,catalog:pathron--gtx-split,unverified,,2026-09-04T18:50:02.182686+00:00
91d6c31a-4c4f-4295-aea6-7250fd6b841a,Pathron,Legend,2023,,,catalog:pathron--legend,unverified,,2026-09-04T18:50:02.182686+00:00
818e5ac0-5751-43cd-84a6-79789920145a,Pathron,Missile 2021,2021,,,catalog:pathron--missile-2021,unverified,,2026-09-04T18:50:02.182686+00:00
eed5294a-610d-4a8e-a853-36f8fbe07d8d,Pathron,Powder Hero,2023,,,catalog:pathron--powder-hero,unverified,,2026-09-04T18:50:02.182686+00:00
c5b23ce5-6f24-44cf-9cd1-d353f3fc11c1,Pathron,Scratch Split,2023,,,catalog:pathron--scratch-split,unverified,,2026-09-04T18:50:02.182686+00:00
41c809ee-d363-4a7c-849b-d74063705b40,Pathron,Sensei Carbon,2024,,,catalog:pathron--sensei-carbon,unverified,,2026-09-04T18:50:02.182686+00:00
066a2fd4-d300-4682-997e-8716cf16a5b0,Pathron,Sensei Limited,2024,,,catalog:pathron--sensei-limited,unverified,,2026-09-04T18:50:02.182686+00:00
33b3f7a0-92dc-40d1-b6b7-be1bd3fd0b70,Pathron,TT,2023,,,catalog:pathron--tt,unverified,,2026-09-04T18:50:02.182686+00:00
633fb9b5-271c-4ad1-80c5-aad1f6385f11,Prior,4WD,2022,,,catalog:prior--4wd,unverified,,2026-09-04T18:50:01.888127+00:00
b8dc39d5-fd08-4d1e-8f4d-b1fd6a68e92b,Prior,BC Split,2017,,,catalog:prior--bc-split,unverified,,2026-09-04T18:50:01.888127+00:00
c9550603-b916-47fd-8b1e-05fe7ec1c580,Prior,Brandywine,2019,,,catalog:prior--brandywine,unverified,,2026-09-02T23:05:13.572077+00:00
80b31739-9873-48a6-bd46-828af2653538,Prior,BX,2017,,,catalog:prior--bx,unverified,,2026-09-04T18:50:01.888127+00:00
a64d3e3f-1dc4-4170-bf71-a2f77360940b,Prior,Fissile,2019,,,catalog:prior--fissile,unverified,,2026-09-02T23:05:13.572077+00:00
8bb55aeb-384c-47dd-8ccc-dbe02e9a8075,Prior,FLC,2017,,,catalog:prior--flc,unverified,,2026-09-04T18:50:01.888127+00:00
41307d9f-9af5-4c64-b46c-e138670f9632,Prior,FX,2017,,,catalog:prior--fx,unverified,,2026-09-04T18:50:01.888127+00:00
95beb121-ccdb-41a4-98a3-96bce4a202bf,Prior,Khyber,2019,,,catalog:prior--khyber,unverified,,2026-09-02T23:05:13.572077+00:00
2815352c-e63c-4b4f-ad71-3c7c3bf85e7a,Prior,Legacy,2019,,,catalog:prior--legacy,unverified,,2026-09-02T23:05:13.572077+00:00
f9284940-1de1-487e-bfd9-52dca2c93471,Prior,MFR,2019,,,catalog:prior--mfr,unverified,,2026-09-02T23:05:13.572077+00:00
ab513bd3-04ba-425f-b60a-396209b30322,Prior,Phalanx,2021,,,catalog:prior--phalanx,unverified,,2026-09-04T18:50:01.888127+00:00
deb47245-31e1-41f1-a229-900db23f539d,Prior,Powstick,2019,,,catalog:prior--powstick,unverified,,2026-09-02T23:05:13.572077+00:00
7d70d081-44f8-43ec-8328-33ec6b0c4195,Prior,Slasher,2019,,,catalog:prior--slasher,unverified,,2026-09-02T23:05:13.572077+00:00
294363c2-492d-4882-bb0e-039d0e3d086e,Prior,Slaylok,2019,,,catalog:prior--slaylok,unverified,,2026-09-02T23:05:13.572077+00:00
fc1c3179-ad62-4fa9-b461-eb8203dfe643,Prior,Spearhead,2019,,,catalog:prior--spearhead,unverified,,2026-09-02T23:05:13.572077+00:00
f35e9f12-586e-48ce-b01d-b97a65f51e45,Prior,Swallowtail Split,2017,,,catalog:prior--swallowtail-split,unverified,,2026-09-04T18:50:01.888127+00:00
fc5df276-b165-4040-9821-d7a4469e6612,Prior,Thruster,2019,,,catalog:prior--thruster,unverified,,2026-09-02T23:05:13.572077+00:00
d42b39d5-1a1c-4760-b3f6-c2f02545ad1d,Prior,WCRM,2017,,,catalog:prior--wcrm,unverified,,2026-09-04T18:50:01.888127+00:00
4c6b3736-9f73-43f7-b90d-847e9863d815,Prior,Wildcard,2019,,,catalog:prior--wildcard,unverified,,2026-09-02T23:05:13.572077+00:00
07a11044-c139-4369-b7e3-599b82d185e2,Public,Disorder,2020,,,catalog:public--disorder,verified,,2026-09-02T23:05:13.572077+00:00
5bd44833-fbf0-4e45-abda-fc02a9637423,Public,Display,2020,,,catalog:public--display,unverified,,2026-09-02T23:05:13.572077+00:00
8b87748d-2714-4705-8505-25405083f9bc,Public,Dispute,2020,,,catalog:public--dispute,unverified,,2026-09-02T23:05:13.572077+00:00
424b1267-e70f-4448-81a4-09e3982de59f,Public,General Public,2020,,,catalog:public--general-public,unverified,,2026-09-02T23:05:13.572077+00:00
694423d7-0a4b-46c3-b0dd-48fde9c0ca47,Public,Jibgurl,2026,,,catalog:public--jibgurl,unverified,,2026-09-04T18:50:01.888127+00:00
d036f424-de37-4f96-aaaf-ee21a3f98a95,Public,Opinion,2020,,,catalog:public--opinion,unverified,,2026-09-02T23:05:13.572077+00:00
c0851563-a14b-4ca0-a27a-2fee31291a6a,Public,Outreach,2026,,,catalog:public--outreach,unverified,,2026-09-04T18:50:01.888127+00:00
f35d0dbd-2c4d-4a2f-988d-2c37b79ee450,Public,Research,2026,,,catalog:public--research,unverified,,2026-09-04T18:50:01.888127+00:00
0bc36aba-8dab-4118-aa42-ed8d6ec80633,Public,Statement,2026,,,catalog:public--statement,unverified,,2026-09-04T18:50:01.888127+00:00
4e4b7d42-26b9-47d0-89c8-b99ae3b49b99,Public,Therapy,2020,,,catalog:public--therapy,unverified,,2026-09-02T23:05:13.572077+00:00
334f0d73-a5ba-4a5b-8613-1d433a95b642,Rad Air,Tanker,1994,,,catalog:rad-air--tanker,unverified,,2026-09-02T23:05:13.572077+00:00
545bcf10-f624-43b7-a1a1-2e8a1d9009ee,Rad Air,Tanker 171 Split Tail,2025,,,catalog:rad-air--tanker-171-split-tail,unverified,,2026-09-04T18:50:01.888127+00:00
397fe5c5-9dcb-43b3-b942-af39a2e7376b,Rad Air,Winterstick Collab – Tanker 191 Split Tail,2023,,,catalog:rad-air--winterstick-collab-tanker-191-split-tail,unverified,,2026-09-04T18:50:01.888127+00:00
e4f6cd87-79ed-4125-8f32-4ed2f7081602,Raven,Anna,2026,,,catalog:raven--anna,unverified,,2026-09-04T18:50:02.182686+00:00
9537a7cd-a4a6-46c0-9f4a-20940bf35f04,Raven,Aura,2026,,,catalog:raven--aura,unverified,,2026-09-04T18:50:02.182686+00:00
0f589969-a74c-4890-bf09-a2064ef0cfc8,Raven,Bang Junior,2026,,,catalog:raven--bang-junior,unverified,,2026-09-04T18:50:02.182686+00:00
f37783cc-eede-42bd-acfb-c498ba35edb1,Raven,Barracuda Carbon Orange,2026,,,catalog:raven--barracuda-carbon-orange,unverified,,2026-09-04T18:50:02.182686+00:00
be6e9535-ba66-4183-8cbb-332847af9e3d,Raven,Core Junior,2026,,,catalog:raven--core-junior,unverified,,2026-09-04T18:50:02.182686+00:00
f09bb28c-9897-44cb-9572-4351f6b2bace,Raven,Destiny,2026,,,catalog:raven--destiny,unverified,,2026-09-04T18:50:02.182686+00:00
9e90a9f5-07da-4d5e-b06e-ccbdfc713033,Raven,Dwarf,2026,,,catalog:raven--dwarf,unverified,,2026-09-04T18:50:02.182686+00:00
ba269c3d-bb21-4e32-915d-d0c08a931207,Raven,Gravy Junior,2026,,,catalog:raven--gravy-junior,unverified,,2026-09-04T18:50:02.182686+00:00
6a5ba95c-f1de-437a-b366-b91daf730f98,Raven,Grizzly,2026,,,catalog:raven--grizzly,unverified,,2026-09-04T18:50:02.182686+00:00
87c53049-2a0d-4431-beb1-8462fd7f1593,Raven,Lion,2026,,,catalog:raven--lion,unverified,,2026-09-04T18:50:02.182686+00:00
819bca9d-cd78-4a15-a6f6-449bf109ecf9,Raven,Lupus,2026,,,catalog:raven--lupus,unverified,,2026-09-04T18:50:02.182686+00:00
70619dda-b4ad-43c2-a6ce-0fa4aa0c19a4,Raven,Mia Black,2026,,,catalog:raven--mia-black,unverified,,2026-09-04T18:50:02.182686+00:00
773d4634-1962-4b91-8841-c894ec431cda,Raven,Mia White,2026,,,catalog:raven--mia-white,unverified,,2026-09-04T18:50:02.182686+00:00
0af186f9-e85f-4e31-af9a-73d9a82b665e,Raven,Mystic,2026,,,catalog:raven--mystic,unverified,,2026-09-04T18:50:02.182686+00:00
0acef1cf-f4a1-4a97-8722-2b5e9a19687a,Raven,Pearl Junior,2026,,,catalog:raven--pearl-junior,unverified,,2026-09-04T18:50:02.182686+00:00
d3897486-7153-492d-ad7e-9d1c62c53b82,Raven,PRO Legend,2026,,,catalog:raven--pro-legend,unverified,,2026-09-04T18:50:02.182686+00:00
5994e736-bfc7-4f2f-84b6-0c316cf9099f,Raven,PRO OpenMind,2026,,,catalog:raven--pro-openmind,unverified,,2026-09-04T18:50:02.182686+00:00
9d01d98d-3f83-41b3-8c64-2655403bbafb,Raven,PRO Sensei Carbon,2026,,,catalog:raven--pro-sensei-carbon,unverified,,2026-09-04T18:50:02.182686+00:00
b889ee2e-d2ae-476e-a467-b2837c3e1d4f,Raven,PRO Sensei Limited,2026,,,catalog:raven--pro-sensei-limited,unverified,,2026-09-04T18:50:02.182686+00:00
deb6e0b6-91b7-412a-a845-95c1e2331ab4,Raven,Pulse,2026,,,catalog:raven--pulse,unverified,,2026-09-04T18:50:02.182686+00:00
cba3e0eb-71e8-4670-b163-876b12045d81,Raven,Pure Black,2026,,,catalog:raven--pure-black,unverified,,2026-09-04T18:50:02.182686+00:00
73c11783-7e2e-4081-8e4b-63e3c9f1abf4,Raven,Satine,2026,,,catalog:raven--satine,unverified,,2026-09-04T18:50:02.182686+00:00
a535eb53-fd0e-4769-bd5a-c8b4442363b9,Raven,Solid Classic A,2026,,,catalog:raven--solid-classic-a,unverified,,2026-09-04T18:50:02.182686+00:00
7aceb02d-fe16-401c-bbeb-f218273f27f5,Raven,Solid Steel,2026,,,catalog:raven--solid-steel,unverified,,2026-09-04T18:50:02.182686+00:00
cc661128-81de-4668-9ac8-a2e561991b2b,Raven,Supreme Black,2026,,,catalog:raven--supreme-black,unverified,,2026-09-04T18:50:02.182686+00:00
1b385f03-6a5a-4451-8214-506f68f65f39,Raven,Supreme Green A,2026,,,catalog:raven--supreme-green-a,unverified,,2026-09-04T18:50:02.182686+00:00
8eac8ccf-ea84-4c3e-9b7c-df4f738074b6,Raven,Supreme Green B,2026,,,catalog:raven--supreme-green-b,unverified,,2026-09-04T18:50:02.182686+00:00
15e70257-762c-4f70-a29f-a79d3db1da13,Raven,Supreme White,2026,,,catalog:raven--supreme-white,unverified,,2026-09-04T18:50:02.290726+00:00
20f11e65-70ed-457d-a913-aeb8f52716ec,Raven,Trench Carbon Navy/Orange,2026,,,catalog:raven--trench-carbon-navy-orange,unverified,,2026-09-04T18:50:02.290726+00:00
ed6ebd1b-261e-434d-8544-3bf1c3b507ff,Ride,Algorythm,2010,,,seed:linestry-research-2026-06,verified,,2026-06-19T05:24:20.410856+00:00
b24,Ride,Berzerker,2019,,,seed:linestry-research-2026-06,verified,,2026-03-13T00:16:16.048193+00:00
81ff70c9-a625-4e7a-91dc-38f5d561d19c,Ride,Jason Ford Sylvester,1995,,,https://retrosnow.com/shop/ride/libtech-95-ride/ride-jason-ford-sylvester/,verified,,2026-09-04T20:38:46.266408+00:00
c066c2f4-fe9e-4a03-a009-7c71458fc9ec,Ride,Magic Stick,2026,,,catalog:ride--magic-stick,unverified,,2026-09-04T18:50:01.888127+00:00
0119bb8a-e183-4fda-b3dd-0eb77b887eed,Ride,Reid Pro Benchwarmer,2026,,,catalog:ride--reid-pro-benchwarmer,unverified,,2026-09-04T18:50:01.888127+00:00
c3c3e9fe-8cc8-49dc-bda7-c80b3b305ef2,Ride,Saturday,2026,,,catalog:ride--saturday,unverified,,2026-09-04T18:50:01.888127+00:00
d83fb132-346b-4395-bd17-49a5417ecf42,Ride,Twinpig,2010,,,seed:linestry-research-2026-06,verified,,2026-06-19T05:24:20.410856+00:00
4e53929a-5eb8-489d-99e3-004f76fc10a4,Ride,Warpig,2016,,,seed:linestry-research-2026-06,verified,,2026-06-19T05:24:20.410856+00:00
512cdf13-b76a-4e9b-8257-fa48393737a2,Ride Snowboards,Agenda,2023,,,catalog:ride--agenda,verified,,2026-09-02T23:05:13.572077+00:00
f3acc703-056b-4ea1-a755-8facf03a2b8d,Ride Snowboards,Algorythm,2020,,,catalog:ride--algorythm,unverified,,2026-09-02T23:05:13.572077+00:00
381c2c06-ce5d-42af-82e6-293cb281c814,Ride Snowboards,Benchwarmer,2023,,,catalog:ride--benchwarmer,verified,,2026-09-02T23:05:13.572077+00:00
1fca93c8-c907-40fc-8efb-fe34023f5eb8,Ride Snowboards,Berzerker,2006,,,catalog:ride--berzerker,verified,,2026-09-02T23:05:13.572077+00:00
ec18a330-4556-4cfb-954b-a70b6d9cc623,Ride Snowboards,Brushie,2000,,,catalog:ride--brushie,verified,,2026-09-02T23:05:13.572077+00:00
01de2a4e-62ae-4f2a-8b61-d8bd204c7b1e,Ride Snowboards,Burnout,2026,,,catalog:ride--burnout,unverified,,2026-09-02T23:05:13.572077+00:00
70aa4b1f-668c-4c06-9db4-1882089a1061,Ride Snowboards,Business,2006,,,catalog:ride--business,unverified,,2026-09-02T23:05:13.572077+00:00
265933d1-e245-4cec-b59f-f635209c0025,Ride Snowboards,Catalyst,2003,,,catalog:ride--catalyst,unverified,,2026-09-02T23:05:13.572077+00:00
2b735f84-1512-49ab-8f75-01f751415bff,Ride Snowboards,Compact Series,1997,,,catalog:ride--compact-series,unverified,,2026-09-02T23:05:13.572077+00:00
a924336d-16ab-4b94-b616-dae1d3625bb3,Ride Snowboards,Concept,2000,,,catalog:ride--concept,unverified,,2026-09-02T23:05:13.572077+00:00
bcaa0204-75fe-4c60-b99a-f860e82caa7e,Ride Snowboards,Control,2000,,,catalog:ride--control,verified,,2026-09-02T23:05:13.572077+00:00
ac3bcd36-25a5-49d4-9a9b-37d98284f50c,Ride Snowboards,Cue,2006,,,catalog:ride--cue,unverified,,2026-09-02T23:05:13.572077+00:00
8a1c3b32-86ef-407c-8836-be730b0af4f9,Ride Snowboards,Dale Rehberg,1995,,,catalog:ride--dale-rehberg,unverified,,2026-09-02T23:05:13.572077+00:00
3736b9f4-66a4-42bb-ac36-cd1e1bc4298d,Ride Snowboards,Decade,2004,,,catalog:ride--decade,unverified,,2026-09-02T23:05:13.572077+00:00
81dabe68-a002-4b93-8cac-9d208d99d48b,Ride Snowboards,Deep Fake,2026,,,catalog:ride--deep-fake,unverified,,2026-09-02T23:05:13.572077+00:00
37bd9112-a45e-443c-882e-c7385ee86c19,Ride Snowboards,DH,2004,,,catalog:ride--dh,verified,,2026-09-02T23:05:13.572077+00:00
968b232b-6514-4f26-ba0b-9eee41b633b9,Ride Snowboards,Dose,2007,,,catalog:ride--dose,unverified,,2026-09-02T23:05:13.572077+00:00
74288c0a-4adc-40cc-9d47-5edba9099f8c,Ride Snowboards,Exile,2002,,,catalog:ride--exile,unverified,,2026-09-02T23:05:13.572077+00:00
847dd2ca-db6c-4746-b967-c6f88b8246e2,Ride Snowboards,Fever,2007,,,catalog:ride--fever,unverified,,2026-09-02T23:05:13.572077+00:00
42f20ff4-8aa5-43a3-a20f-21486c3d83fb,Ride Snowboards,Fleetwood,2000,,,catalog:ride--fleetwood,verified,,2026-09-02T23:05:13.572077+00:00
a7d4dbb8-161b-4508-9d3c-855df7680fc5,Ride Snowboards,Freestyle,1994,,,catalog:ride--freestyle,unverified,,2026-09-02T23:05:13.572077+00:00
e01adf7e-1a6f-4e83-80be-551b7148e3f8,Ride Snowboards,Fuel,2000,,,catalog:ride--fuel,unverified,,2026-09-02T23:05:13.572077+00:00
d2fcf05d-cdd3-46ea-b979-24f0e4f588b7,Ride Snowboards,Havoc,2006,,,catalog:ride--havoc,unverified,,2026-09-02T23:05:13.572077+00:00
fa1f1368-e2bf-4c53-8785-9047315cb35b,Ride Snowboards,Heartbreaker,2026,,,catalog:ride--heartbreaker,unverified,,2026-09-02T23:05:13.572077+00:00
36f12cec-9451-4823-a481-6c5d9005c7c5,Ride Snowboards,Helix,2015,,,catalog:ride--helix,unverified,,2026-09-02T23:05:13.572077+00:00
5ecb7376-c033-4df1-87c7-2bfc7e2f160e,Ride Snowboards,Jason Ford,1995,,,catalog:ride--jason-ford,unverified,,2026-09-02T23:05:13.572077+00:00
9831c477-018c-413d-90c8-b112b37dc7ab,Ride Snowboards,Jennie,1999,,,catalog:ride--jennie,verified,,2026-09-02T23:05:13.572077+00:00
2760d72c-b3bb-4008-bd5a-6a1f643702cb,Ride Snowboards,Kashmir,2004,,,catalog:ride--kashmir,unverified,,2026-09-02T23:05:13.572077+00:00
c5dda79a-ff0c-4d69-bb8d-48a2ace63bf1,Ride Snowboards,Kink,2003,,,catalog:ride--kink,verified,,2026-09-02T23:05:13.572077+00:00
88d2c615-ef3c-4154-bcb1-9746ea2db45d,Ride Snowboards,Lowride,2000,,,catalog:ride--lowride,unverified,,2026-09-02T23:05:13.572077+00:00
2990114d-3b9c-472c-b705-221a5bc50fd4,Ride Snowboards,Machete,2010,,,catalog:ride--machete,unverified,,2026-09-02T23:05:13.572077+00:00
238a161b-0caa-4e98-9072-cb73ceea4f02,Ride Snowboards,Mahaffey,2000,,,catalog:ride--mahaffey,unverified,,2026-09-02T23:05:13.572077+00:00
5078a008-d8c8-488b-9807-0d31d3f1dcb9,Ride Snowboards,Manic,2026,,,catalog:ride--manic,unverified,,2026-09-02T23:05:13.572077+00:00
5e0f9c73-ed14-4ed9-99e9-77d6729b3b2e,Ride Snowboards,Mecca,2003,,,catalog:ride--mecca,unverified,,2026-09-02T23:05:13.572077+00:00
e4e2f115-f359-491d-9375-0b3026641c38,Ride Snowboards,Menace,2002,,,catalog:ride--menace,unverified,,2026-09-02T23:05:13.572077+00:00
5ea2e402-bf97-4439-898e-65da9bf9ce81,Ride Snowboards,Mikey LeBlanc Pro,2004,,,catalog:ride--mikey-leblanc-pro,unverified,,2026-09-02T23:05:13.572077+00:00
5b9b2c59-d5ef-42b3-a9d8-2c48f0b1bdc7,Ride Snowboards,Moderator,2026,,,catalog:ride--moderator,verified,,2026-09-02T23:05:13.572077+00:00
82f7179c-03f4-4463-8f87-ebbe576e5935,Ride Snowboards,Mountain,2000,,,catalog:ride--mountain,verified,,2026-09-02T23:05:13.572077+00:00
d40bc78c-4a62-4d67-a132-a9d683b02751,Ride Snowboards,MTNPIG,2019,,,catalog:ride--mtnpig,unverified,,2026-09-02T23:05:13.572077+00:00
5a691cba-e333-44b3-9e48-a91ee5b138cb,Ride Snowboards,Nation,2003,,,catalog:ride--nation,unverified,,2026-09-02T23:05:13.572077+00:00
0d00f953-7078-4f10-b33e-578ab09df40b,Ride Snowboards,No. 4,2006,,,catalog:ride--no-4,unverified,,2026-09-02T23:05:13.572077+00:00
e9a0d553-58eb-429c-8da9-549f8ead5ceb,Ride Snowboards,Peace Seeker,2023,,,catalog:ride--peace-seeker,unverified,,2026-09-02T23:05:13.572077+00:00
6b0fb948-bdd0-4a75-9d41-91613e7643a3,Ride Snowboards,Profile,2000,,,catalog:ride--profile,verified,,2026-09-02T23:05:13.572077+00:00
c7dd61bb-b11f-43dd-baf8-8bde8d162e96,Ride Snowboards,Prophet,2004,,,catalog:ride--prophet,unverified,,2026-09-02T23:05:13.572077+00:00
1ad74d56-e38d-4eb3-b276-2e4e7464b03c,Ride Snowboards,Psychocandy,2022,,,catalog:ride--psychocandy,verified,,2026-09-02T23:05:13.572077+00:00
a089a9ed-64d9-44e0-a2bb-1ba7fb781462,Ride Snowboards,RJ,1994,,,catalog:ride--rj,verified,,2026-09-02T23:05:13.572077+00:00
76a58f96-5114-4000-ae52-2acf27c061d1,Ride Snowboards,Ruckus,2007,,,catalog:ride--ruckus,unverified,,2026-09-02T23:05:13.572077+00:00
eac9755f-851b-4e8d-89e1-6d86b0801462,Ride Snowboards,Serum,2002,,,catalog:ride--serum,unverified,,2026-09-02T23:05:13.572077+00:00
752e2dcf-d4eb-475c-b8cc-7eb31c5d9047,Ride Snowboards,Shadowban,2023,,,catalog:ride--shadowban,verified,,2026-09-02T23:05:13.572077+00:00
1d127c43-5bfd-43d5-ac12-c76a5ff14ac8,Ride Snowboards,Smokescreen,2022,,,catalog:ride--smokescreen,unverified,,2026-09-02T23:05:13.572077+00:00
4e495410-52d3-45ee-9dd8-6580e83e1d5d,Ride Snowboards,Society,2007,,,catalog:ride--society,unverified,,2026-09-02T23:05:13.572077+00:00
7d4ceaa8-ff77-4446-a984-f36a5046b9f2,Ride Snowboards,Solace,2004,,,catalog:ride--solace,unverified,,2026-09-02T23:05:13.572077+00:00
010a1087-49f2-4e53-9a6d-dd98946f45f9,Ride Snowboards,Superpig,2020,,,catalog:ride--superpig,verified,,2026-09-02T23:05:13.572077+00:00
b2433b75-de70-47ab-bce2-ef5bc83fc24e,Ride Snowboards,System,2000,,,catalog:ride--system,unverified,,2026-09-02T23:05:13.572077+00:00
f73625cb-f943-433b-bae0-cba012ec29a6,Ride Snowboards,Tempest,2000,,,catalog:ride--tempest,unverified,,2026-09-02T23:05:13.572077+00:00
3c523e37-e474-4ef5-b67f-e41fd1cfc5fd,Ride Snowboards,Theory,2004,,,catalog:ride--theory,unverified,,2026-09-02T23:05:13.572077+00:00
24f60173-462f-443a-939d-c7bfd4a9942e,Ride Snowboards,Timeless,2000,,,catalog:ride--timeless,verified,,2026-09-02T23:05:13.572077+00:00
55a0ed63-a615-4d3a-92f2-51bff4427403,Ride Snowboards,Twinpig,2019,,,catalog:ride--twinpig,verified,,2026-09-02T23:05:13.572077+00:00
8ac2c854-69bf-4b49-9099-4fe3a5209aba,Ride Snowboards,Verona,2007,,,catalog:ride--verona,unverified,,2026-09-02T23:05:13.572077+00:00
087219ec-d75e-431e-b14a-6fb865f3b467,Ride Snowboards,Vista,2002,,,catalog:ride--vista,unverified,,2026-09-02T23:05:13.572077+00:00
443959bd-1ad9-40ac-9270-283d36fb4814,Ride Snowboards,Waara,2000,,,catalog:ride--waara,unverified,,2026-09-02T23:05:13.572077+00:00
f1052b05-942c-4aeb-b33b-2472198bb04b,Ride Snowboards,Warpig,2017,,,catalog:ride--warpig,verified,,2026-09-02T23:05:13.572077+00:00
6939335f-67b9-4a13-8dd9-d29ccf38dd28,Ride Snowboards,Wild Life,2013,,,catalog:ride--wild-life,unverified,,2026-09-02T23:05:13.572077+00:00
fc2b0143-aedf-489b-8e8b-a2123ac54d21,Ride Snowboards,Yukon,2000,,,catalog:ride--yukon,verified,,2026-09-02T23:05:13.572077+00:00
26c358da-564a-4834-9853-b67b7425841c,Ride Snowboards,Zero,2000,,,catalog:ride--zero,verified,,2026-09-02T23:05:13.572077+00:00
bc0029c9-9b63-4722-9abc-1b15a4f35fc4,Rome,Agent,2000,,,seed:linestry-research-2026-06,verified,,2026-06-19T05:24:20.410856+00:00
d5be2623-b758-41c1-a86e-530d39093ab2,Rome,Agent Pro,2026,,,catalog:rome--agent-pro,unverified,,2026-09-04T18:50:01.888127+00:00
96afbb5f-c251-4cc5-9535-abb9340a7280,Rome,Artifact,2010,,,seed:linestry-research-2026-06,verified,,2026-06-19T05:24:20.410856+00:00
703307fa-2916-4dde-8bbf-ab70776d7a8a,Rome,Artifact Pro,2026,,,catalog:rome--artifact-pro,unverified,,2026-09-04T18:50:01.888127+00:00
b057be01-e3e2-4715-834d-023f7810eb22,Rome,Freaker,2026,,,catalog:rome--freaker,unverified,,2026-09-04T18:50:01.888127+00:00
139ef4cc-34db-4dcf-ae03-7b87727d77f9,Rome,Hype Pro,2026,,,catalog:rome--hype-pro,unverified,,2026-09-04T18:50:01.888127+00:00
b12,Rome,Mod Rocker,2021,,,,verified,,2026-03-13T00:16:16.048193+00:00
6bddaedd-5c45-4061-aba9-9108e8bb2816,Rome,Muse,2026,,,catalog:rome--muse,unverified,,2026-09-04T18:50:01.888127+00:00
bf815262-5f5e-4328-9365-5072cc3d0ac3,Rome,National,2010,,,seed:linestry-research-2026-06,verified,,2026-06-19T05:24:20.410856+00:00
c975d82a-6cc4-4014-91b9-d74248b3a981,Rome,Party Mod,2026,,,catalog:rome--party-mod,unverified,,2026-09-04T18:50:01.888127+00:00
b11,Rome,Ravine,2019,,,seed:linestry-research-2026-06,verified,,2026-03-13T00:16:16.048193+00:00
dfa9f956-f584-419b-a623-5fd5b0037707,Rome,Ravine Pro,2026,,,catalog:rome--ravine-pro,unverified,,2026-09-04T18:50:01.888127+00:00
e56b22bc-3778-4b36-954d-e6d00482e9d4,Rome,Rene-Gade,2026,,,catalog:rome--rene-gade,unverified,,2026-09-04T18:50:01.888127+00:00
3bd8d1f6-bbd2-4422-ba56-72be152402f0,Rome,Service Dog,2026,,,catalog:rome--service-dog,unverified,,2026-09-04T18:50:01.888127+00:00
3eee51f7-c37f-4df2-869d-194e1b8c08d9,Rome,Slapstick Youth,2026,,,catalog:rome--slapstick-youth,unverified,,2026-09-04T18:50:01.888127+00:00
779be084-1bee-4568-b71c-392ff3a54cad,Rome,Warden,2010,,,seed:linestry-research-2026-06,verified,,2026-06-19T05:24:20.410856+00:00
52d209ce-3194-42e3-8c3a-6757a79c463f,Rome Snowboards,Agent,2004,,,catalog:rome--agent,verified,,2026-09-02T23:05:13.572077+00:00
795cc37f-d8e0-4381-b97b-f18bcf62d4b2,Rome Snowboards,Anthem,2004,,,catalog:rome--anthem,verified,,2026-09-02T23:05:13.572077+00:00
5a17ac20-ee4e-4545-b113-ab83046a9fc2,Rome Snowboards,Artifact,2005,,,catalog:rome--artifact,verified,,2026-09-02T23:05:13.572077+00:00
f058b892-40e0-4963-bdba-66000991902e,Rome Snowboards,Blue,2004,,,catalog:rome--blue,verified,,2026-09-02T23:05:13.572077+00:00
8598331b-3124-4e9a-bcbd-30f311791c86,Rome Snowboards,Boneless,2027,,,catalog:rome--boneless,unverified,,2026-09-02T23:05:13.572077+00:00
2f2b6b32-c107-4e1f-b296-1d3427e9e465,Rome Snowboards,Cheaptrick,2009,,,catalog:rome--cheaptrick,verified,,2026-09-02T23:05:13.572077+00:00
b4f02b62-c01c-446f-8948-c36278883fa7,Rome Snowboards,Crail,2007,,,catalog:rome--crail,verified,,2026-09-02T23:05:13.572077+00:00
abbbb620-44ba-46c7-b6f6-df5a7f02d6d1,Rome Snowboards,Design,2005,,,catalog:rome--design,verified,,2026-09-02T23:05:13.572077+00:00
f1a72317-dc3b-4e7b-897d-8203dd5c4cd2,Rome Snowboards,Detail,2009,,,catalog:rome--detail,unverified,,2026-09-02T23:05:13.572077+00:00
49a48757-2144-4672-acca-8da1d9f3636a,Rome Snowboards,Factory Rocker,2012,,,catalog:rome--factory-rocker,unverified,,2026-09-02T23:05:13.572077+00:00
e365dd23-26f4-4e56-a6a1-6b114bd8a6e1,Rome Snowboards,Flag,2004,,,catalog:rome--flag,verified,,2026-09-02T23:05:13.572077+00:00
31adec7a-a86c-46e1-b953-4e9b3065b4a8,Rome Snowboards,Garage Rocker,2010,,,catalog:rome--garage-rocker,unverified,,2026-09-02T23:05:13.572077+00:00
70db0611-508a-4a4e-b0f7-a0b320c558d9,Rome Snowboards,Graft,2007,,,catalog:rome--graft,verified,,2026-09-02T23:05:13.572077+00:00
c5010665-9d92-4521-a6f8-48104386f2bc,Rome Snowboards,Headline,2010,,,catalog:rome--headline,unverified,,2026-09-02T23:05:13.572077+00:00
4e11e316-44ba-4536-bf27-52d7ee48c5f4,Rome Snowboards,Hype,2027,,,catalog:rome--hype,unverified,,2026-09-02T23:05:13.572077+00:00
d5e686cc-2106-4f38-8c0a-0f7ccb6a2903,Rome Snowboards,Jett,2009,,,catalog:rome--jett,verified,,2026-09-02T23:05:13.572077+00:00
46fad3b1-7475-4c20-9bbe-f7940462496c,Rome Snowboards,Label,2004,,,catalog:rome--label,verified,,2026-09-02T23:05:13.572077+00:00
3abbe3d2-37de-437b-b216-e6c903de2b37,Rome Snowboards,Lo-Fi,2009,,,catalog:rome--lo-fi,verified,,2026-09-02T23:05:13.572077+00:00
cad01907-6d1f-42da-9734-e3948ee9761d,Rome Snowboards,Machine,2006,,,catalog:rome--machine,verified,,2026-09-02T23:05:13.572077+00:00
221e56f2-4e89-412b-a405-bc0255b7edaf,Rome Snowboards,Manual,2008,,,catalog:rome--manual,verified,,2026-09-02T23:05:13.572077+00:00
5605999b-cb7a-4e6b-bbb6-83bd49750957,Rome Snowboards,Mechanic,2027,,,catalog:rome--mechanic,unverified,,2026-09-02T23:05:13.572077+00:00
1a38de26-8c3f-48d6-b8fb-3438df7bdc64,Rome Snowboards,Minishred,2009,,,catalog:rome--minishred,verified,,2026-09-02T23:05:13.572077+00:00
f69b0338-c050-4f77-ae92-bf53d92b878b,Rome Snowboards,Mod,2008,,,catalog:rome--mod,verified,,2026-09-02T23:05:13.572077+00:00
10cccbe8-b917-46d1-bdd9-c2d7ab2580e7,Rome Snowboards,Notch,2008,,,catalog:rome--notch,verified,,2026-09-02T23:05:13.572077+00:00
d3f259ad-6890-4594-8a3b-72ae87b96d94,Rome Snowboards,Postermania,2010,,,catalog:rome--postermania,unverified,,2026-09-02T23:05:13.572077+00:00
a9d2e439-70b4-4512-ba50-ae5f4407a594,Rome Snowboards,Pusher,2010,,,catalog:rome--pusher,unverified,,2026-09-02T23:05:13.572077+00:00
6d22587d-42a4-4831-a381-e26ae79aade5,Rome Snowboards,Ravine,2027,,,catalog:rome--ravine,unverified,,2026-09-02T23:05:13.572077+00:00
065a98ab-32c5-40e2-8c9b-4b1d4966d02b,Rome Snowboards,Rene,2027,,,catalog:rome--rene,unverified,,2026-09-02T23:05:13.572077+00:00
571a8f6a-35b9-4502-8351-ea14a8234c0f,Rome Snowboards,Reverb,2012,,,catalog:rome--reverb,unverified,,2026-09-02T23:05:13.572077+00:00
c19a385f-0074-45fa-9520-d4b724b2a893,Rome Snowboards,Riff,2009,,,catalog:rome--riff,verified,,2026-09-02T23:05:13.572077+00:00
34415b5c-939e-460e-8c0f-505a7b9ee792,Rome Snowboards,Royal,2027,,,catalog:rome--royal,unverified,,2026-09-02T23:05:13.572077+00:00
4e435501-7d30-4800-9464-a0aea18b89a3,Rome Snowboards,Slash,2008,,,catalog:rome--slash,verified,,2026-09-02T23:05:13.572077+00:00
1a43a581-b7cd-49b4-8db6-52984e0b52ec,Rome Snowboards,Solution,2004,,,catalog:rome--solution,verified,,2026-09-02T23:05:13.572077+00:00
981242dd-242d-4a82-a539-55d9891c879b,Rome Snowboards,Stale Crewzer,2027,,,catalog:rome--stale-crewzer,unverified,,2026-09-02T23:05:13.572077+00:00
dd81d81e-9cc7-45ad-9f65-39bb14c1065b,Rome Snowboards,Stale Fish,2022,,,catalog:rome--stale-fish,unverified,,2026-09-02T23:05:13.572077+00:00
6ed523ef-6bd4-433f-b5fb-09703dc40138,Rome Snowboards,Vinyl,2005,,,catalog:rome--vinyl,verified,,2026-09-02T23:05:13.572077+00:00
c172f65a-0764-456a-b69a-93345e18f643,Rome Snowboards,Viper,2027,,,catalog:rome--viper,unverified,,2026-09-02T23:05:13.572077+00:00
22954fe9-2e23-4a55-83bc-08bea21c5f43,Rome Snowboards,Warden,2026,,,catalog:rome--warden,unverified,,2026-09-02T23:05:13.572077+00:00
4161c5c3-3b80-4f76-b065-67cae88500f0,Rome Snowboards,Whiteroom,2012,,,catalog:rome--whiteroom,unverified,,2026-09-02T23:05:13.572077+00:00
f03ae751-ff6a-4c98-9fe3-ff3e8c8858de,Rossignol,After Hours,2027,,,catalog:rossignol--after-hours,unverified,,2026-09-02T23:05:13.572077+00:00
f965d615-3eed-42b9-bcd7-9aebda4f1562,Rossignol,Airis,2027,,,catalog:rossignol--airis,unverified,,2026-09-02T23:05:13.572077+00:00
2c9432d0-e525-446f-bc3a-54f0b8d950c1,Rossignol,Alias,2007,,,catalog:rossignol--alias,verified,,2026-09-02T23:05:13.572077+00:00
167c536c-f7b3-4975-823d-e686ed895ea5,Rossignol,Amber,2007,,,catalog:rossignol--amber,verified,,2026-09-02T23:05:13.572077+00:00
0fc981da-d08f-4234-ac32-a53a1059b90f,Rossignol,Ampage,2026,,,catalog:rossignol--ampage,unverified,,2026-09-02T23:05:13.572077+00:00
1492344d-1094-47fd-a678-69b641777c98,Rossignol,AMPAGE VOL.1,2027,,,catalog:rossignol--ampage-vol-1,unverified,,2026-09-04T18:50:01.888127+00:00
2ea6c10b-0a90-4fa4-9eee-89faa9e2f55f,Rossignol,AMPAGE VOL.2,2027,,,catalog:rossignol--ampage-vol-2,unverified,,2026-09-04T18:50:01.888127+00:00
fd2c2521-d17f-414d-97d8-90c9a3f86d03,Rossignol,Angus,2011,,,catalog:rossignol--angus,unverified,,2026-09-02T23:05:13.572077+00:00
884df994-9633-461c-a87e-78b880fa5a68,Rossignol,Big Gun,2009,,,catalog:rossignol--big-gun,unverified,,2026-09-02T23:05:13.572077+00:00
c27efe2c-a9fe-403f-888e-d22f1fe44fc6,Rossignol,Circuit,2011,,,catalog:rossignol--circuit,unverified,,2026-09-02T23:05:13.572077+00:00
eeaa9f5c-3362-407f-8a74-277a2c685704,Rossignol,Circus,2011,,,catalog:rossignol--circus,unverified,,2026-09-02T23:05:13.572077+00:00
ca38a9b7-55f3-4b5c-9220-d4781fada3c3,Rossignol,Decoy,2007,,,catalog:rossignol--decoy,verified,,2026-09-02T23:05:13.572077+00:00
7ed784ee-ee91-4938-b48f-ed73b8de8d2d,Rossignol,District,2011,,,catalog:rossignol--district,unverified,,2026-09-02T23:05:13.572077+00:00
0e060d4d-834f-462a-9183-52aa2273813f,Rossignol,Diva,2007,,,catalog:rossignol--diva,verified,,2026-09-02T23:05:13.572077+00:00
6ce008ee-7bcf-438b-b0c5-afacc3acd210,Rossignol,ESCAPER SPLITBOARD,2027,,,catalog:rossignol--escaper-splitboard,unverified,,2026-09-04T18:50:01.888127+00:00
97b53d98-e525-4ac8-bfed-36ddb3baffc8,Rossignol,Evader,2027,,,catalog:rossignol--evader,unverified,,2026-09-02T23:05:13.572077+00:00
2b025164-6e8c-41fa-b335-124f388bb6c3,Rossignol,Experience,2011,,,catalog:rossignol--experience,unverified,,2026-09-02T23:05:13.572077+00:00
dba39177-5119-4c8b-aaf2-e1dbd0f2b4cc,Rossignol,Freestyle,1992,,,catalog:rossignol--freestyle,unverified,,2026-09-02T23:05:13.572077+00:00
12884185-af9e-46f9-a9c9-241f56cdf244,Rossignol,Harmony,2009,,,catalog:rossignol--harmony,unverified,,2026-09-02T23:05:13.572077+00:00
8d418e17-a007-4730-9023-75ac381a1d5e,Rossignol,Jdub,2009,,,catalog:rossignol--jdub,unverified,,2026-09-02T23:05:13.572077+00:00
85f42b1f-a264-4aaa-b703-12650f938ce7,Rossignol,Jeremy Jones,2003,,,catalog:rossignol--jeremy-jones,verified,,2026-09-02T23:05:13.572077+00:00
490a3145-0beb-499a-9451-60002fc777ac,Rossignol,Jibfluence,2027,,,catalog:rossignol--jibfluence,unverified,,2026-09-02T23:05:13.572077+00:00
f4c4c8ca-d93a-48d5-aa00-295a2c26e73d,Rossignol,Jibsaw,2012,,,catalog:rossignol--jibsaw,verified,,2026-09-02T23:05:13.572077+00:00
99d6a45c-8c8a-42ef-8af8-a9b24d623ac7,Rossignol,Juggernaut,2027,,,catalog:rossignol--juggernaut,unverified,,2026-09-02T23:05:13.572077+00:00
e42e88b6-8313-4fad-8e1d-5d2b52f5fc8e,Rossignol,Justice,2011,,,catalog:rossignol--justice,unverified,,2026-09-02T23:05:13.572077+00:00
c4fdf43d-fd8c-4373-973e-1686bfd95818,Rossignol,Krypto,2012,,,catalog:rossignol--krypto,unverified,,2026-09-02T23:05:13.572077+00:00
61f4847a-27d6-4498-a1c9-d128380e6dea,Rossignol,Meadow,2009,,,catalog:rossignol--meadow,unverified,,2026-09-02T23:05:13.572077+00:00
5c3dfc3c-f926-448a-912b-e4eed0a255d6,Rossignol,Myth,2011,,,catalog:rossignol--myth,unverified,,2026-09-02T23:05:13.572077+00:00
0ca7b3eb-2910-4bbe-b3a4-77676b5d9c4e,Rossignol,One,2007,,,catalog:rossignol--one,verified,,2026-09-02T23:05:13.572077+00:00
a4440e0a-48a0-4aa9-a427-b1e8b96dcd22,Rossignol,One LF,2010,,,catalog:rossignol--one-lf,unverified,,2026-09-02T23:05:13.572077+00:00
061d89eb-f3fd-4116-b2a2-46621f62875c,Rossignol,Premier,2007,,,catalog:rossignol--premier,verified,,2026-09-02T23:05:13.572077+00:00
ded6c771-813f-4dd0-8edc-98da56502421,Rossignol,Pro,2000,,,catalog:rossignol--pro,unverified,,2026-09-02T23:05:13.572077+00:00
54d2bc21-9620-4267-b84a-03793f9d4de8,Rossignol,R.P.M.,2009,,,catalog:rossignol--r-p-m,unverified,,2026-09-02T23:05:13.572077+00:00
7eb5e78a-83c9-4b3e-ac9a-2ed6d7f73a0a,Rossignol,RESURGENCE,2027,,,catalog:rossignol--resurgence,unverified,,2026-09-04T18:50:01.888127+00:00
3afb2a80-3d47-483c-a677-d60928d29b16,Rossignol,Retox,2009,,,catalog:rossignol--retox,unverified,,2026-09-02T23:05:13.572077+00:00
c6b571d5-14cb-4c04-a140-c15051f634b8,Rossignol,Retrowave,1991,,,catalog:rossignol--retrowave,unverified,,2026-09-02T23:05:13.572077+00:00
0b9539a6-f6a1-42f9-94b1-2423432285fe,Rossignol,REVENANT,2027,,,catalog:rossignol--revenant,unverified,,2026-09-04T18:50:01.888127+00:00
8c9790e0-9c7f-4469-b3ec-de42b9ecef7e,Rossignol,Rooster,2000,,,catalog:rossignol--rooster,unverified,,2026-09-02T23:05:13.572077+00:00
dc35c568-da71-43b9-8066-4837b5fbebb4,Rossignol,Sawblade,2027,,,catalog:rossignol--sawblade,unverified,,2026-09-02T23:05:13.572077+00:00
78c5ac78-d51f-4e61-a929-03ddd754ff9b,Rossignol,Scan,2007,,,catalog:rossignol--scan,verified,,2026-09-02T23:05:13.572077+00:00
e9cd2136-fbd6-4f3e-925a-53c586904efe,Rossignol,Scope,2007,,,catalog:rossignol--scope,verified,,2026-09-02T23:05:13.572077+00:00
001fbd93-a1a7-4bf0-ab71-732f55cbc989,Rossignol,Slashimi,2027,,,catalog:rossignol--slashimi,unverified,,2026-09-02T23:05:13.572077+00:00
30bd0141-875a-4e63-9a99-37d8f2cebfdc,Rossignol,Sonar,2007,,,catalog:rossignol--sonar,verified,,2026-09-02T23:05:13.572077+00:00
fbd2ee09-cecf-4fee-b1b1-52136e07e65e,Rossignol,Soulside,2026,,,catalog:rossignol--soulside,unverified,,2026-09-02T23:05:13.572077+00:00
50e7270a-1a6f-4510-80c7-5d52c1970760,Rossignol,Storm,2007,,,catalog:rossignol--storm,verified,,2026-09-02T23:05:13.572077+00:00
51ec742a-69c3-4b2c-81a5-d4efbd0d5590,Rossignol,Strato Narrow,2000,,,catalog:rossignol--strato-narrow,unverified,,2026-09-02T23:05:13.572077+00:00
c03086dc-df2b-4bd2-b7f3-4d81f64939ea,Rossignol,Sultan,2007,,,catalog:rossignol--sultan,verified,,2026-09-02T23:05:13.572077+00:00
a555f5a2-c618-44ee-b16b-0c9a918d5380,Rossignol,Super Revenant,2027,,,catalog:rossignol--super-revenant,unverified,,2026-09-02T23:05:13.572077+00:00
b102d70f-b4ae-48ad-8574-cffcc067d8a2,Rossignol,Surf,1988,,,catalog:rossignol--surf,unverified,,2026-09-02T23:05:13.572077+00:00
3c56083f-dab1-40ea-91f2-32c2ce237ed7,Rossignol,Sushi,2027,,,catalog:rossignol--sushi,unverified,,2026-09-02T23:05:13.572077+00:00
f0c2a8ec-cb45-46dc-ad7b-6bacfd10f6f6,Rossignol,Taipan,2011,,,catalog:rossignol--taipan,verified,,2026-09-02T23:05:13.572077+00:00
1b92b4c8-c9ba-464b-a8f8-3a5fd2d5fe17,Rossignol,Temptation,2011,,,catalog:rossignol--temptation,unverified,,2026-09-02T23:05:13.572077+00:00
2f63acc8-ae6e-4a69-837f-6a314aab361b,Rossignol,Tesla,2011,,,catalog:rossignol--tesla,unverified,,2026-09-02T23:05:13.572077+00:00
82f8fe51-21f4-463a-9976-4090040ff9f4,Rossignol,The Mini,2009,,,catalog:rossignol--the-mini,unverified,,2026-09-02T23:05:13.572077+00:00
bb14b8a7-682b-4490-8ffe-39976fba183e,Rossignol,Trickstick,2011,,,catalog:rossignol--trickstick,unverified,,2026-09-02T23:05:13.572077+00:00
5a46cc45-790b-4148-9335-3cfae4fed9a2,Rossignol,Twilight,2009,,,catalog:rossignol--twilight,unverified,,2026-09-02T23:05:13.572077+00:00
257c9fc4-5875-4b7d-88c6-e5cfa63e4261,Rossignol,Ultraviolet,2027,,,catalog:rossignol--ultraviolet,unverified,,2026-09-02T23:05:13.572077+00:00
29f9f127-6fde-4f0a-8c9c-844069c12631,Rossignol,Wave,1999,,,catalog:rossignol--wave,unverified,,2026-09-02T23:05:13.572077+00:00
2b52a4f1-a86b-4327-b162-1c82740b0c65,Rossignol,WU-JI,2027,,,catalog:rossignol--wu-ji,unverified,,2026-09-02T23:05:13.572077+00:00
09804153-2c5d-4a05-b187-9e014051e7a0,Rossignol,XV,2014,,,catalog:rossignol--xv,verified,,2026-09-02T23:05:13.572077+00:00
78feca5d-a288-46f9-8b02-9a5d7b4d5386,Rossignol,XV Slashimi,2027,,,catalog:rossignol--xv-slashimi,unverified,,2026-09-02T23:05:13.572077+00:00
16e0c4ca-4c9f-4b06-b30a-e5b3a84f5d8d,Rossignol,XV Sushi,2018,,,catalog:rossignol--xv-sushi,unverified,,2026-09-02T23:05:13.572077+00:00
6d06e4fd-a3c2-4685-928a-3e34ecfa58fb,Rossignol,Zena,2007,,,catalog:rossignol--zena,verified,,2026-09-02T23:05:13.572077+00:00
ac9c114f-1fa2-4906-9716-0e4a9921fe35,Roxy,Ally,2009,,,catalog:roxy--ally,verified,,2026-09-02T23:05:13.572077+00:00
e9c10b6c-35dc-4725-b726-52851b987361,Roxy,Dawn,2026,,,catalog:roxy--dawn,unverified,,2026-09-04T18:50:01.888127+00:00
9d39b90a-9ef7-45fe-8215-bf457b99ef57,Roxy,Eminence,2009,,,catalog:roxy--eminence,verified,,2026-09-02T23:05:13.572077+00:00
75949417-1330-4043-82da-ec32b9d6b2c5,Roxy,Envi,2009,,,catalog:roxy--envi,verified,,2026-09-02T23:05:13.572077+00:00
2a4d1bc3-926a-4766-9431-ad52ec02623c,Roxy,Inspire,2009,,,catalog:roxy--inspire,verified,,2026-09-02T23:05:13.572077+00:00
e984b8d7-4341-424e-b6dc-6c57cea4e412,Roxy,Ollie Pop,2009,,,catalog:roxy--ollie-pop,verified,,2026-09-02T23:05:13.572077+00:00
09e6e77d-700c-4f07-9478-96fa3997baf3,Roxy,Raina,2026,,,catalog:roxy--raina,unverified,,2026-09-04T18:50:01.888127+00:00
c1ea058a-0bf8-4ad8-9137-3edeac23196b,Roxy,Roxy Girl,2009,,,catalog:roxy--roxy-girl,verified,,2026-09-02T23:05:13.572077+00:00
d14b8a26-2838-4c46-b078-bfe3204c7688,Roxy,Silhouette,2009,,,catalog:roxy--silhouette,verified,,2026-09-02T23:05:13.572077+00:00
7fd4b45d-29e9-4fcc-b603-480a050d78a7,Roxy,Smoothie,2026,,,catalog:roxy--smoothie,unverified,,2026-09-04T18:50:01.888127+00:00
3364d74d-1512-4ef6-9b07-afbd142b33e4,Roxy,Sugar,2009,,,catalog:roxy--sugar,verified,,2026-09-02T23:05:13.572077+00:00
0e08e693-48f9-4f18-b977-7157c8c7bdaf,Roxy,XOXO,2026,,,catalog:roxy--xoxo,unverified,,2026-09-04T18:50:01.888127+00:00
b13,Salomon,Assassin,2020,,,seed:linestry-research-2026-06,verified,,2026-03-13T00:16:16.048193+00:00
61045c04-7fcf-45ce-acf9-8943267293bc,Salomon,BELLEVUE SPLIT,2026,,,catalog:salomon--bellevue-split,unverified,,2026-09-04T18:50:01.888127+00:00
ea75049f-1f8e-4edb-a551-8103f4004feb,Salomon,BLISS,2026,,,catalog:salomon--bliss,unverified,,2026-09-04T18:50:01.888127+00:00
03fc5105-1e71-46eb-9550-0a1337d0cce9,Salomon,Dancehaul,2010,,,seed:linestry-research-2026-06,verified,,2026-06-19T05:24:20.410856+00:00
3bbfeb8b-c9fb-42db-a76a-5096cd2bf4c9,Salomon,GRAIL,2026,,,catalog:salomon--grail,unverified,,2026-09-04T18:50:01.888127+00:00
32f36276-3e29-4304-8a41-c0e26b2ce3d6,Salomon,HPS - GOOP,2026,,,catalog:salomon--hps-goop,unverified,,2026-09-04T18:50:01.888127+00:00
25dcb4c6-f276-4d77-b429-8ab927c2d3f8,Salomon,HPS - TAKA SPLIT 2.0,2026,,,catalog:salomon--hps-taka-split-2-0,unverified,,2026-09-04T18:50:01.888127+00:00
b14,Salomon,Huck Knife,2019,,,seed:linestry-research-2026-06,verified,,2026-03-13T00:16:16.048193+00:00
10f2fb76-5714-465f-89ac-00a6a6a49357,Salomon,HUCK KNIFE PRO S/LAB EQUIPE,2026,,,catalog:salomon--huck-knife-pro-s-lab-equipe,unverified,,2026-09-04T18:50:01.888127+00:00
9a427763-5794-4e8b-b37e-edfd3e5cf557,Salomon,NO DRAMA S/LAB EQUIPE,2026,,,catalog:salomon--no-drama-s-lab-equipe,unverified,,2026-09-04T18:50:01.888127+00:00
cfb8128c-433b-4998-bae7-302f68723eae,Salomon,Super 8,2010,,,seed:linestry-research-2026-06,verified,,2026-06-19T05:24:20.410856+00:00
9e3c6d28-d93c-45aa-ac05-52079f4f6f7d,Salomon Snowboards,500 Pro FR,1999,,,catalog:salomon--500-pro-fr,unverified,,2026-09-02T23:05:13.572077+00:00
f0953ba9-6119-4c20-a44d-bb9681102107,Salomon Snowboards,550,2000,,,catalog:salomon--550,unverified,,2026-09-02T23:05:13.572077+00:00
6d6c0091-9649-4189-ad0e-60833d8fa4e1,Salomon Snowboards,A.M.P.,2005,,,catalog:salomon--a-m-p,verified,,2026-09-02T23:05:13.572077+00:00
9e02a75f-2c08-465e-a801-677498fc6bf5,Salomon Snowboards,Abstract,2026,,,catalog:salomon--abstract,unverified,,2026-09-02T23:05:13.572077+00:00
b8837b60-850a-40da-b625-bc999625909a,Salomon Snowboards,Ace,2005,,,catalog:salomon--ace,verified,,2026-09-02T23:05:13.572077+00:00
78de63cb-5dc6-4561-9b55-47fb5554251d,Salomon Snowboards,Acid,2008,,,catalog:salomon--acid,verified,,2026-09-02T23:05:13.572077+00:00
f52746b1-22b1-460b-b44d-fa1a3a1cbe2a,Salomon Snowboards,Answer,2009,,,catalog:salomon--answer,unverified,,2026-09-02T23:05:13.572077+00:00
f7881002-6ab8-446f-aa2d-54735b89eb56,Salomon Snowboards,Arnie 5000,2006,,,catalog:salomon--arnie-5000,verified,,2026-09-02T23:05:13.572077+00:00
22d2c4bc-c718-42a9-a8b2-ffd8af50fa7c,Salomon Snowboards,Assassin,2014,,,catalog:salomon--assassin,verified,,2026-09-02T23:05:13.572077+00:00
ee1f92cc-d776-4add-883c-9a32acd839da,Salomon Snowboards,Bang Bang,2009,,,catalog:salomon--bang-bang,unverified,,2026-09-02T23:05:13.572077+00:00
2b116f86-c258-451e-ba1c-7b350df987b8,Salomon Snowboards,Benedek Era,2008,,,catalog:salomon--benedek-era,verified,,2026-09-02T23:05:13.572077+00:00
a55b2418-8c21-49df-aaa0-ca25bb444823,Salomon Snowboards,Bliss X,2027,,,catalog:salomon--bliss-x,unverified,,2026-09-02T23:05:13.572077+00:00
1f2ba5a3-5364-488c-8a37-4ee66fbf98ca,Salomon Snowboards,Burner,2006,,,catalog:salomon--burner,verified,,2026-09-02T23:05:13.572077+00:00
ca34b3fd-7cfb-4826-abb3-785997263cd3,Salomon Snowboards,Craft,2027,,,catalog:salomon--craft,unverified,,2026-09-02T23:05:13.572077+00:00
3c1d914a-c3c8-4d3f-9f5a-06bb18058666,Salomon Snowboards,Dancehaul,2026,,,catalog:salomon--dancehaul,unverified,,2026-09-02T23:05:13.572077+00:00
37c39695-7a60-474f-b851-751905d4a163,Salomon Snowboards,Daniel Franck,2000,,,catalog:salomon--daniel-franck,unverified,,2026-09-02T23:05:13.572077+00:00
9462dabc-b9aa-4059-b6b6-ea624363b1ac,Salomon Snowboards,DB,2006,,,catalog:salomon--db,verified,,2026-09-02T23:05:13.572077+00:00
5f3a2007-a935-43e2-bfad-50c9dabaf646,Salomon Snowboards,Drift,2008,,,catalog:salomon--drift,verified,,2026-09-02T23:05:13.572077+00:00
a0484c0e-9dd1-441f-959b-61ab69a9bfdf,Salomon Snowboards,Era,2004,,,catalog:salomon--era,verified,,2026-09-02T23:05:13.572077+00:00
4a0deca6-d2e7-44a5-85f5-61ed37aa8940,Salomon Snowboards,Faction,2005,,,catalog:salomon--faction,verified,,2026-09-02T23:05:13.572077+00:00
56741882-3cdd-4fef-a2b8-3c0f961386d7,Salomon Snowboards,Fastback,2005,,,catalog:salomon--fastback,verified,,2026-09-02T23:05:13.572077+00:00
5b5f2f46-b0de-45fa-a489-ec5c810dffea,Salomon Snowboards,Fastlane,2027,,,catalog:salomon--fastlane,unverified,,2026-09-02T23:05:13.572077+00:00
9d32aa48-5886-47b1-90ce-61ba54248c1b,Salomon Snowboards,Fierce,2005,,,catalog:salomon--fierce,verified,,2026-09-02T23:05:13.572077+00:00
59cd63b3-2de0-4f2d-a1cf-40d2bd9703a7,Salomon Snowboards,Forecast,2006,,,catalog:salomon--forecast,verified,,2026-09-02T23:05:13.572077+00:00
0f4d8871-2f2a-4c73-a8f1-e8402192fcc2,Salomon Snowboards,FRA,2000,,,catalog:salomon--fra,unverified,,2026-09-02T23:05:13.572077+00:00
b0901b5b-2ea8-472e-a3a0-6c5e2d22cd49,Salomon Snowboards,FRS,2000,,,catalog:salomon--frs,unverified,,2026-09-02T23:05:13.572077+00:00
a38cf2d5-21a0-4d04-a801-dfe54257f31c,Salomon Snowboards,Grace,2008,,,catalog:salomon--grace,verified,,2026-09-02T23:05:13.572077+00:00
92323e40-f628-414a-a19c-0ce4337a899c,Salomon Snowboards,Grip,2011,,,catalog:salomon--grip,unverified,,2026-09-02T23:05:13.572077+00:00
96fa999d-9bf0-4eda-8740-f2cfb66868b8,Salomon Snowboards,Gypsy,2011,,,catalog:salomon--gypsy,unverified,,2026-09-02T23:05:13.572077+00:00
c7bcd510-d866-463e-ac51-ba198f715a86,Salomon Snowboards,Highpath,2027,,,catalog:salomon--highpath,verified,,2026-09-02T23:05:13.572077+00:00
538bb1c3-29f0-46ea-9030-9fe37cfde243,Salomon Snowboards,HPS Louif Paradis,2027,,,catalog:salomon--hps-louif-paradis,unverified,,2026-09-02T23:05:13.572077+00:00
1c2f3254-2bb1-4ab0-bdd9-82d55833678b,Salomon Snowboards,Huck Knife,2020,,,catalog:salomon--huck-knife,verified,,2026-09-02T23:05:13.572077+00:00
8bab91ee-0c6c-4f92-a7ca-ba9dc97d7aa3,Salomon Snowboards,Idol,2012,,,catalog:salomon--idol,unverified,,2026-09-02T23:05:13.572077+00:00
154361b1-eb9f-434e-92ce-be36567797ff,Salomon Snowboards,Indicator,2027,,,catalog:salomon--indicator,unverified,,2026-09-02T23:05:13.572077+00:00
9047615b-708f-4102-9fbe-02cfcd2db5a9,Salomon Snowboards,Ivy,2006,,,catalog:salomon--ivy,verified,,2026-09-02T23:05:13.572077+00:00
fa125f59-3ffa-4b28-884f-71e20d66bf85,Salomon Snowboards,Jerksen,2006,,,catalog:salomon--jerksen,verified,,2026-09-02T23:05:13.572077+00:00
73be607f-7bb9-414c-a409-990e151d1bd1,Salomon Snowboards,Jetstream,2027,,,catalog:salomon--jetstream,unverified,,2026-09-02T23:05:13.572077+00:00
fe879053-511a-4594-aa6a-785e85b2d0ba,Salomon Snowboards,Kickback,2026,,,catalog:salomon--kickback,unverified,,2026-09-02T23:05:13.572077+00:00
0434b217-0b53-4b4e-bb98-f405e9eabcfe,Salomon Snowboards,Lark,2008,,,catalog:salomon--lark,verified,,2026-09-02T23:05:13.572077+00:00
9e11a6a6-0957-4d5e-bba1-c68190ad7157,Salomon Snowboards,Lily,2008,,,catalog:salomon--lily,verified,,2026-09-02T23:05:13.572077+00:00
11770fb1-d47f-4c96-a263-bb66855c26e7,Salomon Snowboards,Link,2005,,,catalog:salomon--link,verified,,2026-09-02T23:05:13.572077+00:00
3e2c631c-60ac-41df-9291-527f30d5af4b,Salomon Snowboards,Loft,2006,,,catalog:salomon--loft,verified,,2026-09-02T23:05:13.572077+00:00
d1af1068-8f1c-4595-8caf-aeb9bdac0fa0,Salomon Snowboards,Lotus,2008,,,catalog:salomon--lotus,verified,,2026-09-02T23:05:13.572077+00:00
7139bc11-1c3c-4cb9-9d16-03d2022e9cae,Salomon Snowboards,Lush,2008,,,catalog:salomon--lush,verified,,2026-09-02T23:05:13.572077+00:00
62fb1b96-bf11-4959-a09c-b397587e889d,Salomon Snowboards,Maiden,2005,,,catalog:salomon--maiden,verified,,2026-09-02T23:05:13.572077+00:00
50f5174b-8d86-43bb-ac80-e92f8a1fce74,Salomon Snowboards,Man's Board,2012,,,catalog:salomon--man-s-board,unverified,,2026-09-02T23:05:13.572077+00:00
299217dd-ce6f-441f-b43b-cdcf39bdb97b,Salomon Snowboards,Mini Arnie,2008,,,catalog:salomon--mini-arnie,unverified,,2026-09-02T23:05:13.572077+00:00
dc214031-5926-4303-a8d3-f2fba057620d,Salomon Snowboards,No Drama,2026,,,catalog:salomon--no-drama,unverified,,2026-09-02T23:05:13.572077+00:00
eb582e16-5805-4bef-bb8f-8f9dc2857cb1,Salomon Snowboards,Official,2009,,,catalog:salomon--official,unverified,,2026-09-02T23:05:13.572077+00:00
e60ba646-9b71-42e9-acc9-5f69509cef50,Salomon Snowboards,Oh Yeah,2012,,,catalog:salomon--oh-yeah,verified,,2026-09-02T23:05:13.572077+00:00
e4dfc4a5-c28c-42f1-a7fb-187ebdc8abee,Salomon Snowboards,Overcast,2027,,,catalog:salomon--overcast,unverified,,2026-09-02T23:05:13.572077+00:00
a432129b-f11d-4a81-a201-15fdbb8e8f06,Salomon Snowboards,Patrol,2006,,,catalog:salomon--patrol,verified,,2026-09-02T23:05:13.572077+00:00
70048523-1f25-42bc-bc34-b4fb8f2a1463,Salomon Snowboards,Popstar,2011,,,catalog:salomon--popstar,unverified,,2026-09-02T23:05:13.572077+00:00
eead7347-858d-436c-9ea8-b0f895d1cbe8,Salomon Snowboards,Powder Snake,2012,,,catalog:salomon--powder-snake,unverified,,2026-09-02T23:05:13.572077+00:00
c8d5c6be-9b57-4eb5-8182-5501daa7216e,Salomon Snowboards,Prospect,2005,,,catalog:salomon--prospect,verified,,2026-09-02T23:05:13.572077+00:00
d405278b-d8ed-4065-9211-d90f7242d7f8,Salomon Snowboards,Prospect LTD,2006,,,catalog:salomon--prospect-ltd,verified,,2026-09-02T23:05:13.572077+00:00
5b275588-b62b-4c29-afde-b49d6164018c,Salomon Snowboards,Pulse,2006,,,catalog:salomon--pulse,verified,,2026-09-02T23:05:13.572077+00:00
47cfac03-c3ab-40f7-8d63-bc3b1e3611ef,Salomon Snowboards,Radiant,2005,,,catalog:salomon--radiant,verified,,2026-09-02T23:05:13.572077+00:00
ba2e054b-3e88-41de-8283-0d3326eb7657,Salomon Snowboards,Riot,2009,,,catalog:salomon--riot,unverified,,2026-09-02T23:05:13.572077+00:00
efeb404d-c6ab-44e3-b78a-9d05e9be32f5,Salomon Snowboards,Rumble Fish,2026,,,catalog:salomon--rumble-fish,unverified,,2026-09-02T23:05:13.572077+00:00
b70ac677-e191-4787-b095-d8a9fb99f4e9,Salomon Snowboards,Salomonder,2011,,,catalog:salomon--salomonder,unverified,,2026-09-02T23:05:13.572077+00:00
d6ecf745-b1b2-42f9-a1fc-e4527387ff92,Salomon Snowboards,Sanchez,2008,,,catalog:salomon--sanchez,verified,,2026-09-02T23:05:13.572077+00:00
8d89551f-8849-4ae8-b303-530cad417dc7,Salomon Snowboards,Scout,2008,,,catalog:salomon--scout,verified,,2026-09-02T23:05:13.572077+00:00
1a0643c2-6fea-4a80-8265-58e7bcb677c0,Salomon Snowboards,Shade,2005,,,catalog:salomon--shade,verified,,2026-09-02T23:05:13.572077+00:00
7094528b-b056-4bb0-a38e-05d0c8cb6038,Salomon Snowboards,Sick Stick,2009,,,catalog:salomon--sick-stick,verified,,2026-09-02T23:05:13.572077+00:00
e1da29b3-5365-4876-8b15-d5f335860d67,Salomon Snowboards,Sight,2026,,,catalog:salomon--sight,unverified,,2026-09-02T23:05:13.572077+00:00
f432d9b0-f66d-44eb-9e1b-5d6df4405395,Salomon Snowboards,Sleepwalker,2027,,,catalog:salomon--sleepwalker,unverified,,2026-09-02T23:05:13.572077+00:00
3391bc50-8369-4ce6-8af7-4c8c05915052,Salomon Snowboards,Spark,2012,,,catalog:salomon--spark,unverified,,2026-09-02T23:05:13.572077+00:00
6b26ea4f-ddc9-4547-b75e-36dd8fac36c9,Salomon Snowboards,Special,2008,,,catalog:salomon--special,verified,,2026-09-02T23:05:13.572077+00:00
98bcdcb8-d041-4272-b401-816412b952f3,Salomon Snowboards,Strobe,2008,,,catalog:salomon--strobe,verified,,2026-09-02T23:05:13.572077+00:00
4d8b05e8-1354-43d4-a3d4-9352041a6040,Salomon Snowboards,Substance,2005,,,catalog:salomon--substance,verified,,2026-09-02T23:05:13.572077+00:00
4002bd59-c9b2-4144-802b-b4aa76db61e3,Salomon Snowboards,Team,2005,,,catalog:salomon--team,verified,,2026-09-02T23:05:13.572077+00:00
3394b382-71c0-4242-a108-c0b6b45cc089,Salomon Snowboards,Tempest,2008,,,catalog:salomon--tempest,verified,,2026-09-02T23:05:13.572077+00:00
948b2e42-4ee3-4680-b49a-aae366627f40,Salomon Snowboards,Titan,2011,,,catalog:salomon--titan,unverified,,2026-09-02T23:05:13.572077+00:00
47cf4b62-a150-4a6b-b939-889f7f1148f6,Salomon Snowboards,Tracker,2008,,,catalog:salomon--tracker,verified,,2026-09-02T23:05:13.572077+00:00
680200e1-794c-410d-a877-f6ea343f1cea,Salomon Snowboards,Transfer,2006,,,catalog:salomon--transfer,verified,,2026-09-02T23:05:13.572077+00:00
264d7de4-69b9-4903-959d-f6bb56daf7aa,Salomon Snowboards,Villain,2018,,,catalog:salomon--villain,unverified,,2026-09-02T23:05:13.572077+00:00
362f2bea-a79a-46dc-b221-c07948c28312,Salomon Snowboards,Wonder,2026,,,catalog:salomon--wonder,unverified,,2026-09-02T23:05:13.572077+00:00
86bfa51d-00b3-4ecd-9d61-6c863d281cc7,Salomon Snowboards,XLT,2012,,,catalog:salomon--xlt,unverified,,2026-09-02T23:05:13.572077+00:00
95ea39e9-3dbc-4505-803c-b868e717a5b5,Sandy Shapes,Agile,2026,,,catalog:sandy-shapes--agile,unverified,,2026-09-04T18:50:02.290726+00:00
c775623f-63d0-4ec4-a696-da6dc617c704,Sandy Shapes,Amara,2026,,,catalog:sandy-shapes--amara,unverified,,2026-09-04T18:50:02.290726+00:00
546fdc69-f73e-4c76-b91d-8b536bd73412,Sandy Shapes,Amara Abonos,2026,,,catalog:sandy-shapes--amara-abonos,unverified,,2026-09-04T18:50:02.290726+00:00
4a4a9f0d-b3c5-430a-9e25-82a9a03870a2,Sandy Shapes,Audace,2026,,,catalog:sandy-shapes--audace,unverified,,2026-09-04T18:50:02.290726+00:00
b778061d-dfea-41d4-8268-a00706ce0ccf,Sandy Shapes,Birbante,2026,,,catalog:sandy-shapes--birbante,unverified,,2026-09-04T18:50:02.290726+00:00
cbfa8080-6724-49e1-abe3-8acb258a9ffc,Sandy Shapes,Curiosa,2026,,,catalog:sandy-shapes--curiosa,unverified,,2026-09-04T18:50:02.290726+00:00
66b05d9e-302a-4307-b5e7-6b4f7137e4c6,Sandy Shapes,Deliziosa,2026,,,catalog:sandy-shapes--deliziosa,unverified,,2026-09-04T18:50:02.290726+00:00
eaaa612a-8dad-49a0-897c-ea55f9c9f1bc,Sandy Shapes,Divina,2026,,,catalog:sandy-shapes--divina,unverified,,2026-09-04T18:50:02.290726+00:00
368903d3-c74c-42d1-b241-97d980b80138,Sandy Shapes,Egoista,2026,,,catalog:sandy-shapes--egoista,unverified,,2026-09-04T18:50:02.290726+00:00
3582bf51-5c13-45dd-a4a1-b1f52c74ce4e,Sandy Shapes,Fantastica,2026,,,catalog:sandy-shapes--fantastica,unverified,,2026-09-04T18:50:02.290726+00:00
81922d27-eab9-468c-b601-14a26f3c8eb7,Sandy Shapes,Fantastica Abonos™,2026,,,catalog:sandy-shapes--fantastica-abonostm,unverified,,2026-09-04T18:50:02.290726+00:00
1a2386dc-e2e1-4539-9e41-4e0464a57e1d,Sandy Shapes,Fantastica Magica splitboard,2026,,,catalog:sandy-shapes--fantastica-magica-splitboard,unverified,,2026-09-04T18:50:02.290726+00:00
5a3353b4-4d4a-4526-903b-140064bb90af,Sandy Shapes,Infinita C,2026,,,catalog:sandy-shapes--infinita-c,unverified,,2026-09-04T18:50:02.290726+00:00
ea8dddc6-ba1e-4ea7-9610-fbb3f1da68e3,Sandy Shapes,Infinita Private Label ltd,2026,,,catalog:sandy-shapes--infinita-private-label-ltd,unverified,,2026-09-04T18:50:02.290726+00:00
67da3845-c63c-429f-b65e-1a23ed335604,Sandy Shapes,Infinita R,2026,,,catalog:sandy-shapes--infinita-r,unverified,,2026-09-04T18:50:02.290726+00:00
ac0cf67e-249e-48c1-9291-edc454dce397,Sandy Shapes,Infinita RC,2026,,,catalog:sandy-shapes--infinita-rc,unverified,,2026-09-04T18:50:02.290726+00:00
6dde1f63-08a5-42b0-82eb-9c3baa2f3a55,Sandy Shapes,Infinita XC,2026,,,catalog:sandy-shapes--infinita-xc,unverified,,2026-09-04T18:50:02.290726+00:00
abd64dc5-6109-4ac5-a4eb-abfeacfc5a57,Sandy Shapes,Infinita XR,2026,,,catalog:sandy-shapes--infinita-xr,unverified,,2026-09-04T18:50:02.290726+00:00
8c6ea12e-1338-49e1-a1a5-0a4f59b97625,Sandy Shapes,Magnifica,2026,,,catalog:sandy-shapes--magnifica,unverified,,2026-09-04T18:50:02.290726+00:00
0bce4755-5594-41af-931e-f3402a034af9,Sandy Shapes,Magnifica Abonos,2026,,,catalog:sandy-shapes--magnifica-abonos,unverified,,2026-09-04T18:50:02.290726+00:00
a93d62ff-5433-42e4-aa63-71ed121ad427,Sandy Shapes,Regina,2026,,,catalog:sandy-shapes--regina,unverified,,2026-09-04T18:50:02.290726+00:00
8bd840f4-d4f2-4bc5-8c52-bee21f24a797,Sandy Shapes,Regina Abonos,2026,,,catalog:sandy-shapes--regina-abonos,unverified,,2026-09-04T18:50:02.290726+00:00
d45a0fb9-7fad-4fcb-922c-5c0634557656,Sandy Shapes,Ribelle camber,2026,,,catalog:sandy-shapes--ribelle-camber,unverified,,2026-09-04T18:50:02.290726+00:00
cb961932-c241-4812-a4b8-492c8e5b7596,Sandy Shapes,Veloce Junior,2026,,,catalog:sandy-shapes--veloce-junior,unverified,,2026-09-04T18:50:02.290726+00:00
da5cafea-f718-4219-9c52-ac455594ce58,Sandy Shapes,Virtuosa,2026,,,catalog:sandy-shapes--virtuosa,unverified,,2026-09-04T18:50:02.290726+00:00
665af839-5ea8-4746-92fe-e4439d321e05,Sandy Shapes,Virtuosa Magica splitboard,2026,,,catalog:sandy-shapes--virtuosa-magica-splitboard,unverified,,2026-09-04T18:50:02.290726+00:00
1f3a0ecb-afee-4b87-8023-332985cab9e0,Sandy Shapes,Zingara,2026,,,catalog:sandy-shapes--zingara,unverified,,2026-09-04T18:50:02.290726+00:00
40ec27a3-b1a6-44f5-aa04-c5caeef7b520,Sandy Shapes,Zingara Magica splitboard,2026,,,catalog:sandy-shapes--zingara-magica-splitboard,unverified,,2026-09-04T18:50:02.290726+00:00
cbda3215-851a-4ba4-ad90-f97a0f955844,Santa Cruz,Allstar,2007,,,catalog:santa-cruz--allstar,verified,,2026-09-02T23:05:13.572077+00:00
fe2c2593-6ec3-4b6c-b09b-0cf6e3e6d340,Santa Cruz,Chris Roach Genie,1994,,,catalog:santa-cruz--chris-roach-genie,verified,,2026-09-02T23:05:13.572077+00:00
e8db7f3f-d1c4-41b1-964c-a90ccea4395c,Santa Cruz,Cuna,2007,,,catalog:santa-cruz--cuna,verified,,2026-09-02T23:05:13.572077+00:00
cf7a324d-c0fa-4f57-b095-f37b3bbdf61b,Santa Cruz,Deathgod,2011,,,catalog:santa-cruz--deathgod,unverified,,2026-09-02T23:05:13.572077+00:00
8d6590bb-787e-4608-b6da-8b162c83526c,Santa Cruz,Dtr,1992,,,https://retrosnow.com/shop/santa-cruz/92-santa-cruz/santa-cruz-dtr-62/,verified,,2026-09-04T20:38:46.266408+00:00
d9646fd5-8446-4bda-b04f-410883be622e,Santa Cruz,DTR 62,1992,,,catalog:santa-cruz--dtr-62,unverified,,2026-09-02T23:05:13.572077+00:00
4f9edcf5-6322-4714-994d-6f39a0b4a48c,Santa Cruz,Duo,2007,,,catalog:santa-cruz--duo,verified,,2026-09-02T23:05:13.572077+00:00
fb35d843-2d19-4802-a288-9161e600f763,Santa Cruz,Face,2011,,,catalog:santa-cruz--face,unverified,,2026-09-02T23:05:13.572077+00:00
5e42066b-3cce-4b1a-a9c1-14e429ac63ae,Santa Cruz,Flaming Dot,2012,,,catalog:santa-cruz--flaming-dot,unverified,,2026-09-02T23:05:13.572077+00:00
65ebb460-86fb-4d56-bc13-9b1e92543ffb,Santa Cruz,Floater,2012,,,catalog:santa-cruz--floater,unverified,,2026-09-02T23:05:13.572077+00:00
e21ad963-ac5b-4b92-b3a0-fa18fdd619cf,Santa Cruz,Frankenfont,2012,,,catalog:santa-cruz--frankenfont,unverified,,2026-09-02T23:05:13.572077+00:00
b6438d87-bff1-461b-88f1-9cf31c14c1ea,Santa Cruz,Fusion,2008,,,catalog:santa-cruz--fusion,unverified,,2026-09-02T23:05:13.572077+00:00
31a9236b-8e18-4c72-8e99-4a00e687df7a,Santa Cruz,Galaxy,2011,,,catalog:santa-cruz--galaxy,unverified,,2026-09-02T23:05:13.572077+00:00
1a8444d8-cafe-42cd-9f9f-f4dd333004ad,Santa Cruz,Gian Simmen Pro,2007,,,catalog:santa-cruz--gian-simmen-pro,verified,,2026-09-02T23:05:13.572077+00:00
e863303e-1ebd-4429-a5f3-9a7260e38817,Santa Cruz,Gremlin,2012,,,catalog:santa-cruz--gremlin,unverified,,2026-09-02T23:05:13.572077+00:00
8a7d3b36-1852-4955-b979-f050f549122a,Santa Cruz,Guerilla Division,2007,,,catalog:santa-cruz--guerilla-division,verified,,2026-09-02T23:05:13.572077+00:00
6654055c-1b40-4457-aaf3-b2faaab7ef0b,Santa Cruz,Iouri Podladtchikov Pro,2009,,,catalog:santa-cruz--iouri-podladtchikov-pro,unverified,,2026-09-02T23:05:13.572077+00:00
79b0840c-9740-4670-b866-9172d4ab2986,Santa Cruz,Jon Kooley TT Pro,2008,,,catalog:santa-cruz--jon-kooley-tt-pro,unverified,,2026-09-02T23:05:13.572077+00:00
7e388bba-3608-40ce-be05-52a54fd52333,Santa Cruz,Largo,2007,,,catalog:santa-cruz--largo,verified,,2026-09-02T23:05:13.572077+00:00
baea7666-eb2e-4fdc-9fdf-24c021ef00be,Santa Cruz,Loco Pro,2007,,,catalog:santa-cruz--loco-pro,verified,,2026-09-02T23:05:13.572077+00:00
c91a048d-7bdc-4ea0-941b-d426d0b590c7,Santa Cruz,Massacre,2007,,,catalog:santa-cruz--massacre,verified,,2026-09-02T23:05:13.572077+00:00
23cbc3c4-5f3f-4087-98a8-f918b157e7b4,Santa Cruz,Morph Pro,2012,,,catalog:santa-cruz--morph-pro,unverified,,2026-09-02T23:05:13.572077+00:00
996faee0-a261-4cc0-96db-a5cf4d4b7750,Santa Cruz,Mountain,2007,,,catalog:santa-cruz--mountain,verified,,2026-09-02T23:05:13.572077+00:00
db0af6be-f2ea-4cc5-9ea0-dd5dbf7dbb73,Santa Cruz,Muse,2007,,,catalog:santa-cruz--muse,verified,,2026-09-02T23:05:13.572077+00:00
9c82c258-4461-41c8-8858-c8ca655bd61f,Santa Cruz,Park Wide,2007,,,catalog:santa-cruz--park-wide,verified,,2026-09-02T23:05:13.572077+00:00
7b1b0ada-9a56-466e-8fbc-067a742d5ec5,Santa Cruz,Perfect 11,2008,,,catalog:santa-cruz--perfect-11,unverified,,2026-09-02T23:05:13.572077+00:00
fc1d1fcc-5d0e-407b-9202-fd967da67f71,Santa Cruz,Platinum TT,2009,,,catalog:santa-cruz--platinum-tt,unverified,,2026-09-02T23:05:13.572077+00:00
f415000a-747d-4f81-984e-5b819928d3af,Santa Cruz,PowerLyte,2011,,,catalog:santa-cruz--powerlyte,unverified,,2026-09-02T23:05:13.572077+00:00
766192fb-841f-4dac-9215-ab16cb908fb2,Santa Cruz,Psycho XX,2012,,,catalog:santa-cruz--psycho-xx,unverified,,2026-09-02T23:05:13.572077+00:00
8e82de8d-5878-4dc9-ba74-a53c43fa21b5,Santa Cruz,Rebel Series,2007,,,catalog:santa-cruz--rebel-series,verified,,2026-09-02T23:05:13.572077+00:00
a4001462-7858-4494-9a6d-140e135b4e79,Santa Cruz,Respect Series,2007,,,catalog:santa-cruz--respect-series,verified,,2026-09-02T23:05:13.572077+00:00
190efc09-7840-48ea-810b-4a528b8299b5,Santa Cruz,Rob One,2012,,,catalog:santa-cruz--rob-one,unverified,,2026-09-02T23:05:13.572077+00:00
94ad7182-128c-4245-9388-e1aa06027ccc,Santa Cruz,Scratch Knot,2012,,,catalog:santa-cruz--scratch-knot,unverified,,2026-09-02T23:05:13.572077+00:00
abc226f0-e7bb-4b01-b6f7-e6fe7173556b,Santa Cruz,Screaming Hand,2011,,,catalog:santa-cruz--screaming-hand,unverified,,2026-09-02T23:05:13.572077+00:00
55a75113-11c1-4e40-8cf8-c75c907e267b,Santa Cruz,Seth Huot Pro,2007,,,catalog:santa-cruz--seth-huot-pro,verified,,2026-09-02T23:05:13.572077+00:00
8e7f7454-561e-4779-8896-372d72bedbe4,Santa Cruz,Slasher,2011,,,catalog:santa-cruz--slasher,unverified,,2026-09-02T23:05:13.572077+00:00
f5cc926e-3ac6-4aaf-a2a5-79da061e6fae,Santa Cruz,Snowpark,2011,,,catalog:santa-cruz--snowpark,unverified,,2026-09-02T23:05:13.572077+00:00
56a86dd1-9c4a-4b07-bb05-16b4698504e3,Santa Cruz,Spider,2012,,,catalog:santa-cruz--spider,unverified,,2026-09-02T23:05:13.572077+00:00
a95079fc-e0f6-41ad-ada8-25b58903e9df,Santa Cruz,Suave,2008,,,catalog:santa-cruz--suave,unverified,,2026-09-02T23:05:13.572077+00:00
af7977b8-d52d-4efe-a8b4-f035231ad77c,Santa Cruz,Tao,1992,,,catalog:santa-cruz--tao,verified,,2026-09-02T23:05:13.572077+00:00
881824d6-3af0-4a27-bf2b-cef461fc6914,Santa Cruz,Tetra,2012,,,catalog:santa-cruz--tetra,unverified,,2026-09-02T23:05:13.572077+00:00
bcc647bc-fbc3-4bb0-bb78-b0516df07f10,Santa Cruz,TT,2007,,,catalog:santa-cruz--tt,verified,,2026-09-02T23:05:13.572077+00:00
570497fc-1e8b-499b-bfed-3a6bd1bf8d55,Santa Cruz,Twinza,2008,,,catalog:santa-cruz--twinza,unverified,,2026-09-02T23:05:13.572077+00:00
6bd4dfb8-d090-46e2-9208-8f22b9be0fa2,Santa Cruz,Veins,2011,,,catalog:santa-cruz--veins,unverified,,2026-09-02T23:05:13.572077+00:00
607bdb49-7c7f-4308-bf4c-eebc7d432b78,Santa Cruz,Webdot,2012,,,catalog:santa-cruz--webdot,unverified,,2026-09-02T23:05:13.572077+00:00
388fcd4b-d81a-44eb-9072-6ab4fd2655f8,Santa Cruz,Zerocks,2007,,,catalog:santa-cruz--zerocks,verified,,2026-09-02T23:05:13.572077+00:00
1c8cafa5-5d1e-45ba-83c6-2f749f5cd75d,Season Eqpt,Aero,2021,,,catalog:season-eqpt--aero,unverified,,2026-09-02T23:05:13.572077+00:00
67610c97-5cf2-4b7b-9090-67ea55aac40d,Season Eqpt,Forma,2021,,,catalog:season-eqpt--forma,verified,,2026-09-02T23:05:13.572077+00:00
050dfa77-ef53-46b9-a5cb-296caa1ff857,Season Eqpt,Lolo,2026,,,catalog:season-eqpt--lolo,unverified,,2026-09-04T18:50:01.888127+00:00
2f480fb5-79be-4725-be91-ef7f623a0620,Season Eqpt,Nexus,2021,,,catalog:season-eqpt--nexus,verified,,2026-09-02T23:05:13.572077+00:00
4f579169-b006-461d-888b-014646b17028,Season Eqpt,Pass,2023,,,catalog:season-eqpt--pass,verified,,2026-09-02T23:05:13.572077+00:00
ab3b3d7d-a538-45a1-9888-98a3e2aa48cf,Season Eqpt,Primer,2026,,,catalog:season-eqpt--primer,unverified,,2026-09-04T18:50:01.888127+00:00
51f6e274-2d4b-43b1-aae0-2288f489ffec,SG Snowboards,B.L.A.C.K,2026,,,catalog:sg-snowboards--b-l-a-c-k,unverified,,2026-09-02T23:05:13.572077+00:00
eb897c72-b6fe-4547-b16e-748b48f1aec8,SG Snowboards,Force,2026,,,catalog:sg-snowboards--force,unverified,,2026-09-02T23:05:13.572077+00:00
fe0eb547-e190-46dc-9288-cbe0d247f156,SG Snowboards,Force Pv,2026,,,catalog:sg-snowboards--force-pv,unverified,,2026-09-04T18:50:01.888127+00:00
024b4aef-f755-4e6d-8d85-d0a68e1b9ecd,SG Snowboards,Free Solo,2026,,,catalog:sg-snowboards--free-solo,unverified,,2026-09-02T23:05:13.572077+00:00
3bf14819-069f-4e2f-ac07-98395ecf53a6,SG Snowboards,Full Carve,2026,,,catalog:sg-snowboards--full-carve,unverified,,2026-09-02T23:05:13.572077+00:00
5a97b737-24d6-4992-a517-9156032f26b0,SG Snowboards,Full Race,2026,,,catalog:sg-snowboards--full-race,unverified,,2026-09-02T23:05:13.572077+00:00
14040e41-4ad4-4298-ade8-0bd24335ef1b,SG Snowboards,Full Race Pro Team,2026,,,catalog:sg-snowboards--full-race-pro-team,unverified,,2026-09-04T18:50:01.888127+00:00
25ccdf89-743b-4d8e-8086-239547e1750e,SG Snowboards,Full Race Titan,2026,,,catalog:sg-snowboards--full-race-titan,unverified,,2026-09-04T18:50:01.888127+00:00
3a0623b3-75e9-4c9c-b463-7a78e656df43,SG Snowboards,Fullspeed,2026,,,catalog:sg-snowboards--fullspeed,unverified,,2026-09-02T23:05:13.572077+00:00
425829a6-e7e1-498b-b3f9-33b1e0910fd0,SG Snowboards,Shred,2026,,,catalog:sg-snowboards--shred,unverified,,2026-09-02T23:05:13.572077+00:00
0dbe8d75-062b-4b19-9666-73c3ecb8f958,SG Snowboards,Soul,2026,,,catalog:sg-snowboards--soul,unverified,,2026-09-02T23:05:13.572077+00:00
3f576518-eb39-405f-94ab-16fca26babfe,SG Snowboards,Soul Titan,2026,,,catalog:sg-snowboards--soul-titan,unverified,,2026-09-04T18:50:01.888127+00:00
77ac8b79-bed1-4786-b294-86c733d9a8e3,SG Snowboards,The Cult,2026,,,catalog:sg-snowboards--the-cult,unverified,,2026-09-02T23:05:13.572077+00:00
a2bc3971-f5b0-4fef-abf8-f9e57b2138d0,Shift,166,1995,,,https://retrosnow.com/shop/shift/95-shift/shift-166/,verified,,2026-09-04T20:38:46.266408+00:00
ae1ae184-5aec-4e91-92a1-b30018d8753c,Shorty's,144,1995,,,https://retrosnow.com/shop/shortys/95-shortys/shortys-144/,verified,,2026-09-04T20:38:46.266408+00:00
22e2df85-433e-4418-b89e-351d3ea5fc48,Shorty's,Shortys,1995,,,https://retrosnow.com/shop/shortys/95-shortys/shortys/,verified,,2026-09-04T20:38:46.266408+00:00
3c26b945-8df4-4bf0-82d6-0dbb926204fb,Signal,Ambient - Frog Off,2026,,,catalog:signal--ambient-frog-off,unverified,,2026-09-04T18:50:01.888127+00:00
fb880890-cde0-4d82-8a18-84923d7d9e2d,Signal,Calliope,2009,,,catalog:signal--calliope,unverified,,2026-09-02T23:05:13.572077+00:00
1f8a4659-90a0-45d4-bdab-7c0f23ec4821,Signal,Compass - Duel,2026,,,catalog:signal--compass-duel,unverified,,2026-09-04T18:50:01.888127+00:00
e01ced4c-5277-4b15-83e3-ab5decf5ce44,Signal,Disruptor - Higher Power,2026,,,catalog:signal--disruptor-higher-power,unverified,,2026-09-04T18:50:01.888127+00:00
edd4860c-6a41-45ac-b74c-f653854f8bdd,Signal,Hammer,2009,,,catalog:signal--hammer,unverified,,2026-09-02T23:05:13.572077+00:00
745c0d6d-b186-406d-a16b-55385c816c1f,Signal,Ludo - Blaster,2026,,,catalog:signal--ludo-blaster,unverified,,2026-09-04T18:50:01.888127+00:00
d30b8057-7da7-4c8b-bd29-a69a8c9f7e66,Signal,Ludo - Machine,2026,,,catalog:signal--ludo-machine,unverified,,2026-09-04T18:50:01.888127+00:00
d11f416c-a6c0-445f-8c58-fb15d9930148,Signal,OG,2009,,,catalog:signal--og,unverified,,2026-09-02T23:05:13.572077+00:00
7229adb4-1a51-4d10-9f31-cadf1febaf61,Signal,Omni - Arata 2,2026,,,catalog:signal--omni-arata-2,unverified,,2026-09-04T18:50:01.888127+00:00
02476439-6030-4889-af60-db600a56aef7,Signal,Omni Wavelength,2011,,,catalog:signal--omni-wavelength,unverified,,2026-09-02T23:05:13.572077+00:00
7fa4de61-297e-407e-9b35-e363c735ca96,Signal,Park,2009,,,catalog:signal--park,unverified,,2026-09-02T23:05:13.572077+00:00
c021ca56-a9e4-4691-8f3d-80b2a3e5e03e,Signal,Park Kids - Rocket Power,2026,,,catalog:signal--park-kids-rocket-power,unverified,,2026-09-04T18:50:01.888127+00:00
9881ae44-2445-4a43-9da3-d235c4a39d06,Signal,Park Pro - BLOOD WIZARD,2026,,,catalog:signal--park-pro-blood-wizard,unverified,,2026-09-04T18:50:01.888127+00:00
45d5b2de-7717-451c-95bb-01b675be3064,Signal,Park Pro - Gutter Phoenix,2026,,,catalog:signal--park-pro-gutter-phoenix,unverified,,2026-09-04T18:50:01.888127+00:00
29d7d159-44a4-4d74-87fa-fe5a2d37238e,Signal,Park Series - Subvert,2026,,,catalog:signal--park-series-subvert,unverified,,2026-09-04T18:50:01.888127+00:00
2a46c8db-a8d3-495f-b8ed-e6c68c64a3d9,Signal,Platinum - Flare,2026,,,catalog:signal--platinum-flare,unverified,,2026-09-04T18:50:01.888127+00:00
b3e59302-1317-4eb2-a0a6-3186569a657c,Signal,Rocker,2010,,,catalog:signal--rocker,unverified,,2026-09-02T23:05:13.572077+00:00
9108f113-5b9c-467a-8f0a-e5e290298d7c,Signal,SIGNAL X PICKLE STIX - Yup OG,2026,,,catalog:signal--signal-x-pickle-stix-yup-og,unverified,,2026-09-04T18:50:01.888127+00:00
d1fd3a5a-8885-47ee-8dfe-2cb2555c3e6e,Signal,Tailgunner - Radar,2026,,,catalog:signal--tailgunner-radar,unverified,,2026-09-04T18:50:01.888127+00:00
f1728b88-7a95-47c1-bd33-b2446d260db9,Signal,UN - Yuki Pro,2026,,,catalog:signal--un-yuki-pro,unverified,,2026-09-04T18:50:01.888127+00:00
7db6dddb-a794-467e-9e08-10c3bf549076,Signal,Vita,2011,,,catalog:signal--vita,unverified,,2026-09-02T23:05:13.572077+00:00
962add65-d514-4b86-b1ce-7e1dea78b31d,Signal,Wampeater - Drive In,2026,,,catalog:signal--wampeater-drive-in,unverified,,2026-09-04T18:50:01.888127+00:00
817e5f44-d3b5-4e7c-9b04-73b30c74ba05,Signal,Yuki Pro - UN,2026,,,catalog:signal--yuki-pro-un,unverified,,2026-09-04T18:50:01.888127+00:00
5a9d25ba-8064-4b6e-b4a8-ff4f7f827a47,Signal,Yup - RPM,2026,,,catalog:signal--yup-rpm,unverified,,2026-09-04T18:50:01.888127+00:00
16ba6a10-0eff-4161-82e4-715fc88067b2,Sims,1500 FE,1980,,,seed:linestry-research-2026-06,verified,,2026-06-19T05:24:20.410856+00:00
a82e6770-8e11-41c8-9b1e-93f31f418bf1,Sims,1710 Blade,1986,,,https://retrosnow.com/shop/sims/sims-86/sims-1710-blade/,verified,,2026-09-04T20:38:46.266408+00:00
sims_1993_atv,Sims,ATV,1993,directional,,,verified,,2026-03-14T08:29:31.505872+00:00
sims_1995_atv,Sims,ATV,1995,directional,,,verified,,2026-03-14T08:29:31.505872+00:00
sims_1998_atv,Sims,ATV,1998,directional,,,verified,,2026-03-14T08:29:31.505872+00:00
sims_2019_atv,Sims,ATV,2019,twin,,,verified,,2026-03-14T08:29:31.505872+00:00
a073a519-9785-44fb-8db8-3dfa59f998c0,Sims,ATV Pro,2024,,,catalog:sims--atv-pro,unverified,,2026-09-04T18:50:01.888127+00:00
838ec863-27f6-4a32-8061-77f523ebe7a5,Sims,ATVX,2024,,,catalog:sims--atvx,unverified,,2026-09-04T18:50:01.888127+00:00
c0ce0b76-e508-4898-8100-1cd3c92f5be1,Sims,Aurum,2026,,,catalog:sims--aurum,unverified,,2026-09-04T18:50:01.888127+00:00
sims_1987_blade,Sims,Blade,1987,directional,,seed:linestry-research-2026-06,verified,,2026-03-14T08:29:31.505872+00:00
sims_2015_blade,Sims,Blade,2015,directional,,seed:linestry-research-2026-06,verified,,2026-03-14T08:29:31.505872+00:00
459fae91-5016-47ba-aacb-ab6371d94db7,Sims,Bowl Squad,2024,,,catalog:sims--bowl-squad,unverified,,2026-09-04T18:50:01.888127+00:00
50ae360a-5e2e-4478-9564-0a95a8e4e2de,Sims,Bowl Squad Pro,2024,,,catalog:sims--bowl-squad-pro,unverified,,2026-09-04T18:50:01.888127+00:00
sims_2016_dealers_choice,Sims,Dealer's Choice,2016,directional-twin,,,verified,,2026-03-14T08:29:31.505872+00:00
d95e63f4-52a5-4693-b1f8-0a980dc47f0f,Sims,Distortion,2024,,,catalog:sims--distortion,unverified,,2026-09-04T18:50:01.888127+00:00
sims_1995_enduro,Sims,Enduro,1995,directional,,,verified,,2026-03-14T08:29:31.505872+00:00
sims_2000_enduro,Sims,Enduro,2000,directional,,,verified,,2026-03-14T08:29:31.505872+00:00
b22e4342-3086-4db5-a49e-ab1805bb717f,Sims,Fluid,2024,,,catalog:sims--fluid,unverified,,2026-09-04T18:50:01.888127+00:00
sims_1987_halfpipe,Sims,Half Pipe,1987,directional,,,verified,,2026-03-14T08:29:31.505872+00:00
b21,Sims,Halfpipe,1993,,,,verified,,2026-03-13T00:16:16.048193+00:00
b647ae54-4b74-4614-82ed-cce7fe341b1d,Sims,Joker,2025,,,catalog:sims--joker,unverified,,2026-09-04T18:50:01.888127+00:00
sims_2015_juice,Sims,Juice,2015,directional-twin,,,verified,,2026-03-14T08:29:31.505872+00:00
sims_2006_kinetic,Sims,Kinetic,2006,directional-twin,,,verified,,2026-03-14T08:29:31.505872+00:00
606d47f4-b971-4f0e-910c-309d776928e8,Sims,Macrodose,2024,,,catalog:sims--macrodose,unverified,,2026-09-04T18:50:01.888127+00:00
3c5b73af-2767-4c28-9cff-e01ae695c87d,Sims,Mystery Lunch,2024,,,catalog:sims--mystery-lunch,unverified,,2026-09-04T18:50:01.888127+00:00
dbf230ac-aa2c-4248-84b5-f4730fd26a40,Sims,Noah Salasnek,1990,,,seed:linestry-research-2026-06,verified,,2026-06-19T05:24:20.410856+00:00
sims_1993_nub,Sims,Noah Salasnek Nub,1993,twin,,,verified,,2026-03-14T08:29:31.505872+00:00
d77b2214-3b7c-4505-825b-39a0984b21c4,Sims,Noah Skate,1994,,,https://retrosnow.com/shop/sims/sims-94/sims-noah-skate/,verified,,2026-09-04T20:38:46.266408+00:00
sims_1995_noahs_ark,Sims,Noah's Ark,1995,twin,,,verified,,2026-03-14T08:29:31.505872+00:00
48fe81f7-66d3-406e-83d7-2c4e3f768858,Sims,Noahs Ark,1993,,,https://retrosnow.com/shop/sims/sims-93/sims-noahs-ark/,verified,,2026-09-04T20:38:46.266408+00:00
sims_2022_nub,Sims,Nub,2022,twin,,,verified,,2026-03-14T08:29:31.505872+00:00
df813ede-cfa9-4a9a-b45a-f4a5e27b46e4,Sims,Nub USA,2026,,,catalog:sims--nub-usa,unverified,,2026-09-04T18:50:01.888127+00:00
77b8b0cd-7c9a-414b-af05-21d786aac4db,Sims,Palmer Baby Clown,1993,,,https://retrosnow.com/shop/sims/sims-93/sims-palmer-baby-clown/,verified,,2026-09-04T20:38:46.266408+00:00
sims_2009_quest,Sims,Quest,2009,directional,,,verified,,2026-03-14T08:29:31.505872+00:00
f4203dd3-6755-47e6-8827-58a0b420d00f,Sims,Salt,2026,,,catalog:sims--salt,unverified,,2026-09-04T18:50:01.888127+00:00
sims_1993_dunn,Sims,Shannon Dunn,1993,twin,,,verified,,2026-03-14T08:29:31.505872+00:00
sims_1991_palmer_clown,Sims,Shaun Palmer Clown,1991,directional,,,verified,,2026-03-14T08:29:31.505872+00:00
sims_1993_palmer_pimp,Sims,Shaun Palmer Pimp,1993,directional,,,verified,,2026-03-14T08:29:31.505872+00:00
1acf923e-5dd7-4f59-a48f-ef56b76e0c90,Sims,Shawn Palmer Pimp,1993,,,https://retrosnow.com/shop/sims/sims-93/sims-shawn-palmer-pimp/,verified,,2026-09-04T20:38:46.266408+00:00
sims_2016_sofun,Sims,SoFun,2016,twin,,,verified,,2026-03-14T08:29:31.505872+00:00
f1066858-6e57-4d99-9159-e3c15f8329b8,Sims,Solo,2024,,,catalog:sims--solo,unverified,,2026-09-04T18:50:01.888127+00:00
sims_1987_switchblade,Sims,Switchblade,1987,directional,,seed:linestry-research-2026-06,verified,,2026-03-14T08:29:31.505872+00:00
board_1781885829526_ulq28,Sims,Switchblade,1988,,,,unverified,0394914d-6ffd-4a18-aa1f-1aafee7ce53a,2026-06-19T16:17:10.299106+00:00
b20,Sims,Switchblade,1995,,,seed:linestry-research-2026-06,verified,,2026-03-13T00:16:16.048193+00:00
sims_1985_kidwell,Sims,Terry Kidwell,1985,directional,,,verified,,2026-03-14T08:29:31.505872+00:00
sims_1989_kidwell,Sims,Terry Kidwell 1635,1989,directional,,,verified,,2026-03-14T08:29:31.505872+00:00
sims_1986_kidwell,Sims,Terry Kidwell 1650,1986,directional,,,verified,,2026-03-14T08:29:31.505872+00:00
sims_2018_kidwell_rt2,Sims,Terry Kidwell RT2,2018,directional,,,verified,,2026-03-14T08:29:31.505872+00:00
280ad437-5ee8-41ca-9882-f2f01d29ae49,Sims,The Day,2024,,,catalog:sims--the-day,unverified,,2026-09-04T18:50:01.888127+00:00
sims_2017_tom_sims,Sims,Tom Sims Pro,2017,directional,,,verified,,2026-03-14T08:29:31.505872+00:00
sims_2022_uap,Sims,UAP,2022,twin,,,verified,,2026-03-14T08:29:31.505872+00:00
045ea8e0-44cc-4e87-9516-5978cc4c7038,Sims,Ultimate 1700 Swallow Tail,1987,,,https://retrosnow.com/shop/sims/sims-87/sims-ultimate-1700-swallow-tail/,verified,,2026-09-04T20:38:46.266408+00:00
sims_1987_swallowtail,Sims,Ultimate Swallow Tail,1987,powder,,,verified,,2026-03-14T08:29:31.505872+00:00
sims_2023_undertaker,Sims,Undertaker,2023,twin,,,verified,,2026-03-14T08:29:31.505872+00:00
9d924516-a07f-474e-8b51-c1ba967f3da5,Sims,Vanilla,2024,,,catalog:sims--vanilla,unverified,,2026-09-04T18:50:01.888127+00:00
f3d87b4c-9387-47c0-bf0a-2f8cfd969871,Sims Snowboards,1500 FE,1985,,,catalog:sims--1500-fe,verified,,2026-09-02T23:05:13.572077+00:00
235f6d43-bddb-43e7-b45f-03204b121b07,Sims Snowboards,Ace,1992,,,catalog:sims--ace,unverified,,2026-09-02T23:05:13.572077+00:00
c77a0e7a-fe27-42da-aeb5-ad7936438024,Sims Snowboards,ATV,1991,,,catalog:sims--atv,verified,,2026-09-02T23:05:13.572077+00:00
eb1f5684-9a50-4c91-bb9d-0632651f68bb,Sims Snowboards,AV,1998,,,catalog:sims--av,verified,,2026-09-02T23:05:13.572077+00:00
ed7b45a4-ad34-4986-be23-ae9227002ad6,Sims Snowboards,Blade,1986,,,catalog:sims--blade,verified,,2026-09-02T23:05:13.572077+00:00
709d28b5-9fe6-49be-b41c-cbe9994b63db,Sims Snowboards,Burner,2006,,,catalog:sims--burner,unverified,,2026-09-02T23:05:13.572077+00:00
acde245b-a3d8-4577-801c-f8b531d68c24,Sims Snowboards,Clark,1999,,,catalog:sims--clark,verified,,2026-09-02T23:05:13.572077+00:00
5e70c5ca-6063-418b-9a49-4508969722f4,Sims Snowboards,Daytona,2000,,,catalog:sims--daytona,unverified,,2026-09-02T23:05:13.572077+00:00
282ca521-3e86-4cf9-a3fe-fb35779822b3,Sims Snowboards,Descender,2000,,,catalog:sims--descender,unverified,,2026-09-02T23:05:13.572077+00:00
4816e156-7d37-42bb-99cd-3afbd15412d3,Sims Snowboards,Enduro,1999,,,catalog:sims--enduro,verified,,2026-09-02T23:05:13.572077+00:00
3c4c622c-cc3e-4e90-81e0-46da4723a70a,Sims Snowboards,Fakie,1993,,,catalog:sims--fakie,unverified,,2026-09-02T23:05:13.572077+00:00
d1d879a2-1b1c-4fa6-9a17-ad83b8290942,Sims Snowboards,Freestyle,1990,,,catalog:sims--freestyle,verified,,2026-09-02T23:05:13.572077+00:00
5f7e8d92-f2af-4245-8180-a2d7de76a9d7,Sims Snowboards,GS,1993,,,catalog:sims--gs,unverified,,2026-09-02T23:05:13.572077+00:00
47efb55f-b925-4d14-9906-0fd59656e8a0,Sims Snowboards,Half Pipe,1989,,,catalog:sims--half-pipe,verified,,2026-09-02T23:05:13.572077+00:00
41a8b801-ceeb-4ff4-97ff-e075d1af5263,Sims Snowboards,Infinity,2000,,,catalog:sims--infinity,unverified,,2026-09-02T23:05:13.572077+00:00
9742d82d-90b1-4ad8-a0d3-172458dc19c4,Sims Snowboards,Max,1999,,,catalog:sims--max,verified,,2026-09-02T23:05:13.572077+00:00
86b293b2-d862-4dca-bac2-a5f6b71d688a,Sims Snowboards,Noah,1998,,,catalog:sims--noah,verified,,2026-09-02T23:05:13.572077+00:00
892fe205-4bee-45ca-9a92-4e98a1063198,Sims Snowboards,Noah Salasnek Nub,1993,,,catalog:sims--noah-salasnek-nub,verified,,2026-09-02T23:05:13.572077+00:00
99339e40-ab27-4cb7-8050-a21c871dab73,Sims Snowboards,Pocketknife,1988,,,catalog:sims--pocketknife,verified,,2026-09-02T23:05:13.572077+00:00
ca465b2f-d453-4f19-b9f8-9840f5240d30,Sims Snowboards,Project Hex,1998,,,catalog:sims--project-hex,verified,,2026-09-02T23:05:13.572077+00:00
7069b2af-3964-4927-9680-0bc587c108ed,Sims Snowboards,Shannon Dunn,1993,,,catalog:sims--shannon-dunn,unverified,,2026-09-02T23:05:13.572077+00:00
93b2a21f-a140-4459-ade5-958929a260a1,Sims Snowboards,Shaun Palmer,1993,,,catalog:sims--shaun-palmer,verified,,2026-09-02T23:05:13.572077+00:00
98bfdc68-ddd2-468c-9743-77acbf5c87c0,Sims Snowboards,Spinner,2000,,,catalog:sims--spinner,unverified,,2026-09-02T23:05:13.572077+00:00
cbd32eb1-db02-4ab9-a18b-3bf1013ca757,Sims Snowboards,Switchblade,1988,,,catalog:sims--switchblade,verified,,2026-09-02T23:05:13.572077+00:00
22aaa393-4cef-4def-9064-c2dac16ab62c,Sims Snowboards,T. Sims,1998,,,catalog:sims--t-sims,verified,,2026-09-02T23:05:13.572077+00:00
a2f3f26b-9951-4c31-8ab0-ffbe6743dbe9,Sims Snowboards,Terry Kidwell,1985,,,catalog:sims--terry-kidwell,verified,,2026-09-02T23:05:13.572077+00:00
c175ea0c-51cd-49f8-a450-1cb82a3413c9,Sims Snowboards,Tina,1998,,,catalog:sims--tina,verified,,2026-09-02T23:05:13.572077+00:00
4908a83f-ec7d-487c-baf1-ddd15984f6f7,Sims Snowboards,Tina Basich Seahorse,1997,,,catalog:sims--tina-basich-seahorse,unverified,,2026-09-02T23:05:13.572077+00:00
4f8312f1-9287-483f-a273-c3bcbb5e9abf,Sims Snowboards,Tina Basich Star,1999,,,catalog:sims--tina-basich-star,verified,,2026-09-02T23:05:13.572077+00:00
5bd52c35-8c86-413c-a403-e99a1077f116,Sims Snowboards,Ultimate 1700,1987,,,catalog:sims--ultimate-1700,verified,,2026-09-02T23:05:13.572077+00:00
155ca620-d060-452f-b3f1-d8518f3dd980,Slash,Actively Positive Brainstorm Splitboard,2023,,,catalog:slash--actively-positive-brainstorm-splitboard,unverified,,2026-09-04T18:50:02.038797+00:00
3bc161ea-ddfb-460c-9733-22bd16835702,Slash,Actively Positive Straight,2023,,,catalog:slash--actively-positive-straight,unverified,,2026-09-04T18:50:02.038797+00:00
b5a8e749-9e34-440d-936d-510c6421d2cb,Slash,ApArtment Brainstorm,2025,,,catalog:slash--apartment-brainstorm,unverified,,2026-09-04T18:50:01.888127+00:00
c1b0aa68-f81c-4d4d-bf45-03be7a593951,Slash,ApArtment Happy Place,2023,,,catalog:slash--apartment-happy-place,unverified,,2026-09-04T18:50:02.038797+00:00
0acd7670-bb58-4d8a-97f3-8537a83ea384,Slash,ApArtment Portal,2025,,,catalog:slash--apartment-portal,unverified,,2026-09-04T18:50:02.038797+00:00
27ba3b56-dd14-403f-90b4-64f429cf7e4a,Slash,ApArtment Spectrum,2025,,,catalog:slash--apartment-spectrum,unverified,,2026-09-04T18:50:02.038797+00:00
97fa7e8c-1fdc-4cc3-adc6-c72f29646f0d,Slash,ApArtment Straight,2025,,,catalog:slash--apartment-straight,unverified,,2026-09-04T18:50:02.038797+00:00
c75b8723-7831-4bf2-adc7-ef2f293257e7,Slash,ApArtment Vertical,2025,,,catalog:slash--apartment-vertical,unverified,,2026-09-04T18:50:02.038797+00:00
5ace7e03-1fee-466a-bf08-148f69524b83,Slash,ATV,2013,,,catalog:slash--atv,verified,,2026-09-02T23:05:13.572077+00:00
ad9af9ca-b352-4c74-a336-16c026db035e,Slash,Blank Drop ATV,2025,,,catalog:slash--blank-drop-atv,unverified,,2026-09-04T18:50:02.038797+00:00
926b2b0a-370f-47ae-9bac-d9ff1228ec3f,Slash,Blank Drop Floater,2025,,,catalog:slash--blank-drop-floater,unverified,,2026-09-04T18:50:02.038797+00:00
948cbd2b-125c-4524-85d7-946b6614d2c0,Slash,Blank Drop Happy Place,2025,,,catalog:slash--blank-drop-happy-place,unverified,,2026-09-04T18:50:02.038797+00:00
c38d7885-a82b-4e8c-8582-5ba220e48b3c,Slash,Blank Drop Vertical,2025,,,catalog:slash--blank-drop-vertical,unverified,,2026-09-04T18:50:02.038797+00:00
a35bdc86-409f-4e41-a3e4-f68af4b83876,Slash,Brainstorm,2015,,,catalog:slash--brainstorm,unverified,,2026-09-02T23:05:13.572077+00:00
a0148fc6-5706-40ac-b48a-6de878bcbc25,Slash,Floater,2016,,,catalog:slash--floater,verified,,2026-09-02T23:05:13.572077+00:00
876d6931-4b27-4133-ac56-42afc85e5487,Slash,Happy Place,2014,,,catalog:slash--happy-place,verified,,2026-09-02T23:05:13.572077+00:00
54e70976-30d6-4b2c-b936-5246b0596b10,Slash,Present Future Vertical,2021,,,catalog:slash--present-future-vertical,unverified,,2026-09-04T18:50:02.038797+00:00
12a9e933-5a13-4af4-8726-4fd181aa3da6,Slash,Spectrum,2025,,,catalog:slash--spectrum,unverified,,2026-09-02T23:05:13.572077+00:00
38e2d1e3-a5b3-43a7-a442-3bb6a9d9634c,Slash,Straight,2013,,,catalog:slash--straight,unverified,,2026-09-02T23:05:13.572077+00:00
35c06500-c7fa-4044-bede-7fea969f7da3,Slash,Vertical,2025,,,catalog:slash--vertical,unverified,,2026-09-02T23:05:13.572077+00:00
ea344531-9469-43ec-b230-c6902cea8ab5,SnoPlanks,Asym Fish,2026,,,catalog:snoplanks--asym-fish,unverified,,2026-09-04T18:50:02.290726+00:00
1eb1b1ec-d56a-4275-bf10-7a5a6525f599,SnoPlanks,Asym Twin,2026,,,catalog:snoplanks--asym-twin,unverified,,2026-09-04T18:50:02.290726+00:00
board_1781822179499_obqyt,Snurfer,Snurfer,1967,,,,unverified,0394914d-6ffd-4a18-aa1f-1aafee7ce53a,2026-06-18T22:36:20.035816+00:00
4941157b-4ad4-4698-be90-8319227c7bcd,Stepchild,Chick,2008,,,catalog:stepchild--chick,unverified,,2026-09-02T23:05:13.572077+00:00
a1cc85d0-752e-4c48-a42d-d8835ff23e67,Stepchild,Corporate,2006,,,catalog:stepchild--corporate,unverified,,2026-09-02T23:05:13.572077+00:00
40ae0935-25f0-4cc3-8539-f633c89f9976,Stepchild,Hammer,2006,,,catalog:stepchild--hammer,unverified,,2026-09-02T23:05:13.572077+00:00
e4ddd588-311a-4c7c-a1b8-ddca9525dd8a,Stepchild,Hammerhead,2009,,,catalog:stepchild--hammerhead,unverified,,2026-09-02T23:05:13.572077+00:00
d4031818-9df7-4348-9e59-6444d9e29c66,Stepchild,Jibstick,2009,,,catalog:stepchild--jibstick,unverified,,2026-09-02T23:05:13.572077+00:00
486e7cac-9789-4c41-aafd-35aed8bed2cb,Stepchild,JP Walker,2009,,,catalog:stepchild--jp-walker,unverified,,2026-09-02T23:05:13.572077+00:00
c937f445-38db-4240-9e8e-3baf097ce37a,Stepchild,Kidwell,2008,,,catalog:stepchild--kidwell,unverified,,2026-09-02T23:05:13.572077+00:00
43734f84-6003-43cb-bd79-c2cd52371ddb,Stepchild,Kool,2008,,,catalog:stepchild--kool,unverified,,2026-09-02T23:05:13.572077+00:00
9f9f6b6b-5a9e-48f4-bd4d-33d9972b3a3b,Stepchild,Latchkey,2009,,,catalog:stepchild--latchkey,unverified,,2026-09-02T23:05:13.572077+00:00
a8b22d18-d924-42f5-934c-e7ea6fbc6614,Stepchild,OG Powder,2009,,,catalog:stepchild--og-powder,unverified,,2026-09-02T23:05:13.572077+00:00
215120a2-68f8-411f-8680-7e252a0d252c,Stepchild,Powder Sucks,2009,,,catalog:stepchild--powder-sucks,unverified,,2026-09-02T23:05:13.572077+00:00
49e3571c-ee23-456f-b1d7-4c892e7bfa18,Stepchild,Ranquet,2006,,,catalog:stepchild--ranquet,unverified,,2026-09-02T23:05:13.572077+00:00
258b0d4c-83a7-4e15-ba63-5018240fb63d,Stepchild,Sick,2006,,,catalog:stepchild--sick,unverified,,2026-09-02T23:05:13.572077+00:00
e88b32cc-dac2-4989-bbef-e8a97b762fb3,Stepchild,Simon Chamberlain,2006,,,catalog:stepchild--simon-chamberlain,unverified,,2026-09-02T23:05:13.572077+00:00
2c23a2e5-ee9c-49a5-9155-0bb6ffdaee8e,Stepchild,Slim,2009,,,catalog:stepchild--slim,unverified,,2026-09-02T23:05:13.572077+00:00
board_1772833722503_j8exc,Storm Snowboards,Cyclone,1988,,,,unverified,0394914d-6ffd-4a18-aa1f-1aafee7ce53a,2026-03-06T21:48:43.163809+00:00
board_1781753036308_k7h4k,Storm Snowboards,Shredder,1988,,,,unverified,0394914d-6ffd-4a18-aa1f-1aafee7ce53a,2026-06-18T03:23:56.929205+00:00
6678cd0e-3efe-41dd-8403-7e6c052bc2a7,Stranda,Biru,2026,,,catalog:stranda--biru,unverified,,2026-09-04T18:50:02.038797+00:00
bfb6b973-5191-4a61-9260-5f03098774d9,Stranda,Descender B.C,2026,,,catalog:stranda--descender-b-c,unverified,,2026-09-04T18:50:02.038797+00:00
ad3d3f22-f57b-42be-8f76-2979936ef2e9,Stranda,Descender Fjäderlätt,2026,,,catalog:stranda--descender-fjaderlatt,unverified,,2026-09-04T18:50:02.038797+00:00
9386b41a-90b4-4580-ba33-d90a20666cf5,Stranda,Shorty B.C,2024,,,catalog:stranda--shorty-b-c,unverified,,2026-09-04T18:50:02.038797+00:00
8bebea68-a013-48a0-b829-76cb4b7b48dd,Stranda,Tree Surfer B.C,2026,,,catalog:stranda--tree-surfer-b-c,unverified,,2026-09-04T18:50:02.038797+00:00
221acacb-23c7-4c34-beac-53cfb5cd0101,Stranda,Women’s Descender,2026,,,catalog:stranda--womens-descender,unverified,,2026-09-04T18:50:02.038797+00:00
c1495ca2-4ebf-4180-805a-c856b033e784,Stranda,Women’s Shorty,2026,,,catalog:stranda--womens-shorty,unverified,,2026-09-04T18:50:02.038797+00:00
0d7bf0c3-40eb-4023-908e-7cb59cd92a6a,Technine,30THY BY Technine GF01 Combo Camber,2024,,,catalog:technine--30thy-by-technine-gf01-combo-camber,unverified,,2026-09-04T18:50:02.038797+00:00
eb08f930-4cf2-478e-b5e2-834de9af797a,Technine,30THY BY Technine GM01 CamRock,2024,,,catalog:technine--30thy-by-technine-gm01-camrock,unverified,,2026-09-04T18:50:02.038797+00:00
e79a95f9-3857-4747-8504-f5a03efecdf2,Technine,Enforcer 30,2024,,,catalog:technine--enforcer-30,unverified,,2026-09-04T18:50:02.038797+00:00
668dab9b-2e4c-437e-9d29-f73c7ad9c57c,Technine,GEN ALPHA,2024,,,catalog:technine--gen-alpha,unverified,,2026-09-04T18:50:02.038797+00:00
817332ba-3e4d-4fa0-bd7a-63e352400ac0,Technine,GEN X,2024,,,catalog:technine--gen-x,unverified,,2026-09-04T18:50:02.038797+00:00
ba74d7a3-4eba-45f7-b187-5290bcd8a150,Technine,ICON,2024,,,catalog:technine--icon,unverified,,2026-09-04T18:50:02.038797+00:00
5a44bf5f-ecc6-47f8-9b8d-7a609c21b268,Technine,JIB RMX,2024,,,catalog:technine--jib-rmx,unverified,,2026-09-04T18:50:02.038797+00:00
fb758500-33f0-4fef-8aa5-a900163002c8,Technine,MASCOT,2024,,,catalog:technine--mascot,unverified,,2026-09-04T18:50:02.038797+00:00
74a3b96f-7c01-4a2e-8f5c-2651e1133516,Technine,MASS APPEAL,2024,,,catalog:technine--mass-appeal,unverified,,2026-09-04T18:50:02.038797+00:00
f25effe0-3615-42e6-a2c7-a146255089aa,Technine,MTV9,2024,,,catalog:technine--mtv9,unverified,,2026-09-04T18:50:02.038797+00:00
b1101c89-1b75-4a24-b653-ae2c65400bde,Technine,RHYME AND REASON,2024,,,catalog:technine--rhyme-and-reason,unverified,,2026-09-04T18:50:02.038797+00:00
b0e89db8-c54e-41d7-892c-660a751e0aee,Technine,STREET,2024,,,catalog:technine--street,unverified,,2026-09-04T18:50:02.038797+00:00
4fb10a30-b9fa-4f1c-8c3d-102b71922871,Technine,TEAM Warrior,2024,,,catalog:technine--team-warrior,unverified,,2026-09-04T18:50:02.038797+00:00
acd1cbc6-3e20-4d68-8039-e54c379bf813,Technine,THE CAMROCK F25,2026,,,catalog:technine--the-camrock-f25,unverified,,2026-09-04T18:50:02.038797+00:00
5cdf4d99-3ce2-455c-a5fe-01b797164ec2,Technine,THE Enforcer F25,2026,,,catalog:technine--the-enforcer-f25,unverified,,2026-09-04T18:50:02.038797+00:00
9c48671c-9af7-495a-96f6-c5b11b1e778a,Technine,THE Groundmaster F25,2026,,,catalog:technine--the-groundmaster-f25,unverified,,2026-09-04T18:50:02.038797+00:00
93e21c25-ea1e-4cf4-a0e8-99dc02fa0889,Technine,THE ICON F25,2026,,,catalog:technine--the-icon-f25,unverified,,2026-09-04T18:50:02.038797+00:00
499549fd-2eb6-45f1-abaa-d30c3623b051,Technine,THE IMPALA F25,2026,,,catalog:technine--the-impala-f25,unverified,,2026-09-04T18:50:02.038797+00:00
a58e605d-f37b-43e2-a6fb-2ec99f735cd1,Technine,THE MASS APPEAL F25,2026,,,catalog:technine--the-mass-appeal-f25,unverified,,2026-09-04T18:50:02.038797+00:00
2a9cbfd5-d1f7-4014-91f1-4cc04272db38,Technine,THE NINES Heritage ASYM,2024,,,catalog:technine--the-nines-heritage-asym,unverified,,2026-09-04T18:50:02.038797+00:00
fc9f46e4-2bc4-43ff-ad24-071de030196f,Technine,THE Split-T F25,2026,,,catalog:technine--the-split-t-f25,unverified,,2026-09-04T18:50:02.038797+00:00
cec2a534-a9ff-4b20-98cd-14f3b4cffaf7,Technine,THE T-Money F25,2026,,,catalog:technine--the-t-money-f25,unverified,,2026-09-04T18:50:02.038797+00:00
e6101fe0-154c-453e-a9e4-b45c7f218242,Technine,THE WASSUP F25,2026,,,catalog:technine--the-wassup-f25,unverified,,2026-09-04T18:50:02.038797+00:00
07a70628-85ef-4b0e-9fff-ea513168aeb8,Technine,THE YOUNG GUN F25,2026,,,catalog:technine--the-young-gun-f25,unverified,,2026-09-04T18:50:02.038797+00:00
8f88917b-7369-4e22-8c94-167394b735a4,Technine,WASSUP Heritage,2024,,,catalog:technine--wassup-heritage,unverified,,2026-09-04T18:50:02.038797+00:00
e2bfbd2b-729b-49fd-97bc-1fcf3c05ae1a,Telos,Backslash,2021,,,catalog:telos--backslash,unverified,,2026-09-02T23:05:13.572077+00:00
f47e0f9b-ca88-4dc4-8cfe-e139ea1e14e5,Telos,Deros,2026,,,catalog:telos--deros,unverified,,2026-09-04T18:50:02.038797+00:00
44f102f8-6b6c-4af1-9454-34142ab78377,Telos,DST,2021,,,catalog:telos--dst,verified,,2026-09-02T23:05:13.572077+00:00
62609486-f6e2-40d1-9c1f-d13a897d8021,Telos,Legend,2026,,,catalog:telos--legend,unverified,,2026-09-04T18:50:02.038797+00:00
e4bba625-c218-4b61-924c-242729bca8b1,Telos,Lemurian,2026,,,catalog:telos--lemurian,unverified,,2026-09-04T18:50:02.038797+00:00
286e9238-5cdb-4dbc-b2fb-adc2494c42d8,ThirtyTwo,Middle Earth Stevens Pro LTD Snowboard,2025,,,catalog:thirtytwo--middle-earth-stevens-pro-ltd-snowboard,unverified,,2026-09-04T18:50:02.038797+00:00
d7adb688-3cad-4e83-8778-527b986e2397,ThirtyTwo,T32M LTD Snowboard,2025,,,catalog:thirtytwo--t32m-ltd-snowboard,unverified,,2026-09-04T18:50:02.038797+00:00
f523504d-cf11-4f2f-a961-43fbc2e1c474,ThirtyTwo,Xxx Fava Pro LTD Snowboard,2025,,,catalog:thirtytwo--xxx-fava-pro-ltd-snowboard,unverified,,2026-09-04T18:50:02.038797+00:00
15ffe198-7eb8-4963-bb6a-cb1a54aee137,Thrive Snowboards,ACCOMPLICE CLASSIC SNOWBOARD,2026,,,catalog:thrive-snowboards--accomplice-classic-snowboard,unverified,,2026-09-04T18:50:02.290726+00:00
348212ad-8514-4eb5-8d8f-c2c80bdfb9ce,Thrive Snowboards,RELENTLESS CLASSIC SNOWBOARD,2026,,,catalog:thrive-snowboards--relentless-classic-snowboard,unverified,,2026-09-04T18:50:02.290726+00:00
3b320c98-5a49-4876-b4d5-a1ccb3e6be2d,Thrive Snowboards,RELENTLESS PRO SNOWBOARD,2026,,,catalog:thrive-snowboards--relentless-pro-snowboard,unverified,,2026-09-04T18:50:02.290726+00:00
635c8e6d-d3fa-4dc1-9bd8-eac41725d641,Thrive Snowboards,RENEGADE RGV2 SNOWBOARD,2026,,,catalog:thrive-snowboards--renegade-rgv2-snowboard,unverified,,2026-09-04T18:50:02.290726+00:00
74106186-8dec-4d91-8a46-95843abacb31,Thrive Snowboards,WILDERNESS SPLITBOARD,2026,,,catalog:thrive-snowboards--wilderness-splitboard,unverified,,2026-09-04T18:50:02.290726+00:00
431d0974-07c7-4605-8464-8ce6313220db,Trapper,Antic,2026,,,catalog:trapper--antic,unverified,,2026-09-04T18:50:02.290726+00:00
1f32ed1d-e3e2-4399-8b47-8b4aeea79108,Trapper,Brigade,2026,,,catalog:trapper--brigade,unverified,,2026-09-04T18:50:02.290726+00:00
66b615cc-7c06-40aa-92c9-91a650f2d8a7,Trapper,Carcajou,2026,,,catalog:trapper--carcajou,unverified,,2026-09-04T18:50:02.290726+00:00
96e504d7-8630-4a04-aa7b-3f23b8713d67,Trapper,Howler,2026,,,catalog:trapper--howler,unverified,,2026-09-04T18:50:02.290726+00:00
a8bf8a18-3d84-4e6d-87ce-a6338105fb0a,Trapper,Mischief,2026,,,catalog:trapper--mischief,unverified,,2026-09-04T18:50:02.290726+00:00
0768c1a3-4f63-4843-ab1c-37365e299f37,Trapper,Noctua Swallow Tail,2026,,,catalog:trapper--noctua-swallow-tail,unverified,,2026-09-04T18:50:02.290726+00:00
9a088952-cc38-4161-9ddd-6213f02fded5,Trapper,Poacher,2026,,,catalog:trapper--poacher,unverified,,2026-09-04T18:50:02.290726+00:00
32e1d86e-f6d0-479e-9f6e-b261a99d423e,Trapper,Trout Trap,2026,,,catalog:trapper--trout-trap,unverified,,2026-09-04T18:50:02.290726+00:00
d445760f-c44f-4385-b4a1-e28dc2cbe3ee,Trapper,Ursa Major,2026,,,catalog:trapper--ursa-major,unverified,,2026-09-04T18:50:02.290726+00:00
dd8f0988-8b97-4671-8444-a7c83dafdc4d,Trapper,Voyageur,2026,,,catalog:trapper--voyageur,unverified,,2026-09-04T18:50:02.290726+00:00
3e344164-ee3f-4a37-bc9d-99a04a7c6959,Type A,Danny Way,1995,,,https://retrosnow.com/shop/type-a/95-type-a/type-a-danny-way/,verified,,2026-09-04T20:38:46.266408+00:00
42effaf8-2647-418d-be3e-e77fb252c4c1,United Shapes,Cadet,2024,,,catalog:united-shapes--cadet,unverified,,2026-09-02T23:05:13.572077+00:00
1808b585-5297-4c1f-969d-e0a54bff260d,United Shapes,Deep Reach,2026,,,catalog:united-shapes--deep-reach,unverified,,2026-09-04T18:50:02.038797+00:00
d86a136b-cff8-4543-b0e6-11b6c19b2265,United Shapes,Experiment,2026,,,catalog:united-shapes--experiment,unverified,,2026-09-04T18:50:02.038797+00:00
6e1a085b-857b-41eb-ba12-1158abacb35c,United Shapes,Horizon,2024,,,catalog:united-shapes--horizon,verified,,2026-09-02T23:05:13.572077+00:00
539b9b46-a83e-4e0d-b908-63388193c82a,United Shapes,Object,2026,,,catalog:united-shapes--object,unverified,,2026-09-04T18:50:02.038797+00:00
8c17c9c3-82c0-41fa-b24b-c40c6370a328,United Shapes,Orbit,2017,,,catalog:united-shapes--orbit,unverified,,2026-09-02T23:05:13.572077+00:00
88787ba9-1bef-4857-9a0c-79d60253f864,United Shapes,Transmission,2025,,,catalog:united-shapes--transmission,unverified,,2026-09-02T23:05:13.572077+00:00
070b3cde-8ec3-4bb7-893d-454fb9ef6ad7,Unity,180 Carbon Dominion Splitboard,2019,,,catalog:unity--180-carbon-dominion-splitboard,unverified,,2026-09-04T18:50:02.038797+00:00
65ef7699-d312-4453-be0d-15e228a14469,Unity,Dominion,2007,,,catalog:unity--dominion,unverified,,2026-09-02T23:05:13.572077+00:00
5de0b297-03e5-4451-8419-6b8307124155,Unity,Origin,2007,,,catalog:unity--origin,unverified,,2026-09-02T23:05:13.572077+00:00
6587d1d5-d3aa-403b-8bcc-4b9cc70aaf9c,Unity,Pintail,2007,,,catalog:unity--pintail,unverified,,2026-09-02T23:05:13.572077+00:00
017c252f-cc1a-418c-b1ed-24905c1c2054,Unity,Pride,2007,,,catalog:unity--pride,unverified,,2026-09-02T23:05:13.572077+00:00
84c0c905-0d0c-4e8a-b88c-a0a17a12059a,Unity,Rise,2007,,,catalog:unity--rise,unverified,,2026-09-02T23:05:13.572077+00:00
2a4c5d33-33ce-4d98-a592-a32beffa0758,Unity,Virgo,2007,,,catalog:unity--virgo,unverified,,2026-09-02T23:05:13.572077+00:00
8f916834-e784-4ec0-9cb1-6b76efc85b6b,Unity,WHALE,2019,,,catalog:unity--whale,unverified,,2026-09-04T18:50:02.038797+00:00
acadea56-8ac1-4a52-a796-7498c9e9a14b,Unity,WHALE Splitboards,2019,,,catalog:unity--whale-splitboards,unverified,,2026-09-04T18:50:02.038797+00:00
b93bb81e-4cde-4690-bc51-ec3e2b369c89,Venture,Euphoria,2026,,,catalog:venture--euphoria,unverified,,2026-09-04T18:50:02.038797+00:00
c5eb4c27-50d8-48e0-9dfa-fc8f45c097c6,Venture,Odin,2026,,,catalog:venture--odin,unverified,,2026-09-04T18:50:02.038797+00:00
6bcb4e06-bb5c-4137-9500-e6b88701fa93,Venture,Paragon,2026,,,catalog:venture--paragon,unverified,,2026-09-04T18:50:02.038797+00:00
52c56fd2-c77a-42c8-bfd6-ca6a2e9f5c77,Venture,Storm,2026,,,catalog:venture--storm,unverified,,2026-09-04T18:50:02.038797+00:00
a42af793-efe0-4541-b56b-17dd07a72cc2,Verdad,Aguila – 14th Range,2026,,,catalog:verdad--aguila-14th-range,unverified,,2026-09-04T18:50:02.290726+00:00
f70d7333-509c-4843-bad6-f20bb27fec92,Verdad,Alpine – 14th Range,2026,,,catalog:verdad--alpine-14th-range,unverified,,2026-09-04T18:50:02.290726+00:00
18b49b5c-0659-49a9-90f3-07a0b8faad4a,Verdad,Grand Cru – 14th Range,2026,,,catalog:verdad--grand-cru-14th-range,unverified,,2026-09-04T18:50:02.290726+00:00
549a5021-671f-4902-8b87-890c3e950a88,Verdad,THE EMPEROR – 14th Range,2026,,,catalog:verdad--the-emperor-14th-range,unverified,,2026-09-04T18:50:02.290726+00:00
84e4d9b8-3d1e-4c8c-bdd4-748f9ec250c0,Verdad,Winter Is Mine – 14th Range,2024,,,catalog:verdad--winter-is-mine-14th-range,unverified,,2026-09-04T18:50:02.290726+00:00
254f8caf-e92a-4d0e-b71d-f79e10d34926,Virus,Avalanche AFT,2026,,,catalog:virus--avalanche-aft,unverified,,2026-09-04T18:50:02.038797+00:00
6b70ee56-cc8b-449c-9f92-4efb1b3c1175,Virus,Avalanche AFT FLP,2026,,,catalog:virus--avalanche-aft-flp,unverified,,2026-09-04T18:50:02.038797+00:00
99aeba51-9203-4e9a-9205-889bdde6f07e,Virus,Avalanche AFT Grand Tour SplitBoard,2026,,,catalog:virus--avalanche-aft-grand-tour-splitboard,unverified,,2026-09-04T18:50:02.038797+00:00
ff653b89-3d9f-4a5f-814a-1a50949a89e1,Virus,Avalanche AFT Zylon II,2023,,,catalog:virus--avalanche-aft-zylon-ii,unverified,,2026-09-04T18:50:02.038797+00:00
fbce6c82-0ff2-41b3-99cd-e1f3299cc4aa,Virus,Black Death III+ Zylon Elektron Pro,2026,,,catalog:virus--black-death-iii-zylon-elektron-pro,unverified,,2026-09-04T18:50:02.038797+00:00
5b13e5d1-0850-4ec2-8027-7353758434f3,Virus,Black Death IV Zylon Elektron Pro,2026,,,catalog:virus--black-death-iv-zylon-elektron-pro,unverified,,2026-09-04T18:50:02.038797+00:00
2aff8499-3ad2-44f9-9724-fe05f0f95f62,Virus,BX Boardercross Worldcup UFC,2026,,,catalog:virus--bx-boardercross-worldcup-ufc,unverified,,2026-09-04T18:50:02.038797+00:00
4c41e345-5a52-47fe-b40d-2ffe3e211a80,Virus,BX WorldCup - HyperCarbon,2026,,,catalog:virus--bx-worldcup-hypercarbon,unverified,,2026-09-04T18:50:02.038797+00:00
406b92ca-6cb3-4b27-a66b-6301e6a68b62,Virus,BX WorldCup - Zylon II,2023,,,catalog:virus--bx-worldcup-zylon-ii,unverified,,2026-09-04T18:50:02.038797+00:00
81cc0142-382f-49c3-a48a-1b795f767fcd,Virus,Evolution Series - UltraCarbon,2026,,,catalog:virus--evolution-series-ultracarbon,unverified,,2026-09-04T18:50:02.038797+00:00
24b613c0-634a-4d2b-8f2a-fe4fe29f2365,Virus,GS - Worldcup Race Lab- Zylon II,2026,,,catalog:virus--gs-worldcup-race-lab-zylon-ii,unverified,,2026-09-04T18:50:02.038797+00:00
c004adc9-019d-4723-873c-d635b0d671cd,Virus,GS WorldCup RaceLAB - HyperCarbon,2026,,,catalog:virus--gs-worldcup-racelab-hypercarbon,unverified,,2026-09-04T18:50:02.038797+00:00
8098b3a4-4e65-4848-9ffc-add5b65bdbe5,Virus,La Glisse - HyperCarbon,2026,,,catalog:virus--la-glisse-hypercarbon,unverified,,2026-09-04T18:50:02.038797+00:00
ef0c4e2c-2f2f-4b7f-912d-77b61939aa7b,Virus,Le Surf - Zylon II,2023,,,catalog:virus--le-surf-zylon-ii,unverified,,2026-09-04T18:50:02.038797+00:00
cd0d0705-f678-4aed-9deb-706ffb858f62,Virus,Le Surf Performance,2026,,,catalog:virus--le-surf-performance,unverified,,2026-09-04T18:50:02.038797+00:00
42a4d035-df5b-4381-a530-357b637f5a93,Virus,Le Surf Pro - CarbonTitan,2026,,,catalog:virus--le-surf-pro-carbontitan,unverified,,2026-09-04T18:50:02.038797+00:00
95b87e2c-4ba5-4536-a7ac-f83f6d96fc15,Virus,Le Surf pro - CarbonWood,2026,,,catalog:virus--le-surf-pro-carbonwood,unverified,,2026-09-04T18:50:02.038797+00:00
6cf2a6f2-6b68-41a5-94d2-a18562304ef0,Virus,Phantom Zylon Elektron Pro,2026,,,catalog:virus--phantom-zylon-elektron-pro,unverified,,2026-09-04T18:50:02.038797+00:00
ff611680-adfc-4092-8112-fddf3db1239f,Virus,Powstick,2026,,,catalog:virus--powstick,unverified,,2026-09-04T18:50:02.038797+00:00
30e73a4e-713a-46c0-976a-152ad872895e,Virus,Revolution - Zylon II,2023,,,catalog:virus--revolution-zylon-ii,unverified,,2026-09-04T18:50:02.038797+00:00
f0172295-97ff-401b-9fa4-d3221f3c50e7,Virus,Revolution FR - HyperCarbon,2026,,,catalog:virus--revolution-fr-hypercarbon,unverified,,2026-09-04T18:50:02.038797+00:00
c093d966-7c02-4b90-a53a-6832a643919d,Virus,Revolution Performance FR,2026,,,catalog:virus--revolution-performance-fr,unverified,,2026-09-04T18:50:02.038797+00:00
fbfb97df-d245-4fef-967a-42af2a4b1192,Virus,Revolution Pro - CarbonWood,2026,,,catalog:virus--revolution-pro-carbonwood,unverified,,2026-09-04T18:50:02.038797+00:00
1bf17970-36f4-449a-bb84-c1048b1a7e48,Virus,Scalpel Supercarver,2026,,,catalog:virus--scalpel-supercarver,unverified,,2026-09-04T18:50:02.038797+00:00
4941592e-8878-417b-af8e-941a207803f1,Virus,Scalpel Supercarver Premium - CarbonTitan,2026,,,catalog:virus--scalpel-supercarver-premium-carbontitan,unverified,,2026-09-04T18:50:02.038797+00:00
a49d52ae-6d63-4477-8064-30df4330546f,Virus,Skwal HyperCarbon,2026,,,catalog:virus--skwal-hypercarbon,unverified,,2026-09-04T18:50:02.038797+00:00
93c30e81-ea3a-4d55-abb3-d87e05ed8a54,Virus,SL Junior Race Series,2026,,,catalog:virus--sl-junior-race-series,unverified,,2026-09-04T18:50:02.038797+00:00
18dd628c-346f-4af9-93ae-01b98e18e016,Virus,SL WorldCup RaceLAB - HyperCarbon,2026,,,catalog:virus--sl-worldcup-racelab-hypercarbon,unverified,,2026-09-04T18:50:02.038797+00:00
48982cd7-b196-47e1-8fc0-9a6ffb287b2f,Virus,SL WorldCup RaceLAB - Zylon II,2026,,,catalog:virus--sl-worldcup-racelab-zylon-ii,unverified,,2026-09-04T18:50:02.038797+00:00
27241b14-32eb-42bd-9374-fbfc47ba3026,Virus,TwinCarve - CamoCarbon,2026,,,catalog:virus--twincarve-camocarbon,unverified,,2026-09-04T18:50:02.038797+00:00
c40342be-7d88-4cda-a98f-04cb308e3d5c,Virus,Twincarve HyperCarbon,2026,,,catalog:virus--twincarve-hypercarbon,unverified,,2026-09-04T18:50:02.038797+00:00
51ab413c-eeed-4ad9-a2f8-348d8138103f,Virus,TwinCarve Zylon II,2023,,,catalog:virus--twincarve-zylon-ii,unverified,,2026-09-04T18:50:02.038797+00:00
3ac21999-d893-4873-9aa0-2dc4d6adb59c,Virus,X-Carve carbon,2026,,,catalog:virus--x-carve-carbon,unverified,,2026-09-04T18:50:02.038797+00:00
ae3ae846-2425-4b12-9c41-92d1a160050f,Virus,X-Carve Zylon II,2023,,,catalog:virus--x-carve-zylon-ii,unverified,,2026-09-04T18:50:02.038797+00:00
7c4b1e85-8702-401a-8e9e-a9af8435334a,Virus,X-treme Carver II Premium,2026,,,catalog:virus--x-treme-carver-ii-premium,unverified,,2026-09-04T18:50:02.038797+00:00
1ecc7a78-a295-4d11-8125-eaa965c82167,Virus,Zylon Elektron Series,2026,,,catalog:virus--zylon-elektron-series,unverified,,2026-09-04T18:50:02.038797+00:00
9435cca7-37d2-4c96-8d59-14baf2c5b65c,Vision,Freestyle,1992,,,catalog:vision--freestyle,verified,,2026-09-02T23:05:13.572077+00:00
50a4ba4b-edc1-4ef2-880b-23962e2ff67d,Voile,Hyper V-Tail,2026,,,catalog:voile--hyper-v-tail,unverified,,2026-09-04T18:50:02.038797+00:00
e853d891-b888-4e18-bd4f-c2722bb84821,Voile,Revelator,2026,,,catalog:voile--revelator,unverified,,2026-09-04T18:50:02.038797+00:00
59d569c8-faec-4888-acd8-029b601900c9,Voile,Revelator BC,2026,,,catalog:voile--revelator-bc,unverified,,2026-09-04T18:50:02.038797+00:00
a49942d6-b0a2-4786-a07b-58ba2c80c7e3,Voile,Skyline,2026,,,catalog:voile--skyline,unverified,,2026-09-04T18:50:02.038797+00:00
e452d522-b463-46fe-a1b4-18ed235a75f2,Voile,Spartan,2026,,,catalog:voile--spartan,unverified,,2026-09-04T18:50:02.038797+00:00
562e8041-a451-41e9-8f98-75f420c6417a,Voile,Spartan Ascent,2026,,,catalog:voile--spartan-ascent,unverified,,2026-09-04T18:50:02.038797+00:00
ad0e4ec5-c0f4-478c-b2ac-4b3abfb01814,Völkl,Booster,2009,,,catalog:volkl--booster,unverified,,2026-09-02T23:05:13.572077+00:00
8aebfd6c-ee76-4ed3-a4b1-60e5d0f2aadf,Völkl,Cashew,2011,,,catalog:volkl--cashew,unverified,,2026-09-02T23:05:13.572077+00:00
d58220b5-308a-4add-883f-d46dfa6e1dd0,Völkl,Coal,2009,,,catalog:volkl--coal,unverified,,2026-09-02T23:05:13.572077+00:00
a4f42a6e-0c4b-47df-abb2-d4f678a9e2d5,Völkl,Composite FS,1999,,,catalog:volkl--composite-fs,verified,,2026-09-02T23:05:13.572077+00:00
4abe9e0c-5214-44c3-ba55-8cdd60bc81f0,Völkl,Dash,2009,,,catalog:volkl--dash,unverified,,2026-09-02T23:05:13.572077+00:00
503212f9-3764-4707-a9a5-6b06682b8df8,Völkl,Destiny,2009,,,catalog:volkl--destiny,unverified,,2026-09-02T23:05:13.572077+00:00
a259c633-a5d2-43ae-a11d-16d8976962b9,Völkl,Dice,2009,,,catalog:volkl--dice,unverified,,2026-09-02T23:05:13.572077+00:00
4089107e-6711-42b4-854d-73def7173aaa,Völkl,Flavor,2009,,,catalog:volkl--flavor,unverified,,2026-09-02T23:05:13.572077+00:00
0e1b9bd2-40d7-4dfd-9e2e-942f8024cbbc,Völkl,Future,2011,,,catalog:volkl--future,unverified,,2026-09-02T23:05:13.572077+00:00
1f5d2bf6-2d8b-426d-9b19-c1961fd65de4,Völkl,Impress,2009,,,catalog:volkl--impress,unverified,,2026-09-02T23:05:13.572077+00:00
68f624f8-44f3-4413-b080-2d66c8ed8675,Völkl,Jibster,2009,,,catalog:volkl--jibster,unverified,,2026-09-02T23:05:13.572077+00:00
e9aafb4f-aefc-4e56-93a5-dec2a8db3ff0,Völkl,Melody,2009,,,catalog:volkl--melody,unverified,,2026-09-02T23:05:13.572077+00:00
ff3c86ef-7560-47ad-a6ff-e99df29080b0,Völkl,Nomex FR,1999,,,catalog:volkl--nomex-fr,verified,,2026-09-02T23:05:13.572077+00:00
f9fe9e27-8e24-4679-af07-ff81bedb69a8,Völkl,Powerframe,1999,,,catalog:volkl--powerframe,unverified,,2026-09-02T23:05:13.572077+00:00
be87b38e-0ecb-4f0d-a7d6-d1f8c25a0730,Völkl,Renntiger,1999,,,catalog:volkl--renntiger,verified,,2026-09-02T23:05:13.572077+00:00
5184ee5f-c19a-49c8-9fcc-5900e7eb1317,Völkl,Riot,2009,,,catalog:volkl--riot,unverified,,2026-09-02T23:05:13.572077+00:00
bb06ea8c-b09a-461f-b7cf-52891ffcd223,Völkl,RT,2011,,,catalog:volkl--rt,unverified,,2026-09-02T23:05:13.572077+00:00
9e8ea175-71b6-43b8-aec3-07491d3c4da5,Völkl,Selecta,2009,,,catalog:volkl--selecta,unverified,,2026-09-02T23:05:13.572077+00:00
d20b1c1e-e6df-4dc6-b31b-f8a534097e17,Völkl,Sensor FR,1999,,,catalog:volkl--sensor-fr,verified,,2026-09-02T23:05:13.572077+00:00
d867929f-d37c-4b32-a582-b9c7436cb4bc,Völkl,Shine,2009,,,catalog:volkl--shine,unverified,,2026-09-02T23:05:13.572077+00:00
db8ed939-0430-4e5d-bec0-9e445b2c32e6,Völkl,Soulsurfer,2011,,,catalog:volkl--soulsurfer,unverified,,2026-09-02T23:05:13.572077+00:00
dec89fbf-c065-4af5-944d-8d1b25923b7e,Völkl,Spade,2009,,,catalog:volkl--spade,unverified,,2026-09-02T23:05:13.572077+00:00
e77eefcd-3a53-4235-8eea-f14c14751665,Völkl,Spark,2009,,,catalog:volkl--spark,unverified,,2026-09-02T23:05:13.572077+00:00
3dbad4ad-528c-4347-8726-64e197728f66,Völkl,Squad,2009,,,catalog:volkl--squad,unverified,,2026-09-02T23:05:13.572077+00:00
f90dc1d3-3cc1-42a7-a6d4-6efefc639ac7,Völkl,Stroke,2009,,,catalog:volkl--stroke,unverified,,2026-09-02T23:05:13.572077+00:00
a9a9bf3c-c768-4085-a6f0-99b35f1bc77d,Völkl,Vice,2009,,,catalog:volkl--vice,unverified,,2026-09-02T23:05:13.572077+00:00
0131c251-6409-4798-9848-402143647b58,Völkl,Yavana,2011,,,catalog:volkl--yavana,unverified,,2026-09-02T23:05:13.572077+00:00
d0da81f9-4ccc-409a-a29f-db1a73d11acd,Völkl,Zenit,2009,,,catalog:volkl--zenit,unverified,,2026-09-02T23:05:13.572077+00:00
7db45f79-7128-4234-9b79-082196319b53,WEST,Arvine DLW,2026,,,catalog:west--arvine-dlw,unverified,,2026-09-04T18:50:02.038797+00:00
8d29f7c4-db50-4931-844c-11f2e389f4dd,WEST,CPT Achab DLW,2026,,,catalog:west--cpt-achab-dlw,unverified,,2026-09-04T18:50:02.038797+00:00
50fa6828-d3ff-4719-b7de-3181aad5441f,WEST,Grammont Splitboard,2026,,,catalog:west--grammont-splitboard,unverified,,2026-09-04T18:50:02.038797+00:00
3fdf2640-db6c-4102-aa7c-09cb12435d93,WEST,K-West 8,2026,,,catalog:west--k-west-8,unverified,,2026-09-04T18:50:02.038797+00:00
3c1ec968-0f65-4c70-8f59-98beb5c5b390,WEST,La Hache DLW,2026,,,catalog:west--la-hache-dlw,unverified,,2026-09-04T18:50:02.038797+00:00
d105f76c-66e3-4bc6-83a0-181ffec4fc14,WEST,Muveran Splitboard,2026,,,catalog:west--muveran-splitboard,unverified,,2026-09-04T18:50:02.038797+00:00
2e56e01d-1b9f-4adf-ab22-c59dd4a6b669,WEST,Nation 10,2026,,,catalog:west--nation-10,unverified,,2026-09-04T18:50:02.038797+00:00
80768775-662a-4567-89ba-c6c913995813,WEST,OG standard,2026,,,catalog:west--og-standard,unverified,,2026-09-04T18:50:02.038797+00:00
416ce168-d86e-4f75-8346-15d2ca8b6656,WEST,U7opia DLW,2026,,,catalog:west--u7opia-dlw,unverified,,2026-09-04T18:50:02.038797+00:00
abfebf16-9c32-4bcc-8c52-e1a58d91e487,Weston,Backwoods,2020,,,catalog:weston--backwoods,unverified,,2026-09-02T23:05:13.572077+00:00
c47fd7e1-81be-43b7-98ac-5b96317de724,Weston,Dream Machine,2025,,,catalog:weston--dream-machine,unverified,,2026-09-02T23:05:13.572077+00:00
fbee218b-ae7a-4145-83ba-413fb2fcd50a,Weston,Eclipse,2026,,,catalog:weston--eclipse,unverified,,2026-09-04T18:50:02.038797+00:00
55746a43-2d95-4844-8bb9-1d90b4537733,Weston,Gnarnia,2025,,,catalog:weston--gnarnia,verified,,2026-09-02T23:05:13.572077+00:00
1f64ce1c-06f9-4ed7-b0a1-3db2cb530bbe,Weston,Hatchet,2021,,,catalog:weston--hatchet,verified,,2026-09-02T23:05:13.572077+00:00
af5eb111-c4d0-459f-af8e-e00bd04d4e32,Weston,Japow,2021,,,catalog:weston--japow,unverified,,2026-09-02T23:05:13.572077+00:00
488fb2c0-8a96-40c8-a86b-700b9b51bbfc,Weston,Logger,2020,,,catalog:weston--logger,unverified,,2026-09-02T23:05:13.572077+00:00
07988b64-ffe7-47bb-80e9-19299dcb7c6c,Weston,Range,2020,,,catalog:weston--range,unverified,,2026-09-02T23:05:13.572077+00:00
cd2f92ea-438e-4438-a6ff-722c2be5f441,Whitespace,AMF Twin,2026,,,catalog:whitespace--amf-twin,unverified,,2026-09-04T18:50:02.290726+00:00
ddec221c-3124-4fcc-b973-4448866dc55e,Whitespace,Freestyle Shaun White Pro,2026,,,catalog:whitespace--freestyle-shaun-white-pro,unverified,,2026-09-04T18:50:02.290726+00:00
312e9fc0-fc0c-48d9-bc56-a57c8acc12aa,Whitespace,ICONA,2026,,,catalog:whitespace--icona,unverified,,2026-09-04T18:50:02.290726+00:00
712b9d6a-f637-42af-84a2-339cf91a2e88,Whitespace,Kids' Freestyle Shaun White Pro,2026,,,catalog:whitespace--kids-freestyle-shaun-white-pro,unverified,,2026-09-04T18:50:02.290726+00:00
331ce959-e1df-4dd6-a1a6-5570e4a7fea7,Whitespace,MAAX,2026,,,catalog:whitespace--maax,unverified,,2026-09-04T18:50:02.290726+00:00
72cc2920-087d-4240-8804-08e831cd52c9,Whitespace,Montano,2026,,,catalog:whitespace--montano,unverified,,2026-09-04T18:50:02.290726+00:00
a4085ffe-3f89-41fb-8c01-916970ba8940,Whitespace,Women's Freestyle,2026,,,catalog:whitespace--womens-freestyle,unverified,,2026-09-04T18:50:02.290726+00:00
7812fe93-106b-491a-adc5-a3a7d9ee08c2,Winterstick,ARK,2026,,,catalog:winterstick--ark,unverified,,2026-09-04T18:50:02.038797+00:00
7fa5c26c-dc54-410f-835a-16db5f84b5d0,Winterstick,ARKANE,2026,,,catalog:winterstick--arkane,unverified,,2026-09-04T18:50:02.038797+00:00
df9bd96d-ea48-464d-b6fd-69adefd664f4,Winterstick,Aurora,2026,,,catalog:winterstick--aurora,unverified,,2026-09-04T18:50:02.038797+00:00
f50c48a1-062a-46fc-8246-5fa1aeef1214,Winterstick,Dauntless,2026,,,catalog:winterstick--dauntless,unverified,,2026-09-04T18:50:02.038797+00:00
f8f2ae71-226f-47f2-9ecc-3c589f975f2f,Winterstick,Day Dreamer,2026,,,catalog:winterstick--day-dreamer,unverified,,2026-09-04T18:50:02.038797+00:00
0126596c-9851-4232-a07d-d388c5816c65,Winterstick,Freestyle,1988,,,catalog:winterstick--freestyle,unverified,,2026-09-02T23:05:13.572077+00:00
aa4197d2-3b94-4e48-bb0c-5de131b867d5,Winterstick,Mantis,2026,,,catalog:winterstick--mantis,unverified,,2026-09-04T18:50:02.038797+00:00
5349141a-a70f-4921-97a1-7a2a19198d86,Winterstick,Mirror,2000,,,catalog:winterstick--mirror,unverified,,2026-09-02T23:05:13.572077+00:00
1bcfc313-2ea2-4dfa-af9a-6257d8e03b28,Winterstick,Pintail,2026,,,catalog:winterstick--pintail,unverified,,2026-09-04T18:50:02.038797+00:00
9a68cb6d-30a6-4173-8ac2-1a5d72c72104,Winterstick,Roundtail,1988,,,catalog:winterstick--roundtail,unverified,,2026-09-02T23:05:13.572077+00:00
e86bbb92-4d33-44fc-953d-1ea9225f20cb,Winterstick,Seth Wescott Pro,2026,,,catalog:winterstick--seth-wescott-pro,unverified,,2026-09-04T18:50:02.038797+00:00
9a817797-d1bd-4206-97ce-c97ffaef21a9,Winterstick,Swallowtail,1970,,,seed:linestry-research-2026-06,verified,,2026-06-19T05:24:20.410856+00:00
5a07aa03-539d-4df7-9585-1a646503169e,Winterstick,Swallowtail,1981,,,catalog:winterstick--swallowtail,verified,,2026-09-02T23:05:13.572077+00:00
85557bc0-ed7e-409f-bc8b-aadd2f70acf8,Winterstick,Tantra,2026,,,catalog:winterstick--tantra,unverified,,2026-09-04T18:50:02.038797+00:00
fd4d4d45-e599-48b8-96e9-689cc711742c,Winterstick,Tom Burt,2026,,,catalog:winterstick--tom-burt,unverified,,2026-09-04T18:50:02.038797+00:00
3fa5471c-7735-45ec-ae3e-cf1ffa25eb41,Winterstick,Yute Podium,2026,,,catalog:winterstick--yute-podium,unverified,,2026-09-04T18:50:02.038797+00:00
0ba34226-3349-4833-a552-90e378f0b774,Winterstick,Yute Swally,2026,,,catalog:winterstick--yute-swally,unverified,,2026-09-04T18:50:02.038797+00:00
bee48a5e-c030-44bd-81b8-bc48f44e7c45,Winterstick,Yute Twin,2026,,,catalog:winterstick--yute-twin,unverified,,2026-09-04T18:50:02.038797+00:00
053bdc21-7126-443d-b6a3-bc88176feea5,YES,420,2010,,,seed:linestry-research-2026-06,verified,,2026-06-19T05:24:20.410856+00:00
572eebc1-c9a5-41a5-8cf7-440e04b5e248,YES,Airmaster 3D Men's Snowboard,2026,,,catalog:yes--airmaster-3d-mens-snowboard,unverified,,2026-09-04T18:50:02.038797+00:00
c49e3861-e459-4777-bba3-ba097af1eeb2,YES,Airmaster Xtrm Fridge 3D Men's Snowboard,2026,,,catalog:yes--airmaster-xtrm-fridge-3d-mens-snowboard,unverified,,2026-09-04T18:50:02.038797+00:00
afb7e21a-8778-408b-8e1a-27ddbde51759,YES,All-In Xtrm Men's Snowboard,2026,,,catalog:yes--all-in-xtrm-mens-snowboard,unverified,,2026-09-04T18:50:02.038797+00:00
152f94d9-c914-4b9f-9a16-534de4e4cf17,YES,Basic,2010,,,seed:linestry-research-2026-06,verified,,2026-06-19T05:24:20.410856+00:00
71da56ac-e346-432e-8c12-e9a245e0425f,YES,First Basic Kid's Snowboard,2026,,,catalog:yes--first-basic-kids-snowboard,unverified,,2026-09-04T18:50:02.038797+00:00
6ae6732c-d439-4b35-a958-d08c4d531c19,YES,Greats,2010,,,seed:linestry-research-2026-06,verified,,2026-06-19T05:24:20.410856+00:00
f3886b41-2d51-49be-b1db-dd5e2c758a3f,YES,Greats Xtrm,2026,,,catalog:yes--greats-xtrm,unverified,,2026-09-04T18:50:02.038797+00:00
3fdb964f-f51b-43e3-bcbf-5e562d3fb01b,YES,Hybrid,2010,,,seed:linestry-research-2026-06,verified,,2026-06-19T05:24:20.410856+00:00
78b5a30d-8a59-447f-93b8-0ae3a19884a4,YES,Pick Your Line Xtrm Men's Snowboard,2026,,,catalog:yes--pick-your-line-xtrm-mens-snowboard,unverified,,2026-09-04T18:50:02.038797+00:00
35e9fc6e-574c-472e-b97a-96d218cfcb79,YES,PYL,2010,,,seed:linestry-research-2026-06,verified,,2026-06-19T05:24:20.410856+00:00
821f1cda-5fd5-4b97-bb1f-93211d03663d,YES,Sender Xtrm Men's Snowboard,2026,,,catalog:yes--sender-xtrm-mens-snowboard,unverified,,2026-09-04T18:50:02.038797+00:00
d5d2cf90-7e7f-4542-9ef0-eeb590eba3d0,YES,Shifter 3D Men's Snowboard,2026,,,catalog:yes--shifter-3d-mens-snowboard,unverified,,2026-09-04T18:50:02.038797+00:00
268d427c-f652-4891-ae16-365fbf4082f7,YES,Shifter Xtrm Eiki 3D Men's Snowboard,2026,,,catalog:yes--shifter-xtrm-eiki-3d-mens-snowboard,unverified,,2026-09-04T18:50:02.038797+00:00
664578fd-13a6-4cb4-89b4-321f0a110924,YES,Standard,2010,,,seed:linestry-research-2026-06,verified,,2026-06-19T05:24:20.410856+00:00
707f999f-a886-4f16-bfdc-aafda2da78f3,YES,Standard Xtrm Dc Men's Snowboard,2026,,,catalog:yes--standard-xtrm-dc-mens-snowboard,unverified,,2026-09-04T18:50:02.038797+00:00
b27,YES,The Basic,2020,,,,verified,,2026-03-13T00:16:16.048193+00:00
5459e481-4ed4-44e1-a58d-85461812bb4a,YES,Typo,2010,,,seed:linestry-research-2026-06,verified,,2026-06-19T05:24:20.410856+00:00
3713d187-3ae7-4549-907d-344f1134c3c5,YES,Women's Frenzy Snowboard,2026,,,catalog:yes--womens-frenzy-snowboard,unverified,,2026-09-04T18:50:02.038797+00:00
67748faa-7801-47a5-8991-621c0f468c06,YES Snowboards,420,2013,,,catalog:yes--420,verified,,2026-09-02T23:05:13.572077+00:00
d13256a6-d4f1-4048-86e0-55d83188df55,YES Snowboards,All-In,2026,,,catalog:yes--all-in,unverified,,2026-09-02T23:05:13.572077+00:00
ce24c791-ae33-4fad-90a2-37c6e5e70ad8,YES Snowboards,Basic,2010,,,catalog:yes--basic,verified,,2026-09-02T23:05:13.572077+00:00
2de25aea-282d-4db1-b0d0-71280afadec9,YES Snowboards,Cream Halldor 3D,2026,,,catalog:yes--cream-halldor-3d,unverified,,2026-09-02T23:05:13.572077+00:00
ea3c989d-5d42-4088-b415-d468c71ac62d,YES Snowboards,Emoticon,2015,,,catalog:yes--emoticon,verified,,2026-09-02T23:05:13.572077+00:00
32d95838-2d54-482d-b706-52c0bac29c84,YES Snowboards,Greats,2011,,,catalog:yes--greats,verified,,2026-09-02T23:05:13.572077+00:00
9577cd96-a9b4-4b2d-a44d-f5032b6e4a01,YES Snowboards,Hel Yes,2014,,,catalog:yes--hel-yes,verified,,2026-09-02T23:05:13.572077+00:00
00e52b1a-51e2-4f86-a559-3b10a0a6473d,YES Snowboards,Hello,2021,,,catalog:yes--hello,unverified,,2026-09-02T23:05:13.572077+00:00
1ba889a9-1bd7-47c2-b71c-41c88eddb49d,YES Snowboards,Hybrid,2020,,,catalog:yes--hybrid,unverified,,2026-09-02T23:05:13.572077+00:00
4a4b2ec7-a143-4c78-8742-4f47b9d1ab89,YES Snowboards,Jackpot,2012,,,catalog:yes--jackpot,verified,,2026-09-02T23:05:13.572077+00:00
ffebecc8-4a17-422b-9228-c8e35ff3c335,YES Snowboards,Optimistic,2011,,,catalog:yes--optimistic,unverified,,2026-09-02T23:05:13.572077+00:00
db5a41a5-35a2-4a64-9922-35bf1c6c6a3c,YES Snowboards,Pick Your Line,2012,,,catalog:yes--pick-your-line,verified,,2026-09-02T23:05:13.572077+00:00
59f1a8ae-8659-4ce7-8286-eed5636ed3ac,YES Snowboards,Rival,2024,,,catalog:yes--rival,unverified,,2026-09-02T23:05:13.572077+00:00
e59195bc-b891-41ee-b97e-95d16cac2d6a,YES Snowboards,Sender,2025,,,catalog:yes--sender,unverified,,2026-09-02T23:05:13.572077+00:00
0debd3cb-bdff-457d-b9d7-ffbcab80afdc,YES Snowboards,Shifter,2026,,,catalog:yes--shifter,unverified,,2026-09-02T23:05:13.572077+00:00
dccab817-36e0-4075-86e4-fb6ba06c4296,YES Snowboards,Standard,2015,,,catalog:yes--standard,verified,,2026-09-02T23:05:13.572077+00:00
9e11f4e1-d702-43a7-929f-3468621b6bfe,YES Snowboards,Typo,2016,,,catalog:yes--typo,unverified,,2026-09-02T23:05:13.572077+00:00
e3ce28db-0b5d-4d3d-819b-0931c6367602,YES Snowboards,Warca,2023,,,catalog:yes--warca,unverified,,2026-09-02T23:05:13.572077+00:00
a9f26034-2463-43f5-8a3e-d33fde8b58fd,Yonex,4XP,2027,,,catalog:yonex--4xp,unverified,,2026-09-02T23:05:13.572077+00:00
bb7231eb-01d1-4057-a4e4-5781dbbc833b,Yonex,4XP POWTWIN_24,2024,,,catalog:yonex--4xp-powtwin-24,unverified,,2026-09-04T18:50:02.038797+00:00
25fa28cc-81f5-4f93-bb34-36bef385e255,Yonex,ACHSE_24,2024,,,catalog:yonex--achse-24,unverified,,2026-09-04T18:50:02.038797+00:00
d9c9f7c9-cb08-41b9-b70e-2deae8c8d1df,Yonex,DECLIC_24 (WOMEN'S),2025,,,catalog:yonex--declic-24-womens,unverified,,2026-09-04T18:50:02.038797+00:00
f5c628d6-b230-473f-808a-08dac16e3399,Yonex,GLIDE,2027,,,catalog:yonex--glide,unverified,,2026-09-02T23:05:13.572077+00:00
ab1ea2c0-2a69-46b4-9c21-42a1c3f22c05,Yonex,GRACE_24 (WOMEN'S),2025,,,catalog:yonex--grace-24-womens,unverified,,2026-09-04T18:50:02.038797+00:00
57b710f2-6203-4b2a-9b97-2a558fe97026,Yonex,GROWENT_24,2024,,,catalog:yonex--growent-24,unverified,,2026-09-04T18:50:02.038797+00:00
d3cda93c-cf7d-44f3-b2da-654168181ead,Yonex,LUVARTH,2027,,,catalog:yonex--luvarth,unverified,,2026-09-02T23:05:13.572077+00:00
b12ede3d-7606-43ff-afea-70729d7d3983,Yonex,NEXTAGE,2027,,,catalog:yonex--nextage,unverified,,2026-09-02T23:05:13.572077+00:00
5135f9a9-7f8b-401f-9b3b-ef6d14d592de,Yonex,REGNA,2027,,,catalog:yonex--regna,unverified,,2026-09-02T23:05:13.572077+00:00
41da07da-54f3-4cd9-8829-ba184e1cdebe,Yonex,REV,2027,,,catalog:yonex--rev,unverified,,2026-09-02T23:05:13.572077+00:00
b7ab3a56-1c56-4be5-a6e4-5c9b1041a20a,Yonex,SLEEK,2027,,,catalog:yonex--sleek,unverified,,2026-09-02T23:05:13.572077+00:00
3e7fab4b-ac99-41d2-a63a-8fe41c435a23,Yonex,SMOOTH,2027,,,catalog:yonex--smooth,unverified,,2026-09-02T23:05:13.572077+00:00
115c5c7d-82f9-44ae-8527-c3d283d86d0f,Yonex,SMOOTH SHORTIE_24,2024,,,catalog:yonex--smooth-shortie-24,unverified,,2026-09-04T18:50:02.038797+00:00
4bed0b7b-7de2-4292-bdc5-cfd19b5609df,Yonex,STYLAHOLIC,2027,,,catalog:yonex--stylaholic,unverified,,2026-09-02T23:05:13.572077+00:00
6ccb6645-ec7c-4afe-9f63-726cde7a831a,Yonex,SYMARC Mg_24,2024,,,catalog:yonex--symarc-mg-24,unverified,,2026-09-04T18:50:02.038797+00:00
2ef1da7f-6704-4f07-98ba-6a9c604e93c4,Yonex,SYMARC_24,2024,,,catalog:yonex--symarc-24,unverified,,2026-09-04T18:50:02.038797+00:00
beb647c3-c579-45ad-b165-1d2866a87b10,Yonex,THE C_24 SOFT FLEX / HARD FLEX,2025,,,catalog:yonex--the-c-24-soft-flex-hard-flex,unverified,,2026-09-04T18:50:02.038797+00:00
dc2342c4-5fd1-49b7-a302-ea06b00e24f8,Yonex,THRUST_24,2024,,,catalog:yonex--thrust-24,unverified,,2026-09-04T18:50:02.038797+00:00
