bucket,brand_existing,model_existing,first_year_existing,source_existing,brand_catalog,model_catalog,model_id_catalog,first_year_catalog,year_basis,confidence,sources_catalog,note,reviewer_decision
EXISTING_ONLY,Barfoot,All Mountain,2000,,,,,,,,,needs_source,
EXISTING_ONLY,Barfoot,Mark Partain Pro,1995,,,,,,,,,needs_source,
EXISTING_ONLY,Barfoot,Stealth,1997,,,,,,,,,needs_source,
EXISTING_ONLY,Barfoot,Twin Tip Freestyle,1989,,,,,,,,,needs_source,
EXISTING_ONLY,Gnu,Space Case,2014,,,,,,,,,needs_source,
FUZZY,Barfoot,Jon Boyer Pro Model,1993,,Barfoot,Jon Boyer,barfoot--jon-boyer,1992,introduced,verified,https://archive.org/details/tws-89-93 | https://retrosnow.com/shop/barfoot/92-barfoot/barfoot-jon-boyer/,fuzzy match ratio=0.890 - reviewer confirms same board or not,
FUZZY,Capita,DOA,2012,,CAPiTA,Super DOA,capita--super-doa,2020,introduced,verified,https://thegoodride.com/snowboard-reviews/capita-super-doa-snowboard-review/ | https://www.evo.com/shop/snowboard/snowboards/capita,fuzzy match ratio=0.890 - reviewer confirms same board or not,
FUZZY,Rome,Mod Rocker,2013,,Rome,Mod,rome--mod,2008,earliest_sourced,verified,https://www.snowdb.com/catalog/rome | https://web.archive.org/web/200710/http://www.romesnowboards.com/ | https://web.archive.org/web/200812/http://www.romesnowboards.com/,fuzzy match ratio=0.890 - reviewer confirms same board or not,
MATCH,Barfoot,Freakstyle,1986,,Barfoot,Freakstyle,barfoot--freakstyle,1989,introduced,likely,https://retrosnow.com/shop/barfoot/89/barfoot-freakstyle/ | https://tahoequarterly.com/ski-ride-2019/the-shape-of-snowboarding,YEAR CONFLICT: existing 1986 vs catalog introduced 1989,
MATCH,Barfoot,Freestyle,1981,,Barfoot,Freestyle,barfoot--freestyle,1986,introduced,verified,https://archive.org/details/ISM-87-91 | https://retrosnow.com/shop/barfoot/barfoot-86/barfoot-freestyle-155/,YEAR CONFLICT: existing 1981 vs catalog introduced 1986,
MATCH,Barfoot,Twin Tip,1985,,Barfoot,Twin Tip,barfoot--twin-tip,1987,introduced,verified,https://archive.org/details/ISM-87-91 | https://www.snowboarder.com/news/snowboard-history-timeline-part-21980s | https://retrosnow.com/shop/barfoot/87/barfoot-twin-tip-freestyle/,YEAR CONFLICT: existing 1985 vs catalog introduced 1987,
MATCH,Burton,Custom,2003,,Burton,Custom,burton--custom,1996,earliest_sourced,verified,https://boardvault.net/snowboards/year/1996 | https://boardvault.net/snowboards/year/2005 | https://boardvault.net/snowboards/year/2013 | https://boardvault.net/snowboards/1996/custom-1996 | https://www.burton.com/en-us/blogs/the-burton-blog/burton-snowboards-history | https://www.michigansnowboardmuseum.com/burton---firsts--unique-decks.html | https://snowboardmag.com/stories/lineage-the-infallible-burton-custom | https://snowboarder.com/transworld-snowboarding-archive/snowboarding-photos/snowboard-reviews-1999 | https://www.snowdb.com/catalog/burton | https://www.snowboard-review.com/snowboard_reviews/c/burton/2021/ | https://www.burton.com/en-us/collections/snowboards | https://web.archive.org/web/199610/http://www.burton.com/ | https://web.archive.org/web/199706/http://www.burton.com/,note: catalog earliest_sourced 1996 EARLIER than existing 2003 (catalog found older evidence),
MATCH,Burton,Fish,2005,,Burton,Fish,burton--fish,2002,earliest_sourced,verified,https://boardvault.net/snowboards/year/2002 | https://boardvault.net/snowboards/year/2008 | https://boardvault.net/snowboards/year/2013 | https://boardvault.net/snowboards/2002/fish-2002 | https://www.burton.com/en-us/blogs/the-burton-blog/burton-snowboards-history | https://www.snowdb.com/catalog/burton | https://www.snowboard-review.com/snowboard_reviews/c/burton/2018/ | https://www.snowboard-review.com/snowboard_reviews/c/burton/2021/ | https://snowboardingprofiles.com/2023-burton-snowboards-overview | https://blauerboardshop.com/blogs/snowboarding/2025-burton-snowboards-overview | https://www.burton.com/en-us/collections/snowboards,note: catalog earliest_sourced 2002 EARLIER than existing 2005 (catalog found older evidence),
MATCH,Burton,Flight Attendant,2014,,Burton,Flight Attendant,burton--flight-attendant,2015,introduced,verified,https://www.evo.com/outlet/snowboards/burton-family-tree-flight-attendant-snowboard-2015 | https://www.saltypeaks.com/2015-burton-snowboards-buyers-guide/ | https://thegoodride.com/snowboard-reviews/burton-flight-attendant-2015-2020-snowboard-review/ | https://www.snowboard-review.com/snowboard_reviews/c/burton/2021/ | https://snowboardingprofiles.com/2023-burton-snowboards-overview | https://steepdb.com/b/burton/,YEAR CONFLICT: existing 2014 vs catalog introduced 2015,
MATCH,Burton,Process,2010,,Burton,Process,burton--process,2011,earliest_sourced,verified,https://boardvault.net/snowboards/year/2011 | https://boardvault.net/snowboards/year/2012 | https://boardvault.net/snowboards/year/2013 | https://boardvault.net/snowboards/2011/process-v-2011 | https://www.snowdb.com/catalog/burton | https://archive.org/details/burton-hardgoods-2014-d.-d.-teoli-jr.-a.-c. | https://www.snowboard-review.com/snowboard_reviews/c/burton/2021/ | https://snowboardingprofiles.com/2023-burton-snowboards-overview | https://blauerboardshop.com/blogs/snowboarding/2025-burton-snowboards-overview | https://www.burton.com/en-us/collections/snowboards,no conflict: catalog earliest_sourced 2011 later than existing 2010 (board predates catalog evidence),
MATCH,Capita,Mercury,2015,,CAPiTA,Mercury,capita--mercury,2016,introduced,verified,https://thegoodride.com/snowboard-reviews/capita-mercury-snowboard-review/ | https://www.evo.com/shop/snowboard/snowboards/capita,YEAR CONFLICT: existing 2015 vs catalog introduced 2016,
MATCH,Capita,Ultrafear,2018,,CAPiTA,Ultrafear,capita--ultrafear,2011,introduced,verified,https://thegoodride.com/snowboard-reviews/capita-ultrafear-2021-snowboard-review/ | https://thegoodride.com/snowboard-reviews/capita-ultrafear-snowboard-review/,YEAR CONFLICT: existing 2018 vs catalog introduced 2011,
MATCH,Gnu,Carbon Credit,2009,,GNU,Carbon Credit,gnu--carbon-credit,2010,earliest_sourced,likely,https://www.snowdb.com/catalog/gnu,no conflict: catalog earliest_sourced 2010 later than existing 2009 (board predates catalog evidence),
MATCH,Jones,Explorer,2015,,Jones,Explorer,jones--explorer,2016,introduced,likely,https://thegoodride.com/snowboard-reviews/jones-explorer-2016-2019-snowboard-review/,YEAR CONFLICT: existing 2015 vs catalog introduced 2016,
MATCH,Jones,Flagship,2018,,Jones,Flagship,jones--flagship,2011,introduced,verified,https://thegoodride.com/snowboard-reviews/jones-flagship-snowboard-review/ | https://www.jonessnowboards.com/collections/mens-snowboards,YEAR CONFLICT: existing 2018 vs catalog introduced 2011,
MATCH,K2,Party Platter,2011,,K2,Party Platter,k2--party-platter,2017,introduced,likely,https://thegoodride.com/snowboard-reviews/k2-party-platter-2017-2019-snowboard-review/ | https://thegoodride.com/snowboard-reviews/k2-womens-party-platter-2020-2024-snowboard-review-by-steph-w/,YEAR CONFLICT: existing 2011 vs catalog introduced 2017,
MATCH,K2,Raygun,2004,,K2,Raygun,k2--raygun,2010,introduced,likely,https://thegoodride.com/snowboard-reviews/k2-raygun-2010-2019-snowboard-review/,YEAR CONFLICT: existing 2004 vs catalog introduced 2010,
MATCH,Lib Tech,Orca,2016,,Lib Tech,Orca,lib-tech--orca,2019,introduced,verified,https://www.lib-tech.com/about-lib-tech/history | https://www.evo.com/shop/snowboard/snowboards/lib-technologies | https://www.lib-tech.com/snowboards,YEAR CONFLICT: existing 2016 vs catalog introduced 2019,
MATCH,Lib Tech,Skate Banana,2007,,Lib Tech,Skate Banana,lib-tech--skate-banana,2007,earliest_sourced,verified,https://www.lib-tech.com/about-lib-tech/history | https://www.snowdb.com/catalog/lib-technologies | https://www.lib-tech.com/snowboards | https://www.evo.com/shop/snowboard/snowboards/lib-technologies | https://web.archive.org/web/200710/http://www.lib-tech.com/ | https://web.archive.org/web/200812/http://www.lib-tech.com/,,
MATCH,Lib Tech,TRS,2011,,Lib Tech,TRS,lib-tech--trs,2002,earliest_sourced,verified,https://www.snowdb.com/catalog/lib-technologies | https://www.snowboarder.com/transworld-snowboarding-archive/lib-tech-trs | https://web.archive.org/web/200110/http://www.lib-tech.com/ | https://web.archive.org/web/200804/http://www.lib-tech.com/,note: catalog earliest_sourced 2002 EARLIER than existing 2011 (catalog found older evidence),
MATCH,Never Summer,Proto Type Two,2013,,Never Summer,Proto Type Two,never-summer--proto-type-two,2016,introduced,likely,https://thegoodride.com/snowboard-reviews/never-summer-proto-type-two-snowboard-review/,YEAR CONFLICT: existing 2013 vs catalog introduced 2016,
MATCH,Ride,Berzerker,2007,,Ride,Berzerker,ride--berzerker,2006,earliest_sourced,verified,https://thegoodride.com/snowboard-reviews/ride-berzerker-snowboard-review/ | https://www.evo.com/shop/snowboard/snowboards/ride | https://web.archive.org/web/200601/http://www.ridesnowboards.com/ | https://web.archive.org/web/200603/http://www.ridesnowboards.com/,note: catalog earliest_sourced 2006 EARLIER than existing 2007 (catalog found older evidence),
MATCH,Rome,Ravine,2009,,Rome,Ravine,rome--ravine,2027,earliest_sourced,likely,https://www.evo.com/shop/snowboard/snowboards/rome,no conflict: catalog earliest_sourced 2027 later than existing 2009 (board predates catalog evidence),
MATCH,Salomon,Assassin,2018,,Salomon,Assassin,salomon--assassin,2014,earliest_sourced,verified,https://www.evo.com/shop/snowboard/snowboards/salomon | https://thegoodride.com/snowboard-reviews/salomon-assassin-snowboard-review/,note: catalog earliest_sourced 2014 EARLIER than existing 2018 (catalog found older evidence),
MATCH,Salomon,Huck Knife,2016,,Salomon,Huck Knife,salomon--huck-knife,2020,earliest_sourced,verified,https://www.evo.com/shop/snowboard/snowboards/salomon | https://thegoodride.com/snowboard-reviews/salomon-huck-knife-snowboard-review/,no conflict: catalog earliest_sourced 2020 later than existing 2016 (board predates catalog evidence),
MATCH,Sims,Halfpipe,1998,,Sims,Half Pipe,sims--half-pipe,1989,introduced,verified,https://archive.org/details/ISM-87-91 | https://archive.org/details/tws-89-93 | https://www.michigansnowboardmuseum.com/the-neon-era--other-80s-decks.html,YEAR CONFLICT: existing 1998 vs catalog introduced 1989,
MATCH,Sims,Switchblade,1996,,Sims,Switchblade,sims--switchblade,1988,introduced,verified,https://archive.org/details/ISM-87-91 | https://www.michigansnowboardmuseum.com/the-neon-era--other-80s-decks.html,YEAR CONFLICT: existing 1996 vs catalog introduced 1988,
CATALOG_ONLY,,,,,Aggression,Assault,aggression--assault,1993,introduced,likely,https://archive.org/details/tws-89-93,,
CATALOG_ONLY,,,,,Aggression,Stealth,aggression--stealth,1993,introduced,likely,https://archive.org/details/tws-89-93,,
CATALOG_ONLY,,,,,Aggression,TR60,aggression--tr60,1992,introduced,verified,https://retrosnow.com/shop/aggression/92-aggression/aggression-tr60/ | https://archive.org/details/tws-89-93,,
CATALOG_ONLY,,,,,Airwalk,A-1,airwalk--a-1,2000,introduced,likely,https://www.snowboarder.com/news/snowboard-lifes-top-25-board-test-2000 | https://www.snowboarder.com/news/board-test-board-specs,,
CATALOG_ONLY,,,,,Amplid,Milligram,amplid--milligram,,unknown,likely,https://www.amplid.com/collections/snowboards | https://splitboard.com/amplids-carbon-split-awarded-most-innovative-by-splitboard-magazine-for-2015/,,
CATALOG_ONLY,,,,,Amplid,Singular,amplid--singular,2024,introduced,verified,https://thegoodride.com/snowboard-reviews/?brand=jones | https://www.amplid.com/collections/snowboards,,
CATALOG_ONLY,,,,,Amplid,Snommelier,amplid--snommelier,2024,introduced,likely,https://thegoodride.com/snowboard-reviews/amplid-snommelier-snowboard-review/,,
CATALOG_ONLY,,,,,Amplid,Soulmate,amplid--soulmate,2024,introduced,verified,https://thegoodride.com/snowboard-reviews/amplid-soulmate-snowboard-review/ | https://www.amplid.com/collections/snowboards,,
CATALOG_ONLY,,,,,Amplid,Souly Grail,amplid--souly-grail,2024,introduced,verified,https://thegoodride.com/snowboard-reviews/amplid-souly-grail-snowboard-review/ | https://www.amplid.com/collections/snowboards,,
CATALOG_ONLY,,,,,Amplid,Surfari,amplid--surfari,2025,introduced,verified,https://thegoodride.com/snowboard-reviews/amplid-surfari-snowboard-review/ | https://www.amplid.com/collections/snowboards,,
CATALOG_ONLY,,,,,Amplid,Time Machine,amplid--time-machine,2026,introduced,verified,https://thegoodride.com/snowboard-reviews/amplid-time-machine-snowboard-review/ | https://www.amplid.com/collections/snowboards,,
CATALOG_ONLY,,,,,Arbor,A-Frame,arbor--a-frame,2004,earliest_sourced,verified,https://www.snowdb.com/catalog/arbor | https://www.evo.com/shop/snowboard/snowboards/arbor | https://thegoodride.com/snowboard-reviews/?brand=jones | https://web.archive.org/web/200309/http://www.arborsports.com/ | https://web.archive.org/web/200701/http://www.arborsports.com/,,
CATALOG_ONLY,,,,,Arbor,Abacus,arbor--abacus,2008,earliest_sourced,likely,https://www.snowdb.com/catalog/arbor,,
CATALOG_ONLY,,,,,Arbor,Alt,arbor--alt,2008,earliest_sourced,likely,https://www.snowdb.com/catalog/arbor,,
CATALOG_ONLY,,,,,Arbor,Astrowaste,arbor--astrowaste,2027,earliest_sourced,likely,https://www.evo.com/shop/snowboard/snowboards/arbor,,
CATALOG_ONLY,,,,,Arbor,Blacklist,arbor--blacklist,2012,earliest_sourced,likely,https://www.snowdb.com/catalog/arbor,,
CATALOG_ONLY,,,,,Arbor,Bryan Iguchi Pro,arbor--bryan-iguchi-pro,2027,earliest_sourced,likely,https://www.evo.com/shop/snowboard/snowboards/arbor,,
CATALOG_ONLY,,,,,Arbor,Cadence,arbor--cadence,2008,earliest_sourced,verified,https://www.snowdb.com/catalog/arbor | https://www.evo.com/shop/snowboard/snowboards/arbor,,
CATALOG_ONLY,,,,,Arbor,Coda,arbor--coda,2009,earliest_sourced,verified,https://www.snowdb.com/catalog/arbor | https://www.evo.com/shop/snowboard/snowboards/arbor,,
CATALOG_ONLY,,,,,Arbor,Cross,arbor--cross,2003,earliest_sourced,likely,https://web.archive.org/web/200210/http://www.arborsports.com/ | https://web.archive.org/web/200311/http://www.arborsports.com/,,
CATALOG_ONLY,,,,,Arbor,Crossbow,arbor--crossbow,2004,earliest_sourced,verified,https://www.snowdb.com/catalog/arbor | https://web.archive.org/web/200309/http://www.arborsports.com/ | https://web.archive.org/web/200610/http://www.arborsports.com/,,
CATALOG_ONLY,,,,,Arbor,Danny Kass Park Pro,arbor--danny-kass-park-pro,2027,earliest_sourced,likely,https://www.evo.com/shop/snowboard/snowboards/arbor,,
CATALOG_ONLY,,,,,Arbor,Del Rey,arbor--del-rey,2009,earliest_sourced,likely,https://www.snowdb.com/catalog/arbor,,
CATALOG_ONLY,,,,,Arbor,Draft,arbor--draft,2004,earliest_sourced,verified,https://www.snowdb.com/catalog/arbor | https://www.evo.com/shop/snowboard/snowboards/arbor | https://web.archive.org/web/200308/http://www.arborsports.com/ | https://web.archive.org/web/200610/http://www.arborsports.com/,,
CATALOG_ONLY,,,,,Arbor,Eden,arbor--eden,2009,earliest_sourced,likely,https://www.snowdb.com/catalog/arbor,,
CATALOG_ONLY,,,,,Arbor,El Camino,arbor--el-camino,2027,earliest_sourced,likely,https://www.evo.com/shop/snowboard/snowboards/arbor,,
CATALOG_ONLY,,,,,Arbor,Element,arbor--element,2004,earliest_sourced,verified,https://www.snowdb.com/catalog/arbor | https://www.evo.com/shop/snowboard/snowboards/arbor | https://web.archive.org/web/200308/http://www.arborsports.com/ | https://web.archive.org/web/200701/http://www.arborsports.com/,,
CATALOG_ONLY,,,,,Arbor,Formula,arbor--formula,2004,earliest_sourced,verified,https://www.snowdb.com/catalog/arbor | https://www.evo.com/shop/snowboard/snowboards/arbor | https://web.archive.org/web/200310/http://www.arborsports.com/ | https://web.archive.org/web/200610/http://www.arborsports.com/,,
CATALOG_ONLY,,,,,Arbor,Heritage,arbor--heritage,2001,earliest_sourced,verified,https://web.archive.org/web/20001018175925/http://www.arborsports.com/sitefiles/boards/snowboards_select.html | https://web.archive.org/web/200610/http://www.arborsports.com/,,
CATALOG_ONLY,,,,,Arbor,Kuro Neko,arbor--kuro-neko,2027,earliest_sourced,likely,https://www.evo.com/shop/snowboard/snowboards/arbor,,
CATALOG_ONLY,,,,,Arbor,Madre,arbor--madre,2027,earliest_sourced,likely,https://www.evo.com/shop/snowboard/snowboards/arbor,,
CATALOG_ONLY,,,,,Arbor,Mantra,arbor--mantra,2027,earliest_sourced,likely,https://www.evo.com/shop/snowboard/snowboards/arbor,,
CATALOG_ONLY,,,,,Arbor,Metal Machine,arbor--metal-machine,2027,earliest_sourced,likely,https://www.evo.com/shop/snowboard/snowboards/arbor,,
CATALOG_ONLY,,,,,Arbor,Mystic,arbor--mystic,2003,earliest_sourced,verified,https://www.snowdb.com/catalog/arbor | https://web.archive.org/web/200210/http://www.arborsports.com/ | https://web.archive.org/web/200610/http://www.arborsports.com/,,
CATALOG_ONLY,,,,,Arbor,Nightrain,arbor--nightrain,2010,earliest_sourced,likely,https://www.snowdb.com/catalog/arbor,,
CATALOG_ONLY,,,,,Arbor,Padre,arbor--padre,2027,earliest_sourced,likely,https://www.evo.com/shop/snowboard/snowboards/arbor,,
CATALOG_ONLY,,,,,Arbor,Poparazzi,arbor--poparazzi,2012,earliest_sourced,likely,https://www.snowdb.com/catalog/arbor,,
CATALOG_ONLY,,,,,Arbor,Progression,arbor--progression,2002,earliest_sourced,likely,https://web.archive.org/web/200111/http://www.arborsports.com/ | https://web.archive.org/web/200610/http://www.arborsports.com/,,
CATALOG_ONLY,,,,,Arbor,Push,arbor--push,2008,earliest_sourced,likely,https://www.snowdb.com/catalog/arbor,,
CATALOG_ONLY,,,,,Arbor,Rain,arbor--rain,2026,earliest_sourced,likely,https://www.evo.com/shop/snowboard/snowboards/arbor,,
CATALOG_ONLY,,,,,Arbor,Red Gerard Pro,arbor--red-gerard-pro,2027,earliest_sourced,likely,https://www.evo.com/shop/snowboard/snowboards/arbor,,
CATALOG_ONLY,,,,,Arbor,Relapse,arbor--relapse,2012,earliest_sourced,likely,https://www.snowdb.com/catalog/arbor,,
CATALOG_ONLY,,,,,Arbor,Rooster Fish,arbor--rooster-fish,2027,earliest_sourced,likely,https://www.evo.com/shop/snowboard/snowboards/arbor,,
CATALOG_ONLY,,,,,Arbor,Roundhouse,arbor--roundhouse,2008,earliest_sourced,likely,https://www.snowdb.com/catalog/arbor,,
CATALOG_ONLY,,,,,Arbor,S Series,arbor--s-series,2003,earliest_sourced,likely,https://web.archive.org/web/200302/http://www.arborsports.com/ | https://web.archive.org/web/200610/http://www.arborsports.com/,,
CATALOG_ONLY,,,,,Arbor,Scion,arbor--scion,2027,earliest_sourced,likely,https://www.evo.com/shop/snowboard/snowboards/arbor,,
CATALOG_ONLY,,,,,Arbor,Seedling,arbor--seedling,2027,earliest_sourced,likely,https://www.evo.com/shop/snowboard/snowboards/arbor,,
CATALOG_ONLY,,,,,Arbor,Signature,arbor--signature,2001,earliest_sourced,verified,https://web.archive.org/web/20001018175925/http://www.arborsports.com/sitefiles/boards/snowboards_select.html,,
CATALOG_ONLY,,,,,Arbor,Sin Cara,arbor--sin-cara,2027,earliest_sourced,likely,https://www.evo.com/shop/snowboard/snowboards/arbor,,
CATALOG_ONLY,,,,,Arbor,Sin Nombre,arbor--sin-nombre,2027,earliest_sourced,verified,https://www.evo.com/shop/snowboard/snowboards/arbor | https://thegoodride.com/snowboard-reviews/ | https://thegoodride.com/snowboard-reviews/?brand=jones,,
CATALOG_ONLY,,,,,Arbor,Swoon,arbor--swoon,2012,earliest_sourced,verified,https://www.snowdb.com/catalog/arbor | https://www.evo.com/shop/snowboard/snowboards/arbor,,
CATALOG_ONLY,,,,,Arbor,Terrapin,arbor--terrapin,2027,earliest_sourced,likely,https://www.evo.com/shop/snowboard/snowboards/arbor,,
CATALOG_ONLY,,,,,Arbor,Veda,arbor--veda,2027,earliest_sourced,likely,https://www.evo.com/shop/snowboard/snowboards/arbor,,
CATALOG_ONLY,,,,,Arbor,Wasteland,arbor--wasteland,2008,earliest_sourced,likely,https://www.snowdb.com/catalog/arbor,,
CATALOG_ONLY,,,,,Arbor,Westmark,arbor--westmark,2008,earliest_sourced,likely,https://www.snowdb.com/catalog/arbor,,
CATALOG_ONLY,,,,,Arbor,Woodie,arbor--woodie,2001,earliest_sourced,verified,https://web.archive.org/web/20001018175925/http://www.arborsports.com/sitefiles/boards/snowboards_select.html | https://web.archive.org/web/200610/http://www.arborsports.com/,,
CATALOG_ONLY,,,,,Atomic,Alibi,atomic--alibi,2004,earliest_sourced,verified,https://www.snowdb.com/catalog/atomic | https://web.archive.org/web/20030925214647/http://www.atomicsnowboarding.com/product.boards.php | https://web.archive.org/web/20040207030807/http://www.atomicsnowboarding.com/product.boards.php,,
CATALOG_ONLY,,,,,Atomic,Axum,atomic--axum,2010,earliest_sourced,likely,https://www.snowdb.com/catalog/atomic,,
CATALOG_ONLY,,,,,Atomic,Banger,atomic--banger,2010,earliest_sourced,likely,https://www.snowdb.com/catalog/atomic,,
CATALOG_ONLY,,,,,Atomic,Bond,atomic--bond,2004,earliest_sourced,verified,https://web.archive.org/web/20030925214647/http://www.atomicsnowboarding.com/product.boards.php | https://web.archive.org/web/20040207030807/http://www.atomicsnowboarding.com/product.boards.php,,
CATALOG_ONLY,,,,,Atomic,Don,atomic--don,2004,earliest_sourced,verified,https://web.archive.org/web/20030925214647/http://www.atomicsnowboarding.com/product.boards.php | https://web.archive.org/web/20040207030807/http://www.atomicsnowboarding.com/product.boards.php,,
CATALOG_ONLY,,,,,Atomic,Don Sr.,atomic--don-sr,2004,earliest_sourced,verified,https://web.archive.org/web/20030925214647/http://www.atomicsnowboarding.com/product.boards.php | https://web.archive.org/web/20040207030807/http://www.atomicsnowboarding.com/product.boards.php,,
CATALOG_ONLY,,,,,Atomic,Fallen Angel,atomic--fallen-angel,2010,earliest_sourced,likely,https://www.snowdb.com/catalog/atomic,,
CATALOG_ONLY,,,,,Atomic,Hatchet,atomic--hatchet,2004,earliest_sourced,verified,https://www.snowdb.com/catalog/atomic | https://web.archive.org/web/20030925214647/http://www.atomicsnowboarding.com/product.boards.php | https://web.archive.org/web/20040207030807/http://www.atomicsnowboarding.com/product.boards.php,,
CATALOG_ONLY,,,,,Atomic,Kumicho,atomic--kumicho,2004,earliest_sourced,verified,https://web.archive.org/web/20030925214647/http://www.atomicsnowboarding.com/product.boards.php | https://web.archive.org/web/20040207030807/http://www.atomicsnowboarding.com/product.boards.php,,
CATALOG_ONLY,,,,,Atomic,Kung Pow,atomic--kung-pow,2004,earliest_sourced,verified,https://web.archive.org/web/20040207030807/http://www.atomicsnowboarding.com/product.boards.php,,
CATALOG_ONLY,,,,,Atomic,Mighty D,atomic--mighty-d,2004,earliest_sourced,verified,https://www.snowdb.com/catalog/atomic | https://web.archive.org/web/20030925214647/http://www.atomicsnowboarding.com/product.boards.php | https://web.archive.org/web/20040207030807/http://www.atomicsnowboarding.com/product.boards.php,,
CATALOG_ONLY,,,,,Atomic,Mini D,atomic--mini-d,2004,earliest_sourced,verified,https://web.archive.org/web/20030925214647/http://www.atomicsnowboarding.com/product.boards.php | https://web.archive.org/web/20040207030807/http://www.atomicsnowboarding.com/product.boards.php,,
CATALOG_ONLY,,,,,Atomic,Mugshot,atomic--mugshot,2004,earliest_sourced,verified,https://web.archive.org/web/20030925214647/http://www.atomicsnowboarding.com/product.boards.php | https://web.archive.org/web/20040207030807/http://www.atomicsnowboarding.com/product.boards.php,,
CATALOG_ONLY,,,,,Atomic,Pivot,atomic--pivot,2010,earliest_sourced,likely,https://www.snowdb.com/catalog/atomic,,
CATALOG_ONLY,,,,,Atomic,Poacher,atomic--poacher,2010,earliest_sourced,likely,https://www.snowdb.com/catalog/atomic,,
CATALOG_ONLY,,,,,Atomic,Polarity,atomic--polarity,2004,earliest_sourced,verified,https://www.snowdb.com/catalog/atomic | https://web.archive.org/web/20030925214647/http://www.atomicsnowboarding.com/product.boards.php | https://web.archive.org/web/20040207030807/http://www.atomicsnowboarding.com/product.boards.php,,
CATALOG_ONLY,,,,,Atomic,Radon,atomic--radon,2004,earliest_sourced,verified,https://web.archive.org/web/20030925214647/http://www.atomicsnowboarding.com/product.boards.php | https://web.archive.org/web/20040207030807/http://www.atomicsnowboarding.com/product.boards.php,,
CATALOG_ONLY,,,,,Atomic,Rapture,atomic--rapture,2004,earliest_sourced,verified,https://web.archive.org/web/20040207030807/http://www.atomicsnowboarding.com/product.boards.php,,
CATALOG_ONLY,,,,,Atomic,Stasher,atomic--stasher,2011,earliest_sourced,likely,https://www.snowdb.com/catalog/atomic,,
CATALOG_ONLY,,,,,Atomic,Terminal,atomic--terminal,2010,earliest_sourced,likely,https://www.snowdb.com/catalog/atomic,,
CATALOG_ONLY,,,,,Atomic,Tika,atomic--tika,2004,earliest_sourced,verified,https://www.snowdb.com/catalog/atomic | https://web.archive.org/web/20030925214647/http://www.atomicsnowboarding.com/product.boards.php | https://web.archive.org/web/20040207030807/http://www.atomicsnowboarding.com/product.boards.php,,
CATALOG_ONLY,,,,,Atomic,Triarc,atomic--triarc,2004,earliest_sourced,verified,https://web.archive.org/web/20030925214647/http://www.atomicsnowboarding.com/product.boards.php | https://web.archive.org/web/20040207030807/http://www.atomicsnowboarding.com/product.boards.php,,
CATALOG_ONLY,,,,,Atomic,Vantage,atomic--vantage,2004,earliest_sourced,verified,https://www.snowdb.com/catalog/atomic | https://web.archive.org/web/20030925214647/http://www.atomicsnowboarding.com/product.boards.php | https://web.archive.org/web/20040207030807/http://www.atomicsnowboarding.com/product.boards.php,,
CATALOG_ONLY,,,,,Avalanche,Accel,avalanche--accel,1988,introduced,verified,https://archive.org/details/ISM-87-91 | https://retrosnow.com/shop/avalanche/avalanche-88/avalanche-accel-180/,,
CATALOG_ONLY,,,,,Avalanche,Damian,avalanche--damian,1990,introduced,verified,https://archive.org/details/ISM-87-91 | https://archive.org/details/tws-89-93,,
CATALOG_ONLY,,,,,Avalanche,Flex,avalanche--flex,1988,introduced,likely,https://archive.org/details/ISM-87-91,,
CATALOG_ONLY,,,,,Avalanche,Kick,avalanche--kick,1988,introduced,verified,https://archive.org/details/ISM-87-91 | https://retrosnow.com/shop/avalanche/avalanche-88/avalanche-kick-freestyle-165/ | https://retrosnow.com/shop/avalanche/90-avalanche/avalanche-kick-165/,,
CATALOG_ONLY,,,,,Avalanche,Rat,avalanche--rat,1993,introduced,likely,https://archive.org/details/tws-89-93,,
CATALOG_ONLY,,,,,Avalanche,RFX Slalom,avalanche--rfx-slalom,1985,introduced,verified,https://www.michigansnowboardmuseum.com/the-neon-era--other-80s-decks.html | https://archive.org/details/ISM-87-91,,
CATALOG_ONLY,,,,,Avalanche,Sport,avalanche--sport,1988,introduced,likely,https://archive.org/details/ISM-87-91,,
CATALOG_ONLY,,,,,Avalanche,Standard,avalanche--standard,2000,introduced,likely,https://www.snowboarder.com/news/board-test-board-specs,,
CATALOG_ONLY,,,,,Avalanche,X-Elles,avalanche--x-elles,2000,introduced,likely,https://www.snowboarder.com/news/board-test-board-specs,,
CATALOG_ONLY,,,,,Barfoot,161 Graphite,barfoot--161-graphite,1987,introduced,likely,https://archive.org/details/ISM-87-91,,
CATALOG_ONLY,,,,,Barfoot,Mike Estes,barfoot--mike-estes,1990,introduced,verified,https://retrosnow.com/shop/barfoot/90-barfoot/barfoot-estes-pro-model-166/ | https://archive.org/details/ISM-87-91 | https://archive.org/details/tws-89-93 | https://retrosnow.com/shop/barfoot/92-barfoot/barfoot-mike-estes/,,
CATALOG_ONLY,,,,,Barfoot,Team,barfoot--team,1991,introduced,verified,https://archive.org/details/ISM-87-91 | https://archive.org/details/tws-89-93,,
CATALOG_ONLY,,,,,Bataleon,Airobic,bataleon--airobic,2009,introduced,verified,https://bataleon.com/pages/board-archive,,
CATALOG_ONLY,,,,,Bataleon,Blow,bataleon--blow,2018,introduced,verified,https://bataleon.com/pages/board-archive,,
CATALOG_ONLY,,,,,Bataleon,Boss,bataleon--boss,2014,introduced,verified,https://bataleon.com/pages/board-archive,,
CATALOG_ONLY,,,,,Bataleon,Camel Toe,bataleon--camel-toe,2013,introduced,verified,https://bataleon.com/pages/board-archive,,
CATALOG_ONLY,,,,,Bataleon,Cameleon,bataleon--cameleon,2025,introduced,verified,https://bataleon.com/pages/board-archive | https://bataleon.com/collections/all-snowboards,,
CATALOG_ONLY,,,,,Bataleon,Carver,bataleon--carver,2017,introduced,verified,https://bataleon.com/pages/board-archive,,
CATALOG_ONLY,,,,,Bataleon,Chaser,bataleon--chaser,2019,introduced,verified,https://bataleon.com/pages/board-archive,,
CATALOG_ONLY,,,,,Bataleon,Cruiser,bataleon--cruiser,2023,introduced,verified,https://bataleon.com/pages/board-archive,,
CATALOG_ONLY,,,,,Bataleon,Disaster,bataleon--disaster,2012,introduced,verified,https://bataleon.com/pages/board-archive,,
CATALOG_ONLY,,,,,Bataleon,Distortia,bataleon--distortia,2008,introduced,verified,https://bataleon.com/pages/board-archive,,
CATALOG_ONLY,,,,,Bataleon,Enemy,bataleon--enemy,2005,introduced,verified,https://bataleon.com/pages/board-archive,,
CATALOG_ONLY,,,,,Bataleon,Evil Twin,bataleon--evil-twin,2006,introduced,verified,https://bataleon.com/pages/board-archive | https://whitelines.com/snowboard-gear/bataleon-evil-twin-snowboard.html,,
CATALOG_ONLY,,,,,Bataleon,Evil Twin Asymmetrical,bataleon--evil-twin-asymmetrical,2015,introduced,verified,https://bataleon.com/pages/board-archive | https://thegoodride.com/snowboard-reviews/bataleon-evil-twin-asymetrical-snowboard-review/,,
CATALOG_ONLY,,,,,Bataleon,Feelbetter,bataleon--feelbetter,2009,introduced,verified,https://bataleon.com/pages/board-archive | https://bataleon.com/collections/all-snowboards,,
CATALOG_ONLY,,,,,Bataleon,Fun.Kink,bataleon--fun-kink,2008,introduced,verified,https://bataleon.com/pages/board-archive,,
CATALOG_ONLY,,,,,Bataleon,Global Warmer,bataleon--global-warmer,2013,introduced,verified,https://bataleon.com/pages/board-archive,,
CATALOG_ONLY,,,,,Bataleon,Goliath,bataleon--goliath,2005,introduced,verified,https://bataleon.com/pages/board-archive | https://thegoodride.com/snowboard-reviews/bataleon-goliath-snowboard-review/,,
CATALOG_ONLY,,,,,Bataleon,Love Powder,bataleon--love-powder,2015,introduced,verified,https://bataleon.com/pages/board-archive,,
CATALOG_ONLY,,,,,Bataleon,Magic Carpet,bataleon--magic-carpet,2016,introduced,verified,https://bataleon.com/pages/board-archive,,
CATALOG_ONLY,,,,,Bataleon,Omni,bataleon--omni,2010,introduced,verified,https://bataleon.com/pages/board-archive,,
CATALOG_ONLY,,,,,Bataleon,Party Wave,bataleon--party-wave,2019,introduced,verified,https://bataleon.com/pages/board-archive | https://thegoodride.com/snowboard-reviews/bataleon-party-wave-2020-snowboard-review/,,
CATALOG_ONLY,,,,,Bataleon,Placebo,bataleon--placebo,,unknown,likely,https://bataleon.com/collections/all-snowboards,,
CATALOG_ONLY,,,,,Bataleon,Push Up,bataleon--push-up,2013,introduced,verified,https://bataleon.com/pages/board-archive | https://bataleon.com/collections/all-snowboards,,
CATALOG_ONLY,,,,,Bataleon,Riot,bataleon--riot,2008,introduced,verified,https://bataleon.com/pages/board-archive,,
CATALOG_ONLY,,,,,Bataleon,Spirit,bataleon--spirit,2018,introduced,verified,https://bataleon.com/pages/board-archive,,
CATALOG_ONLY,,,,,Bataleon,Stallion,bataleon--stallion,2018,introduced,verified,https://bataleon.com/pages/board-archive,,
CATALOG_ONLY,,,,,Bataleon,Stereo,bataleon--stereo,,unknown,likely,https://bataleon.com/collections/all-snowboards,,
CATALOG_ONLY,,,,,Bataleon,Surfer,bataleon--surfer,2017,introduced,verified,https://bataleon.com/pages/board-archive | https://bataleon.com/collections/all-snowboards,,
CATALOG_ONLY,,,,,Bataleon,The Hero,bataleon--the-hero,2005,introduced,verified,https://bataleon.com/pages/board-archive,,
CATALOG_ONLY,,,,,Bataleon,The Jam,bataleon--the-jam,2008,introduced,verified,https://bataleon.com/pages/board-archive,,
CATALOG_ONLY,,,,,Bataleon,Thunder,bataleon--thunder,2021,introduced,verified,https://bataleon.com/pages/board-archive,,
CATALOG_ONLY,,,,,Bataleon,Turbo,bataleon--turbo,2025,introduced,verified,https://bataleon.com/pages/board-archive | https://bataleon.com/collections/all-snowboards,,
CATALOG_ONLY,,,,,Bataleon,Undisputed,bataleon--undisputed,2006,introduced,verified,https://bataleon.com/pages/board-archive,,
CATALOG_ONLY,,,,,Bataleon,Violenza,bataleon--violenza,2007,introduced,verified,https://bataleon.com/pages/board-archive,,
CATALOG_ONLY,,,,,Bataleon,Wallie,bataleon--wallie,2017,introduced,verified,https://bataleon.com/pages/board-archive,,
CATALOG_ONLY,,,,,Bataleon,Whatever,bataleon--whatever,2012,introduced,verified,https://bataleon.com/pages/board-archive,,
CATALOG_ONLY,,,,,BC Stream,Hammerhead NW,bc-stream--hammerhead-nw,2026,introduced,likely,https://bc-stream.com/,,
CATALOG_ONLY,,,,,Burton,3D Daily Driver,burton--3d-daily-driver,2023,introduced,likely,https://snowboardingprofiles.com/2023-burton-snowboards-overview,,
CATALOG_ONLY,,,,,Burton,3D Deep Daze,burton--3d-deep-daze,2023,introduced,verified,https://snowboardingprofiles.com/2023-burton-snowboards-overview | https://steepdb.com/b/burton/,,
CATALOG_ONLY,,,,,Burton,3D Double Dog,burton--3d-double-dog,2023,introduced,verified,https://snowboardingprofiles.com/2023-burton-snowboards-overview | https://steepdb.com/b/burton/,,
CATALOG_ONLY,,,,,Burton,A Deck,burton--a-deck,1996,earliest_sourced,verified,https://boardvault.net/snowboards/year/1996 | https://boardvault.net/snowboards/year/1997 | https://boardvault.net/snowboards/1996/deck-1996 | https://web.archive.org/web/199610/http://www.burton.com/ | https://web.archive.org/web/199802/http://www.burton.com/,,
CATALOG_ONLY,,,,,Burton,A Series,burton--a-series,1998,earliest_sourced,likely,https://boardvault.net/snowboards/year/1998 | https://boardvault.net/snowboards/1998/series-1998,,
CATALOG_ONLY,,,,,Burton,After School Special,burton--after-school-special,2011,earliest_sourced,verified,https://boardvault.net/snowboards/year/2011 | https://boardvault.net/snowboards/year/2013 | https://boardvault.net/snowboards/2011/mini-shred-after-school-special-2011 | https://www.snowdb.com/catalog/burton | https://archive.org/details/burton-hardgoods-2014-d.-d.-teoli-jr.-a.-c. | https://www.snowboard-review.com/snowboard_reviews/c/burton/2021/ | https://snowboardingprofiles.com/2023-burton-snowboards-overview,,
CATALOG_ONLY,,,,,Burton,Aftermath,burton--aftermath,2012,earliest_sourced,verified,https://boardvault.net/snowboards/year/2012 | https://boardvault.net/snowboards/year/2013 | https://boardvault.net/snowboards/aftermath-2012 | https://www.snowdb.com/catalog/burton | https://www.snowboard-review.com/snowboard_reviews/c/burton/2012/,,
CATALOG_ONLY,,,,,Burton,Air,burton--air,1987,earliest_sourced,verified,https://boardvault.net/snowboards/year/1987 | https://boardvault.net/snowboards/year/1994 | https://boardvault.net/snowboards/year/2008 | https://boardvault.net/snowboards/1987/air-1987 | https://archive.org/details/burton-snowboards-1988 | https://www.burton.com/en-us/blogs/the-burton-blog/burton-snowboards-history | https://retrosnow.com/product-category/burton/ | https://snowboarding8090.com/boards-1980-1995/ | https://archive.org/details/burton-1993-catalog-advanced-snowboard-science | https://www.michigansnowboardmuseum.com/burton---firsts--unique-decks.html | https://snowboardmag.com/stories/lineage-the-infallible-burton-custom | https://www.burton.com/en-us/blogs/the-burton-blog/burton-archives-team-rider-favorites,,
CATALOG_ONLY,,,,,Burton,Alekesam,burton--alekesam,2025,introduced,likely,https://blauerboardshop.com/blogs/snowboarding/2025-burton-snowboards-overview,,
CATALOG_ONLY,,,,,Burton,Alp,burton--alp,1995,earliest_sourced,verified,https://boardvault.net/snowboards/year/1995 | https://boardvault.net/snowboards/year/1997 | https://boardvault.net/snowboards/year/1999 | https://boardvault.net/snowboards/1995/alp-1995 | https://web.archive.org/web/199610/http://www.burton.com/ | https://web.archive.org/web/199802/http://www.burton.com/,,
CATALOG_ONLY,,,,,Burton,Alpha,burton--alpha,2007,earliest_sourced,verified,https://boardvault.net/snowboards/year/2007 | https://boardvault.net/snowboards/year/2008 | https://boardvault.net/snowboards/2007/alpha-2007 | https://www.snowdb.com/catalog/burton,,
CATALOG_ONLY,,,,,Burton,Amp,burton--amp,1995,earliest_sourced,likely,https://boardvault.net/snowboards/year/1995 | https://boardvault.net/snowboards/year/1996 | https://boardvault.net/snowboards/1995/amp-1995,,
CATALOG_ONLY,,,,,Burton,Amplifier,burton--amplifier,2018,introduced,verified,https://www.snowboard-review.com/snowboard_reviews/c/burton/2018/ | https://www.snowboard-review.com/snowboard_reviews/c/burton/2019/,,
CATALOG_ONLY,,,,,Burton,Anti-Social,burton--anti-social,2013,earliest_sourced,verified,https://boardvault.net/snowboards/year/2013 | https://boardvault.net/snowboards/anti-social-2013 | https://www.snowboard-review.com/snowboard_reviews/c/burton/2014/ | https://www.snowboard-review.com/snowboard_reviews/c/burton/2016/ | https://www.snowboard-review.com/snowboard_reviews/c/burton/2019/,,
CATALOG_ONLY,,,,,Burton,Antler,burton--antler,2013,earliest_sourced,verified,https://boardvault.net/snowboards/year/2013 | https://boardvault.net/snowboards/antler-2013 | https://www.snowboard-review.com/snowboard_reviews/c/burton/2013/ | https://www.snowboard-review.com/snowboard_reviews/c/burton/2014/ | https://www.snowboard-review.com/snowboard_reviews/c/burton/2016/ | https://www.snowboard-review.com/snowboard_reviews/c/burton/2018/,,
CATALOG_ONLY,,,,,Burton,Artifact,burton--artifact,2012,introduced,verified,https://archive.org/details/burton-hardgoods-2014-d.-d.-teoli-jr.-a.-c.,,
CATALOG_ONLY,,,,,Burton,Asym Air,burton--asym-air,1992,earliest_sourced,verified,https://boardvault.net/snowboards/year/1992 | https://boardvault.net/snowboards/year/1994 | https://boardvault.net/snowboards/year/1995 | https://boardvault.net/snowboards/1992/asym-air-1992 | https://www.michigansnowboardmuseum.com/burton---early-years-to-the-modern-twin.html | https://retrosnow.com/product-category/burton/ | https://snowboarding8090.com/boards-1980-1995/ | https://archive.org/details/burton-1993-catalog-advanced-snowboard-science,,
CATALOG_ONLY,,,,,Burton,Aura,burton--aura,2009,earliest_sourced,likely,https://boardvault.net/snowboards/year/2009 | https://boardvault.net/snowboards/2009/aura-2009,,
CATALOG_ONLY,,,,,Burton,Backhill (BB1),burton--backhill-bb1,1978,introduced,verified,https://boardvault.net/snowboards/year/1979 | https://boardvault.net/snowboards/year/1982 | https://boardvault.net/snowboards/year/1985 | https://boardvault.net/snowboards/1979/backhill-1979 | https://www.burton.com/en-us/blogs/the-burton-blog/burton-snowboards-history | https://www.michigansnowboardmuseum.com/burton---early-years-to-the-modern-twin.html | https://www.vintagewinter.com/blogs/blog/4555102-vintage-burton-snowboards | https://www.vintagewinter.com/collections/vintage-snowboards,,
CATALOG_ONLY,,,,,Burton,Backseat Driver,burton--backseat-driver,2020,introduced,verified,https://www.snowboard-review.com/snowboard_reviews/c/burton/2020/ | https://www.snowboard-review.com/snowboard_reviews/c/burton/2021/ | https://steepdb.com/b/burton/,,
CATALOG_ONLY,,,,,Burton,Backyard (BBII),burton--backyard-bbii,1979,earliest_sourced,verified,https://boardvault.net/snowboards/year/1979 | https://boardvault.net/snowboards/year/1982 | https://boardvault.net/snowboards/year/1984 | https://boardvault.net/snowboards/1979/backyard-1979 | https://www.michigansnowboardmuseum.com/burton---early-years-to-the-modern-twin.html | https://www.vintagewinter.com/blogs/blog/4555102-vintage-burton-snowboards | https://retrosnow.com/product-category/burton/ | https://snowboarding8090.com/boards-1980-1995/ | https://www.burton.com/en-us/blogs/the-burton-blog/burton-snowboards-history,,
CATALOG_ONLY,,,,,Burton,Balance,burton--balance,1996,earliest_sourced,likely,https://boardvault.net/snowboards/year/1996 | https://boardvault.net/snowboards/year/2000 | https://boardvault.net/snowboards/year/2002 | https://boardvault.net/snowboards/1996/balance-1996,,
CATALOG_ONLY,,,,,Burton,Baron,burton--baron,2004,earliest_sourced,likely,https://boardvault.net/snowboards/year/2004 | https://boardvault.net/snowboards/year/2006 | https://boardvault.net/snowboards/year/2007 | https://boardvault.net/snowboards/2004/baron-2004,,
CATALOG_ONLY,,,,,Burton,Barracuda,burton--barracuda,2012,earliest_sourced,verified,https://boardvault.net/snowboards/year/2012 | https://boardvault.net/snowboards/year/2013 | https://boardvault.net/snowboards/barracuda-2012 | https://www.snowdb.com/catalog/burton | https://archive.org/details/burton-hardgoods-2014-d.-d.-teoli-jr.-a.-c. | https://www.snowboard-review.com/snowboard_reviews/c/burton/2014/ | https://www.snowboard-review.com/snowboard_reviews/c/burton/2016/ | https://www.snowboard-review.com/snowboard_reviews/c/burton/2017/,,
CATALOG_ONLY,,,,,Burton,BBY,burton--bby,2009,earliest_sourced,likely,https://boardvault.net/snowboards/year/2009 | https://boardvault.net/snowboards/2009/bby-2009,,
CATALOG_ONLY,,,,,Burton,Big Gulp,burton--big-gulp,2021,introduced,likely,https://www.snowboard-review.com/snowboard_reviews/c/burton/2021/,,
CATALOG_ONLY,,,,,Burton,Blacktop,burton--blacktop,1994,introduced,verified,https://retrosnow.com/product-category/burton/ | https://www.michigansnowboardmuseum.com/burton---firsts--unique-decks.html,,
CATALOG_ONLY,,,,,Burton,Blender,burton--blender,2009,earliest_sourced,verified,https://boardvault.net/snowboards/year/2009 | https://boardvault.net/snowboards/year/2012 | https://boardvault.net/snowboards/year/2013 | https://boardvault.net/snowboards/2009/blender-2009 | https://www.snowdb.com/catalog/burton | https://archive.org/details/burton-hardgoods-2014-d.-d.-teoli-jr.-a.-c.,,
CATALOG_ONLY,,,,,Burton,Blossom,burton--blossom,2023,introduced,verified,https://snowboardingprofiles.com/2023-burton-snowboards-overview | https://blauerboardshop.com/blogs/snowboarding/2025-burton-snowboards-overview | https://www.burton.com/en-us/collections/snowboards,,
CATALOG_ONLY,,,,,Burton,Blunt,burton--blunt,2006,earliest_sourced,verified,https://boardvault.net/snowboards/year/2006 | https://boardvault.net/snowboards/year/2009 | https://boardvault.net/snowboards/year/2013 | https://boardvault.net/snowboards/2006/blunt-2006 | https://www.snowdb.com/catalog/burton | https://archive.org/details/burton-hardgoods-2014-d.-d.-teoli-jr.-a.-c. | https://www.snowboard-review.com/snowboard_reviews/c/burton/2016/,,
CATALOG_ONLY,,,,,Burton,BMC,burton--bmc,2001,earliest_sourced,likely,https://boardvault.net/snowboards/year/2001 | https://boardvault.net/snowboards/year/2002 | https://boardvault.net/snowboards/year/2003 | https://boardvault.net/snowboards/2001/bmc-2001,,
CATALOG_ONLY,,,,,Burton,Board Amazing,burton--board-amazing,2011,earliest_sourced,verified,https://boardvault.net/snowboards/year/2011 | https://boardvault.net/snowboards/2011/meateaters-board-amazing-2011 | https://www.snowdb.com/catalog/burton,,
CATALOG_ONLY,,,,,Burton,Board of Health,burton--board-of-health,2012,earliest_sourced,verified,https://boardvault.net/snowboards/year/2012 | https://boardvault.net/snowboards/meateaters-board-health-2012 | https://www.snowdb.com/catalog/burton,,
CATALOG_ONLY,,,,,Burton,Bottom Feeder,burton--bottom-feeder,2019,introduced,likely,https://www.snowboard-review.com/snowboard_reviews/c/burton/2019/,,
CATALOG_ONLY,,,,,Burton,Branch Manager,burton--branch-manager,2017,introduced,likely,https://www.snowboard-review.com/snowboard_reviews/c/burton/2017/,,
CATALOG_ONLY,,,,,Burton,Brushie,burton--brushie,1993,earliest_sourced,verified,https://boardvault.net/snowboards/year/1993 | https://boardvault.net/snowboards/year/1995 | https://boardvault.net/snowboards/year/1996 | https://boardvault.net/snowboards/1993/brushie-1993 | https://www.michigansnowboardmuseum.com/burton---early-years-to-the-modern-twin.html | https://retrosnow.com/product-category/burton/ | https://archive.org/details/burton-1993-catalog-advanced-snowboard-science | https://www.burton.com/en-us/blogs/the-burton-blog/burton-snowboards-history | https://www.burton.com/en-us/blogs/the-burton-blog/burton-innovation | https://snowboarding8090.com/boards-1980-1995/,,
CATALOG_ONLY,,,,,Burton,Bullet,burton--bullet,2001,earliest_sourced,verified,https://boardvault.net/snowboards/year/2001 | https://boardvault.net/snowboards/year/2007 | https://boardvault.net/snowboards/year/2013 | https://boardvault.net/snowboards/2001/bullet-2001 | https://www.snowdb.com/catalog/burton | https://archive.org/details/burton-hardgoods-2014-d.-d.-teoli-jr.-a.-c.,,
CATALOG_ONLY,,,,,Burton,Burden,burton--burden,2012,earliest_sourced,verified,https://boardvault.net/snowboards/year/2012 | https://boardvault.net/snowboards/meateaters-burden-2012 | https://www.snowdb.com/catalog/burton,,
CATALOG_ONLY,,,,,Burton,Canyon,burton--canyon,1999,earliest_sourced,likely,https://boardvault.net/snowboards/year/1999 | https://boardvault.net/snowboards/year/2002 | https://boardvault.net/snowboards/year/2005 | https://boardvault.net/snowboards/1999/canyon-1999,,
CATALOG_ONLY,,,,,Burton,Cartographer,burton--cartographer,2023,introduced,verified,https://snowboardingprofiles.com/2023-burton-snowboards-overview | https://blauerboardshop.com/blogs/snowboarding/2025-burton-snowboards-overview,,
CATALOG_ONLY,,,,,Burton,Cascade,burton--cascade,2001,earliest_sourced,likely,https://boardvault.net/snowboards/year/2001 | https://boardvault.net/snowboards/year/2002 | https://boardvault.net/snowboards/2001/cascade-2001,,
CATALOG_ONLY,,,,,Burton,Charger,burton--charger,1999,earliest_sourced,likely,https://boardvault.net/snowboards/year/1999 | https://boardvault.net/snowboards/year/2001 | https://boardvault.net/snowboards/year/2002 | https://boardvault.net/snowboards/1999/charger-1999,,
CATALOG_ONLY,,,,,Burton,Cheetah,burton--cheetah,2013,earliest_sourced,verified,https://boardvault.net/snowboards/year/2013 | https://boardvault.net/snowboards/family-tree-cheetah-2013 | https://www.snowboard-review.com/snowboard_reviews/c/burton/2018/,,
CATALOG_ONLY,,,,,Burton,Chicklet,burton--chicklet,2005,earliest_sourced,verified,https://boardvault.net/snowboards/year/2005 | https://boardvault.net/snowboards/year/2009 | https://boardvault.net/snowboards/year/2013 | https://boardvault.net/snowboards/2005/chicklet-2005 | https://www.snowdb.com/catalog/burton | https://archive.org/details/burton-hardgoods-2014-d.-d.-teoli-jr.-a.-c. | https://www.snowboard-review.com/snowboard_reviews/c/burton/2021/,,
CATALOG_ONLY,,,,,Burton,Chopper,burton--chopper,1997,earliest_sourced,verified,https://boardvault.net/snowboards/year/1997 | https://boardvault.net/snowboards/year/2005 | https://boardvault.net/snowboards/year/2013 | https://boardvault.net/snowboards/1997/chopper-1997 | https://www.snowdb.com/catalog/burton | https://archive.org/details/burton-hardgoods-2014-d.-d.-teoli-jr.-a.-c. | https://www.snowboard-review.com/snowboard_reviews/c/burton/2021/ | https://web.archive.org/web/199610/http://www.burton.com/ | https://web.archive.org/web/199706/http://www.burton.com/,,
CATALOG_ONLY,,,,,Burton,CK Nug,burton--ck-nug,2016,introduced,verified,https://www.agnarchy.com/burton-reissues-4-iconic-snowboards-for-2016/ | https://www.snowboard-review.com/snowboard_reviews/c/burton/2016/ | https://www.snowboard-review.com/snowboard_reviews/c/burton/2017/,,
CATALOG_ONLY,,,,,Burton,Clash,burton--clash,2002,earliest_sourced,verified,https://boardvault.net/snowboards/year/2002 | https://boardvault.net/snowboards/year/2007 | https://boardvault.net/snowboards/year/2013 | https://boardvault.net/snowboards/2002/clash-2002 | https://www.snowdb.com/catalog/burton | https://archive.org/details/burton-hardgoods-2014-d.-d.-teoli-jr.-a.-c. | https://www.snowboard-review.com/snowboard_reviews/c/burton/2017/,,
CATALOG_ONLY,,,,,Burton,Cloudsplitter,burton--cloudsplitter,2014,introduced,likely,https://www.snowboard-review.com/snowboard_reviews/c/burton/2014/,,
CATALOG_ONLY,,,,,Burton,Code,burton--code,2003,earliest_sourced,likely,https://boardvault.net/snowboards/year/2003 | https://boardvault.net/snowboards/year/2004 | https://boardvault.net/snowboards/2003/code-2003,,
CATALOG_ONLY,,,,,Burton,Coil,burton--coil,2000,earliest_sourced,likely,https://boardvault.net/snowboards/year/2000 | https://boardvault.net/snowboards/2000/coil-2000,,
CATALOG_ONLY,,,,,Burton,Con Artist,burton--con-artist,2013,earliest_sourced,verified,https://boardvault.net/snowboards/year/2013 | https://boardvault.net/snowboards/family-tree-con-artist-2013 | https://www.snowboard-review.com/snowboard_reviews/c/burton/2018/ | https://snowboardingprofiles.com/2023-burton-snowboards-overview,,
CATALOG_ONLY,,,,,Burton,Contact,burton--contact,1995,earliest_sourced,likely,https://boardvault.net/snowboards/year/1995 | https://boardvault.net/snowboards/year/1996 | https://boardvault.net/snowboards/year/1997 | https://boardvault.net/snowboards/1995/contact-1995,,
CATALOG_ONLY,,,,,Burton,Counterbalance,burton--counterbalance,,unknown,likely,https://www.burton.com/en-us/collections/snowboards,,
CATALOG_ONLY,,,,,Burton,Cruise,burton--cruise,1989,earliest_sourced,verified,https://boardvault.net/snowboards/year/1989 | https://boardvault.net/snowboards/1989/cruise-1989 | https://retrosnow.com/product-category/burton/,,
CATALOG_ONLY,,,,,Burton,Cruzer,burton--cruzer,1985,introduced,verified,https://boardvault.net/snowboards/year/1986 | https://boardvault.net/snowboards/year/2003 | https://boardvault.net/snowboards/year/2009 | https://boardvault.net/snowboards/1986/cruzer-1986 | https://www.michigansnowboardmuseum.com/burton---early-years-to-the-modern-twin.html | https://snowboarding8090.com/boards-1980-1995/ | https://retrosnow.com/product-category/burton/ | https://archive.org/details/burton-snowboards-1988 | https://www.vintagewinter.com/blogs/blog/4555102-vintage-burton-snowboards,,
CATALOG_ONLY,,,,,Burton,Cultivator,burton--cultivator,,unknown,likely,https://www.burton.com/en-us/collections/snowboards,,
CATALOG_ONLY,,,,,Burton,Custom 20th Anniversary,burton--custom-20th-anniversary,2016,introduced,verified,https://www.agnarchy.com/burton-reissues-4-iconic-snowboards-for-2016/ | https://www.snowboard-review.com/snowboard_reviews/c/burton/2016/,,
CATALOG_ONLY,,,,,Burton,Custom Smalls,burton--custom-smalls,2009,earliest_sourced,verified,https://boardvault.net/snowboards/year/2009 | https://boardvault.net/snowboards/year/2012 | https://boardvault.net/snowboards/year/2013 | https://boardvault.net/snowboards/2009/custom-small-2009 | https://www.snowdb.com/catalog/burton | https://archive.org/details/burton-hardgoods-2014-d.-d.-teoli-jr.-a.-c. | https://www.snowboard-review.com/snowboard_reviews/c/burton/2021/ | https://snowboardingprofiles.com/2023-burton-snowboards-overview,,
CATALOG_ONLY,,,,,Burton,Custom X,burton--custom-x,2004,earliest_sourced,verified,https://boardvault.net/snowboards/year/2004 | https://boardvault.net/snowboards/year/2008 | https://boardvault.net/snowboards/year/2013 | https://boardvault.net/snowboards/2004/custom-x-2004 | https://snowboarder.com/transworld-snowboarding-archive/snowboarding-gear/2004-snowboard-test-harvesting-the-good-wood | https://www.snowboarder.com/news/2006-good-wood-mens-board-test | https://www.snowdb.com/catalog/burton | https://www.snowboard-review.com/snowboard_reviews/c/burton/2021/ | https://snowboardingprofiles.com/2023-burton-snowboards-overview | https://blauerboardshop.com/blogs/snowboarding/2025-burton-snowboards-overview | https://www.burton.com/en-us/collections/snowboards,,
CATALOG_ONLY,,,,,Burton,Day Trader,burton--day-trader,2014,introduced,verified,https://www.snowboard-review.com/snowboard_reviews/c/burton/2014/ | https://www.snowboard-review.com/snowboard_reviews/c/burton/2016/ | https://www.snowboard-review.com/snowboard_reviews/c/burton/2021/,,
CATALOG_ONLY,,,,,Burton,Deep Thinker,burton--deep-thinker,2018,introduced,verified,https://www.snowboard-review.com/snowboard_reviews/c/burton/2018/ | https://www.snowboard-review.com/snowboard_reviews/c/burton/2021/ | https://snowboardingprofiles.com/2023-burton-snowboards-overview | https://blauerboardshop.com/blogs/snowboarding/2025-burton-snowboards-overview,,
CATALOG_ONLY,,,,,Burton,Deja Vu,burton--deja-vu,2011,earliest_sourced,verified,https://boardvault.net/snowboards/year/2011 | https://boardvault.net/snowboards/year/2012 | https://boardvault.net/snowboards/year/2013 | https://boardvault.net/snowboards/2011/deja-vu-v-rocker-2011 | https://www.snowdb.com/catalog/burton | https://archive.org/details/burton-hardgoods-2014-d.-d.-teoli-jr.-a.-c. | https://www.snowboard-review.com/snowboard_reviews/c/burton/2018/,,
CATALOG_ONLY,,,,,Burton,Descendant,burton--descendant,2014,introduced,verified,https://www.snowboard-review.com/snowboard_reviews/c/burton/2014/ | https://www.snowboard-review.com/snowboard_reviews/c/burton/2017/ | https://www.snowboard-review.com/snowboard_reviews/c/burton/2021/,,
CATALOG_ONLY,,,,,Burton,Deuce,burton--deuce,2009,earliest_sourced,verified,https://boardvault.net/snowboards/year/2009 | https://boardvault.net/snowboards/year/2011 | https://boardvault.net/snowboards/2009/duece-wide-2009 | https://www.snowdb.com/catalog/burton | https://www.snowboard-review.com/snowboard_reviews/c/burton/2011/,,
CATALOG_ONLY,,,,,Burton,Dolphin,burton--dolphin,1996,earliest_sourced,verified,https://boardvault.net/snowboards/year/1996 | https://boardvault.net/snowboards/1996/dolphin-1996 | https://www.michigansnowboardmuseum.com/burton---firsts--unique-decks.html | https://www.burton.com/en-us/blogs/the-burton-blog/burton-snowboards-history | https://www.burton.com/en-us/blogs/the-burton-blog/iconic-burton-snowboards,,
CATALOG_ONLY,,,,,Burton,Dominant,burton--dominant,2002,earliest_sourced,verified,https://boardvault.net/snowboards/year/2002 | https://boardvault.net/snowboards/year/2006 | https://boardvault.net/snowboards/year/2009 | https://boardvault.net/snowboards/2002/dominant-2002 | https://www.snowdb.com/catalog/burton | https://www.snowboard-review.com/snowboard_reviews/c/burton/2010/,,
CATALOG_ONLY,,,,,Burton,Dominant Grom,burton--dominant-grom,2008,earliest_sourced,likely,https://boardvault.net/snowboards/year/2008 | https://boardvault.net/snowboards/year/2009 | https://boardvault.net/snowboards/2008/dom-grom-2008,,
CATALOG_ONLY,,,,,Burton,Doom,burton--doom,2008,earliest_sourced,verified,https://boardvault.net/snowboards/year/2008 | https://boardvault.net/snowboards/2008/doom-2008 | https://www.snowdb.com/catalog/burton,,
CATALOG_ONLY,,,,,Burton,Dragon,burton--dragon,2002,earliest_sourced,verified,https://boardvault.net/snowboards/year/2001 | https://boardvault.net/snowboards/year/2002 | https://boardvault.net/snowboards/year/2003 | https://boardvault.net/snowboards/2001/dragon-2001 | https://www.snowboarder.com/transworld-snowboarding-archive/snowboarding-gear/transworld-top-10-burton-dragon/,,
CATALOG_ONLY,,,,,Burton,Ducati Limited,burton--ducati-limited,2006,earliest_sourced,likely,https://boardvault.net/snowboards/year/2006 | https://boardvault.net/snowboards/2006/ducati-limited-2006,,
CATALOG_ONLY,,,,,Burton,Dump Truck,burton--dump-truck,2017,introduced,verified,https://www.snowboard-review.com/snowboard_reviews/c/burton/2017/ | https://www.snowboard-review.com/snowboard_reviews/c/burton/2018/,,
CATALOG_ONLY,,,,,Burton,Dunn,burton--dunn,1999,earliest_sourced,likely,https://boardvault.net/snowboards/year/1999 | https://boardvault.net/snowboards/1999/dunn-1999,,
CATALOG_ONLY,,,,,Burton,E Deck,burton--e-deck,1997,earliest_sourced,verified,https://boardvault.net/snowboards/year/1997 | https://boardvault.net/snowboards/1997/e-deck-1997 | https://web.archive.org/web/199610/http://www.burton.com/ | https://web.archive.org/web/199706/http://www.burton.com/,,
CATALOG_ONLY,,,,,Burton,E Series,burton--e-series,1998,earliest_sourced,likely,https://boardvault.net/snowboards/year/1998 | https://boardvault.net/snowboards/1998/e-series-1998,,
CATALOG_ONLY,,,,,Burton,Easy Livin,burton--easy-livin,2010,earliest_sourced,verified,https://boardvault.net/snowboards/year/2010 | https://boardvault.net/snowboards/year/2012 | https://boardvault.net/snowboards/year/2013 | https://boardvault.net/snowboards/2010/easy-livin-2010 | https://www.snowdb.com/catalog/burton | https://www.snowboard-review.com/snowboard_reviews/c/burton/2011/ | https://www.snowboard-review.com/snowboard_reviews/c/burton/2013/ | https://www.snowboard-review.com/snowboard_reviews/c/burton/2016/ | https://www.snowboard-review.com/snowboard_reviews/c/burton/2017/,,
CATALOG_ONLY,,,,,Burton,Econico,burton--econico,2009,earliest_sourced,likely,https://boardvault.net/snowboards/year/2009 | https://boardvault.net/snowboards/econico,,
CATALOG_ONLY,,,,,Burton,Elite,burton--elite,1987,earliest_sourced,verified,https://boardvault.net/snowboards/year/1987 | https://boardvault.net/snowboards/year/2007 | https://boardvault.net/snowboards/year/2008 | https://boardvault.net/snowboards/1987/elite-1987 | https://retrosnow.com/product-category/burton/ | https://snowboarding8090.com/boards-1980-1995/ | https://www.burton.com/en-us/blogs/the-burton-blog/iconic-burton-snowboards | https://archive.org/details/burton-snowboards-1988 | https://www.vintagewinter.com/collections/vintage-snowboards,,
CATALOG_ONLY,,,,,Burton,Face,burton--face,2002,earliest_sourced,likely,https://boardvault.net/snowboards/year/2002 | https://boardvault.net/snowboards/year/2003 | https://boardvault.net/snowboards/2002/face-2002,,
CATALOG_ONLY,,,,,Burton,Factory Prime,burton--factory-prime,1995,earliest_sourced,verified,https://boardvault.net/snowboards/year/1995 | https://boardvault.net/snowboards/year/1998 | https://boardvault.net/snowboards/year/2001 | https://boardvault.net/snowboards/1995/factory-prime-1995 | https://web.archive.org/web/199610/http://www.burton.com/ | https://web.archive.org/web/199706/http://www.burton.com/,,
CATALOG_ONLY,,,,,Burton,Farm,burton--farm,2009,earliest_sourced,verified,https://boardvault.net/snowboards/year/2009 | https://boardvault.net/snowboards/2009/farm-2009 | https://www.snowdb.com/catalog/burton,,
CATALOG_ONLY,,,,,Burton,Feather,burton--feather,2002,earliest_sourced,verified,https://boardvault.net/snowboards/year/2002 | https://boardvault.net/snowboards/year/2007 | https://boardvault.net/snowboards/year/2013 | https://boardvault.net/snowboards/2002/feather-2002 | https://www.snowdb.com/catalog/burton | https://archive.org/details/burton-hardgoods-2014-d.-d.-teoli-jr.-a.-c. | https://www.snowboard-review.com/snowboard_reviews/c/burton/2018/,,
CATALOG_ONLY,,,,,Burton,Feelgood,burton--feelgood,2000,earliest_sourced,verified,https://boardvault.net/snowboards/year/2000 | https://boardvault.net/snowboards/year/2006 | https://boardvault.net/snowboards/year/2013 | https://boardvault.net/snowboards/2000/feelgood-2000 | https://www.burton.com/en-us/blogs/the-burton-blog/burton-snowboards-history | https://snowboardmag.com/stories/lineage-the-infallible-burton-custom | https://www.snowdb.com/catalog/burton | https://www.snowboard-review.com/snowboard_reviews/c/burton/2021/ | https://blauerboardshop.com/blogs/snowboarding/2025-burton-snowboards-overview | https://www.burton.com/en-us/collections/snowboards,,
CATALOG_ONLY,,,,,Burton,Feelgood Smalls,burton--feelgood-smalls,2009,earliest_sourced,verified,https://boardvault.net/snowboards/year/2009 | https://boardvault.net/snowboards/year/2012 | https://boardvault.net/snowboards/year/2013 | https://boardvault.net/snowboards/2009/feelgood-small-2009 | https://www.snowdb.com/catalog/burton | https://archive.org/details/burton-hardgoods-2014-d.-d.-teoli-jr.-a.-c. | https://www.snowboard-review.com/snowboard_reviews/c/burton/2021/ | https://snowboardingprofiles.com/2023-burton-snowboards-overview,,
CATALOG_ONLY,,,,,Burton,Fiberglass Prototype,burton--fiberglass-prototype,1977,earliest_sourced,likely,https://boardvault.net/snowboards/year/1977 | https://boardvault.net/snowboards/1977/fiberglass-prototype,,
CATALOG_ONLY,,,,,Burton,First Cut,burton--first-cut,2023,introduced,likely,https://snowboardingprofiles.com/2023-burton-snowboards-overview,,
CATALOG_ONLY,,,,,Burton,Fishcuit,burton--fishcuit,2012,introduced,verified,https://boardvault.net/snowboards/year/2013 | https://boardvault.net/snowboards/fishcuit-2013 | https://www.snowdb.com/catalog/burton | https://www.snowboard-review.com/snowboard_reviews/c/burton/2014/,,
CATALOG_ONLY,,,,,Burton,Fix,burton--fix,2009,earliest_sourced,verified,https://boardvault.net/snowboards/year/2009 | https://boardvault.net/snowboards/2009/fix-2009 | https://www.snowdb.com/catalog/burton | https://www.snowboard-review.com/snowboard_reviews/c/burton/2010/,,
CATALOG_ONLY,,,,,Burton,FL Project,burton--fl-project,1998,earliest_sourced,likely,https://boardvault.net/snowboards/year/1998 | https://boardvault.net/snowboards/year/1999 | https://boardvault.net/snowboards/year/2000 | https://boardvault.net/snowboards/1998/fl-project-1998,,
CATALOG_ONLY,,,,,Burton,Floater,burton--floater,1997,earliest_sourced,verified,https://boardvault.net/snowboards/year/1997 | https://boardvault.net/snowboards/year/2000 | https://boardvault.net/snowboards/year/2002 | https://boardvault.net/snowboards/1997/floater-1997 | https://web.archive.org/web/199610/http://www.burton.com/ | https://web.archive.org/web/199706/http://www.burton.com/,,
CATALOG_ONLY,,,,,Burton,Fluid,burton--fluid,1999,earliest_sourced,verified,https://boardvault.net/snowboards/year/1999 | https://boardvault.net/snowboards/year/2000 | https://boardvault.net/snowboards/1999/fluid-1999 | https://snowboarder.com/transworld-snowboarding-archive/snowboarding-photos/snowboard-reviews-1999 | https://snowboarder.com/transworld-snowboarding-archive/snowboarding-gear/snowboard-lifes-top-25-board-test-2000 | https://snowboarder.com/transworld-snowboarding-archive/snowboarding-gear/snowboard-lifes-top-25-board-test-2000-burton-fluid,,
CATALOG_ONLY,,,,,Burton,Flying V,burton--flying-v,2010,introduced,likely,https://www.snowdb.com/catalog/burton,,
CATALOG_ONLY,,,,,Burton,Forager,burton--forager,2023,introduced,likely,https://snowboardingprofiles.com/2023-burton-snowboards-overview,,
CATALOG_ONLY,,,,,Burton,Fortress,burton--fortress,2011,earliest_sourced,verified,https://boardvault.net/snowboards/year/2011 | https://boardvault.net/snowboards/year/2012 | https://boardvault.net/snowboards/2011/fortress-2011 | https://www.snowdb.com/catalog/burton | https://archive.org/details/burton-hardgoods-2014-d.-d.-teoli-jr.-a.-c.,,
CATALOG_ONLY,,,,,Burton,Free,burton--free,1990,earliest_sourced,verified,https://boardvault.net/snowboards/year/1990 | https://boardvault.net/snowboards/1990/free-1990 | https://snowboarding8090.com/boards-1980-1995/ | https://retrosnow.com/product-category/burton/,,
CATALOG_ONLY,,,,,Burton,Free Thinker,burton--free-thinker,2018,introduced,verified,https://www.snowboard-review.com/snowboard_reviews/c/burton/2018/ | https://www.snowboard-review.com/snowboard_reviews/c/burton/2021/ | https://snowboardingprofiles.com/2023-burton-snowboards-overview | https://blauerboardshop.com/blogs/snowboarding/2025-burton-snowboards-overview,,
CATALOG_ONLY,,,,,Burton,Freebird,burton--freebird,2011,earliest_sourced,verified,https://boardvault.net/snowboards/year/2011 | https://boardvault.net/snowboards/year/2012 | https://boardvault.net/snowboards/year/2013 | https://boardvault.net/snowboards/2011/freebird-2011 | https://www.snowdb.com/catalog/burton | https://archive.org/details/burton-hardgoods-2014-d.-d.-teoli-jr.-a.-c. | https://www.snowboard-review.com/snowboard_reviews/c/burton/2014/,,
CATALOG_ONLY,,,,,Burton,Freedom,burton--freedom,1999,earliest_sourced,likely,https://boardvault.net/snowboards/year/1999 | https://boardvault.net/snowboards/1999/freedom-1999,,
CATALOG_ONLY,,,,,Burton,Frontier,burton--frontier,2001,earliest_sourced,likely,https://boardvault.net/snowboards/year/2001 | https://boardvault.net/snowboards/year/2002 | https://boardvault.net/snowboards/2001/frontier-2001,,
CATALOG_ONLY,,,,,Burton,Fusion,burton--fusion,2000,earliest_sourced,likely,https://boardvault.net/snowboards/year/2000 | https://boardvault.net/snowboards/year/2001 | https://boardvault.net/snowboards/2000/fusion-2000,,
CATALOG_ONLY,,,,,Burton,Gate Keeper,burton--gate-keeper,2017,introduced,likely,https://www.snowboard-review.com/snowboard_reviews/c/burton/2017/,,
CATALOG_ONLY,,,,,Burton,Genie,burton--genie,2012,earliest_sourced,verified,https://boardvault.net/snowboards/year/2012 | https://boardvault.net/snowboards/year/2013 | https://boardvault.net/snowboards/genie-2012 | https://www.snowdb.com/catalog/burton | https://archive.org/details/burton-hardgoods-2014-d.-d.-teoli-jr.-a.-c. | https://www.snowboard-review.com/snowboard_reviews/c/burton/2018/,,
CATALOG_ONLY,,,,,Burton,Ginger,burton--ginger,2006,earliest_sourced,verified,https://boardvault.net/snowboards/year/2006 | https://boardvault.net/snowboards/year/2007 | https://boardvault.net/snowboards/year/2008 | https://boardvault.net/snowboards/2006/ginger-2006 | https://www.snowdb.com/catalog/burton,,
CATALOG_ONLY,,,,,Burton,Girls Punch,burton--girls-punch,2004,earliest_sourced,likely,https://boardvault.net/snowboards/year/2004 | https://boardvault.net/snowboards/year/2005 | https://boardvault.net/snowboards/2004/girls-punch-2004,,
CATALOG_ONLY,,,,,Burton,Good Company,burton--good-company,2023,introduced,verified,https://snowboardingprofiles.com/2023-burton-snowboards-overview | https://blauerboardshop.com/blogs/snowboarding/2025-burton-snowboards-overview | https://www.burton.com/en-us/collections/snowboards,,
CATALOG_ONLY,,,,,Burton,Gril Master,burton--gril-master,2024,introduced,verified,https://steepdb.com/b/burton/ | https://blauerboardshop.com/blogs/snowboarding/2025-burton-snowboards-overview,,
CATALOG_ONLY,,,,,Burton,Grom,burton--grom,2023,introduced,verified,https://snowboardingprofiles.com/2023-burton-snowboards-overview | https://steepdb.com/b/burton/ | https://www.burton.com/en-us/collections/snowboards,,
CATALOG_ONLY,,,,,Burton,GTwin,burton--gtwin,2006,earliest_sourced,verified,https://boardvault.net/snowboards/year/2006 | https://boardvault.net/snowboards/year/2008 | https://boardvault.net/snowboards/year/2009 | https://boardvault.net/snowboards/2006/gtwin-2006 | https://www.snowboarder.com/transworld-snowboarding-archive/snowboarding-gear/2006-good-wood-womens-board-test/ | https://www.snowdb.com/catalog/burton,,
CATALOG_ONLY,,,,,Burton,Guru,burton--guru,2010,introduced,likely,https://www.snowdb.com/catalog/burton,,
CATALOG_ONLY,,,,,Burton,Haakon Air,burton--haakon-air,1994,earliest_sourced,verified,https://boardvault.net/snowboards/year/1994 | https://boardvault.net/snowboards/1994/haakon-air-1994 | https://www.burton.com/en-us/blogs/the-burton-blog/burton-snowboards-history | https://snowboarding8090.com/boards-1980-1995/ | https://retrosnow.com/product-category/burton/ | https://www.agnarchy.com/burton-reissues-4-iconic-snowboards-for-2016/,,
CATALOG_ONLY,,,,,Burton,Harvest,burton--harvest,2012,earliest_sourced,likely,https://boardvault.net/snowboards/year/2012 | https://boardvault.net/snowboards/year/2013 | https://boardvault.net/snowboards/restricted-harvest-2012,,
CATALOG_ONLY,,,,,Burton,Hate,burton--hate,2011,earliest_sourced,verified,https://boardvault.net/snowboards/year/2011 | https://boardvault.net/snowboards/year/2012 | https://boardvault.net/snowboards/year/2013 | https://boardvault.net/snowboards/2011/restricted-hate-2011 | https://www.snowdb.com/catalog/burton | https://www.snowboard-review.com/snowboard_reviews/c/burton/2013/,,
CATALOG_ONLY,,,,,Burton,Hero,burton--hero,2009,earliest_sourced,verified,https://boardvault.net/snowboards/year/2009 | https://boardvault.net/snowboards/year/2011 | https://boardvault.net/snowboards/year/2012 | https://boardvault.net/snowboards/2009/hero-2009 | https://www.snowdb.com/catalog/burton | https://www.snowboard-review.com/snowboard_reviews/c/burton/2012/ | https://archive.org/details/burton-hardgoods-2014-d.-d.-teoli-jr.-a.-c.,,
CATALOG_ONLY,,,,,Burton,Hideaway,burton--hideaway,2019,introduced,verified,https://www.snowboard-review.com/snowboard_reviews/c/burton/2019/ | https://www.snowboard-review.com/snowboard_reviews/c/burton/2021/ | https://snowboardingprofiles.com/2023-burton-snowboards-overview | https://blauerboardshop.com/blogs/snowboarding/2025-burton-snowboards-overview,,
CATALOG_ONLY,,,,,Burton,High Fidelity,burton--high-fidelity,2025,introduced,likely,https://blauerboardshop.com/blogs/snowboarding/2025-burton-snowboards-overview,,
CATALOG_ONLY,,,,,Burton,High Spirits,burton--high-spirits,2016,introduced,verified,https://www.snowboard-review.com/snowboard_reviews/c/burton/2016/ | https://www.snowboard-review.com/snowboard_reviews/c/burton/2017/,,
CATALOG_ONLY,,,,,Burton,Hometown Hero,burton--hometown-hero,2020,introduced,verified,https://www.snowboard-review.com/snowboard_reviews/c/burton/2020/ | https://www.snowboard-review.com/snowboard_reviews/c/burton/2021/ | https://snowboardingprofiles.com/2023-burton-snowboards-overview | https://blauerboardshop.com/blogs/snowboarding/2025-burton-snowboards-overview | https://www.burton.com/en-us/collections/snowboards,,
CATALOG_ONLY,,,,,Burton,Honcho,burton--honcho,2012,earliest_sourced,verified,https://boardvault.net/snowboards/year/2012 | https://boardvault.net/snowboards/year/2013 | https://boardvault.net/snowboards/honcho-2012 | https://www.snowdb.com/catalog/burton | https://archive.org/details/burton-hardgoods-2014-d.-d.-teoli-jr.-a.-c.,,
CATALOG_ONLY,,,,,Burton,Idiom Select,burton--idiom-select,2008,earliest_sourced,verified,https://boardvault.net/snowboards/year/2008 | https://boardvault.net/snowboards/year/2009 | https://boardvault.net/snowboards/2008/idiom-select-2008 | https://www.snowdb.com/catalog/burton,,
CATALOG_ONLY,,,,,Burton,Iguchi,burton--iguchi,1995,earliest_sourced,verified,https://boardvault.net/snowboards/year/1995 | https://boardvault.net/snowboards/year/1996 | https://boardvault.net/snowboards/1995/iguchi-1995 | https://snowboarding8090.com/boards-1980-1995/,,
CATALOG_ONLY,,,,,Burton,Indie,burton--indie,2003,earliest_sourced,likely,https://boardvault.net/snowboards/year/2003 | https://boardvault.net/snowboards/year/2004 | https://boardvault.net/snowboards/2003/indie-2003,,
CATALOG_ONLY,,,,,Burton,Instigator,burton--instigator,2018,introduced,verified,https://www.snowboard-review.com/snowboard_reviews/c/burton/2018/ | https://www.snowboard-review.com/snowboard_reviews/c/burton/2021/ | https://snowboardingprofiles.com/2023-burton-snowboards-overview | https://blauerboardshop.com/blogs/snowboarding/2025-burton-snowboards-overview,,
CATALOG_ONLY,,,,,Burton,Jeremy Jones,burton--jeremy-jones,2004,earliest_sourced,verified,https://boardvault.net/snowboards/year/2004 | https://boardvault.net/snowboards/year/2007 | https://boardvault.net/snowboards/year/2011 | https://boardvault.net/snowboards/2004/jeremy-jones-2004 | https://www.burton.com/en-us/blogs/the-burton-blog/burton-innovation | https://www.michigansnowboardmuseum.com/burton---firsts--unique-decks.html | https://www.snowdb.com/catalog/burton | https://www.snowboard-review.com/snowboard_reviews/c/burton/2011/,,
CATALOG_ONLY,,,,,Burton,Johan,burton--johan,1999,earliest_sourced,likely,https://boardvault.net/snowboards/year/1999 | https://boardvault.net/snowboards/year/2000 | https://boardvault.net/snowboards/year/2004 | https://boardvault.net/snowboards/1999/johan-1999,,
CATALOG_ONLY,,,,,Burton,Joystick,burton--joystick,2010,introduced,verified,https://boardvault.net/snowboards/year/2011 | https://boardvault.net/snowboards/year/2012 | https://boardvault.net/snowboards/year/2013 | https://boardvault.net/snowboards/2011/joystick-2011 | https://www.snowdb.com/catalog/burton | https://archive.org/details/burton-hardgoods-2014-d.-d.-teoli-jr.-a.-c. | https://www.snowboard-review.com/snowboard_reviews/c/burton/2014/,,
CATALOG_ONLY,,,,,Burton,Juice Wagon,burton--juice-wagon,2013,earliest_sourced,verified,https://boardvault.net/snowboards/year/2013 | https://boardvault.net/snowboards/family-tree-juice-wagon-2013 | https://www.snowboard-review.com/snowboard_reviews/c/burton/2013/ | https://www.snowboard-review.com/snowboard_reviews/c/burton/2014/ | https://www.burton.com/en-us/blogs/the-burton-blog/burton-archives-team-rider-favorites,,
CATALOG_ONLY,,,,,Burton,Jussi,burton--jussi,2001,earliest_sourced,verified,https://boardvault.net/snowboards/year/2001 | https://boardvault.net/snowboards/year/2006 | https://boardvault.net/snowboards/year/2010 | https://boardvault.net/snowboards/2001/jussi-2001 | https://www.snowdb.com/catalog/burton,,
CATALOG_ONLY,,,,,Burton,Kelly Air,burton--kelly-air,1990,introduced,verified,https://boardvault.net/snowboards/year/1991 | https://boardvault.net/snowboards/year/1993 | https://boardvault.net/snowboards/year/1995 | https://boardvault.net/snowboards/1991/kelly-air-1991 | https://www.michigansnowboardmuseum.com/burton---early-years-to-the-modern-twin.html | https://retrosnow.com/product-category/burton/ | https://snowboarding8090.com/boards-1980-1995/ | https://archive.org/details/burton-1993-catalog-advanced-snowboard-science | https://www.burton.com/en-us/blogs/the-burton-blog/iconic-burton-snowboards | https://www.agnarchy.com/burton-reissues-4-iconic-snowboards-for-2016/,,
CATALOG_ONLY,,,,,Burton,Kelly Slopestyle,burton--kelly-slopestyle,1993,earliest_sourced,verified,https://boardvault.net/snowboards/year/1993 | https://boardvault.net/snowboards/year/1994 | https://boardvault.net/snowboards/1993/kelly-slopestyle-1993 | https://archive.org/details/burton-1993-catalog-advanced-snowboard-science,,
CATALOG_ONLY,,,,,Burton,Kid Robot Custom,burton--kid-robot-custom,2008,earliest_sourced,verified,https://boardvault.net/snowboards/year/2008 | https://boardvault.net/snowboards/2008/kid-robot-2008 | https://www.snowdb.com/catalog/burton,,
CATALOG_ONLY,,,,,Burton,Kilroy,burton--kilroy,2018,introduced,verified,https://www.snowboard-review.com/snowboard_reviews/c/burton/2018/ | https://www.snowboard-review.com/snowboard_reviews/c/burton/2021/,,
CATALOG_ONLY,,,,,Burton,King,burton--king,2007,earliest_sourced,verified,https://boardvault.net/snowboards/year/2007 | https://boardvault.net/snowboards/year/2008 | https://boardvault.net/snowboards/2007/king-2007 | https://www.snowdb.com/catalog/burton,,
CATALOG_ONLY,,,,,Burton,Kiss Series 13,burton--kiss-series-13,2006,introduced,verified,https://www.burton.com/blogs/the-burton-blog/what-are-burtons-rarest-snowboards/,,
CATALOG_ONLY,,,,,Burton,Landlord,burton--landlord,2014,introduced,verified,https://www.snowboard-review.com/snowboard_reviews/c/burton/2014/ | https://www.saltypeaks.com/2015-burton-snowboards-buyers-guide/ | https://www.snowboard-review.com/snowboard_reviews/c/burton/2016/ | https://www.snowboard-review.com/snowboard_reviews/c/burton/2017/,,
CATALOG_ONLY,,,,,Burton,Leader Board,burton--leader-board,2020,introduced,likely,https://www.snowboard-review.com/snowboard_reviews/c/burton/2020/,,
CATALOG_ONLY,,,,,Burton,Lip-Stick,burton--lip-stick,2009,earliest_sourced,verified,https://boardvault.net/snowboards/year/2009 | https://boardvault.net/snowboards/year/2012 | https://boardvault.net/snowboards/year/2013 | https://boardvault.net/snowboards/2009/lip-stick-2009 | https://www.snowdb.com/catalog/burton | https://archive.org/details/burton-hardgoods-2014-d.-d.-teoli-jr.-a.-c. | https://www.snowboard-review.com/snowboard_reviews/c/burton/2018/,,
CATALOG_ONLY,,,,,Burton,Love,burton--love,2008,earliest_sourced,verified,https://boardvault.net/snowboards/year/2008 | https://boardvault.net/snowboards/year/2010 | https://boardvault.net/snowboards/year/2011 | https://boardvault.net/snowboards/2008/love-2008 | https://en.wikipedia.org/wiki/Burton_Snowboards | https://www.snowdb.com/catalog/burton | https://www.snowboard-review.com/snowboard_reviews/c/burton/2011/,,
CATALOG_ONLY,,,,,Burton,LTR,burton--ltr,2001,earliest_sourced,likely,https://boardvault.net/snowboards/year/2001 | https://boardvault.net/snowboards/year/2002 | https://boardvault.net/snowboards/year/2009 | https://boardvault.net/snowboards/2001/ltr-2001,,
CATALOG_ONLY,,,,,Burton,Lux,burton--lux,2007,earliest_sourced,verified,https://boardvault.net/snowboards/year/2007 | https://boardvault.net/snowboards/year/2011 | https://boardvault.net/snowboards/year/2013 | https://boardvault.net/snowboards/2007/lux-2007 | https://www.snowdb.com/catalog/burton | https://archive.org/details/burton-hardgoods-2014-d.-d.-teoli-jr.-a.-c.,,
CATALOG_ONLY,,,,,Burton,Lyric,burton--lyric,2014,introduced,likely,https://www.snowboard-review.com/snowboard_reviews/c/burton/2014/,,
CATALOG_ONLY,,,,,Burton,M Series,burton--m-series,1991,earliest_sourced,verified,https://boardvault.net/snowboards/year/1991 | https://boardvault.net/snowboards/year/1993 | https://boardvault.net/snowboards/year/1994 | https://boardvault.net/snowboards/1991/m-series-1991 | https://www.michigansnowboardmuseum.com/burton---early-years-to-the-modern-twin.html | https://www.vintagewinter.com/blogs/blog/4555102-vintage-burton-snowboards | https://archive.org/details/burton-1993-catalog-advanced-snowboard-science,,
CATALOG_ONLY,,,,,Burton,Malolo,burton--malolo,2005,earliest_sourced,verified,https://boardvault.net/snowboards/year/2005 | https://boardvault.net/snowboards/year/2008 | https://boardvault.net/snowboards/year/2011 | https://boardvault.net/snowboards/2005/malolo-2005 | https://www.evo.com/products/13552-burton-malolo-snowboard-2007 | https://www.snowdb.com/catalog/burton | https://www.snowboard-review.com/snowboard_reviews/c/burton/2011/ | https://www.snowboard-review.com/snowboard_reviews/c/burton/2018/,,
CATALOG_ONLY,,,,,Burton,Married To The Mob,burton--married-to-the-mob,2011,earliest_sourced,verified,https://boardvault.net/snowboards/year/2011 | https://boardvault.net/snowboards/2011/married-mob-2011 | https://www.snowdb.com/catalog/burton,,
CATALOG_ONLY,,,,,Burton,Mayhem,burton--mayhem,2009,earliest_sourced,verified,https://boardvault.net/snowboards/year/2009 | https://boardvault.net/snowboards/2009/mayhem-2009 | https://www.snowdb.com/catalog/burton,,
CATALOG_ONLY,,,,,Burton,Method,burton--method,2010,introduced,verified,https://boardvault.net/snowboards/year/2011 | https://boardvault.net/snowboards/year/2012 | https://boardvault.net/snowboards/2011/method-2011 | https://www.snowboard-review.com/snowboard_reviews/c/burton/2010/ | https://www.snowdb.com/catalog/burton | https://archive.org/details/burton-hardgoods-2014-d.-d.-teoli-jr.-a.-c.,,
CATALOG_ONLY,,,,,Burton,Michi Albin Burtin,burton--michi-albin-burtin,2002,earliest_sourced,verified,https://boardvault.net/snowboards/year/2002 | https://boardvault.net/snowboards/2002/michi-2002 | https://www.burton.com/en-us/blogs/the-burton-blog/iconic-burton-snowboards | https://blauerboardshop.com/blogs/snowboarding/2025-burton-snowboards-overview,,
CATALOG_ONLY,,,,,Burton,Micro Air,burton--micro-air,1990,earliest_sourced,likely,https://boardvault.net/snowboards/year/1990 | https://boardvault.net/snowboards/1990/micro-air-1990,,
CATALOG_ONLY,,,,,Burton,Micro Deck,burton--micro-deck,1996,earliest_sourced,likely,https://boardvault.net/snowboards/year/1996 | https://boardvault.net/snowboards/1996/micro-deck-1996,,
CATALOG_ONLY,,,,,Burton,Micro White,burton--micro-white,2005,earliest_sourced,likely,https://boardvault.net/snowboards/year/2005 | https://boardvault.net/snowboards/2005/micro-white-2005,,
CATALOG_ONLY,,,,,Burton,MINE77 Ringleader,burton--mine77-ringleader,2024,introduced,likely,https://steepdb.com/b/burton/,,
CATALOG_ONLY,,,,,Burton,Mini Grom,burton--mini-grom,2023,introduced,verified,https://snowboardingprofiles.com/2023-burton-snowboards-overview | https://steepdb.com/b/burton/ | https://www.burton.com/en-us/collections/snowboards,,
CATALOG_ONLY,,,,,Burton,Modified Fish,burton--modified-fish,2016,introduced,verified,https://www.snowboard-review.com/snowboard_reviews/c/burton/2016/ | https://www.snowboard-review.com/snowboard_reviews/c/burton/2017/,,
CATALOG_ONLY,,,,,Burton,Monkey Wrench,burton--monkey-wrench,2012,earliest_sourced,verified,https://boardvault.net/snowboards/year/2012 | https://boardvault.net/snowboards/restricted-monkeywrench-2012 | https://www.snowdb.com/catalog/burton,,
CATALOG_ONLY,,,,,Burton,Moon Buggy,burton--moon-buggy,2020,introduced,likely,https://www.snowboard-review.com/snowboard_reviews/c/burton/2020/,,
CATALOG_ONLY,,,,,Burton,Motion,burton--motion,1998,earliest_sourced,likely,https://boardvault.net/snowboards/year/1998 | https://boardvault.net/snowboards/year/2000 | https://boardvault.net/snowboards/year/2002 | https://boardvault.net/snowboards/1998/motion-1998,,
CATALOG_ONLY,,,,,Burton,Mr. Nice Guy,burton--mr-nice-guy,2012,earliest_sourced,verified,https://boardvault.net/snowboards/year/2012 | https://boardvault.net/snowboards/year/2013 | https://boardvault.net/snowboards/restricted-mr-nice-guy-2012 | https://en.wikipedia.org/wiki/Burton_Snowboards | https://www.snowdb.com/catalog/burton | https://www.snowboard-review.com/snowboard_reviews/c/burton/2013/,,
CATALOG_ONLY,,,,,Burton,Mystery,burton--mystery,2009,introduced,verified,https://boardvault.net/snowboards/year/2012 | https://boardvault.net/snowboards/year/2013 | https://boardvault.net/snowboards/mystery-2012 | https://www.snowboard-review.com/snowboard_reviews/c/burton/2009/,,
CATALOG_ONLY,,,,,Burton,Mystery Air,burton--mystery-air,1989,earliest_sourced,verified,https://boardvault.net/snowboards/year/1989 | https://boardvault.net/snowboards/year/1990 | https://boardvault.net/snowboards/1989/mystery-1989 | https://www.michigansnowboardmuseum.com/burton---early-years-to-the-modern-twin.html | https://retrosnow.com/product-category/burton/ | https://www.burton.com/blogs/the-burton-blog/what-are-burtons-rarest-snowboards/ | https://www.burton.com/en-us/blogs/the-burton-blog/burton-snowboards-history | https://snowboarding8090.com/boards-1980-1995/ | https://www.vintagewinter.com/blogs/blog/4555102-vintage-burton-snowboards,,
CATALOG_ONLY,,,,,Burton,Mystery Fish,burton--mystery-fish,2019,introduced,likely,https://www.snowboard-review.com/snowboard_reviews/c/burton/2019/,,
CATALOG_ONLY,,,,,Burton,Mystery Flying V,burton--mystery-flying-v,2014,introduced,likely,https://www.snowboard-review.com/snowboard_reviews/c/burton/2014/,,
CATALOG_ONLY,,,,,Burton,Name Dropper,burton--name-dropper,2017,introduced,verified,https://www.snowboard-review.com/snowboard_reviews/c/burton/2017/ | https://www.snowboard-review.com/snowboard_reviews/c/burton/2021/ | https://snowboardingprofiles.com/2023-burton-snowboards-overview,,
CATALOG_ONLY,,,,,Burton,Nicola,burton--nicola,2002,earliest_sourced,likely,https://boardvault.net/snowboards/year/2002 | https://boardvault.net/snowboards/year/2003 | https://boardvault.net/snowboards/2002/nicola-2002,,
CATALOG_ONLY,,,,,Burton,No Fish,burton--no-fish,2009,earliest_sourced,likely,https://boardvault.net/snowboards/year/2009 | https://boardvault.net/snowboards/2009/no-fish-2009,,
CATALOG_ONLY,,,,,Burton,NU,burton--nu,2001,earliest_sourced,likely,https://boardvault.net/snowboards/year/2001 | https://boardvault.net/snowboards/2001/nu-2001,,
CATALOG_ONLY,,,,,Burton,Nug,burton--nug,2011,earliest_sourced,verified,https://boardvault.net/snowboards/year/2011 | https://boardvault.net/snowboards/year/2012 | https://boardvault.net/snowboards/year/2013 | https://boardvault.net/snowboards/2011/nug-2011 | https://www.burton.com/en-us/blogs/the-burton-blog/iconic-burton-snowboards | https://www.snowdb.com/catalog/burton | https://www.snowboard-review.com/snowboard_reviews/c/burton/2013/ | https://www.snowboard-review.com/snowboard_reviews/c/burton/2016/ | https://steepdb.com/b/burton/,,
CATALOG_ONLY,,,,,Burton,Nugget,burton--nugget,2012,earliest_sourced,verified,https://boardvault.net/snowboards/year/2012 | https://boardvault.net/snowboards/year/2013 | https://boardvault.net/snowboards/restricted-nugget-2012 | https://www.snowdb.com/catalog/burton | https://www.snowboard-review.com/snowboard_reviews/c/burton/2013/ | https://www.snowboard-review.com/snowboard_reviews/c/burton/2014/ | https://www.snowboard-review.com/snowboard_reviews/c/burton/2016/,,
CATALOG_ONLY,,,,,Burton,Omen,burton--omen,2003,earliest_sourced,likely,https://boardvault.net/snowboards/year/2003 | https://boardvault.net/snowboards/year/2004 | https://boardvault.net/snowboards/2003/omen-2003,,
CATALOG_ONLY,,,,,Burton,One Hitter,burton--one-hitter,2020,introduced,likely,https://www.snowboard-review.com/snowboard_reviews/c/burton/2020/,,
CATALOG_ONLY,,,,,Burton,Operator,burton--operator,2009,earliest_sourced,verified,https://boardvault.net/snowboards/year/2009 | https://boardvault.net/snowboards/2009/operator-wide-2009 | https://www.snowdb.com/catalog/burton | https://www.snowboard-review.com/snowboard_reviews/c/burton/2010/,,
CATALOG_ONLY,,,,,Burton,Ouija,burton--ouija,1994,introduced,verified,https://retrosnow.com/product-category/burton/ | https://www.michigansnowboardmuseum.com/burton---early-years-to-the-modern-twin.html | https://www.burton.com/en-us/blogs/the-burton-blog/burton-snowboards-history | https://www.michigansnowboardmuseum.com/burton---firsts--unique-decks.html,,
CATALOG_ONLY,,,,,Burton,Panhandler,burton--panhandler,2018,introduced,likely,https://www.snowboard-review.com/snowboard_reviews/c/burton/2018/,,
CATALOG_ONLY,,,,,Burton,Paramount,burton--paramount,2019,introduced,verified,https://www.snowboard-review.com/snowboard_reviews/c/burton/2019/ | https://www.snowboard-review.com/snowboard_reviews/c/burton/2021/,,
CATALOG_ONLY,,,,,Burton,Parkitect,burton--parkitect,2013,earliest_sourced,verified,https://boardvault.net/snowboards/year/2013 | https://boardvault.net/snowboards/restricted-parkitect-2013 | https://www.snowboard-review.com/snowboard_reviews/c/burton/2013/ | https://www.snowboard-review.com/snowboard_reviews/c/burton/2016/ | https://www.snowboard-review.com/snowboard_reviews/c/burton/2017/,,
CATALOG_ONLY,,,,,Burton,Performer,burton--performer,1983,earliest_sourced,verified,https://boardvault.net/snowboards/year/1983 | https://boardvault.net/snowboards/year/1985 | https://boardvault.net/snowboards/year/1986 | https://boardvault.net/snowboards/1983/performer-1983 | https://retrosnow.com/product-category/burton/ | https://www.michigansnowboardmuseum.com/burton---early-years-to-the-modern-twin.html | https://snowboarding8090.com/boards-1980-1995/ | https://www.burton.com/en-us/blogs/the-burton-blog/burton-innovation | https://www.burton.com/en-us/blogs/the-burton-blog/burton-snowboards-history | https://www.vintagewinter.com/blogs/blog/4555102-vintage-burton-snowboards,,
CATALOG_ONLY,,,,,Burton,Performer Competition,burton--performer-competition,1984,earliest_sourced,likely,https://boardvault.net/snowboards/year/1984 | https://boardvault.net/snowboards/1984/performer-competition-1984,,
CATALOG_ONLY,,,,,Burton,Performer Elite,burton--performer-elite,1985,earliest_sourced,verified,https://boardvault.net/snowboards/year/1985 | https://boardvault.net/snowboards/year/1986 | https://boardvault.net/snowboards/1985/performer-elite-1985 | https://retrosnow.com/product-category/burton/ | https://www.vintagewinter.com/blogs/blog/4555102-vintage-burton-snowboards | https://www.vintagewinter.com/collections/vintage-snowboards,,
CATALOG_ONLY,,,,,Burton,Philosopher,burton--philosopher,2016,introduced,verified,https://www.burton.com/blogs/the-burton-blog/what-are-burtons-rarest-snowboards/,,
CATALOG_ONLY,,,,,Burton,Pipe,burton--pipe,1997,earliest_sourced,likely,https://boardvault.net/snowboards/year/1997 | https://boardvault.net/snowboards/pipe,,
CATALOG_ONLY,,,,,Burton,PJ,burton--pj,1992,earliest_sourced,verified,https://boardvault.net/snowboards/year/1992 | https://boardvault.net/snowboards/year/1993 | https://boardvault.net/snowboards/year/1994 | https://boardvault.net/snowboards/1992/pj-1992 | https://archive.org/details/burton-1993-catalog-advanced-snowboard-science,,
CATALOG_ONLY,,,,,Burton,Playboy,burton--playboy,2003,introduced,verified,https://boardvault.net/snowboards/year/2004 | https://boardvault.net/snowboards/2004/playboy-2004 | https://www.burton.com/blogs/the-burton-blog/what-are-burtons-rarest-snowboards/,,
CATALOG_ONLY,,,,,Burton,Pow Wrench,burton--pow-wrench,2021,introduced,verified,https://www.snowboard-review.com/snowboard_reviews/c/burton/2021/ | https://snowboardingprofiles.com/2023-burton-snowboards-overview | https://steepdb.com/b/burton/,,
CATALOG_ONLY,,,,,Burton,Powder Gun,burton--powder-gun,1983,earliest_sourced,verified,https://boardvault.net/snowboards/year/1983 | https://boardvault.net/snowboards/1983/powdergun-1983 | https://www.vintagewinter.com/blogs/blog/4555102-vintage-burton-snowboards | https://snowboarding8090.com/boards-1980-1995/,,
CATALOG_ONLY,,,,,Burton,Power Wagon,burton--power-wagon,2024,introduced,likely,https://steepdb.com/b/burton/,,
CATALOG_ONLY,,,,,Burton,Powers,burton--powers,2001,earliest_sourced,likely,https://boardvault.net/snowboards/year/2001 | https://boardvault.net/snowboards/year/2004 | https://boardvault.net/snowboards/year/2007 | https://boardvault.net/snowboards/2001/powers-2001,,
CATALOG_ONLY,,,,,Burton,Primo,burton--primo,2009,earliest_sourced,verified,https://boardvault.net/snowboards/year/2009 | https://boardvault.net/snowboards/2009/primo-2009 | https://www.snowdb.com/catalog/burton,,
CATALOG_ONLY,,,,,Burton,Pro Deck,burton--pro-deck,1997,earliest_sourced,likely,https://boardvault.net/snowboards/year/1997 | https://boardvault.net/snowboards/year/1998 | https://boardvault.net/snowboards/1997/pro-decks-1997,,
CATALOG_ONLY,,,,,Burton,Process Smalls,burton--process-smalls,2019,introduced,verified,https://www.snowboard-review.com/snowboard_reviews/c/burton/2019/ | https://www.snowboard-review.com/snowboard_reviews/c/burton/2021/ | https://snowboardingprofiles.com/2023-burton-snowboards-overview,,
CATALOG_ONLY,,,,,Burton,ProTest,burton--protest,2013,earliest_sourced,verified,https://boardvault.net/snowboards/year/2013 | https://boardvault.net/snowboards/protest-2013 | https://www.snowboard-review.com/snowboard_reviews/c/burton/2014/,,
CATALOG_ONLY,,,,,Burton,Prototype,burton--prototype,1978,earliest_sourced,likely,https://boardvault.net/snowboards/year/1978 | https://boardvault.net/snowboards/1978/prototype,,
CATALOG_ONLY,,,,,Burton,Punch,burton--punch,1999,earliest_sourced,verified,https://boardvault.net/snowboards/year/1999 | https://boardvault.net/snowboards/year/2004 | https://boardvault.net/snowboards/year/2008 | https://boardvault.net/snowboards/1999/punch-1999 | https://www.snowdb.com/catalog/burton,,
CATALOG_ONLY,,,,,Burton,Ration,burton--ration,2011,earliest_sourced,verified,https://boardvault.net/snowboards/year/2011 | https://boardvault.net/snowboards/year/2012 | https://boardvault.net/snowboards/year/2013 | https://boardvault.net/snowboards/2011/restricted-ration-2011 | https://www.snowdb.com/catalog/burton | https://www.snowboard-review.com/snowboard_reviews/c/burton/2011/,,
CATALOG_ONLY,,,,,Burton,Raven,burton--raven,2005,earliest_sourced,likely,https://boardvault.net/snowboards/year/2005 | https://boardvault.net/snowboards/year/2006 | https://boardvault.net/snowboards/2005/raven-2005,,
CATALOG_ONLY,,,,,Burton,Rental Twin,burton--rental-twin,1992,introduced,likely,https://www.michigansnowboardmuseum.com/burton---firsts--unique-decks.html,,
CATALOG_ONLY,,,,,Burton,Republik,burton--republik,2003,earliest_sourced,likely,https://boardvault.net/snowboards/year/2003 | https://boardvault.net/snowboards/2003/republik-2003,,
CATALOG_ONLY,,,,,Burton,Retro Twin,burton--retro-twin,2006,earliest_sourced,likely,https://boardvault.net/snowboards/year/2006 | https://boardvault.net/snowboards/2006/retro-twin-2006,,
CATALOG_ONLY,,,,,Burton,Rewind,burton--rewind,2018,introduced,verified,https://www.snowboard-review.com/snowboard_reviews/c/burton/2018/ | https://www.snowboard-review.com/snowboard_reviews/c/burton/2021/ | https://snowboardingprofiles.com/2023-burton-snowboards-overview | https://blauerboardshop.com/blogs/snowboarding/2025-burton-snowboards-overview | https://www.burton.com/en-us/collections/snowboards,,
CATALOG_ONLY,,,,,Burton,Riglet,burton--riglet,2014,introduced,verified,https://www.snowboard-review.com/snowboard_reviews/c/burton/2014/ | https://www.snowboard-review.com/snowboard_reviews/c/burton/2021/ | https://steepdb.com/b/burton/,,
CATALOG_ONLY,,,,,Burton,Ripcord,burton--ripcord,2014,introduced,verified,https://www.snowboard-review.com/snowboard_reviews/c/burton/2014/ | https://www.snowboard-review.com/snowboard_reviews/c/burton/2021/ | https://snowboardingprofiles.com/2023-burton-snowboards-overview | https://blauerboardshop.com/blogs/snowboarding/2025-burton-snowboards-overview,,
CATALOG_ONLY,,,,,Burton,Rippey,burton--rippey,1996,earliest_sourced,likely,https://boardvault.net/snowboards/year/1996 | https://boardvault.net/snowboards/year/2000 | https://boardvault.net/snowboards/year/2002 | https://boardvault.net/snowboards/1996/rippey-1996,,
CATALOG_ONLY,,,,,Burton,Road Soda,burton--road-soda,2011,earliest_sourced,verified,https://boardvault.net/snowboards/year/2011 | https://boardvault.net/snowboards/2011/meateaters-road-soda-2011 | https://www.snowdb.com/catalog/burton | https://www.snowboard-review.com/snowboard_reviews/c/burton/2011/,,
CATALOG_ONLY,,,,,Burton,Role Model,burton--role-model,2019,introduced,verified,https://www.snowboard-review.com/snowboard_reviews/c/burton/2019/ | https://www.snowboard-review.com/snowboard_reviews/c/burton/2020/,,
CATALOG_ONLY,,,,,Burton,Root,burton--root,2013,earliest_sourced,likely,https://boardvault.net/snowboards/year/2013 | https://boardvault.net/snowboards/root-2013,,
CATALOG_ONLY,,,,,Burton,Royale,burton--royale,2006,earliest_sourced,verified,https://boardvault.net/snowboards/year/2006 | https://boardvault.net/snowboards/year/2007 | https://boardvault.net/snowboards/year/2008 | https://boardvault.net/snowboards/2006/royale-2006 | https://www.snowdb.com/catalog/burton,,
CATALOG_ONLY,,,,,Burton,Rush,burton--rush,2001,earliest_sourced,likely,https://boardvault.net/snowboards/year/2001 | https://boardvault.net/snowboards/2001/rush-2001,,
CATALOG_ONLY,,,,,Burton,S-Series,burton--s-series,2001,introduced,verified,https://boardvault.net/snowboards/year/2002 | https://boardvault.net/snowboards/year/2006 | https://boardvault.net/snowboards/year/2009 | https://boardvault.net/snowboards/2002/s-series-2002 | https://www.burton.com/en-us/blogs/the-burton-blog/burton-snowboards-history | https://www.michigansnowboardmuseum.com/burton---firsts--unique-decks.html | https://www.snowdb.com/catalog/burton,,
CATALOG_ONLY,,,,,Burton,Safari,burton--safari,1988,earliest_sourced,verified,https://boardvault.net/snowboards/year/1988 | https://boardvault.net/snowboards/year/1989 | https://boardvault.net/snowboards/1988/safari-1988 | https://www.michigansnowboardmuseum.com/burton---early-years-to-the-modern-twin.html | https://www.vintagewinter.com/blogs/blog/4555102-vintage-burton-snowboards | https://snowboarding8090.com/boards-1980-1995/ | https://retrosnow.com/product-category/burton/,,
CATALOG_ONLY,,,,,Burton,Safari Comp,burton--safari-comp,1989,introduced,verified,https://retrosnow.com/product-category/burton/ | https://snowboarding8090.com/boards-1980-1995/,,
CATALOG_ONLY,,,,,Burton,Se7en,burton--se7en,2000,earliest_sourced,verified,https://boardvault.net/snowboards/year/2000 | https://boardvault.net/snowboards/year/2005 | https://boardvault.net/snowboards/year/2010 | https://boardvault.net/snowboards/2000/seven-2000 | https://www.burton.com/en-us/blogs/the-burton-blog/burton-archives-team-rider-favorites | https://snowboarder.com/transworld-snowboarding-archive/snowboarding-gear/2003-mens-board-reviews | https://www.snowdb.com/catalog/burton | https://www.snowboard-review.com/snowboard_reviews/c/burton/2010/,,
CATALOG_ONLY,,,,,Burton,Sensation,burton--sensation,2004,earliest_sourced,likely,https://boardvault.net/snowboards/year/2004 | https://boardvault.net/snowboards/2004/sensation-2004,,
CATALOG_ONLY,,,,,Burton,Sensei,burton--sensei,2021,introduced,likely,https://www.snowboard-review.com/snowboard_reviews/c/burton/2021/,,
CATALOG_ONLY,,,,,Burton,Shaun White / TWC Pro,burton--shaun-white-twc-pro,2003,earliest_sourced,verified,https://boardvault.net/snowboards/year/2003 | https://boardvault.net/snowboards/year/2007 | https://boardvault.net/snowboards/year/2013 | https://boardvault.net/snowboards/2003/shaun-2003 | https://www.snowdb.com/catalog/burton | https://www.snowboard-review.com/snowboard_reviews/c/burton/2009/ | https://www.snowboard-review.com/snowboard_reviews/c/burton/2011/ | https://archive.org/details/burton-hardgoods-2014-d.-d.-teoli-jr.-a.-c. | https://www.snowboard-review.com/snowboard_reviews/c/burton/2017/,,
CATALOG_ONLY,,,,,Burton,Shaun White Youth,burton--shaun-white-youth,2007,earliest_sourced,likely,https://boardvault.net/snowboards/year/2007 | https://boardvault.net/snowboards/year/2008 | https://boardvault.net/snowboards/2007/white-collection-youth-2007,,
CATALOG_ONLY,,,,,Burton,Sherlock,burton--sherlock,2011,earliest_sourced,verified,https://boardvault.net/snowboards/year/2011 | https://boardvault.net/snowboards/year/2012 | https://boardvault.net/snowboards/year/2013 | https://boardvault.net/snowboards/2011/sherlock-2011 | https://www.snowdb.com/catalog/burton | https://www.snowboard-review.com/snowboard_reviews/c/burton/2011/ | https://archive.org/details/burton-hardgoods-2014-d.-d.-teoli-jr.-a.-c. | https://www.snowboard-review.com/snowboard_reviews/c/burton/2014/,,
CATALOG_ONLY,,,,,Burton,Short Stop,burton--short-stop,2024,introduced,likely,https://steepdb.com/b/burton/,,
CATALOG_ONLY,,,,,Burton,Show Stopper,burton--show-stopper,2022,introduced,likely,https://www.burton.com/blogs/the-burton-blog/what-are-burtons-rarest-snowboards/,,
CATALOG_ONLY,,,,,Burton,Skeleton Key,burton--skeleton-key,2017,introduced,verified,https://www.snowboard-review.com/snowboard_reviews/c/burton/2017/ | https://www.snowboard-review.com/snowboard_reviews/c/burton/2021/ | https://snowboardingprofiles.com/2023-burton-snowboards-overview,,
CATALOG_ONLY,,,,,Burton,Sketch Artist,burton--sketch-artist,2025,introduced,verified,https://thegoodride.com/snowboard-reviews/?brand=burton | https://www.burton.com/en-us/collections/snowboards,,
CATALOG_ONLY,,,,,Burton,Skipjack,burton--skipjack,2016,introduced,verified,https://www.snowboard-review.com/snowboard_reviews/c/burton/2016/ | https://www.snowboard-review.com/snowboard_reviews/c/burton/2017/ | https://www.snowboard-review.com/snowboard_reviews/c/burton/2018/,,
CATALOG_ONLY,,,,,Burton,Slash,burton--slash,2004,earliest_sourced,likely,https://boardvault.net/snowboards/year/2004 | https://boardvault.net/snowboards/2004/slash-2004,,
CATALOG_ONLY,,,,,Burton,Slush Puppy,burton--slush-puppy,2024,introduced,likely,https://steepdb.com/b/burton/,,
CATALOG_ONLY,,,,,Burton,Smooth Operator,burton--smooth-operator,,unknown,likely,https://www.burton.com/en-us/collections/snowboards,,
CATALOG_ONLY,,,,,Burton,Social,burton--social,2010,introduced,verified,https://boardvault.net/snowboards/year/2011 | https://boardvault.net/snowboards/year/2012 | https://boardvault.net/snowboards/year/2013 | https://boardvault.net/snowboards/2011/social-2011 | https://www.snowdb.com/catalog/burton | https://archive.org/details/burton-hardgoods-2014-d.-d.-teoli-jr.-a.-c. | https://www.snowboard-review.com/snowboard_reviews/c/burton/2016/,,
CATALOG_ONLY,,,,,Burton,Socialite,burton--socialite,2016,introduced,verified,https://www.snowboard-review.com/snowboard_reviews/c/burton/2016/ | https://www.snowboard-review.com/snowboard_reviews/c/burton/2017/ | https://www.snowboard-review.com/snowboard_reviews/c/burton/2018/,,
CATALOG_ONLY,,,,,Burton,Special,burton--special,1998,earliest_sourced,likely,https://boardvault.net/snowboards/year/1998 | https://boardvault.net/snowboards/year/1999 | https://boardvault.net/snowboards/1998/special-1998,,
CATALOG_ONLY,,,,,Burton,Speed Date,burton--speed-date,2019,introduced,likely,https://www.snowboard-review.com/snowboard_reviews/c/burton/2019/,,
CATALOG_ONLY,,,,,Burton,Spliff,burton--spliff,2013,earliest_sourced,verified,https://boardvault.net/snowboards/year/2013 | https://boardvault.net/snowboards/family-tree-spliff-2013 | https://www.snowboard-review.com/snowboard_reviews/c/burton/2014/,,
CATALOG_ONLY,,,,,Burton,Stat,burton--stat,1994,earliest_sourced,likely,https://boardvault.net/snowboards/year/1994 | https://boardvault.net/snowboards/1994/stat-1994,,
CATALOG_ONLY,,,,,Burton,Sterling,burton--sterling,2005,earliest_sourced,likely,https://boardvault.net/snowboards/year/2005 | https://boardvault.net/snowboards/year/2006 | https://boardvault.net/snowboards/2005/sterling-2005,,
CATALOG_ONLY,,,,,Burton,Stick Shift,burton--stick-shift,2019,introduced,verified,https://www.snowboard-review.com/snowboard_reviews/c/burton/2019/ | https://www.snowboard-review.com/snowboard_reviews/c/burton/2020/,,
CATALOG_ONLY,,,,,Burton,Stigma,burton--stigma,2007,earliest_sourced,verified,https://boardvault.net/snowboards/year/2007 | https://boardvault.net/snowboards/year/2008 | https://boardvault.net/snowboards/year/2009 | https://boardvault.net/snowboards/2007/stigma-2007 | https://www.snowdb.com/catalog/burton,,
CATALOG_ONLY,,,,,Burton,Stone Hut,burton--stone-hut,2012,introduced,verified,https://www.burton.com/blogs/the-burton-blog/what-are-burtons-rarest-snowboards/,,
CATALOG_ONLY,,,,,Burton,Story Board,burton--story-board,2018,introduced,verified,https://www.snowboard-review.com/snowboard_reviews/c/burton/2018/ | https://www.snowboard-review.com/snowboard_reviews/c/burton/2021/ | https://snowboardingprofiles.com/2023-burton-snowboards-overview | https://steepdb.com/b/burton/,,
CATALOG_ONLY,,,,,Burton,Straight Chuter,burton--straight-chuter,2021,introduced,verified,https://www.snowboard-review.com/snowboard_reviews/c/burton/2021/ | https://snowboardingprofiles.com/2023-burton-snowboards-overview | https://steepdb.com/b/burton/,,
CATALOG_ONLY,,,,,Burton,Stria,burton--stria,2008,earliest_sourced,verified,https://boardvault.net/snowboards/year/2008 | https://boardvault.net/snowboards/year/2009 | https://boardvault.net/snowboards/2008/stria-2008 | https://www.snowdb.com/catalog/burton,,
CATALOG_ONLY,,,,,Burton,Stun Gun,burton--stun-gun,2019,introduced,likely,https://www.snowboard-review.com/snowboard_reviews/c/burton/2019/,,
CATALOG_ONLY,,,,,Burton,Stylus,burton--stylus,2019,introduced,verified,https://www.snowboard-review.com/snowboard_reviews/c/burton/2019/ | https://www.snowboard-review.com/snowboard_reviews/c/burton/2021/ | https://snowboardingprofiles.com/2023-burton-snowboards-overview | https://blauerboardshop.com/blogs/snowboarding/2025-burton-snowboards-overview,,
CATALOG_ONLY,,,,,Burton,Super Hero,burton--super-hero,2012,earliest_sourced,verified,https://boardvault.net/snowboards/year/2012 | https://boardvault.net/snowboards/year/2013 | https://boardvault.net/snowboards/super-hero-2012 | https://www.snowboard-review.com/snowboard_reviews/c/burton/2014/,,
CATALOG_ONLY,,,,,Burton,Supermodel,burton--supermodel,1997,earliest_sourced,verified,https://boardvault.net/snowboards/year/1997 | https://boardvault.net/snowboards/year/2000 | https://boardvault.net/snowboards/year/2011 | https://boardvault.net/snowboards/1997/supermodel-1997 | https://snowboarder.com/transworld-snowboarding-archive/snowboarding-photos/snowboard-reviews-1999 | https://snowboarder.com/transworld-snowboarding-archive/snowboarding-gear/snowboard-lifes-top-25-board-test-2000 | https://www.snowdb.com/catalog/burton | https://www.snowboard-review.com/snowboard_reviews/c/burton/2011/ | https://web.archive.org/web/199610/http://www.burton.com/ | https://web.archive.org/web/199706/http://www.burton.com/,,
CATALOG_ONLY,,,,,Burton,Supermodel X,burton--supermodel-x,2008,earliest_sourced,verified,https://boardvault.net/snowboards/year/2008 | https://boardvault.net/snowboards/year/2009 | https://boardvault.net/snowboards/year/2010 | https://boardvault.net/snowboards/2008/supermodel-x-2008 | https://www.snowdb.com/catalog/burton | https://www.snowboard-review.com/snowboard_reviews/c/burton/2010/,,
CATALOG_ONLY,,,,,Burton,Sweet Talker,burton--sweet-talker,2011,earliest_sourced,verified,https://boardvault.net/snowboards/year/2011 | https://boardvault.net/snowboards/2011/meateaters-sweet-talker-2011 | https://www.snowdb.com/catalog/burton | https://www.snowboard-review.com/snowboard_reviews/c/burton/2011/,,
CATALOG_ONLY,,,,,Burton,Sweet Tooth,burton--sweet-tooth,2013,earliest_sourced,verified,https://boardvault.net/snowboards/year/2013 | https://boardvault.net/snowboards/sweet-tooth-2013 | https://www.snowboard-review.com/snowboard_reviews/c/burton/2014/,,
CATALOG_ONLY,,,,,Burton,T Deck,burton--t-deck,1996,earliest_sourced,verified,https://boardvault.net/snowboards/year/1996 | https://boardvault.net/snowboards/year/1997 | https://boardvault.net/snowboards/1996/t-deck-1996 | https://web.archive.org/web/199610/http://www.burton.com/ | https://web.archive.org/web/199706/http://www.burton.com/,,
CATALOG_ONLY,,,,,Burton,T6,burton--t6,2003,earliest_sourced,verified,https://boardvault.net/snowboards/year/2003 | https://boardvault.net/snowboards/year/2007 | https://boardvault.net/snowboards/year/2010 | https://boardvault.net/snowboards/2003/t6-2003 | https://www.snowdb.com/catalog/burton | https://www.snowboard-review.com/snowboard_reviews/c/burton/2010/ | https://www.michigansnowboardmuseum.com/burton---firsts--unique-decks.html,,
CATALOG_ONLY,,,,,Burton,T7,burton--t7,2011,earliest_sourced,verified,https://boardvault.net/snowboards/year/2011 | https://boardvault.net/snowboards/2011/t7-2011 | https://www.snowdb.com/catalog/burton | https://www.snowboard-review.com/snowboard_reviews/c/burton/2011/,,
CATALOG_ONLY,,,,,Burton,Tadashi Fuse,burton--tadashi-fuse,2005,earliest_sourced,verified,https://boardvault.net/snowboards/year/2005 | https://boardvault.net/snowboards/year/2007 | https://boardvault.net/snowboards/year/2008 | https://boardvault.net/snowboards/tadashi-fuse | https://www.snowdb.com/catalog/burton,,
CATALOG_ONLY,,,,,Burton,Talent Scout,burton--talent-scout,2017,introduced,verified,https://www.snowboard-review.com/snowboard_reviews/c/burton/2017/ | https://www.snowboard-review.com/snowboard_reviews/c/burton/2021/ | https://snowboardingprofiles.com/2023-burton-snowboards-overview | https://blauerboardshop.com/blogs/snowboarding/2025-burton-snowboards-overview | https://www.burton.com/en-us/collections/snowboards,,
CATALOG_ONLY,,,,,Burton,Territory Manager,burton--territory-manager,2023,introduced,likely,https://snowboardingprofiles.com/2023-burton-snowboards-overview,,
CATALOG_ONLY,,,,,Burton,The 152,burton--the-152,1995,earliest_sourced,likely,https://boardvault.net/snowboards/year/1995 | https://boardvault.net/snowboards/1995/152-1995,,
CATALOG_ONLY,,,,,Burton,The White Collection Smalls,burton--the-white-collection-smalls,2011,earliest_sourced,likely,https://boardvault.net/snowboards/year/2011 | https://boardvault.net/snowboards/year/2012 | https://boardvault.net/snowboards/year/2013 | https://boardvault.net/snowboards/2011/white-collection-smalls-2011,,
CATALOG_ONLY,,,,,Burton,The White Collection Standard,burton--the-white-collection-standard,2011,earliest_sourced,likely,https://boardvault.net/snowboards/year/2011 | https://boardvault.net/snowboards/year/2012 | https://boardvault.net/snowboards/year/2013 | https://boardvault.net/snowboards/2011/white-collection-standard-2011,,
CATALOG_ONLY,,,,,Burton,Throwback,burton--throwback,2016,introduced,verified,https://www.snowboard-review.com/snowboard_reviews/c/burton/2016/ | https://www.snowboard-review.com/snowboard_reviews/c/burton/2021/ | https://steepdb.com/b/burton/,,
CATALOG_ONLY,,,,,Burton,Time Thief,burton--time-thief,2027,introduced,verified,https://thegoodride.com/snowboard-reviews/?brand=burton | https://www.burton.com/en-us/collections/snowboards,,
CATALOG_ONLY,,,,,Burton,Tornado Warning,burton--tornado-warning,2023,introduced,likely,https://snowboardingprofiles.com/2023-burton-snowboards-overview,,
CATALOG_ONLY,,,,,Burton,Tough Cat,burton--tough-cat,2016,introduced,likely,https://www.snowboard-review.com/snowboard_reviews/c/burton/2016/,,
CATALOG_ONLY,,,,,Burton,Trick Pilot,burton--trick-pilot,2019,introduced,likely,https://www.snowboard-review.com/snowboard_reviews/c/burton/2019/,,
CATALOG_ONLY,,,,,Burton,Trick Pony,burton--trick-pony,2014,introduced,verified,https://www.snowboard-review.com/snowboard_reviews/c/burton/2014/ | https://www.snowboard-review.com/snowboard_reviews/c/burton/2016/ | https://www.snowboard-review.com/snowboard_reviews/c/burton/2018/,,
CATALOG_ONLY,,,,,Burton,Triumph,burton--triumph,2005,earliest_sourced,likely,https://boardvault.net/snowboards/year/2005 | https://boardvault.net/snowboards/year/2006 | https://boardvault.net/snowboards/year/2007 | https://boardvault.net/snowboards/2005/triumph-2005,,
CATALOG_ONLY,,,,,Burton,Troop,burton--troop,2001,earliest_sourced,verified,https://boardvault.net/snowboards/year/2001 | https://boardvault.net/snowboards/year/2005 | https://boardvault.net/snowboards/year/2009 | https://boardvault.net/snowboards/2001/troop-2001 | https://www.snowdb.com/catalog/burton,,
CATALOG_ONLY,,,,,Burton,Twin,burton--twin,1994,earliest_sourced,verified,https://boardvault.net/snowboards/year/1994 | https://boardvault.net/snowboards/year/1998 | https://boardvault.net/snowboards/year/2009 | https://boardvault.net/snowboards/1994/twin-1994 | https://retrosnow.com/product-category/burton/ | https://snowboarding8090.com/boards-1980-1995/ | https://snowboardmag.com/stories/lineage-the-infallible-burton-custom | https://snowboarding8090.com/burton-2/ | https://www.snowdb.com/catalog/burton | https://en.wikipedia.org/wiki/Burton_Snowboards | https://web.archive.org/web/199610/http://www.burton.com/ | https://web.archive.org/web/199706/http://www.burton.com/,,
CATALOG_ONLY,,,,,Burton,Twisted,burton--twisted,1996,earliest_sourced,likely,https://boardvault.net/snowboards/year/1996 | https://boardvault.net/snowboards/1996/twisted-1996,,
CATALOG_ONLY,,,,,Burton,Ultra Prime,burton--ultra-prime,1998,earliest_sourced,likely,https://boardvault.net/snowboards/year/1998 | https://boardvault.net/snowboards/year/2000 | https://boardvault.net/snowboards/year/2001 | https://boardvault.net/snowboards/1998/ultra-prime-1998,,
CATALOG_ONLY,,,,,Burton,Uninc,burton--uninc,2004,earliest_sourced,verified,https://boardvault.net/snowboards/year/2004 | https://boardvault.net/snowboards/year/2007 | https://boardvault.net/snowboards/year/2009 | https://boardvault.net/snowboards/2004/unlnc-2004 | https://snowboarder.com/transworld-snowboarding-archive/snowboarding-gear/2004-snowboard-test-harvesting-the-good-wood | https://www.snowdb.com/catalog/burton | https://www.burton.com/en-us/blogs/the-burton-blog/burton-innovation,,
CATALOG_ONLY,,,,,Burton,Up-Stick,burton--up-stick,2012,introduced,verified,https://archive.org/details/burton-hardgoods-2014-d.-d.-teoli-jr.-a.-c.,,
CATALOG_ONLY,,,,,Burton,Vapor,burton--vapor,2006,earliest_sourced,verified,https://boardvault.net/snowboards/year/2006 | https://boardvault.net/snowboards/year/2009 | https://boardvault.net/snowboards/year/2013 | https://boardvault.net/snowboards/2006/vapor-2006 | https://www.snowboarder.com/news/2006-good-wood-mens-board-test | https://www.snowdb.com/catalog/burton | https://www.snowboard-review.com/snowboard_reviews/c/burton/2013/,,
CATALOG_ONLY,,,,,Burton,Venue,burton--venue,2009,earliest_sourced,likely,https://boardvault.net/snowboards/year/2009 | https://boardvault.net/snowboards/2009/venue-2009,,
CATALOG_ONLY,,,,,Burton,Verdict,burton--verdict,2009,earliest_sourced,likely,https://boardvault.net/snowboards/year/2009 | https://boardvault.net/snowboards/2009/verdict-2009,,
CATALOG_ONLY,,,,,Burton,Warhol,burton--warhol,2008,earliest_sourced,verified,https://boardvault.net/snowboards/year/2008 | https://boardvault.net/snowboards/2008/warhol-2008 | https://www.snowdb.com/catalog/burton,,
CATALOG_ONLY,,,,,Burton,Whammy Bar,burton--whammy-bar,2011,earliest_sourced,verified,https://boardvault.net/snowboards/year/2011 | https://boardvault.net/snowboards/year/2012 | https://boardvault.net/snowboards/year/2013 | https://boardvault.net/snowboards/2011/whammy-bar-2011 | https://www.snowdb.com/catalog/burton | https://www.snowboard-review.com/snowboard_reviews/c/burton/2011/ | https://archive.org/details/burton-hardgoods-2014-d.-d.-teoli-jr.-a.-c. | https://www.snowboard-review.com/snowboard_reviews/c/burton/2013/,,
CATALOG_ONLY,,,,,Burton,White Paper,burton--white-paper,2022,introduced,verified,https://www.burton.com/blogs/the-burton-blog/what-are-burtons-rarest-snowboards/,,
CATALOG_ONLY,,,,,Burton,Wire,burton--wire,1999,earliest_sourced,likely,https://boardvault.net/snowboards/year/1999 | https://boardvault.net/snowboards/1999/wire-1999,,
CATALOG_ONLY,,,,,Burton,Witchcraft,burton--witchcraft,2003,earliest_sourced,likely,https://boardvault.net/snowboards/year/2003 | https://boardvault.net/snowboards/2003/witchcraft-2003,,
CATALOG_ONLY,,,,,Burton,Women's Supermodel,burton--women-s-supermodel,2009,earliest_sourced,verified,https://boardvault.net/snowboards/year/2009 | https://boardvault.net/snowboards/2009/supermodel-womens-2009 | https://www.snowdb.com/catalog/burton,,
CATALOG_ONLY,,,,,Burton,Woody,burton--woody,1987,earliest_sourced,verified,https://boardvault.net/snowboards/year/1987 | https://boardvault.net/snowboards/year/1988 | https://boardvault.net/snowboards/1987/woody-1987 | https://www.michigansnowboardmuseum.com/burton---early-years-to-the-modern-twin.html | https://retrosnow.com/product-category/burton/ | https://www.vintagewinter.com/blogs/blog/4555102-vintage-burton-snowboards | https://www.vintagewinter.com/collections/vintage-snowboards,,
CATALOG_ONLY,,,,,Burton,Working Stiff,burton--working-stiff,2018,introduced,likely,https://www.snowboard-review.com/snowboard_reviews/c/burton/2018/,,
CATALOG_ONLY,,,,,Burton,X8,burton--x8,2008,earliest_sourced,verified,https://boardvault.net/snowboards/year/2008 | https://boardvault.net/snowboards/year/2009 | https://boardvault.net/snowboards/year/2010 | https://boardvault.net/snowboards/2008/x8-2008 | https://www.snowdb.com/catalog/burton | https://www.snowboard-review.com/snowboard_reviews/c/burton/2010/,,
CATALOG_ONLY,,,,,Burton,X9FV,burton--x9fv,2014,introduced,likely,https://www.snowboard-review.com/snowboard_reviews/c/burton/2014/,,
CATALOG_ONLY,,,,,Burton,Yeasayer,burton--yeasayer,2019,introduced,verified,https://www.snowboard-review.com/snowboard_reviews/c/burton/2019/ | https://www.snowboard-review.com/snowboard_reviews/c/burton/2021/ | https://snowboardingprofiles.com/2023-burton-snowboards-overview | https://blauerboardshop.com/blogs/snowboarding/2025-burton-snowboards-overview | https://www.burton.com/en-us/collections/snowboards,,
CATALOG_ONLY,,,,,CAPiTA,Aeronaut,capita--aeronaut,2024,introduced,verified,https://thegoodride.com/snowboard-reviews/capita-aeronaut-snowboard-review/ | https://www.evo.com/shop/snowboard/snowboards/capita,,
CATALOG_ONLY,,,,,CAPiTA,Birds of a Feather,capita--birds-of-a-feather,2013,introduced,verified,https://thegoodride.com/snowboard-reviews/capita-birds-of-a-feather-snowboard-review-by-steph-w/ | https://www.evo.com/shop/snowboard/snowboards/capita,,
CATALOG_ONLY,,,,,CAPiTA,Black Death Inc,capita--black-death-inc,2009,earliest_sourced,likely,https://web.archive.org/web/200810/http://www.capitasnowboarding.com/ | https://web.archive.org/web/200812/http://www.capitasnowboarding.com/,,
CATALOG_ONLY,,,,,CAPiTA,Black Death Speed Tribe,capita--black-death-speed-tribe,2008,earliest_sourced,likely,https://web.archive.org/web/200712/http://www.capitasnowboarding.com/ | https://web.archive.org/web/200809/http://www.capitasnowboarding.com/,,
CATALOG_ONLY,,,,,CAPiTA,Black Snowboard of Death,capita--black-snowboard-of-death,2004,earliest_sourced,verified,https://thegoodride.com/snowboard-reviews/capita-black-snowboard-of-death-review/ | https://www.evo.com/shop/snowboard/snowboards/capita | https://web.archive.org/web/200312/http://www.capitasnowboarding.com/ | https://web.archive.org/web/200402/http://www.capitasnowboarding.com/ | https://web.archive.org/web/20040214020619/http://www.capitasnowboarding.com/catalog/details/bsod_details.htm,,
CATALOG_ONLY,,,,,CAPiTA,Charlie Slasher,capita--charlie-slasher,2010,introduced,likely,https://thegoodride.com/snowboard-reviews/capita-charlie-slasher-2010-2017-snowboard-review/,,
CATALOG_ONLY,,,,,CAPiTA,Defenders of Awesome,capita--defenders-of-awesome,2013,introduced,verified,https://thegoodride.com/snowboard-reviews/capita-defenders-of-awesome-snowboard-review/ | https://www.evo.com/shop/snowboard/snowboards/capita,,
CATALOG_ONLY,,,,,CAPiTA,Horrorscope,capita--horrorscope,2004,earliest_sourced,verified,https://thegoodride.com/snowboard-reviews/capita-horrorscope-snowboard-review/ | https://web.archive.org/web/200312/http://www.capitasnowboarding.com/ | https://web.archive.org/web/200812/http://www.capitasnowboarding.com/,,
CATALOG_ONLY,,,,,CAPiTA,Human Series,capita--human-series,2004,earliest_sourced,verified,https://web.archive.org/web/20031229014913/http://www.capitasnowboarding.com/catalog/details/h_details.htm,,
CATALOG_ONLY,,,,,CAPiTA,Indoor Survival,capita--indoor-survival,2008,earliest_sourced,verified,https://thegoodride.com/snowboard-reviews/capita-indoor-survival-2010-2018-snowboard-review | https://www.evo.com/shop/snowboard/snowboards/capita | https://web.archive.org/web/200712/http://www.capitasnowboarding.com/ | https://web.archive.org/web/200812/http://www.capitasnowboarding.com/,,
CATALOG_ONLY,,,,,CAPiTA,Kazu Kokubo Pro,capita--kazu-kokubo-pro,2017,introduced,verified,https://thegoodride.com/snowboard-reviews/capita-kazu-kokubo-pro-snowboard-review/ | https://www.evo.com/shop/snowboard/snowboards/capita,,
CATALOG_ONLY,,,,,CAPiTA,Le Tigre,capita--le-tigre,2008,earliest_sourced,likely,https://web.archive.org/web/200712/http://www.capitasnowboarding.com/ | https://web.archive.org/web/200809/http://www.capitasnowboarding.com/,,
CATALOG_ONLY,,,,,CAPiTA,Matriarch,capita--matriarch,2026,introduced,verified,https://thegoodride.com/snowboard-reviews/?brand=jones | https://www.evo.com/shop/snowboard/snowboards/capita,,
CATALOG_ONLY,,,,,CAPiTA,Mega Death,capita--mega-death,2024,introduced,verified,https://thegoodride.com/snowboard-reviews/capita-mega-death-snowboard-review/ | https://www.evo.com/shop/snowboard/snowboards/capita,,
CATALOG_ONLY,,,,,CAPiTA,Mega Mercury,capita--mega-mercury,2023,introduced,verified,https://thegoodride.com/snowboard-reviews/capita-mega-merc-snowboard-review/ | https://www.evo.com/shop/snowboard/snowboards/capita,,
CATALOG_ONLY,,,,,CAPiTA,Mid Life Artist,capita--mid-life-artist,2008,earliest_sourced,likely,https://web.archive.org/web/200712/http://www.capitasnowboarding.com/ | https://web.archive.org/web/200812/http://www.capitasnowboarding.com/,,
CATALOG_ONLY,,,,,CAPiTA,Navigator,capita--navigator,2019,introduced,verified,https://thegoodride.com/snowboard-reviews/capita-navigator-snowboard-review-with-davey/ | https://www.evo.com/shop/snowboard/snowboards/capita,,
CATALOG_ONLY,,,,,CAPiTA,Outdoor Living,capita--outdoor-living,2008,earliest_sourced,likely,https://web.archive.org/web/200712/http://www.capitasnowboarding.com/ | https://web.archive.org/web/200809/http://www.capitasnowboarding.com/,,
CATALOG_ONLY,,,,,CAPiTA,Outerspace Living,capita--outerspace-living,2017,introduced,verified,https://thegoodride.com/snowboard-reviews/capita-outerspace-living-snowboard-review-with-davey/ | https://www.evo.com/shop/snowboard/snowboards/capita,,
CATALOG_ONLY,,,,,CAPiTA,Outsiders,capita--outsiders,2014,introduced,likely,https://thegoodride.com/snowboard-reviews/capita-outsiders-snowboard-review/,,
CATALOG_ONLY,,,,,CAPiTA,Paradise,capita--paradise,2017,introduced,verified,https://thegoodride.com/snowboard-reviews/capita-paradise-snowboard-review-by-steph-w/ | https://www.evo.com/shop/snowboard/snowboards/capita,,
CATALOG_ONLY,,,,,CAPiTA,Photo Fetish,capita--photo-fetish,2008,earliest_sourced,likely,https://web.archive.org/web/200712/http://www.capitasnowboarding.com/ | https://web.archive.org/web/200809/http://www.capitasnowboarding.com/,,
CATALOG_ONLY,,,,,CAPiTA,Qween,capita--qween,2009,earliest_sourced,likely,https://web.archive.org/web/200810/http://www.capitasnowboarding.com/ | https://web.archive.org/web/200812/http://www.capitasnowboarding.com/,,
CATALOG_ONLY,,,,,CAPiTA,Saturnia,capita--saturnia,2008,earliest_sourced,likely,https://web.archive.org/web/200712/http://www.capitasnowboarding.com/ | https://web.archive.org/web/200812/http://www.capitasnowboarding.com/,,
CATALOG_ONLY,,,,,CAPiTA,Scaremaster,capita--scaremaster,2009,earliest_sourced,likely,https://web.archive.org/web/200810/http://www.capitasnowboarding.com/ | https://web.archive.org/web/200812/http://www.capitasnowboarding.com/,,
CATALOG_ONLY,,,,,CAPiTA,Space Metal Fantasy,capita--space-metal-fantasy,,unknown,likely,https://www.evo.com/shop/snowboard/snowboards/capita | https://thegoodride.com/snowboard-reviews/capita-space-metal-fantasy-snowboard-review-by-steph-w/,,
CATALOG_ONLY,,,,,CAPiTA,Spring Break Powder Racers,capita--spring-break-powder-racers,2020,introduced,verified,https://thegoodride.com/snowboard-reviews/capita-spring-break-powder-racers-snowboard-review/ | https://www.evo.com/shop/snowboard/snowboards/capita,,
CATALOG_ONLY,,,,,CAPiTA,Spring Break Powder Twin,capita--spring-break-powder-twin,2027,earliest_sourced,likely,https://www.evo.com/shop/snowboard/snowboards/capita,,
CATALOG_ONLY,,,,,CAPiTA,Spring Break Resort Twin,capita--spring-break-resort-twin,2026,earliest_sourced,likely,https://www.evo.com/shop/snowboard/snowboards/capita,,
CATALOG_ONLY,,,,,CAPiTA,Spring Break Slush Slasher,capita--spring-break-slush-slasher,,unknown,likely,https://www.evo.com/shop/snowboard/snowboards/capita,,
CATALOG_ONLY,,,,,CAPiTA,Spring Break Stairmaster,capita--spring-break-stairmaster,2027,earliest_sourced,likely,https://www.evo.com/shop/snowboard/snowboards/capita,,
CATALOG_ONLY,,,,,CAPiTA,Stairmaster,capita--stairmaster,2008,earliest_sourced,likely,https://web.archive.org/web/200710/http://www.capitasnowboarding.com/ | https://web.archive.org/web/200812/http://www.capitasnowboarding.com/,,
CATALOG_ONLY,,,,,Cardiff,Bonsai,cardiff--bonsai,2021,introduced,likely,https://thegoodride.com/snowboard-reviews/cardiff-bonsai-2021-2023-snowboard-review/,,
CATALOG_ONLY,,,,,Cardiff,Crane,cardiff--crane,2020,introduced,verified,https://thegoodride.com/snowboard-reviews/cardiff-crane-2020-2023-snowboard-review/ | https://thegoodride.com/snowboard-reviews/?brand=jones,,
CATALOG_ONLY,,,,,Cardiff,Goat,cardiff--goat,2021,introduced,likely,https://thegoodride.com/snowboard-reviews/cardiff-goat-snowboard-review-with-davey/,,
CATALOG_ONLY,,,,,Cardiff,Lynx,cardiff--lynx,2023,introduced,verified,https://thegoodride.com/snowboard-reviews/cardiff-lynx-snowboard-review/ | https://thegoodride.com/snowboard-reviews/?brand=jones,,
CATALOG_ONLY,,,,,Cardiff,Powgoda,cardiff--powgoda,2021,introduced,verified,https://thegoodride.com/snowboard-reviews/cardiff-powgoda-2021-2022-snowboard-review | https://thegoodride.com/snowboard-reviews/cardiff-powgoda-2026-snowboard-review/,,
CATALOG_ONLY,,,,,Cardiff,Swell,cardiff--swell,2021,introduced,likely,https://thegoodride.com/snowboard-reviews/cardiff-swell-2021-2023-snowboard-review/,,
CATALOG_ONLY,,,,,Checker Pig,C65,checker-pig--c65,1991,introduced,likely,https://archive.org/details/ISM-87-91,,
CATALOG_ONLY,,,,,Checker Pig,CPX,checker-pig--cpx,1991,introduced,likely,https://archive.org/details/tws-89-93,,
CATALOG_ONLY,,,,,Checker Pig,F-15 Vinciguerra,checker-pig--f-15-vinciguerra,1992,introduced,likely,https://archive.org/details/tws-89-93,,
CATALOG_ONLY,,,,,Checker Pig,FSC 54,checker-pig--fsc-54,1991,introduced,likely,https://archive.org/details/ISM-87-91,,
CATALOG_ONLY,,,,,Checker Pig,G69,checker-pig--g69,1991,introduced,likely,https://archive.org/details/ISM-87-91,,
CATALOG_ONLY,,,,,Checker Pig,Swing 6,checker-pig--swing-6,1992,introduced,likely,https://archive.org/details/tws-89-93,,
CATALOG_ONLY,,,,,Coiler,Angrry,coiler--angrry,,unknown,likely,https://coiler.com/board-models/,,
CATALOG_ONLY,,,,,Coiler,BX,coiler--bx,,unknown,likely,https://coiler.com/board-models/,,
CATALOG_ONLY,,,,,Coiler,Contra,coiler--contra,,unknown,likely,https://coiler.com/board-models/,,
CATALOG_ONLY,,,,,Coiler,ExtremeCarve,coiler--extremecarve,,unknown,likely,https://coiler.com/board-models/,,
CATALOG_ONLY,,,,,Coiler,Monster,coiler--monster,,unknown,likely,https://coiler.com/board-models/,,
CATALOG_ONLY,,,,,Coiler,Nirvana,coiler--nirvana,,unknown,likely,https://coiler.com/board-models/,,
CATALOG_ONLY,,,,,Coiler,Stubby,coiler--stubby,,unknown,likely,https://coiler.com/board-models/,,
CATALOG_ONLY,,,,,Coiler,VSR AM,coiler--vsr-am,,unknown,likely,https://coiler.com/board-models/,,
CATALOG_ONLY,,,,,Crazy Banana,2-Fast 4-U,crazy-banana--2-fast-4-u,1990,introduced,likely,https://archive.org/details/tws-89-93,,
CATALOG_ONLY,,,,,Crazy Banana,Babaloo,crazy-banana--babaloo,1990,introduced,likely,https://archive.org/details/tws-89-93,,
CATALOG_ONLY,,,,,Crazy Banana,Breakout,crazy-banana--breakout,1988,introduced,verified,https://www.michigansnowboardmuseum.com/the-neon-era--other-80s-decks.html | https://archive.org/details/tws-89-93,,
CATALOG_ONLY,,,,,Crazy Banana,Chilli Willi,crazy-banana--chilli-willi,1990,introduced,verified,https://archive.org/details/tws-89-93 | https://archive.org/details/ISM-87-91,,
CATALOG_ONLY,,,,,Crazy Banana,Espresso,crazy-banana--espresso,1990,introduced,likely,https://archive.org/details/tws-89-93,,
CATALOG_ONLY,,,,,Crazy Banana,Mr. Rock-It,crazy-banana--mr-rock-it,1990,introduced,likely,https://archive.org/details/tws-89-93,,
CATALOG_ONLY,,,,,Crazy Banana,Tweak,crazy-banana--tweak,1991,introduced,likely,https://archive.org/details/ISM-87-91,,
CATALOG_ONLY,,,,,Crazy Banana,Voodoo,crazy-banana--voodoo,1990,introduced,likely,https://archive.org/details/tws-89-93,,
CATALOG_ONLY,,,,,Crazy Banana,Woodstock,crazy-banana--woodstock,1991,introduced,likely,https://archive.org/details/ISM-87-91,,
CATALOG_ONLY,,,,,DC,BDR,dc--bdr,2010,earliest_sourced,likely,https://www.snowdb.com/catalog/dc,,
CATALOG_ONLY,,,,,DC,BFF,dc--bff,2009,earliest_sourced,likely,https://www.snowdb.com/catalog/dc,,
CATALOG_ONLY,,,,,DC,BFT,dc--bft,2010,earliest_sourced,likely,https://www.snowdb.com/catalog/dc,,
CATALOG_ONLY,,,,,DC,Biddy,dc--biddy,2011,earliest_sourced,likely,https://www.snowdb.com/catalog/dc,,
CATALOG_ONLY,,,,,DC,Devun Pro,dc--devun-pro,2011,introduced,verified,https://www.snowboarder.com/transworld-snowboarding-archive/snowboarding-gear/dc-devun-walsh/ | https://www.snowdb.com/catalog/dc,,
CATALOG_ONLY,,,,,DC,Focus,dc--focus,2012,earliest_sourced,likely,https://www.snowdb.com/catalog/dc,,
CATALOG_ONLY,,,,,DC,HKD,dc--hkd,2009,earliest_sourced,likely,https://www.snowdb.com/catalog/dc,,
CATALOG_ONLY,,,,,DC,MLF,dc--mlf,2009,earliest_sourced,likely,https://www.snowdb.com/catalog/dc,,
CATALOG_ONLY,,,,,DC,PBJ,dc--pbj,2009,earliest_sourced,likely,https://www.snowdb.com/catalog/dc,,
CATALOG_ONLY,,,,,DC,Ply,dc--ply,2012,earliest_sourced,likely,https://www.snowdb.com/catalog/dc,,
CATALOG_ONLY,,,,,DC,Tone,dc--tone,2011,earliest_sourced,likely,https://www.snowdb.com/catalog/dc,,
CATALOG_ONLY,,,,,DC,XFB,dc--xfb,2009,earliest_sourced,likely,https://www.snowdb.com/catalog/dc,,
CATALOG_ONLY,,,,,Division 23,Funaki,division-23--funaki,2006,earliest_sourced,likely,https://web.archive.org/web/200602/http://www.division23.com/ | https://web.archive.org/web/200710/http://www.division23.com/,,
CATALOG_ONLY,,,,,Division 23,Fuse,division-23--fuse,2007,earliest_sourced,likely,https://web.archive.org/web/200611/http://www.division23.com/ | https://web.archive.org/web/200706/http://www.division23.com/,,
CATALOG_ONLY,,,,,Division 23,Hurricane,division-23--hurricane,2007,earliest_sourced,likely,https://web.archive.org/web/200706/http://www.division23.com/,,
CATALOG_ONLY,,,,,Division 23,Peter Line,division-23--peter-line,1993,introduced,likely,https://retrosnow.com/shop/division-23/93-division-23/division-23-peter-line/,,
CATALOG_ONLY,,,,,Division 23,Resistance,division-23--resistance,2007,earliest_sourced,likely,https://web.archive.org/web/200706/http://www.division23.com/,,
CATALOG_ONLY,,,,,Division 23,Rhyno,division-23--rhyno,2006,earliest_sourced,likely,https://web.archive.org/web/200602/http://www.division23.com/ | https://web.archive.org/web/200710/http://www.division23.com/,,
CATALOG_ONLY,,,,,Division 23,Sakoda,division-23--sakoda,2007,earliest_sourced,likely,https://web.archive.org/web/200706/http://www.division23.com/,,
CATALOG_ONLY,,,,,Division 23,Triple H,division-23--triple-h,2006,earliest_sourced,likely,https://web.archive.org/web/200602/http://www.division23.com/ | https://web.archive.org/web/200710/http://www.division23.com/,,
CATALOG_ONLY,,,,,Division 23,Wendy Powell,division-23--wendy-powell,1997,introduced,likely,https://snowboarder.com/featured/1997-preview-of-womens-snowboard-equipment,,
CATALOG_ONLY,,,,,Donek,Flux,donek--flux,,unknown,likely,https://www.donek.com/,,
CATALOG_ONLY,,,,,Donek,Incline,donek--incline,,unknown,likely,https://www.donek.com/,,
CATALOG_ONLY,,,,,Donek,Knapton Twin,donek--knapton-twin,,unknown,likely,https://www.donek.com/,,
CATALOG_ONLY,,,,,Donek,MK,donek--mk,,unknown,likely,https://www.donek.com/,,
CATALOG_ONLY,,,,,Donek,Nomad,donek--nomad,,unknown,likely,https://www.donek.com/,,
CATALOG_ONLY,,,,,Donek,Park Twin,donek--park-twin,,unknown,likely,https://www.donek.com/,,
CATALOG_ONLY,,,,,Donek,Pulse,donek--pulse,,unknown,likely,https://www.donek.com/,,
CATALOG_ONLY,,,,,Donek,Saber SBX,donek--saber-sbx,,unknown,likely,https://www.donek.com/,,
CATALOG_ONLY,,,,,Donek,Secret,donek--secret,,unknown,likely,https://www.donek.com/,,
CATALOG_ONLY,,,,,Dupraz,D-Tour,dupraz--d-tour,,unknown,likely,https://dupraz-snow.com/,,
CATALOG_ONLY,,,,,Dupraz,D1,dupraz--d1,2015,earliest_sourced,verified,https://thegoodride.com/snowboard-reviews/dupraz-5-5-and-6-review-and-buying-advice/ | https://dupraz-snow.com/,,
CATALOG_ONLY,,,,,Elan,Aero,elan--aero,2012,earliest_sourced,likely,https://www.snowdb.com/catalog/elan,,
CATALOG_ONLY,,,,,Elan,Answer,elan--answer,2005,earliest_sourced,verified,https://www.snowdb.com/catalog/elan | https://web.archive.org/web/200409/http://www.elansnowboards.com/ | https://web.archive.org/web/200812/http://www.elansnowboards.com/,,
CATALOG_ONLY,,,,,Elan,Argon,elan--argon,2008,earliest_sourced,likely,https://web.archive.org/web/200709/http://www.elansnowboards.com/ | https://web.archive.org/web/200812/http://www.elansnowboards.com/,,
CATALOG_ONLY,,,,,Elan,Ascent,elan--ascent,2006,earliest_sourced,likely,https://web.archive.org/web/200602/http://www.elansnowboards.com/ | https://web.archive.org/web/200812/http://www.elansnowboards.com/,,
CATALOG_ONLY,,,,,Elan,Aurora,elan--aurora,2000,earliest_sourced,verified,https://www.snowdb.com/catalog/elan | https://web.archive.org/web/200005/http://www.elansnowboards.com/ | https://web.archive.org/web/200812/http://www.elansnowboards.com/,,
CATALOG_ONLY,,,,,Elan,Ballistic,elan--ballistic,2000,earliest_sourced,likely,https://web.archive.org/web/200001/http://www.elansnowboards.com/ | https://web.archive.org/web/200103/http://www.elansnowboards.com/,,
CATALOG_ONLY,,,,,Elan,Betty,elan--betty,2008,earliest_sourced,likely,https://web.archive.org/web/200709/http://www.elansnowboards.com/ | https://web.archive.org/web/200812/http://www.elansnowboards.com/,,
CATALOG_ONLY,,,,,Elan,Boulevard,elan--boulevard,2000,earliest_sourced,verified,https://www.snowboarder.com/news/board-test-board-specs | https://snowboarder.com/transworld-snowboarding-archive/snowboarding-photos/board-test-wide-rides | https://web.archive.org/web/200007/http://www.elansnowboards.com/ | https://web.archive.org/web/200103/http://www.elansnowboards.com/,,
CATALOG_ONLY,,,,,Elan,Crest,elan--crest,2008,earliest_sourced,verified,https://www.snowdb.com/catalog/elan | https://web.archive.org/web/200709/http://www.elansnowboards.com/ | https://web.archive.org/web/200812/http://www.elansnowboards.com/,,
CATALOG_ONLY,,,,,Elan,Current,elan--current,2008,earliest_sourced,likely,https://web.archive.org/web/200709/http://www.elansnowboards.com/ | https://web.archive.org/web/200812/http://www.elansnowboards.com/,,
CATALOG_ONLY,,,,,Elan,Daisy,elan--daisy,2008,earliest_sourced,likely,https://web.archive.org/web/200709/http://www.elansnowboards.com/ | https://web.archive.org/web/200812/http://www.elansnowboards.com/,,
CATALOG_ONLY,,,,,Elan,El Grande,elan--el-grande,2007,earliest_sourced,verified,https://www.snowdb.com/catalog/elan | https://web.archive.org/web/200610/http://www.elansnowboards.com/ | https://web.archive.org/web/200812/http://www.elansnowboards.com/,,
CATALOG_ONLY,,,,,Elan,Element,elan--element,2000,earliest_sourced,verified,https://www.snowboarder.com/news/board-test-board-specs | https://web.archive.org/web/200007/http://www.elansnowboards.com/ | https://web.archive.org/web/200809/http://www.elansnowboards.com/,,
CATALOG_ONLY,,,,,Elan,Endless,elan--endless,2005,earliest_sourced,likely,https://web.archive.org/web/200409/http://www.elansnowboards.com/ | https://web.archive.org/web/200611/http://www.elansnowboards.com/,,
CATALOG_ONLY,,,,,Elan,Eragon,elan--eragon,2008,earliest_sourced,verified,https://www.snowdb.com/catalog/elan | https://web.archive.org/web/200709/http://www.elansnowboards.com/ | https://web.archive.org/web/200812/http://www.elansnowboards.com/,,
CATALOG_ONLY,,,,,Elan,Gravity,elan--gravity,2007,earliest_sourced,likely,https://web.archive.org/web/200610/http://www.elansnowboards.com/ | https://web.archive.org/web/200707/http://www.elansnowboards.com/,,
CATALOG_ONLY,,,,,Elan,Helium,elan--helium,2008,earliest_sourced,likely,https://web.archive.org/web/200709/http://www.elansnowboards.com/ | https://web.archive.org/web/200812/http://www.elansnowboards.com/,,
CATALOG_ONLY,,,,,Elan,Hi-Fi,elan--hi-fi,2010,earliest_sourced,likely,https://www.snowdb.com/catalog/elan,,
CATALOG_ONLY,,,,,Elan,Inverse,elan--inverse,2005,earliest_sourced,verified,https://www.snowdb.com/catalog/elan | https://web.archive.org/web/200409/http://www.elansnowboards.com/ | https://web.archive.org/web/200812/http://www.elansnowboards.com/,,
CATALOG_ONLY,,,,,Elan,Krypton,elan--krypton,2008,earliest_sourced,likely,https://web.archive.org/web/200709/http://www.elansnowboards.com/ | https://web.archive.org/web/200812/http://www.elansnowboards.com/,,
CATALOG_ONLY,,,,,Elan,LeeLoo,elan--leeloo,2010,earliest_sourced,likely,https://www.snowdb.com/catalog/elan,,
CATALOG_ONLY,,,,,Elan,Lil Boarder,elan--lil-boarder,2008,earliest_sourced,likely,https://web.archive.org/web/200709/http://www.elansnowboards.com/ | https://web.archive.org/web/200812/http://www.elansnowboards.com/,,
CATALOG_ONLY,,,,,Elan,Mantra,elan--mantra,2005,earliest_sourced,likely,https://web.archive.org/web/200409/http://www.elansnowboards.com/ | https://web.archive.org/web/200503/http://www.elansnowboards.com/,,
CATALOG_ONLY,,,,,Elan,Message,elan--message,2006,earliest_sourced,likely,https://web.archive.org/web/200602/http://www.elansnowboards.com/ | https://web.archive.org/web/200812/http://www.elansnowboards.com/,,
CATALOG_ONLY,,,,,Elan,Moment,elan--moment,2005,earliest_sourced,likely,https://web.archive.org/web/200409/http://www.elansnowboards.com/ | https://web.archive.org/web/200707/http://www.elansnowboards.com/,,
CATALOG_ONLY,,,,,Elan,Neon,elan--neon,2008,earliest_sourced,likely,https://web.archive.org/web/200709/http://www.elansnowboards.com/ | https://web.archive.org/web/200812/http://www.elansnowboards.com/,,
CATALOG_ONLY,,,,,Elan,Omni,elan--omni,2007,earliest_sourced,likely,https://web.archive.org/web/200608/http://www.elansnowboards.com/ | https://web.archive.org/web/200812/http://www.elansnowboards.com/,,
CATALOG_ONLY,,,,,Elan,Pace,elan--pace,2008,earliest_sourced,likely,https://web.archive.org/web/200709/http://www.elansnowboards.com/ | https://web.archive.org/web/200812/http://www.elansnowboards.com/,,
CATALOG_ONLY,,,,,Elan,Paragon,elan--paragon,2000,earliest_sourced,likely,https://web.archive.org/web/200003/http://www.elansnowboards.com/ | https://web.archive.org/web/200012/http://www.elansnowboards.com/,,
CATALOG_ONLY,,,,,Elan,Prodigy,elan--prodigy,2006,earliest_sourced,verified,https://www.snowdb.com/catalog/elan | https://web.archive.org/web/200602/http://www.elansnowboards.com/ | https://web.archive.org/web/200812/http://www.elansnowboards.com/,,
CATALOG_ONLY,,,,,Elan,Pure,elan--pure,2006,earliest_sourced,verified,https://www.snowdb.com/catalog/elan | https://web.archive.org/web/200602/http://www.elansnowboards.com/ | https://web.archive.org/web/200812/http://www.elansnowboards.com/,,
CATALOG_ONLY,,,,,Elan,R.A.M.,elan--r-a-m,2012,earliest_sourced,likely,https://www.snowdb.com/catalog/elan,,
CATALOG_ONLY,,,,,Elan,Radon,elan--radon,2008,earliest_sourced,likely,https://web.archive.org/web/200709/http://www.elansnowboards.com/ | https://web.archive.org/web/200812/http://www.elansnowboards.com/,,
CATALOG_ONLY,,,,,Elan,Royal,elan--royal,2000,earliest_sourced,likely,https://web.archive.org/web/200005/http://www.elansnowboards.com/ | https://web.archive.org/web/200103/http://www.elansnowboards.com/,,
CATALOG_ONLY,,,,,Elan,Sense,elan--sense,2005,earliest_sourced,verified,https://www.snowdb.com/catalog/elan | https://web.archive.org/web/200409/http://www.elansnowboards.com/ | https://web.archive.org/web/200812/http://www.elansnowboards.com/,,
CATALOG_ONLY,,,,,Elan,Squid,elan--squid,2000,earliest_sourced,likely,https://web.archive.org/web/200005/http://www.elansnowboards.com/ | https://web.archive.org/web/200103/http://www.elansnowboards.com/,,
CATALOG_ONLY,,,,,Elan,Stella,elan--stella,2008,earliest_sourced,likely,https://web.archive.org/web/200709/http://www.elansnowboards.com/ | https://web.archive.org/web/200812/http://www.elansnowboards.com/,,
CATALOG_ONLY,,,,,Elan,Tempest,elan--tempest,2008,earliest_sourced,likely,https://web.archive.org/web/200709/http://www.elansnowboards.com/ | https://web.archive.org/web/200812/http://www.elansnowboards.com/,,
CATALOG_ONLY,,,,,Elan,Tribe,elan--tribe,2006,earliest_sourced,verified,https://www.snowdb.com/catalog/elan | https://web.archive.org/web/200601/http://www.elansnowboards.com/ | https://web.archive.org/web/200812/http://www.elansnowboards.com/,,
CATALOG_ONLY,,,,,Elan,Trinity,elan--trinity,2006,earliest_sourced,verified,https://www.snowdb.com/catalog/elan | https://web.archive.org/web/200602/http://www.elansnowboards.com/ | https://web.archive.org/web/200812/http://www.elansnowboards.com/,,
CATALOG_ONLY,,,,,Elan,Union,elan--union,2008,earliest_sourced,likely,https://web.archive.org/web/200709/http://www.elansnowboards.com/ | https://web.archive.org/web/200812/http://www.elansnowboards.com/,,
CATALOG_ONLY,,,,,Elan,Unity,elan--unity,2008,earliest_sourced,likely,https://web.archive.org/web/200709/http://www.elansnowboards.com/ | https://web.archive.org/web/200812/http://www.elansnowboards.com/,,
CATALOG_ONLY,,,,,Elan,Universe,elan--universe,2005,earliest_sourced,verified,https://www.snowdb.com/catalog/elan | https://web.archive.org/web/200409/http://www.elansnowboards.com/ | https://web.archive.org/web/200812/http://www.elansnowboards.com/,,
CATALOG_ONLY,,,,,Elan,Vector,elan--vector,2005,earliest_sourced,likely,https://web.archive.org/web/200409/http://www.elansnowboards.com/ | https://web.archive.org/web/200508/http://www.elansnowboards.com/,,
CATALOG_ONLY,,,,,Elan,Venture,elan--venture,2000,earliest_sourced,likely,https://web.archive.org/web/200004/http://www.elansnowboards.com/ | https://web.archive.org/web/200703/http://www.elansnowboards.com/,,
CATALOG_ONLY,,,,,Elan,Vertigo,elan--vertigo,2000,earliest_sourced,verified,https://www.snowdb.com/catalog/elan | https://www.snowboarder.com/news/snowboard-lifes-top-25-board-test-2000 | https://www.snowboarder.com/news/board-test-board-specs | https://web.archive.org/web/200003/http://www.elansnowboards.com/ | https://web.archive.org/web/200812/http://www.elansnowboards.com/,,
CATALOG_ONLY,,,,,Elan,Wave Rider,elan--wave-rider,2011,earliest_sourced,likely,https://www.snowdb.com/catalog/elan,,
CATALOG_ONLY,,,,,Elan,Whoopee Board,elan--whoopee-board,1989,introduced,likely,https://www.michigansnowboardmuseum.com/the-neon-era--other-80s-decks.html,,
CATALOG_ONLY,,,,,Elan,Xenon,elan--xenon,2008,earliest_sourced,likely,https://web.archive.org/web/200709/http://www.elansnowboards.com/ | https://web.archive.org/web/200812/http://www.elansnowboards.com/,,
CATALOG_ONLY,,,,,Endeavor,Archetype,endeavor--archetype,2020,introduced,likely,https://thegoodride.com/snowboard-reviews/endeavor-archetype-2020-snowboard-review/ | https://thegoodride.com/snowboard-reviews/endeavor-womens-archetype-2024-snowboard-review-by-steph-w/,,
CATALOG_ONLY,,,,,Endeavor,BOD,endeavor--bod,2009,introduced,verified,https://www.shayboarder.com/2008/08/industry-profile-endeavor-snowboards-founder-max-jenke.html | https://thegoodride.com/snowboard-reviews/endeavor-bod-2020-snowboard-review/,,
CATALOG_ONLY,,,,,Endeavor,Clout,endeavor--clout,2020,introduced,likely,https://thegoodride.com/snowboard-reviews/endeavor-clout-2020-snowboard-review/,,
CATALOG_ONLY,,,,,Endeavor,Live,endeavor--live,2009,introduced,verified,https://www.shayboarder.com/2008/08/industry-profile-endeavor-snowboards-founder-max-jenke.html | https://thegoodride.com/snowboard-reviews/endeavor-live-2020-snowboard-review/,,
CATALOG_ONLY,,,,,Endeavor,Maverick,endeavor--maverick,2018,introduced,likely,https://thegoodride.com/snowboard-reviews/endeavor-maverick-2018-2020-snowboard-review/,,
CATALOG_ONLY,,,,,Endeavor,Pioneer,endeavor--pioneer,2020,introduced,likely,https://thegoodride.com/snowboard-reviews/endeavor-pioneer-2020-snowboard-review/,,
CATALOG_ONLY,,,,,Endeavor,Ranger,endeavor--ranger,2020,introduced,likely,https://thegoodride.com/snowboard-reviews/endeavor-ranger-2020-snowboard-review/,,
CATALOG_ONLY,,,,,Endeavor,Scout,endeavor--scout,2018,introduced,likely,https://thegoodride.com/snowboard-reviews/endeavor-scout-2018-2020-snowboard-review/,,
CATALOG_ONLY,,,,,F2,Allride,f2--allride,2001,earliest_sourced,likely,https://web.archive.org/web/200011/http://www.f2.com/ | https://web.archive.org/web/200104/http://www.f2.com/,,
CATALOG_ONLY,,,,,F2,Beamer TCS,f2--beamer-tcs,2000,earliest_sourced,verified,https://web.archive.org/web/20000110180826/http://www.f2.com/snowboards/raboards.htm | https://web.archive.org/web/200102/http://www.f2.com/,,
CATALOG_ONLY,,,,,F2,Boxer,f2--boxer,2000,earliest_sourced,verified,https://web.archive.org/web/20000110194437/http://www.f2.com/snowboards/soulbds.htm | https://web.archive.org/web/200104/http://www.f2.com/,,
CATALOG_ONLY,,,,,F2,Breezer,f2--breezer,2001,earliest_sourced,likely,https://web.archive.org/web/200102/http://www.f2.com/ | https://web.archive.org/web/200104/http://www.f2.com/,,
CATALOG_ONLY,,,,,F2,Carve,f2--carve,2001,earliest_sourced,likely,https://web.archive.org/web/200102/http://www.f2.com/,,
CATALOG_ONLY,,,,,F2,Crossride,f2--crossride,2001,earliest_sourced,likely,https://web.archive.org/web/200102/http://www.f2.com/ | https://web.archive.org/web/200108/http://www.f2.com/,,
CATALOG_ONLY,,,,,F2,Cruiser,f2--cruiser,2000,earliest_sourced,verified,https://web.archive.org/web/20000110194437/http://www.f2.com/snowboards/soulbds.htm,,
CATALOG_ONLY,,,,,F2,Duke,f2--duke,2000,earliest_sourced,verified,https://web.archive.org/web/20000110194437/http://www.f2.com/snowboards/soulbds.htm,,
CATALOG_ONLY,,,,,F2,Eliminator,f2--eliminator,2001,earliest_sourced,likely,https://web.archive.org/web/200102/http://www.f2.com/ | https://web.archive.org/web/200110/http://www.f2.com/,,
CATALOG_ONLY,,,,,F2,Fatcarve,f2--fatcarve,2001,earliest_sourced,likely,https://web.archive.org/web/200102/http://www.f2.com/ | https://web.archive.org/web/200107/http://www.f2.com/,,
CATALOG_ONLY,,,,,F2,Glide,f2--glide,2001,earliest_sourced,likely,https://web.archive.org/web/200102/http://www.f2.com/ | https://web.archive.org/web/200107/http://www.f2.com/,,
CATALOG_ONLY,,,,,F2,Lightglide,f2--lightglide,2001,earliest_sourced,likely,https://web.archive.org/web/200102/http://www.f2.com/ | https://web.archive.org/web/200110/http://www.f2.com/,,
CATALOG_ONLY,,,,,F2,Mic,f2--mic,2000,earliest_sourced,verified,https://web.archive.org/web/20000110194437/http://www.f2.com/snowboards/soulbds.htm,,
CATALOG_ONLY,,,,,F2,Roadster,f2--roadster,2002,earliest_sourced,likely,https://web.archive.org/web/200110/http://www.f2.com/ | https://web.archive.org/web/200111/http://www.f2.com/,,
CATALOG_ONLY,,,,,F2,Roadster III,f2--roadster-iii,2001,earliest_sourced,likely,https://web.archive.org/web/200102/http://www.f2.com/,,
CATALOG_ONLY,,,,,F2,Shorty,f2--shorty,2001,earliest_sourced,likely,https://web.archive.org/web/200102/http://www.f2.com/ | https://web.archive.org/web/200108/http://www.f2.com/,,
CATALOG_ONLY,,,,,F2,Silberpfeil,f2--silberpfeil,2001,earliest_sourced,likely,https://web.archive.org/web/200102/http://www.f2.com/ | https://web.archive.org/web/200108/http://www.f2.com/,,
CATALOG_ONLY,,,,,F2,Speed GTS,f2--speed-gts,2001,earliest_sourced,likely,https://web.archive.org/web/200102/http://www.f2.com/ | https://web.archive.org/web/200107/http://www.f2.com/,,
CATALOG_ONLY,,,,,F2,Speedride,f2--speedride,2001,earliest_sourced,likely,https://web.archive.org/web/200102/http://www.f2.com/ | https://web.archive.org/web/200108/http://www.f2.com/,,
CATALOG_ONLY,,,,,F2,Speedster RS,f2--speedster-rs,1998,earliest_sourced,verified,https://web.archive.org/web/20000110180826/http://www.f2.com/snowboards/raboards.htm | https://web.archive.org/web/200111/http://www.f2.com/,,
CATALOG_ONLY,,,,,F2,Speedster SL,f2--speedster-sl,2000,earliest_sourced,verified,https://web.archive.org/web/20000110180826/http://www.f2.com/snowboards/raboards.htm | https://web.archive.org/web/200111/http://www.f2.com/,,
CATALOG_ONLY,,,,,F2,Superglide,f2--superglide,2001,earliest_sourced,likely,https://web.archive.org/web/200102/http://www.f2.com/ | https://web.archive.org/web/200111/http://www.f2.com/,,
CATALOG_ONLY,,,,,F2,Wideglide,f2--wideglide,2002,earliest_sourced,likely,https://web.archive.org/web/200110/http://www.f2.com/ | https://web.archive.org/web/200111/http://www.f2.com/,,
CATALOG_ONLY,,,,,Fanatic,Ultra Boa,fanatic--ultra-boa,1990,introduced,likely,https://archive.org/details/tws-89-93,,
CATALOG_ONLY,,,,,Fanatic,Ultra Mamba,fanatic--ultra-mamba,1990,introduced,likely,https://archive.org/details/tws-89-93,,
CATALOG_ONLY,,,,,Fanatic,Ultra Viper,fanatic--ultra-viper,1990,introduced,likely,https://archive.org/details/tws-89-93,,
CATALOG_ONLY,,,,,Flite,Bongo,flite--bongo,1990,introduced,likely,https://archive.org/details/tws-89-93,,
CATALOG_ONLY,,,,,Flite,Predator,flite--predator,1988,introduced,verified,https://archive.org/details/ISM-87-91 | https://archive.org/details/tws-89-93,,
CATALOG_ONLY,,,,,Flite,Rocket,flite--rocket,1988,introduced,likely,https://archive.org/details/ISM-87-91,,
CATALOG_ONLY,,,,,Flite,UFO,flite--ufo,1988,introduced,verified,https://archive.org/details/ISM-87-91 | https://archive.org/details/tws-89-93 | https://www.michigansnowboardmuseum.com/the-neon-era--other-80s-decks.html,,
CATALOG_ONLY,,,,,Flite,Wavehog,flite--wavehog,1988,introduced,likely,https://archive.org/details/ISM-87-91,,
CATALOG_ONLY,,,,,Flite,Weapon,flite--weapon,1988,introduced,verified,https://archive.org/details/ISM-87-91 | https://archive.org/details/tws-89-93,,
CATALOG_ONLY,,,,,Flow,BFF,flow--bff,2010,earliest_sourced,likely,https://www.snowdb.com/catalog/flow,,
CATALOG_ONLY,,,,,Flow,Bliss,flow--bliss,2008,earliest_sourced,verified,https://www.snowdb.com/catalog/flow | https://web.archive.org/web/200708/http://www.flow.com/ | https://web.archive.org/web/200812/http://www.flow.com/,,
CATALOG_ONLY,,,,,Flow,Diskord,flow--diskord,2007,earliest_sourced,verified,https://www.snowdb.com/catalog/flow | https://web.archive.org/web/200608/http://www.flow.com/ | https://web.archive.org/web/200812/http://www.flow.com/,,
CATALOG_ONLY,,,,,Flow,Drifter,flow--drifter,2012,earliest_sourced,likely,https://www.snowdb.com/catalog/flow,,
CATALOG_ONLY,,,,,Flow,Elation,flow--elation,2007,earliest_sourced,verified,https://www.snowdb.com/catalog/flow | https://web.archive.org/web/200608/http://www.flow.com/ | https://web.archive.org/web/200812/http://www.flow.com/,,
CATALOG_ONLY,,,,,Flow,Era,flow--era,2008,earliest_sourced,verified,https://www.snowdb.com/catalog/flow | https://web.archive.org/web/200708/http://www.flow.com/ | https://web.archive.org/web/200812/http://www.flow.com/,,
CATALOG_ONLY,,,,,Flow,Infinia,flow--infinia,2007,earliest_sourced,verified,https://www.snowdb.com/catalog/flow | https://web.archive.org/web/200608/http://www.flow.com/ | https://web.archive.org/web/200812/http://www.flow.com/,,
CATALOG_ONLY,,,,,Flow,Infinite,flow--infinite,2007,earliest_sourced,verified,https://www.snowdb.com/catalog/flow | https://web.archive.org/web/200608/http://www.flow.com/ | https://web.archive.org/web/200812/http://www.flow.com/,,
CATALOG_ONLY,,,,,Flow,Jewel,flow--jewel,2008,earliest_sourced,verified,https://www.snowdb.com/catalog/flow | https://web.archive.org/web/200708/http://www.flow.com/ | https://web.archive.org/web/200812/http://www.flow.com/,,
CATALOG_ONLY,,,,,Flow,Lotus,flow--lotus,2004,earliest_sourced,likely,https://web.archive.org/web/200310/http://www.flow.com/ | https://web.archive.org/web/200808/http://www.flow.com/,,
CATALOG_ONLY,,,,,Flow,Merc,flow--merc,2008,earliest_sourced,verified,https://www.snowdb.com/catalog/flow | https://web.archive.org/web/200708/http://www.flow.com/ | https://web.archive.org/web/200812/http://www.flow.com/,,
CATALOG_ONLY,,,,,Flow,Micron,flow--micron,2007,earliest_sourced,likely,https://web.archive.org/web/200608/http://www.flow.com/ | https://web.archive.org/web/200812/http://www.flow.com/,,
CATALOG_ONLY,,,,,Flow,Micron Mini,flow--micron-mini,2008,earliest_sourced,verified,https://www.snowdb.com/catalog/flow | https://web.archive.org/web/200708/http://www.flow.com/ | https://web.archive.org/web/200812/http://www.flow.com/,,
CATALOG_ONLY,,,,,Flow,Myriad,flow--myriad,2007,earliest_sourced,verified,https://www.snowdb.com/catalog/flow | https://web.archive.org/web/200608/http://www.flow.com/ | https://web.archive.org/web/200812/http://www.flow.com/,,
CATALOG_ONLY,,,,,Flow,Quantum,flow--quantum,2007,earliest_sourced,verified,https://www.snowdb.com/catalog/flow | https://web.archive.org/web/200608/http://www.flow.com/ | https://web.archive.org/web/200812/http://www.flow.com/,,
CATALOG_ONLY,,,,,Flow,Rhythm,flow--rhythm,2010,earliest_sourced,likely,https://www.snowdb.com/catalog/flow,,
CATALOG_ONLY,,,,,Flow,Shifty,flow--shifty,2012,earliest_sourced,likely,https://www.snowdb.com/catalog/flow,,
CATALOG_ONLY,,,,,Flow,Solitude,flow--solitude,2007,earliest_sourced,verified,https://www.snowdb.com/catalog/flow | https://web.archive.org/web/200608/http://www.flow.com/ | https://web.archive.org/web/200812/http://www.flow.com/,,
CATALOG_ONLY,,,,,Flow,Strike,flow--strike,2007,earliest_sourced,verified,https://www.snowdb.com/catalog/flow | https://web.archive.org/web/200608/http://www.flow.com/ | https://web.archive.org/web/200812/http://www.flow.com/,,
CATALOG_ONLY,,,,,Flow,Team,flow--team,2008,earliest_sourced,likely,https://www.snowdb.com/catalog/flow,,
CATALOG_ONLY,,,,,Flow,Team Micron,flow--team-micron,2008,earliest_sourced,likely,https://www.snowdb.com/catalog/flow,,
CATALOG_ONLY,,,,,Flow,Venus,flow--venus,2008,earliest_sourced,verified,https://www.snowdb.com/catalog/flow | https://web.archive.org/web/200708/http://www.flow.com/ | https://web.archive.org/web/200812/http://www.flow.com/,,
CATALOG_ONLY,,,,,Flow,Verve,flow--verve,2010,earliest_sourced,likely,https://www.snowdb.com/catalog/flow,,
CATALOG_ONLY,,,,,Flow,WX,flow--wx,2008,earliest_sourced,likely,https://www.snowdb.com/catalog/flow,,
CATALOG_ONLY,,,,,Forum,Amor,forum--amor,2010,earliest_sourced,likely,https://www.snowdb.com/catalog/forum,,
CATALOG_ONLY,,,,,Forum,Aura,forum--aura,2008,earliest_sourced,likely,https://www.snowdb.com/catalog/forum,,
CATALOG_ONLY,,,,,Forum,Bjorn Leines,forum--bjorn-leines,2004,earliest_sourced,verified,https://web.archive.org/web/200308/http://www.forumsnowboards.com/ | https://web.archive.org/web/200503/http://www.forumsnowboards.com/,,
CATALOG_ONLY,,,,,Forum,Bully,forum--bully,2008,earliest_sourced,verified,https://www.snowdb.com/catalog/forum | https://www.the-house.com/portal/forum-company-history/,,
CATALOG_ONLY,,,,,Forum,Conflict,forum--conflict,2011,earliest_sourced,likely,https://www.snowdb.com/catalog/forum,,
CATALOG_ONLY,,,,,Forum,Contract,forum--contract,2011,earliest_sourced,likely,https://www.snowdb.com/catalog/forum,,
CATALOG_ONLY,,,,,Forum,Craft,forum--craft,2008,earliest_sourced,likely,https://www.snowdb.com/catalog/forum,,
CATALOG_ONLY,,,,,Forum,Darkness,forum--darkness,2008,earliest_sourced,likely,https://www.snowdb.com/catalog/forum,,
CATALOG_ONLY,,,,,Forum,Deck,forum--deck,2012,earliest_sourced,likely,https://www.snowdb.com/catalog/forum,,
CATALOG_ONLY,,,,,Forum,Destroyer,forum--destroyer,2004,earliest_sourced,verified,https://www.snowdb.com/catalog/forum | https://whitelines.com/brands/forum | https://www.the-house.com/portal/forum-company-history/ | https://web.archive.org/web/200308/http://www.forumsnowboards.com/ | https://web.archive.org/web/200504/http://www.forumsnowboards.com/,,
CATALOG_ONLY,,,,,Forum,Devun Walsh,forum--devun-walsh,2004,earliest_sourced,verified,https://www.snowboarder.com/transworld-snowboarding-archive/what-the-pros-are-rockin-devun-walsh | https://web.archive.org/web/200308/http://www.forumsnowboards.com/ | https://web.archive.org/web/200504/http://www.forumsnowboards.com/,,
CATALOG_ONLY,,,,,Forum,Division,forum--division,2005,earliest_sourced,likely,https://web.archive.org/web/200408/http://www.forumsnowboards.com/ | https://web.archive.org/web/200504/http://www.forumsnowboards.com/,,
CATALOG_ONLY,,,,,Forum,Dreamboat,forum--dreamboat,2010,earliest_sourced,likely,https://www.snowdb.com/catalog/forum,,
CATALOG_ONLY,,,,,Forum,Eddie Wall Pro,forum--eddie-wall-pro,2008,earliest_sourced,likely,https://www.snowdb.com/catalog/forum,,
CATALOG_ONLY,,,,,Forum,Elite,forum--elite,2004,earliest_sourced,verified,https://web.archive.org/web/200308/http://www.forumsnowboards.com/ | https://web.archive.org/web/200503/http://www.forumsnowboards.com/,,
CATALOG_ONLY,,,,,Forum,F-10,forum--f-10,2004,earliest_sourced,verified,https://web.archive.org/web/200308/http://www.forumsnowboards.com/ | https://web.archive.org/web/200503/http://www.forumsnowboards.com/,,
CATALOG_ONLY,,,,,Forum,Grudge,forum--grudge,2008,earliest_sourced,verified,https://www.snowdb.com/catalog/forum | https://www.the-house.com/portal/forum-company-history/,,
CATALOG_ONLY,,,,,Forum,Helm,forum--helm,2010,earliest_sourced,likely,https://www.snowdb.com/catalog/forum,,
CATALOG_ONLY,,,,,Forum,Holy Moly,forum--holy-moly,2011,earliest_sourced,likely,https://www.snowdb.com/catalog/forum,,
CATALOG_ONLY,,,,,Forum,Honeypot,forum--honeypot,2011,earliest_sourced,likely,https://www.snowdb.com/catalog/forum,,
CATALOG_ONLY,,,,,Forum,Image,forum--image,2010,earliest_sourced,likely,https://www.snowdb.com/catalog/forum,,
CATALOG_ONLY,,,,,Forum,John Jackson Pro,forum--john-jackson-pro,2009,earliest_sourced,likely,https://www.snowdb.com/catalog/forum,,
CATALOG_ONLY,,,,,Forum,JP Walker,forum--jp-walker,2003,earliest_sourced,verified,https://www.snowboarder.com/news/what-the-pros-are-rockin-jp-walker | https://www.evo.com/snowboards/forum-jp-walker-snowboard | https://forumsnow.com/products/forum-jp-walker-legend-series-snowboard-154 | https://web.archive.org/web/200308/http://www.forumsnowboards.com/ | https://web.archive.org/web/200503/http://www.forumsnowboards.com/,,
CATALOG_ONLY,,,,,Forum,Lander,forum--lander,2008,earliest_sourced,likely,https://www.snowdb.com/catalog/forum,,
CATALOG_ONLY,,,,,Forum,Manual,forum--manual,2008,earliest_sourced,likely,https://www.snowdb.com/catalog/forum,,
CATALOG_ONLY,,,,,Forum,Mini Destroyer,forum--mini-destroyer,2004,earliest_sourced,verified,https://web.archive.org/web/200308/http://www.forumsnowboards.com/ | https://web.archive.org/web/200503/http://www.forumsnowboards.com/,,
CATALOG_ONLY,,,,,Forum,Mini Pro,forum--mini-pro,2004,earliest_sourced,verified,https://web.archive.org/web/200308/http://www.forumsnowboards.com/ | https://web.archive.org/web/200505/http://www.forumsnowboards.com/,,
CATALOG_ONLY,,,,,Forum,Mini Youngblood,forum--mini-youngblood,2008,earliest_sourced,likely,https://www.snowdb.com/catalog/forum,,
CATALOG_ONLY,,,,,Forum,Nugget,forum--nugget,2010,earliest_sourced,likely,https://www.snowdb.com/catalog/forum,,
CATALOG_ONLY,,,,,Forum,Pat Moore Pro,forum--pat-moore-pro,2009,earliest_sourced,likely,https://www.snowdb.com/catalog/forum,,
CATALOG_ONLY,,,,,Forum,Peter Line,forum--peter-line,2004,earliest_sourced,verified,https://web.archive.org/web/200308/http://www.forumsnowboards.com/ | https://web.archive.org/web/200503/http://www.forumsnowboards.com/,,
CATALOG_ONLY,,,,,Forum,Raider,forum--raider,2004,earliest_sourced,verified,https://www.snowdb.com/catalog/forum | https://web.archive.org/web/200308/http://www.forumsnowboards.com/ | https://web.archive.org/web/200504/http://www.forumsnowboards.com/,,
CATALOG_ONLY,,,,,Forum,Rat,forum--rat,2011,earliest_sourced,likely,https://www.snowdb.com/catalog/forum,,
CATALOG_ONLY,,,,,Forum,Recon,forum--recon,2004,earliest_sourced,verified,https://www.snowdb.com/catalog/forum | https://web.archive.org/web/200308/http://www.forumsnowboards.com/ | https://web.archive.org/web/200504/http://www.forumsnowboards.com/,,
CATALOG_ONLY,,,,,Forum,Roost,forum--roost,2008,earliest_sourced,likely,https://www.snowdb.com/catalog/forum,,
CATALOG_ONLY,,,,,Forum,Sauce,forum--sauce,2011,earliest_sourced,likely,https://www.snowdb.com/catalog/forum,,
CATALOG_ONLY,,,,,Forum,Scallywag,forum--scallywag,2010,earliest_sourced,verified,https://www.snowdb.com/catalog/forum | https://whitelines.com/brands/forum,,
CATALOG_ONLY,,,,,Forum,Scheme,forum--scheme,2009,earliest_sourced,likely,https://www.snowdb.com/catalog/forum,,
CATALOG_ONLY,,,,,Forum,Scout,forum--scout,2008,earliest_sourced,likely,https://www.snowdb.com/catalog/forum,,
CATALOG_ONLY,,,,,Forum,Seeker,forum--seeker,2008,earliest_sourced,likely,https://www.snowdb.com/catalog/forum,,
CATALOG_ONLY,,,,,Forum,Spinster,forum--spinster,2009,earliest_sourced,likely,https://www.snowdb.com/catalog/forum,,
CATALOG_ONLY,,,,,Forum,Star,forum--star,2004,earliest_sourced,verified,https://www.snowdb.com/catalog/forum | https://web.archive.org/web/200308/http://www.forumsnowboards.com/ | https://web.archive.org/web/200504/http://www.forumsnowboards.com/,,
CATALOG_ONLY,,,,,Forum,Stomper,forum--stomper,2008,earliest_sourced,likely,https://www.snowdb.com/catalog/forum,,
CATALOG_ONLY,,,,,Forum,Street Dweller,forum--street-dweller,2004,earliest_sourced,likely,https://web.archive.org/web/200311/http://www.forumsnowboards.com/ | https://web.archive.org/web/200503/http://www.forumsnowboards.com/,,
CATALOG_ONLY,,,,,Forum,Substance,forum--substance,2009,earliest_sourced,likely,https://www.snowdb.com/catalog/forum,,
CATALOG_ONLY,,,,,Forum,Superstar,forum--superstar,2008,earliest_sourced,likely,https://www.snowdb.com/catalog/forum,,
CATALOG_ONLY,,,,,Forum,Symbol,forum--symbol,2009,earliest_sourced,likely,https://www.snowdb.com/catalog/forum,,
CATALOG_ONLY,,,,,Forum,The Hundreds,forum--the-hundreds,2009,earliest_sourced,likely,https://www.snowdb.com/catalog/forum,,
CATALOG_ONLY,,,,,Forum,Travis Kennedy Pro,forum--travis-kennedy-pro,2009,earliest_sourced,likely,https://www.snowdb.com/catalog/forum,,
CATALOG_ONLY,,,,,Forum,Warrior,forum--warrior,2005,earliest_sourced,likely,https://web.archive.org/web/200408/http://www.forumsnowboards.com/ | https://web.archive.org/web/200504/http://www.forumsnowboards.com/,,
CATALOG_ONLY,,,,,Forum,Youngblood,forum--youngblood,2004,earliest_sourced,verified,https://www.snowboarder.com/transworld-snowboarding-archive/what-the-pros-are-rockin-devun-walsh | https://www.snowdb.com/catalog/forum | https://whitelines.com/brands/forum | https://web.archive.org/web/200308/http://www.forumsnowboards.com/ | https://web.archive.org/web/200504/http://www.forumsnowboards.com/,,
CATALOG_ONLY,,,,,Gentemstick,Barracuda,gentemstick--barracuda,,unknown,likely,https://gentemstick.com/en/collections/snowboards | https://thegoodride.com/snowboard-reviews/gentemstick-chaser-hp-snowboard-review/,,
CATALOG_ONLY,,,,,Gentemstick,Big Fish,gentemstick--big-fish,,unknown,likely,https://gentemstick.com/en/collections/snowboards,,
CATALOG_ONLY,,,,,Gentemstick,Floater,gentemstick--floater,,unknown,likely,https://gentemstick.com/en/collections/snowboards,,
CATALOG_ONLY,,,,,Gentemstick,Hornet,gentemstick--hornet,,unknown,likely,https://gentemstick.com/en/collections/snowboards,,
CATALOG_ONLY,,,,,Gentemstick,Impossible,gentemstick--impossible,,unknown,likely,https://gentemstick.com/en/collections/snowboards,,
CATALOG_ONLY,,,,,Gentemstick,Mantaray,gentemstick--mantaray,2019,earliest_sourced,verified,https://thegoodride.com/snowboard-reviews/gentemstick-mantaray-snowboard-review/ | https://gentemstick.com/en/collections/snowboards,,
CATALOG_ONLY,,,,,Gentemstick,Rocket Fish,gentemstick--rocket-fish,2015,earliest_sourced,verified,https://thegoodride.com/snowboard-reviews/gentemstick-rocket-fish-snowboard-review/ | https://gentemstick.com/en/collections/snowboards,,
CATALOG_ONLY,,,,,Gentemstick,Speedmaster,gentemstick--speedmaster,,unknown,likely,https://gentemstick.com/en/collections/snowboards,,
CATALOG_ONLY,,,,,Gentemstick,Spoon Fish,gentemstick--spoon-fish,,unknown,likely,https://gentemstick.com/en/collections/snowboards,,
CATALOG_ONLY,,,,,Gentemstick,Stingray,gentemstick--stingray,2015,introduced,likely,https://thegoodride.com/snowboard-reviews/gentemstick-stingray-snowboard-review/,,
CATALOG_ONLY,,,,,Gentemstick,Super Fish,gentemstick--super-fish,,unknown,likely,https://gentemstick.com/en/collections/snowboards,,
CATALOG_ONLY,,,,,Gentemstick,T.T,gentemstick--t-t,,unknown,likely,https://gentemstick.com/en/collections/snowboards,,
CATALOG_ONLY,,,,,Gentemstick,The Chaser,gentemstick--the-chaser,2019,introduced,verified,https://thegoodride.com/snowboard-reviews/gentemstick-chaser-hp-snowboard-review/ | https://gentemstick.com/en/collections/snowboards,,
CATALOG_ONLY,,,,,Gentemstick,Trinity,gentemstick--trinity,,unknown,likely,https://gentemstick.com/en/collections/snowboards,,
CATALOG_ONLY,,,,,Gentemstick,Zephyr,gentemstick--zephyr,,unknown,likely,https://gentemstick.com/en/collections/snowboards,,
CATALOG_ONLY,,,,,GNU,11 Up,gnu--11-up,2006,earliest_sourced,likely,https://web.archive.org/web/200603/http://www.gnu.com/ | https://web.archive.org/web/200808/http://www.gnu.com/,,
CATALOG_ONLY,,,,,GNU,4,gnu--4,2020,introduced,likely,https://thegoodride.com/brand/gnu/,,
CATALOG_ONLY,,,,,GNU,4x4,gnu--4x4,2026,earliest_sourced,verified,https://www.evo.com/shop/snowboard/snowboards/gnu | https://www.gnu.com/blog/category/snowboard-history/,,
CATALOG_ONLY,,,,,GNU,Abfahrt,gnu--abfahrt,1998,earliest_sourced,verified,https://web.archive.org/web/19980218102239/http://gnu.com/gnuboards.html,,
CATALOG_ONLY,,,,,GNU,Altered Genetics,gnu--altered-genetics,2004,earliest_sourced,verified,https://www.snowdb.com/catalog/gnu | https://web.archive.org/web/200405/http://www.gnu.com/ | https://web.archive.org/web/200708/http://www.gnu.com/,,
CATALOG_ONLY,,,,,GNU,Antigravity,gnu--antigravity,1988,earliest_sourced,verified,https://www.michigansnowboardmuseum.com/the-neon-era--other-80s-decks.html | https://www.agnarchy.com/1988-gnu-antigravity/ | https://www.gnu.com/1920-antigravity | https://www.gnu.com/gnu-snowboards | https://thegoodride.com/snowboard-reviews/gnu-antigravity-snowboard-review/,,
CATALOG_ONLY,,,,,GNU,B-Mini,gnu--b-mini,2011,earliest_sourced,likely,https://www.snowdb.com/catalog/gnu,,
CATALOG_ONLY,,,,,GNU,B-Nice,gnu--b-nice,2007,earliest_sourced,verified,https://www.snowdb.com/catalog/gnu | https://thegoodride.com/snowboard-reviews/gnu-b-nice-snowboard-review-by-steph-w/ | https://web.archive.org/web/200611/http://www.gnu.com/ | https://web.archive.org/web/200812/http://www.gnu.com/,,
CATALOG_ONLY,,,,,GNU,B-Pro,gnu--b-pro,2007,earliest_sourced,verified,https://www.snowdb.com/catalog/gnu | https://web.archive.org/web/200612/http://www.gnu.com/ | https://web.archive.org/web/200812/http://www.gnu.com/,,
CATALOG_ONLY,,,,,GNU,B-Pro Mini,gnu--b-pro-mini,2009,earliest_sourced,likely,https://www.snowdb.com/catalog/gnu,,
CATALOG_ONLY,,,,,GNU,B-Real,gnu--b-real,2008,earliest_sourced,verified,https://www.snowdb.com/catalog/gnu | https://web.archive.org/web/200712/http://www.gnu.com/ | https://web.archive.org/web/200812/http://www.gnu.com/,,
CATALOG_ONLY,,,,,GNU,B-Street,gnu--b-street,2007,earliest_sourced,verified,https://www.snowdb.com/catalog/gnu | https://web.archive.org/web/200701/http://www.gnu.com/ | https://web.archive.org/web/200812/http://www.gnu.com/,,
CATALOG_ONLY,,,,,GNU,Banked Country,gnu--banked-country,2022,introduced,verified,https://thegoodride.com/snowboard-reviews/gnu-banked-country-snowboard-review/ | https://www.gnu.com/gnu-snowboards | https://www.evo.com/shop/snowboard/snowboards/gnu,,
CATALOG_ONLY,,,,,GNU,Barrett,gnu--barrett,2027,earliest_sourced,verified,https://www.gnu.com/gnu-snowboards | https://www.evo.com/shop/snowboard/snowboards/gnu,,
CATALOG_ONLY,,,,,GNU,Barrett Christy,gnu--barrett-christy,1998,earliest_sourced,verified,https://web.archive.org/web/200311/http://www.gnu.com/ | https://web.archive.org/web/200603/http://www.gnu.com/ | https://web.archive.org/web/19980218102239/http://gnu.com/gnuboards.html | https://web.archive.org/web/19991010235729/http://www.gnu.com/gnuboards.html | https://web.archive.org/web/20000122142236/http://www.gnu.com/bcboards.html | https://web.archive.org/web/20010615123842/http://www.gnu.com/barrettboards.html,,
CATALOG_ONLY,,,,,GNU,Barrett Christy Mini,gnu--barrett-christy-mini,1998,introduced,verified,https://web.archive.org/web/19980218102239/http://gnu.com/gnuboards.html,,
CATALOG_ONLY,,,,,GNU,BAS,gnu--bas,1995,introduced,likely,https://retrosnow.com/product-category/gnu/,,
CATALOG_ONLY,,,,,GNU,Billy Goat,gnu--billy-goat,2008,earliest_sourced,verified,https://www.snowdb.com/catalog/gnu | https://web.archive.org/web/200710/http://www.gnu.com/ | https://web.archive.org/web/200812/http://www.gnu.com/,,
CATALOG_ONLY,,,,,GNU,C-Money,gnu--c-money,2026,earliest_sourced,likely,https://www.evo.com/shop/snowboard/snowboards/gnu,,
CATALOG_ONLY,,,,,GNU,Carbon High Beam,gnu--carbon-high-beam,2004,earliest_sourced,verified,https://www.snowdb.com/catalog/gnu | https://web.archive.org/web/200311/http://www.gnu.com/ | https://web.archive.org/web/200812/http://www.gnu.com/,,
CATALOG_ONLY,,,,,GNU,Concept,gnu--concept,1988,introduced,likely,https://retrosnow.com/product-category/gnu/,,
CATALOG_ONLY,,,,,GNU,Danny Kass,gnu--danny-kass,2004,earliest_sourced,verified,https://www.snowboarder.com/transworld-snowboarding-archive/snowboarding-photos/what-the-pros-are-rockin-danny-kass/ | https://www.snowdb.com/catalog/gnu | https://web.archive.org/web/200308/http://www.gnu.com/ | https://web.archive.org/web/200812/http://www.gnu.com/,,
CATALOG_ONLY,,,,,GNU,Danny Kass Mini,gnu--danny-kass-mini,2004,earliest_sourced,verified,https://www.snowdb.com/catalog/gnu | https://web.archive.org/web/200405/http://www.gnu.com/ | https://web.archive.org/web/200806/http://www.gnu.com/,,
CATALOG_ONLY,,,,,GNU,Dirty Pillow,gnu--dirty-pillow,2011,earliest_sourced,likely,https://www.snowdb.com/catalog/gnu,,
CATALOG_ONLY,,,,,GNU,Dukester,gnu--dukester,1995,earliest_sourced,verified,https://retrosnow.com/product-category/gnu/ | https://web.archive.org/web/19980218102239/http://gnu.com/gnuboards.html,,
CATALOG_ONLY,,,,,GNU,Essential Service,gnu--essential-service,2021,introduced,likely,https://thegoodride.com/snowboard-reviews/gnu-essential-service-snowboard-review/,,
CATALOG_ONLY,,,,,GNU,Factory Choice,gnu--factory-choice,1998,earliest_sourced,verified,https://web.archive.org/web/19980218102239/http://gnu.com/gnuboards.html | https://web.archive.org/web/19991010235729/http://www.gnu.com/gnuboards.html,,
CATALOG_ONLY,,,,,GNU,Facts,gnu--facts,2026,earliest_sourced,verified,https://www.gnu.com/gnu-snowboards | https://www.evo.com/shop/snowboard/snowboards/gnu,,
CATALOG_ONLY,,,,,GNU,Fiction,gnu--fiction,2027,earliest_sourced,verified,https://www.gnu.com/gnu-snowboards | https://www.evo.com/shop/snowboard/snowboards/gnu,,
CATALOG_ONLY,,,,,GNU,Forest Bailey Pickle,gnu--forest-bailey-pickle,2012,earliest_sourced,likely,https://www.snowdb.com/catalog/gnu,,
CATALOG_ONLY,,,,,GNU,Gateway,gnu--gateway,2015,introduced,likely,https://www.snowboarder.com/transworld-snowboarding-archive/gnu-gateway-snowboard-review-2014,,
CATALOG_ONLY,,,,,GNU,Gloss,gnu--gloss,2025,earliest_sourced,verified,https://www.gnu.com/gnu-snowboards | https://www.evo.com/shop/snowboard/snowboards/gnu,,
CATALOG_ONLY,,,,,GNU,Gremlin,gnu--gremlin,2026,earliest_sourced,verified,https://www.gnu.com/gnu-snowboards | https://www.evo.com/shop/snowboard/snowboards/gnu,,
CATALOG_ONLY,,,,,GNU,Hampus Mosesson,gnu--hampus-mosesson,2008,earliest_sourced,likely,https://web.archive.org/web/200710/http://www.gnu.com/ | https://web.archive.org/web/200808/http://www.gnu.com/,,
CATALOG_ONLY,,,,,GNU,Hasselhoff,gnu--hasselhoff,1998,earliest_sourced,verified,https://web.archive.org/web/19980218102239/http://gnu.com/gnuboards.html,,
CATALOG_ONLY,,,,,GNU,Haulin Oats,gnu--haulin-oats,1998,earliest_sourced,verified,https://web.archive.org/web/19980218102239/http://gnu.com/gnuboards.html | https://web.archive.org/web/19991010235729/http://www.gnu.com/gnuboards.html,,
CATALOG_ONLY,,,,,GNU,Head Space,gnu--head-space,2019,earliest_sourced,verified,https://www.snowboarder.com/transworld-snowboarding-archive/gnu-headspace-good-wood-snowboard-review-2019 | https://www.gnu.com/gnu-snowboards | https://www.evo.com/shop/snowboard/snowboards/gnu,,
CATALOG_ONLY,,,,,GNU,Hyper,gnu--hyper,2024,introduced,likely,https://thegoodride.com/snowboard-reviews/gnu-hyper-snowboard-review/,,
CATALOG_ONLY,,,,,GNU,Impossible Series,gnu--impossible-series,2012,earliest_sourced,likely,https://www.snowdb.com/catalog/gnu,,
CATALOG_ONLY,,,,,GNU,Kaos,gnu--kaos,1988,introduced,likely,https://retrosnow.com/product-category/gnu/,,
CATALOG_ONLY,,,,,GNU,Ladies Choice,gnu--ladies-choice,2015,earliest_sourced,verified,https://www.snowboarder.com/transworld-snowboarding-archive/snowboarding-gear/gnu-ladies-choice-snowboard-review-2014-2015/ | https://www.gnu.com/gnu-snowboards | https://www.evo.com/shop/snowboard/snowboards/gnu,,
CATALOG_ONLY,,,,,GNU,Metal Gnuru,gnu--metal-gnuru,2015,introduced,likely,https://www.snowboarder.com/transworld-snowboarding-archive/snowboarding-gear/gnu-metal-gnuru-snowboard-review-2014-2015/,,
CATALOG_ONLY,,,,,GNU,MiiRA,gnu--miira,2027,earliest_sourced,verified,https://www.gnu.com/gnu-snowboards | https://www.evo.com/shop/snowboard/snowboards/gnu,,
CATALOG_ONLY,,,,,GNU,Money,gnu--money,2025,earliest_sourced,verified,https://www.gnu.com/gnu-snowboards | https://www.evo.com/shop/snowboard/snowboards/gnu,,
CATALOG_ONLY,,,,,GNU,Mullair,gnu--mullair,2019,introduced,likely,https://www.snowboarder.com/news/gnu-mullair-good-wood-snowboard-review-2019,,
CATALOG_ONLY,,,,,GNU,Nibbler,gnu--nibbler,1998,earliest_sourced,verified,https://web.archive.org/web/19980218102239/http://gnu.com/gnuboards.html,,
CATALOG_ONLY,,,,,GNU,Park Pickle,gnu--park-pickle,2010,earliest_sourced,likely,https://www.snowdb.com/catalog/gnu,,
CATALOG_ONLY,,,,,GNU,Pepper,gnu--pepper,2027,earliest_sourced,verified,https://www.gnu.com/gnu-snowboards | https://www.evo.com/shop/snowboard/snowboards/gnu,,
CATALOG_ONLY,,,,,GNU,Pharaoh,gnu--pharaoh,1998,earliest_sourced,verified,https://web.archive.org/web/19980218102239/http://gnu.com/gnuboards.html,,
CATALOG_ONLY,,,,,GNU,Playdate,gnu--playdate,2027,earliest_sourced,likely,https://www.gnu.com/gnu-snowboards,,
CATALOG_ONLY,,,,,GNU,Pro Choice,gnu--pro-choice,2025,earliest_sourced,likely,https://www.evo.com/shop/snowboard/snowboards/gnu,,
CATALOG_ONLY,,,,,GNU,Recess,gnu--recess,2027,earliest_sourced,likely,https://www.gnu.com/gnu-snowboards,,
CATALOG_ONLY,,,,,GNU,Riders Choice,gnu--riders-choice,2004,earliest_sourced,verified,https://www.snowdb.com/catalog/gnu | https://snowboarder.com/transworld-snowboarding-archive/snowboarding-gear/gnu-riders-choice-snowboard-review-2014-2015 | https://thegoodride.com/snowboard-reviews/gnu-riders-choice-2010-2019-snowboard-review/ | https://www.evo.com/shop/snowboard/snowboards/gnu | https://web.archive.org/web/200311/http://www.gnu.com/ | https://web.archive.org/web/200812/http://www.gnu.com/,,
CATALOG_ONLY,,,,,GNU,Riders Choice Pickle,gnu--riders-choice-pickle,2012,earliest_sourced,likely,https://www.snowdb.com/catalog/gnu,,
CATALOG_ONLY,,,,,GNU,Scorp,gnu--scorp,2027,earliest_sourced,verified,https://www.gnu.com/gnu-snowboards | https://www.evo.com/shop/snowboard/snowboards/gnu,,
CATALOG_ONLY,,,,,GNU,Setsuna,gnu--setsuna,2027,earliest_sourced,verified,https://www.gnu.com/gnu-snowboards | https://www.evo.com/shop/snowboard/snowboards/gnu,,
CATALOG_ONLY,,,,,GNU,Sissy,gnu--sissy,1998,earliest_sourced,verified,https://web.archive.org/web/19980218102239/http://gnu.com/gnuboards.html,,
CATALOG_ONLY,,,,,GNU,Skidder,gnu--skidder,1998,earliest_sourced,verified,https://web.archive.org/web/19980218102239/http://gnu.com/gnuboards.html,,
CATALOG_ONLY,,,,,GNU,Street Series,gnu--street-series,2006,earliest_sourced,verified,https://www.snowdb.com/catalog/gnu | https://web.archive.org/web/200603/http://www.gnu.com/ | https://web.archive.org/web/200812/http://www.gnu.com/,,
CATALOG_ONLY,,,,,GNU,Stupid Cap,gnu--stupid-cap,1998,earliest_sourced,verified,https://web.archive.org/web/19980218102239/http://gnu.com/gnuboards.html,,
CATALOG_ONLY,,,,,GNU,T.R.E.,gnu--t-r-e,2027,earliest_sourced,verified,https://www.gnu.com/gnu-snowboards | https://www.evo.com/shop/snowboard/snowboards/gnu,,
CATALOG_ONLY,,,,,GNU,Temple Cummins,gnu--temple-cummins,1998,earliest_sourced,verified,https://www.agnarchy.com/1988-gnu-antigravity/ | https://web.archive.org/web/200311/http://www.gnu.com/ | https://web.archive.org/web/200708/http://www.gnu.com/ | https://web.archive.org/web/19980218102239/http://gnu.com/gnuboards.html | https://web.archive.org/web/19991010235729/http://www.gnu.com/gnuboards.html | https://web.archive.org/web/20000122204522/http://www.gnu.com/tcboards.html,,
CATALOG_ONLY,,,,,GNU,Terrific,gnu--terrific,1998,earliest_sourced,verified,https://web.archive.org/web/19980218102239/http://gnu.com/gnuboards.html,,
CATALOG_ONLY,,,,,GNU,Todd Schlosser,gnu--todd-schlosser,1998,earliest_sourced,verified,https://web.archive.org/web/19980218102239/http://gnu.com/gnuboards.html,,
CATALOG_ONLY,,,,,GNU,Turbo Gremlin,gnu--turbo-gremlin,2026,earliest_sourced,verified,https://www.gnu.com/gnu-snowboards | https://www.evo.com/shop/snowboard/snowboards/gnu,,
CATALOG_ONLY,,,,,GNU,Upgrade,gnu--upgrade,2027,earliest_sourced,likely,https://www.gnu.com/gnu-snowboards,,
CATALOG_ONLY,,,,,GNU,Velvet,gnu--velvet,2025,earliest_sourced,verified,https://www.gnu.com/gnu-snowboards | https://www.evo.com/shop/snowboard/snowboards/gnu,,
CATALOG_ONLY,,,,,GNU,Wagyu,gnu--wagyu,2026,earliest_sourced,verified,https://www.gnu.com/gnu-snowboards | https://www.evo.com/shop/snowboard/snowboards/gnu,,
CATALOG_ONLY,,,,,Head,AK,head--ak,2008,earliest_sourced,likely,https://www.snowdb.com/catalog/head,,
CATALOG_ONLY,,,,,Head,Blush,head--blush,2012,earliest_sourced,likely,https://www.snowdb.com/catalog/head,,
CATALOG_ONLY,,,,,Head,Crown,head--crown,2008,earliest_sourced,likely,https://www.snowdb.com/catalog/head,,
CATALOG_ONLY,,,,,Head,Defy,head--defy,2011,earliest_sourced,likely,https://www.snowdb.com/catalog/head,,
CATALOG_ONLY,,,,,Head,Flamba,head--flamba,2012,earliest_sourced,likely,https://www.snowdb.com/catalog/head,,
CATALOG_ONLY,,,,,Head,Force,head--force,2011,earliest_sourced,likely,https://www.snowdb.com/catalog/head,,
CATALOG_ONLY,,,,,Head,Fountain,head--fountain,2011,earliest_sourced,likely,https://www.snowdb.com/catalog/head,,
CATALOG_ONLY,,,,,Head,Glam,head--glam,2012,earliest_sourced,likely,https://www.snowdb.com/catalog/head,,
CATALOG_ONLY,,,,,Head,Holster,head--holster,2011,earliest_sourced,likely,https://www.snowdb.com/catalog/head,,
CATALOG_ONLY,,,,,Head,i.CT,head--i-ct,2008,earliest_sourced,likely,https://www.snowdb.com/catalog/head,,
CATALOG_ONLY,,,,,Head,Ignition,head--ignition,2011,earliest_sourced,likely,https://www.snowdb.com/catalog/head,,
CATALOG_ONLY,,,,,Head,Matrix,head--matrix,2008,earliest_sourced,likely,https://www.snowdb.com/catalog/head,,
CATALOG_ONLY,,,,,Head,Pearl,head--pearl,2012,earliest_sourced,likely,https://www.snowdb.com/catalog/head,,
CATALOG_ONLY,,,,,Head,Pride,head--pride,2012,earliest_sourced,likely,https://www.snowdb.com/catalog/head,,
CATALOG_ONLY,,,,,Head,Rush,head--rush,2011,earliest_sourced,likely,https://www.snowdb.com/catalog/head,,
CATALOG_ONLY,,,,,Head,Stella,head--stella,2011,earliest_sourced,likely,https://www.snowdb.com/catalog/head,,
CATALOG_ONLY,,,,,Head,Transit,head--transit,2008,earliest_sourced,likely,https://www.snowdb.com/catalog/head,,
CATALOG_ONLY,,,,,Head,Tribute,head--tribute,2008,earliest_sourced,likely,https://www.snowdb.com/catalog/head,,
CATALOG_ONLY,,,,,Head,True,head--true,2008,earliest_sourced,likely,https://www.snowdb.com/catalog/head,,
CATALOG_ONLY,,,,,Hooger Booger,Blaster,hooger-booger--blaster,1993,introduced,verified,https://archive.org/details/tws-89-93 | https://retrosnow.com/shop/hooger/94-hooger/hooger-booger-blaster-159/,,
CATALOG_ONLY,,,,,Hooger Booger,Boogie,hooger-booger--boogie,1988,introduced,likely,https://archive.org/details/ISM-87-91,,
CATALOG_ONLY,,,,,Hooger Booger,Booster,hooger-booger--booster,1989,introduced,likely,https://archive.org/details/ISM-87-91,,
CATALOG_ONLY,,,,,Hooger Booger,Competition,hooger-booger--competition,1988,introduced,likely,https://archive.org/details/ISM-87-91,,
CATALOG_ONLY,,,,,Hooger Booger,Freestyle,hooger-booger--freestyle,1988,introduced,likely,https://archive.org/details/ISM-87-91,,
CATALOG_ONLY,,,,,Hooger Booger,Light Wave,hooger-booger--light-wave,1988,introduced,likely,https://www.michigansnowboardmuseum.com/the-neon-era--other-80s-decks.html,,
CATALOG_ONLY,,,,,Hooger Booger,Noah Brandon,hooger-booger--noah-brandon,1994,introduced,likely,https://retrosnow.com/shop/hooger/94-hooger/hooger-noah-brandon/,,
CATALOG_ONLY,,,,,HOT,Hot Shot,hot--hot-shot,1990,introduced,likely,https://archive.org/details/tws-89-93,,
CATALOG_ONLY,,,,,HOT,Hotplus,hot--hotplus,1994,introduced,likely,https://archive.org/details/tws-89-93,,
CATALOG_ONLY,,,,,HOT,Maniac,hot--maniac,1990,introduced,likely,https://archive.org/details/tws-89-93,,
CATALOG_ONLY,,,,,HOT,One Sixty Free,hot--one-sixty-free,1990,introduced,likely,https://archive.org/details/ISM-87-91,,
CATALOG_ONLY,,,,,HOT,Revolution,hot--revolution,1988,introduced,verified,https://www.michigansnowboardmuseum.com/the-neon-era--other-80s-decks.html | https://archive.org/details/tws-89-93,,
CATALOG_ONLY,,,,,HOT,Shock Wave,hot--shock-wave,1990,introduced,likely,https://archive.org/details/tws-89-93,,
CATALOG_ONLY,,,,,Jones,Airheart,jones--airheart,2018,introduced,likely,https://thegoodride.com/snowboard-reviews/jones/,,
CATALOG_ONLY,,,,,Jones,Aviator,jones--aviator,2014,introduced,verified,https://thegoodride.com/snowboard-reviews/jones-aviator-2-0-snowboard-review/ | https://en.wikipedia.org/wiki/Jones_Snowboards,,
CATALOG_ONLY,,,,,Jones,Carbon Flagship,jones--carbon-flagship,2013,introduced,likely,https://thegoodride.com/snowboard-reviews/jones-carbon-flagship-2013-2020-snowboard-review/,,
CATALOG_ONLY,,,,,Jones,Flagship Pro,jones--flagship-pro,2025,introduced,verified,https://thegoodride.com/snowboard-reviews/jones-flagship-pro-snowboard-review/ | https://www.jonessnowboards.com/collections/mens-snowboards,,
CATALOG_ONLY,,,,,Jones,Frontier,jones--frontier,2020,introduced,verified,https://thegoodride.com/snowboard-reviews/jones-frontier-2-0-snowboard-review/ | https://www.jonessnowboards.com/collections/mens-snowboards,,
CATALOG_ONLY,,,,,Jones,Hovercraft,jones--hovercraft,2011,introduced,verified,https://thegoodride.com/snowboard-reviews/jones-hovercraft-2-0-snowboard-review/ | https://en.wikipedia.org/wiki/Jones_Snowboards,,
CATALOG_ONLY,,,,,Jones,Mind Expander,jones--mind-expander,2018,introduced,verified,https://thegoodride.com/snowboard-reviews/jones-mind-expander-2018-2021-snowboard-review | https://www.jonessnowboards.com/collections/mens-snowboards,,
CATALOG_ONLY,,,,,Jones,Mind Expander Twin,jones--mind-expander-twin,2021,introduced,likely,https://thegoodride.com/snowboard-reviews/jones-mind-expander-twin-snowboard-review/,,
CATALOG_ONLY,,,,,Jones,Mountain Twin,jones--mountain-twin,2011,introduced,verified,https://thegoodride.com/snowboard-reviews/jones-mountain-twin-snowboard-review/ | https://www.jonessnowboards.com/collections/mens-snowboards,,
CATALOG_ONLY,,,,,Jones,Rally Cat,jones--rally-cat,2025,introduced,verified,https://thegoodride.com/snowboard-reviews/jones-rally-cat-snowboard-review/ | https://www.jonessnowboards.com/collections/mens-snowboards,,
CATALOG_ONLY,,,,,Jones,Solution,jones--solution,,unknown,likely,https://thegoodride.com/snowboard-reviews/jones-solution-split-review-by-jay/ | https://thegoodride.com/snowboard-reviews/jones-womens-solution-splitboard-2020-2024-review-by-steph-w/,,
CATALOG_ONLY,,,,,Jones,Storm Chaser,jones--storm-chaser,2016,introduced,verified,https://thegoodride.com/snowboard-reviews/jones-storm-chaser-snowboard-review/ | https://www.jonessnowboards.com/collections/mens-snowboards,,
CATALOG_ONLY,,,,,Jones,Stratos,jones--stratos,2020,introduced,verified,https://thegoodride.com/snowboard-reviews/jones-stratos-2020-2025-snowboard-review | https://www.jonessnowboards.com/collections/mens-snowboards,,
CATALOG_ONLY,,,,,Jones,Tweaker,jones--tweaker,2023,introduced,verified,https://thegoodride.com/snowboard-reviews/jones-tweaker-snowboard-review/ | https://www.jonessnowboards.com/collections/mens-snowboards,,
CATALOG_ONLY,,,,,Jones,Ultra Flagship,jones--ultra-flagship,,unknown,likely,https://thegoodride.com/snowboard-reviews/jones-ultra-flagship-snowboard-review/,,
CATALOG_ONLY,,,,,Jones,Ultra Mountain Twin,jones--ultra-mountain-twin,2016,introduced,likely,https://thegoodride.com/snowboard-reviews/jones-ultra-mountain-twin-snowboard-review/,,
CATALOG_ONLY,,,,,Jones,Ultracraft,jones--ultracraft,2014,introduced,likely,https://thegoodride.com/snowboard-reviews/jones-ultracraft-snowboard-review/,,
CATALOG_ONLY,,,,,Joyride,BBC,joyride--bbc,2000,introduced,likely,https://snowboarder.com/transworld-snowboarding-archive/snowboarding-photos/9900-product-preview-j-l,,
CATALOG_ONLY,,,,,Joyride,Dr. Suess,joyride--dr-suess,1992,introduced,verified,https://retrosnow.com/product-category/joyride/ | https://retrosnow.com/shop/joyride/libtech-92-joyride/joyride-dr-suess-148/,,
CATALOG_ONLY,,,,,Joyride,Eldorado,joyride--eldorado,1992,introduced,verified,https://retrosnow.com/product-category/joyride/ | https://retrosnow.com/shop/joyride/libtech-92-joyride/joyride-eldorado/,,
CATALOG_ONLY,,,,,Joyride,Factory Series,joyride--factory-series,1996,introduced,verified,https://snowboarder.com/transworld-snowboarding-archive/snowboarding-photos/9900-product-preview-j-l | https://web.archive.org/web/19980126163511/http://www.joyride.com/boards98/boardsmain98.htm | https://web.archive.org/web/199911/http://www.joyride.com/ | https://web.archive.org/web/200110/http://www.joyride.com/,,
CATALOG_ONLY,,,,,Joyride,Filbert Nixon,joyride--filbert-nixon,1993,introduced,verified,https://retrosnow.com/product-category/joyride/ | https://retrosnow.com/shop/joyride/93-joyride/joyride-filbert-nixon/,,
CATALOG_ONLY,,,,,Joyride,Fuego,joyride--fuego,1993,introduced,verified,https://retrosnow.com/product-category/joyride/ | https://retrosnow.com/shop/joyride/93-joyride/joyride-fuego/ | https://archive.org/details/tws-89-93 | https://web.archive.org/web/19980126163511/http://www.joyride.com/boards98/boardsmain98.htm,,
CATALOG_ONLY,,,,,Joyride,Grom,joyride--grom,2000,earliest_sourced,likely,https://web.archive.org/web/200001/http://www.joyride.com/ | https://web.archive.org/web/200110/http://www.joyride.com/,,
CATALOG_ONLY,,,,,Joyride,Grom Force,joyride--grom-force,2000,introduced,likely,https://snowboarder.com/transworld-snowboarding-archive/snowboarding-photos/9900-product-preview-j-l,,
CATALOG_ONLY,,,,,Joyride,Jonny B,joyride--jonny-b,1992,introduced,verified,https://retrosnow.com/product-category/joyride/ | https://retrosnow.com/shop/joyride/libtech-92-joyride/joyride-jonny-b/,,
CATALOG_ONLY,,,,,Joyride,Lite Collection,joyride--lite-collection,1998,earliest_sourced,verified,https://snowboarder.com/transworld-snowboarding-archive/snowboarding-photos/9900-product-preview-j-l | https://web.archive.org/web/19980126163511/http://www.joyride.com/boards98/boardsmain98.htm | https://web.archive.org/web/19980126182343/http://www.joyride.com/boards98/specs98.htm | https://web.archive.org/web/200111/http://www.joyride.com/,,
CATALOG_ONLY,,,,,Joyride,Premium Directional,joyride--premium-directional,1998,earliest_sourced,verified,https://web.archive.org/web/19980126163511/http://www.joyride.com/boards98/boardsmain98.htm | https://web.archive.org/web/19980126182343/http://www.joyride.com/boards98/specs98.htm,,
CATALOG_ONLY,,,,,Joyride,Premium Twin,joyride--premium-twin,1998,earliest_sourced,verified,https://web.archive.org/web/19980126163511/http://www.joyride.com/boards98/boardsmain98.htm | https://web.archive.org/web/19980126182343/http://www.joyride.com/boards98/specs98.htm,,
CATALOG_ONLY,,,,,Joyride,Signature Series,joyride--signature-series,1998,earliest_sourced,verified,https://web.archive.org/web/19980126163511/http://www.joyride.com/boards98/boardsmain98.htm | https://web.archive.org/web/19980126182343/http://www.joyride.com/boards98/specs98.htm,,
CATALOG_ONLY,,,,,K2,A-Star,k2--a-star,2000,earliest_sourced,verified,https://www.snowboarder.com/news/snowboard-lifes-top-25-board-test-2000 | https://www.snowboarder.com/news/board-test-board-specs | https://web.archive.org/web/199910/http://www.k2snowboards.com/ | https://web.archive.org/web/200208/http://www.k2snowboards.com/,,
CATALOG_ONLY,,,,,K2,Access,k2--access,2004,earliest_sourced,likely,https://web.archive.org/web/200312/http://www.k2snowboards.com/ | https://web.archive.org/web/200404/http://www.k2snowboards.com/,,
CATALOG_ONLY,,,,,K2,Afterblack,k2--afterblack,2027,earliest_sourced,likely,https://www.evo.com/shop/snowboard/snowboards/k2,,
CATALOG_ONLY,,,,,K2,Alchemist,k2--alchemist,2023,introduced,verified,https://thegoodride.com/snowboard-reviews/k2-alchemist-snowboard-review/ | https://www.evo.com/shop/snowboard/snowboards/k2,,
CATALOG_ONLY,,,,,K2,Almanac,k2--almanac,2025,introduced,verified,https://thegoodride.com/snowboard-reviews/k2-almanac-snowboard-review/ | https://www.evo.com/shop/snowboard/snowboards/k2,,
CATALOG_ONLY,,,,,K2,Ambush,k2--ambush,2004,earliest_sourced,likely,https://web.archive.org/web/200401/http://www.k2snowboards.com/,,
CATALOG_ONLY,,,,,K2,Antidote,k2--antidote,2024,introduced,verified,https://thegoodride.com/snowboard-reviews/k2-antidote-snowboard-review/ | https://www.evo.com/shop/snowboard/snowboards/k2,,
CATALOG_ONLY,,,,,K2,Bottle Rocket,k2--bottle-rocket,2017,introduced,likely,https://www.evo.com/outlet/snowboards/k2-bottle-rocket-snowboard-2017 | https://www.evo.com/outlet/snowboards/k2-bottle-rocket-snowboard-2018,,
CATALOG_ONLY,,,,,K2,Broadcast,k2--broadcast,2019,introduced,likely,https://thegoodride.com/snowboard-reviews/k2-broadcast-2019-snowboard-review/,,
CATALOG_ONLY,,,,,K2,Comet,k2--comet,2000,earliest_sourced,likely,https://web.archive.org/web/200002/http://www.k2snowboards.com/ | https://web.archive.org/web/200010/http://www.k2snowboards.com/,,
CATALOG_ONLY,,,,,K2,Commonwealth,k2--commonwealth,2026,earliest_sourced,likely,https://www.evo.com/shop/snowboard/snowboards/k2,,
CATALOG_ONLY,,,,,K2,Cool Bean,k2--cool-bean,2016,introduced,likely,https://thegoodride.com/snowboard-reviews/k2-cool-bean-2016-2019-snowboard-review/,,
CATALOG_ONLY,,,,,K2,Dan Donnelly XTC,k2--dan-donnelly-xtc,1988,introduced,verified,https://retrosnow.com/shop/k2/k2-88/k2-dan-donnolly-xtc/ | https://retrosnow.com/shop/k2/libtech-92-k2/k2-xtc-dan-donnelly/ | https://archive.org/details/ISM-87-91,,
CATALOG_ONLY,,,,,K2,Darkstar,k2--darkstar,2001,earliest_sourced,likely,https://web.archive.org/web/200011/http://www.k2snowboards.com/ | https://web.archive.org/web/200704/http://www.k2snowboards.com/,,
CATALOG_ONLY,,,,,K2,Dart,k2--dart,1998,earliest_sourced,likely,https://web.archive.org/web/199710/http://www.k2snowboards.com/ | https://web.archive.org/web/199911/http://www.k2snowboards.com/,,
CATALOG_ONLY,,,,,K2,DC,k2--dc,1993,introduced,likely,https://archive.org/details/tws-89-93,,
CATALOG_ONLY,,,,,K2,Disciple,k2--disciple,2004,earliest_sourced,likely,https://web.archive.org/web/200401/http://www.k2snowboards.com/ | https://web.archive.org/web/200406/http://www.k2snowboards.com/,,
CATALOG_ONLY,,,,,K2,Double Wide,k2--double-wide,1998,earliest_sourced,verified,https://snowboarder.com/transworld-snowboarding-archive/snowboarding-photos/board-test-wide-rides | https://web.archive.org/web/199710/http://www.k2snowboards.com/ | https://web.archive.org/web/200010/http://www.k2snowboards.com/,,
CATALOG_ONLY,,,,,K2,Dreamsicle,k2--dreamsicle,2021,introduced,verified,https://whitelines.com/snowboard-gear/reviews/snowboards/k2-dreamsicle-2020-2021.html | https://www.evo.com/shop/snowboard/snowboards/k2,,
CATALOG_ONLY,,,,,K2,Duchess,k2--duchess,2007,earliest_sourced,likely,https://web.archive.org/web/200611/http://www.k2snowboards.com/,,
CATALOG_ONLY,,,,,K2,Eldorado,k2--eldorado,1994,earliest_sourced,verified,https://retrosnow.com/shop/k2/94-k2/k2-eldorado-169/ | https://web.archive.org/web/199710/http://www.k2snowboards.com/ | https://web.archive.org/web/200611/http://www.k2snowboards.com/,,
CATALOG_ONLY,,,,,K2,Electra,k2--electra,2000,earliest_sourced,verified,https://snowboarder.com/transworld-snowboarding-archive/snowboarding-photos/9900-product-preview-j-l | https://web.archive.org/web/199910/http://www.k2snowboards.com/ | https://web.archive.org/web/200206/http://www.k2snowboards.com/,,
CATALOG_ONLY,,,,,K2,Embassy,k2--embassy,2025,earliest_sourced,likely,https://www.evo.com/shop/snowboard/snowboards/k2,,
CATALOG_ONLY,,,,,K2,Excavator,k2--excavator,2023,introduced,verified,https://thegoodride.com/snowboard-reviews/k2-excavator-snowboard-review/ | https://www.evo.com/shop/snowboard/snowboards/k2,,
CATALOG_ONLY,,,,,K2,Farmer,k2--farmer,1993,introduced,verified,https://retrosnow.com/shop/k2/93-k2/k2-farmer-157/ | https://archive.org/details/tws-89-93,,
CATALOG_ONLY,,,,,K2,Fatbob,k2--fatbob,1994,earliest_sourced,verified,https://archive.org/details/tws-89-93 | https://retrosnow.com/shop/k2/94-k2/k2-fat-bob-adam-merriman-155/ | https://snowboarder.com/transworld-snowboarding-archive/snowboarding-photos/9900-product-preview-j-l | https://snowboarder.com/transworld-snowboarding-archive/snowboarding-photos/board-test-wide-rides | https://www.the-house.com/portal/history-of-k2/ | https://web.archive.org/web/199710/http://www.k2snowboards.com/ | https://web.archive.org/web/200208/http://www.k2snowboards.com/,,
CATALOG_ONLY,,,,,K2,Fuse,k2--fuse,2001,earliest_sourced,likely,https://web.archive.org/web/200011/http://www.k2snowboards.com/ | https://web.archive.org/web/200412/http://www.k2snowboards.com/,,
CATALOG_ONLY,,,,,K2,Futura,k2--futura,2000,earliest_sourced,verified,https://www.snowboarder.com/news/snowboard-lifes-top-25-board-test-2000 | https://snowboarder.com/transworld-snowboarding-archive/snowboarding-photos/9900-product-preview-j-l | https://web.archive.org/web/200002/http://www.k2snowboards.com/ | https://web.archive.org/web/200010/http://www.k2snowboards.com/,,
CATALOG_ONLY,,,,,K2,G-Force,k2--g-force,1990,introduced,verified,https://archive.org/details/tws-89-93 | https://archive.org/details/ISM-87-91,,
CATALOG_ONLY,,,,,K2,Gamma,k2--gamma,2004,earliest_sourced,likely,https://web.archive.org/web/200401/http://www.k2snowboards.com/,,
CATALOG_ONLY,,,,,K2,Gateway Pop,k2--gateway-pop,2025,earliest_sourced,likely,https://www.evo.com/shop/snowboard/snowboards/k2,,
CATALOG_ONLY,,,,,K2,Ginsu,k2--ginsu,1998,earliest_sourced,likely,https://web.archive.org/web/199710/http://www.k2snowboards.com/ | https://web.archive.org/web/199801/http://www.k2snowboards.com/,,
CATALOG_ONLY,,,,,K2,Gyrator,k2--gyrator,1988,introduced,verified,https://www.michigansnowboardmuseum.com/the-neon-era--other-80s-decks.html | https://retrosnow.com/shop/k2/k2-88/k2-gyrator/,,
CATALOG_ONLY,,,,,K2,Happy Hour,k2--happy-hour,2012,introduced,likely,https://thegoodride.com/snowboard-reviews/k2-happy-hour-review-and-buying-advice/,,
CATALOG_ONLY,,,,,K2,HC,k2--hc,1992,earliest_sourced,verified,https://archive.org/details/tws-89-93 | https://web.archive.org/web/199710/http://www.k2snowboards.com/ | https://web.archive.org/web/199801/http://www.k2snowboards.com/,,
CATALOG_ONLY,,,,,K2,HP,k2--hp,1990,introduced,verified,https://archive.org/details/tws-89-93 | https://archive.org/details/ISM-87-91,,
CATALOG_ONLY,,,,,K2,Hypnotist,k2--hypnotist,2025,introduced,likely,https://www.evo.com/shop/snowboard/snowboards/k2,,
CATALOG_ONLY,,,,,K2,Illusion,k2--illusion,2007,earliest_sourced,likely,https://web.archive.org/web/200610/http://www.k2snowboards.com/ | https://web.archive.org/web/200611/http://www.k2snowboards.com/,,
CATALOG_ONLY,,,,,K2,Instinct,k2--instinct,2004,earliest_sourced,likely,https://web.archive.org/web/200310/http://www.k2snowboards.com/ | https://web.archive.org/web/200401/http://www.k2snowboards.com/,,
CATALOG_ONLY,,,,,K2,Instrument,k2--instrument,2023,introduced,verified,https://thegoodride.com/snowboard-reviews/k2-instrument-snowboard-review/ | https://www.evo.com/shop/snowboard/snowboards/k2,,
CATALOG_ONLY,,,,,K2,Joy Driver,k2--joy-driver,2020,introduced,likely,https://thegoodride.com/snowboard-reviews/k2-joy-driver-2020-snowboard-review/,,
CATALOG_ONLY,,,,,K2,Juju,k2--juju,1993,earliest_sourced,verified,https://retrosnow.com/shop/k2/93-k2/k2-juju-158/ | https://snowboarder.com/featured/1997-preview-of-womens-snowboard-equipment | https://web.archive.org/web/199710/http://www.k2snowboards.com/ | https://web.archive.org/web/199801/http://www.k2snowboards.com/,,
CATALOG_ONLY,,,,,K2,Kandi,k2--kandi,2004,earliest_sourced,likely,https://web.archive.org/web/200401/http://www.k2snowboards.com/,,
CATALOG_ONLY,,,,,K2,Legend,k2--legend,2007,earliest_sourced,likely,https://web.archive.org/web/200611/http://www.k2snowboards.com/,,
CATALOG_ONLY,,,,,K2,Lime Lite,k2--lime-lite,2013,introduced,verified,http://thegoodride.com/snowboard-reviews/k2-lime-lite-review-and-buying-advice/ | https://www.evo.com/shop/snowboard/snowboards/k2,,
CATALOG_ONLY,,,,,K2,Luna,k2--luna,1999,earliest_sourced,verified,https://www.snowboarder.com/news/how-the-1999-womens-boards-stack-up-a-review | https://www.snowboarder.com/news/board-test-board-specs | https://snowboarder.com/transworld-snowboarding-archive/snowboarding-photos/9900-product-preview-j-l | https://web.archive.org/web/199910/http://www.k2snowboards.com/ | https://web.archive.org/web/200704/http://www.k2snowboards.com/,,
CATALOG_ONLY,,,,,K2,Manifest,k2--manifest,2019,introduced,verified,https://thegoodride.com/snowboard-reviews/k2-manifest-snowboard-review/ | https://www.evo.com/shop/snowboard/snowboards/k2,,
CATALOG_ONLY,,,,,K2,Markus,k2--markus,1998,earliest_sourced,likely,https://web.archive.org/web/199710/http://www.k2snowboards.com/ | https://web.archive.org/web/199801/http://www.k2snowboards.com/,,
CATALOG_ONLY,,,,,K2,Medium,k2--medium,2021,introduced,verified,https://whitelines.com/snowboard-gear/reviews/snowboards/k2-medium-2020-2021.html | https://www.evo.com/shop/snowboard/snowboards/k2,,
CATALOG_ONLY,,,,,K2,Mighty Eldo,k2--mighty-eldo,2001,earliest_sourced,likely,https://web.archive.org/web/200011/http://www.k2snowboards.com/ | https://web.archive.org/web/200208/http://www.k2snowboards.com/,,
CATALOG_ONLY,,,,,K2,Mini Zeppelin,k2--mini-zeppelin,2000,earliest_sourced,likely,https://web.archive.org/web/199911/http://www.k2snowboards.com/ | https://web.archive.org/web/200408/http://www.k2snowboards.com/,,
CATALOG_ONLY,,,,,K2,Mix,k2--mix,2002,earliest_sourced,likely,https://web.archive.org/web/200111/http://www.k2snowboards.com/ | https://web.archive.org/web/200611/http://www.k2snowboards.com/,,
CATALOG_ONLY,,,,,K2,Moment,k2--moment,2007,earliest_sourced,likely,https://web.archive.org/web/200611/http://www.k2snowboards.com/,,
CATALOG_ONLY,,,,,K2,Morgan LaFonte,k2--morgan-lafonte,1997,earliest_sourced,verified,https://snowboarder.com/featured/1997-preview-of-womens-snowboard-equipment | https://web.archive.org/web/199710/http://www.k2snowboards.com/ | https://web.archive.org/web/199801/http://www.k2snowboards.com/,,
CATALOG_ONLY,,,,,K2,Nemesis,k2--nemesis,2004,earliest_sourced,likely,https://web.archive.org/web/200308/http://www.k2snowboards.com/,,
CATALOG_ONLY,,,,,K2,Overboard,k2--overboard,2020,introduced,likely,https://thegoodride.com/snowboard-reviews/k2-overboard-2020-snowboard-review/,,
CATALOG_ONLY,,,,,K2,Parkstar,k2--parkstar,2011,earliest_sourced,likely,https://www.evo.com/outlet/snowboards/k2-parkstar-rocker-snowboard | https://www.evo.com/outlet/snowboards/k2-parkstar-snowboard,,
CATALOG_ONLY,,,,,K2,Passport,k2--passport,2023,introduced,verified,https://thegoodride.com/snowboard-reviews/k2-passport-snowboard-review/ | https://www.evo.com/shop/snowboard/snowboards/k2,,
CATALOG_ONLY,,,,,K2,Recon,k2--recon,2002,earliest_sourced,likely,https://web.archive.org/web/200110/http://www.k2snowboards.com/ | https://web.archive.org/web/200311/http://www.k2snowboards.com/,,
CATALOG_ONLY,,,,,K2,Satellite,k2--satellite,2001,earliest_sourced,likely,https://web.archive.org/web/200011/http://www.k2snowboards.com/ | https://web.archive.org/web/200402/http://www.k2snowboards.com/,,
CATALOG_ONLY,,,,,K2,Savard,k2--savard,1998,earliest_sourced,likely,https://web.archive.org/web/199710/http://www.k2snowboards.com/ | https://web.archive.org/web/199801/http://www.k2snowboards.com/,,
CATALOG_ONLY,,,,,K2,Scorp,k2--scorp,2002,earliest_sourced,likely,https://web.archive.org/web/200112/http://www.k2snowboards.com/ | https://web.archive.org/web/200204/http://www.k2snowboards.com/,,
CATALOG_ONLY,,,,,K2,Select,k2--select,2007,earliest_sourced,likely,https://web.archive.org/web/200610/http://www.k2snowboards.com/ | https://web.archive.org/web/200704/http://www.k2snowboards.com/,,
CATALOG_ONLY,,,,,K2,Simple Pleasures,k2--simple-pleasures,2020,introduced,likely,https://thegoodride.com/snowboard-reviews/k2-simple-pleasures-2020-snowboard-review/ | https://www.evo.com/shop/snowboard/snowboards/k2,,
CATALOG_ONLY,,,,,K2,Sky Pilot,k2--sky-pilot,2026,introduced,verified,https://thegoodride.com/snowboard-reviews/k2-sky-pilot-snowboard-review/ | https://www.evo.com/shop/snowboard/snowboards/k2,,
CATALOG_ONLY,,,,,K2,Skylla,k2--skylla,2004,earliest_sourced,likely,https://web.archive.org/web/200401/http://www.k2snowboards.com/ | https://web.archive.org/web/200402/http://www.k2snowboards.com/,,
CATALOG_ONLY,,,,,K2,Slayblade,k2--slayblade,2010,earliest_sourced,likely,https://thegoodride.com/snowboard-reviews/k2-slayblade-review-and-buying-advice/,,
CATALOG_ONLY,,,,,K2,Spitfire,k2--spitfire,2000,earliest_sourced,verified,https://snowboarder.com/transworld-snowboarding-archive/snowboarding-photos/9900-product-preview-j-l | https://web.archive.org/web/200003/http://www.k2snowboards.com/ | https://web.archive.org/web/200208/http://www.k2snowboards.com/,,
CATALOG_ONLY,,,,,K2,Standard,k2--standard,2016,introduced,likely,https://www.evo.com/products/79195-k2-standard-snowboard-2016 | https://www.evo.com/outlet/snowboards/k2-standard-snowboard-2017,,
CATALOG_ONLY,,,,,K2,Stealth Eldo,k2--stealth-eldo,2000,earliest_sourced,likely,https://web.archive.org/web/200006/http://www.k2snowboards.com/ | https://web.archive.org/web/200010/http://www.k2snowboards.com/,,
CATALOG_ONLY,,,,,K2,Stinger,k2--stinger,2000,earliest_sourced,verified,https://www.snowboarder.com/news/board-test-board-specs | https://web.archive.org/web/200003/http://www.k2snowboards.com/ | https://web.archive.org/web/200010/http://www.k2snowboards.com/,,
CATALOG_ONLY,,,,,K2,Streamer,k2--streamer,2000,earliest_sourced,likely,https://web.archive.org/web/199910/http://www.k2snowboards.com/ | https://web.archive.org/web/199911/http://www.k2snowboards.com/,,
CATALOG_ONLY,,,,,K2,Swinger,k2--swinger,1998,earliest_sourced,likely,https://web.archive.org/web/199710/http://www.k2snowboards.com/ | https://web.archive.org/web/199911/http://www.k2snowboards.com/,,
CATALOG_ONLY,,,,,K2,Synergy,k2--synergy,2000,earliest_sourced,likely,https://web.archive.org/web/199910/http://www.k2snowboards.com/,,
CATALOG_ONLY,,,,,K2,Temptation,k2--temptation,2002,earliest_sourced,likely,https://web.archive.org/web/200110/http://www.k2snowboards.com/ | https://web.archive.org/web/200704/http://www.k2snowboards.com/,,
CATALOG_ONLY,,,,,K2,Titan,k2--titan,2007,earliest_sourced,likely,https://web.archive.org/web/200611/http://www.k2snowboards.com/,,
CATALOG_ONLY,,,,,K2,Transit,k2--transit,2001,earliest_sourced,likely,https://web.archive.org/web/200012/http://www.k2snowboards.com/ | https://web.archive.org/web/200208/http://www.k2snowboards.com/,,
CATALOG_ONLY,,,,,K2,Trucker,k2--trucker,2000,earliest_sourced,verified,https://snowboarder.com/transworld-snowboarding-archive/snowboarding-photos/board-test-wide-rides | https://web.archive.org/web/199910/http://www.k2snowboards.com/ | https://web.archive.org/web/200208/http://www.k2snowboards.com/,,
CATALOG_ONLY,,,,,K2,Turbo Dream,k2--turbo-dream,2010,earliest_sourced,likely,https://thegoodride.com/snowboard-reviews/k2-turbo-dream-review-and-buying-advice/,,
CATALOG_ONLY,,,,,K2,TX,k2--tx,1991,introduced,likely,https://archive.org/details/ISM-87-91,,
CATALOG_ONLY,,,,,K2,Ultima,k2--ultima,2000,earliest_sourced,verified,https://snowboarder.com/transworld-snowboarding-archive/snowboarding-photos/9900-product-preview-j-l | https://snowboarder.com/transworld-snowboarding-archive/snowboarding-photos/board-test-wide-rides | https://web.archive.org/web/200003/http://www.k2snowboards.com/ | https://web.archive.org/web/200010/http://www.k2snowboards.com/,,
CATALOG_ONLY,,,,,K2,Ultra Dream,k2--ultra-dream,,unknown,likely,https://thegoodride.com/snowboard-reviews/k2-ultra-dream-review-and-buying-advice/,,
CATALOG_ONLY,,,,,K2,Union,k2--union,2004,earliest_sourced,likely,https://web.archive.org/web/200311/http://www.k2snowboards.com/ | https://web.archive.org/web/200401/http://www.k2snowboards.com/,,
CATALOG_ONLY,,,,,K2,Valhalla,k2--valhalla,2000,earliest_sourced,verified,https://snowboarder.com/transworld-snowboarding-archive/snowboarding-photos/9900-product-preview-j-l | https://web.archive.org/web/200003/http://www.k2snowboards.com/ | https://web.archive.org/web/200010/http://www.k2snowboards.com/,,
CATALOG_ONLY,,,,,K2,Wisdom,k2--wisdom,2001,earliest_sourced,likely,https://web.archive.org/web/200011/http://www.k2snowboards.com/ | https://web.archive.org/web/200208/http://www.k2snowboards.com/,,
CATALOG_ONLY,,,,,K2,Wish,k2--wish,2000,earliest_sourced,likely,https://web.archive.org/web/199910/http://www.k2snowboards.com/ | https://web.archive.org/web/199911/http://www.k2snowboards.com/,,
CATALOG_ONLY,,,,,K2,WWW,k2--www,2004,earliest_sourced,verified,https://thegoodride.com/snowboard-reviews/k2-www-review-and-buying-advice/ | https://web.archive.org/web/200401/http://www.k2snowboards.com/ | https://web.archive.org/web/200703/http://www.k2snowboards.com/,,
CATALOG_ONLY,,,,,K2,XRS,k2--xrs,1991,introduced,likely,https://archive.org/details/ISM-87-91,,
CATALOG_ONLY,,,,,K2,XS,k2--xs,1990,introduced,likely,https://archive.org/details/tws-89-93,,
CATALOG_ONLY,,,,,K2,Zeppelin,k2--zeppelin,1998,earliest_sourced,verified,https://www.snowboarder.com/news/board-test-board-specs | https://snowboarder.com/transworld-snowboarding-archive/snowboarding-photos/9900-product-preview-j-l | https://web.archive.org/web/199710/http://www.k2snowboards.com/ | https://web.archive.org/web/200809/http://www.k2snowboards.com/,,
CATALOG_ONLY,,,,,Kemper,Aggressor,kemper--aggressor,1988,introduced,verified,https://archive.org/details/ISM-87-91 | https://archive.org/details/tws-89-93 | https://www.sportique.com/collections/kemper,,
CATALOG_ONLY,,,,,Kemper,Apex,kemper--apex,1991,introduced,verified,https://archive.org/details/ISM-87-91 | https://archive.org/details/tws-89-93 | https://www.sportique.com/collections/kemper,,
CATALOG_ONLY,,,,,Kemper,Fantom,kemper--fantom,1992,introduced,likely,https://archive.org/details/tws-89-93,,
CATALOG_ONLY,,,,,Kemper,Flight,kemper--flight,1988,introduced,verified,https://retrosnow.com/shop/kemper/88-kemper/kemper-flight/ | https://www.sportique.com/collections/kemper,,
CATALOG_ONLY,,,,,Kemper,Freestyle,kemper--freestyle,1987,introduced,verified,https://www.michigansnowboardmuseum.com/the-neon-era--other-80s-decks.html | https://archive.org/details/ISM-87-91 | https://archive.org/details/tws-89-93 | https://retrosnow.com/shop/kemper/88-kemper/kemper-freestyle-165/ | https://www.sportique.com/collections/kemper,,
CATALOG_ONLY,,,,,Kemper,Halfpipe,kemper--halfpipe,1990,introduced,likely,https://archive.org/details/tws-89-93,,
CATALOG_ONLY,,,,,Kemper,Intruder,kemper--intruder,1993,introduced,likely,https://archive.org/details/tws-89-93,,
CATALOG_ONLY,,,,,Kemper,Little Titans,kemper--little-titans,2000,introduced,likely,https://snowboarder.com/transworld-snowboarding-archive/snowboarding-photos/9900-product-preview-j-l,,
CATALOG_ONLY,,,,,Kemper,Magna,kemper--magna,2000,introduced,likely,https://snowboarder.com/transworld-snowboarding-archive/snowboarding-photos/9900-product-preview-j-l,,
CATALOG_ONLY,,,,,Kemper,Race T 80,kemper--race-t-80,1989,introduced,likely,https://archive.org/details/ISM-87-91,,
CATALOG_ONLY,,,,,Kemper,Rampage,kemper--rampage,1988,introduced,verified,https://archive.org/details/ISM-87-91 | https://www.sportique.com/collections/kemper,,
CATALOG_ONLY,,,,,Kemper,Screamer,kemper--screamer,1991,introduced,verified,https://archive.org/details/ISM-87-91 | https://archive.org/details/tws-89-93 | https://www.sportique.com/collections/kemper,,
CATALOG_ONLY,,,,,Kemper,Supreme,kemper--supreme,2000,introduced,likely,https://snowboarder.com/transworld-snowboarding-archive/snowboarding-photos/9900-product-preview-j-l,,
CATALOG_ONLY,,,,,Kemper,Twin Tip,kemper--twin-tip,1990,introduced,likely,https://archive.org/details/tws-89-93,,
CATALOG_ONLY,,,,,Korua Shapes,Apollo,korua-shapes--apollo,,unknown,likely,https://www.koruashapes.com/collections/snowboards,,
CATALOG_ONLY,,,,,Korua Shapes,Bullet Train,korua-shapes--bullet-train,,unknown,likely,https://www.koruashapes.com/collections/snowboards,,
CATALOG_ONLY,,,,,Korua Shapes,Café Racer,korua-shapes--cafe-racer,2020,introduced,verified,https://thegoodride.com/snowboard-reviews/korua-cafe-racer-2020-2024-snowboard-review/ | https://www.koruashapes.com/collections/snowboards,,
CATALOG_ONLY,,,,,Korua Shapes,Dart,korua-shapes--dart,2019,earliest_sourced,verified,https://thegoodride.com/snowboard-reviews/korua-dart-2019-2020-snowboard-review/ | https://www.koruashapes.com/collections/snowboards,,
CATALOG_ONLY,,,,,Korua Shapes,Nose Rider,korua-shapes--nose-rider,,unknown,likely,https://www.koruashapes.com/collections/snowboards,,
CATALOG_ONLY,,,,,Korua Shapes,Otto,korua-shapes--otto,2018,introduced,verified,https://thegoodride.com/snowboard-reviews/korua-otto-classic-snowboard-review/ | https://www.koruashapes.com/collections/snowboards,,
CATALOG_ONLY,,,,,Korua Shapes,Pencil,korua-shapes--pencil,2018,introduced,verified,https://thegoodride.com/snowboard-reviews/korua-pencil-snowboard-review/ | https://thegoodride.com/snowboard-reviews/korua-pencil-plus-snowboard-review/ | https://www.koruashapes.com/collections/snowboards,,
CATALOG_ONLY,,,,,Korua Shapes,Pin Tonic,korua-shapes--pin-tonic,,unknown,likely,https://www.koruashapes.com/collections/snowboards,,
CATALOG_ONLY,,,,,Korua Shapes,Pocket Rocket,korua-shapes--pocket-rocket,,unknown,likely,https://www.koruashapes.com/collections/snowboards,,
CATALOG_ONLY,,,,,Korua Shapes,Stealth,korua-shapes--stealth,2018,introduced,likely,https://thegoodride.com/snowboard-reviews/korua-stealth-2018-2019-snowboard-review,,
CATALOG_ONLY,,,,,Korua Shapes,Transition Finder,korua-shapes--transition-finder,2018,introduced,verified,https://thegoodride.com/snowboard-reviews/korua-transition-finder-2018-2022-snowboard-review/ | https://www.koruashapes.com/collections/snowboards,,
CATALOG_ONLY,,,,,Lamar,Bert Lamar,lamar--bert-lamar,1993,introduced,likely,https://archive.org/details/tws-89-93 | https://snowboarder.com/transworld-snowboarding-archive/snowboarding-photos/9900-product-preview-j-l,,
CATALOG_ONLY,,,,,Lamar,Freedom Light,lamar--freedom-light,1992,introduced,likely,https://archive.org/details/tws-89-93,,
CATALOG_ONLY,,,,,Lamar,Hetzel Light,lamar--hetzel-light,2000,introduced,verified,https://www.snowboarder.com/news/board-test-board-specs | https://snowboarder.com/transworld-snowboarding-archive/snowboarding-photos/9900-product-preview-j-l,,
CATALOG_ONLY,,,,,Lamar,Jussi Oksanen,lamar--jussi-oksanen,2000,introduced,likely,https://snowboarder.com/transworld-snowboarding-archive/snowboarding-photos/9900-product-preview-j-l,,
CATALOG_ONLY,,,,,Lamar,Merlot,lamar--merlot,2000,introduced,likely,https://snowboarder.com/transworld-snowboarding-archive/snowboarding-photos/9900-product-preview-j-l,,
CATALOG_ONLY,,,,,Lamar,Metalix,lamar--metalix,2000,introduced,likely,https://snowboarder.com/transworld-snowboarding-archive/snowboarding-photos/9900-product-preview-j-l,,
CATALOG_ONLY,,,,,Lamar,Ranquet,lamar--ranquet,1993,introduced,verified,https://archive.org/details/tws-89-93 | https://retrosnow.com/shop/lamar/93-lamar/lamar-ranquet-castle/,,
CATALOG_ONLY,,,,,Lamar,Scout Ltd.,lamar--scout-ltd,2000,introduced,likely,https://snowboarder.com/transworld-snowboarding-archive/snowboarding-photos/9900-product-preview-j-l,,
CATALOG_ONLY,,,,,Lamar,Szabo,lamar--szabo,1992,introduced,verified,https://retrosnow.com/shop/lamar/92-lamar/lamar-don-szabo/ | https://archive.org/details/tws-89-93,,
CATALOG_ONLY,,,,,Lamar,Tahoe,lamar--tahoe,2000,introduced,likely,https://snowboarder.com/transworld-snowboarding-archive/snowboarding-photos/9900-product-preview-j-l,,
CATALOG_ONLY,,,,,Lamar,Team,lamar--team,1993,introduced,likely,https://archive.org/details/tws-89-93,,
CATALOG_ONLY,,,,,Lib Tech,Acme,lib-tech--acme,1998,earliest_sourced,verified,https://web.archive.org/web/19980218102632/http://gnu.com/libboards.html,,
CATALOG_ONLY,,,,,Lib Tech,Apex Orca,lib-tech--apex-orca,2023,introduced,verified,https://www.lib-tech.com/about-lib-tech/history | https://www.lib-tech.com/snowboards | https://www.evo.com/shop/snowboard/snowboards/lib-technologies,,
CATALOG_ONLY,,,,,Lib Tech,Attack Banana,lib-tech--attack-banana,2012,earliest_sourced,likely,https://www.snowdb.com/catalog/lib-technologies,,
CATALOG_ONLY,,,,,Lib Tech,Banana Blaster,lib-tech--banana-blaster,2027,earliest_sourced,verified,https://www.lib-tech.com/snowboards | https://www.evo.com/shop/snowboard/snowboards/lib-technologies,,
CATALOG_ONLY,,,,,Lib Tech,Banana Hammock,lib-tech--banana-hammock,2008,earliest_sourced,verified,https://snowboarder.com/transworld-snowboarding-archive/snowboarding-photos/what-the-pros-are-rockin-travis-rice | https://www.snowdb.com/catalog/lib-technologies | https://web.archive.org/web/200710/http://www.lib-tech.com/ | https://web.archive.org/web/200812/http://www.lib-tech.com/,,
CATALOG_ONLY,,,,,Lib Tech,Banana Magic,lib-tech--banana-magic,2010,earliest_sourced,likely,https://www.snowdb.com/catalog/lib-technologies,,
CATALOG_ONLY,,,,,Lib Tech,Birdman,lib-tech--birdman,2012,earliest_sourced,likely,https://www.snowdb.com/catalog/lib-technologies,,
CATALOG_ONLY,,,,,Lib Tech,Box Scratcher,lib-tech--box-scratcher,2008,earliest_sourced,verified,https://www.snowdb.com/catalog/lib-technologies | https://web.archive.org/web/200710/http://www.lib-tech.com/ | https://web.archive.org/web/200812/http://www.lib-tech.com/,,
CATALOG_ONLY,,,,,Lib Tech,Buddha,lib-tech--buddha,1996,introduced,likely,https://retrosnow.com/product-category/lib-tech/,,
CATALOG_ONLY,,,,,Lib Tech,Cold Brew,lib-tech--cold-brew,2025,earliest_sourced,verified,https://www.lib-tech.com/snowboards | https://www.evo.com/shop/snowboard/snowboards/lib-technologies,,
CATALOG_ONLY,,,,,Lib Tech,Cortado,lib-tech--cortado,2027,earliest_sourced,likely,https://www.evo.com/shop/snowboard/snowboards/lib-technologies,,
CATALOG_ONLY,,,,,Lib Tech,Cygnus X1,lib-tech--cygnus-x1,2007,earliest_sourced,verified,https://www.snowdb.com/catalog/lib-technologies | https://web.archive.org/web/200611/http://www.lib-tech.com/ | https://web.archive.org/web/200812/http://www.lib-tech.com/,,
CATALOG_ONLY,,,,,Lib Tech,Dark Series,lib-tech--dark-series,2004,earliest_sourced,verified,https://www.snowdb.com/catalog/lib-technologies | https://web.archive.org/web/200308/http://www.lib-tech.com/ | https://web.archive.org/web/200812/http://www.lib-tech.com/,,
CATALOG_ONLY,,,,,Lib Tech,Dave Lee,lib-tech--dave-lee,1998,earliest_sourced,verified,https://web.archive.org/web/19980218102632/http://gnu.com/libboards.html,,
CATALOG_ONLY,,,,,Lib Tech,DIY,lib-tech--diy,2008,earliest_sourced,verified,https://www.snowdb.com/catalog/lib-technologies | https://web.archive.org/web/200710/http://www.lib-tech.com/ | https://web.archive.org/web/200804/http://www.lib-tech.com/,,
CATALOG_ONLY,,,,,Lib Tech,Doughboy,lib-tech--doughboy,1998,earliest_sourced,verified,https://www.lib-tech.com/doughboy | https://www.lib-tech.com/snowboards | https://www.evo.com/shop/snowboard/snowboards/lib-technologies | https://web.archive.org/web/200104/http://www.lib-tech.com/ | https://web.archive.org/web/200107/http://www.lib-tech.com/ | https://web.archive.org/web/19980218102632/http://gnu.com/libboards.html,,
CATALOG_ONLY,,,,,Lib Tech,dPr,lib-tech--dpr,2025,earliest_sourced,verified,https://www.lib-tech.com/snowboards | https://www.evo.com/shop/snowboard/snowboards/lib-technologies | https://thegoodride.com/snowboard-reviews/,,
CATALOG_ONLY,,,,,Lib Tech,Dynamiss,lib-tech--dynamiss,2027,earliest_sourced,likely,https://www.evo.com/shop/snowboard/snowboards/lib-technologies,,
CATALOG_ONLY,,,,,Lib Tech,Dynamo,lib-tech--dynamo,2026,earliest_sourced,verified,https://www.lib-tech.com/snowboards | https://www.evo.com/shop/snowboard/snowboards/lib-technologies,,
CATALOG_ONLY,,,,,Lib Tech,EJack Knife,lib-tech--ejack-knife,2026,earliest_sourced,verified,https://www.lib-tech.com/snowboards | https://www.evo.com/shop/snowboard/snowboards/lib-technologies,,
CATALOG_ONLY,,,,,Lib Tech,Emma Peel,lib-tech--emma-peel,1992,earliest_sourced,verified,https://www.michigansnowboardmuseum.com/the-neon-era--other-80s-decks.html | https://retrosnow.com/product-category/lib-tech/ | https://web.archive.org/web/200308/http://www.lib-tech.com/ | https://web.archive.org/web/200311/http://www.lib-tech.com/ | https://web.archive.org/web/19980218102632/http://gnu.com/libboards.html | https://web.archive.org/web/19991011030105/http://www.gnu.com/libboards.html,,
CATALOG_ONLY,,,,,Lib Tech,Emmagator,lib-tech--emmagator,1998,earliest_sourced,verified,https://web.archive.org/web/19980218102632/http://gnu.com/libboards.html,,
CATALOG_ONLY,,,,,Lib Tech,Escalator Split,lib-tech--escalator-split,2027,earliest_sourced,likely,https://www.lib-tech.com/snowboards,,
CATALOG_ONLY,,,,,Lib Tech,Glider,lib-tech--glider,2027,earliest_sourced,likely,https://www.evo.com/shop/snowboard/snowboards/lib-technologies,,
CATALOG_ONLY,,,,,Lib Tech,Golden Orca,lib-tech--golden-orca,,unknown,verified,https://www.lib-tech.com/about-lib-tech/history | https://www.lib-tech.com/snowboards | https://www.evo.com/shop/snowboard/snowboards/lib-technologies,,
CATALOG_ONLY,,,,,Lib Tech,Grocer Shalom,lib-tech--grocer-shalom,1995,earliest_sourced,verified,https://retrosnow.com/product-category/lib-tech/ | https://web.archive.org/web/200104/http://www.lib-tech.com/ | https://web.archive.org/web/200107/http://www.lib-tech.com/ | https://web.archive.org/web/19980218102632/http://gnu.com/libboards.html,,
CATALOG_ONLY,,,,,Lib Tech,Jamie Lynn,lib-tech--jamie-lynn,1994,earliest_sourced,verified,https://retrosnow.com/product-category/lib-tech/ | https://www.lib-tech.com/about-lib-tech/history | https://www.lib-tech.com/snowboards | https://www.evo.com/shop/snowboard/snowboards/lib-technologies | https://www.snowboard.international/news/30-years-of-jamie-lynn-x-lib-tech/ | https://web.archive.org/web/200109/http://www.lib-tech.com/ | https://web.archive.org/web/200204/http://www.lib-tech.com/ | https://web.archive.org/web/19980218102632/http://gnu.com/libboards.html,,
CATALOG_ONLY,,,,,Lib Tech,Joey,lib-tech--joey,2002,earliest_sourced,likely,https://web.archive.org/web/200110/http://www.lib-tech.com/ | https://web.archive.org/web/200112/http://www.lib-tech.com/,,
CATALOG_ONLY,,,,,Lib Tech,La Nina MC,lib-tech--la-nina-mc,2012,earliest_sourced,likely,https://www.snowdb.com/catalog/lib-technologies,,
CATALOG_ONLY,,,,,Lib Tech,Lando,lib-tech--lando,2009,earliest_sourced,likely,https://web.archive.org/web/200808/http://www.lib-tech.com/ | https://web.archive.org/web/200812/http://www.lib-tech.com/,,
CATALOG_ONLY,,,,,Lib Tech,Legitimizer,lib-tech--legitimizer,2027,earliest_sourced,verified,https://www.lib-tech.com/snowboards | https://www.evo.com/shop/snowboard/snowboards/lib-technologies,,
CATALOG_ONLY,,,,,Lib Tech,Lib Rig,lib-tech--lib-rig,2027,earliest_sourced,verified,https://www.lib-tech.com/snowboards | https://www.evo.com/shop/snowboard/snowboards/lib-technologies,,
CATALOG_ONLY,,,,,Lib Tech,Lib Ripper,lib-tech--lib-ripper,2011,earliest_sourced,likely,https://www.snowdb.com/catalog/lib-technologies,,
CATALOG_ONLY,,,,,Lib Tech,Litigator,lib-tech--litigator,1992,earliest_sourced,verified,https://retrosnow.com/product-category/lib-tech/ | https://web.archive.org/web/200311/http://www.lib-tech.com/ | https://web.archive.org/web/19980218102632/http://gnu.com/libboards.html,,
CATALOG_ONLY,,,,,Lib Tech,Matt Cummins,lib-tech--matt-cummins,1992,earliest_sourced,verified,https://retrosnow.com/product-category/lib-tech/ | https://www.lib-tech.com/about-lib-tech/history | https://web.archive.org/web/200112/http://www.lib-tech.com/ | https://web.archive.org/web/200812/http://www.lib-tech.com/ | https://web.archive.org/web/19980218102632/http://gnu.com/libboards.html,,
CATALOG_ONLY,,,,,Lib Tech,Mayhem Ripper,lib-tech--mayhem-ripper,2027,earliest_sourced,verified,https://www.lib-tech.com/snowboards | https://www.evo.com/shop/snowboard/snowboards/lib-technologies,,
CATALOG_ONLY,,,,,Lib Tech,Mayhem Rocket,lib-tech--mayhem-rocket,2026,earliest_sourced,verified,https://www.lib-tech.com/snowboards | https://www.evo.com/shop/snowboard/snowboards/lib-technologies,,
CATALOG_ONLY,,,,,Lib Tech,Mayhem Sweetfish,lib-tech--mayhem-sweetfish,2027,earliest_sourced,verified,https://www.lib-tech.com/snowboards | https://www.evo.com/shop/snowboard/snowboards/lib-technologies,,
CATALOG_ONLY,,,,,Lib Tech,MC Kink,lib-tech--mc-kink,2008,earliest_sourced,likely,https://www.snowdb.com/catalog/lib-technologies,,
CATALOG_ONLY,,,,,Lib Tech,Off Ramp,lib-tech--off-ramp,2027,earliest_sourced,verified,https://www.lib-tech.com/snowboards | https://www.evo.com/shop/snowboard/snowboards/lib-technologies,,
CATALOG_ONLY,,,,,Lib Tech,Orca II,lib-tech--orca-ii,2027,earliest_sourced,verified,https://www.lib-tech.com/snowboards | https://www.evo.com/shop/snowboard/snowboards/lib-technologies | https://www.lib-tech.com/about-lib-tech/history,,
CATALOG_ONLY,,,,,Lib Tech,Pacifier,lib-tech--pacifier,2004,earliest_sourced,likely,https://web.archive.org/web/200311/http://www.lib-tech.com/,,
CATALOG_ONLY,,,,,Lib Tech,Phoenix,lib-tech--phoenix,2004,earliest_sourced,verified,https://www.snowdb.com/catalog/lib-technologies | https://snowboarder.com/transworld-snowboarding-archive/snowboarding-photos/what-the-pros-are-rockin-mark-landvik | https://web.archive.org/web/200308/http://www.lib-tech.com/ | https://web.archive.org/web/200812/http://www.lib-tech.com/,,
CATALOG_ONLY,,,,,Lib Tech,Phoenix Mark Landvik,lib-tech--phoenix-mark-landvik,2009,earliest_sourced,likely,https://www.snowdb.com/catalog/lib-technologies,,
CATALOG_ONLY,,,,,Lib Tech,Rice Rocket,lib-tech--rice-rocket,1998,earliest_sourced,verified,https://web.archive.org/web/200403/http://www.lib-tech.com/ | https://web.archive.org/web/19980218102632/http://gnu.com/libboards.html,,
CATALOG_ONLY,,,,,Lib Tech,Scotty Wittlake,lib-tech--scotty-wittlake,2004,earliest_sourced,likely,https://web.archive.org/web/200308/http://www.lib-tech.com/ | https://web.archive.org/web/200703/http://www.lib-tech.com/,,
CATALOG_ONLY,,,,,Lib Tech,Skunk Ape,lib-tech--skunk-ape,2008,earliest_sourced,verified,https://www.snowdb.com/catalog/lib-technologies | https://www.lib-tech.com/snowboards | https://www.evo.com/shop/snowboard/snowboards/lib-technologies | https://web.archive.org/web/200710/http://www.lib-tech.com/ | https://web.archive.org/web/200812/http://www.lib-tech.com/,,
CATALOG_ONLY,,,,,Lib Tech,Snow Mullet,lib-tech--snow-mullet,2007,earliest_sourced,verified,https://www.snowdb.com/catalog/lib-technologies | https://web.archive.org/web/200611/http://www.lib-tech.com/ | https://web.archive.org/web/200812/http://www.lib-tech.com/,,
CATALOG_ONLY,,,,,Lib Tech,T.Rice Pro,lib-tech--t-rice-pro,2005,earliest_sourced,verified,https://www.lib-tech.com/about-lib-tech/history | https://snowboarder.com/transworld-snowboarding-archive/snowboarding-photos/what-the-pros-are-rockin-travis-rice | https://www.snowdb.com/catalog/lib-technologies | https://www.lib-tech.com/snowboards | https://www.evo.com/shop/snowboard/snowboards/lib-technologies | https://web.archive.org/web/200511/http://www.lib-tech.com/ | https://web.archive.org/web/200812/http://www.lib-tech.com/,,
CATALOG_ONLY,,,,,Lib Tech,Terrain Wrecker,lib-tech--terrain-wrecker,2026,earliest_sourced,verified,https://www.lib-tech.com/snowboards | https://www.evo.com/shop/snowboard/snowboards/lib-technologies,,
CATALOG_ONLY,,,,,Lib Tech,Travis Rice Horsepower,lib-tech--travis-rice-horsepower,2011,earliest_sourced,likely,https://www.snowdb.com/catalog/lib-technologies,,
CATALOG_ONLY,,,,,Lib Tech,Travis Rice Pro Split,lib-tech--travis-rice-pro-split,2012,earliest_sourced,likely,https://www.snowdb.com/catalog/lib-technologies,,
CATALOG_ONLY,,,,,Lib Tech,Two Time,lib-tech--two-time,2027,earliest_sourced,likely,https://www.evo.com/shop/snowboard/snowboards/lib-technologies,,
CATALOG_ONLY,,,,,Lib Tech,Way Finder,lib-tech--way-finder,2024,introduced,verified,https://www.lib-tech.com/about-lib-tech/history,,
CATALOG_ONLY,,,,,Lib Tech,Youth In Asia,lib-tech--youth-in-asia,2007,earliest_sourced,verified,https://www.snowdb.com/catalog/lib-technologies | https://web.archive.org/web/200611/http://www.lib-tech.com/ | https://web.archive.org/web/200806/http://www.lib-tech.com/,,
CATALOG_ONLY,,,,,Lobster,Cream,lobster--cream,2022,introduced,likely,https://whitelines.com/brands/lobster,,
CATALOG_ONLY,,,,,Lobster,Eiki Pro,lobster--eiki-pro,2021,introduced,verified,https://whitelines.com/snowboard-gear/reviews/snowboards/lobster-eiki-pro-2020-2021.html | https://whitelines.com/brands/lobster,,
CATALOG_ONLY,,,,,Lobster,Freestyle,lobster--freestyle,2015,introduced,likely,https://thegoodride.com/snowboard-reviews/lobster-freestyle-snowboard-review-and-buying-advice/,,
CATALOG_ONLY,,,,,Lobster,Halldor Pro,lobster--halldor-pro,2019,introduced,verified,https://whitelines.com/snowboard-gear/reviews/snowboards/lobster-halldor-pro-2018-2019.html | https://thegoodride.com/snowboard-reviews/lobster-halldor-pro-2020-snowboard-review/,,
CATALOG_ONLY,,,,,Lobster,Sender,lobster--sender,2022,introduced,likely,https://whitelines.com/brands/lobster,,
CATALOG_ONLY,,,,,Lobster,Shifter,lobster--shifter,2022,introduced,verified,https://whitelines.com/snowboard-gear/reviews/snowboards/lobster-shifter-2021-2022.html | https://whitelines.com/brands/lobster,,
CATALOG_ONLY,,,,,Lobster,Stomper,lobster--stomper,2020,introduced,verified,https://whitelines.com/snowboard-gear/reviews/snowboards/lobster-stomper-2019-2020.html | https://whitelines.com/brands/lobster,,
CATALOG_ONLY,,,,,Look,Bumpstick,look--bumpstick,1991,introduced,verified,https://archive.org/details/ISM-87-91 | https://archive.org/details/tws-89-93,,
CATALOG_ONLY,,,,,Look,Grinder,look--grinder,1991,introduced,likely,https://archive.org/details/ISM-87-91,,
CATALOG_ONLY,,,,,Look,Lamar Freestyle,look--lamar-freestyle,1988,introduced,verified,https://www.michigansnowboardmuseum.com/the-neon-era--other-80s-decks.html | https://retrosnow.com/shop/look/88-look/look-lamar-freestyle-170/ | https://archive.org/details/ISM-87-91 | https://archive.org/details/tws-89-93,,
CATALOG_ONLY,,,,,Look,Overspeed,look--overspeed,1991,introduced,verified,https://archive.org/details/ISM-87-91 | https://archive.org/details/tws-89-93,,
CATALOG_ONLY,,,,,Look,Trick Stick,look--trick-stick,1988,introduced,verified,https://www.michigansnowboardmuseum.com/the-neon-era--other-80s-decks.html | https://retrosnow.com/shop/look/libtech-91-look/look-trick-stick-142/ | https://archive.org/details/ISM-87-91 | https://archive.org/details/tws-89-93,,
CATALOG_ONLY,,,,,Mistral,Aztec,mistral--aztec,1990,introduced,likely,https://archive.org/details/tws-89-93,,
CATALOG_ONLY,,,,,Mistral,Cherokee,mistral--cherokee,1990,introduced,verified,https://archive.org/details/tws-89-93 | https://archive.org/details/ISM-87-91,,
CATALOG_ONLY,,,,,Mistral,Ecstasy,mistral--ecstasy,1991,introduced,verified,https://archive.org/details/ISM-87-91 | https://archive.org/details/tws-89-93,,
CATALOG_ONLY,,,,,Mistral,Emotion,mistral--emotion,1991,introduced,likely,https://archive.org/details/ISM-87-91,,
CATALOG_ONLY,,,,,Mistral,Energy,mistral--energy,1991,introduced,verified,https://archive.org/details/ISM-87-91 | https://archive.org/details/tws-89-93,,
CATALOG_ONLY,,,,,Mistral,Escape,mistral--escape,1991,introduced,verified,https://archive.org/details/ISM-87-91 | https://archive.org/details/tws-89-93,,
CATALOG_ONLY,,,,,Mistral,George Pappas Freestyle,mistral--george-pappas-freestyle,1991,introduced,likely,https://retrosnow.com/shop/mistral/91-mistral/mistral-freestyle-george-pappas/,,
CATALOG_ONLY,,,,,Mistral,Inca,mistral--inca,1990,introduced,likely,https://archive.org/details/tws-89-93,,
CATALOG_ONLY,,,,,Mistral,Swallowtail,mistral--swallowtail,1987,introduced,likely,https://www.michigansnowboardmuseum.com/the-neon-era--other-80s-decks.html,,
CATALOG_ONLY,,,,,Mistral,Yucatan,mistral--yucatan,1990,introduced,likely,https://archive.org/details/tws-89-93,,
CATALOG_ONLY,,,,,Morrow,3D Revert,morrow--3d-revert,1998,earliest_sourced,likely,https://web.archive.org/web/199801/http://www.morrowsnowboards.com/goods/boards/3Drevert/ | https://web.archive.org/web/199804/http://www.morrowsnowboards.com/,,
CATALOG_ONLY,,,,,Morrow,All,morrow--all,1991,introduced,likely,https://archive.org/details/ISM-87-91,,
CATALOG_ONLY,,,,,Morrow,Axiom,morrow--axiom,2003,earliest_sourced,likely,https://web.archive.org/web/200304/http://www.morrowsnowboards.com/ | https://web.archive.org/web/200408/http://www.morrowsnowboards.com/,,
CATALOG_ONLY,,,,,Morrow,Axipro,morrow--axipro,1993,introduced,likely,https://archive.org/details/tws-89-93,,
CATALOG_ONLY,,,,,Morrow,Blaze,morrow--blaze,1990,earliest_sourced,verified,https://www.michigansnowboardmuseum.com/the-neon-era--other-80s-decks.html | https://archive.org/details/ISM-87-91 | https://retrosnow.com/shop/morrow/libtech-91-morrow/morrow-blaze/ | https://archive.org/details/tws-89-93 | https://www.snowboarder.com/news/snowboard-lifes-top-25-board-test-2000 | https://www.snowboarder.com/news/board-test-board-specs | https://web.archive.org/web/200304/http://www.morrowsnowboards.com/ | https://web.archive.org/web/200603/http://www.morrowsnowboards.com/,,
CATALOG_ONLY,,,,,Morrow,Bolt,morrow--bolt,1991,introduced,likely,https://archive.org/details/ISM-87-91,,
CATALOG_ONLY,,,,,Morrow,Challenger,morrow--challenger,2009,earliest_sourced,likely,https://web.archive.org/web/200810/http://www.morrowsnowboards.com/ | https://web.archive.org/web/200812/http://www.morrowsnowboards.com/,,
CATALOG_ONLY,,,,,Morrow,Clutch,morrow--clutch,2006,earliest_sourced,likely,https://web.archive.org/web/200603/http://www.morrowsnowboards.com/ | https://web.archive.org/web/200812/http://www.morrowsnowboards.com/,,
CATALOG_ONLY,,,,,Morrow,Dime,morrow--dime,2000,earliest_sourced,likely,https://web.archive.org/web/200002/http://www.morrowsnowboards.com/,,
CATALOG_ONLY,,,,,Morrow,Dimension,morrow--dimension,2000,earliest_sourced,verified,https://www.snowboarder.com/news/snowboard-lifes-top-25-board-test-2000 | https://www.snowboarder.com/news/board-test-board-specs | https://web.archive.org/web/200810/http://www.morrowsnowboards.com/ | https://web.archive.org/web/200812/http://www.morrowsnowboards.com/,,
CATALOG_ONLY,,,,,Morrow,Dream,morrow--dream,2009,earliest_sourced,likely,https://web.archive.org/web/200810/http://www.morrowsnowboards.com/ | https://web.archive.org/web/200812/http://www.morrowsnowboards.com/,,
CATALOG_ONLY,,,,,Morrow,Escape,morrow--escape,1998,earliest_sourced,likely,https://web.archive.org/web/199801/http://www.morrowsnowboards.com/goods/boards/escape/ | https://web.archive.org/web/199804/http://www.morrowsnowboards.com/,,
CATALOG_ONLY,,,,,Morrow,Free Pro,morrow--free-pro,1992,introduced,verified,https://archive.org/details/tws-89-93 | https://retrosnow.com/shop/morrow/93-morrow/morrow-free-pro-60/,,
CATALOG_ONLY,,,,,Morrow,Freestyle,morrow--freestyle,1991,introduced,likely,https://archive.org/details/ISM-87-91,,
CATALOG_ONLY,,,,,Morrow,Fury,morrow--fury,2004,earliest_sourced,likely,https://web.archive.org/web/200310/http://www.morrowsnowboards.com/ | https://web.archive.org/web/200812/http://www.morrowsnowboards.com/,,
CATALOG_ONLY,,,,,Morrow,Generation,morrow--generation,2005,earliest_sourced,likely,https://web.archive.org/web/200412/http://www.morrowsnowboards.com/ | https://web.archive.org/web/200812/http://www.morrowsnowboards.com/,,
CATALOG_ONLY,,,,,Morrow,Goodwill,morrow--goodwill,1998,earliest_sourced,likely,https://web.archive.org/web/199801/http://www.morrowsnowboards.com/goods/boards/goodwill/ | https://web.archive.org/web/199804/http://www.morrowsnowboards.com/,,
CATALOG_ONLY,,,,,Morrow,Hemisphere,morrow--hemisphere,2006,earliest_sourced,likely,https://web.archive.org/web/200603/http://www.morrowsnowboards.com/ | https://web.archive.org/web/200812/http://www.morrowsnowboards.com/,,
CATALOG_ONLY,,,,,Morrow,Indy,morrow--indy,1998,earliest_sourced,likely,https://web.archive.org/web/199801/http://www.morrowsnowboards.com/goods/boards/indy/ | https://web.archive.org/web/199804/http://www.morrowsnowboards.com/,,
CATALOG_ONLY,,,,,Morrow,Invasion,morrow--invasion,2009,earliest_sourced,likely,https://web.archive.org/web/200810/http://www.morrowsnowboards.com/ | https://web.archive.org/web/200812/http://www.morrowsnowboards.com/,,
CATALOG_ONLY,,,,,Morrow,Kick,morrow--kick,2009,earliest_sourced,likely,https://web.archive.org/web/200810/http://www.morrowsnowboards.com/ | https://web.archive.org/web/200812/http://www.morrowsnowboards.com/,,
CATALOG_ONLY,,,,,Morrow,Lith,morrow--lith,2000,earliest_sourced,likely,https://web.archive.org/web/199911/http://www.morrowsnowboards.com/ | https://web.archive.org/web/200003/http://www.morrowsnowboards.com/,,
CATALOG_ONLY,,,,,Morrow,Lithium,morrow--lithium,2006,earliest_sourced,likely,https://web.archive.org/web/200603/http://www.morrowsnowboards.com/ | https://web.archive.org/web/200812/http://www.morrowsnowboards.com/,,
CATALOG_ONLY,,,,,Morrow,Longboard,morrow--longboard,1994,introduced,likely,https://archive.org/details/tws-89-93,,
CATALOG_ONLY,,,,,Morrow,Lotus,morrow--lotus,2006,earliest_sourced,likely,https://web.archive.org/web/200603/http://www.morrowsnowboards.com/ | https://web.archive.org/web/200812/http://www.morrowsnowboards.com/,,
CATALOG_ONLY,,,,,Morrow,Mantra,morrow--mantra,2005,earliest_sourced,likely,https://web.archive.org/web/200412/http://www.morrowsnowboards.com/ | https://web.archive.org/web/200812/http://www.morrowsnowboards.com/,,
CATALOG_ONLY,,,,,Morrow,Masters,morrow--masters,1998,earliest_sourced,verified,https://web.archive.org/web/199801/http://www.morrowsnowboards.com/goods/boards/masters/ | https://web.archive.org/web/199804/http://www.morrowsnowboards.com/ | https://web.archive.org/web/200003/http://www.morrowsnowboards.com/,,
CATALOG_ONLY,,,,,Morrow,Mini Wildflower,morrow--mini-wildflower,2006,earliest_sourced,likely,https://web.archive.org/web/200603/http://www.morrowsnowboards.com/ | https://web.archive.org/web/200812/http://www.morrowsnowboards.com/,,
CATALOG_ONLY,,,,,Morrow,Multi Pro,morrow--multi-pro,1992,introduced,likely,https://archive.org/details/tws-89-93,,
CATALOG_ONLY,,,,,Morrow,Peak,morrow--peak,2006,earliest_sourced,likely,https://web.archive.org/web/200603/http://www.morrowsnowboards.com/ | https://web.archive.org/web/200812/http://www.morrowsnowboards.com/,,
CATALOG_ONLY,,,,,Morrow,Plus,morrow--plus,1998,earliest_sourced,likely,https://web.archive.org/web/199801/http://www.morrowsnowboards.com/goods/boards/plus/ | https://web.archive.org/web/199804/http://www.morrowsnowboards.com/,,
CATALOG_ONLY,,,,,Morrow,Rad,morrow--rad,2000,earliest_sourced,likely,https://web.archive.org/web/200003/http://www.morrowsnowboards.com/,,
CATALOG_ONLY,,,,,Morrow,Radium,morrow--radium,2003,earliest_sourced,likely,https://web.archive.org/web/200304/http://www.morrowsnowboards.com/ | https://web.archive.org/web/200812/http://www.morrowsnowboards.com/,,
CATALOG_ONLY,,,,,Morrow,Rail,morrow--rail,1998,earliest_sourced,likely,https://web.archive.org/web/199801/http://www.morrowsnowboards.com/goods/boards/rail/ | https://web.archive.org/web/200812/http://www.morrowsnowboards.com/,,
CATALOG_ONLY,,,,,Morrow,Revert,morrow--revert,1997,earliest_sourced,verified,https://snowboarder.com/featured/1997-preview-of-womens-snowboard-equipment | https://web.archive.org/web/200810/http://www.morrowsnowboards.com/ | https://web.archive.org/web/200812/http://www.morrowsnowboards.com/,,
CATALOG_ONLY,,,,,Morrow,Revert X,morrow--revert-x,1998,earliest_sourced,likely,https://web.archive.org/web/199801/http://www.morrowsnowboards.com/goods/boards/revertx/ | https://web.archive.org/web/199804/http://www.morrowsnowboards.com/,,
CATALOG_ONLY,,,,,Morrow,Rocket,morrow--rocket,2000,introduced,likely,https://www.snowboarder.com/news/board-test-board-specs,,
CATALOG_ONLY,,,,,Morrow,RV,morrow--rv,2006,earliest_sourced,likely,https://web.archive.org/web/200603/http://www.morrowsnowboards.com/ | https://web.archive.org/web/200812/http://www.morrowsnowboards.com/,,
CATALOG_ONLY,,,,,Morrow,Siphon,morrow--siphon,2006,earliest_sourced,likely,https://web.archive.org/web/200603/http://www.morrowsnowboards.com/,,
CATALOG_ONLY,,,,,Morrow,Sky,morrow--sky,1998,earliest_sourced,likely,https://web.archive.org/web/199801/http://www.morrowsnowboards.com/goods/boards/sky/ | https://web.archive.org/web/199804/http://www.morrowsnowboards.com/,,
CATALOG_ONLY,,,,,Morrow,Slick,morrow--slick,1998,earliest_sourced,likely,https://web.archive.org/web/199801/http://www.morrowsnowboards.com/goods/boards/slick/ | https://web.archive.org/web/200812/http://www.morrowsnowboards.com/,,
CATALOG_ONLY,,,,,Morrow,Slider,morrow--slider,2009,earliest_sourced,likely,https://web.archive.org/web/200809/http://www.morrowsnowboards.com/ | https://web.archive.org/web/200812/http://www.morrowsnowboards.com/,,
CATALOG_ONLY,,,,,Morrow,Source,morrow--source,2004,earliest_sourced,likely,https://web.archive.org/web/200310/http://www.morrowsnowboards.com/ | https://web.archive.org/web/200812/http://www.morrowsnowboards.com/,,
CATALOG_ONLY,,,,,Morrow,Spoon,morrow--spoon,1992,earliest_sourced,verified,https://retrosnow.com/shop/morrow/92-morrow/morrow-spoon-5-6/ | https://web.archive.org/web/199801/http://www.morrowsnowboards.com/goods/boards/spoon/ | https://web.archive.org/web/199804/http://www.morrowsnowboards.com/,,
CATALOG_ONLY,,,,,Morrow,Stacey,morrow--stacey,2000,earliest_sourced,likely,https://web.archive.org/web/200003/http://www.morrowsnowboards.com/,,
CATALOG_ONLY,,,,,Morrow,Todd Richards,morrow--todd-richards,1995,introduced,likely,https://retrosnow.com/shop/morrow/95/morrow-todd-richards-151/,,
CATALOG_ONLY,,,,,Morrow,TR,morrow--tr,1998,earliest_sourced,likely,https://web.archive.org/web/199801/http://www.morrowsnowboards.com/goods/boards/tr/ | https://web.archive.org/web/200003/http://www.morrowsnowboards.com/,,
CATALOG_ONLY,,,,,Morrow,Tray,morrow--tray,2009,earliest_sourced,likely,https://web.archive.org/web/200810/http://www.morrowsnowboards.com/ | https://web.archive.org/web/200812/http://www.morrowsnowboards.com/,,
CATALOG_ONLY,,,,,Morrow,Tremor,morrow--tremor,1991,introduced,likely,https://archive.org/details/ISM-87-91,,
CATALOG_ONLY,,,,,Morrow,Trooper,morrow--trooper,2003,earliest_sourced,likely,https://web.archive.org/web/200304/http://www.morrowsnowboards.com/ | https://web.archive.org/web/200812/http://www.morrowsnowboards.com/,,
CATALOG_ONLY,,,,,Morrow,Truth,morrow--truth,2003,earliest_sourced,likely,https://web.archive.org/web/200304/http://www.morrowsnowboards.com/ | https://web.archive.org/web/200812/http://www.morrowsnowboards.com/,,
CATALOG_ONLY,,,,,Morrow,Unit,morrow--unit,2000,earliest_sourced,likely,https://web.archive.org/web/200003/http://www.morrowsnowboards.com/ | https://web.archive.org/web/200006/http://www.morrowsnowboards.com/,,
CATALOG_ONLY,,,,,Morrow,Wildflower,morrow--wildflower,1999,earliest_sourced,verified,https://www.snowboarder.com/news/how-the-1999-womens-boards-stack-up-a-review | https://web.archive.org/web/200304/http://www.morrowsnowboards.com/ | https://web.archive.org/web/200812/http://www.morrowsnowboards.com/,,
CATALOG_ONLY,,,,,Moss Snowstick,Jellyfish,moss-snowstick--jellyfish,,unknown,likely,https://www.mosssnowstick.com/,,
CATALOG_ONLY,,,,,Moss Snowstick,Little Fluffy,moss-snowstick--little-fluffy,,unknown,likely,https://www.mosssnowstick.com/,,
CATALOG_ONLY,,,,,Moss Snowstick,Modern Fish,moss-snowstick--modern-fish,,unknown,likely,https://www.mosssnowstick.com/,,
CATALOG_ONLY,,,,,Moss Snowstick,PQ,moss-snowstick--pq,,unknown,likely,https://www.mosssnowstick.com/,,
CATALOG_ONLY,,,,,Moss Snowstick,PT,moss-snowstick--pt,,unknown,likely,https://www.mosssnowstick.com/,,
CATALOG_ONLY,,,,,Moss Snowstick,SW,moss-snowstick--sw,,unknown,likely,https://www.mosssnowstick.com/,,
CATALOG_ONLY,,,,,Moss Snowstick,U,moss-snowstick--u,,unknown,likely,https://www.mosssnowstick.com/,,
CATALOG_ONLY,,,,,Moss Snowstick,Wing,moss-snowstick--wing,,unknown,likely,https://www.mosssnowstick.com/,,
CATALOG_ONLY,,,,,Never Summer,Benchmark,never-summer--benchmark,2027,earliest_sourced,verified,https://neversummer.com/collections/mens-snowboards | https://www.evo.com/shop/snowboard/snowboards/never-summer,,
CATALOG_ONLY,,,,,Never Summer,Breezy Rider,never-summer--breezy-rider,2025,earliest_sourced,verified,https://www.evo.com/shop/snowboard/snowboards/never-summer | https://thegoodride.com/snowboard-reviews/ | https://thegoodride.com/snowboard-reviews/?brand=jones,,
CATALOG_ONLY,,,,,Never Summer,Cascade,never-summer--cascade,2027,earliest_sourced,likely,https://www.evo.com/shop/snowboard/snowboards/never-summer,,
CATALOG_ONLY,,,,,Never Summer,Circuit,never-summer--circuit,2010,earliest_sourced,likely,https://www.snowdb.com/catalog/never-summer,,
CATALOG_ONLY,,,,,Never Summer,Cirrus,never-summer--cirrus,2025,earliest_sourced,verified,https://www.evo.com/shop/snowboard/snowboards/never-summer | https://thegoodride.com/snowboard-reviews/ | https://thegoodride.com/snowboard-reviews/?brand=jones,,
CATALOG_ONLY,,,,,Never Summer,Easy Rider,never-summer--easy-rider,2027,earliest_sourced,verified,https://neversummer.com/collections/mens-snowboards | https://www.evo.com/shop/snowboard/snowboards/never-summer,,
CATALOG_ONLY,,,,,Never Summer,Evo,never-summer--evo,2007,earliest_sourced,verified,https://www.snowdb.com/catalog/never-summer | https://thegoodride.com/snowboard-reviews/never-summer-evo-snowboard-review-and-buying-advice/ | https://web.archive.org/web/20061023012705/http://www.neversummer.com/board.php | https://web.archive.org/web/20071016064053/http://www.neversummer.com/snowboards.html,,
CATALOG_ONLY,,,,,Never Summer,Harpoon,never-summer--harpoon,2021,introduced,likely,https://thegoodride.com/snowboard-reviews/never-summer-harpoon-snowboard-review/,,
CATALOG_ONLY,,,,,Never Summer,Heritage,never-summer--heritage,2007,earliest_sourced,verified,https://www.snowdb.com/catalog/never-summer | https://web.archive.org/web/20061023012705/http://www.neversummer.com/board.php | https://web.archive.org/web/20071016064053/http://www.neversummer.com/snowboards.html,,
CATALOG_ONLY,,,,,Never Summer,Infinity,never-summer--infinity,2007,earliest_sourced,verified,https://www.snowdb.com/catalog/never-summer | https://www.evo.com/shop/snowboard/snowboards/never-summer | https://thegoodride.com/snowboard-reviews/ | https://thegoodride.com/snowboard-reviews/?brand=jones | https://web.archive.org/web/20061023012705/http://www.neversummer.com/board.php | https://web.archive.org/web/20071016064053/http://www.neversummer.com/snowboards.html,,
CATALOG_ONLY,,,,,Never Summer,Instagator,never-summer--instagator,2027,earliest_sourced,likely,https://neversummer.com/collections/mens-snowboards,,
CATALOG_ONLY,,,,,Never Summer,Legacy,never-summer--legacy,2007,earliest_sourced,verified,https://www.snowdb.com/catalog/never-summer | https://www.evo.com/outlet/snowboards/never-summer-legacy-snowboard | https://www.snowboarder.com/gear/never-summer-legacy-snowboard/ | https://web.archive.org/web/20061023012705/http://www.neversummer.com/board.php | https://web.archive.org/web/20071016064053/http://www.neversummer.com/snowboards.html,,
CATALOG_ONLY,,,,,Never Summer,Llama,never-summer--llama,2027,earliest_sourced,verified,https://neversummer.com/collections/mens-snowboards | https://www.evo.com/shop/snowboard/snowboards/never-summer,,
CATALOG_ONLY,,,,,Never Summer,Lotus,never-summer--lotus,2009,earliest_sourced,likely,https://www.snowdb.com/catalog/never-summer,,
CATALOG_ONLY,,,,,Never Summer,Maverix,never-summer--maverix,2017,earliest_sourced,likely,https://neversummer.com/collections/mens-snowboards,,
CATALOG_ONLY,,,,,Never Summer,Nokhu,never-summer--nokhu,2027,earliest_sourced,verified,https://neversummer.com/collections/mens-snowboards | https://www.evo.com/shop/snowboard/snowboards/never-summer,,
CATALOG_ONLY,,,,,Never Summer,Pandora,never-summer--pandora,2008,earliest_sourced,verified,https://www.snowdb.com/catalog/never-summer | https://web.archive.org/web/20071016064053/http://www.neversummer.com/snowboards.html,,
CATALOG_ONLY,,,,,Never Summer,Premier,never-summer--premier,2005,earliest_sourced,verified,https://www.snowdb.com/catalog/never-summer | https://web.archive.org/web/20051024184546/http://neversummer.com/boards.php | https://web.archive.org/web/20061023012705/http://www.neversummer.com/board.php | https://web.archive.org/web/20071016064053/http://www.neversummer.com/snowboards.html,,
CATALOG_ONLY,,,,,Never Summer,Premier T5,never-summer--premier-t5,2007,earliest_sourced,verified,https://web.archive.org/web/20061023012705/http://www.neversummer.com/board.php | https://web.archive.org/web/20071016064053/http://www.neversummer.com/snowboards.html,,
CATALOG_ONLY,,,,,Never Summer,Proto,never-summer--proto,2012,earliest_sourced,verified,https://www.snowdb.com/catalog/never-summer | https://neversummer.com/collections/mens-snowboards | https://www.evo.com/shop/snowboard/snowboards/never-summer | https://thegoodride.com/snowboard-reviews/,,
CATALOG_ONLY,,,,,Never Summer,Proto FR,never-summer--proto-fr,2026,introduced,likely,https://thegoodride.com/snowboard-reviews/?brand=jones,,
CATALOG_ONLY,,,,,Never Summer,Proto Swift,never-summer--proto-swift,2026,earliest_sourced,verified,https://neversummer.com/collections/mens-snowboards | https://www.evo.com/shop/snowboard/snowboards/never-summer | https://www.snowboarder.com/news/best-powder-snowboard-reviews-never-summer-swift | https://thegoodride.com/snowboard-reviews/?brand=jones,,
CATALOG_ONLY,,,,,Never Summer,Proto Synthesis,never-summer--proto-synthesis,2021,introduced,likely,https://thegoodride.com/snowboard-reviews/never-summer-proto-synthesis-snowboard-review/,,
CATALOG_ONLY,,,,,Never Summer,Proto Type 3,never-summer--proto-type-3,2026,earliest_sourced,verified,https://neversummer.com/collections/mens-snowboards | https://www.evo.com/shop/snowboard/snowboards/never-summer | https://thegoodride.com/snowboard-reviews/never-summer-proto-type-3-snowboard-review/,,
CATALOG_ONLY,,,,,Never Summer,Proto Wilder,never-summer--proto-wilder,2026,earliest_sourced,likely,https://www.evo.com/shop/snowboard/snowboards/never-summer,,
CATALOG_ONLY,,,,,Never Summer,Raptor,never-summer--raptor,2011,earliest_sourced,verified,https://www.snowdb.com/catalog/never-summer | https://www.snowboarder.com/gear/never-summer-raptor-snowboard/,,
CATALOG_ONLY,,,,,Never Summer,Revolver,never-summer--revolver,2007,earliest_sourced,verified,https://www.snowdb.com/catalog/never-summer | https://web.archive.org/web/20061023012705/http://www.neversummer.com/board.php | https://web.archive.org/web/20071016064053/http://www.neversummer.com/snowboards.html,,
CATALOG_ONLY,,,,,Never Summer,Ripsaw,never-summer--ripsaw,2014,introduced,likely,https://thegoodride.com/snowboard-reviews/never-summer-ripsaw-snowboard-review/,,
CATALOG_ONLY,,,,,Never Summer,Shaper Twin,never-summer--shaper-twin,2026,earliest_sourced,verified,https://neversummer.com/collections/mens-snowboards | https://thegoodride.com/snowboard-reviews/,,
CATALOG_ONLY,,,,,Never Summer,SL,never-summer--sl,2007,earliest_sourced,verified,https://www.snowdb.com/catalog/never-summer | https://www.evo.com/outlet/snowboards/never-summer-sl-black-snowboard | https://web.archive.org/web/20061023012705/http://www.neversummer.com/board.php | https://web.archive.org/web/20071016064053/http://www.neversummer.com/snowboards.html,,
CATALOG_ONLY,,,,,Never Summer,Small Batch Shaper Twin LT,never-summer--small-batch-shaper-twin-lt,2026,introduced,likely,https://thegoodride.com/snowboard-reviews/?brand=jones,,
CATALOG_ONLY,,,,,Never Summer,Summit,never-summer--summit,2007,earliest_sourced,verified,https://www.snowdb.com/catalog/never-summer | https://neversummer.com/collections/mens-snowboards | https://web.archive.org/web/20061023012705/http://www.neversummer.com/board.php | https://web.archive.org/web/20071016064053/http://www.neversummer.com/snowboards.html,,
CATALOG_ONLY,,,,,Never Summer,System,never-summer--system,2007,earliest_sourced,verified,https://www.snowdb.com/catalog/never-summer | https://web.archive.org/web/20061023012705/http://www.neversummer.com/board.php | https://web.archive.org/web/20071016064053/http://www.neversummer.com/snowboards.html,,
CATALOG_ONLY,,,,,Never Summer,Titan,never-summer--titan,2007,earliest_sourced,verified,https://www.snowdb.com/catalog/never-summer | https://web.archive.org/web/20061023012705/http://www.neversummer.com/board.php | https://web.archive.org/web/20071016064053/http://www.neversummer.com/snowboards.html,,
CATALOG_ONLY,,,,,Never Summer,Titan TX,never-summer--titan-tx,2008,earliest_sourced,verified,https://web.archive.org/web/20071016064053/http://www.neversummer.com/snowboards.html,,
CATALOG_ONLY,,,,,Never Summer,Trooper,never-summer--trooper,2026,earliest_sourced,verified,https://neversummer.com/collections/mens-snowboards | https://www.evo.com/shop/snowboard/snowboards/never-summer,,
CATALOG_ONLY,,,,,Never Summer,V-Twin,never-summer--v-twin,2026,earliest_sourced,verified,https://neversummer.com/collections/mens-snowboards | https://www.evo.com/shop/snowboard/snowboards/never-summer,,
CATALOG_ONLY,,,,,Never Summer,Valhalla,never-summer--valhalla,2027,earliest_sourced,verified,https://neversummer.com/collections/mens-snowboards | https://www.evo.com/shop/snowboard/snowboards/never-summer,,
CATALOG_ONLY,,,,,Never Summer,West,never-summer--west,2016,introduced,likely,https://thegoodride.com/snowboard-reviews/never-summer-west-snowboard-review/,,
CATALOG_ONLY,,,,,Nidecker,Addict,nidecker--addict,2009,earliest_sourced,likely,https://www.snowdb.com/catalog/nidecker,,
CATALOG_ONLY,,,,,Nidecker,Advanced,nidecker--advanced,2006,earliest_sourced,verified,https://www.snowdb.com/catalog/nidecker | https://whitelines.com/snowboard-gear/before-you-buy/guide-to-snowboard-brands.html | https://web.archive.org/web/20060321044544/http://www.nidecker.com/snowboards/global_snowboards.php,,
CATALOG_ONLY,,,,,Nidecker,Alpha,nidecker--alpha,2026,earliest_sourced,likely,https://www.evo.com/shop/snowboard/snowboards/nidecker,,
CATALOG_ONLY,,,,,Nidecker,Angel,nidecker--angel,2006,earliest_sourced,verified,https://www.snowdb.com/catalog/nidecker | https://web.archive.org/web/20060321044544/http://www.nidecker.com/snowboards/global_snowboards.php,,
CATALOG_ONLY,,,,,Nidecker,Antti Autti,nidecker--antti-autti,2011,earliest_sourced,likely,https://www.snowdb.com/catalog/nidecker,,
CATALOG_ONLY,,,,,Nidecker,Astral,nidecker--astral,2026,earliest_sourced,likely,https://www.evo.com/shop/snowboard/snowboards/nidecker,,
CATALOG_ONLY,,,,,Nidecker,Axis,nidecker--axis,2006,earliest_sourced,verified,https://www.snowdb.com/catalog/nidecker | https://web.archive.org/web/20060321044544/http://www.nidecker.com/snowboards/global_snowboards.php,,
CATALOG_ONLY,,,,,Nidecker,Beta,nidecker--beta,2027,earliest_sourced,likely,https://www.evo.com/shop/snowboard/snowboards/nidecker,,
CATALOG_ONLY,,,,,Nidecker,Beta APX,nidecker--beta-apx,2027,earliest_sourced,likely,https://www.evo.com/shop/snowboard/snowboards/nidecker,,
CATALOG_ONLY,,,,,Nidecker,Blade,nidecker--blade,2006,earliest_sourced,verified,https://www.snowdb.com/catalog/nidecker | https://www.evo.com/shop/snowboard/snowboards/nidecker | https://web.archive.org/web/20060321044544/http://www.nidecker.com/snowboards/global_snowboards.php,,
CATALOG_ONLY,,,,,Nidecker,Cheat Code,nidecker--cheat-code,2027,earliest_sourced,likely,https://www.evo.com/shop/snowboard/snowboards/nidecker,,
CATALOG_ONLY,,,,,Nidecker,Chill,nidecker--chill,2006,earliest_sourced,verified,https://www.snowdb.com/catalog/nidecker | https://web.archive.org/web/20060321044544/http://www.nidecker.com/snowboards/global_snowboards.php,,
CATALOG_ONLY,,,,,Nidecker,Cult,nidecker--cult,2010,earliest_sourced,likely,https://www.snowdb.com/catalog/nidecker,,
CATALOG_ONLY,,,,,Nidecker,Diablo,nidecker--diablo,2006,earliest_sourced,verified,https://web.archive.org/web/20060321044544/http://www.nidecker.com/snowboards/global_snowboards.php,,
CATALOG_ONLY,,,,,Nidecker,Divine,nidecker--divine,2006,earliest_sourced,verified,https://www.snowdb.com/catalog/nidecker | https://web.archive.org/web/20060321044544/http://www.nidecker.com/snowboards/global_snowboards.php,,
CATALOG_ONLY,,,,,Nidecker,Elle,nidecker--elle,2006,earliest_sourced,verified,https://www.snowdb.com/catalog/nidecker | https://www.evo.com/shop/snowboard/snowboards/nidecker | https://web.archive.org/web/20060321044544/http://www.nidecker.com/snowboards/global_snowboards.php,,
CATALOG_ONLY,,,,,Nidecker,Escape,nidecker--escape,2001,earliest_sourced,verified,https://www.evo.com/shop/snowboard/snowboards/nidecker | https://web.archive.org/web/200103/http://www.nidecker.com/ | https://web.archive.org/web/200108/http://www.nidecker.com/,,
CATALOG_ONLY,,,,,Nidecker,Gamma,nidecker--gamma,2026,earliest_sourced,likely,https://www.evo.com/shop/snowboard/snowboards/nidecker,,
CATALOG_ONLY,,,,,Nidecker,Gang Band,nidecker--gang-band,2011,earliest_sourced,likely,https://www.snowdb.com/catalog/nidecker,,
CATALOG_ONLY,,,,,Nidecker,Grom,nidecker--grom,2006,earliest_sourced,verified,https://www.snowdb.com/catalog/nidecker | https://web.archive.org/web/20060321044544/http://www.nidecker.com/snowboards/global_snowboards.php,,
CATALOG_ONLY,,,,,Nidecker,Gun,nidecker--gun,2026,earliest_sourced,verified,https://thegoodride.com/snowboard-reviews/ | https://thegoodride.com/snowboard-reviews/?brand=jones,,
CATALOG_ONLY,,,,,Nidecker,Legacy,nidecker--legacy,2006,earliest_sourced,verified,https://www.snowdb.com/catalog/nidecker | https://web.archive.org/web/20060321044544/http://www.nidecker.com/snowboards/global_snowboards.php,,
CATALOG_ONLY,,,,,Nidecker,Legend,nidecker--legend,2006,earliest_sourced,verified,https://www.snowdb.com/catalog/nidecker | https://web.archive.org/web/20060321044544/http://www.nidecker.com/snowboards/global_snowboards.php,,
CATALOG_ONLY,,,,,Nidecker,Lipstick,nidecker--lipstick,1988,introduced,likely,https://www.michigansnowboardmuseum.com/the-neon-era--other-80s-decks.html,,
CATALOG_ONLY,,,,,Nidecker,Magic,nidecker--magic,2010,earliest_sourced,likely,https://www.snowdb.com/catalog/nidecker,,
CATALOG_ONLY,,,,,Nidecker,Megalight,nidecker--megalight,2001,earliest_sourced,verified,https://www.snowdb.com/catalog/nidecker | https://www.evo.com/shop/snowboard/snowboards/nidecker | https://whitelines.com/snowboard-gear/before-you-buy/guide-to-snowboard-brands.html | https://web.archive.org/web/200104/http://www.nidecker.com/ | https://web.archive.org/web/200108/http://www.nidecker.com/ | https://web.archive.org/web/20060321044544/http://www.nidecker.com/snowboards/global_snowboards.php,,
CATALOG_ONLY,,,,,Nidecker,Mellow,nidecker--mellow,2026,earliest_sourced,likely,https://www.evo.com/shop/snowboard/snowboards/nidecker,,
CATALOG_ONLY,,,,,Nidecker,Merc,nidecker--merc,2026,earliest_sourced,likely,https://www.evo.com/shop/snowboard/snowboards/nidecker,,
CATALOG_ONLY,,,,,Nidecker,Mini Diablo,nidecker--mini-diablo,2006,earliest_sourced,verified,https://web.archive.org/web/20060321044544/http://www.nidecker.com/snowboards/global_snowboards.php,,
CATALOG_ONLY,,,,,Nidecker,Mini Elle,nidecker--mini-elle,2006,earliest_sourced,verified,https://web.archive.org/web/20060321044544/http://www.nidecker.com/snowboards/global_snowboards.php,,
CATALOG_ONLY,,,,,Nidecker,Miss NDK,nidecker--miss-ndk,2009,earliest_sourced,likely,https://www.snowdb.com/catalog/nidecker,,
CATALOG_ONLY,,,,,Nidecker,Mosquito,nidecker--mosquito,2027,earliest_sourced,verified,https://www.evo.com/shop/snowboard/snowboards/nidecker | https://whitelines.com/snowboard-gear/before-you-buy/guide-to-snowboard-brands.html,,
CATALOG_ONLY,,,,,Nidecker,Nano,nidecker--nano,2009,earliest_sourced,likely,https://www.snowdb.com/catalog/nidecker,,
CATALOG_ONLY,,,,,Nidecker,NBX,nidecker--nbx,2006,earliest_sourced,verified,https://web.archive.org/web/20060321044544/http://www.nidecker.com/snowboards/global_snowboards.php,,
CATALOG_ONLY,,,,,Nidecker,Odyssey,nidecker--odyssey,2027,earliest_sourced,likely,https://www.evo.com/shop/snowboard/snowboards/nidecker,,
CATALOG_ONLY,,,,,Nidecker,Pam,nidecker--pam,2011,earliest_sourced,likely,https://www.snowdb.com/catalog/nidecker,,
CATALOG_ONLY,,,,,Nidecker,Platinum,nidecker--platinum,2006,earliest_sourced,verified,https://www.snowdb.com/catalog/nidecker | https://web.archive.org/web/20060321044544/http://www.nidecker.com/snowboards/global_snowboards.php,,
CATALOG_ONLY,,,,,Nidecker,Prime,nidecker--prime,2006,earliest_sourced,verified,https://www.snowdb.com/catalog/nidecker | https://web.archive.org/web/20060321044544/http://www.nidecker.com/snowboards/global_snowboards.php,,
CATALOG_ONLY,,,,,Nidecker,Princess,nidecker--princess,2006,earliest_sourced,verified,https://www.snowdb.com/catalog/nidecker | https://web.archive.org/web/20060321044544/http://www.nidecker.com/snowboards/global_snowboards.php,,
CATALOG_ONLY,,,,,Nidecker,Project,nidecker--project,2006,earliest_sourced,verified,https://web.archive.org/web/20060321044544/http://www.nidecker.com/snowboards/global_snowboards.php,,
CATALOG_ONLY,,,,,Nidecker,Proto,nidecker--proto,2001,earliest_sourced,verified,https://www.snowdb.com/catalog/nidecker | https://web.archive.org/web/200103/http://www.nidecker.com/ | https://web.archive.org/web/200108/http://www.nidecker.com/,,
CATALOG_ONLY,,,,,Nidecker,Race,nidecker--race,2009,earliest_sourced,likely,https://www.snowdb.com/catalog/nidecker,,
CATALOG_ONLY,,,,,Nidecker,Race GS,nidecker--race-gs,2006,earliest_sourced,verified,https://web.archive.org/web/20060321044544/http://www.nidecker.com/snowboards/global_snowboards.php,,
CATALOG_ONLY,,,,,Nidecker,Race SL,nidecker--race-sl,2006,earliest_sourced,verified,https://web.archive.org/web/20060321044544/http://www.nidecker.com/snowboards/global_snowboards.php,,
CATALOG_ONLY,,,,,Nidecker,Random,nidecker--random,2009,earliest_sourced,likely,https://www.snowdb.com/catalog/nidecker,,
CATALOG_ONLY,,,,,Nidecker,Scamp,nidecker--scamp,2026,earliest_sourced,likely,https://www.evo.com/shop/snowboard/snowboards/nidecker,,
CATALOG_ONLY,,,,,Nidecker,Score,nidecker--score,2006,earliest_sourced,verified,https://www.snowdb.com/catalog/nidecker | https://web.archive.org/web/20060321044544/http://www.nidecker.com/snowboards/global_snowboards.php,,
CATALOG_ONLY,,,,,Nidecker,Sensor,nidecker--sensor,2026,earliest_sourced,likely,https://www.evo.com/shop/snowboard/snowboards/nidecker,,
CATALOG_ONLY,,,,,Nidecker,Slam,nidecker--slam,2011,earliest_sourced,likely,https://www.snowdb.com/catalog/nidecker,,
CATALOG_ONLY,,,,,Nidecker,Smoke,nidecker--smoke,2001,earliest_sourced,verified,https://www.snowdb.com/catalog/nidecker | https://www.evo.com/shop/snowboard/snowboards/nidecker | https://web.archive.org/web/200103/http://www.nidecker.com/ | https://web.archive.org/web/200108/http://www.nidecker.com/ | https://web.archive.org/web/20060321044544/http://www.nidecker.com/snowboards/global_snowboards.php,,
CATALOG_ONLY,,,,,Nidecker,Tape Deck,nidecker--tape-deck,2027,earliest_sourced,likely,https://www.evo.com/shop/snowboard/snowboards/nidecker,,
CATALOG_ONLY,,,,,Nidecker,Target,nidecker--target,2006,earliest_sourced,verified,https://www.snowdb.com/catalog/nidecker | https://web.archive.org/web/20060321044544/http://www.nidecker.com/snowboards/global_snowboards.php,,
CATALOG_ONLY,,,,,Nidecker,The Mosquito,nidecker--the-mosquito,2027,earliest_sourced,likely,https://www.evo.com/shop/snowboard/snowboards/nidecker,,
CATALOG_ONLY,,,,,Nidecker,The Smoke,nidecker--the-smoke,2027,earliest_sourced,likely,https://www.evo.com/shop/snowboard/snowboards/nidecker,,
CATALOG_ONLY,,,,,Nidecker,Thruster,nidecker--thruster,2026,earliest_sourced,likely,https://www.evo.com/shop/snowboard/snowboards/nidecker,,
CATALOG_ONLY,,,,,Nidecker,THU,nidecker--thu,2010,earliest_sourced,likely,https://www.snowdb.com/catalog/nidecker,,
CATALOG_ONLY,,,,,Nidecker,Ultralight,nidecker--ultralight,2009,earliest_sourced,verified,https://www.snowdb.com/catalog/nidecker | https://whitelines.com/snowboard-gear/before-you-buy/guide-to-snowboard-brands.html,,
CATALOG_ONLY,,,,,Nidecker,Venus,nidecker--venus,2027,earliest_sourced,likely,https://www.evo.com/shop/snowboard/snowboards/nidecker,,
CATALOG_ONLY,,,,,Nidecker,Vibes,nidecker--vibes,2009,earliest_sourced,likely,https://www.snowdb.com/catalog/nidecker,,
CATALOG_ONLY,,,,,Nidecker,W-NDK,nidecker--w-ndk,2010,earliest_sourced,likely,https://www.snowdb.com/catalog/nidecker,,
CATALOG_ONLY,,,,,Nitro,Addict,nitro--addict,2011,earliest_sourced,likely,https://www.snowdb.com/catalog/nitro,,
CATALOG_ONLY,,,,,Nitro,Afterlife,nitro--afterlife,2017,introduced,likely,https://whitelines.com/snowboard-gear/news-previews/nitro-snowboards-2016-2017-preview-ispo-2016.html,,
CATALOG_ONLY,,,,,Nitro,Alias,nitro--alias,2003,introduced,verified,https://web.archive.org/web/20020902153010/http://www.nitrousa.com/10_products/11_boards/index.php,,
CATALOG_ONLY,,,,,Nitro,Alternator,nitro--alternator,2024,earliest_sourced,verified,https://www.evo.com/shop/snowboard/snowboards/nitro | https://thegoodride.com/snowboard-reviews/nitro-alternator-snowboard-review/,,
CATALOG_ONLY,,,,,Nitro,Arial,nitro--arial,2027,earliest_sourced,likely,https://www.evo.com/shop/snowboard/snowboards/nitro,,
CATALOG_ONLY,,,,,Nitro,ARX,nitro--arx,2000,introduced,likely,https://www.snowboarder.com/news/board-test-board-specs,,
CATALOG_ONLY,,,,,Nitro,Atlas,nitro--atlas,2002,introduced,verified,https://web.archive.org/web/20020207114512/http://www.nitrousa.com/20_weapon_armoury/21_nitro_line/boards/afr/atlas/series.php | https://web.archive.org/web/20020902153010/http://www.nitrousa.com/10_products/11_boards/index.php | https://web.archive.org/web/20031204041622/http://www.nitrousa.com/10_products/11_boards/index2.php,,
CATALOG_ONLY,,,,,Nitro,Attax,nitro--attax,2002,introduced,verified,https://web.archive.org/web/20010716102927/http://www.nitrousa.com/20_weapon_armoury/21_nitro_line/boards/atf/shadow/series.php,,
CATALOG_ONLY,,,,,Nitro,Banker,nitro--banker,2027,earliest_sourced,verified,https://www.evo.com/shop/snowboard/snowboards/nitro | https://thegoodride.com/snowboard-reviews/nitro-banker-snowboard-review/,,
CATALOG_ONLY,,,,,Nitro,Beast,nitro--beast,2020,earliest_sourced,likely,https://www.evo.com/products/186907-nitro-beast-snowboard-2020 | https://www.evo.com/products/267390-nitro-beast-snowboard-2026,,
CATALOG_ONLY,,,,,Nitro,Black Widow,nitro--black-widow,2003,introduced,verified,https://web.archive.org/web/20020902153010/http://www.nitrousa.com/10_products/11_boards/index.php | https://web.archive.org/web/20031204041622/http://www.nitrousa.com/10_products/11_boards/index2.php | https://web.archive.org/web/20051119171135/http://www.nitrousa.com/products/boards/afr/series_magnum.php3,,
CATALOG_ONLY,,,,,Nitro,Blacklight,nitro--blacklight,2008,earliest_sourced,verified,https://www.snowdb.com/catalog/nitro | https://web.archive.org/web/200807/http://www.nitrousa.com/ | https://web.archive.org/web/200812/http://www.nitrousa.com/,,
CATALOG_ONLY,,,,,Nitro,Blazer,nitro--blazer,2002,introduced,verified,https://web.archive.org/web/20010716102927/http://www.nitrousa.com/20_weapon_armoury/21_nitro_line/boards/atf/shadow/series.php,,
CATALOG_ONLY,,,,,Nitro,Brawler,nitro--brawler,2006,earliest_sourced,verified,https://www.snowdb.com/catalog/nitro | https://web.archive.org/web/20051119171135/http://www.nitrousa.com/products/boards/afr/series_magnum.php3 | https://web.archive.org/web/200709/http://www.nitrousa.com/ | https://web.archive.org/web/200806/http://www.nitrousa.com/,,
CATALOG_ONLY,,,,,Nitro,Cannon,nitro--cannon,2026,earliest_sourced,likely,https://www.evo.com/shop/snowboard/snowboards/nitro,,
CATALOG_ONLY,,,,,Nitro,Carrara,nitro--carrara,2008,earliest_sourced,verified,https://www.snowdb.com/catalog/nitro | https://web.archive.org/web/200710/http://www.nitrousa.com/ | https://web.archive.org/web/200812/http://www.nitrousa.com/,,
CATALOG_ONLY,,,,,Nitro,Cheap Thrills,nitro--cheap-thrills,2025,earliest_sourced,verified,https://www.evo.com/shop/snowboard/snowboards/nitro | https://www.evo.com/snowboards/nitro-cheap-thrills-snowboard-2025,,
CATALOG_ONLY,,,,,Nitro,Cheryl Maas,nitro--cheryl-maas,2009,earliest_sourced,likely,https://www.snowdb.com/catalog/nitro,,
CATALOG_ONLY,,,,,Nitro,Cinema,nitro--cinema,2017,introduced,likely,https://whitelines.com/snowboard-gear/news-previews/nitro-snowboards-2016-2017-preview-ispo-2016.html,,
CATALOG_ONLY,,,,,Nitro,Darkhorse,nitro--darkhorse,2004,introduced,verified,https://web.archive.org/web/20031204041622/http://www.nitrousa.com/10_products/11_boards/index2.php | https://web.archive.org/web/20051119171135/http://www.nitrousa.com/products/boards/afr/series_magnum.php3,,
CATALOG_ONLY,,,,,Nitro,Demand,nitro--demand,2011,earliest_sourced,likely,https://www.snowdb.com/catalog/nitro,,
CATALOG_ONLY,,,,,Nitro,Diablo,nitro--diablo,1992,introduced,likely,https://archive.org/details/tws-89-93,,
CATALOG_ONLY,,,,,Nitro,Dinghy,nitro--dinghy,2023,earliest_sourced,verified,https://www.evo.com/shop/snowboard/snowboards/nitro | https://thegoodride.com/snowboard-reviews/nitro-dinghy-snowboard-review/,,
CATALOG_ONLY,,,,,Nitro,Doppleganger,nitro--doppleganger,2017,introduced,likely,https://whitelines.com/snowboard-gear/news-previews/nitro-snowboards-2016-2017-preview-ispo-2016.html,,
CATALOG_ONLY,,,,,Nitro,Drop,nitro--drop,2027,earliest_sourced,likely,https://www.evo.com/shop/snowboard/snowboards/nitro,,
CATALOG_ONLY,,,,,Nitro,Dropout,nitro--dropout,2022,introduced,likely,https://thegoodride.com/snowboard-reviews/nitro-dropout-2022-snowboard-review/,,
CATALOG_ONLY,,,,,Nitro,Eero Ettala,nitro--eero-ettala,2008,earliest_sourced,verified,https://www.snowdb.com/catalog/nitro | https://web.archive.org/web/200710/http://www.nitrousa.com/ | https://web.archive.org/web/200812/http://www.nitrousa.com/,,
CATALOG_ONLY,,,,,Nitro,EFT,nitro--eft,1991,introduced,likely,https://archive.org/details/ISM-87-91,,
CATALOG_ONLY,,,,,Nitro,Factory Team,nitro--factory-team,2012,earliest_sourced,likely,https://www.snowdb.com/catalog/nitro,,
CATALOG_ONLY,,,,,Nitro,Fate,nitro--fate,2004,earliest_sourced,verified,https://www.snowdb.com/catalog/nitro | https://www.evo.com/shop/snowboard/snowboards/nitro | https://web.archive.org/web/20031204041622/http://www.nitrousa.com/10_products/11_boards/index2.php | https://web.archive.org/web/20051119171135/http://www.nitrousa.com/products/boards/afr/series_magnum.php3 | https://web.archive.org/web/200709/http://www.nitrousa.com/ | https://web.archive.org/web/200812/http://www.nitrousa.com/,,
CATALOG_ONLY,,,,,Nitro,FinTwin,nitro--fintwin,2027,earliest_sourced,likely,https://www.evo.com/shop/snowboard/snowboards/nitro,,
CATALOG_ONLY,,,,,Nitro,Fusion,nitro--fusion,1990,introduced,verified,https://www.michigansnowboardmuseum.com/the-neon-era--other-80s-decks.html | https://thegoodride.com/snowboard-reviews/nitro-quiver-fusion-2022-snowboard-review/ | https://archive.org/details/ISM-87-91,,
CATALOG_ONLY,,,,,Nitro,Future Team,nitro--future-team,2002,earliest_sourced,verified,https://www.evo.com/shop/snowboard/snowboards/nitro | https://web.archive.org/web/20010716102927/http://www.nitrousa.com/20_weapon_armoury/21_nitro_line/boards/atf/shadow/series.php | https://web.archive.org/web/20020902153010/http://www.nitrousa.com/10_products/11_boards/index.php | https://web.archive.org/web/20031204041622/http://www.nitrousa.com/10_products/11_boards/index2.php,,
CATALOG_ONLY,,,,,Nitro,Glide,nitro--glide,2002,introduced,verified,https://web.archive.org/web/20010716102927/http://www.nitrousa.com/20_weapon_armoury/21_nitro_line/boards/atf/shadow/series.php | https://web.archive.org/web/20020902153010/http://www.nitrousa.com/10_products/11_boards/index.php,,
CATALOG_ONLY,,,,,Nitro,GTO,nitro--gto,2002,introduced,verified,https://web.archive.org/web/20010716102927/http://www.nitrousa.com/20_weapon_armoury/21_nitro_line/boards/atf/shadow/series.php,,
CATALOG_ONLY,,,,,Nitro,Gun,nitro--gun,2008,earliest_sourced,verified,https://www.snowdb.com/catalog/nitro | https://web.archive.org/web/200709/http://www.nitrousa.com/ | https://web.archive.org/web/200812/http://www.nitrousa.com/,,
CATALOG_ONLY,,,,,Nitro,Haze,nitro--haze,2010,earliest_sourced,likely,https://www.snowdb.com/catalog/nitro,,
CATALOG_ONLY,,,,,Nitro,Highlander,nitro--highlander,2022,introduced,likely,https://thegoodride.com/snowboard-reviews/nitro-highlander-snowboard-review/,,
CATALOG_ONLY,,,,,Nitro,Ika,nitro--ika,2027,earliest_sourced,likely,https://www.evo.com/shop/snowboard/snowboards/nitro,,
CATALOG_ONLY,,,,,Nitro,Janna,nitro--janna,2008,earliest_sourced,verified,https://www.snowdb.com/catalog/nitro | https://web.archive.org/web/200709/http://www.nitrousa.com/ | https://web.archive.org/web/200812/http://www.nitrousa.com/,,
CATALOG_ONLY,,,,,Nitro,Jeff Davis,nitro--jeff-davis,1992,introduced,verified,https://retrosnow.com/product-category/nitro/ | https://retrosnow.com/shop/nitro/92/nitro-jeff-davis/ | https://archive.org/details/tws-89-93,,
CATALOG_ONLY,,,,,Nitro,Jem,nitro--jem,2006,introduced,verified,https://web.archive.org/web/20051119171135/http://www.nitrousa.com/products/boards/afr/series_magnum.php3,,
CATALOG_ONLY,,,,,Nitro,Karma,nitro--karma,2024,introduced,verified,https://thegoodride.com/snowboard-reviews/ | https://thegoodride.com/snowboard-reviews/?brand=jones,,
CATALOG_ONLY,,,,,Nitro,Lectra,nitro--lectra,2010,earliest_sourced,verified,https://www.snowdb.com/catalog/nitro | https://www.evo.com/shop/snowboard/snowboards/nitro | https://www.snowboard-zezula.com/blog/791/nitro-snowboards-30th-anniversary,,
CATALOG_ONLY,,,,,Nitro,Magnum,nitro--magnum,2002,earliest_sourced,verified,https://www.snowdb.com/catalog/nitro | https://www.evo.com/outlet/snowboards/nitro-magnum-wide-snowboard | https://www.evo.com/outlet/used/snowboards/nitro-magnum-snowboard | https://web.archive.org/web/20010716102927/http://www.nitrousa.com/20_weapon_armoury/21_nitro_line/boards/atf/shadow/series.php | https://web.archive.org/web/20020902153010/http://www.nitrousa.com/10_products/11_boards/index.php | https://web.archive.org/web/20031204041622/http://www.nitrousa.com/10_products/11_boards/index2.php | https://web.archive.org/web/20051119171135/http://www.nitrousa.com/products/boards/afr/series_magnum.php3,,
CATALOG_ONLY,,,,,Nitro,Mastercarve,nitro--mastercarve,2027,earliest_sourced,likely,https://www.evo.com/shop/snowboard/snowboards/nitro,,
CATALOG_ONLY,,,,,Nitro,Mercy,nitro--mercy,2027,earliest_sourced,likely,https://www.evo.com/shop/snowboard/snowboards/nitro,,
CATALOG_ONLY,,,,,Nitro,Metal,nitro--metal,2002,introduced,verified,https://web.archive.org/web/20010716102927/http://www.nitrousa.com/20_weapon_armoury/21_nitro_line/boards/atf/shadow/series.php,,
CATALOG_ONLY,,,,,Nitro,MFM,nitro--mfm,2008,earliest_sourced,verified,https://www.snowdb.com/catalog/nitro | https://web.archive.org/web/200709/http://www.nitrousa.com/ | https://web.archive.org/web/200807/http://www.nitrousa.com/,,
CATALOG_ONLY,,,,,Nitro,Mini Pro Eero,nitro--mini-pro-eero,2008,earliest_sourced,likely,https://web.archive.org/web/200709/http://www.nitrousa.com/ | https://web.archive.org/web/200806/http://www.nitrousa.com/,,
CATALOG_ONLY,,,,,Nitro,Mini Pro MFM,nitro--mini-pro-mfm,2008,earliest_sourced,likely,https://web.archive.org/web/200709/http://www.nitrousa.com/ | https://web.archive.org/web/200806/http://www.nitrousa.com/,,
CATALOG_ONLY,,,,,Nitro,Misfit,nitro--misfit,2006,earliest_sourced,verified,https://www.snowdb.com/catalog/nitro | https://web.archive.org/web/20051119171135/http://www.nitrousa.com/products/boards/afr/series_magnum.php3 | https://web.archive.org/web/200709/http://www.nitrousa.com/ | https://web.archive.org/web/200812/http://www.nitrousa.com/,,
CATALOG_ONLY,,,,,Nitro,Mountain,nitro--mountain,2016,introduced,verified,https://thegoodride.com/snowboard-reviews/nitro-mountain-2016-2018-snowboard-review/ | https://whitelines.com/snowboard-gear/reviews/snowboards/nitro-mountain-2016-2017.html,,
CATALOG_ONLY,,,,,Nitro,Mountain X Grif,nitro--mountain-x-grif,2020,introduced,likely,https://www.snowboard-zezula.com/blog/791/nitro-snowboards-30th-anniversary,,
CATALOG_ONLY,,,,,Nitro,Mystique,nitro--mystique,2006,earliest_sourced,verified,https://www.snowdb.com/catalog/nitro | https://www.evo.com/shop/snowboard/snowboards/nitro | https://web.archive.org/web/20051119171135/http://www.nitrousa.com/products/boards/afr/series_magnum.php3 | https://web.archive.org/web/200708/http://www.nitrousa.com/ | https://web.archive.org/web/200812/http://www.nitrousa.com/,,
CATALOG_ONLY,,,,,Nitro,Naturals,nitro--naturals,2000,introduced,verified,https://www.snowboarder.com/news/snowboard-lifes-top-25-board-test-2000 | https://www.snowboarder.com/news/board-test-board-specs | https://web.archive.org/web/20011124131127/http://www.nitrousa.com/20_weapon_armoury/21_nitro_line/boards/afr/naturals/series.php | https://web.archive.org/web/20020902153010/http://www.nitrousa.com/10_products/11_boards/index.php | https://web.archive.org/web/20031204041622/http://www.nitrousa.com/10_products/11_boards/index2.php | https://web.archive.org/web/20051119171135/http://www.nitrousa.com/products/boards/afr/series_magnum.php3,,
CATALOG_ONLY,,,,,Nitro,Nicola,nitro--nicola,2000,introduced,likely,https://www.snowboarder.com/news/board-test-board-specs,,
CATALOG_ONLY,,,,,Nitro,Nomad,nitro--nomad,2017,introduced,likely,https://whitelines.com/snowboard-gear/news-previews/nitro-snowboards-2016-2017-preview-ispo-2016.html,,
CATALOG_ONLY,,,,,Nitro,Nova,nitro--nova,2027,earliest_sourced,likely,https://www.evo.com/shop/snowboard/snowboards/nitro,,
CATALOG_ONLY,,,,,Nitro,NYX,nitro--nyx,2006,earliest_sourced,verified,https://www.snowdb.com/catalog/nitro | https://web.archive.org/web/20051119171135/http://www.nitrousa.com/products/boards/afr/series_magnum.php3 | https://web.archive.org/web/200709/http://www.nitrousa.com/ | https://web.archive.org/web/200807/http://www.nitrousa.com/,,
CATALOG_ONLY,,,,,Nitro,OG Team,nitro--og-team,2027,earliest_sourced,likely,https://www.evo.com/shop/snowboard/snowboards/nitro,,
CATALOG_ONLY,,,,,Nitro,Pantera,nitro--pantera,2006,earliest_sourced,verified,https://www.snowdb.com/catalog/nitro | https://www.evo.com/outlet/snowboards/nitro-pantera-w-snowboard | https://www.evo.com/outlet/snowboards/nitro-pantera-snowboard-2010 | https://www.nitrosnowboards.com/products/pantera-snowboard | https://web.archive.org/web/20051119171135/http://www.nitrousa.com/products/boards/afr/series_magnum.php3,,
CATALOG_ONLY,,,,,Nitro,Phase,nitro--phase,2027,earliest_sourced,likely,https://www.evo.com/shop/snowboard/snowboards/nitro,,
CATALOG_ONLY,,,,,Nitro,Phoenix,nitro--phoenix,2004,introduced,verified,https://web.archive.org/web/20031204041622/http://www.nitrousa.com/10_products/11_boards/index2.php,,
CATALOG_ONLY,,,,,Nitro,Powdergun,nitro--powdergun,2002,introduced,verified,https://web.archive.org/web/20010716102927/http://www.nitrousa.com/20_weapon_armoury/21_nitro_line/boards/atf/shadow/series.php | https://web.archive.org/web/20020902153010/http://www.nitrousa.com/10_products/11_boards/index.php,,
CATALOG_ONLY,,,,,Nitro,Prime,nitro--prime,2010,earliest_sourced,verified,https://www.snowdb.com/catalog/nitro | https://www.evo.com/shop/snowboard/snowboards/nitro,,
CATALOG_ONLY,,,,,Nitro,Pro One-Off,nitro--pro-one-off,2008,earliest_sourced,likely,https://web.archive.org/web/200807/http://www.nitrousa.com/ | https://web.archive.org/web/200812/http://www.nitrousa.com/,,
CATALOG_ONLY,,,,,Nitro,Pro Series,nitro--pro-series,2001,earliest_sourced,verified,https://www.snowdb.com/catalog/nitro | https://web.archive.org/web/20010302174113/http://www.nitrousa.com/products/boards/atf/pro_series_156.php3,,
CATALOG_ONLY,,,,,Nitro,Prolight,nitro--prolight,2008,earliest_sourced,verified,https://www.snowdb.com/catalog/nitro | https://web.archive.org/web/200807/http://www.nitrousa.com/ | https://web.archive.org/web/200812/http://www.nitrousa.com/,,
CATALOG_ONLY,,,,,Nitro,Punisher,nitro--punisher,2003,introduced,verified,https://web.archive.org/web/20020902153010/http://www.nitrousa.com/10_products/11_boards/index.php | https://web.archive.org/web/20031204041622/http://www.nitrousa.com/10_products/11_boards/index2.php | https://web.archive.org/web/20051119171135/http://www.nitrousa.com/products/boards/afr/series_magnum.php3,,
CATALOG_ONLY,,,,,Nitro,Pyro,nitro--pyro,1991,introduced,verified,https://retrosnow.com/product-category/nitro/ | https://archive.org/details/ISM-87-91 | https://retrosnow.com/shop/nitro/92/nitro-pyro/ | https://retrosnow.com/shop/nitro/93-nitro/nitro-pyro-2/ | https://archive.org/details/tws-89-93,,
CATALOG_ONLY,,,,,Nitro,Quiver,nitro--quiver,2017,introduced,verified,https://whitelines.com/snowboard-gear/news-previews/nitro-snowboards-2016-2017-preview-ispo-2016.html | https://thegoodride.com/snowboard-reviews/nitro-fury-quiver-2019-snowboard-review/ | https://thegoodride.com/snowboard-reviews/nitro-quiver-fusion-2022-snowboard-review/,,
CATALOG_ONLY,,,,,Nitro,Resistance,nitro--resistance,2006,introduced,verified,https://web.archive.org/web/20051119171135/http://www.nitrousa.com/products/boards/afr/series_magnum.php3,,
CATALOG_ONLY,,,,,Nitro,Revolt,nitro--revolt,2006,earliest_sourced,verified,https://www.snowdb.com/catalog/nitro | https://web.archive.org/web/20051119171135/http://www.nitrousa.com/products/boards/afr/series_magnum.php3 | https://web.archive.org/web/200709/http://www.nitrousa.com/ | https://web.archive.org/web/200806/http://www.nitrousa.com/,,
CATALOG_ONLY,,,,,Nitro,Ripper,nitro--ripper,2008,earliest_sourced,verified,https://www.snowdb.com/catalog/nitro | https://www.evo.com/shop/snowboard/snowboards/nitro | https://web.archive.org/web/200807/http://www.nitrousa.com/ | https://web.archive.org/web/200812/http://www.nitrousa.com/,,
CATALOG_ONLY,,,,,Nitro,Rook,nitro--rook,2010,earliest_sourced,likely,https://www.snowdb.com/catalog/nitro,,
CATALOG_ONLY,,,,,Nitro,Runaway,nitro--runaway,2008,earliest_sourced,verified,https://www.snowdb.com/catalog/nitro | https://web.archive.org/web/200807/http://www.nitrousa.com/ | https://web.archive.org/web/200812/http://www.nitrousa.com/,,
CATALOG_ONLY,,,,,Nitro,Saber,nitro--saber,2004,introduced,verified,https://web.archive.org/web/20031204041622/http://www.nitrousa.com/10_products/11_boards/index2.php | https://web.archive.org/web/20051119171135/http://www.nitrousa.com/products/boards/afr/series_magnum.php3,,
CATALOG_ONLY,,,,,Nitro,Santoku,nitro--santoku,2027,earliest_sourced,likely,https://www.evo.com/shop/snowboard/snowboards/nitro,,
CATALOG_ONLY,,,,,Nitro,Scope,nitro--scope,2003,introduced,verified,https://web.archive.org/web/20020902153010/http://www.nitrousa.com/10_products/11_boards/index.php,,
CATALOG_ONLY,,,,,Nitro,Shadow,nitro--shadow,2000,introduced,verified,https://www.snowboarder.com/news/snowboard-lifes-top-25-board-test-2000 | https://www.snowboarder.com/news/board-test-board-specs | https://web.archive.org/web/20010716102927/http://www.nitrousa.com/20_weapon_armoury/21_nitro_line/boards/atf/shadow/series.php | https://web.archive.org/web/20020902153010/http://www.nitrousa.com/10_products/11_boards/index.php | https://web.archive.org/web/20031204041622/http://www.nitrousa.com/10_products/11_boards/index2.php | https://web.archive.org/web/20051119171135/http://www.nitrousa.com/products/boards/afr/series_magnum.php3,,
CATALOG_ONLY,,,,,Nitro,Shield,nitro--shield,2008,earliest_sourced,verified,https://www.snowdb.com/catalog/nitro | https://web.archive.org/web/200807/http://www.nitrousa.com/ | https://web.archive.org/web/200812/http://www.nitrousa.com/,,
CATALOG_ONLY,,,,,Nitro,Shogun,nitro--shogun,2003,introduced,verified,https://web.archive.org/web/20020902153010/http://www.nitrousa.com/10_products/11_boards/index.php | https://web.archive.org/web/20031204041622/http://www.nitrousa.com/10_products/11_boards/index2.php,,
CATALOG_ONLY,,,,,Nitro,Slash,nitro--slash,2008,earliest_sourced,verified,https://www.snowdb.com/catalog/nitro | https://www.evo.com/shop/snowboard/snowboards/nitro | https://whitelines.com/snowboard-gear/news-previews/nitro-snowboards-2016-2017-preview-ispo-2016.html | https://thegoodride.com/snowboard-reviews/nitro-slash-snowboard-review/ | https://web.archive.org/web/200807/http://www.nitrousa.com/ | https://web.archive.org/web/200812/http://www.nitrousa.com/,,
CATALOG_ONLY,,,,,Nitro,SMP,nitro--smp,2017,introduced,likely,https://whitelines.com/snowboard-gear/news-previews/nitro-snowboards-2016-2017-preview-ispo-2016.html,,
CATALOG_ONLY,,,,,Nitro,Spirit,nitro--spirit,2027,earliest_sourced,likely,https://www.evo.com/shop/snowboard/snowboards/nitro,,
CATALOG_ONLY,,,,,Nitro,Squash,nitro--squash,2018,earliest_sourced,verified,https://www.evo.com/shop/snowboard/snowboards/nitro | https://thegoodride.com/snowboard-reviews/nitro-squash-snowboard-review/ | https://whitelines.com/snowboard-gear/reviews/snowboards/nitro-squash-2017-2018.html,,
CATALOG_ONLY,,,,,Nitro,Storm,nitro--storm,2002,introduced,verified,https://web.archive.org/web/20010716102927/http://www.nitrousa.com/20_weapon_armoury/21_nitro_line/boards/atf/shadow/series.php,,
CATALOG_ONLY,,,,,Nitro,Subzero,nitro--subzero,2010,earliest_sourced,likely,https://www.snowdb.com/catalog/nitro,,
CATALOG_ONLY,,,,,Nitro,Suicide,nitro--suicide,2004,introduced,verified,https://web.archive.org/web/20031204041622/http://www.nitrousa.com/10_products/11_boards/index2.php,,
CATALOG_ONLY,,,,,Nitro,Supernaturals,nitro--supernaturals,2002,introduced,verified,https://web.archive.org/web/20011004224831/http://www.nitrousa.com/20_weapon_armoury/21_nitro_line/boards/afr/supernaturals/series.php,,
CATALOG_ONLY,,,,,Nitro,Suprateam,nitro--suprateam,2002,earliest_sourced,verified,https://www.snowdb.com/catalog/nitro | https://web.archive.org/web/20010716102927/http://www.nitrousa.com/20_weapon_armoury/21_nitro_line/boards/atf/shadow/series.php | https://web.archive.org/web/20020902153010/http://www.nitrousa.com/10_products/11_boards/index.php | https://web.archive.org/web/20031204041622/http://www.nitrousa.com/10_products/11_boards/index2.php | https://web.archive.org/web/20051119171135/http://www.nitrousa.com/products/boards/afr/series_magnum.php3,,
CATALOG_ONLY,,,,,Nitro,Swindle,nitro--swindle,2008,earliest_sourced,verified,https://www.snowdb.com/catalog/nitro | https://web.archive.org/web/200807/http://www.nitrousa.com/ | https://web.archive.org/web/200812/http://www.nitrousa.com/,,
CATALOG_ONLY,,,,,Nitro,T1,nitro--t1,2004,earliest_sourced,verified,https://www.snowdb.com/catalog/nitro | https://www.evo.com/shop/snowboard/snowboards/nitro | https://thegoodride.com/snowboard-reviews/nitro-t1-review-and-buying-advice/ | https://web.archive.org/web/20031204041622/http://www.nitrousa.com/10_products/11_boards/index2.php | https://web.archive.org/web/20051119171135/http://www.nitrousa.com/products/boards/afr/series_magnum.php3 | https://web.archive.org/web/200709/http://www.nitrousa.com/ | https://web.archive.org/web/200812/http://www.nitrousa.com/,,
CATALOG_ONLY,,,,,Nitro,T2,nitro--t2,2004,earliest_sourced,verified,https://www.snowdb.com/catalog/nitro | https://web.archive.org/web/20031204041622/http://www.nitrousa.com/10_products/11_boards/index2.php | https://web.archive.org/web/20051119171135/http://www.nitrousa.com/products/boards/afr/series_magnum.php3 | https://web.archive.org/web/200709/http://www.nitrousa.com/ | https://web.archive.org/web/200812/http://www.nitrousa.com/,,
CATALOG_ONLY,,,,,Nitro,Team,nitro--team,2002,earliest_sourced,verified,https://www.snowdb.com/catalog/nitro | https://www.evo.com/shop/snowboard/snowboards/nitro | https://www.snowboard-zezula.com/blog/791/nitro-snowboards-30th-anniversary | https://thegoodride.com/snowboard-reviews/nitro-team-2010-2020-snowboard-review/ | https://web.archive.org/web/20010716102927/http://www.nitrousa.com/20_weapon_armoury/21_nitro_line/boards/atf/shadow/series.php | https://web.archive.org/web/20020902153010/http://www.nitrousa.com/10_products/11_boards/index.php | https://web.archive.org/web/20031204041622/http://www.nitrousa.com/10_products/11_boards/index2.php | https://web.archive.org/web/20051119171135/http://www.nitrousa.com/products/boards/afr/series_magnum.php3,,
CATALOG_ONLY,,,,,Nitro,Team Pro,nitro--team-pro,2026,earliest_sourced,likely,https://www.evo.com/shop/snowboard/snowboards/nitro,,
CATALOG_ONLY,,,,,Nitro,Template,nitro--template,2008,earliest_sourced,verified,https://www.snowdb.com/catalog/nitro | https://web.archive.org/web/200709/http://www.nitrousa.com/ | https://web.archive.org/web/200807/http://www.nitrousa.com/,,
CATALOG_ONLY,,,,,Nitro,Thief,nitro--thief,2012,earliest_sourced,likely,https://www.snowdb.com/catalog/nitro,,
CATALOG_ONLY,,,,,Nitro,Titan,nitro--titan,2002,introduced,verified,https://web.archive.org/web/20010716102927/http://www.nitrousa.com/20_weapon_armoury/21_nitro_line/boards/atf/shadow/series.php | https://web.archive.org/web/20020902153010/http://www.nitrousa.com/10_products/11_boards/index.php | https://web.archive.org/web/20031204041622/http://www.nitrousa.com/10_products/11_boards/index2.php,,
CATALOG_ONLY,,,,,Nitro,Torque,nitro--torque,2002,introduced,verified,https://web.archive.org/web/20010716102927/http://www.nitrousa.com/20_weapon_armoury/21_nitro_line/boards/atf/shadow/series.php | https://web.archive.org/web/20031204041622/http://www.nitrousa.com/10_products/11_boards/index2.php,,
CATALOG_ONLY,,,,,Nitro,TØ,nitro--t,2006,introduced,verified,https://web.archive.org/web/20051119171135/http://www.nitrousa.com/products/boards/afr/series_magnum.php3,,
CATALOG_ONLY,,,,,Nitro,Vandal,nitro--vandal,2006,introduced,verified,https://web.archive.org/web/20051119171135/http://www.nitrousa.com/products/boards/afr/series_magnum.php3,,
CATALOG_ONLY,,,,,Nitro,Victoria,nitro--victoria,2024,introduced,verified,https://thegoodride.com/snowboard-reviews/ | https://thegoodride.com/snowboard-reviews/?brand=jones,,
CATALOG_ONLY,,,,,Nitro,Volume,nitro--volume,2008,earliest_sourced,verified,https://www.snowdb.com/catalog/nitro | https://web.archive.org/web/200807/http://www.nitrousa.com/ | https://web.archive.org/web/200812/http://www.nitrousa.com/,,
CATALOG_ONLY,,,,,Nitro,Wiig,nitro--wiig,2008,earliest_sourced,verified,https://www.snowdb.com/catalog/nitro | https://web.archive.org/web/200709/http://www.nitrousa.com/ | https://web.archive.org/web/200812/http://www.nitrousa.com/,,
CATALOG_ONLY,,,,,Nitro,Woodcarver,nitro--woodcarver,2018,introduced,likely,https://thegoodride.com/snowboard-reviews/nitro-woodcarver-2018-snowboard-review/,,
CATALOG_ONLY,,,,,Nitro,Zaza,nitro--zaza,2027,earliest_sourced,likely,https://www.evo.com/shop/snowboard/snowboards/nitro,,
CATALOG_ONLY,,,,,Nobile,N8,nobile--n8,2024,introduced,likely,https://nobilesports.com/snowboards/boards.html,,
CATALOG_ONLY,,,,,Nobile,Race SBX,nobile--race-sbx,2024,introduced,likely,https://nobilesports.com/snowboards/boards.html,,
CATALOG_ONLY,,,,,Ogasaka,AX,ogasaka--ax,2025,earliest_sourced,likely,https://www.ogasaka-snowboard.com/product.html,,
CATALOG_ONLY,,,,,Ogasaka,CT,ogasaka--ct,2025,earliest_sourced,likely,https://www.ogasaka-snowboard.com/product.html,,
CATALOG_ONLY,,,,,Ogasaka,FACET,ogasaka--facet,2025,earliest_sourced,likely,https://www.ogasaka-snowboard.com/product.html,,
CATALOG_ONLY,,,,,Ogasaka,FC,ogasaka--fc,2025,earliest_sourced,likely,https://www.ogasaka-snowboard.com/product.html,,
CATALOG_ONLY,,,,,Ogasaka,ORCA,ogasaka--orca,2025,earliest_sourced,likely,https://www.ogasaka-snowboard.com/product.html,,
CATALOG_ONLY,,,,,Ogasaka,SHIN,ogasaka--shin,2025,earliest_sourced,likely,https://www.ogasaka-snowboard.com/product.html | https://www.ogasaka-snowboard.com/,,
CATALOG_ONLY,,,,,Ogasaka,SPROUT,ogasaka--sprout,2025,earliest_sourced,likely,https://www.ogasaka-snowboard.com/product.html,,
CATALOG_ONLY,,,,,Ogasaka,TF,ogasaka--tf,2025,earliest_sourced,likely,https://www.ogasaka-snowboard.com/product.html,,
CATALOG_ONLY,,,,,Ogasaka,XC,ogasaka--xc,2025,earliest_sourced,likely,https://www.ogasaka-snowboard.com/product.html,,
CATALOG_ONLY,,,,,Ogasaka,ZX,ogasaka--zx,2027,introduced,likely,https://www.ogasaka-snowboard.com/,,
CATALOG_ONLY,,,,,Option,Bella,option--bella,2008,earliest_sourced,likely,https://www.snowdb.com/catalog/option,,
CATALOG_ONLY,,,,,Option,Booter,option--booter,1999,introduced,verified,https://web.archive.org/web/20010503014118/http://www.optionsnowboards.com/1998_1999/boards/booter.cgi | https://web.archive.org/web/20000303020635/http://www.optionsnowboards.com/boards/chatfield.shtml,,
CATALOG_ONLY,,,,,Option,Cardiac,option--cardiac,1999,introduced,verified,https://web.archive.org/web/20010503014118/http://www.optionsnowboards.com/1998_1999/boards/booter.cgi,,
CATALOG_ONLY,,,,,Option,Chatfield,option--chatfield,2000,introduced,verified,https://web.archive.org/web/20000303020635/http://www.optionsnowboards.com/boards/chatfield.shtml | https://web.archive.org/web/200101/http://www.optionsnowboards.com/,,
CATALOG_ONLY,,,,,Option,Chris Dufficy,option--chris-dufficy,2008,earliest_sourced,likely,https://www.snowdb.com/catalog/option,,
CATALOG_ONLY,,,,,Option,Echo,option--echo,2008,earliest_sourced,likely,https://www.snowdb.com/catalog/option,,
CATALOG_ONLY,,,,,Option,Essential,option--essential,1999,introduced,verified,https://web.archive.org/web/20010503014118/http://www.optionsnowboards.com/1998_1999/boards/booter.cgi,,
CATALOG_ONLY,,,,,Option,Forecast,option--forecast,2008,earliest_sourced,likely,https://www.snowdb.com/catalog/option,,
CATALOG_ONLY,,,,,Option,Fortune,option--fortune,2008,earliest_sourced,likely,https://www.snowdb.com/catalog/option,,
CATALOG_ONLY,,,,,Option,Franchise,option--franchise,2008,earliest_sourced,likely,https://www.snowdb.com/catalog/option,,
CATALOG_ONLY,,,,,Option,Free,option--free,1999,introduced,verified,https://web.archive.org/web/20010503014118/http://www.optionsnowboards.com/1998_1999/boards/booter.cgi,,
CATALOG_ONLY,,,,,Option,Free Plus,option--free-plus,2001,introduced,verified,https://web.archive.org/web/20001027190941/http://www.optionsnowboards.com/boards/freeplus.shtml,,
CATALOG_ONLY,,,,,Option,Influence,option--influence,2008,earliest_sourced,likely,https://www.snowdb.com/catalog/option,,
CATALOG_ONLY,,,,,Option,Jay Nelson,option--jay-nelson,1999,introduced,verified,https://web.archive.org/web/20010503014118/http://www.optionsnowboards.com/1998_1999/boards/booter.cgi | https://web.archive.org/web/20000303020635/http://www.optionsnowboards.com/boards/chatfield.shtml | https://web.archive.org/web/200101/http://www.optionsnowboards.com/,,
CATALOG_ONLY,,,,,Option,Little SuperCap,option--little-supercap,1999,introduced,verified,https://web.archive.org/web/20010503014118/http://www.optionsnowboards.com/1998_1999/boards/booter.cgi,,
CATALOG_ONLY,,,,,Option,Logic,option--logic,2008,earliest_sourced,likely,https://www.snowdb.com/catalog/option,,
CATALOG_ONLY,,,,,Option,Makinen,option--makinen,2001,introduced,verified,https://web.archive.org/web/20001027190941/http://www.optionsnowboards.com/boards/freeplus.shtml | https://web.archive.org/web/200106/http://www.optionsnowboards.com/,,
CATALOG_ONLY,,,,,Option,Mini Pro,option--mini-pro,2000,introduced,verified,https://web.archive.org/web/20000303020635/http://www.optionsnowboards.com/boards/chatfield.shtml | https://web.archive.org/web/200112/http://www.optionsnowboards.com/,,
CATALOG_ONLY,,,,,Option,Mirror,option--mirror,2008,earliest_sourced,likely,https://www.snowdb.com/catalog/option,,
CATALOG_ONLY,,,,,Option,Motive,option--motive,2008,earliest_sourced,verified,https://www.snowdb.com/catalog/option | https://web.archive.org/web/200807/http://www.optionsnowboards.com/,,
CATALOG_ONLY,,,,,Option,Paloma,option--paloma,2008,earliest_sourced,likely,https://www.snowdb.com/catalog/option,,
CATALOG_ONLY,,,,,Option,Redline,option--redline,1999,earliest_sourced,verified,https://www.snowdb.com/catalog/option | https://web.archive.org/web/20010503014118/http://www.optionsnowboards.com/1998_1999/boards/booter.cgi | https://web.archive.org/web/20000303020635/http://www.optionsnowboards.com/boards/chatfield.shtml | https://web.archive.org/web/200106/http://www.optionsnowboards.com/,,
CATALOG_ONLY,,,,,Option,Sansalone,option--sansalone,1999,introduced,verified,https://www.piquenewsmagazine.com/whistler-news/option-boards-2458356 | https://web.archive.org/web/20000303020635/http://www.optionsnowboards.com/boards/chatfield.shtml | https://web.archive.org/web/200112/http://www.optionsnowboards.com/,,
CATALOG_ONLY,,,,,Option,Signature,option--signature,1999,earliest_sourced,verified,https://www.piquenewsmagazine.com/whistler-news/option-boards-2458356 | https://www.snowdb.com/catalog/option | https://web.archive.org/web/20010503014118/http://www.optionsnowboards.com/1998_1999/boards/booter.cgi | https://web.archive.org/web/20000303020635/http://www.optionsnowboards.com/boards/chatfield.shtml | https://web.archive.org/web/200112/http://www.optionsnowboards.com/,,
CATALOG_ONLY,,,,,Option,Stomper,option--stomper,2001,introduced,verified,https://web.archive.org/web/20001027190941/http://www.optionsnowboards.com/boards/freeplus.shtml | https://web.archive.org/web/200203/http://www.optionsnowboards.com/,,
CATALOG_ONLY,,,,,Option,SuperCap,option--supercap,1999,introduced,verified,https://web.archive.org/web/20010503014118/http://www.optionsnowboards.com/1998_1999/boards/booter.cgi | https://web.archive.org/web/20000303020635/http://www.optionsnowboards.com/boards/chatfield.shtml | https://web.archive.org/web/200112/http://www.optionsnowboards.com/,,
CATALOG_ONLY,,,,,Option,SuperCharger,option--supercharger,2000,introduced,verified,https://web.archive.org/web/20000303020635/http://www.optionsnowboards.com/boards/chatfield.shtml | https://web.archive.org/web/200112/http://www.optionsnowboards.com/,,
CATALOG_ONLY,,,,,Option,V2,option--v2,2001,introduced,verified,https://web.archive.org/web/20001027190941/http://www.optionsnowboards.com/boards/freeplus.shtml | https://web.archive.org/web/200106/http://www.optionsnowboards.com/,,
CATALOG_ONLY,,,,,Option,Vega,option--vega,2008,earliest_sourced,likely,https://www.snowdb.com/catalog/option,,
CATALOG_ONLY,,,,,Option,Vinson,option--vinson,2008,earliest_sourced,likely,https://www.snowdb.com/catalog/option,,
CATALOG_ONLY,,,,,Original Sin,Team,original-sin--team,1997,introduced,likely,https://snowboarder.com/featured/1997-preview-of-womens-snowboard-equipment,,
CATALOG_ONLY,,,,,Oxess,BX Competition,oxess--bx-competition,,unknown,likely,https://www.oxess.ch/collections/snowboards,,
CATALOG_ONLY,,,,,Oxess,CX Pro,oxess--cx-pro,,unknown,likely,https://www.oxess.ch/collections/snowboards,,
CATALOG_ONLY,,,,,Oxess,FX,oxess--fx,,unknown,likely,https://www.oxess.ch/collections/snowboards,,
CATALOG_ONLY,,,,,Oxess,RS / RG,oxess--rs-rg,,unknown,likely,https://www.oxess.ch/collections/snowboards,,
CATALOG_ONLY,,,,,Oxess,SX,oxess--sx,,unknown,likely,https://www.oxess.ch/collections/snowboards,,
CATALOG_ONLY,,,,,Oxess,SXR,oxess--sxr,,unknown,likely,https://www.oxess.ch/collections/snowboards,,
CATALOG_ONLY,,,,,Oxygen,Supercross,oxygen--supercross,2000,introduced,likely,https://www.snowboarder.com/news/board-test-board-specs,,
CATALOG_ONLY,,,,,Oxygen,Vibe,oxygen--vibe,2000,introduced,likely,https://www.snowboarder.com/news/snowboard-lifes-top-25-board-test-2000 | https://www.snowboarder.com/news/board-test-board-specs,,
CATALOG_ONLY,,,,,Palmer,Andy Finch,palmer--andy-finch,2003,earliest_sourced,likely,https://web.archive.org/web/200210/http://www.palmerusa.com/ | https://web.archive.org/web/200306/http://www.palmerusa.com/,,
CATALOG_ONLY,,,,,Palmer,Andy Finch Twin,palmer--andy-finch-twin,2009,earliest_sourced,likely,https://www.snowdb.com/catalog/palmer,,
CATALOG_ONLY,,,,,Palmer,Biglight,palmer--biglight,2003,earliest_sourced,likely,https://web.archive.org/web/200209/http://www.palmerusa.com/ | https://web.archive.org/web/200312/http://www.palmerusa.com/,,
CATALOG_ONLY,,,,,Palmer,Burn,palmer--burn,2009,earliest_sourced,likely,https://www.snowdb.com/catalog/palmer,,
CATALOG_ONLY,,,,,Palmer,Carbon Circle,palmer--carbon-circle,2002,earliest_sourced,likely,https://web.archive.org/web/200109/http://www.palmerusa.com/ | https://web.archive.org/web/200312/http://www.palmerusa.com/,,
CATALOG_ONLY,,,,,Palmer,Carbon Circle 2,palmer--carbon-circle-2,2009,earliest_sourced,likely,https://www.snowdb.com/catalog/palmer,,
CATALOG_ONLY,,,,,Palmer,Channel Titanium,palmer--channel-titanium,2002,earliest_sourced,likely,https://web.archive.org/web/200110/http://www.palmerusa.com/ | https://web.archive.org/web/200312/http://www.palmerusa.com/,,
CATALOG_ONLY,,,,,Palmer,Classic,palmer--classic,2002,earliest_sourced,verified,https://www.snowdb.com/catalog/palmer | https://web.archive.org/web/200109/http://www.palmerusa.com/ | https://web.archive.org/web/200312/http://www.palmerusa.com/,,
CATALOG_ONLY,,,,,Palmer,Crown,palmer--crown,2004,introduced,verified,https://www.snowboarder.com/news/palmers-new-crown-and-shock-boards | https://www.snowdb.com/catalog/palmer,,
CATALOG_ONLY,,,,,Palmer,Flash,palmer--flash,2009,earliest_sourced,likely,https://www.snowdb.com/catalog/palmer,,
CATALOG_ONLY,,,,,Palmer,Gap,palmer--gap,2003,earliest_sourced,likely,https://web.archive.org/web/200209/http://www.palmerusa.com/ | https://web.archive.org/web/200312/http://www.palmerusa.com/,,
CATALOG_ONLY,,,,,Palmer,Halo,palmer--halo,2009,earliest_sourced,likely,https://www.snowdb.com/catalog/palmer,,
CATALOG_ONLY,,,,,Palmer,Honey Circle,palmer--honey-circle,2002,earliest_sourced,likely,https://web.archive.org/web/200109/http://www.palmerusa.com/ | https://web.archive.org/web/200312/http://www.palmerusa.com/,,
CATALOG_ONLY,,,,,Palmer,Honey Pro,palmer--honey-pro,2002,earliest_sourced,likely,https://web.archive.org/web/200109/http://www.palmerusa.com/ | https://web.archive.org/web/200312/http://www.palmerusa.com/,,
CATALOG_ONLY,,,,,Palmer,Honeycomb,palmer--honeycomb,2002,earliest_sourced,verified,https://www.snowdb.com/catalog/palmer | https://web.archive.org/web/200109/http://www.palmerusa.com/ | https://web.archive.org/web/200312/http://www.palmerusa.com/,,
CATALOG_ONLY,,,,,Palmer,Jade,palmer--jade,2009,earliest_sourced,likely,https://www.snowdb.com/catalog/palmer,,
CATALOG_ONLY,,,,,Palmer,Liberty,palmer--liberty,2002,earliest_sourced,verified,https://www.snowdb.com/catalog/palmer | https://web.archive.org/web/200108/http://www.palmerusa.com/ | https://web.archive.org/web/200312/http://www.palmerusa.com/,,
CATALOG_ONLY,,,,,Palmer,Liberty Carbon,palmer--liberty-carbon,2003,earliest_sourced,likely,https://web.archive.org/web/200209/http://www.palmerusa.com/ | https://web.archive.org/web/200312/http://www.palmerusa.com/,,
CATALOG_ONLY,,,,,Palmer,P-Line,palmer--p-line,2009,earliest_sourced,likely,https://www.snowdb.com/catalog/palmer,,
CATALOG_ONLY,,,,,Palmer,Palmer Pro,palmer--palmer-pro,2012,earliest_sourced,likely,https://www.snowdb.com/catalog/palmer,,
CATALOG_ONLY,,,,,Palmer,Patriot,palmer--patriot,2002,earliest_sourced,likely,https://web.archive.org/web/200109/http://www.palmerusa.com/ | https://web.archive.org/web/200302/http://www.palmerusa.com/,,
CATALOG_ONLY,,,,,Palmer,Platinum LE,palmer--platinum-le,2009,earliest_sourced,likely,https://www.snowdb.com/catalog/palmer,,
CATALOG_ONLY,,,,,Palmer,PLS Shock,palmer--pls-shock,2004,introduced,likely,https://www.snowboarder.com/news/palmers-new-crown-and-shock-boards,,
CATALOG_ONLY,,,,,Palmer,Pulse,palmer--pulse,2009,earliest_sourced,likely,https://www.snowdb.com/catalog/palmer,,
CATALOG_ONLY,,,,,Palmer,Renegade,palmer--renegade,2003,earliest_sourced,likely,https://web.archive.org/web/200209/http://www.palmerusa.com/ | https://web.archive.org/web/200312/http://www.palmerusa.com/,,
CATALOG_ONLY,,,,,Palmer,Saga,palmer--saga,2010,earliest_sourced,likely,https://www.snowdb.com/catalog/palmer,,
CATALOG_ONLY,,,,,Palmer,Standard,palmer--standard,2003,earliest_sourced,likely,https://web.archive.org/web/200209/http://www.palmerusa.com/ | https://web.archive.org/web/200312/http://www.palmerusa.com/,,
CATALOG_ONLY,,,,,Palmer,Timeless,palmer--timeless,2009,earliest_sourced,likely,https://www.snowdb.com/catalog/palmer,,
CATALOG_ONLY,,,,,Palmer,Truth,palmer--truth,2009,earliest_sourced,likely,https://www.snowdb.com/catalog/palmer,,
CATALOG_ONLY,,,,,Prior,Brandywine,prior--brandywine,2019,introduced,likely,https://www.snowboarder.com/news/prior-snowboards-product-showroom-2019,,
CATALOG_ONLY,,,,,Prior,Fissile,prior--fissile,2019,introduced,likely,https://www.snowboarder.com/news/prior-snowboards-product-showroom-2019,,
CATALOG_ONLY,,,,,Prior,Khyber,prior--khyber,2019,introduced,likely,https://www.snowboarder.com/news/prior-snowboards-product-showroom-2019,,
CATALOG_ONLY,,,,,Prior,Legacy,prior--legacy,2019,introduced,likely,https://www.snowboarder.com/news/prior-snowboards-product-showroom-2019,,
CATALOG_ONLY,,,,,Prior,MFR,prior--mfr,2019,introduced,likely,https://www.snowboarder.com/news/prior-snowboards-product-showroom-2019,,
CATALOG_ONLY,,,,,Prior,Powstick,prior--powstick,2019,introduced,likely,https://www.snowboarder.com/news/prior-snowboards-product-showroom-2019,,
CATALOG_ONLY,,,,,Prior,Slasher,prior--slasher,2019,introduced,likely,https://www.snowboarder.com/news/prior-snowboards-product-showroom-2019,,
CATALOG_ONLY,,,,,Prior,Slaylok,prior--slaylok,2019,introduced,likely,https://www.snowboarder.com/news/prior-snowboards-product-showroom-2019,,
CATALOG_ONLY,,,,,Prior,Spearhead,prior--spearhead,2019,introduced,likely,https://www.snowboarder.com/news/prior-snowboards-product-showroom-2019,,
CATALOG_ONLY,,,,,Prior,Thruster,prior--thruster,2019,introduced,likely,https://www.snowboarder.com/news/prior-snowboards-product-showroom-2019,,
CATALOG_ONLY,,,,,Prior,Wildcard,prior--wildcard,2019,introduced,likely,https://www.snowboarder.com/news/prior-snowboards-product-showroom-2019,,
CATALOG_ONLY,,,,,Public,Disorder,public--disorder,2020,introduced,verified,https://www.tactics.com/info/2020-public-snowboards-review | https://www.evo.com/outlet/snowboards/public-disorder-sexton-snowboard,,
CATALOG_ONLY,,,,,Public,Display,public--display,2020,earliest_sourced,likely,https://www.tactics.com/info/2020-public-snowboards-review,,
CATALOG_ONLY,,,,,Public,Dispute,public--dispute,2020,introduced,likely,https://www.tactics.com/info/2020-public-snowboards-review,,
CATALOG_ONLY,,,,,Public,General Public,public--general-public,2020,earliest_sourced,likely,https://www.tactics.com/info/2020-public-snowboards-review,,
CATALOG_ONLY,,,,,Public,Opinion,public--opinion,2020,introduced,likely,https://www.tactics.com/info/2020-public-snowboards-review,,
CATALOG_ONLY,,,,,Public,Therapy,public--therapy,2020,introduced,likely,https://www.tactics.com/info/2020-public-snowboards-review,,
CATALOG_ONLY,,,,,Rad Air,Tanker,rad-air--tanker,1994,introduced,likely,https://www.boardsportsource.com/new-product/tanker-30-year-anniversary-rad-air/ | https://www.snowboard-review.com/snowboard_reviews/c/rad-air/ | https://thegoodride.com/snowboard-reviews/rad-air-tanker-snowboard-review/,,
CATALOG_ONLY,,,,,Ride,Agenda,ride--agenda,2023,earliest_sourced,verified,https://www.evo.com/shop/snowboard/snowboards/ride | https://web.archive.org/web/200610/http://www.ridesnowboards.com/,,
CATALOG_ONLY,,,,,Ride,Algorythm,ride--algorythm,2020,introduced,likely,https://thegoodride.com/snowboard-reviews/ride-algorhythm-snowboard-review/,,
CATALOG_ONLY,,,,,Ride,Benchwarmer,ride--benchwarmer,2023,introduced,verified,https://thegoodride.com/snowboard-reviews/ride-benchwarmer-snowboard-review/ | https://www.evo.com/shop/snowboard/snowboards/ride,,
CATALOG_ONLY,,,,,Ride,Brushie,ride--brushie,2000,earliest_sourced,verified,https://www.snowboarder.com/news/board-test-board-specs | https://web.archive.org/web/200007/http://www.ridesnowboards.com/products/boards/brushie/ | https://web.archive.org/web/200106/http://www.ridesnowboards.com/,,
CATALOG_ONLY,,,,,Ride,Burnout,ride--burnout,2026,earliest_sourced,likely,https://www.evo.com/shop/snowboard/snowboards/ride,,
CATALOG_ONLY,,,,,Ride,Business,ride--business,2006,earliest_sourced,likely,https://web.archive.org/web/200512/http://www.ridesnowboards.com/ | https://web.archive.org/web/200603/http://www.ridesnowboards.com/,,
CATALOG_ONLY,,,,,Ride,Catalyst,ride--catalyst,2003,earliest_sourced,likely,https://web.archive.org/web/200208/http://www.ridesnowboards.com/ | https://web.archive.org/web/200404/http://www.ridesnowboards.com/,,
CATALOG_ONLY,,,,,Ride,Compact Series,ride--compact-series,1997,introduced,likely,https://snowboarder.com/featured/1997-preview-of-womens-snowboard-equipment,,
CATALOG_ONLY,,,,,Ride,Concept,ride--concept,2000,earliest_sourced,likely,https://web.archive.org/web/200007/http://www.ridesnowboards.com/products/boards/concept/ | https://web.archive.org/web/200312/http://www.ridesnowboards.com/,,
CATALOG_ONLY,,,,,Ride,Control,ride--control,2000,earliest_sourced,verified,https://www.snowboarder.com/news/snowboard-lifes-top-25-board-test-2000 | https://www.snowboarder.com/news/board-test-board-specs | https://web.archive.org/web/200007/http://www.ridesnowboards.com/products/boards/control/ | https://web.archive.org/web/200610/http://www.ridesnowboards.com/,,
CATALOG_ONLY,,,,,Ride,Cue,ride--cue,2006,earliest_sourced,likely,https://web.archive.org/web/200603/http://www.ridesnowboards.com/,,
CATALOG_ONLY,,,,,Ride,Dale Rehberg,ride--dale-rehberg,1995,introduced,likely,https://retrosnow.com/shop/ride/libtech-95-ride/ride-dale-rehberg/,,
CATALOG_ONLY,,,,,Ride,Decade,ride--decade,2004,earliest_sourced,likely,https://web.archive.org/web/200310/http://www.ridesnowboards.com/ | https://web.archive.org/web/200702/http://www.ridesnowboards.com/,,
CATALOG_ONLY,,,,,Ride,Deep Fake,ride--deep-fake,2026,earliest_sourced,likely,https://www.evo.com/shop/snowboard/snowboards/ride,,
CATALOG_ONLY,,,,,Ride,DH,ride--dh,2004,earliest_sourced,verified,https://thegoodride.com/snowboard-reviews/ride-dh-review-and-buying-advice/ | https://thegoodride.com/snowboard-reviews/ride-dh2-review-and-buying-advice/ | https://web.archive.org/web/200312/http://www.ridesnowboards.com/ | https://web.archive.org/web/200701/http://www.ridesnowboards.com/,,
CATALOG_ONLY,,,,,Ride,Dose,ride--dose,2007,earliest_sourced,likely,https://web.archive.org/web/200610/http://www.ridesnowboards.com/,,
CATALOG_ONLY,,,,,Ride,Exile,ride--exile,2002,earliest_sourced,likely,https://web.archive.org/web/200109/http://www.ridesnowboards.com/ | https://web.archive.org/web/200402/http://www.ridesnowboards.com/,,
CATALOG_ONLY,,,,,Ride,Fever,ride--fever,2007,earliest_sourced,likely,https://web.archive.org/web/200610/http://www.ridesnowboards.com/ | https://web.archive.org/web/200705/http://www.ridesnowboards.com/,,
CATALOG_ONLY,,,,,Ride,Fleetwood,ride--fleetwood,2000,earliest_sourced,verified,https://snowboarder.com/transworld-snowboarding-archive/snowboarding-photos/board-test-wide-rides | https://web.archive.org/web/200007/http://www.ridesnowboards.com/products/boards/fleetwood/ | https://web.archive.org/web/200610/http://www.ridesnowboards.com/,,
CATALOG_ONLY,,,,,Ride,Freestyle,ride--freestyle,1994,introduced,likely,https://archive.org/details/tws-89-93,,
CATALOG_ONLY,,,,,Ride,Fuel,ride--fuel,2000,earliest_sourced,likely,https://web.archive.org/web/200007/http://www.ridesnowboards.com/products/boards/fuel/ | https://web.archive.org/web/200304/http://www.ridesnowboards.com/,,
CATALOG_ONLY,,,,,Ride,Havoc,ride--havoc,2006,earliest_sourced,likely,https://web.archive.org/web/200603/http://www.ridesnowboards.com/ | https://web.archive.org/web/200610/http://www.ridesnowboards.com/,,
CATALOG_ONLY,,,,,Ride,Heartbreaker,ride--heartbreaker,2026,earliest_sourced,likely,https://www.evo.com/shop/snowboard/snowboards/ride,,
CATALOG_ONLY,,,,,Ride,Helix,ride--helix,2015,introduced,likely,https://thegoodride.com/snowboard-reviews/ride-helix-2015-2019-snowboard-review/,,
CATALOG_ONLY,,,,,Ride,Jason Ford,ride--jason-ford,1995,introduced,likely,https://retrosnow.com/shop/ride/libtech-95-ride/ride-jason-ford-pro-model/ | https://retrosnow.com/shop/ride/libtech-95-ride/ride-jason-ford-sylvester/,,
CATALOG_ONLY,,,,,Ride,Jennie,ride--jennie,1999,introduced,verified,https://www.snowboarder.com/news/how-the-1999-womens-boards-stack-up-a-review | https://www.snowboarder.com/news/board-test-board-specs,,
CATALOG_ONLY,,,,,Ride,Kashmir,ride--kashmir,2004,earliest_sourced,likely,https://web.archive.org/web/200308/http://www.ridesnowboards.com/ | https://web.archive.org/web/200603/http://www.ridesnowboards.com/,,
CATALOG_ONLY,,,,,Ride,Kink,ride--kink,2003,earliest_sourced,verified,https://www.snowboard-review.com/snowboard_reviews/review/kink/ | https://thegoodride.com/snowboard-reviews/ride-kink-2018-2019-snowboard-review/ | https://www.evo.com/shop/snowboard/snowboards/ride | https://web.archive.org/web/200208/http://www.ridesnowboards.com/ | https://web.archive.org/web/200705/http://www.ridesnowboards.com/,,
CATALOG_ONLY,,,,,Ride,Lowride,ride--lowride,2000,earliest_sourced,likely,https://web.archive.org/web/200007/http://www.ridesnowboards.com/products/boards/lowride/ | https://web.archive.org/web/200610/http://www.ridesnowboards.com/,,
CATALOG_ONLY,,,,,Ride,Machete,ride--machete,2010,earliest_sourced,likely,https://thegoodride.com/snowboard-reviews/ride-machete-2010-2019-snowboard-review/,,
CATALOG_ONLY,,,,,Ride,Mahaffey,ride--mahaffey,2000,earliest_sourced,likely,https://web.archive.org/web/200007/http://www.ridesnowboards.com/products/boards/mahaffey/,,
CATALOG_ONLY,,,,,Ride,Manic,ride--manic,2026,earliest_sourced,likely,https://www.evo.com/shop/snowboard/snowboards/ride,,
CATALOG_ONLY,,,,,Ride,Mecca,ride--mecca,2003,earliest_sourced,likely,https://web.archive.org/web/200208/http://www.ridesnowboards.com/ | https://web.archive.org/web/200407/http://www.ridesnowboards.com/,,
CATALOG_ONLY,,,,,Ride,Menace,ride--menace,2002,earliest_sourced,likely,https://web.archive.org/web/200207/http://www.ridesnowboards.com/ | https://web.archive.org/web/200603/http://www.ridesnowboards.com/,,
CATALOG_ONLY,,,,,Ride,Mikey LeBlanc Pro,ride--mikey-leblanc-pro,2004,earliest_sourced,likely,https://web.archive.org/web/200310/http://www.ridesnowboards.com/ | https://web.archive.org/web/200603/http://www.ridesnowboards.com/,,
CATALOG_ONLY,,,,,Ride,Moderator,ride--moderator,2026,introduced,verified,https://thegoodride.com/snowboard-reviews/ride-moderator-snowboard-review/ | https://www.evo.com/shop/snowboard/snowboards/ride,,
CATALOG_ONLY,,,,,Ride,Mountain,ride--mountain,2000,earliest_sourced,verified,https://snowboarder.com/transworld-snowboarding-archive/snowboarding-photos/board-test-wide-rides | https://web.archive.org/web/200007/http://www.ridesnowboards.com/products/boards/mountain/ | https://web.archive.org/web/200306/http://www.ridesnowboards.com/,,
CATALOG_ONLY,,,,,Ride,MTNPIG,ride--mtnpig,2019,introduced,likely,https://thegoodride.com/snowboard-reviews/ride-mtnpig-snowboard-review/,,
CATALOG_ONLY,,,,,Ride,Nation,ride--nation,2003,earliest_sourced,likely,https://web.archive.org/web/200208/http://www.ridesnowboards.com/ | https://web.archive.org/web/200412/http://www.ridesnowboards.com/,,
CATALOG_ONLY,,,,,Ride,No. 4,ride--no-4,2006,earliest_sourced,likely,https://web.archive.org/web/200601/http://www.ridesnowboards.com/ | https://web.archive.org/web/200610/http://www.ridesnowboards.com/,,
CATALOG_ONLY,,,,,Ride,Peace Seeker,ride--peace-seeker,2023,introduced,likely,https://thegoodride.com/snowboard-reviews/ride-peace-seeker-snowboard-review/,,
CATALOG_ONLY,,,,,Ride,Profile,ride--profile,2000,earliest_sourced,verified,https://www.snowboarder.com/news/snowboard-lifes-top-25-board-test-2000 | https://www.snowboarder.com/news/board-test-board-specs | https://web.archive.org/web/200007/http://www.ridesnowboards.com/products/boards/profile/,,
CATALOG_ONLY,,,,,Ride,Prophet,ride--prophet,2004,earliest_sourced,likely,https://web.archive.org/web/200310/http://www.ridesnowboards.com/ | https://web.archive.org/web/200706/http://www.ridesnowboards.com/,,
CATALOG_ONLY,,,,,Ride,Psychocandy,ride--psychocandy,2022,introduced,verified,https://thegoodride.com/snowboard-reviews/ride-psychocandy-snowboard-review/ | https://www.evo.com/shop/snowboard/snowboards/ride,,
CATALOG_ONLY,,,,,Ride,RJ,ride--rj,1994,introduced,verified,https://archive.org/details/tws-89-93 | https://retrosnow.com/shop/ride/libtech-95-ride/ride-rj/,,
CATALOG_ONLY,,,,,Ride,Ruckus,ride--ruckus,2007,earliest_sourced,likely,https://web.archive.org/web/200610/http://www.ridesnowboards.com/,,
CATALOG_ONLY,,,,,Ride,Serum,ride--serum,2002,earliest_sourced,likely,https://web.archive.org/web/200108/http://www.ridesnowboards.com/ | https://web.archive.org/web/200401/http://www.ridesnowboards.com/,,
CATALOG_ONLY,,,,,Ride,Shadowban,ride--shadowban,2023,introduced,verified,https://thegoodride.com/snowboard-reviews/ride-shadowban-snowboard-review/ | https://www.evo.com/shop/snowboard/snowboards/ride,,
CATALOG_ONLY,,,,,Ride,Smokescreen,ride--smokescreen,2022,introduced,likely,https://thegoodride.com/snowboard-reviews/ride-smokescreen-snowboard-review/,,
CATALOG_ONLY,,,,,Ride,Society,ride--society,2007,earliest_sourced,likely,https://web.archive.org/web/200610/http://www.ridesnowboards.com/ | https://web.archive.org/web/200704/http://www.ridesnowboards.com/,,
CATALOG_ONLY,,,,,Ride,Solace,ride--solace,2004,earliest_sourced,likely,https://web.archive.org/web/200311/http://www.ridesnowboards.com/ | https://web.archive.org/web/200610/http://www.ridesnowboards.com/,,
CATALOG_ONLY,,,,,Ride,Superpig,ride--superpig,2020,introduced,verified,https://thegoodride.com/snowboard-reviews/ride-superpig-snowboard-review/ | https://www.evo.com/shop/snowboard/snowboards/ride,,
CATALOG_ONLY,,,,,Ride,System,ride--system,2000,earliest_sourced,likely,https://web.archive.org/web/200007/http://www.ridesnowboards.com/products/boards/system/ | https://web.archive.org/web/200206/http://www.ridesnowboards.com/,,
CATALOG_ONLY,,,,,Ride,Tempest,ride--tempest,2000,earliest_sourced,likely,https://web.archive.org/web/200007/http://www.ridesnowboards.com/products/boards/tempest/ | https://web.archive.org/web/200206/http://www.ridesnowboards.com/,,
CATALOG_ONLY,,,,,Ride,Theory,ride--theory,2004,earliest_sourced,likely,https://web.archive.org/web/200310/http://www.ridesnowboards.com/ | https://web.archive.org/web/200603/http://www.ridesnowboards.com/,,
CATALOG_ONLY,,,,,Ride,Timeless,ride--timeless,2000,earliest_sourced,verified,https://www.snowboarder.com/news/snowboard-lifes-top-25-board-test-2000 | https://www.snowboarder.com/news/board-test-board-specs | https://snowboarder.com/transworld-snowboarding-archive/snowboarding-photos/board-test-wide-rides | https://web.archive.org/web/200007/http://www.ridesnowboards.com/products/boards/timeless/ | https://web.archive.org/web/200705/http://www.ridesnowboards.com/,,
CATALOG_ONLY,,,,,Ride,Twinpig,ride--twinpig,2019,introduced,verified,https://thegoodride.com/snowboard-reviews/ride-twinpig-snowboard-review/ | https://www.evo.com/shop/snowboard/snowboards/ride,,
CATALOG_ONLY,,,,,Ride,Verona,ride--verona,2007,earliest_sourced,likely,https://web.archive.org/web/200610/http://www.ridesnowboards.com/,,
CATALOG_ONLY,,,,,Ride,Vista,ride--vista,2002,earliest_sourced,likely,https://web.archive.org/web/200109/http://www.ridesnowboards.com/ | https://web.archive.org/web/200610/http://www.ridesnowboards.com/,,
CATALOG_ONLY,,,,,Ride,Waara,ride--waara,2000,earliest_sourced,likely,https://web.archive.org/web/200007/http://www.ridesnowboards.com/products/boards/waara/,,
CATALOG_ONLY,,,,,Ride,Warpig,ride--warpig,2017,introduced,verified,https://thegoodride.com/snowboard-reviews/ride-warpig-snowboard-review/ | https://www.evo.com/shop/snowboard/snowboards/ride,,
CATALOG_ONLY,,,,,Ride,Wild Life,ride--wild-life,2013,introduced,likely,https://thegoodride.com/snowboard-reviews/ride-wild-life-snowboard-review/,,
CATALOG_ONLY,,,,,Ride,Yukon,ride--yukon,2000,earliest_sourced,verified,https://snowboarder.com/transworld-snowboarding-archive/snowboarding-photos/board-test-wide-rides | https://web.archive.org/web/200007/http://www.ridesnowboards.com/products/boards/yukon/ | https://web.archive.org/web/200705/http://www.ridesnowboards.com/,,
CATALOG_ONLY,,,,,Ride,Zero,ride--zero,2000,earliest_sourced,verified,https://snowboardrobot.com/snowboard-review/ride-zero/ | https://www.evo.com/shop/snowboard/snowboards/ride | https://web.archive.org/web/200007/http://www.ridesnowboards.com/products/boards/zero/ | https://web.archive.org/web/200106/http://www.ridesnowboards.com/,,
CATALOG_ONLY,,,,,Rome,Agent,rome--agent,2004,earliest_sourced,verified,https://www.snowdb.com/catalog/rome | https://www.evo.com/shop/snowboard/snowboards/rome | https://whitelines.com/snowboard-gear/before-you-buy/guide-to-snowboard-brands.html | https://web.archive.org/web/200404/http://www.romesnowboards.com/ | https://web.archive.org/web/200812/http://www.romesnowboards.com/,,
CATALOG_ONLY,,,,,Rome,Anthem,rome--anthem,2004,earliest_sourced,verified,https://www.snowdb.com/catalog/rome | https://whitelines.com/snowboard-gear/before-you-buy/guide-to-snowboard-brands.html | https://web.archive.org/web/200310/http://www.romesnowboards.com/ | https://web.archive.org/web/200812/http://www.romesnowboards.com/,,
CATALOG_ONLY,,,,,Rome,Artifact,rome--artifact,2005,earliest_sourced,verified,https://www.snowdb.com/catalog/rome | https://www.evo.com/shop/snowboard/snowboards/rome | https://web.archive.org/web/200409/http://www.romesnowboards.com/ | https://web.archive.org/web/200812/http://www.romesnowboards.com/,,
CATALOG_ONLY,,,,,Rome,Blue,rome--blue,2004,earliest_sourced,verified,https://www.snowdb.com/catalog/rome | https://web.archive.org/web/200310/http://www.romesnowboards.com/ | https://web.archive.org/web/200812/http://www.romesnowboards.com/,,
CATALOG_ONLY,,,,,Rome,Boneless,rome--boneless,2027,earliest_sourced,likely,https://www.evo.com/shop/snowboard/snowboards/rome,,
CATALOG_ONLY,,,,,Rome,Cheaptrick,rome--cheaptrick,2009,earliest_sourced,verified,https://www.snowdb.com/catalog/rome | https://web.archive.org/web/200809/http://www.romesnowboards.com/ | https://web.archive.org/web/200812/http://www.romesnowboards.com/,,
CATALOG_ONLY,,,,,Rome,Crail,rome--crail,2007,earliest_sourced,verified,https://www.snowdb.com/catalog/rome | https://web.archive.org/web/200610/http://www.romesnowboards.com/ | https://web.archive.org/web/200812/http://www.romesnowboards.com/,,
CATALOG_ONLY,,,,,Rome,Design,rome--design,2005,earliest_sourced,verified,https://www.snowdb.com/catalog/rome | https://web.archive.org/web/200409/http://www.romesnowboards.com/ | https://web.archive.org/web/200812/http://www.romesnowboards.com/,,
CATALOG_ONLY,,,,,Rome,Detail,rome--detail,2009,earliest_sourced,likely,https://www.snowdb.com/catalog/rome,,
CATALOG_ONLY,,,,,Rome,Factory Rocker,rome--factory-rocker,2012,earliest_sourced,likely,https://www.snowdb.com/catalog/rome,,
CATALOG_ONLY,,,,,Rome,Flag,rome--flag,2004,earliest_sourced,verified,https://www.snowdb.com/catalog/rome | https://web.archive.org/web/200312/http://www.romesnowboards.com/ | https://web.archive.org/web/200812/http://www.romesnowboards.com/,,
CATALOG_ONLY,,,,,Rome,Garage Rocker,rome--garage-rocker,2010,earliest_sourced,likely,https://www.snowdb.com/catalog/rome,,
CATALOG_ONLY,,,,,Rome,Graft,rome--graft,2007,earliest_sourced,verified,https://www.snowdb.com/catalog/rome | https://web.archive.org/web/200610/http://www.romesnowboards.com/ | https://web.archive.org/web/200812/http://www.romesnowboards.com/,,
CATALOG_ONLY,,,,,Rome,Headline,rome--headline,2010,earliest_sourced,likely,https://www.snowdb.com/catalog/rome,,
CATALOG_ONLY,,,,,Rome,Hype,rome--hype,2027,earliest_sourced,likely,https://www.evo.com/shop/snowboard/snowboards/rome,,
CATALOG_ONLY,,,,,Rome,Jett,rome--jett,2009,earliest_sourced,verified,https://www.snowdb.com/catalog/rome | https://web.archive.org/web/200809/http://www.romesnowboards.com/ | https://web.archive.org/web/200812/http://www.romesnowboards.com/,,
CATALOG_ONLY,,,,,Rome,Label,rome--label,2004,earliest_sourced,verified,https://www.snowdb.com/catalog/rome | https://web.archive.org/web/200310/http://www.romesnowboards.com/ | https://web.archive.org/web/200812/http://www.romesnowboards.com/,,
CATALOG_ONLY,,,,,Rome,Lo-Fi,rome--lo-fi,2009,earliest_sourced,verified,https://www.snowdb.com/catalog/rome | https://web.archive.org/web/200809/http://www.romesnowboards.com/ | https://web.archive.org/web/200812/http://www.romesnowboards.com/,,
CATALOG_ONLY,,,,,Rome,Machine,rome--machine,2006,earliest_sourced,verified,https://www.snowdb.com/catalog/rome | https://web.archive.org/web/200512/http://www.romesnowboards.com/ | https://web.archive.org/web/200812/http://www.romesnowboards.com/,,
CATALOG_ONLY,,,,,Rome,Manual,rome--manual,2008,earliest_sourced,verified,https://www.snowdb.com/catalog/rome | https://web.archive.org/web/200710/http://www.romesnowboards.com/ | https://web.archive.org/web/200812/http://www.romesnowboards.com/,,
CATALOG_ONLY,,,,,Rome,Mechanic,rome--mechanic,2027,earliest_sourced,likely,https://www.evo.com/shop/snowboard/snowboards/rome,,
CATALOG_ONLY,,,,,Rome,Minishred,rome--minishred,2009,earliest_sourced,verified,https://www.snowdb.com/catalog/rome | https://web.archive.org/web/200809/http://www.romesnowboards.com/ | https://web.archive.org/web/200812/http://www.romesnowboards.com/,,
CATALOG_ONLY,,,,,Rome,Notch,rome--notch,2008,earliest_sourced,verified,https://www.snowdb.com/catalog/rome | https://web.archive.org/web/200710/http://www.romesnowboards.com/ | https://web.archive.org/web/200812/http://www.romesnowboards.com/,,
CATALOG_ONLY,,,,,Rome,Postermania,rome--postermania,2010,earliest_sourced,likely,https://www.snowdb.com/catalog/rome,,
CATALOG_ONLY,,,,,Rome,Pusher,rome--pusher,2010,earliest_sourced,likely,https://www.snowdb.com/catalog/rome,,
CATALOG_ONLY,,,,,Rome,Rene,rome--rene,2027,earliest_sourced,likely,https://www.evo.com/shop/snowboard/snowboards/rome,,
CATALOG_ONLY,,,,,Rome,Reverb,rome--reverb,2012,earliest_sourced,likely,https://www.snowdb.com/catalog/rome,,
CATALOG_ONLY,,,,,Rome,Riff,rome--riff,2009,earliest_sourced,verified,https://www.snowdb.com/catalog/rome | https://web.archive.org/web/200808/http://www.romesnowboards.com/ | https://web.archive.org/web/200812/http://www.romesnowboards.com/,,
CATALOG_ONLY,,,,,Rome,Royal,rome--royal,2027,earliest_sourced,likely,https://www.evo.com/shop/snowboard/snowboards/rome,,
CATALOG_ONLY,,,,,Rome,Slash,rome--slash,2008,earliest_sourced,verified,https://www.snowdb.com/catalog/rome | https://web.archive.org/web/200710/http://www.romesnowboards.com/ | https://web.archive.org/web/200812/http://www.romesnowboards.com/,,
CATALOG_ONLY,,,,,Rome,Solution,rome--solution,2004,earliest_sourced,verified,https://www.snowdb.com/catalog/rome | https://whitelines.com/snowboard-gear/before-you-buy/guide-to-snowboard-brands.html | https://web.archive.org/web/200310/http://www.romesnowboards.com/ | https://web.archive.org/web/200812/http://www.romesnowboards.com/,,
CATALOG_ONLY,,,,,Rome,Stale Crewzer,rome--stale-crewzer,2027,earliest_sourced,likely,https://www.evo.com/shop/snowboard/snowboards/rome,,
CATALOG_ONLY,,,,,Rome,Stale Fish,rome--stale-fish,2022,earliest_sourced,likely,https://www.evo.com/shop/snowboard/snowboards/rome,,
CATALOG_ONLY,,,,,Rome,Vinyl,rome--vinyl,2005,earliest_sourced,verified,https://www.snowdb.com/catalog/rome | https://web.archive.org/web/200409/http://www.romesnowboards.com/ | https://web.archive.org/web/200812/http://www.romesnowboards.com/,,
CATALOG_ONLY,,,,,Rome,Viper,rome--viper,2027,earliest_sourced,likely,https://www.evo.com/shop/snowboard/snowboards/rome,,
CATALOG_ONLY,,,,,Rome,Warden,rome--warden,2026,earliest_sourced,likely,https://www.evo.com/shop/snowboard/snowboards/rome,,
CATALOG_ONLY,,,,,Rome,Whiteroom,rome--whiteroom,2012,earliest_sourced,likely,https://www.snowdb.com/catalog/rome,,
CATALOG_ONLY,,,,,Rossignol,After Hours,rossignol--after-hours,2027,earliest_sourced,likely,https://www.evo.com/shop/snowboard/snowboards/rossignol,,
CATALOG_ONLY,,,,,Rossignol,Airis,rossignol--airis,2027,earliest_sourced,likely,https://www.evo.com/shop/snowboard/snowboards/rossignol,,
CATALOG_ONLY,,,,,Rossignol,Alias,rossignol--alias,2007,earliest_sourced,verified,https://www.snowdb.com/catalog/rossignol | https://www.evo.com/shop/snowboard/snowboards/rossignol | https://web.archive.org/web/200610/http://www.rossignol.com/,,
CATALOG_ONLY,,,,,Rossignol,Amber,rossignol--amber,2007,earliest_sourced,verified,https://www.snowdb.com/catalog/rossignol | https://web.archive.org/web/200610/http://www.rossignol.com/,,
CATALOG_ONLY,,,,,Rossignol,Ampage,rossignol--ampage,2026,earliest_sourced,likely,https://www.evo.com/shop/snowboard/snowboards/rossignol,,
CATALOG_ONLY,,,,,Rossignol,Angus,rossignol--angus,2011,earliest_sourced,likely,https://www.snowdb.com/catalog/rossignol,,
CATALOG_ONLY,,,,,Rossignol,Big Gun,rossignol--big-gun,2009,earliest_sourced,likely,https://www.snowdb.com/catalog/rossignol,,
CATALOG_ONLY,,,,,Rossignol,Circuit,rossignol--circuit,2011,earliest_sourced,likely,https://www.snowdb.com/catalog/rossignol,,
CATALOG_ONLY,,,,,Rossignol,Circus,rossignol--circus,2011,earliest_sourced,likely,https://www.snowdb.com/catalog/rossignol,,
CATALOG_ONLY,,,,,Rossignol,Decoy,rossignol--decoy,2007,earliest_sourced,verified,https://www.snowdb.com/catalog/rossignol | https://web.archive.org/web/200610/http://www.rossignol.com/,,
CATALOG_ONLY,,,,,Rossignol,District,rossignol--district,2011,earliest_sourced,likely,https://www.snowdb.com/catalog/rossignol,,
CATALOG_ONLY,,,,,Rossignol,Diva,rossignol--diva,2007,earliest_sourced,verified,https://www.snowdb.com/catalog/rossignol | https://www.evo.com/shop/snowboard/snowboards/rossignol | https://web.archive.org/web/200610/http://www.rossignol.com/,,
CATALOG_ONLY,,,,,Rossignol,Evader,rossignol--evader,2027,earliest_sourced,likely,https://www.evo.com/shop/snowboard/snowboards/rossignol,,
CATALOG_ONLY,,,,,Rossignol,Experience,rossignol--experience,2011,earliest_sourced,likely,https://www.snowdb.com/catalog/rossignol,,
CATALOG_ONLY,,,,,Rossignol,Freestyle,rossignol--freestyle,1992,introduced,likely,https://archive.org/details/tws-89-93,,
CATALOG_ONLY,,,,,Rossignol,Harmony,rossignol--harmony,2009,earliest_sourced,likely,https://www.snowdb.com/catalog/rossignol,,
CATALOG_ONLY,,,,,Rossignol,Jdub,rossignol--jdub,2009,earliest_sourced,likely,https://www.snowdb.com/catalog/rossignol,,
CATALOG_ONLY,,,,,Rossignol,Jeremy Jones,rossignol--jeremy-jones,2003,earliest_sourced,verified,https://www.snowboarder.com/transworld-snowboarding-archive/what-the-pros-are-rockin-jeremy-jones | https://www.snowdb.com/catalog/rossignol | https://web.archive.org/web/200610/http://www.rossignol.com/,,
CATALOG_ONLY,,,,,Rossignol,Jibfluence,rossignol--jibfluence,2027,earliest_sourced,likely,https://www.evo.com/shop/snowboard/snowboards/rossignol,,
CATALOG_ONLY,,,,,Rossignol,Jibsaw,rossignol--jibsaw,2012,earliest_sourced,verified,https://www.snowdb.com/catalog/rossignol | https://www.evo.com/shop/snowboard/snowboards/rossignol | https://thegoodride.com/snowboard-reviews/rossignol-jibsaw-snowboard-review/,,
CATALOG_ONLY,,,,,Rossignol,Juggernaut,rossignol--juggernaut,2027,earliest_sourced,likely,https://www.evo.com/shop/snowboard/snowboards/rossignol,,
CATALOG_ONLY,,,,,Rossignol,Justice,rossignol--justice,2011,earliest_sourced,likely,https://www.snowdb.com/catalog/rossignol,,
CATALOG_ONLY,,,,,Rossignol,Krypto,rossignol--krypto,2012,earliest_sourced,likely,https://www.snowdb.com/catalog/rossignol,,
CATALOG_ONLY,,,,,Rossignol,Meadow,rossignol--meadow,2009,earliest_sourced,likely,https://www.snowdb.com/catalog/rossignol,,
CATALOG_ONLY,,,,,Rossignol,Myth,rossignol--myth,2011,earliest_sourced,likely,https://www.snowdb.com/catalog/rossignol,,
CATALOG_ONLY,,,,,Rossignol,One,rossignol--one,2007,earliest_sourced,verified,https://www.snowdb.com/catalog/rossignol | https://thegoodride.com/snowboard-reviews/rossignol-sawblade-snowboard-review/ | https://web.archive.org/web/200610/http://www.rossignol.com/,,
CATALOG_ONLY,,,,,Rossignol,One LF,rossignol--one-lf,2010,introduced,likely,https://thegoodride.com/snowboard-reviews/rossignol-one-lf-snowboard-review/,,
CATALOG_ONLY,,,,,Rossignol,Premier,rossignol--premier,2007,earliest_sourced,verified,https://www.snowdb.com/catalog/rossignol | https://web.archive.org/web/200610/http://www.rossignol.com/,,
CATALOG_ONLY,,,,,Rossignol,Pro,rossignol--pro,2000,introduced,likely,https://www.snowboarder.com/news/snowboard-lifes-top-25-board-test-2000 | https://www.snowboarder.com/news/board-test-board-specs,,
CATALOG_ONLY,,,,,Rossignol,R.P.M.,rossignol--r-p-m,2009,earliest_sourced,likely,https://www.snowdb.com/catalog/rossignol,,
CATALOG_ONLY,,,,,Rossignol,Retox,rossignol--retox,2009,earliest_sourced,likely,https://www.snowdb.com/catalog/rossignol,,
CATALOG_ONLY,,,,,Rossignol,Retrowave,rossignol--retrowave,1991,introduced,likely,https://archive.org/details/ISM-87-91,,
CATALOG_ONLY,,,,,Rossignol,Rooster,rossignol--rooster,2000,introduced,likely,https://www.snowboarder.com/news/board-test-board-specs,,
CATALOG_ONLY,,,,,Rossignol,Sawblade,rossignol--sawblade,2027,earliest_sourced,likely,https://www.evo.com/shop/snowboard/snowboards/rossignol,,
CATALOG_ONLY,,,,,Rossignol,Scan,rossignol--scan,2007,earliest_sourced,verified,https://www.snowdb.com/catalog/rossignol | https://www.evo.com/shop/snowboard/snowboards/rossignol | https://web.archive.org/web/200610/http://www.rossignol.com/,,
CATALOG_ONLY,,,,,Rossignol,Scope,rossignol--scope,2007,earliest_sourced,verified,https://www.snowdb.com/catalog/rossignol | https://web.archive.org/web/200610/http://www.rossignol.com/,,
CATALOG_ONLY,,,,,Rossignol,Slashimi,rossignol--slashimi,2027,earliest_sourced,likely,https://www.evo.com/shop/snowboard/snowboards/rossignol,,
CATALOG_ONLY,,,,,Rossignol,Sonar,rossignol--sonar,2007,earliest_sourced,verified,https://www.snowdb.com/catalog/rossignol | https://web.archive.org/web/200610/http://www.rossignol.com/,,
CATALOG_ONLY,,,,,Rossignol,Soulside,rossignol--soulside,2026,earliest_sourced,likely,https://www.evo.com/shop/snowboard/snowboards/rossignol,,
CATALOG_ONLY,,,,,Rossignol,Storm,rossignol--storm,2007,earliest_sourced,verified,https://www.snowdb.com/catalog/rossignol | https://web.archive.org/web/200610/http://www.rossignol.com/,,
CATALOG_ONLY,,,,,Rossignol,Strato Narrow,rossignol--strato-narrow,2000,introduced,likely,https://www.snowboarder.com/news/board-test-board-specs,,
CATALOG_ONLY,,,,,Rossignol,Sultan,rossignol--sultan,2007,earliest_sourced,verified,https://www.snowdb.com/catalog/rossignol | https://web.archive.org/web/200610/http://www.rossignol.com/,,
CATALOG_ONLY,,,,,Rossignol,Super Revenant,rossignol--super-revenant,2027,earliest_sourced,likely,https://www.evo.com/shop/snowboard/snowboards/rossignol,,
CATALOG_ONLY,,,,,Rossignol,Surf,rossignol--surf,1988,introduced,likely,https://www.michigansnowboardmuseum.com/the-neon-era--other-80s-decks.html,,
CATALOG_ONLY,,,,,Rossignol,Sushi,rossignol--sushi,2027,earliest_sourced,likely,https://www.evo.com/shop/snowboard/snowboards/rossignol,,
CATALOG_ONLY,,,,,Rossignol,Taipan,rossignol--taipan,2011,earliest_sourced,verified,https://www.snowdb.com/catalog/rossignol | https://thegoodride.com/snowboard-reviews/rossignol-one-lf-snowboard-review/,,
CATALOG_ONLY,,,,,Rossignol,Temptation,rossignol--temptation,2011,earliest_sourced,likely,https://www.snowdb.com/catalog/rossignol,,
CATALOG_ONLY,,,,,Rossignol,Tesla,rossignol--tesla,2011,earliest_sourced,likely,https://www.snowdb.com/catalog/rossignol,,
CATALOG_ONLY,,,,,Rossignol,The Mini,rossignol--the-mini,2009,earliest_sourced,likely,https://www.snowdb.com/catalog/rossignol,,
CATALOG_ONLY,,,,,Rossignol,Trickstick,rossignol--trickstick,2011,earliest_sourced,likely,https://www.snowdb.com/catalog/rossignol,,
CATALOG_ONLY,,,,,Rossignol,Twilight,rossignol--twilight,2009,earliest_sourced,likely,https://www.snowdb.com/catalog/rossignol,,
CATALOG_ONLY,,,,,Rossignol,Ultraviolet,rossignol--ultraviolet,2027,earliest_sourced,likely,https://www.evo.com/shop/snowboard/snowboards/rossignol,,
CATALOG_ONLY,,,,,Rossignol,Wave,rossignol--wave,1999,introduced,likely,https://www.snowboarder.com/news/how-the-1999-womens-boards-stack-up-a-review,,
CATALOG_ONLY,,,,,Rossignol,WU-JI,rossignol--wu-ji,2027,earliest_sourced,likely,https://www.evo.com/shop/snowboard/snowboards/rossignol,,
CATALOG_ONLY,,,,,Rossignol,XV,rossignol--xv,2014,earliest_sourced,verified,https://www.evo.com/shop/snowboard/snowboards/rossignol | https://thegoodride.com/snowboard-reviews/rossignol-xv-snowboard-review/,,
CATALOG_ONLY,,,,,Rossignol,XV Slashimi,rossignol--xv-slashimi,2027,earliest_sourced,likely,https://www.evo.com/shop/snowboard/snowboards/rossignol,,
CATALOG_ONLY,,,,,Rossignol,XV Sushi,rossignol--xv-sushi,2018,earliest_sourced,likely,https://www.evo.com/shop/snowboard/snowboards/rossignol,,
CATALOG_ONLY,,,,,Rossignol,Zena,rossignol--zena,2007,earliest_sourced,verified,https://www.snowdb.com/catalog/rossignol | https://web.archive.org/web/200610/http://www.rossignol.com/,,
CATALOG_ONLY,,,,,Roxy,Ally,roxy--ally,2009,earliest_sourced,verified,https://www.snowdb.com/catalog/roxy | https://whitelines.com/snowboard-gear/before-you-buy/guide-to-snowboard-brands.html,,
CATALOG_ONLY,,,,,Roxy,Eminence,roxy--eminence,2009,earliest_sourced,verified,https://www.snowdb.com/catalog/roxy | https://whitelines.com/snowboard-gear/before-you-buy/guide-to-snowboard-brands.html,,
CATALOG_ONLY,,,,,Roxy,Envi,roxy--envi,2009,earliest_sourced,verified,https://www.snowdb.com/catalog/roxy | https://whitelines.com/snowboard-gear/before-you-buy/guide-to-snowboard-brands.html,,
CATALOG_ONLY,,,,,Roxy,Inspire,roxy--inspire,2009,earliest_sourced,verified,https://www.snowdb.com/catalog/roxy | https://whitelines.com/snowboard-gear/before-you-buy/guide-to-snowboard-brands.html,,
CATALOG_ONLY,,,,,Roxy,Ollie Pop,roxy--ollie-pop,2009,earliest_sourced,verified,https://www.snowdb.com/catalog/roxy | https://whitelines.com/snowboard-gear/before-you-buy/guide-to-snowboard-brands.html,,
CATALOG_ONLY,,,,,Roxy,Roxy Girl,roxy--roxy-girl,2009,earliest_sourced,verified,https://www.snowdb.com/catalog/roxy | https://whitelines.com/snowboard-gear/before-you-buy/guide-to-snowboard-brands.html,,
CATALOG_ONLY,,,,,Roxy,Silhouette,roxy--silhouette,2009,earliest_sourced,verified,https://www.snowdb.com/catalog/roxy | https://whitelines.com/snowboard-gear/before-you-buy/guide-to-snowboard-brands.html,,
CATALOG_ONLY,,,,,Roxy,Sugar,roxy--sugar,2009,earliest_sourced,verified,https://www.snowdb.com/catalog/roxy | https://whitelines.com/snowboard-gear/before-you-buy/guide-to-snowboard-brands.html,,
CATALOG_ONLY,,,,,Salomon,500 Pro FR,salomon--500-pro-fr,1999,introduced,likely,https://www.snowboarder.com/news/how-the-1999-womens-boards-stack-up-a-review,,
CATALOG_ONLY,,,,,Salomon,550,salomon--550,2000,introduced,likely,https://www.snowboarder.com/news/snowboard-lifes-top-25-board-test-2000 | https://www.snowboarder.com/news/board-test-board-specs,,
CATALOG_ONLY,,,,,Salomon,A.M.P.,salomon--a-m-p,2005,earliest_sourced,verified,https://web.archive.org/web/20050312063453/http://www.salomonsnowboard.com/hk/all_boards.asp | https://web.archive.org/web/20051126113649/http://www.salomonsnowboard.com/caus/products/product_line.asp,,
CATALOG_ONLY,,,,,Salomon,Abstract,salomon--abstract,2026,earliest_sourced,likely,https://www.evo.com/shop/snowboard/snowboards/salomon,,
CATALOG_ONLY,,,,,Salomon,Ace,salomon--ace,2005,earliest_sourced,verified,https://www.snowdb.com/catalog/salomon | https://web.archive.org/web/200708/http://www.salomonsnowboard.com/ | https://web.archive.org/web/200809/http://www.salomonsnowboard.com/ | https://web.archive.org/web/20050312063453/http://www.salomonsnowboard.com/hk/all_boards.asp | https://web.archive.org/web/20051126113649/http://www.salomonsnowboard.com/caus/products/product_line.asp,,
CATALOG_ONLY,,,,,Salomon,Acid,salomon--acid,2008,earliest_sourced,verified,https://www.snowdb.com/catalog/salomon | https://web.archive.org/web/200709/http://www.salomonsnowboard.com/ | https://web.archive.org/web/200809/http://www.salomonsnowboard.com/,,
CATALOG_ONLY,,,,,Salomon,Answer,salomon--answer,2009,earliest_sourced,likely,https://www.snowdb.com/catalog/salomon,,
CATALOG_ONLY,,,,,Salomon,Arnie 5000,salomon--arnie-5000,2006,earliest_sourced,verified,https://www.snowdb.com/catalog/salomon | https://web.archive.org/web/200710/http://www.salomonsnowboard.com/ | https://web.archive.org/web/200809/http://www.salomonsnowboard.com/ | https://web.archive.org/web/20051126113649/http://www.salomonsnowboard.com/caus/products/product_line.asp,,
CATALOG_ONLY,,,,,Salomon,Bang Bang,salomon--bang-bang,2009,earliest_sourced,likely,https://www.snowdb.com/catalog/salomon,,
CATALOG_ONLY,,,,,Salomon,Benedek Era,salomon--benedek-era,2008,earliest_sourced,verified,https://www.snowdb.com/catalog/salomon | https://web.archive.org/web/200710/http://www.salomonsnowboard.com/ | https://web.archive.org/web/200808/http://www.salomonsnowboard.com/,,
CATALOG_ONLY,,,,,Salomon,Bliss X,salomon--bliss-x,2027,earliest_sourced,likely,https://www.evo.com/shop/snowboard/snowboards/salomon,,
CATALOG_ONLY,,,,,Salomon,Burner,salomon--burner,2006,earliest_sourced,verified,https://www.snowdb.com/catalog/salomon | https://web.archive.org/web/200708/http://www.salomonsnowboard.com/ | https://web.archive.org/web/200807/http://www.salomonsnowboard.com/ | https://web.archive.org/web/20051126113649/http://www.salomonsnowboard.com/caus/products/product_line.asp,,
CATALOG_ONLY,,,,,Salomon,Craft,salomon--craft,2027,earliest_sourced,likely,https://www.evo.com/shop/snowboard/snowboards/salomon,,
CATALOG_ONLY,,,,,Salomon,Dancehaul,salomon--dancehaul,2026,earliest_sourced,likely,https://www.evo.com/shop/snowboard/snowboards/salomon,,
CATALOG_ONLY,,,,,Salomon,Daniel Franck,salomon--daniel-franck,2000,introduced,likely,https://www.snowboarder.com/news/board-test-board-specs,,
CATALOG_ONLY,,,,,Salomon,DB,salomon--db,2006,earliest_sourced,verified,https://web.archive.org/web/20051126113649/http://www.salomonsnowboard.com/caus/products/product_line.asp,,
CATALOG_ONLY,,,,,Salomon,Drift,salomon--drift,2008,earliest_sourced,verified,https://www.snowdb.com/catalog/salomon | https://web.archive.org/web/200710/http://www.salomonsnowboard.com/ | https://web.archive.org/web/200809/http://www.salomonsnowboard.com/,,
CATALOG_ONLY,,,,,Salomon,Era,salomon--era,2004,earliest_sourced,verified,https://snowboarder.com/transworld-snowboarding-archive/snowboarding-uncategorized/what-the-pros-are-rockin-josh-dirksen | https://www.snowdb.com/catalog/salomon | https://web.archive.org/web/20050312063453/http://www.salomonsnowboard.com/hk/all_boards.asp | https://web.archive.org/web/20051126113649/http://www.salomonsnowboard.com/caus/products/product_line.asp,,
CATALOG_ONLY,,,,,Salomon,Faction,salomon--faction,2005,earliest_sourced,verified,https://web.archive.org/web/20050312063453/http://www.salomonsnowboard.com/hk/all_boards.asp,,
CATALOG_ONLY,,,,,Salomon,Fastback,salomon--fastback,2005,earliest_sourced,verified,https://web.archive.org/web/20050312063453/http://www.salomonsnowboard.com/hk/all_boards.asp,,
CATALOG_ONLY,,,,,Salomon,Fastlane,salomon--fastlane,2027,earliest_sourced,likely,https://www.evo.com/shop/snowboard/snowboards/salomon,,
CATALOG_ONLY,,,,,Salomon,Fierce,salomon--fierce,2005,earliest_sourced,verified,https://www.snowdb.com/catalog/salomon | https://web.archive.org/web/200710/http://www.salomonsnowboard.com/ | https://web.archive.org/web/200809/http://www.salomonsnowboard.com/ | https://web.archive.org/web/20050312063453/http://www.salomonsnowboard.com/hk/all_boards.asp | https://web.archive.org/web/20051126113649/http://www.salomonsnowboard.com/caus/products/product_line.asp,,
CATALOG_ONLY,,,,,Salomon,Forecast,salomon--forecast,2006,earliest_sourced,verified,https://web.archive.org/web/20051126113649/http://www.salomonsnowboard.com/caus/products/product_line.asp,,
CATALOG_ONLY,,,,,Salomon,FRA,salomon--fra,2000,introduced,likely,https://www.snowboarder.com/news/snowboard-lifes-top-25-board-test-2000 | https://www.snowboarder.com/news/board-test-board-specs,,
CATALOG_ONLY,,,,,Salomon,FRS,salomon--frs,2000,introduced,likely,https://www.snowboarder.com/news/board-test-board-specs,,
CATALOG_ONLY,,,,,Salomon,Grace,salomon--grace,2008,earliest_sourced,verified,https://www.snowdb.com/catalog/salomon | https://web.archive.org/web/200710/http://www.salomonsnowboard.com/ | https://web.archive.org/web/200809/http://www.salomonsnowboard.com/,,
CATALOG_ONLY,,,,,Salomon,Grip,salomon--grip,2011,earliest_sourced,likely,https://www.snowdb.com/catalog/salomon,,
CATALOG_ONLY,,,,,Salomon,Gypsy,salomon--gypsy,2011,earliest_sourced,likely,https://www.snowdb.com/catalog/salomon,,
CATALOG_ONLY,,,,,Salomon,Highpath,salomon--highpath,2027,earliest_sourced,verified,https://www.evo.com/shop/snowboard/snowboards/salomon | https://thegoodride.com/snowboard-reviews/salomon-assassin-snowboard-review/,,
CATALOG_ONLY,,,,,Salomon,HPS Louif Paradis,salomon--hps-louif-paradis,2027,earliest_sourced,likely,https://www.evo.com/shop/snowboard/snowboards/salomon,,
CATALOG_ONLY,,,,,Salomon,Idol,salomon--idol,2012,earliest_sourced,likely,https://www.snowdb.com/catalog/salomon,,
CATALOG_ONLY,,,,,Salomon,Indicator,salomon--indicator,2027,earliest_sourced,likely,https://www.evo.com/shop/snowboard/snowboards/salomon,,
CATALOG_ONLY,,,,,Salomon,Ivy,salomon--ivy,2006,earliest_sourced,verified,https://www.snowdb.com/catalog/salomon | https://web.archive.org/web/200710/http://www.salomonsnowboard.com/ | https://web.archive.org/web/200809/http://www.salomonsnowboard.com/ | https://web.archive.org/web/20051126113649/http://www.salomonsnowboard.com/caus/products/product_line.asp | https://web.archive.org/web/20061026093816/http://old.salomonsnowboard.com/hk/products/product_line.asp,,
CATALOG_ONLY,,,,,Salomon,Jerksen,salomon--jerksen,2006,earliest_sourced,verified,https://web.archive.org/web/20051126113649/http://www.salomonsnowboard.com/caus/products/product_line.asp,,
CATALOG_ONLY,,,,,Salomon,Jetstream,salomon--jetstream,2027,earliest_sourced,likely,https://www.evo.com/shop/snowboard/snowboards/salomon,,
CATALOG_ONLY,,,,,Salomon,Kickback,salomon--kickback,2026,earliest_sourced,likely,https://www.evo.com/shop/snowboard/snowboards/salomon,,
CATALOG_ONLY,,,,,Salomon,Lark,salomon--lark,2008,earliest_sourced,verified,https://www.snowdb.com/catalog/salomon | https://web.archive.org/web/200710/http://www.salomonsnowboard.com/ | https://web.archive.org/web/200809/http://www.salomonsnowboard.com/,,
CATALOG_ONLY,,,,,Salomon,Lily,salomon--lily,2008,earliest_sourced,verified,https://www.snowdb.com/catalog/salomon | https://web.archive.org/web/200710/http://www.salomonsnowboard.com/ | https://web.archive.org/web/200809/http://www.salomonsnowboard.com/,,
CATALOG_ONLY,,,,,Salomon,Link,salomon--link,2005,earliest_sourced,verified,https://web.archive.org/web/20050312063453/http://www.salomonsnowboard.com/hk/all_boards.asp | https://web.archive.org/web/20051126113649/http://www.salomonsnowboard.com/caus/products/product_line.asp,,
CATALOG_ONLY,,,,,Salomon,Loft,salomon--loft,2006,earliest_sourced,verified,https://www.snowdb.com/catalog/salomon | https://web.archive.org/web/200709/http://www.salomonsnowboard.com/ | https://web.archive.org/web/200809/http://www.salomonsnowboard.com/ | https://web.archive.org/web/20051126113649/http://www.salomonsnowboard.com/caus/products/product_line.asp,,
CATALOG_ONLY,,,,,Salomon,Lotus,salomon--lotus,2008,earliest_sourced,verified,https://www.snowdb.com/catalog/salomon | https://www.evo.com/shop/snowboard/snowboards/salomon | https://web.archive.org/web/200710/http://www.salomonsnowboard.com/ | https://web.archive.org/web/200809/http://www.salomonsnowboard.com/,,
CATALOG_ONLY,,,,,Salomon,Lush,salomon--lush,2008,earliest_sourced,verified,https://www.snowdb.com/catalog/salomon | https://web.archive.org/web/200710/http://www.salomonsnowboard.com/ | https://web.archive.org/web/200809/http://www.salomonsnowboard.com/,,
CATALOG_ONLY,,,,,Salomon,Maiden,salomon--maiden,2005,earliest_sourced,verified,https://web.archive.org/web/20050312063453/http://www.salomonsnowboard.com/hk/all_boards.asp | https://web.archive.org/web/20051126113649/http://www.salomonsnowboard.com/caus/products/product_line.asp,,
CATALOG_ONLY,,,,,Salomon,Man's Board,salomon--man-s-board,2012,earliest_sourced,likely,https://www.snowdb.com/catalog/salomon,,
CATALOG_ONLY,,,,,Salomon,Mini Arnie,salomon--mini-arnie,2008,earliest_sourced,likely,https://web.archive.org/web/200710/http://www.salomonsnowboard.com/ | https://web.archive.org/web/200809/http://www.salomonsnowboard.com/,,
CATALOG_ONLY,,,,,Salomon,No Drama,salomon--no-drama,2026,earliest_sourced,likely,https://www.evo.com/shop/snowboard/snowboards/salomon,,
CATALOG_ONLY,,,,,Salomon,Official,salomon--official,2009,earliest_sourced,likely,https://www.snowdb.com/catalog/salomon,,
CATALOG_ONLY,,,,,Salomon,Oh Yeah,salomon--oh-yeah,2012,earliest_sourced,verified,https://www.snowdb.com/catalog/salomon | https://www.evo.com/shop/snowboard/snowboards/salomon,,
CATALOG_ONLY,,,,,Salomon,Overcast,salomon--overcast,2027,earliest_sourced,likely,https://www.evo.com/shop/snowboard/snowboards/salomon,,
CATALOG_ONLY,,,,,Salomon,Patrol,salomon--patrol,2006,earliest_sourced,verified,https://www.snowdb.com/catalog/salomon | https://web.archive.org/web/200708/http://www.salomonsnowboard.com/ | https://web.archive.org/web/200809/http://www.salomonsnowboard.com/ | https://web.archive.org/web/20051126113649/http://www.salomonsnowboard.com/caus/products/product_line.asp,,
CATALOG_ONLY,,,,,Salomon,Popstar,salomon--popstar,2011,earliest_sourced,likely,https://www.snowdb.com/catalog/salomon,,
CATALOG_ONLY,,,,,Salomon,Powder Snake,salomon--powder-snake,2012,earliest_sourced,likely,https://www.snowdb.com/catalog/salomon,,
CATALOG_ONLY,,,,,Salomon,Prospect,salomon--prospect,2005,earliest_sourced,verified,https://www.snowdb.com/catalog/salomon | https://web.archive.org/web/200709/http://www.salomonsnowboard.com/ | https://web.archive.org/web/200809/http://www.salomonsnowboard.com/ | https://web.archive.org/web/20050312063453/http://www.salomonsnowboard.com/hk/all_boards.asp | https://web.archive.org/web/20051126113649/http://www.salomonsnowboard.com/caus/products/product_line.asp,,
CATALOG_ONLY,,,,,Salomon,Prospect LTD,salomon--prospect-ltd,2006,earliest_sourced,verified,https://web.archive.org/web/20051126113649/http://www.salomonsnowboard.com/caus/products/product_line.asp,,
CATALOG_ONLY,,,,,Salomon,Pulse,salomon--pulse,2006,earliest_sourced,verified,https://www.snowdb.com/catalog/salomon | https://www.evo.com/shop/snowboard/snowboards/salomon | https://web.archive.org/web/200709/http://www.salomonsnowboard.com/ | https://web.archive.org/web/200809/http://www.salomonsnowboard.com/ | https://web.archive.org/web/20051126113649/http://www.salomonsnowboard.com/caus/products/product_line.asp,,
CATALOG_ONLY,,,,,Salomon,Radiant,salomon--radiant,2005,earliest_sourced,verified,https://www.snowdb.com/catalog/salomon | https://web.archive.org/web/200709/http://www.salomonsnowboard.com/ | https://web.archive.org/web/200809/http://www.salomonsnowboard.com/ | https://web.archive.org/web/20050312063453/http://www.salomonsnowboard.com/hk/all_boards.asp | https://web.archive.org/web/20051126113649/http://www.salomonsnowboard.com/caus/products/product_line.asp | https://web.archive.org/web/20061026093816/http://old.salomonsnowboard.com/hk/products/product_line.asp,,
CATALOG_ONLY,,,,,Salomon,Riot,salomon--riot,2009,earliest_sourced,likely,https://www.snowdb.com/catalog/salomon,,
CATALOG_ONLY,,,,,Salomon,Rumble Fish,salomon--rumble-fish,2026,earliest_sourced,likely,https://www.evo.com/shop/snowboard/snowboards/salomon,,
CATALOG_ONLY,,,,,Salomon,Salomonder,salomon--salomonder,2011,earliest_sourced,likely,https://www.snowdb.com/catalog/salomon,,
CATALOG_ONLY,,,,,Salomon,Sanchez,salomon--sanchez,2008,earliest_sourced,verified,https://www.snowdb.com/catalog/salomon | https://web.archive.org/web/200709/http://www.salomonsnowboard.com/ | https://web.archive.org/web/200809/http://www.salomonsnowboard.com/,,
CATALOG_ONLY,,,,,Salomon,Scout,salomon--scout,2008,earliest_sourced,verified,https://www.snowdb.com/catalog/salomon | https://web.archive.org/web/200709/http://www.salomonsnowboard.com/ | https://web.archive.org/web/200809/http://www.salomonsnowboard.com/,,
CATALOG_ONLY,,,,,Salomon,Shade,salomon--shade,2005,earliest_sourced,verified,https://web.archive.org/web/20050312063453/http://www.salomonsnowboard.com/hk/all_boards.asp,,
CATALOG_ONLY,,,,,Salomon,Sick Stick,salomon--sick-stick,2009,earliest_sourced,verified,https://www.snowdb.com/catalog/salomon | https://www.evo.com/shop/snowboard/snowboards/salomon,,
CATALOG_ONLY,,,,,Salomon,Sight,salomon--sight,2026,earliest_sourced,likely,https://www.evo.com/shop/snowboard/snowboards/salomon,,
CATALOG_ONLY,,,,,Salomon,Sleepwalker,salomon--sleepwalker,2027,earliest_sourced,likely,https://www.evo.com/shop/snowboard/snowboards/salomon,,
CATALOG_ONLY,,,,,Salomon,Spark,salomon--spark,2012,earliest_sourced,likely,https://www.snowdb.com/catalog/salomon,,
CATALOG_ONLY,,,,,Salomon,Special,salomon--special,2008,earliest_sourced,verified,https://www.snowdb.com/catalog/salomon | https://web.archive.org/web/200710/http://www.salomonsnowboard.com/ | https://web.archive.org/web/200809/http://www.salomonsnowboard.com/,,
CATALOG_ONLY,,,,,Salomon,Strobe,salomon--strobe,2008,earliest_sourced,verified,https://www.snowdb.com/catalog/salomon | https://web.archive.org/web/200708/http://www.salomonsnowboard.com/ | https://web.archive.org/web/200809/http://www.salomonsnowboard.com/,,
CATALOG_ONLY,,,,,Salomon,Substance,salomon--substance,2005,earliest_sourced,verified,https://web.archive.org/web/20050312063453/http://www.salomonsnowboard.com/hk/all_boards.asp,,
CATALOG_ONLY,,,,,Salomon,Team,salomon--team,2005,earliest_sourced,verified,https://www.snowdb.com/catalog/salomon | https://www.evo.com/shop/snowboard/snowboards/salomon | https://web.archive.org/web/20050312063453/http://www.salomonsnowboard.com/hk/all_boards.asp | https://web.archive.org/web/20051126113649/http://www.salomonsnowboard.com/caus/products/product_line.asp,,
CATALOG_ONLY,,,,,Salomon,Tempest,salomon--tempest,2008,earliest_sourced,verified,https://www.snowdb.com/catalog/salomon | https://web.archive.org/web/200708/http://www.salomonsnowboard.com/ | https://web.archive.org/web/200809/http://www.salomonsnowboard.com/,,
CATALOG_ONLY,,,,,Salomon,Titan,salomon--titan,2011,earliest_sourced,likely,https://www.snowdb.com/catalog/salomon,,
CATALOG_ONLY,,,,,Salomon,Tracker,salomon--tracker,2008,earliest_sourced,verified,https://www.snowdb.com/catalog/salomon | https://web.archive.org/web/200710/http://www.salomonsnowboard.com/ | https://web.archive.org/web/200809/http://www.salomonsnowboard.com/,,
CATALOG_ONLY,,,,,Salomon,Transfer,salomon--transfer,2006,earliest_sourced,verified,https://web.archive.org/web/20051126113649/http://www.salomonsnowboard.com/caus/products/product_line.asp,,
CATALOG_ONLY,,,,,Salomon,Villain,salomon--villain,2018,introduced,likely,https://whitelines.com/snowboard-gear/before-you-buy/guide-to-snowboard-brands.html,,
CATALOG_ONLY,,,,,Salomon,Wonder,salomon--wonder,2026,earliest_sourced,likely,https://www.evo.com/shop/snowboard/snowboards/salomon,,
CATALOG_ONLY,,,,,Salomon,XLT,salomon--xlt,2012,earliest_sourced,likely,https://www.snowdb.com/catalog/salomon,,
CATALOG_ONLY,,,,,Santa Cruz,Allstar,santa-cruz--allstar,2007,earliest_sourced,verified,https://www.snowdb.com/catalog/santa-cruz | https://web.archive.org/web/20061018012258/http://www.santacruzsnowboards.com/snow/boards/,,
CATALOG_ONLY,,,,,Santa Cruz,Chris Roach Genie,santa-cruz--chris-roach-genie,1994,introduced,likely,https://retrosnow.com/product-category/santa-cruz/,,
CATALOG_ONLY,,,,,Santa Cruz,Cuna,santa-cruz--cuna,2007,earliest_sourced,verified,https://web.archive.org/web/20061018012258/http://www.santacruzsnowboards.com/snow/boards/,,
CATALOG_ONLY,,,,,Santa Cruz,Deathgod,santa-cruz--deathgod,2011,earliest_sourced,likely,https://www.snowdb.com/catalog/santa-cruz,,
CATALOG_ONLY,,,,,Santa Cruz,DTR 62,santa-cruz--dtr-62,1992,introduced,likely,https://retrosnow.com/product-category/santa-cruz/,,
CATALOG_ONLY,,,,,Santa Cruz,Duo,santa-cruz--duo,2007,earliest_sourced,verified,https://www.snowdb.com/catalog/santa-cruz | https://web.archive.org/web/20061018012258/http://www.santacruzsnowboards.com/snow/boards/,,
CATALOG_ONLY,,,,,Santa Cruz,Face,santa-cruz--face,2011,earliest_sourced,likely,https://www.snowdb.com/catalog/santa-cruz,,
CATALOG_ONLY,,,,,Santa Cruz,Flaming Dot,santa-cruz--flaming-dot,2012,earliest_sourced,likely,https://www.snowdb.com/catalog/santa-cruz,,
CATALOG_ONLY,,,,,Santa Cruz,Floater,santa-cruz--floater,2012,earliest_sourced,likely,https://www.snowdb.com/catalog/santa-cruz,,
CATALOG_ONLY,,,,,Santa Cruz,Frankenfont,santa-cruz--frankenfont,2012,earliest_sourced,likely,https://www.snowdb.com/catalog/santa-cruz,,
CATALOG_ONLY,,,,,Santa Cruz,Fusion,santa-cruz--fusion,2008,earliest_sourced,likely,https://www.snowdb.com/catalog/santa-cruz,,
CATALOG_ONLY,,,,,Santa Cruz,Galaxy,santa-cruz--galaxy,2011,earliest_sourced,likely,https://www.snowdb.com/catalog/santa-cruz,,
CATALOG_ONLY,,,,,Santa Cruz,Gian Simmen Pro,santa-cruz--gian-simmen-pro,2007,earliest_sourced,verified,https://www.snowdb.com/catalog/santa-cruz | https://web.archive.org/web/20061018012258/http://www.santacruzsnowboards.com/snow/boards/,,
CATALOG_ONLY,,,,,Santa Cruz,Gremlin,santa-cruz--gremlin,2012,earliest_sourced,likely,https://www.snowdb.com/catalog/santa-cruz,,
CATALOG_ONLY,,,,,Santa Cruz,Guerilla Division,santa-cruz--guerilla-division,2007,earliest_sourced,verified,https://web.archive.org/web/20061018012258/http://www.santacruzsnowboards.com/snow/boards/,,
CATALOG_ONLY,,,,,Santa Cruz,Iouri Podladtchikov Pro,santa-cruz--iouri-podladtchikov-pro,2009,earliest_sourced,likely,https://www.snowdb.com/catalog/santa-cruz,,
CATALOG_ONLY,,,,,Santa Cruz,Jon Kooley TT Pro,santa-cruz--jon-kooley-tt-pro,2008,earliest_sourced,likely,https://www.snowdb.com/catalog/santa-cruz,,
CATALOG_ONLY,,,,,Santa Cruz,Largo,santa-cruz--largo,2007,earliest_sourced,verified,https://www.snowdb.com/catalog/santa-cruz | https://web.archive.org/web/20061018012258/http://www.santacruzsnowboards.com/snow/boards/,,
CATALOG_ONLY,,,,,Santa Cruz,Loco Pro,santa-cruz--loco-pro,2007,earliest_sourced,verified,https://web.archive.org/web/20061018012258/http://www.santacruzsnowboards.com/snow/boards/,,
CATALOG_ONLY,,,,,Santa Cruz,Massacre,santa-cruz--massacre,2007,earliest_sourced,verified,https://web.archive.org/web/20061018012258/http://www.santacruzsnowboards.com/snow/boards/,,
CATALOG_ONLY,,,,,Santa Cruz,Morph Pro,santa-cruz--morph-pro,2012,earliest_sourced,likely,https://www.snowdb.com/catalog/santa-cruz,,
CATALOG_ONLY,,,,,Santa Cruz,Mountain,santa-cruz--mountain,2007,earliest_sourced,verified,https://web.archive.org/web/20061018012258/http://www.santacruzsnowboards.com/snow/boards/,,
CATALOG_ONLY,,,,,Santa Cruz,Muse,santa-cruz--muse,2007,earliest_sourced,verified,https://www.snowdb.com/catalog/santa-cruz | https://web.archive.org/web/20061018012258/http://www.santacruzsnowboards.com/snow/boards/,,
CATALOG_ONLY,,,,,Santa Cruz,Park Wide,santa-cruz--park-wide,2007,earliest_sourced,verified,https://web.archive.org/web/20061018012258/http://www.santacruzsnowboards.com/snow/boards/,,
CATALOG_ONLY,,,,,Santa Cruz,Perfect 11,santa-cruz--perfect-11,2008,earliest_sourced,likely,https://www.snowdb.com/catalog/santa-cruz,,
CATALOG_ONLY,,,,,Santa Cruz,Platinum TT,santa-cruz--platinum-tt,2009,earliest_sourced,likely,https://www.snowdb.com/catalog/santa-cruz,,
CATALOG_ONLY,,,,,Santa Cruz,PowerLyte,santa-cruz--powerlyte,2011,earliest_sourced,likely,https://www.snowdb.com/catalog/santa-cruz,,
CATALOG_ONLY,,,,,Santa Cruz,Psycho XX,santa-cruz--psycho-xx,2012,earliest_sourced,likely,https://www.snowdb.com/catalog/santa-cruz,,
CATALOG_ONLY,,,,,Santa Cruz,Rebel Series,santa-cruz--rebel-series,2007,earliest_sourced,verified,https://www.snowdb.com/catalog/santa-cruz | https://web.archive.org/web/20061018012258/http://www.santacruzsnowboards.com/snow/boards/,,
CATALOG_ONLY,,,,,Santa Cruz,Respect Series,santa-cruz--respect-series,2007,earliest_sourced,verified,https://web.archive.org/web/20061018012258/http://www.santacruzsnowboards.com/snow/boards/,,
CATALOG_ONLY,,,,,Santa Cruz,Rob One,santa-cruz--rob-one,2012,earliest_sourced,likely,https://www.snowdb.com/catalog/santa-cruz,,
CATALOG_ONLY,,,,,Santa Cruz,Scratch Knot,santa-cruz--scratch-knot,2012,earliest_sourced,likely,https://www.snowdb.com/catalog/santa-cruz,,
CATALOG_ONLY,,,,,Santa Cruz,Screaming Hand,santa-cruz--screaming-hand,2011,earliest_sourced,likely,https://www.snowdb.com/catalog/santa-cruz,,
CATALOG_ONLY,,,,,Santa Cruz,Seth Huot Pro,santa-cruz--seth-huot-pro,2007,earliest_sourced,verified,https://www.snowdb.com/catalog/santa-cruz | https://web.archive.org/web/20061018012258/http://www.santacruzsnowboards.com/snow/boards/,,
CATALOG_ONLY,,,,,Santa Cruz,Slasher,santa-cruz--slasher,2011,earliest_sourced,likely,https://www.snowdb.com/catalog/santa-cruz,,
CATALOG_ONLY,,,,,Santa Cruz,Snowpark,santa-cruz--snowpark,2011,earliest_sourced,likely,https://www.snowdb.com/catalog/santa-cruz,,
CATALOG_ONLY,,,,,Santa Cruz,Spider,santa-cruz--spider,2012,earliest_sourced,likely,https://www.snowdb.com/catalog/santa-cruz,,
CATALOG_ONLY,,,,,Santa Cruz,Suave,santa-cruz--suave,2008,earliest_sourced,likely,https://www.snowdb.com/catalog/santa-cruz,,
CATALOG_ONLY,,,,,Santa Cruz,Tao,santa-cruz--tao,1992,introduced,likely,https://retrosnow.com/product-category/santa-cruz/,,
CATALOG_ONLY,,,,,Santa Cruz,Tetra,santa-cruz--tetra,2012,earliest_sourced,likely,https://www.snowdb.com/catalog/santa-cruz,,
CATALOG_ONLY,,,,,Santa Cruz,TT,santa-cruz--tt,2007,earliest_sourced,verified,https://web.archive.org/web/20061018012258/http://www.santacruzsnowboards.com/snow/boards/,,
CATALOG_ONLY,,,,,Santa Cruz,Twinza,santa-cruz--twinza,2008,earliest_sourced,likely,https://www.snowdb.com/catalog/santa-cruz,,
CATALOG_ONLY,,,,,Santa Cruz,Veins,santa-cruz--veins,2011,earliest_sourced,likely,https://www.snowdb.com/catalog/santa-cruz,,
CATALOG_ONLY,,,,,Santa Cruz,Webdot,santa-cruz--webdot,2012,earliest_sourced,likely,https://www.snowdb.com/catalog/santa-cruz,,
CATALOG_ONLY,,,,,Santa Cruz,Zerocks,santa-cruz--zerocks,2007,earliest_sourced,verified,https://web.archive.org/web/20061018012258/http://www.santacruzsnowboards.com/snow/boards/,,
CATALOG_ONLY,,,,,Season Eqpt,Aero,season-eqpt--aero,2021,introduced,likely,https://thegoodride.com/snowboard-reviews/season-aero-2021-2024-snowboard-review/,,
CATALOG_ONLY,,,,,Season Eqpt,Forma,season-eqpt--forma,2021,earliest_sourced,verified,https://thegoodride.com/snowboard-reviews/season-forma-2021-2024-snowboard-review/ | https://www.seasoneqpt.com/collections/snowboards,,
CATALOG_ONLY,,,,,Season Eqpt,Kin,season-eqpt--kin,,unknown,likely,https://www.seasoneqpt.com/collections/snowboards,,
CATALOG_ONLY,,,,,Season Eqpt,Nexus,season-eqpt--nexus,2021,earliest_sourced,verified,https://thegoodride.com/snowboard-reviews/season-nexus-2021-2024-snowboard-review/ | https://www.seasoneqpt.com/collections/snowboards,,
CATALOG_ONLY,,,,,Season Eqpt,Pass,season-eqpt--pass,2023,introduced,verified,https://www.newschoolers.com/news/read/In-Depth-Review-2023-Season-Eqpt-Pass-Roofbox | https://www.seasoneqpt.com/collections/snowboards,,
CATALOG_ONLY,,,,,SG Snowboards,B.L.A.C.K,sg-snowboards--b-l-a-c-k,2026,introduced,likely,https://www.sgsnowboards.com/sgsnowboards/,,
CATALOG_ONLY,,,,,SG Snowboards,Force,sg-snowboards--force,2026,introduced,likely,https://www.sgsnowboards.com/sgsnowboards/,,
CATALOG_ONLY,,,,,SG Snowboards,Free Solo,sg-snowboards--free-solo,2026,introduced,likely,https://www.sgsnowboards.com/sgsnowboards/,,
CATALOG_ONLY,,,,,SG Snowboards,Full Carve,sg-snowboards--full-carve,2026,introduced,likely,https://www.sgsnowboards.com/sgsnowboards/,,
CATALOG_ONLY,,,,,SG Snowboards,Full Race,sg-snowboards--full-race,2026,introduced,likely,https://www.sgsnowboards.com/sgsnowboards/,,
CATALOG_ONLY,,,,,SG Snowboards,Fullspeed,sg-snowboards--fullspeed,2026,introduced,likely,https://www.sgsnowboards.com/sgsnowboards/,,
CATALOG_ONLY,,,,,SG Snowboards,Shred,sg-snowboards--shred,2026,introduced,likely,https://www.sgsnowboards.com/sgsnowboards/,,
CATALOG_ONLY,,,,,SG Snowboards,Soul,sg-snowboards--soul,2026,introduced,likely,https://www.sgsnowboards.com/sgsnowboards/,,
CATALOG_ONLY,,,,,SG Snowboards,The Cult,sg-snowboards--the-cult,2026,introduced,likely,https://www.sgsnowboards.com/sgsnowboards/,,
CATALOG_ONLY,,,,,Signal,Calliope,signal--calliope,2009,earliest_sourced,likely,https://www.snowdb.com/catalog/signal,,
CATALOG_ONLY,,,,,Signal,Hammer,signal--hammer,2009,earliest_sourced,likely,https://www.snowdb.com/catalog/signal,,
CATALOG_ONLY,,,,,Signal,OG,signal--og,2009,earliest_sourced,likely,https://www.snowdb.com/catalog/signal,,
CATALOG_ONLY,,,,,Signal,Omni Wavelength,signal--omni-wavelength,2011,earliest_sourced,likely,https://www.snowdb.com/catalog/signal,,
CATALOG_ONLY,,,,,Signal,Park,signal--park,2009,earliest_sourced,likely,https://www.snowdb.com/catalog/signal,,
CATALOG_ONLY,,,,,Signal,Rocker,signal--rocker,2010,earliest_sourced,likely,https://www.snowdb.com/catalog/signal,,
CATALOG_ONLY,,,,,Signal,Vita,signal--vita,2011,earliest_sourced,likely,https://www.snowdb.com/catalog/signal,,
CATALOG_ONLY,,,,,Sims,1500 FE,sims--1500-fe,1985,introduced,verified,https://www.snowboarder.com/news/snowboard-history-timeline-part-21980s | https://retrosnow.com/shop/sims/sims-86/sims-1500-fe/,,
CATALOG_ONLY,,,,,Sims,Ace,sims--ace,1992,introduced,likely,https://archive.org/details/tws-89-93,,
CATALOG_ONLY,,,,,Sims,ATV,sims--atv,1991,introduced,verified,https://archive.org/details/ISM-87-91 | https://archive.org/details/tws-89-93 | https://retrosnow.com/shop/sims/91-sims/sims-atv-161/,,
CATALOG_ONLY,,,,,Sims,AV,sims--av,1998,introduced,verified,https://web.archive.org/web/19980206013213/http://www.simsnow.com/boards.htm | https://web.archive.org/web/19991007121719/http://simsnow.com/9899/boards.htm,,
CATALOG_ONLY,,,,,Sims,Blade,sims--blade,1986,introduced,verified,https://archive.org/details/ISM-87-91 | https://archive.org/details/tws-89-93 | https://retrosnow.com/shop/sims/sims-86/sims-1710-blade/ | https://www.michigansnowboardmuseum.com/the-neon-era--other-80s-decks.html,,
CATALOG_ONLY,,,,,Sims,Burner,sims--burner,2006,earliest_sourced,likely,https://web.archive.org/web/200510/http://www.simsnow.com/products/boards/burner,,
CATALOG_ONLY,,,,,Sims,Clark,sims--clark,1999,introduced,verified,https://web.archive.org/web/19990417050322/http://simsnow.com/9899/boards9899home.htm,,
CATALOG_ONLY,,,,,Sims,Daytona,sims--daytona,2000,introduced,likely,https://www.snowboarder.com/news/snowboard-lifes-top-25-board-test-2000 | https://www.snowboarder.com/news/board-test-board-specs,,
CATALOG_ONLY,,,,,Sims,Descender,sims--descender,2000,introduced,likely,https://www.snowboarder.com/news/snowboard-lifes-top-25-board-test-2000 | https://www.snowboarder.com/news/board-test-board-specs,,
CATALOG_ONLY,,,,,Sims,Enduro,sims--enduro,1999,introduced,verified,https://snowboarder.com/transworld-snowboarding-archive/snowboarding-photos/board-test-wide-rides | https://web.archive.org/web/19990417050322/http://simsnow.com/9899/boards9899home.htm,,
CATALOG_ONLY,,,,,Sims,Fakie,sims--fakie,1993,introduced,likely,https://archive.org/details/tws-89-93,,
CATALOG_ONLY,,,,,Sims,Freestyle,sims--freestyle,1990,introduced,verified,https://archive.org/details/ISM-87-91 | https://archive.org/details/tws-89-93,,
CATALOG_ONLY,,,,,Sims,GS,sims--gs,1993,introduced,likely,https://archive.org/details/tws-89-93,,
CATALOG_ONLY,,,,,Sims,Infinity,sims--infinity,2000,earliest_sourced,likely,https://web.archive.org/web/200006/http://www.simsnow.com/products/boards/infinity,,
CATALOG_ONLY,,,,,Sims,Max,sims--max,1999,introduced,verified,https://snowboarder.com/transworld-snowboarding-archive/snowboarding-photos/board-test-wide-rides | https://web.archive.org/web/19990417050322/http://simsnow.com/9899/boards9899home.htm,,
CATALOG_ONLY,,,,,Sims,Noah,sims--noah,1998,introduced,verified,https://web.archive.org/web/19980206013213/http://www.simsnow.com/boards.htm | https://web.archive.org/web/19991007121719/http://simsnow.com/9899/boards.htm,,
CATALOG_ONLY,,,,,Sims,Noah Salasnek Nub,sims--noah-salasnek-nub,1993,introduced,verified,https://archive.org/details/tws-89-93 | https://retrosnow.com/shop/sims/sims-93/sims-noahs-ark/ | https://retrosnow.com/shop/sims/sims-94/sims-noah-skate/ | https://socalsurfshop.com/sims-noah-nub-93-noah-salasnek-limited-snowboard-orange.html,,
CATALOG_ONLY,,,,,Sims,Pocketknife,sims--pocketknife,1988,introduced,verified,https://archive.org/details/ISM-87-91 | https://www.michigansnowboardmuseum.com/the-neon-era--other-80s-decks.html,,
CATALOG_ONLY,,,,,Sims,Project Hex,sims--project-hex,1998,introduced,verified,https://web.archive.org/web/19980206013213/http://www.simsnow.com/boards.htm | https://web.archive.org/web/19991007121719/http://simsnow.com/9899/boards.htm | https://web.archive.org/web/19990417050322/http://simsnow.com/9899/boards9899home.htm,,
CATALOG_ONLY,,,,,Sims,Shannon Dunn,sims--shannon-dunn,1993,introduced,likely,https://retrosnow.com/shop/sims/sims-93/sims-shannon-dunn/,,
CATALOG_ONLY,,,,,Sims,Shaun Palmer,sims--shaun-palmer,1993,introduced,verified,https://archive.org/details/tws-89-93 | https://retrosnow.com/shop/sims/sims-93/sims-shaun-palmer/ | https://retrosnow.com/shop/sims/sims-93/sims-shawn-palmer-pimp/ | https://retrosnow.com/shop/sims/sims-93/sims-palmer-baby-clown/,,
CATALOG_ONLY,,,,,Sims,Spinner,sims--spinner,2000,introduced,likely,https://www.snowboarder.com/news/board-test-board-specs,,
CATALOG_ONLY,,,,,Sims,T. Sims,sims--t-sims,1998,introduced,verified,https://web.archive.org/web/19980206013213/http://www.simsnow.com/boards.htm | https://web.archive.org/web/19991007121719/http://simsnow.com/9899/boards.htm | https://web.archive.org/web/200510/http://www.simsnow.com/products/boards/tsims,,
CATALOG_ONLY,,,,,Sims,Terry Kidwell,sims--terry-kidwell,1985,introduced,verified,https://www.snowboarder.com/news/snowboard-history-timeline-part-21980s | https://archive.org/details/ISM-87-91 | https://archive.org/details/tws-89-93 | https://retrosnow.com/shop/sims/sims-87/sims-terry-kidwell-pro-model/ | https://retrosnow.com/shop/sims/sims-89/sims-terry-kidwell-1635/,,
CATALOG_ONLY,,,,,Sims,Tina,sims--tina,1998,introduced,verified,https://web.archive.org/web/19980206013213/http://www.simsnow.com/boards.htm | https://web.archive.org/web/19991007121719/http://simsnow.com/9899/boards.htm,,
CATALOG_ONLY,,,,,Sims,Tina Basich Seahorse,sims--tina-basich-seahorse,1997,introduced,likely,https://snowboarder.com/featured/1997-preview-of-womens-snowboard-equipment,,
CATALOG_ONLY,,,,,Sims,Tina Basich Star,sims--tina-basich-star,1999,introduced,verified,https://www.snowboarder.com/news/how-the-1999-womens-boards-stack-up-a-review | https://www.snowboarder.com/news/board-test-board-specs | https://web.archive.org/web/19990417050322/http://simsnow.com/9899/boards9899home.htm,,
CATALOG_ONLY,,,,,Sims,Ultimate 1700,sims--ultimate-1700,1987,introduced,verified,https://archive.org/details/ISM-87-91 | https://retrosnow.com/shop/sims/sims-87/sims-ultimate-1700-swallow-tail/,,
CATALOG_ONLY,,,,,Slash,ATV,slash--atv,2013,introduced,verified,https://thegoodride.com/snowboard-reviews/slash-atv-2013-2019-snowboard-review/ | https://www.boardsportsource.com/slash-by-gigi-snowboards-preview-24-25/,,
CATALOG_ONLY,,,,,Slash,Aurora,slash--aurora,,unknown,likely,https://thegoodride.com/snowboard-reviews/slash-aurora-review-and-buying-advice/,,
CATALOG_ONLY,,,,,Slash,Brainstorm,slash--brainstorm,2015,introduced,likely,https://thegoodride.com/snowboard-reviews/slash-brain-storm-2015-2019-snowboard-review/,,
CATALOG_ONLY,,,,,Slash,Floater,slash--floater,2016,introduced,verified,https://thegoodride.com/snowboard-reviews/slash-floater-narwal-2016-2019-snowboard-review/ | https://www.boardsportsource.com/slash-by-gigi-snowboards-preview-24-25/,,
CATALOG_ONLY,,,,,Slash,Happy Place,slash--happy-place,2014,introduced,verified,https://thegoodride.com/snowboard-reviews/slash-happy-place-2014-2019-snowboard-review/ | https://www.boardsportsource.com/slash-by-gigi-snowboards-preview-24-25/,,
CATALOG_ONLY,,,,,Slash,Spectrum,slash--spectrum,2025,earliest_sourced,likely,https://www.boardsportsource.com/slash-by-gigi-snowboards-preview-24-25/,,
CATALOG_ONLY,,,,,Slash,Straight,slash--straight,2013,introduced,likely,https://thegoodride.com/snowboard-reviews/slash-straight-narwal-2013-2019-snowboard-review/,,
CATALOG_ONLY,,,,,Slash,Vertical,slash--vertical,2025,earliest_sourced,likely,https://www.boardsportsource.com/slash-by-gigi-snowboards-preview-24-25/,,
CATALOG_ONLY,,,,,Stepchild,Chick,stepchild--chick,2008,earliest_sourced,likely,https://web.archive.org/web/200710/http://www.stepchildsnowboards.com/ | https://web.archive.org/web/200809/http://www.stepchildsnowboards.com/,,
CATALOG_ONLY,,,,,Stepchild,Corporate,stepchild--corporate,2006,earliest_sourced,likely,https://web.archive.org/web/200607/http://www.stepchildsnowboards.com/ | https://web.archive.org/web/200812/http://www.stepchildsnowboards.com/,,
CATALOG_ONLY,,,,,Stepchild,Hammer,stepchild--hammer,2006,earliest_sourced,likely,https://web.archive.org/web/200607/http://www.stepchildsnowboards.com/ | https://web.archive.org/web/200809/http://www.stepchildsnowboards.com/,,
CATALOG_ONLY,,,,,Stepchild,Hammerhead,stepchild--hammerhead,2009,earliest_sourced,likely,https://web.archive.org/web/200808/http://www.stepchildsnowboards.com/ | https://web.archive.org/web/200812/http://www.stepchildsnowboards.com/,,
CATALOG_ONLY,,,,,Stepchild,Jibstick,stepchild--jibstick,2009,earliest_sourced,likely,https://web.archive.org/web/200808/http://www.stepchildsnowboards.com/ | https://web.archive.org/web/200812/http://www.stepchildsnowboards.com/,,
CATALOG_ONLY,,,,,Stepchild,JP Walker,stepchild--jp-walker,2009,earliest_sourced,likely,https://web.archive.org/web/200808/http://www.stepchildsnowboards.com/ | https://web.archive.org/web/200812/http://www.stepchildsnowboards.com/,,
CATALOG_ONLY,,,,,Stepchild,Kidwell,stepchild--kidwell,2008,earliest_sourced,likely,https://web.archive.org/web/200710/http://www.stepchildsnowboards.com/ | https://web.archive.org/web/200809/http://www.stepchildsnowboards.com/,,
CATALOG_ONLY,,,,,Stepchild,Kool,stepchild--kool,2008,earliest_sourced,likely,https://web.archive.org/web/200710/http://www.stepchildsnowboards.com/ | https://web.archive.org/web/200809/http://www.stepchildsnowboards.com/,,
CATALOG_ONLY,,,,,Stepchild,Latchkey,stepchild--latchkey,2009,earliest_sourced,likely,https://web.archive.org/web/200808/http://www.stepchildsnowboards.com/ | https://web.archive.org/web/200812/http://www.stepchildsnowboards.com/,,
CATALOG_ONLY,,,,,Stepchild,OG Powder,stepchild--og-powder,2009,earliest_sourced,likely,https://web.archive.org/web/200808/http://www.stepchildsnowboards.com/ | https://web.archive.org/web/200812/http://www.stepchildsnowboards.com/,,
CATALOG_ONLY,,,,,Stepchild,Powder Sucks,stepchild--powder-sucks,2009,earliest_sourced,likely,https://web.archive.org/web/200808/http://www.stepchildsnowboards.com/ | https://web.archive.org/web/200812/http://www.stepchildsnowboards.com/,,
CATALOG_ONLY,,,,,Stepchild,Ranquet,stepchild--ranquet,2006,earliest_sourced,likely,https://web.archive.org/web/200607/http://www.stepchildsnowboards.com/ | https://web.archive.org/web/200809/http://www.stepchildsnowboards.com/,,
CATALOG_ONLY,,,,,Stepchild,Sick,stepchild--sick,2006,earliest_sourced,likely,https://web.archive.org/web/200607/http://www.stepchildsnowboards.com/ | https://web.archive.org/web/200809/http://www.stepchildsnowboards.com/,,
CATALOG_ONLY,,,,,Stepchild,Simon Chamberlain,stepchild--simon-chamberlain,2006,earliest_sourced,likely,https://web.archive.org/web/200607/http://www.stepchildsnowboards.com/ | https://web.archive.org/web/200812/http://www.stepchildsnowboards.com/,,
CATALOG_ONLY,,,,,Stepchild,Slim,stepchild--slim,2009,earliest_sourced,likely,https://web.archive.org/web/200808/http://www.stepchildsnowboards.com/ | https://web.archive.org/web/200812/http://www.stepchildsnowboards.com/,,
CATALOG_ONLY,,,,,Telos,Backslash,telos--backslash,2021,introduced,likely,https://thegoodride.com/snowboard-reviews/telos-backslash-snowboard-review/,,
CATALOG_ONLY,,,,,Telos,DST,telos--dst,2021,introduced,verified,https://thegoodride.com/snowboard-reviews/telos-dst-snowboard-review/ | https://thegoodride.com/snowboard-reviews/telos-dst-2021-2022-womens-snowboard-review-by-steph-w/,,
CATALOG_ONLY,,,,,United Shapes,Cadet,united-shapes--cadet,2024,introduced,likely,https://thegoodride.com/snowboard-reviews/united-shapes-cadet-snowboard-review/,,
CATALOG_ONLY,,,,,United Shapes,Horizon,united-shapes--horizon,2024,introduced,verified,https://thegoodride.com/snowboard-reviews/united-shapes-horizon-2025-snowboard-review/ | https://thegoodride.com/snowboard-reviews/united-shapes-horizon-snowboard-review/,,
CATALOG_ONLY,,,,,United Shapes,Orbit,united-shapes--orbit,2017,introduced,likely,https://thegoodride.com/snowboard-reviews/united-shapes-orbit-snowboard-review/,,
CATALOG_ONLY,,,,,United Shapes,Transmission,united-shapes--transmission,2025,introduced,likely,https://thegoodride.com/snowboard-reviews/united-shapes-transmission-snowboard-review/,,
CATALOG_ONLY,,,,,Unity,Dominion,unity--dominion,2007,earliest_sourced,likely,https://web.archive.org/web/200609/http://www.unitysnowboards.com/ | https://web.archive.org/web/200810/http://www.unitysnowboards.com/,,
CATALOG_ONLY,,,,,Unity,Origin,unity--origin,2007,earliest_sourced,likely,https://web.archive.org/web/200609/http://www.unitysnowboards.com/ | https://web.archive.org/web/200810/http://www.unitysnowboards.com/,,
CATALOG_ONLY,,,,,Unity,Pintail,unity--pintail,2007,earliest_sourced,likely,https://web.archive.org/web/200609/http://www.unitysnowboards.com/ | https://web.archive.org/web/200810/http://www.unitysnowboards.com/,,
CATALOG_ONLY,,,,,Unity,Pride,unity--pride,2007,earliest_sourced,likely,https://web.archive.org/web/200609/http://www.unitysnowboards.com/ | https://web.archive.org/web/200810/http://www.unitysnowboards.com/,,
CATALOG_ONLY,,,,,Unity,Rise,unity--rise,2007,earliest_sourced,likely,https://web.archive.org/web/200609/http://www.unitysnowboards.com/ | https://web.archive.org/web/200810/http://www.unitysnowboards.com/,,
CATALOG_ONLY,,,,,Unity,Virgo,unity--virgo,2007,earliest_sourced,likely,https://web.archive.org/web/200609/http://www.unitysnowboards.com/ | https://web.archive.org/web/200810/http://www.unitysnowboards.com/,,
CATALOG_ONLY,,,,,Vision,Freestyle,vision--freestyle,1992,introduced,likely,https://retrosnow.com/shop/vision/92-vision/vision-freestyle-156/,,
CATALOG_ONLY,,,,,Völkl,Booster,volkl--booster,2009,earliest_sourced,likely,https://www.snowdb.com/catalog/voelkl,,
CATALOG_ONLY,,,,,Völkl,Cashew,volkl--cashew,2011,earliest_sourced,likely,https://www.snowdb.com/catalog/voelkl,,
CATALOG_ONLY,,,,,Völkl,Coal,volkl--coal,2009,earliest_sourced,likely,https://www.snowdb.com/catalog/voelkl,,
CATALOG_ONLY,,,,,Völkl,Composite FS,volkl--composite-fs,1999,earliest_sourced,verified,https://web.archive.org/web/19991004151246/http://www.volkl.com/snowboard/99.sb.index.html,,
CATALOG_ONLY,,,,,Völkl,Dash,volkl--dash,2009,earliest_sourced,likely,https://www.snowdb.com/catalog/voelkl,,
CATALOG_ONLY,,,,,Völkl,Destiny,volkl--destiny,2009,earliest_sourced,likely,https://www.snowdb.com/catalog/voelkl,,
CATALOG_ONLY,,,,,Völkl,Dice,volkl--dice,2009,earliest_sourced,likely,https://www.snowdb.com/catalog/voelkl,,
CATALOG_ONLY,,,,,Völkl,Flavor,volkl--flavor,2009,earliest_sourced,likely,https://www.snowdb.com/catalog/voelkl,,
CATALOG_ONLY,,,,,Völkl,Future,volkl--future,2011,earliest_sourced,likely,https://www.snowdb.com/catalog/voelkl,,
CATALOG_ONLY,,,,,Völkl,Impress,volkl--impress,2009,earliest_sourced,likely,https://www.snowdb.com/catalog/voelkl,,
CATALOG_ONLY,,,,,Völkl,Jibster,volkl--jibster,2009,earliest_sourced,likely,https://www.snowdb.com/catalog/voelkl,,
CATALOG_ONLY,,,,,Völkl,Melody,volkl--melody,2009,earliest_sourced,likely,https://www.snowdb.com/catalog/voelkl,,
CATALOG_ONLY,,,,,Völkl,Nomex FR,volkl--nomex-fr,1999,earliest_sourced,verified,https://web.archive.org/web/19991004151246/http://www.volkl.com/snowboard/99.sb.index.html,,
CATALOG_ONLY,,,,,Völkl,Powerframe,volkl--powerframe,1999,earliest_sourced,likely,https://web.archive.org/web/19991004151246/http://www.volkl.com/snowboard/99.sb.index.html,,
CATALOG_ONLY,,,,,Völkl,Renntiger,volkl--renntiger,1999,earliest_sourced,verified,https://web.archive.org/web/19991004151246/http://www.volkl.com/snowboard/99.sb.index.html | https://web.archive.org/web/19991004132050/http://www.volkl.com/snowboard/99.renntiger.html,,
CATALOG_ONLY,,,,,Völkl,Riot,volkl--riot,2009,earliest_sourced,likely,https://www.snowdb.com/catalog/voelkl,,
CATALOG_ONLY,,,,,Völkl,RT,volkl--rt,2011,earliest_sourced,likely,https://www.snowdb.com/catalog/voelkl,,
CATALOG_ONLY,,,,,Völkl,Selecta,volkl--selecta,2009,earliest_sourced,likely,https://www.snowdb.com/catalog/voelkl,,
CATALOG_ONLY,,,,,Völkl,Sensor FR,volkl--sensor-fr,1999,earliest_sourced,verified,https://web.archive.org/web/19991004151246/http://www.volkl.com/snowboard/99.sb.index.html | https://web.archive.org/web/19991004171313/http://www.volkl.com/snowboard/99.sensor.html,,
CATALOG_ONLY,,,,,Völkl,Shine,volkl--shine,2009,earliest_sourced,likely,https://www.snowdb.com/catalog/voelkl,,
CATALOG_ONLY,,,,,Völkl,Soulsurfer,volkl--soulsurfer,2011,earliest_sourced,likely,https://www.snowdb.com/catalog/voelkl,,
CATALOG_ONLY,,,,,Völkl,Spade,volkl--spade,2009,earliest_sourced,likely,https://www.snowdb.com/catalog/voelkl,,
CATALOG_ONLY,,,,,Völkl,Spark,volkl--spark,2009,earliest_sourced,likely,https://www.snowdb.com/catalog/voelkl,,
CATALOG_ONLY,,,,,Völkl,Squad,volkl--squad,2009,earliest_sourced,likely,https://www.snowdb.com/catalog/voelkl,,
CATALOG_ONLY,,,,,Völkl,Stroke,volkl--stroke,2009,earliest_sourced,likely,https://www.snowdb.com/catalog/voelkl,,
CATALOG_ONLY,,,,,Völkl,Vice,volkl--vice,2009,earliest_sourced,likely,https://www.snowdb.com/catalog/voelkl,,
CATALOG_ONLY,,,,,Völkl,Yavana,volkl--yavana,2011,earliest_sourced,likely,https://www.snowdb.com/catalog/voelkl,,
CATALOG_ONLY,,,,,Völkl,Zenit,volkl--zenit,2009,earliest_sourced,likely,https://www.snowdb.com/catalog/voelkl,,
CATALOG_ONLY,,,,,Weston,Backwoods,weston--backwoods,2020,introduced,likely,https://thegoodride.com/snowboard-reviews/weston-backwoods-snowboard-review/,,
CATALOG_ONLY,,,,,Weston,Dream Machine,weston--dream-machine,2025,introduced,likely,https://thegoodride.com/snowboard-reviews/?brand=jones,,
CATALOG_ONLY,,,,,Weston,Gnarnia,weston--gnarnia,2025,introduced,verified,https://thegoodride.com/snowboard-reviews/?brand=jones | https://thegoodride.com/snowboard-reviews/weston-gnarnia-snowboard-review/,,
CATALOG_ONLY,,,,,Weston,Hatchet,weston--hatchet,2021,introduced,verified,https://thegoodride.com/snowboard-reviews/weston-hatchet-snowboard-review/ | https://thegoodride.com/snowboard-reviews/?brand=jones,,
CATALOG_ONLY,,,,,Weston,Japow,weston--japow,2021,introduced,likely,https://thegoodride.com/snowboard-reviews/weston-japow-snowboard-review/,,
CATALOG_ONLY,,,,,Weston,Logger,weston--logger,2020,introduced,likely,https://thegoodride.com/snowboard-reviews/weston-logger-2020-2023-snowboard-review/,,
CATALOG_ONLY,,,,,Weston,Range,weston--range,2020,introduced,likely,https://thegoodride.com/snowboard-reviews/weston-range-2020-snowboard-review/,,
CATALOG_ONLY,,,,,Winterstick,Freestyle,winterstick--freestyle,1988,introduced,likely,https://archive.org/details/ISM-87-91,,
CATALOG_ONLY,,,,,Winterstick,Mirror,winterstick--mirror,2000,introduced,likely,https://www.snowboarder.com/news/board-test-board-specs,,
CATALOG_ONLY,,,,,Winterstick,Roundtail,winterstick--roundtail,1988,introduced,likely,https://archive.org/details/ISM-87-91,,
CATALOG_ONLY,,,,,Winterstick,Swallowtail,winterstick--swallowtail,1981,earliest_sourced,verified,https://tahoequarterly.com/ski-ride-2019/the-shape-of-snowboarding | https://archive.org/details/ISM-87-91 | https://www.winterstick.com/products/swallowtail-snowboard | https://winterstick.com/history-of-winterstick,,
CATALOG_ONLY,,,,,YES.,420,yes--420,2013,introduced,verified,https://thegoodride.com/snowboard-reviews/yes-420-snowboard-review/ | https://thegoodride.com/snowboard-reviews/yes-420-ph-snowboard-review/,,
CATALOG_ONLY,,,,,YES.,All-In,yes--all-in,2026,earliest_sourced,likely,https://www.evo.com/shop/snowboard/snowboards/yes,,
CATALOG_ONLY,,,,,YES.,Basic,yes--basic,2010,introduced,verified,https://thegoodride.com/snowboard-reviews/yes-basic-snowboard-review/ | https://www.evo.com/shop/snowboard/snowboards/yes,,
CATALOG_ONLY,,,,,YES.,Cream Halldor 3D,yes--cream-halldor-3d,2026,earliest_sourced,likely,https://www.evo.com/shop/snowboard/snowboards/yes,,
CATALOG_ONLY,,,,,YES.,Emoticon,yes--emoticon,2015,introduced,verified,https://thegoodride.com/snowboard-reviews/yes-emoticon-2015-2021-snowboard-review/ | https://www.evo.com/outlet/snowboards/yes-emoticon-snowboard-womens-2015,,
CATALOG_ONLY,,,,,YES.,Greats,yes--greats,2011,introduced,verified,https://thegoodride.com/snowboard-reviews/yes-greats-snowboard-review/ | https://www.evo.com/shop/snowboard/snowboards/yes,,
CATALOG_ONLY,,,,,YES.,Hel Yes,yes--hel-yes,2014,introduced,verified,https://thegoodride.com/snowboard-reviews/yes-hel-yes-2014-2021-snowboard-review/ | https://www.evo.com/shop/snowboard/snowboards/yes,,
CATALOG_ONLY,,,,,YES.,Hello,yes--hello,2021,introduced,likely,https://thegoodride.com/snowboard-reviews/yes-hello-2021-2024-snowboard-review-by-steph-w/,,
CATALOG_ONLY,,,,,YES.,Hybrid,yes--hybrid,2020,introduced,likely,https://thegoodride.com/snowboard-reviews/yes-hybrid-snowboard-review/,,
CATALOG_ONLY,,,,,YES.,Jackpot,yes--jackpot,2012,introduced,verified,https://thegoodride.com/snowboard-reviews/yes-jackpot-2012-2024-snowboard-review/ | https://www.evo.com/shop/snowboard/snowboards/yes,,
CATALOG_ONLY,,,,,YES.,Optimistic,yes--optimistic,2011,introduced,likely,https://thegoodride.com/snowboard-reviews/yes-optimistic-snowboard-review/,,
CATALOG_ONLY,,,,,YES.,Pick Your Line,yes--pick-your-line,2012,introduced,verified,https://thegoodride.com/snowboard-reviews/yes-pick-your-line-snowboard-review/ | https://www.evo.com/shop/snowboard/snowboards/yes,,
CATALOG_ONLY,,,,,YES.,Rival,yes--rival,2024,introduced,likely,https://thegoodride.com/snowboard-reviews/?brand=jones,,
CATALOG_ONLY,,,,,YES.,Sender,yes--sender,2025,earliest_sourced,likely,https://www.evo.com/shop/snowboard/snowboards/yes,,
CATALOG_ONLY,,,,,YES.,Shifter,yes--shifter,2026,earliest_sourced,likely,https://www.evo.com/shop/snowboard/snowboards/yes,,
CATALOG_ONLY,,,,,YES.,Standard,yes--standard,2015,introduced,verified,https://thegoodride.com/snowboard-reviews/yes-standard-snowboard-review/ | https://www.evo.com/shop/snowboard/snowboards/yes,,
CATALOG_ONLY,,,,,YES.,Typo,yes--typo,2016,introduced,likely,https://thegoodride.com/snowboard-reviews/yes-typo-snowboard-review/,,
CATALOG_ONLY,,,,,YES.,Warca,yes--warca,2023,introduced,likely,https://thegoodride.com/snowboard-reviews/yes-warca-snowboard-review/,,
CATALOG_ONLY,,,,,Yonex,4XP,yonex--4xp,2027,earliest_sourced,likely,https://www.yonex.co.jp/snowboards/products/,,
CATALOG_ONLY,,,,,Yonex,GLIDE,yonex--glide,2027,earliest_sourced,likely,https://www.yonex.co.jp/snowboards/products/,,
CATALOG_ONLY,,,,,Yonex,LUVARTH,yonex--luvarth,2027,earliest_sourced,likely,https://www.yonex.co.jp/snowboards/products/,,
CATALOG_ONLY,,,,,Yonex,NEXTAGE,yonex--nextage,2027,earliest_sourced,likely,https://www.yonex.co.jp/snowboards/products/,,
CATALOG_ONLY,,,,,Yonex,REGNA,yonex--regna,2027,earliest_sourced,likely,https://www.yonex.co.jp/snowboards/products/,,
CATALOG_ONLY,,,,,Yonex,REV,yonex--rev,2027,earliest_sourced,likely,https://www.yonex.co.jp/snowboards/products/,,
CATALOG_ONLY,,,,,Yonex,SLEEK,yonex--sleek,2027,earliest_sourced,likely,https://www.yonex.co.jp/snowboards/products/,,
CATALOG_ONLY,,,,,Yonex,SMOOTH,yonex--smooth,2027,earliest_sourced,likely,https://www.yonex.co.jp/snowboards/products/,,
CATALOG_ONLY,,,,,Yonex,STYLAHOLIC,yonex--stylaholic,2027,earliest_sourced,likely,https://www.yonex.co.jp/snowboards/products/,,
