bucket,sendit_brand,sendit_model,norm,first_year,last_year,our_brand,our_model,note,variant_flags,import_candidate,reviewer_decision
SENDIT_ONLY,academy,GRADUATE,graduate,2019,2026,Academy,,,,yes,
SENDIT_ONLY,academy,HYBRID 2.0,hybrid 2 0,2025,2026,Academy,,,,yes,
SENDIT_ONLY,academy,MASTERS,masters,2025,2026,Academy,,,,yes,
SENDIT_ONLY,academy,PROPACAMBA,propacamba,2020,2026,Academy,,,,yes,
SENDIT_ONLY,academy,PROPAGANDA,propaganda,2013,2026,Academy,,,,yes,
SENDIT_ONLY,academy,PROPAGANDA Cookies SF Colab,propaganda cookies sf colab,2025,2025,Academy,,,,yes,
SENDIT_ONLY,academy,Master Series,master,2020,2022,Academy,,,,yes,
SENDIT_ONLY,academy,Team Series,team,2015,2022,Academy,,,,yes,
SENDIT_ONLY,academy,Propa-Camba,propa camba,2015,2019,Academy,,,,yes,
SENDIT_ONLY,academy,Icon Series,icon,2013,2015,Academy,,,,yes,
SENDIT_ONLY,academy,Rhythm Series,rhythm,2013,2015,Academy,,,,yes,
SENDIT_ONLY,academy,Serenity,serenity,2013,2015,Academy,,,,yes,
SENDIT_ONLY,academy,Tempo Series,tempo,2015,2015,Academy,,,,yes,
SENDIT_ONLY,academy,Team Series The Bro Model,team series the bro model,2013,2013,Academy,,,,yes,
BRAND_NEW,allian,Atlantis,atlantis,2015,2027,,,brand not in v0.2,,no,
BRAND_NEW,allian,Damage,damage,2015,2027,,,brand not in v0.2,,no,
BRAND_NEW,allian,Free Line,free line,2025,2027,,,brand not in v0.2,,no,
BRAND_NEW,allian,Prism,prism,2021,2027,,,brand not in v0.2,,no,
BRAND_NEW,allian,Prism Girl,prism girl,2015,2027,,,brand not in v0.2,,no,
BRAND_NEW,allian,Prism Invisible,prism invisible,2021,2027,,,brand not in v0.2,,no,
BRAND_NEW,allian,Vivian,vivian,2015,2027,,,brand not in v0.2,,no,
BRAND_NEW,allian,Curver,curver,2025,2025,,,brand not in v0.2,,no,
BRAND_NEW,allian,Grind,grind,2015,2025,,,brand not in v0.2,,no,
BRAND_NEW,allian,Nirvana,nirvana,2015,2025,,,brand not in v0.2,,no,
BRAND_NEW,allian,Prism Eagle,prism eagle,2021,2025,,,brand not in v0.2,,no,
BRAND_NEW,allian,Cuver,cuver,2021,2021,,,brand not in v0.2,,no,
BRAND_NEW,allian,Angel,angel,2015,2017,,,brand not in v0.2,,no,
BRAND_NEW,allian,Dreams,dreams,2015,2017,,,brand not in v0.2,,no,
BRAND_NEW,allian,"Ingemar Backman ""Fork""",ingemar backman fork,2017,2017,,,brand not in v0.2,quoted-graphic,no,
BRAND_NEW,allian,Prism / Prism Invisible / Prism LTD,prism prism invisible prism,2017,2017,,,brand not in v0.2,,no,
BRAND_NEW,allian,"Backman ""Cosmos""",backman cosmos,2015,2015,,,brand not in v0.2,quoted-graphic,no,
BRAND_NEW,allian,Prism / Prism Limited,prism prism,2015,2015,,,brand not in v0.2,,no,
BRAND_NEW,aluflex,ERIC HOLDRIDGE,eric holdridge,2026,2026,,,brand not in v0.2,,no,
BRAND_NEW,aluflex,LOLA,lola,2026,2026,,,brand not in v0.2,,no,
BRAND_NEW,ame-snowboard,AWAKN 164 ART,awakn art,2026,2026,,,brand not in v0.2,,no,
BRAND_NEW,ame-snowboard,BLACK SWAN 169 ART,black swan art,2026,2026,,,brand not in v0.2,,no,
BRAND_NEW,ame-snowboard,BLACK SWAN 169 WOOD SERIE,black swan wood serie,2026,2026,,,brand not in v0.2,,no,
BRAND_NEW,ame-snowboard,EMIT 159 FACTORY,emit factory,2026,2026,,,brand not in v0.2,,no,
BRAND_NEW,ame-snowboard,HIGHSOLATOR 168 ART,highsolator art,2026,2026,,,brand not in v0.2,,no,
BRAND_NEW,ame-snowboard,HIGHSOLATOR 168 WOOD,highsolator wood,2026,2026,,,brand not in v0.2,,no,
BRAND_NEW,ame-snowboard,HIGHSOLATOR 170 WIDE ART,highsolator wide art,2026,2026,,,brand not in v0.2,,no,
BRAND_NEW,ame-snowboard,MAKOBLAST 185 WOOD,makoblast wood,2026,2026,,,brand not in v0.2,,no,
BRAND_NEW,ame-snowboard,MTN 145,mtn,2026,2026,,,brand not in v0.2,,no,
BRAND_NEW,ame-snowboard,QUANTIC 175 WOOD,quantic wood,2026,2026,,,brand not in v0.2,,no,
BRAND_NEW,ame-snowboard,ROAM 173 ART,roam art,2026,2026,,,brand not in v0.2,,no,
BRAND_NEW,ame-snowboard,WES 160 FACTORY,wes factory,2026,2026,,,brand not in v0.2,,no,
BRAND_NEW,amicss,AFX,afx,2023,2027,,,brand not in v0.2,,no,
BRAND_NEW,amicss,AGGRESSOR,aggressor,2020,2027,,,brand not in v0.2,,no,
BRAND_NEW,amicss,ARZ,arz,2027,2027,,,brand not in v0.2,,no,
BRAND_NEW,amicss,DFX,dfx,2025,2027,,,brand not in v0.2,,no,
BRAND_NEW,amicss,DMT,dmt,2020,2027,,,brand not in v0.2,,no,
BRAND_NEW,amicss,DNA,dna,2020,2027,,,brand not in v0.2,,no,
BRAND_NEW,amicss,LV,lv,2026,2027,,,brand not in v0.2,,no,
BRAND_NEW,amicss,RCJ,rcj,2025,2027,,,brand not in v0.2,,no,
BRAND_NEW,amicss,World Cup Factory Model,world cup factory model,2025,2027,,,brand not in v0.2,,no,
BRAND_NEW,amicss,XFIT,xfit,2025,2027,,,brand not in v0.2,,no,
BRAND_NEW,amicss,DNA Ti,dna ti,2020,2025,,,brand not in v0.2,,no,
BRAND_NEW,amicss,RCV,rcv,2020,2025,,,brand not in v0.2,,no,
BRAND_NEW,amicss,World Cup,world cup,2020,2025,,,brand not in v0.2,,no,
BRAND_NEW,amicss,XLAY,xlay,2023,2025,,,brand not in v0.2,,no,
BRAND_NEW,amicss,DEX,dex,2023,2023,,,brand not in v0.2,,no,
BRAND_NEW,amicss,RCI,rci,2020,2023,,,brand not in v0.2,,no,
SENDIT_ONLY,amplid,Big Kahuna,big kahuna,2023,2027,Amplid,,,,yes,
SENDIT_ONLY,amplid,Cab Driver,cab driver,2025,2027,Amplid,,,,yes,
SENDIT_ONLY,amplid,Kill Switch,kill switch,2021,2027,Amplid,,,,yes,
SENDIT_ONLY,amplid,Kodama,kodama,2025,2027,Amplid,,,,yes,
SENDIT_ONLY,amplid,Memory Stick,memory stick,2025,2027,Amplid,,,,yes,
SENDIT_ONLY,amplid,Metamorph,metamorph,2025,2027,Amplid,,,,yes,
MATCH,amplid,Milligram,milligram,2016,2027,Amplid,Milligram,,,enrich,
SENDIT_ONLY,amplid,Mood Bender,mood bender,2026,2027,Amplid,,,,yes,
SENDIT_ONLY,amplid,Morning Glory,morning glory,2014,2027,Amplid,,,,yes,
SENDIT_ONLY,amplid,Ohana Vibes,ohana vibes,2026,2027,Amplid,,,,yes,
SENDIT_ONLY,amplid,Psychonaut,psychonaut,2025,2027,Amplid,,,,yes,
MATCH,amplid,Singular,singular,2023,2027,Amplid,Singular,sendit earlier than ours (2024),,enrich,
SENDIT_ONLY,amplid,Singular Twin,singular twin,2023,2027,Amplid,,,,yes,
MATCH,amplid,Snommelier,snommelier,2020,2027,Amplid,Snommelier,sendit earlier than ours (2024),,enrich,
MATCH,amplid,Soulmate,soulmate,2025,2027,Amplid,Soulmate,,,enrich,
MATCH,amplid,Souly Grail,souly grail,2022,2027,Amplid,Souly Grail,sendit earlier than ours (2024),,enrich,
SENDIT_ONLY,amplid,Spray Tray,spray tray,2021,2027,Amplid,,,,yes,
SENDIT_ONLY,amplid,Surf Shuttle,surf shuttle,2021,2027,Amplid,,,,yes,
MATCH,amplid,Surfari,surfari,2018,2027,Amplid,Surfari,sendit earlier than ours (2025),,enrich,
MATCH,amplid,Time Machine,time machine,2026,2027,Amplid,Time Machine,,,enrich,
SENDIT_ONLY,amplid,Tour Operator,tour operator,2020,2027,Amplid,,,,yes,
SENDIT_ONLY,amplid,UNW8,unw8,2013,2027,Amplid,,,,yes,
SENDIT_ONLY,amplid,Freequencer,freequencer,2022,2026,Amplid,,,,yes,
SENDIT_ONLY,amplid,Proto ASYM 160,proto asym,2026,2026,Amplid,,,non-production,no,
SENDIT_ONLY,amplid,Proto Big Kahuna Zero90,proto big kahuna zero90,2026,2026,Amplid,,,non-production,no,
SENDIT_ONLY,amplid,Proto Mood Bender Zero90,proto mood bender zero90,2026,2026,Amplid,,,non-production,no,
SENDIT_ONLY,amplid,Proto Psychonaut Zero90,proto psychonaut zero90,2026,2026,Amplid,,,non-production,no,
SENDIT_ONLY,amplid,Proto SI-CA (Singular Carbon),proto si ca singular carbon,2026,2026,Amplid,,,non-production,no,
SENDIT_ONLY,amplid,Proto Singular Twin Wide,proto singular twin,2026,2026,Amplid,,,non-production,no,
SENDIT_ONLY,amplid,Proto Singular Twin Wide Zero90,proto singular twin wide zero90,2026,2026,Amplid,,,non-production,no,
SENDIT_ONLY,amplid,Proto Singular Twin Zero90,proto singular twin zero90,2026,2026,Amplid,,,non-production,no,
SENDIT_ONLY,amplid,Proto Singular Wide,proto singular,2026,2026,Amplid,,,non-production,no,
SENDIT_ONLY,amplid,Proto SM090 (Soulmate Zero90),proto sm090 soulmate zero90,2026,2026,Amplid,,,non-production,no,
SENDIT_ONLY,amplid,Proto SU-090 (Surf Shuttle Zero90),proto su surf shuttle zero90,2026,2026,Amplid,,,non-production,no,
SENDIT_ONLY,amplid,Proto TM (Time Machine),proto tm time machine,2026,2026,Amplid,,,non-production,no,
SENDIT_ONLY,amplid,Aloha Vibes,aloha vibes,2019,2025,Amplid,,,,yes,
SENDIT_ONLY,amplid,Dada,dada,2019,2025,Amplid,,,,yes,
SENDIT_ONLY,amplid,Pentaquark,pentaquark,2018,2025,Amplid,,,,yes,
SENDIT_ONLY,amplid,The 20,the 20,2025,2025,Amplid,,,,yes,
SENDIT_ONLY,amplid,Wasabi,wasabi,2023,2025,Amplid,,,,yes,
SENDIT_ONLY,amplid,Mahalo,mahalo,2021,2023,Amplid,,,,yes,
SENDIT_ONLY,amplid,Millisurf,millisurf,2018,2023,Amplid,,,,yes,
SENDIT_ONLY,amplid,Ticket,ticket,2021,2023,Amplid,,,,yes,
SENDIT_ONLY,amplid,Ticket Twin,ticket twin,2021,2023,Amplid,,,,yes,
SENDIT_ONLY,amplid,Creamer,creamer,2013,2022,Amplid,,,,yes,
SENDIT_ONLY,amplid,Gogo,gogo,2015,2022,Amplid,,,,yes,
SENDIT_ONLY,amplid,Lovelife,lovelife,2015,2022,Amplid,,,,yes,
SENDIT_ONLY,amplid,Paradigma,paradigma,2013,2022,Amplid,,,,yes,
SENDIT_ONLY,amplid,Stereo,stereo,2015,2022,Amplid,,,,yes,
SENDIT_ONLY,amplid,Pillow Talk,pillow talk,2015,2018,Amplid,,,,yes,
SENDIT_ONLY,amplid,Hifi,hifi,2016,2016,Amplid,,,,yes,
SENDIT_ONLY,amplid,Morning Split,morning,2014,2016,Amplid,,,,yes,
SENDIT_ONLY,amplid,Pocketknife,pocketknife,2014,2016,Amplid,,,,yes,
SENDIT_ONLY,amplid,HiDef,hidef,2013,2015,Amplid,,,,yes,
SENDIT_ONLY,amplid,Lab Carbon Split,lab carbon,2015,2015,Amplid,,,,yes,
SENDIT_ONLY,amplid,Dopamine,dopamine,2013,2014,Amplid,,,,yes,
SENDIT_ONLY,amplid,Libertine,libertine,2013,2014,Amplid,,,,yes,
SENDIT_ONLY,amplid,Liquorice,liquorice,2013,2014,Amplid,,,,yes,
SENDIT_ONLY,amplid,LoBro,lobro,2013,2014,Amplid,,,,yes,
SENDIT_ONLY,amplid,AGL Board,agl board,2013,2013,Amplid,,,,yes,
SENDIT_ONLY,amplid,Deceleration,deceleration,2013,2013,Amplid,,,,yes,
SENDIT_ONLY,amplid,Slogan,slogan,2013,2013,Amplid,,,,yes,
SENDIT_ONLY,apo,Blend,blend,2018,2018,Apocalypse / A Snowboards / APO,,,,yes,
SENDIT_ONLY,apo,Contact,contact,2018,2018,Apocalypse / A Snowboards / APO,,,,yes,
SENDIT_ONLY,apo,dbz,dbz,2018,2018,Apocalypse / A Snowboards / APO,,,,yes,
SENDIT_ONLY,apo,Empire,empire,2018,2018,Apocalypse / A Snowboards / APO,,,,yes,
SENDIT_ONLY,apo,Gem,gem,2018,2018,Apocalypse / A Snowboards / APO,,,,yes,
SENDIT_ONLY,apo,Hype,hype,2018,2018,Apocalypse / A Snowboards / APO,,,,yes,
SENDIT_ONLY,apo,Iconic Eero Niemela,iconic eero niemela,2018,2018,Apocalypse / A Snowboards / APO,,,,yes,
SENDIT_ONLY,apo,Iconic Sage Kotsenburg,iconic sage kotsenburg,2018,2018,Apocalypse / A Snowboards / APO,,,,yes,
SENDIT_ONLY,apo,Iconic Spencer O'Brien,iconic spencer o brien,2018,2018,Apocalypse / A Snowboards / APO,,,,yes,
SENDIT_ONLY,apo,Line,line,2018,2018,Apocalypse / A Snowboards / APO,,,,yes,
SENDIT_ONLY,apo,Selekta,selekta,2018,2018,Apocalypse / A Snowboards / APO,,,,yes,
SENDIT_ONLY,apo,Spray,spray,2018,2018,Apocalypse / A Snowboards / APO,,,,yes,
SENDIT_ONLY,apo,Step Up,step up,2018,2018,Apocalypse / A Snowboards / APO,,,,yes,
SENDIT_ONLY,apo,Supreme,supreme,2018,2018,Apocalypse / A Snowboards / APO,,,,yes,
SENDIT_ONLY,apo,Talent,talent,2018,2018,Apocalypse / A Snowboards / APO,,,,yes,
MATCH,arbor,A-Frame,a frame,2004,2027,Arbor,A-Frame,,,enrich,
MATCH,arbor,Astrowaste,astrowaste,2027,2027,Arbor,Astrowaste,,,enrich,
MATCH,arbor,Bryan Iguchi Pro,bryan iguchi pro,2017,2027,Arbor,Bryan Iguchi Pro,sendit earlier than ours (2027),,enrich,
MATCH,arbor,Cadence,cadence,2008,2027,Arbor,Cadence,,,enrich,
SENDIT_ONLY,arbor,Carbon Coda,carbon coda,2025,2027,Arbor,,,,yes,
MATCH,arbor,Coda,coda,2009,2027,Arbor,Coda,,,enrich,
MATCH,arbor,Danny Kass Park Pro,danny kass park pro,2026,2027,Arbor,Danny Kass Park Pro,sendit earlier than ours (2027),,enrich,
MATCH,arbor,Draft,draft,2004,2027,Arbor,Draft,,,enrich,
MATCH,arbor,El Camino,el camino,2026,2027,Arbor,El Camino,sendit earlier than ours (2027),,enrich,
MATCH,arbor,Element,element,2004,2027,Arbor,Element,,,enrich,
MATCH,arbor,Formula,formula,2004,2027,Arbor,Formula,,,enrich,
MATCH,arbor,Kuro Neko,kuro neko,2026,2027,Arbor,Kuro Neko,sendit earlier than ours (2027),,enrich,
SENDIT_ONLY,arbor,Landmark Splitboard,landmark,2023,2027,Arbor,,,,yes,
MATCH,arbor,Madre,madre,2026,2027,Arbor,Madre,sendit earlier than ours (2027),,enrich,
MATCH,arbor,Mantra,mantra,2024,2027,Arbor,Mantra,sendit earlier than ours (2027),,enrich,
MATCH,arbor,Metal Machine,metal machine,2025,2027,Arbor,Metal Machine,sendit earlier than ours (2027),,enrich,
MATCH,arbor,Padre,padre,2025,2027,Arbor,Padre,sendit earlier than ours (2027),,enrich,
MATCH,arbor,Rain,rain,2025,2027,Arbor,Rain,sendit earlier than ours (2026),,enrich,
SENDIT_ONLY,arbor,Red Gerard AM,red gerard am,2027,2027,Arbor,,,,yes,
MATCH,arbor,Rooster Fish,rooster fish,2027,2027,Arbor,Rooster Fish,,,enrich,
MATCH,arbor,Scion,scion,2027,2027,Arbor,Scion,,,enrich,
MATCH,arbor,Seedling,seedling,2027,2027,Arbor,Seedling,,,enrich,
MATCH,arbor,Sin Cara,sin cara,2027,2027,Arbor,Sin Cara,,,enrich,
MATCH,arbor,Sin Nombre,sin nombre,2016,2027,Arbor,Sin Nombre,sendit earlier than ours (2027),,enrich,
MATCH,arbor,Swoon,swoon,2012,2027,Arbor,Swoon,,,enrich,
SENDIT_ONLY,arbor,Terrapin PFD,terrapin pfd,2026,2027,Arbor,,,,yes,
MATCH,arbor,Veda,veda,2023,2027,Arbor,Veda,sendit earlier than ours (2027),,enrich,
SENDIT_ONLY,arbor,Cavet,cavet,2025,2026,Arbor,,,,yes,
SENDIT_ONLY,arbor,GPS,gps,2025,2026,Arbor,,,,yes,
MATCH,arbor,Red Gerard Pro,red gerard pro,2026,2026,Arbor,Red Gerard Pro,sendit earlier than ours (2027),,enrich,
SENDIT_ONLY,arbor,Satori,satori,2023,2026,Arbor,,,,yes,
SENDIT_ONLY,arbor,Single,single,2023,2026,Arbor,,,,yes,
SENDIT_ONLY,arbor,Verado,verado,2025,2026,Arbor,,,,yes,
SENDIT_ONLY,arbor,Votive,votive,2025,2026,Arbor,,,,yes,
SENDIT_ONLY,arbor,Carter,carter,2024,2025,Arbor,,,,yes,
MATCH,arbor,Relapse,relapse,2012,2025,Arbor,Relapse,,,enrich,
FUZZY,arbor,Terra Pin,terra pin,2024,2025,Arbor,Terrapin,"fuzzy to ""Terrapin""",,no,
SENDIT_ONLY,arbor,Terra Twin,terra twin,2024,2025,Arbor,,,,yes,
MATCH,arbor,Westmark,westmark,2007,2025,Arbor,Westmark,sendit earlier than ours (2008),,enrich,
SENDIT_ONLY,arbor,Candle Rain Camber,candle rain,2024,2024,Arbor,,,,yes,
SENDIT_ONLY,arbor,Cheater Rocker,cheater,2023,2024,Arbor,,,,yes,
SENDIT_ONLY,arbor,Crosscut Camber,crosscut,2020,2024,Arbor,,,,yes,
SENDIT_ONLY,arbor,Ethos,ethos,2017,2024,Arbor,,,,yes,
SENDIT_ONLY,arbor,Foundation,foundation,2016,2024,Arbor,,,,yes,
SENDIT_ONLY,arbor,Shiloh Camber,shiloh,2020,2024,Arbor,,,,yes,
SENDIT_ONLY,arbor,System Rental,system rental,2014,2024,Arbor,,,,yes,
MATCH,arbor,Wasteland,wasteland,2008,2024,Arbor,Wasteland,,,enrich,
SENDIT_ONLY,arbor,Annex,annex,2020,2023,Arbor,,,,yes,
SENDIT_ONLY,arbor,Clovis,clovis,2017,2023,Arbor,,,,yes,
SENDIT_ONLY,arbor,Cosa Nostra,cosa nostra,2016,2023,Arbor,,,,yes,
MATCH,arbor,Poparazzi,poparazzi,2012,2023,Arbor,Poparazzi,,,enrich,
SENDIT_ONLY,arbor,Cask,cask,2019,2020,Arbor,,,,yes,
SENDIT_ONLY,arbor,Helix,helix,2017,2020,Arbor,,,,yes,
MATCH,arbor,Terrapin,terrapin,2018,2020,Arbor,Terrapin,sendit earlier than ours (2027),,enrich,
SENDIT_ONLY,arbor,Westmark Camber Frank April Edt.,westmark camber frank april edt,2017,2020,Arbor,,,,yes,
SENDIT_ONLY,arbor,Element Black,element black,2018,2019,Arbor,,,,yes,
SENDIT_ONLY,arbor,Westmark Camber Frank April Edition,westmark camber frank april edition,2019,2019,Arbor,,,colorway,no,
SENDIT_ONLY,arbor,Whiskey,whiskey,2014,2019,Arbor,,,,yes,
SENDIT_ONLY,arbor,Zygote Twin,zygote twin,2016,2019,Arbor,,,,yes,
SENDIT_ONLY,arbor,Shreddy Krueger,shreddy krueger,2015,2017,Arbor,,,,yes,
SENDIT_ONLY,arbor,Steepwater,steepwater,2014,2017,Arbor,,,,yes,
MATCH,arbor,Abacus,abacus,2006,2016,Arbor,Abacus,sendit earlier than ours (2008),,enrich,
MATCH,arbor,Roundhouse,roundhouse,2006,2015,Arbor,Roundhouse,sendit earlier than ours (2008),,enrich,
MATCH,arbor,Blacklist,blacklist,2012,2014,Arbor,Blacklist,,,enrich,
SENDIT_ONLY,arbor,Booger,booger,2014,2014,Arbor,,,,yes,
MATCH,arbor,Del Rey,del rey,2009,2014,Arbor,Del Rey,,,enrich,
SENDIT_ONLY,arbor,Draft Visconti Edition,draft visconti edition,2014,2014,Arbor,,,colorway,no,
SENDIT_ONLY,arbor,Watchtower,watchtower,2014,2014,Arbor,,,,yes,
SENDIT_ONLY,arbor,Element CX,element cx,2011,2013,Arbor,,,,yes,
SENDIT_ONLY,arbor,Element RX,element rx,2011,2013,Arbor,,,,yes,
MATCH,arbor,Push,push,2006,2013,Arbor,Push,sendit earlier than ours (2008),,enrich,
SENDIT_ONLY,arbor,Roundhouse CX,roundhouse cx,2012,2013,Arbor,,,,yes,
SENDIT_ONLY,arbor,Roundhouse RX,roundhouse rx,2012,2013,Arbor,,,,yes,
MATCH,arbor,Eden,eden,2009,2011,Arbor,Eden,,,enrich,
MATCH,arbor,Nightrain,nightrain,2010,2011,Arbor,Nightrain,,,enrich,
MATCH,arbor,Crossbow,crossbow,2003,2009,Arbor,Crossbow,sendit earlier than ours (2004),,enrich,
MATCH,arbor,Alt,alt,2008,2008,Arbor,Alt,,,enrich,
MATCH,arbor,Mystic,mystic,2003,2008,Arbor,Mystic,,,enrich,
SENDIT_ONLY,arbor,Element Alt,element alt,2007,2007,Arbor,,,,yes,
SENDIT_ONLY,arbor,Stance,stance,2005,2007,Arbor,,,,yes,
MATCH,arbor,Heritage,heritage,1999,2003,Arbor,Heritage,sendit earlier than ours (2001),,enrich,
MATCH,arbor,Progression,progression,2001,2003,Arbor,Progression,sendit earlier than ours (2002),,enrich,
MATCH,arbor,S-Series,s,2002,2003,Arbor,S Series,sendit earlier than ours (2003),,enrich,
MATCH,arbor,Woodie,woodie,2001,2003,Arbor,Woodie,,,enrich,
SENDIT_ONLY,arbor,Mickey Muñoz Signature,mickey munoz signature,2001,2001,Arbor,,,,yes,
SENDIT_ONLY,arbor,Heritage Freeride,heritage freeride,2000,2000,Arbor,,,,yes,
SENDIT_ONLY,arbor,Mickey Muñoz Freecarve,mickey munoz freecarve,1999,2000,Arbor,,,,yes,
SENDIT_ONLY,arbor,Mickey Muñoz Freeride,mickey munoz freeride,1999,2000,Arbor,,,,yes,
SENDIT_ONLY,arbor,Woodie Freeride,woodie freeride,1999,2000,Arbor,,,,yes,
SENDIT_ONLY,arbor,Woodie Freestyle,woodie freestyle,1999,2000,Arbor,,,,yes,
SENDIT_ONLY,arbor,Woodie Freecarve,woodie freecarve,1999,1999,Arbor,,,,yes,
SENDIT_ONLY,arbor,Directionals,directionals,1998,1998,Arbor,,,,yes,
SENDIT_ONLY,arbor,Twin Tips,twin tips,1996,1998,Arbor,,,,yes,
SENDIT_ONLY,arbor,Free Ride,free ride,1997,1997,Arbor,,,,yes,
SENDIT_ONLY,arbor,Free Style,free style,1997,1997,Arbor,,,,yes,
SENDIT_ONLY,atlantis,Nera 156,nera,2026,2026,Atlantis,,,,yes,
SENDIT_ONLY,atlantis,Riksgränsen Jockey 153 LTD,riksgransen jockey,2026,2026,Atlantis,,,,yes,
SENDIT_ONLY,atlantis,Riksgränsen Rose 157 LTD,riksgransen rose,2026,2026,Atlantis,,,,yes,
SENDIT_ONLY,atlantis,Riksgränsen 149,riksgransen,2026,2026,Atlantis,,,,yes,
MATCH,bataleon,Cameleon,cameleon,2026,2027,Bataleon,Cameleon,,,enrich,
MATCH,bataleon,Disaster,disaster,2026,2027,Bataleon,Disaster,,,enrich,
SENDIT_ONLY,bataleon,Evil Teen,evil teen,2026,2027,Bataleon,,,,yes,
MATCH,bataleon,Evil Twin,evil twin,2026,2027,Bataleon,Evil Twin,,,enrich,
MATCH,bataleon,Feelbetter,feelbetter,2026,2027,Bataleon,Feelbetter,,,enrich,
FUZZY,bataleon,FunKink,funkink,2026,2027,Bataleon,Fun.Kink,"fuzzy to ""Fun.Kink""",,no,
MATCH,bataleon,Goliath,goliath,2026,2027,Bataleon,Goliath,,,enrich,
SENDIT_ONLY,bataleon,Men's Mojo,mojo,2027,2027,Bataleon,,,,yes,
MATCH,bataleon,Men's Stereo,stereo,2027,2027,Bataleon,Stereo,,,enrich,
SENDIT_ONLY,bataleon,ThunderStorm,thunderstorm,2026,2027,Bataleon,,,,yes,
SENDIT_ONLY,bataleon,Minishred,minishred,2026,2027,Bataleon,,,,yes,
MATCH,bataleon,Party Wave,party wave,2026,2027,Bataleon,Party Wave,,,enrich,
MATCH,bataleon,Placebo,placebo,2027,2027,Bataleon,Placebo,,,enrich,
MATCH,bataleon,Push Up,push up,2026,2027,Bataleon,Push Up,,,enrich,
SENDIT_ONLY,bataleon,Stereo Team,stereo team,2027,2027,Bataleon,,,,yes,
MATCH,bataleon,Surfer,surfer,2026,2027,Bataleon,Surfer,,,enrich,
SENDIT_ONLY,bataleon,Tornado x Beyond Medals,tornado x beyond medals,2026,2027,Bataleon,,,collab,no,
MATCH,bataleon,Turbo,turbo,2026,2027,Bataleon,Turbo,,,enrich,
MATCH,bataleon,Whatever,whatever,2026,2027,Bataleon,Whatever,,,enrich,
SENDIT_ONLY,bataleon,Whatever x Petrovsky&Ramone,whatever x petrovsky ramone,2027,2027,Bataleon,,,collab,no,
MATCH,bataleon,Blow,blow,2026,2026,Bataleon,Blow,,,enrich,
MATCH,bataleon,Chaser,chaser,2026,2026,Bataleon,Chaser,,,enrich,
MATCH,bataleon,Cruiser,cruiser,2026,2026,Bataleon,Cruiser,,,enrich,
MATCH,bataleon,Distortia,distortia,2026,2026,Bataleon,Distortia,,,enrich,
SENDIT_ONLY,bataleon,Evil Twin 20Y,evil twin 20y,2026,2026,Bataleon,,,,yes,
SENDIT_ONLY,bataleon,Moodboard,moodboard,2026,2026,Bataleon,,,,yes,
MATCH,bataleon,Spirit,spirit,2026,2026,Bataleon,Spirit,,,enrich,
SENDIT_ONLY,bataleon,Stuntwood Youth,stuntwood,2026,2026,Bataleon,,,,yes,
MATCH,bataleon,Wallie,wallie,2026,2026,Bataleon,Wallie,,,enrich,
SENDIT_ONLY,bataleon,Whatever Rop van Mierlo,whatever rop van mierlo,2026,2026,Bataleon,,,,yes,
SENDIT_ONLY,black-pearl,BP⇔FS Carve,bp fs carve,2021,2021,Black Pearl,,,,yes,
SENDIT_ONLY,black-pearl,BP⇔FS grip,bp fs grip,2021,2021,Black Pearl,,,,yes,
SENDIT_ONLY,black-pearl,BP⇔FS Smooth,bp fs smooth,2021,2021,Black Pearl,,,,yes,
SENDIT_ONLY,black-pearl,BP2-10,bp2 10,2021,2021,Black Pearl,,,,yes,
SENDIT_ONLY,black-pearl,BP3-06 medius,bp3 06 medius,2021,2021,Black Pearl,,,,yes,
SENDIT_ONLY,black-pearl,BP4-04,bp4 04,2021,2021,Black Pearl,,,,yes,
SENDIT_ONLY,black-pearl,Kid's BLACKPEARL,kid s blackpearl,2021,2021,Black Pearl,,,,yes,
SENDIT_ONLY,black-pearl,Montem,montem,2021,2021,Black Pearl,,,,yes,
SENDIT_ONLY,black-pearl,PROTO+,proto,2021,2021,Black Pearl,,,non-production,no,
SENDIT_ONLY,black-pearl,PROTO+ special edition,proto special edition,2021,2021,Black Pearl,,,non-production;colorway,no,
SENDIT_ONLY,black-pearl,spes-06,spes 06,2021,2021,Black Pearl,,,,yes,
BRAND_NEW,blackhole-snowboards,All Mountain Split,all mountain,2026,2026,,,brand not in v0.2,,no,
BRAND_NEW,blackhole-snowboards,B1,b1,2026,2026,,,brand not in v0.2,,no,
BRAND_NEW,blackhole-snowboards,B4,b4,2026,2026,,,brand not in v0.2,,no,
BRAND_NEW,blackhole-snowboards,BSome1 (wide),bsome1,2026,2026,,,brand not in v0.2,,no,
BRAND_NEW,blackhole-snowboards,Dream,dream,2026,2026,,,brand not in v0.2,,no,
BRAND_NEW,blackhole-snowboards,Elk,elk,2026,2026,,,brand not in v0.2,,no,
BRAND_NEW,blackhole-snowboards,Escape 2.0,escape 2 0,2026,2026,,,brand not in v0.2,,no,
BRAND_NEW,blackhole-snowboards,Escape Wide,escape,2026,2026,,,brand not in v0.2,,no,
BRAND_NEW,blackhole-snowboards,Freeride,freeride,2026,2026,,,brand not in v0.2,,no,
BRAND_NEW,blackhole-snowboards,Freeride 2.0,freeride 2 0,2026,2026,,,brand not in v0.2,,no,
BRAND_NEW,blackhole-snowboards,Ignition,ignition,2026,2026,,,brand not in v0.2,,no,
BRAND_NEW,blackhole-snowboards,Split,split,2026,2026,,,brand not in v0.2,,no,
BRAND_NEW,blackhole-snowboards,V Skate,v skate,2026,2026,,,brand not in v0.2,,no,
BRAND_NEW,blackhole-snowboards,WR3 Limited,wr3,2026,2026,,,brand not in v0.2,,no,
BRAND_NEW,blackhole-snowboards,V Skate 25,v skate 25,2025,2025,,,brand not in v0.2,,no,
BRAND_NEW,blackhole-snowboards,Dream 24,dream 24,2024,2024,,,brand not in v0.2,,no,
BRAND_NEW,blackhole-snowboards,Escape 24,escape 24,2024,2024,,,brand not in v0.2,,no,
BRAND_NEW,blackhole-snowboards,Escape Wide 24,escape wide 24,2024,2024,,,brand not in v0.2,,no,
BRAND_NEW,blackhole-snowboards,V Skate 24,v skate 24,2024,2024,,,brand not in v0.2,,no,
BRAND_NEW,borealis,Alpine Pro Splitboard,alpine pro,2026,2027,,,brand not in v0.2,,no,
BRAND_NEW,borealis,Artefact,artefact,2026,2027,,,brand not in v0.2,,no,
BRAND_NEW,borealis,Auriga,auriga,2026,2027,,,brand not in v0.2,,no,
BRAND_NEW,borealis,Auriga One,auriga one,2026,2027,,,brand not in v0.2,,no,
BRAND_NEW,borealis,Drakkar,drakkar,2026,2027,,,brand not in v0.2,,no,
BRAND_NEW,borealis,Koi,koi,2026,2027,,,brand not in v0.2,,no,
BRAND_NEW,borealis,Leviathan,leviathan,2026,2027,,,brand not in v0.2,,no,
BRAND_NEW,borealis,Marauder,marauder,2026,2027,,,brand not in v0.2,,no,
BRAND_NEW,borealis,Pilot Fish,pilot fish,2027,2027,,,brand not in v0.2,,no,
BRAND_NEW,borealis,Ramen Express Splitboard,ramen express,2027,2027,,,brand not in v0.2,,no,
BRAND_NEW,borealis,Reactor,reactor,2027,2027,,,brand not in v0.2,,no,
BRAND_NEW,borealis,Tundra,tundra,2026,2027,,,brand not in v0.2,,no,
BRAND_NEW,borealis,Horizon,horizon,2025,2025,,,brand not in v0.2,,no,
MATCH,burton,Blossom Camber,blossom,2026,2027,Burton,Blossom,,,enrich,
MATCH,burton,Good Company Camber,good company,2026,2027,Burton,Good Company,,,enrich,
MATCH,burton,Process Camber,process,2026,2027,Burton,Process,,,enrich,
MATCH,burton,Yeasayer Camber,yeasayer,2026,2027,Burton,Yeasayer,,,enrich,
SENDIT_ONLY,burton,30th Anniversary Ben Ferguson Custom,30th anniversary ben ferguson custom,2026,2026,Burton,,,non-production;special-edition,no,
SENDIT_ONLY,burton,30th Anniversary Chill Custom,30th anniversary chill custom,2026,2026,Burton,,,non-production;special-edition,no,
SENDIT_ONLY,burton,30th Custom Camber,30th custom,2026,2026,Burton,,,non-production,no,
SENDIT_ONLY,burton,3D Fish Directional Flat Top,3d fish directional,2026,2026,Burton,,,,yes,
SENDIT_ONLY,burton,After School Special Snowboard & Binding Package,after school special snowboard binding,2026,2026,Burton,,,package,no,
SENDIT_ONLY,burton,Burton x Looney Tunes x Snoop Dogg Camber,burton x looney tunes x snoop dogg,2026,2026,Burton,,,collab,no,
MATCH,burton,Cartographer Camber,cartographer,2026,2026,Burton,Cartographer,,,enrich,
MATCH,burton,Counterbalance Camber,counterbalance,2026,2026,Burton,Counterbalance,,,enrich,
MATCH,burton,Cultivator Flat Top,cultivator,2026,2026,Burton,Cultivator,,,enrich,
MATCH,burton,Custom,custom,1996,2026,Burton,Custom,,non-production,enrich,
MATCH,burton,Custom X Camber,custom x,2026,2026,Burton,Custom X,,non-production,enrich,
SENDIT_ONLY,burton,Family Tree 3D Channel Surfer Flat Top,family tree 3d channel surfer,2026,2026,Burton,,,,yes,
SENDIT_ONLY,burton,Family Tree Alekesam Camber,family tree alekesam,2026,2026,Burton,,,,yes,
SENDIT_ONLY,burton,Family Tree Backseat Driver Pow Surfing,family tree backseat driver pow surfing,2026,2026,Burton,,,,yes,
SENDIT_ONLY,burton,Family Tree Gril Master Camber,family tree gril master,2026,2026,Burton,,,,yes,
SENDIT_ONLY,burton,Family Tree High Fidelity Camber,family tree high fidelity,2026,2026,Burton,,,,yes,
SENDIT_ONLY,burton,Family Tree Hometown Hero Camber,family tree hometown hero,2026,2026,Burton,,,,yes,
SENDIT_ONLY,burton,Family Tree Sketch Artist Camber,family tree sketch artist,2026,2026,Burton,,,,yes,
SENDIT_ONLY,burton,Family Tree Smooth Operator Camber,family tree smooth operator,2026,2026,Burton,,,,yes,
MATCH,burton,Feelgood Camber,feelgood,2026,2026,Burton,Feelgood,,,enrich,
SENDIT_ONLY,burton,Fragment Branch Manager Camber,fragment branch manager,2026,2026,Burton,,,,yes,
SENDIT_ONLY,burton,From Burton to the World,from burton to the world,2026,2026,Burton,,,,yes,
SENDIT_ONLY,burton,Good Company Undefeated Camber,good company undefeated,2026,2026,Burton,,,,yes,
MATCH,burton,Grom Camber,grom,2026,2026,Burton,Grom,,,enrich,
MATCH,burton,Hideaway Flat Top,hideaway,2026,2026,Burton,Hideaway,,,enrich,
MATCH,burton,Instigator PurePop Camber,instigator,2026,2026,Burton,Instigator,,,enrich,
MATCH,burton,Mini Grom Flat Top,mini grom,2026,2026,Burton,Mini Grom,,,enrich,
SENDIT_ONLY,burton,Mystery Deep Thinker Camber,mystery deep thinker,2026,2026,Burton,,,,yes,
MATCH,burton,Rewind Camber,rewind,2026,2026,Burton,Rewind,,,enrich,
MATCH,burton,Riglet,riglet,2026,2026,Burton,Riglet,,,enrich,
SENDIT_ONLY,burton,Smalls Flat Top,smalls,2026,2026,Burton,,,,yes,
MATCH,burton,Throwback,throwback,2026,2026,Burton,Throwback,,special-edition,enrich,
MATCH,burton,A Deck,a deck,1996,1997,Burton,A Deck,,,enrich,
MATCH,burton,Alp,alp,1996,1997,Burton,Alp,,,enrich,
SENDIT_ONLY,burton,Balance 56,balance 56,1997,1997,Burton,,,,yes,
SENDIT_ONLY,burton,Brushie 53,brushie 53,1995,1997,Burton,,,,yes,
SENDIT_ONLY,burton,CB 40,cb 40,1997,1997,Burton,,,,yes,
MATCH,burton,Chopper,chopper,1997,1997,Burton,Chopper,,,enrich,
MATCH,burton,Contact,contact,1996,1997,Burton,Contact,,,enrich,
SENDIT_ONLY,burton,Dunn 44,dunn 44,1997,1997,Burton,,,,yes,
MATCH,burton,E Deck,e deck,1997,1997,Burton,E Deck,,,enrich,
MATCH,burton,Factory Prime,factory prime,1995,1997,Burton,Factory Prime,,,enrich,
MATCH,burton,Floater,floater,1997,1997,Burton,Floater,,,enrich,
SENDIT_ONLY,burton,Freedom 51,freedom 51,1997,1997,Burton,,,,yes,
SENDIT_ONLY,burton,Rippey 54,rippey 54,1997,1997,Burton,,,,yes,
MATCH,burton,Supermodel,supermodel,1997,1997,Burton,Supermodel,,,enrich,
MATCH,burton,T Deck,t deck,1996,1997,Burton,T Deck,,,enrich,
MATCH,burton,Twin,twin,1996,1997,Burton,Twin,,,enrich,
MATCH,burton,Amp,amp,1996,1996,Burton,Amp,,,enrich,
SENDIT_ONLY,burton,Balance 52,balance 52,1996,1996,Burton,,,,yes,
SENDIT_ONLY,burton,Big Air,big air,1996,1996,Burton,,,,yes,
SENDIT_ONLY,burton,Bryan Iguchi 55,bryan iguchi 55,1996,1996,Burton,,,,yes,
SENDIT_ONLY,burton,Dolphin 44,dolphin 44,1996,1996,Burton,,,,yes,
SENDIT_ONLY,burton,Jeff Brushie 53,jeff brushie 53,1996,1996,Burton,,,,yes,
SENDIT_ONLY,burton,Jim Rippey 54,jim rippey 54,1996,1996,Burton,,,,yes,
MATCH,burton,Micro Deck,micro deck,1996,1996,Burton,Micro Deck,,,enrich,
MATCH,burton,Twisted,twisted,1996,1996,Burton,Twisted,,,enrich,
SENDIT_ONLY,burton,Air 11,air 11,1995,1995,Burton,,,,yes,
SENDIT_ONLY,burton,Air 29,air 29,1995,1995,Burton,,,,yes,
SENDIT_ONLY,burton,Air 40,air 40,1995,1995,Burton,,,,yes,
SENDIT_ONLY,burton,Air 45,air 45,1995,1995,Burton,,,,yes,
SENDIT_ONLY,burton,Air 50,air 50,1995,1995,Burton,,,,yes,
SENDIT_ONLY,burton,Air 55,air 55,1995,1995,Burton,,,,yes,
SENDIT_ONLY,burton,Air 60,air 60,1995,1995,Burton,,,,yes,
SENDIT_ONLY,burton,Air 64,air 64,1995,1995,Burton,,,,yes,
SENDIT_ONLY,burton,Air 74,air 74,1995,1995,Burton,,,,yes,
SENDIT_ONLY,burton,Alp 5.0,alp 5 0,1995,1995,Burton,,,,yes,
SENDIT_ONLY,burton,Alp 5.7,alp 5 7,1995,1995,Burton,,,,yes,
SENDIT_ONLY,burton,Alp 6.4,alp 6 4,1995,1995,Burton,,,,yes,
SENDIT_ONLY,burton,Alp 7.0,alp 7 0,1995,1995,Burton,,,,yes,
SENDIT_ONLY,burton,Amp 4,amp 4,1995,1995,Burton,,,,yes,
SENDIT_ONLY,burton,Amp 5,amp 5,1995,1995,Burton,,,,yes,
SENDIT_ONLY,burton,Amp 6,amp 6,1995,1995,Burton,,,,yes,
SENDIT_ONLY,burton,Asym Air 54,asym air 54,1995,1995,Burton,,,,yes,
SENDIT_ONLY,burton,Asym Air 64,asym air 64,1995,1995,Burton,,,,yes,
SENDIT_ONLY,burton,Contact 49,contact 49,1995,1995,Burton,,,,yes,
SENDIT_ONLY,burton,Contact 52,contact 52,1995,1995,Burton,,,,yes,
SENDIT_ONLY,burton,Kelly 68,kelly 68,1995,1995,Burton,,,,yes,
MATCH,burton,The 152,the,1995,1995,Burton,The 152,,,enrich,
SENDIT_ONLY,burton,Twin 39,twin 39,1995,1995,Burton,,,,yes,
SENDIT_ONLY,burton,Twin 47,twin 47,1995,1995,Burton,,,,yes,
SENDIT_ONLY,burton,Twin 53,twin 53,1995,1995,Burton,,,,yes,
SENDIT_ONLY,burton,Twin 58,twin 58,1994,1995,Burton,,,,yes,
SENDIT_ONLY,burton,Air 1.1,air 1 1,1994,1994,Burton,,,,yes,
SENDIT_ONLY,burton,Air 3.1,air 3 1,1994,1994,Burton,,,,yes,
SENDIT_ONLY,burton,Air 4.1,air 4 1,1993,1994,Burton,,,,yes,
SENDIT_ONLY,burton,Air 5.1,air 5 1,1992,1994,Burton,,,,yes,
SENDIT_ONLY,burton,Air 5.5,air 5 5,1994,1994,Burton,,,,yes,
SENDIT_ONLY,burton,Air 6.1,air 6 1,1992,1994,Burton,,,,yes,
SENDIT_ONLY,burton,Air 6.6,air 6 6,1994,1994,Burton,,,,yes,
SENDIT_ONLY,burton,Air 7.8,air 7 8,1994,1994,Burton,,,,yes,
FUZZY,burton,Asym Air 5,asym air 5,1993,1994,Burton,Asym Air,"fuzzy to ""Asym Air""",,no,
FUZZY,burton,Asym Air 6,asym air 6,1993,1994,Burton,Asym Air,"fuzzy to ""Asym Air""",,no,
MATCH,burton,Brushie,brushie,1993,1994,Burton,Brushie,,,enrich,
MATCH,burton,Haakon Air,haakon air,1994,1994,Burton,Haakon Air,,,enrich,
MATCH,burton,Kelly Air,kelly air,1992,1994,Burton,Kelly Air,,,enrich,
SENDIT_ONLY,burton,M 5.0,m 5 0,1992,1994,Burton,,,,yes,
SENDIT_ONLY,burton,M 6.0,m 6 0,1992,1994,Burton,,,,yes,
SENDIT_ONLY,burton,PJ 4.9s,pj 4 9s,1992,1994,Burton,,,,yes,
SENDIT_ONLY,burton,PJ 5.3,pj 5 3,1994,1994,Burton,,,,yes,
SENDIT_ONLY,burton,PJ 6.0,pj 6 0,1994,1994,Burton,,,,yes,
SENDIT_ONLY,burton,PJ 7.0,pj 7 0,1994,1994,Burton,,,,yes,
SENDIT_ONLY,burton,Slopestyle,slopestyle,1994,1994,Burton,,,,yes,
SENDIT_ONLY,burton,Stat 5,stat 5,1994,1994,Burton,,,,yes,
SENDIT_ONLY,burton,Stat 6,stat 6,1994,1994,Burton,,,,yes,
SENDIT_ONLY,burton,Twin 64,twin 64,1994,1994,Burton,,,,yes,
SENDIT_ONLY,burton,Air 3.0,air 3 0,1993,1993,Burton,,,,yes,
MATCH,burton,Kelly Slopestyle,kelly slopestyle,1993,1993,Burton,Kelly Slopestyle,,,enrich,
SENDIT_ONLY,burton,PJ 5.6,pj 5 6,1993,1993,Burton,,,,yes,
SENDIT_ONLY,burton,PJ 6.3,pj 6 3,1993,1993,Burton,,,,yes,
SENDIT_ONLY,burton,PJ 7.3,pj 7 3,1993,1993,Burton,,,,yes,
SENDIT_ONLY,burton,Air 2.8,air 2 8,1992,1992,Burton,,,,yes,
MATCH,burton,Asym Air,asym air,1992,1992,Burton,Asym Air,,,enrich,
SENDIT_ONLY,burton,Kelly Extreme,kelly extreme,1991,1992,Burton,,,,yes,
SENDIT_ONLY,burton,Micro Kelly,micro kelly,1991,1992,Burton,,,,yes,
SENDIT_ONLY,burton,PJ 5.4,pj 5 4,1992,1992,Burton,,,,yes,
SENDIT_ONLY,burton,PJ 6.2,pj 6 2,1992,1992,Burton,,,,yes,
SENDIT_ONLY,burton,PJ 7.1,pj 7 1,1992,1992,Burton,,,,yes,
SENDIT_ONLY,burton,Air 3,air 3,1991,1991,Burton,,,,yes,
SENDIT_ONLY,burton,Air 5,air 5,1991,1991,Burton,,,,yes,
SENDIT_ONLY,burton,Air 6,air 6,1991,1991,Burton,,,,yes,
SENDIT_ONLY,burton,Burton Air,burton air,1991,1991,Burton,,,,yes,
SENDIT_ONLY,burton,Kelly,kelly,1991,1991,Burton,,,,yes,
SENDIT_ONLY,burton,M5,m5,1990,1991,Burton,,,,yes,
SENDIT_ONLY,burton,M6,m6,1990,1991,Burton,,,,yes,
SENDIT_ONLY,burton,PJ5,pj5,1991,1991,Burton,,,,yes,
SENDIT_ONLY,burton,PJ5s,pj5s,1991,1991,Burton,,,,yes,
SENDIT_ONLY,burton,PJ6,pj6,1991,1991,Burton,,,,yes,
SENDIT_ONLY,burton,PJ7,pj7,1991,1991,Burton,,,,yes,
MATCH,burton,Air,air,1988,1990,Burton,Air,,,enrich,
SENDIT_ONLY,burton,Craig Kelly Mystery Air,craig kelly mystery air,1990,1990,Burton,,,,yes,
SENDIT_ONLY,burton,Free 3,free 3,1990,1990,Burton,,,,yes,
SENDIT_ONLY,burton,Free 5,free 5,1990,1990,Burton,,,,yes,
SENDIT_ONLY,burton,Free 6,free 6,1990,1990,Burton,,,,yes,
SENDIT_ONLY,burton,Kelly Micro Air,kelly micro air,1990,1990,Burton,,,,yes,
SENDIT_ONLY,burton,M8,m8,1990,1990,Burton,,,,yes,
MATCH,burton,PJ,pj,1990,1990,Burton,PJ,sendit earlier than ours (1992),,enrich,
MATCH,burton,Cruise 135,cruise,1989,1989,Burton,Cruise,,,enrich,
MATCH,burton,Mystery Air,mystery air,1989,1989,Burton,Mystery Air,,,enrich,
FUZZY,burton,Safari Comp I,safari comp i,1989,1989,Burton,Safari Comp,"fuzzy to ""Safari Comp""",,no,
FUZZY,burton,Safari Comp II,safari comp ii,1989,1989,Burton,Safari Comp,"fuzzy to ""Safari Comp""",,no,
SENDIT_ONLY,burton,Safari Comp III,safari comp iii,1989,1989,Burton,,,,yes,
MATCH,burton,Cruzer 165,cruzer,1987,1988,Burton,Cruzer,,,enrich,
MATCH,burton,Elite 130,elite,1987,1988,Burton,Elite,,,enrich,
SENDIT_ONLY,burton,Safari 175 Free Riding Stock,safari free riding stock,1988,1988,Burton,,,,yes,
SENDIT_ONLY,burton,Safari 175 Racing Stock,safari racing stock,1988,1988,Burton,,,,yes,
SENDIT_ONLY,burton,Safari 185 Downhill Stock,safari downhill stock,1988,1988,Burton,,,,yes,
MATCH,burton,Woody,woody,1986,1988,Burton,Woody,sendit earlier than ours (1987),,enrich,
SENDIT_ONLY,burton,Express 175,express,1987,1987,Burton,,,,yes,
SENDIT_ONLY,burton,Backhill,backhill,1982,1986,Burton,,,,yes,
FUZZY,burton,Cruiser 165,cruiser,1986,1986,Burton,Cruise,"fuzzy to ""Cruise""",,no,
MATCH,burton,Performer,performer,1983,1986,Burton,Performer,,,enrich,
MATCH,burton,Performer Elite,performer elite,1985,1986,Burton,Performer Elite,,,enrich,
SENDIT_ONLY,burton,Backyard,backyard,1982,1984,Burton,,,,yes,
SENDIT_ONLY,burton,Competition Performer,competition performer,1984,1984,Burton,,,,yes,
FUZZY,burton,Powdergun,powdergun,1983,1983,Burton,Powder Gun,"fuzzy to ""Powder Gun""",,no,
FUZZY,burton,Backhill (BBI),backhill bbi,1979,1981,Burton,Backhill (BB1),"fuzzy to ""Backhill (BB1)""",,no,
MATCH,burton,Backyard (BBII),backyard bbii,1979,1981,Burton,Backyard (BBII),,,enrich,
MATCH,capita,AERONAUT,aeronaut,2026,2026,CAPiTA,Aeronaut,,,enrich,
MATCH,capita,BIRDS OF A FEATHER,birds of a feather,2026,2026,CAPiTA,Birds of a Feather,,,enrich,
SENDIT_ONLY,capita,CHILDREN OF THE GNAR,children of the gnar,2026,2026,CAPiTA,,,,yes,
SENDIT_ONLY,capita,CHILDREN OF THE POW,children of the pow,2026,2026,CAPiTA,,,,yes,
SENDIT_ONLY,capita,D.O.A.,d o a,2026,2026,CAPiTA,,,,yes,
SENDIT_ONLY,capita,D.O.A. 154 Benny Milam LTD,d o a benny milam,2026,2026,CAPiTA,,,,yes,
SENDIT_ONLY,capita,DARK HORSE,dark horse,2026,2026,CAPiTA,,,,yes,
SENDIT_ONLY,capita,Darkhorse 154 Austin Vizz LTD,darkhorse austin vizz,2026,2026,CAPiTA,,,,yes,
MATCH,capita,INDOOR SURVIVAL,indoor survival,2026,2026,CAPiTA,Indoor Survival,,,enrich,
SENDIT_ONLY,capita,JESS KIMURA MINI,jess kimura,2026,2026,CAPiTA,,,,yes,
MATCH,capita,KAZU KOKUBO PRO,kazu kokubo pro,2026,2026,CAPiTA,Kazu Kokubo Pro,,,enrich,
MATCH,capita,MEGA DEATH,mega death,2026,2026,CAPiTA,Mega Death,,,enrich,
SENDIT_ONLY,capita,MEGA MERC,mega merc,2026,2026,CAPiTA,,,,yes,
SENDIT_ONLY,capita,MEGA SPLIT,mega,2026,2026,CAPiTA,,,,yes,
MATCH,capita,MERCURY,mercury,2026,2026,CAPiTA,Mercury,,,enrich,
SENDIT_ONLY,capita,MIA BROOKES PRO,mia brookes pro,2026,2026,CAPiTA,,,,yes,
SENDIT_ONLY,capita,MICRO MINI,micro,2026,2026,CAPiTA,,,,yes,
SENDIT_ONLY,capita,Navigator 158 Miles Fallon LTD,navigator miles fallon,2026,2026,CAPiTA,,,,yes,
MATCH,capita,NAVIGATOR SPLIT,navigator,2026,2026,CAPiTA,Navigator,,,enrich,
SENDIT_ONLY,capita,NAVIGATOR WMN SPLIT,navigator wmn,2026,2026,CAPiTA,,,,yes,
MATCH,capita,OUTERSPACE LIVING,outerspace living,2026,2026,CAPiTA,Outerspace Living,,,enrich,
MATCH,capita,PARADISE,paradise,2026,2026,CAPiTA,Paradise,,,enrich,
SENDIT_ONLY,capita,PATHFINDER,pathfinder,2026,2026,CAPiTA,,,,yes,
SENDIT_ONLY,capita,SB POWDER GLIDER,sb powder glider,2026,2026,CAPiTA,,,,yes,
SENDIT_ONLY,capita,SB POWDER RACERS,sb powder racers,2026,2026,CAPiTA,,,,yes,
SENDIT_ONLY,capita,SB POWDER TWIN,sb powder twin,2026,2026,CAPiTA,,,,yes,
SENDIT_ONLY,capita,SB RESORT TWIN,sb resort twin,2026,2026,CAPiTA,,,,yes,
SENDIT_ONLY,capita,SB SLUSH SLASHERS,sb slush slashers,2026,2026,CAPiTA,,,,yes,
FUZZY,capita,SB STAIRMASTER,sb stairmaster,2026,2026,CAPiTA,Stairmaster,"fuzzy to ""Stairmaster""",,no,
SENDIT_ONLY,capita,SCOTT STEVENS MINI,scott stevens,2026,2026,CAPiTA,,,,yes,
MATCH,capita,SPACE METAL FANTASY,space metal fantasy,2026,2026,CAPiTA,Space Metal Fantasy,,,enrich,
FUZZY,capita,SUPER D.O.A.,super d o a,2026,2026,CAPiTA,Super DOA,"fuzzy to ""Super DOA""",,no,
FUZZY,capita,THE BLACK SNOWBOARD OF DEATH,the black snowboard of death,2026,2026,CAPiTA,Black Snowboard of Death,"fuzzy to ""Black Snowboard of Death""",,no,
SENDIT_ONLY,capita,THE EQUALIZER BY JESS KIMURA,the equalizer by jess kimura,2026,2026,CAPiTA,,,,yes,
SENDIT_ONLY,capita,THE MATRIARCH,the matriarch,2026,2026,CAPiTA,,,,yes,
SENDIT_ONLY,capita,THE NAVIGATOR,the navigator,2026,2026,CAPiTA,,,,yes,
SENDIT_ONLY,capita,THE NAVIGATOR WMN,the navigator wmn,2026,2026,CAPiTA,,,,yes,
MATCH,capita,ULTRAFEAR,ultrafear,2026,2026,CAPiTA,Ultrafear,,,enrich,
SENDIT_ONLY,cardiff,Bonsai Enduro Classic,bonsai enduro classic,2026,2026,Cardiff,,,,yes,
SENDIT_ONLY,cardiff,Crane Enduro,crane enduro,2025,2026,Cardiff,,,,yes,
SENDIT_ONLY,cardiff,Crane Pro Carbon Splitboard,crane pro,2026,2026,Cardiff,,,,yes,
SENDIT_ONLY,cardiff,Goat Enduro,goat enduro,2025,2026,Cardiff,,,,yes,
MATCH,cardiff,Goat Pro Carbon,goat,2026,2026,Cardiff,Goat,,,enrich,
SENDIT_ONLY,cardiff,Goat Pro Carbon Splitboard,goat pro,2026,2026,Cardiff,,,,yes,
MATCH,cardiff,Lynx,lynx,2026,2026,Cardiff,Lynx,,,enrich,
SENDIT_ONLY,cardiff,Powgoda Enduro,powgoda enduro,2026,2026,Cardiff,,,,yes,
MATCH,cardiff,Powgoda Pro Carbon,powgoda,2026,2026,Cardiff,Powgoda,,,enrich,
SENDIT_ONLY,cardiff,Powgoda Pro Carbon Splitboard,powgoda pro,2025,2026,Cardiff,,,,yes,
SENDIT_ONLY,cardiff,Swell Enduro,swell enduro,2025,2026,Cardiff,,,,yes,
SENDIT_ONLY,cardiff,The Skiff,the skiff,2026,2026,Cardiff,,,,yes,
SENDIT_ONLY,cardiff,Bonsai Enduro,bonsai enduro,2025,2025,Cardiff,,,,yes,
SENDIT_ONLY,cardiff,Trickshaw,trickshaw,2025,2025,Cardiff,,,,yes,
BRAND_NEW,chimera,Hermit 165W,hermit,2026,2026,,,brand not in v0.2,,no,
BRAND_NEW,chimera,Sceptre,sceptre,2026,2026,,,brand not in v0.2,,no,
BRAND_NEW,chimera,Sceptre Guide Series,sceptre guide,2026,2026,,,brand not in v0.2,,no,
BRAND_NEW,chimera,Shop Rat,shop rat,2026,2026,,,brand not in v0.2,,no,
BRAND_NEW,chimera,Shop Rat Guide Series,shop rat guide,2026,2026,,,brand not in v0.2,,no,
BRAND_NEW,chimera,Unicorn Chaser,unicorn chaser,2026,2026,,,brand not in v0.2,,no,
MATCH,coiler,Angrry,angrry,2026,2026,Coiler,Angrry,,,enrich,
SENDIT_ONLY,coiler,BX and BX Freeride,bx and bx freeride,2026,2026,Coiler,,,,yes,
MATCH,coiler,CONTRA,contra,2026,2026,Coiler,Contra,,,enrich,
MATCH,coiler,ExtremeCarve,extremecarve,2026,2026,Coiler,ExtremeCarve,,,enrich,
SENDIT_ONLY,coiler,Monster V2,monster v2,2026,2026,Coiler,,,,yes,
MATCH,coiler,Nirvana,nirvana,2026,2026,Coiler,Nirvana,,,enrich,
SENDIT_ONLY,coiler,Stubby V2,stubby v2,2026,2026,Coiler,,,,yes,
MATCH,coiler,VSR AM,vsr am,2026,2026,Coiler,VSR AM,,,enrich,
BRAND_NEW,dope,ALEX STATHIS SIGNATURE SERIES,alex stathis signature,2026,2026,,,brand not in v0.2,,no,
BRAND_NEW,dope,DON WHEELER SIGNATURE SERIES,don wheeler signature,2026,2026,,,brand not in v0.2,,no,
BRAND_NEW,dope,E-MAN ANDERSON SIGNATURE SERIES,e man anderson signature,2026,2026,,,brand not in v0.2,,no,
BRAND_NEW,dope,LAYNE TREETER SIGNATURE SERIES,layne treeter signature,2026,2026,,,brand not in v0.2,,no,
BRAND_NEW,dope,NO FEAR SIGNATURE SERIES,no fear signature,2026,2026,,,brand not in v0.2,,no,
SENDIT_ONLY,dinosaurs-will-die,"Duke, ""Nomad""",duke nomad,2026,2026,Dinosaurs Will Die,,,quoted-graphic,no,
SENDIT_ONLY,dinosaurs-will-die,"Kwon, ""Keenan vs. Keenan""",kwon keenan vs keenan,2026,2026,Dinosaurs Will Die,,,quoted-graphic,no,
SENDIT_ONLY,dinosaurs-will-die,maeT x Captain Jack's,maet x captain jack s,2026,2026,Dinosaurs Will Die,,,collab,no,
SENDIT_ONLY,dinosaurs-will-die,maeT x The Interior Plain Project,maet x the interior plain project,2026,2026,Dinosaurs Will Die,,,collab,no,
SENDIT_ONLY,dinosaurs-will-die,Pow Reaper x Snowboy,pow reaper x snowboy,2026,2026,Dinosaurs Will Die,,,collab,no,
SENDIT_ONLY,dinosaurs-will-die,"""BilBored"", by Estée Preda",bilbored by estee preda,2025,2025,Dinosaurs Will Die,,,quoted-graphic,no,
SENDIT_ONLY,dinosaurs-will-die,"Brat, ""Checkers""",brat checkers,2025,2025,Dinosaurs Will Die,,,quoted-graphic,no,
SENDIT_ONLY,dinosaurs-will-die,"Darrah, ""Waves""",darrah waves,2025,2025,Dinosaurs Will Die,,,quoted-graphic,no,
SENDIT_ONLY,dinosaurs-will-die,"Holce, ""Bicycle""",holce bicycle,2025,2025,Dinosaurs Will Die,,,quoted-graphic,no,
SENDIT_ONLY,dinosaurs-will-die,"Keenan's Board, ""Y2Keenan""",keenan s board y2keenan,2025,2025,Dinosaurs Will Die,,,quoted-graphic,no,
SENDIT_ONLY,dinosaurs-will-die,maeT x Modest Eyewear,maet x modest eyewear,2025,2025,Dinosaurs Will Die,,,collab,no,
SENDIT_ONLY,dinosaurs-will-die,maeTier x The Impaler,maetier x the impaler,2025,2025,Dinosaurs Will Die,,,collab,no,
SENDIT_ONLY,dinosaurs-will-die,"NeverNot, ""Fireball""",nevernot fireball,2025,2025,Dinosaurs Will Die,,,quoted-graphic,no,
SENDIT_ONLY,dinosaurs-will-die,"Perry, ""Timeline""",perry timeline,2025,2025,Dinosaurs Will Die,,,quoted-graphic,no,
SENDIT_ONLY,dinosaurs-will-die,"Pow Reaper, ""Death &""",pow reaper death,2025,2025,Dinosaurs Will Die,,,quoted-graphic,no,
SENDIT_ONLY,dinosaurs-will-die,"Rat, ""Hacker""",rat hacker,2025,2025,Dinosaurs Will Die,,,quoted-graphic,no,
SENDIT_ONLY,dinosaurs-will-die,"Wizard Stick, ""Cellar Dweller""",wizard stick cellar dweller,2025,2025,Dinosaurs Will Die,,,quoted-graphic,no,
SENDIT_ONLY,dinosaurs-will-die,"Darrah, ""Chessboard""",darrah chessboard,2024,2024,Dinosaurs Will Die,,,quoted-graphic,no,
SENDIT_ONLY,dinosaurs-will-die,"Holce, ""Sidewalk""",holce sidewalk,2024,2024,Dinosaurs Will Die,,,quoted-graphic,no,
SENDIT_ONLY,dinosaurs-will-die,"Keenan's Board, ""Battle""",keenan s board battle,2024,2024,Dinosaurs Will Die,,,quoted-graphic,no,
SENDIT_ONLY,dinosaurs-will-die,"NeverNot, ""Dumpster Fire""",nevernot dumpster fire,2024,2024,Dinosaurs Will Die,,,quoted-graphic,no,
SENDIT_ONLY,dinosaurs-will-die,"Perry, ""The Outcome""",perry the outcome,2024,2024,Dinosaurs Will Die,,,quoted-graphic,no,
SENDIT_ONLY,dinosaurs-will-die,"Pow Reaper, ""Pale Horse""",pow reaper pale horse,2024,2024,Dinosaurs Will Die,,,quoted-graphic,no,
SENDIT_ONLY,dinosaurs-will-die,"Wizard Stick, ""Middle Of Nowhere""",wizard stick middle of nowhere,2024,2024,Dinosaurs Will Die,,,quoted-graphic,no,
SENDIT_ONLY,dinosaurs-will-die,"BilBored, ""DLCjtb""",bilbored dlcjtb,2023,2023,Dinosaurs Will Die,,,quoted-graphic,no,
SENDIT_ONLY,dinosaurs-will-die,"Darrah, ""In My Mind""",darrah in my mind,2023,2023,Dinosaurs Will Die,,,quoted-graphic,no,
SENDIT_ONLY,dinosaurs-will-die,"Holce, ""Guy In The Sky""",holce guy in the sky,2023,2023,Dinosaurs Will Die,,,quoted-graphic,no,
SENDIT_ONLY,dinosaurs-will-die,"NeverNot, ""Flaming Bag""",nevernot flaming bag,2023,2023,Dinosaurs Will Die,,,quoted-graphic,no,
SENDIT_ONLY,dinosaurs-will-die,"Perry, ""G'nyus""",perry g nyus,2023,2023,Dinosaurs Will Die,,,quoted-graphic,no,
SENDIT_ONLY,dinosaurs-will-die,"Wizard Stick, ""Haunted House""",wizard stick haunted house,2023,2023,Dinosaurs Will Die,,,quoted-graphic,no,
SENDIT_ONLY,dinosaurs-will-die,"Darrah, ""House Warming Party""",darrah house warming party,2022,2022,Dinosaurs Will Die,,,quoted-graphic,no,
SENDIT_ONLY,donek,Aloha Custom,aloha custom,2026,2026,Donek,,,non-production,no,
SENDIT_ONLY,donek,Baker Custom,baker custom,2026,2026,Donek,,,non-production,no,
SENDIT_ONLY,donek,Flux Custom,flux custom,2026,2026,Donek,,,non-production,no,
SENDIT_ONLY,donek,Hazelwood Custom,hazelwood custom,2026,2026,Donek,,,non-production,no,
SENDIT_ONLY,donek,Incline Custom,incline custom,2026,2026,Donek,,,non-production,no,
SENDIT_ONLY,donek,Junior Custom,junior custom,2026,2026,Donek,,,non-production,no,
SENDIT_ONLY,donek,Knapton Twin Custom,knapton twin custom,2026,2026,Donek,,,non-production,no,
SENDIT_ONLY,donek,Kona Custom,kona custom,2026,2026,Donek,,,non-production,no,
SENDIT_ONLY,donek,MK Custom,mk custom,2026,2026,Donek,,,non-production,no,
SENDIT_ONLY,donek,Nomad Custom,nomad custom,2026,2026,Donek,,,non-production,no,
SENDIT_ONLY,donek,Park Twin Custom,park twin custom,2026,2026,Donek,,,non-production,no,
SENDIT_ONLY,donek,Phoenix Custom,phoenix custom,2026,2026,Donek,,,non-production,no,
SENDIT_ONLY,donek,Pulse Custom,pulse custom,2026,2026,Donek,,,non-production,no,
SENDIT_ONLY,donek,Raven Custom,raven custom,2026,2026,Donek,,,non-production,no,
SENDIT_ONLY,donek,Saber SBX Custom,saber sbx custom,2026,2026,Donek,,,non-production,no,
SENDIT_ONLY,donek,Saber SRT Custom,saber srt custom,2026,2026,Donek,,,non-production,no,
SENDIT_ONLY,donek,Secret Custom,secret custom,2026,2026,Donek,,,non-production,no,
SENDIT_ONLY,donek,Talon Custom,talon custom,2026,2026,Donek,,,non-production,no,
SENDIT_ONLY,donek,Tapered Twin Custom,tapered twin custom,2026,2026,Donek,,,non-production,no,
SENDIT_ONLY,donek,Transition Custom,transition custom,2026,2026,Donek,,,non-production,no,
SENDIT_ONLY,donek,Turner FC,turner fc,2026,2026,Donek,,,,yes,
SENDIT_ONLY,donek,Voyager Custom,voyager custom,2026,2026,Donek,,,non-production,no,
BRAND_NEW,drake,BATTLE,battle,2025,2025,,,brand not in v0.2,,no,
BRAND_NEW,drake,BATTLE RUSTY,battle rusty,2025,2025,,,brand not in v0.2,,no,
BRAND_NEW,drake,BILLBOARD,billboard,2025,2025,,,brand not in v0.2,,no,
BRAND_NEW,drake,CHARM,charm,2025,2025,,,brand not in v0.2,,no,
BRAND_NEW,drake,DF,df,2025,2025,,,brand not in v0.2,,no,
BRAND_NEW,drake,DF PRO,df pro,2024,2025,,,brand not in v0.2,,no,
BRAND_NEW,drake,DFL,dfl,2024,2025,,,brand not in v0.2,,no,
BRAND_NEW,drake,DFL PRO,dfl pro,2025,2025,,,brand not in v0.2,,no,
BRAND_NEW,drake,LEAGUE,league,2025,2025,,,brand not in v0.2,,no,
BRAND_NEW,drake,MISTY,misty,2024,2025,,,brand not in v0.2,,no,
BRAND_NEW,drake,SHOT,shot,2025,2025,,,brand not in v0.2,,no,
BRAND_NEW,drake,SQUAD,squad,2025,2025,,,brand not in v0.2,,no,
BRAND_NEW,drake,TAO OF DRAKE,tao of drake,2024,2025,,,brand not in v0.2,,no,
BRAND_NEW,drake,TEAM,team,2025,2025,,,brand not in v0.2,,no,
BRAND_NEW,drake,TEAM KOHEI,team kohei,2025,2025,,,brand not in v0.2,,no,
BRAND_NEW,drake,copy of LEAGUE WIDE,copy of league,2024,2024,,,brand not in v0.2,duplicate-listing,no,
BRAND_NEW,dreamscape,All Road 500,all road,2026,2026,,,brand not in v0.2,,no,
BRAND_NEW,dreamscape,Endzone 500,endzone,2026,2026,,,brand not in v0.2,,no,
BRAND_NEW,dreamscape,Kids' Endzone,kids endzone,2026,2026,,,brand not in v0.2,,no,
BRAND_NEW,dreamscape,Park & Ride 500,park ride,2026,2026,,,brand not in v0.2,,no,
BRAND_NEW,dreamscape,SNB 100,snb,2026,2026,,,brand not in v0.2,,no,
BRAND_NEW,dreamscape,Women's Splitboard 500,s,2026,2026,,,brand not in v0.2,,no,
SENDIT_ONLY,dupraz,D-Tour 5'5 X,d tour x,2026,2026,Dupraz,,,,yes,
SENDIT_ONLY,dupraz,D-Tour 6' X,d tour 6 x,2026,2026,Dupraz,,,,yes,
MATCH,dupraz,D1 5'2,d1,2026,2026,Dupraz,D1,,,enrich,
SENDIT_ONLY,dupraz,D1 5'2 N,d1 n,2026,2026,Dupraz,,,,yes,
SENDIT_ONLY,dupraz,D1 5'5 STD,d1 std,2026,2026,Dupraz,,,,yes,
SENDIT_ONLY,dupraz,D1 5'5 X,d1 x,2026,2026,Dupraz,,,,yes,
BRAND_NEW,elevated,4'10 GoldFish,goldfish,2026,2026,,,brand not in v0.2,,no,
BRAND_NEW,elevated,5'0 Shortboard,shortboard,2026,2026,,,brand not in v0.2,,no,
BRAND_NEW,elevated,5'1 Redtail Hawk,redtail hawk,2026,2026,,,brand not in v0.2,,no,
BRAND_NEW,elevated,5'10 Log,log,2026,2026,,,brand not in v0.2,,no,
BRAND_NEW,elevated,5'3 Salmon,salmon,2026,2026,,,brand not in v0.2,,no,
BRAND_NEW,elevated,4'9 Funboard,funboard,2025,2025,,,brand not in v0.2,,no,
BRAND_NEW,elevated,4'8 Minni Hawk,minni hawk,2024,2024,,,brand not in v0.2,,no,
BRAND_NEW,elevated,5'5 Egg,egg,2024,2024,,,brand not in v0.2,,no,
BRAND_NEW,elevated,4'0 Micro Driver,micro driver,2021,2021,,,brand not in v0.2,,no,
BRAND_NEW,elevated,4'6 Minni Fish,minni fish,2021,2021,,,brand not in v0.2,,no,
BRAND_NEW,elevated,5'2 Whsky Jack,whsky jack,2021,2021,,,brand not in v0.2,,no,
BRAND_NEW,elevated,5'7 MegaFish,megafish,2021,2021,,,brand not in v0.2,,no,
BRAND_NEW,elevated,4'6 Minni Driver,minni driver,2019,2019,,,brand not in v0.2,,no,
BRAND_NEW,elevated,5'4 Step-Up,step up,2019,2019,,,brand not in v0.2,,no,
SENDIT_ONLY,endeavor,Apollo W26 Snowboard,apollo w26,2026,2026,Endeavor,,,,yes,
SENDIT_ONLY,endeavor,Archetype Pro Snowboard,archetype pro,2026,2026,Endeavor,,,,yes,
SENDIT_ONLY,endeavor,B.O.D. W26 Snowboard,b o d w26,2026,2026,Endeavor,,,,yes,
SENDIT_ONLY,endeavor,Live W26 Snowboard,live w26,2026,2026,Endeavor,,,,yes,
MATCH,endeavor,Maverick Snowboard,maverick,2026,2026,Endeavor,Maverick,,,enrich,
SENDIT_ONLY,endeavor,Pioneer W26 Snowboard,pioneer w26,2026,2026,Endeavor,,,,yes,
SENDIT_ONLY,endeavor,Ranger W26 Snowboard,ranger w26,2026,2026,Endeavor,,,,yes,
SENDIT_ONLY,endeavor,Scout Pro Snowboard,scout pro,2026,2026,Endeavor,,,,yes,
SENDIT_ONLY,endeavor,Trooper Pro Snowboard,trooper pro,2026,2026,Endeavor,,,,yes,
SENDIT_ONLY,f2,Axxis GTS,axxis gts,2026,2026,F2,,,,yes,
SENDIT_ONLY,f2,Blackdeck,blackdeck,2026,2026,F2,,,,yes,
SENDIT_ONLY,f2,Bloom,bloom,2026,2026,F2,,,,yes,
MATCH,f2,Eliminator,eliminator,2026,2026,F2,Eliminator,,,enrich,
SENDIT_ONLY,f2,Eliminator Carbon,eliminator carbon,2026,2026,F2,,,,yes,
SENDIT_ONLY,f2,Eliminator Proto,eliminator proto,2026,2026,F2,,,non-production,no,
SENDIT_ONLY,f2,Eliminator WC Titanal,eliminator wc titanal,2026,2026,F2,,,,yes,
SENDIT_ONLY,f2,Freedom,freedom,2026,2026,F2,,,,yes,
SENDIT_ONLY,f2,Freedom Rookie-Girl,freedom rookie girl,2026,2026,F2,,,,yes,
SENDIT_ONLY,f2,Gipsy,gipsy,2026,2026,F2,,,,yes,
SENDIT_ONLY,f2,Rental,rental,2026,2026,F2,,,,yes,
SENDIT_ONLY,f2,Respect Split Board,respect,2026,2026,F2,,,,yes,
SENDIT_ONLY,f2,Reverse,reverse,2026,2026,F2,,,,yes,
SENDIT_ONLY,f2,Ride,ride,2026,2026,F2,,,,yes,
MATCH,f2,Silberpfeil,silberpfeil,2026,2026,F2,Silberpfeil,,,enrich,
SENDIT_ONLY,f2,Silberpfeil Carbon,silberpfeil carbon,2026,2026,F2,,,,yes,
SENDIT_ONLY,f2,Silberpfeil Carbon Vantage,silberpfeil carbon vantage,2026,2026,F2,,,,yes,
SENDIT_ONLY,f2,Silberpfeil Vantage,silberpfeil vantage,2026,2026,F2,,,,yes,
SENDIT_ONLY,f2,Speedster Equipe RS TX Carbon,speedster equipe rs tx carbon,2026,2026,F2,,,,yes,
SENDIT_ONLY,f2,Speedster Equipe SL TX Carbon,speedster equipe sl tx carbon,2026,2026,F2,,,,yes,
FUZZY,f2,Speedster GTS,speedster gts,2026,2026,F2,Speedster SL,"fuzzy to ""Speedster SL""",,no,
SENDIT_ONLY,f2,Speedster Proto RS,speedster proto rs,2026,2026,F2,,,non-production,no,
SENDIT_ONLY,f2,Speedster Proto SL,speedster proto sl,2026,2026,F2,,,non-production,no,
FUZZY,f2,Speedster WC RS,speedster wc rs,2026,2026,F2,Speedster RS,"fuzzy to ""Speedster RS""",,no,
FUZZY,f2,Speedster WC SL,speedster wc sl,2026,2026,F2,Speedster SL,"fuzzy to ""Speedster SL""",,no,
SENDIT_ONLY,f2,T-Ride Wood,t ride wood,2026,2026,F2,,,,yes,
SENDIT_ONLY,f2,TNT,tnt,2026,2026,F2,,,,yes,
SENDIT_ONLY,f2,TNT Rookie Boy,tnt rookie boy,2026,2026,F2,,,,yes,
SENDIT_ONLY,f2,Union,union,2026,2026,F2,,,,yes,
SENDIT_ONLY,f2,Union Rookie Boy,union rookie boy,2026,2026,F2,,,,yes,
SENDIT_ONLY,fanatic,ACE 25-26,ace,2026,2026,Fanatic,,,,yes,
SENDIT_ONLY,fanatic,AUTOBAHN 25-26 [NEW],autobahn new,2026,2026,Fanatic,,,,yes,
SENDIT_ONLY,fanatic,BT 25-26,bt,2026,2026,Fanatic,,,,yes,
SENDIT_ONLY,fanatic,CF-ONE 25-26,cf one,2026,2026,Fanatic,,,,yes,
SENDIT_ONLY,fanatic,E-ONE 25-26,e one,2026,2026,Fanatic,,,,yes,
SENDIT_ONLY,fanatic,EDEN 25-26,eden,2026,2026,Fanatic,,,,yes,
SENDIT_ONLY,fanatic,FTC 25-26,ftc,2026,2026,Fanatic,,,,yes,
SENDIT_ONLY,fanatic,FTC TWIN 25-26,ftc twin,2026,2026,Fanatic,,,,yes,
SENDIT_ONLY,fanatic,G-ONE 25-26,g one,2026,2026,Fanatic,,,,yes,
SENDIT_ONLY,fanatic,KAISER 25-26 [NEW],kaiser new,2026,2026,Fanatic,,,,yes,
SENDIT_ONLY,fanatic,T-DECK 25-26,t deck,2026,2026,Fanatic,,,,yes,
SENDIT_ONLY,fanatic,TRICKMASTER 25-26,trickmaster,2026,2026,Fanatic,,,,yes,
BRAND_NEW,fiveforty,Arctic,arctic,2026,2026,,,brand not in v0.2,,no,
BRAND_NEW,fiveforty,Blackdeck Premium 3.0,blackdeck premium 3 0,2026,2026,,,brand not in v0.2,,no,
BRAND_NEW,fiveforty,MR No Junior,mr no,2026,2026,,,brand not in v0.2,,no,
BRAND_NEW,fiveforty,NASCAR Junior,nascar,2026,2026,,,brand not in v0.2,,no,
BRAND_NEW,fiveforty,PXL,pxl,2026,2026,,,brand not in v0.2,,no,
BRAND_NEW,fiveforty,Storm,storm,2026,2026,,,brand not in v0.2,,no,
BRAND_NEW,fiveforty,UMA,uma,2026,2026,,,brand not in v0.2,,no,
BRAND_NEW,fiveforty,Wassup T9 ADULT,wassup t9 adult,2026,2026,,,brand not in v0.2,,no,
BRAND_NEW,fiveforty,BLACKDECK Premium 2.0,blackdeck premium 2 0,2025,2025,,,brand not in v0.2,,no,
BRAND_NEW,fiveforty,CU,cu,2023,2025,,,brand not in v0.2,,no,
BRAND_NEW,fiveforty,LTD,ltd,2024,2025,,,brand not in v0.2,,no,
BRAND_NEW,fiveforty,LTD Multicolors,ltd multicolors,2024,2025,,,brand not in v0.2,colorway,no,
BRAND_NEW,fiveforty,PIRATE Junior,pirate,2023,2025,,,brand not in v0.2,,no,
BRAND_NEW,fiveforty,T-RIDE,t ride,2025,2025,,,brand not in v0.2,,no,
BRAND_NEW,fiveforty,The Icon,the icon,2023,2025,,,brand not in v0.2,,no,
BRAND_NEW,fiveforty,TNT,tnt,2024,2025,,,brand not in v0.2,,no,
BRAND_NEW,fiveforty,Ultra,ultra,2023,2025,,,brand not in v0.2,,no,
BRAND_NEW,fiveforty,BLACKDECK Premium,blackdeck,2023,2024,,,brand not in v0.2,,no,
BRAND_NEW,fiveforty,FE,fe,2024,2024,,,brand not in v0.2,,no,
BRAND_NEW,fiveforty,Blackdeck Wood,blackdeck wood,2023,2023,,,brand not in v0.2,,no,
BRAND_NEW,fiveforty,FR,fr,2023,2023,,,brand not in v0.2,,no,
BRAND_NEW,fiveforty,Whitedeck,whitedeck,2023,2023,,,brand not in v0.2,,no,
MATCH,forum,DESTROYER,destroyer,2026,2026,Forum,Destroyer,,,enrich,
SENDIT_ONLY,forum,JP WALKER LEGEND SERIES,jp walker legend,2026,2026,Forum,,,,yes,
MATCH,forum,RECON,recon,2026,2026,Forum,Recon,,,enrich,
MATCH,forum,ROOST,roost,2026,2026,Forum,Roost,,,enrich,
MATCH,forum,YOUNGBLOOD,youngblood,2026,2026,Forum,Youngblood,,,enrich,
BRAND_NEW,furberg,THE ALL MTN,the all mtn,2026,2026,,,brand not in v0.2,,no,
BRAND_NEW,furberg,THE BIG MTN SPLIT 165 B-Grade,the big mtn split b grade,2026,2026,,,brand not in v0.2,non-production,no,
BRAND_NEW,furberg,THE FREERIDE,the freeride,2026,2026,,,brand not in v0.2,,no,
BRAND_NEW,furberg,THE POW,the pow,2026,2026,,,brand not in v0.2,,no,
BRAND_NEW,furberg,THE POW SPLIT 161 B-Grade,the pow split b grade,2026,2026,,,brand not in v0.2,non-production,no,
BRAND_NEW,furlan-snowboards,AARON SWARTZ 163 WIDE,aaron swartz,2025,2025,,,brand not in v0.2,,no,
BRAND_NEW,furlan-snowboards,AARON SWARTZ 163 X YGGL,aaron swartz x yggl,2025,2025,,,brand not in v0.2,,no,
BRAND_NEW,furlan-snowboards,AARON SWARTZ WIDE HARD FLEX,aaron swartz wide hard flex,2025,2025,,,brand not in v0.2,,no,
BRAND_NEW,furlan-snowboards,AARON SWARTZ X YGGL HARD FLEX,aaron swartz x yggl hard flex,2025,2025,,,brand not in v0.2,,no,
BRAND_NEW,furlan-snowboards,MASTER SHREDDER (AKA K. METSCH),master shredder aka k metsch,2025,2025,,,brand not in v0.2,,no,
BRAND_NEW,furlan-snowboards,MASTER SHREDDER HARD FLEX,master shredder hard flex,2025,2025,,,brand not in v0.2,,no,
BRAND_NEW,gara,Carver,carver,2025,2025,,,brand not in v0.2,,no,
BRAND_NEW,gara,Carver SQ,carver sq,2025,2025,,,brand not in v0.2,,no,
BRAND_NEW,gara,Enduro,enduro,2025,2025,,,brand not in v0.2,,no,
BRAND_NEW,gara,SK8,sk8,2025,2025,,,brand not in v0.2,,no,
BRAND_NEW,gara,Enduro H,enduro h,2023,2023,,,brand not in v0.2,,no,
BRAND_NEW,gara,Enduro X,enduro x,2023,2023,,,brand not in v0.2,,no,
BRAND_NEW,gara,Ranger H,ranger h,2023,2023,,,brand not in v0.2,,no,
BRAND_NEW,gara,Safari H,safari h,2023,2023,,,brand not in v0.2,,no,
BRAND_NEW,gara,Safari X,safari x,2023,2023,,,brand not in v0.2,,no,
SENDIT_ONLY,gentemstick,ALOHA NOKAOI,aloha nokaoi,2026,2027,Gentemstick,,,,yes,
SENDIT_ONLY,gentemstick,BABY MANTARAY 148,baby mantaray,2024,2027,Gentemstick,,,,yes,
SENDIT_ONLY,gentemstick,BABY MANTARAY 148 HARD FLEX,baby mantaray hard flex,2024,2027,Gentemstick,,,,yes,
SENDIT_ONLY,gentemstick,BABY STINGRAY 151,baby stingray,2024,2027,Gentemstick,,,,yes,
SENDIT_ONLY,gentemstick,BABY STINGRAY CHOPSTICKS,baby stingray chopsticks,2024,2027,Gentemstick,,,,yes,
MATCH,gentemstick,BARRACUDA,barracuda,2024,2027,Gentemstick,Barracuda,,,enrich,
SENDIT_ONLY,gentemstick,BARRACUDA HIGH PERFORMANCE,barracuda high performance,2024,2027,Gentemstick,,,,yes,
MATCH,gentemstick,BIG FISH,big fish,2024,2027,Gentemstick,Big Fish,,,enrich,
SENDIT_ONLY,gentemstick,BIG FISH OUTLINE CORE,big fish outline core,2024,2027,Gentemstick,,,,yes,
SENDIT_ONLY,gentemstick,DRIFTER,drifter,2024,2027,Gentemstick,,,,yes,
SENDIT_ONLY,gentemstick,FLAIR,flair,2024,2027,Gentemstick,,,,yes,
SENDIT_ONLY,gentemstick,FLAIR 146 CHOPSTICKS,flair chopsticks,2024,2027,Gentemstick,,,,yes,
MATCH,gentemstick,FLOATER,floater,2024,2027,Gentemstick,Floater,,,enrich,
SENDIT_ONLY,gentemstick,FLOATER uni,floater uni,2024,2027,Gentemstick,,,,yes,
SENDIT_ONLY,gentemstick,FLY FISK,fly fisk,2025,2027,Gentemstick,,,,yes,
SENDIT_ONLY,gentemstick,FLY FISK CHOPSTICKS,fly fisk chopsticks,2024,2027,Gentemstick,,,,yes,
SENDIT_ONLY,gentemstick,FLYING CARPET,flying carpet,2024,2027,Gentemstick,,,,yes,
SENDIT_ONLY,gentemstick,GIANT MANTARAY 159,giant mantaray,2024,2027,Gentemstick,,,,yes,
SENDIT_ONLY,gentemstick,GIANT MANTARAY CHOPSTICKS PRO,giant mantaray chopsticks pro,2024,2027,Gentemstick,,,,yes,
SENDIT_ONLY,gentemstick,GLIDER 198,glider,2027,2027,Gentemstick,,,,yes,
MATCH,gentemstick,HORNET,hornet,2024,2027,Gentemstick,Hornet,,,enrich,
MATCH,gentemstick,IMPOSSIBLE,impossible,2024,2027,Gentemstick,Impossible,,,enrich,
SENDIT_ONLY,gentemstick,INDEPENDENTSTICK,independentstick,2024,2027,Gentemstick,,,,yes,
SENDIT_ONLY,gentemstick,INDY POOLDECK,indy pooldeck,2024,2027,Gentemstick,,,,yes,
SENDIT_ONLY,gentemstick,JALKA 125,jalka,2024,2027,Gentemstick,,,,yes,
SENDIT_ONLY,gentemstick,LOHI 132,lohi,2024,2027,Gentemstick,,,,yes,
SENDIT_ONLY,gentemstick,MAGIC 38,magic 38,2024,2027,Gentemstick,,,,yes,
MATCH,gentemstick,MANTARAY 142,mantaray,2024,2027,Gentemstick,Mantaray,,,enrich,
SENDIT_ONLY,gentemstick,MERMAID,mermaid,2024,2027,Gentemstick,,,,yes,
SENDIT_ONLY,gentemstick,MID FISH,mid fish,2024,2027,Gentemstick,,,,yes,
SENDIT_ONLY,gentemstick,MID FISH OUTLINE CORE,mid fish outline core,2024,2027,Gentemstick,,,,yes,
SENDIT_ONLY,gentemstick,MOUNTAIN RACER,mountain racer,2024,2027,Gentemstick,,,,yes,
SENDIT_ONLY,gentemstick,POWDERSTICK DIAMOND TAIL,powderstick diamond tail,2026,2027,Gentemstick,,,,yes,
SENDIT_ONLY,gentemstick,POWDERSTICK FISH,powderstick fish,2026,2027,Gentemstick,,,,yes,
MATCH,gentemstick,ROCKET FISH,rocket fish,2024,2027,Gentemstick,Rocket Fish,,,enrich,
SENDIT_ONLY,gentemstick,ROCKET FISH HIGH PERFORMANCE,rocket fish high performance,2024,2027,Gentemstick,,,,yes,
SENDIT_ONLY,gentemstick,ROCKET FISH HIGH PERFORMANCE SOFT FLEX,rocket fish high performance soft flex,2024,2027,Gentemstick,,,,yes,
SENDIT_ONLY,gentemstick,ROCKET FISH OUTLINE CORE,rocket fish outline core,2024,2027,Gentemstick,,,,yes,
SENDIT_ONLY,gentemstick,SLASHER Ⅱ,slasher ii,2024,2027,Gentemstick,,,,yes,
MATCH,gentemstick,SPEEDMASTER,speedmaster,2024,2027,Gentemstick,Speedmaster,,,enrich,
MATCH,gentemstick,SPOON FISH 141,spoon fish,2024,2027,Gentemstick,Spoon Fish,,,enrich,
MATCH,gentemstick,STINGRAY 155,stingray,2024,2027,Gentemstick,Stingray,,,enrich,
SENDIT_ONLY,gentemstick,STINGRAY CHOPSTICKS,stingray chopsticks,2024,2027,Gentemstick,,,,yes,
MATCH,gentemstick,SUPER FISH,super fish,2024,2027,Gentemstick,Super Fish,,,enrich,
SENDIT_ONLY,gentemstick,SUPER FISH CLOUD LINER,super fish cloud liner,2024,2027,Gentemstick,,,,yes,
SENDIT_ONLY,gentemstick,SUPER FISH OUTLINE CORE,super fish outline core,2024,2027,Gentemstick,,,,yes,
MATCH,gentemstick,T.T 158,t t,2024,2027,Gentemstick,T.T,,,enrich,
SENDIT_ONLY,gentemstick,T.T 165 CLASSIC,t t classic,2024,2027,Gentemstick,,,,yes,
SENDIT_ONLY,gentemstick,T.T 165 CLASSIC SOFT FLEX,t t classic soft flex,2026,2027,Gentemstick,,,,yes,
MATCH,gentemstick,THE CHASER,the chaser,2024,2027,Gentemstick,The Chaser,,,enrich,
SENDIT_ONLY,gentemstick,THE CHASER HIGH PERFORMANCE,the chaser high performance,2024,2027,Gentemstick,,,,yes,
SENDIT_ONLY,gentemstick,THE CHASER HIGH PERFORMANCE CHOPSTICKS,the chaser high performance chopsticks,2025,2027,Gentemstick,,,,yes,
SENDIT_ONLY,gentemstick,TITTI 118,titti,2024,2027,Gentemstick,,,,yes,
MATCH,gentemstick,TRINITY,trinity,2025,2027,Gentemstick,Trinity,,,enrich,
SENDIT_ONLY,gentemstick,XY 153,xy,2024,2027,Gentemstick,,,,yes,
SENDIT_ONLY,gentemstick,XYZ CHOPSTICKS,xyz chopsticks,2024,2027,Gentemstick,,,,yes,
MATCH,gentemstick,ZEPHYR,zephyr,2024,2027,Gentemstick,Zephyr,,,enrich,
SENDIT_ONLY,gentemstick,POWDERSTICK,powderstick,2024,2025,Gentemstick,,,,yes,
SENDIT_ONLY,gentemstick,T.T 165 CLASSIC WOMEN'S FLEX,t t classic women s flex,2024,2025,Gentemstick,,,,yes,
SENDIT_ONLY,gentemstick,FLY FISK 164 Mads Jonsson Pro Model,fly fisk mads jonsson pro model,2024,2024,Gentemstick,,,,yes,
SENDIT_ONLY,gentemstick,THE CHASER HP 155 CHOPSTICKS,the chaser hp chopsticks,2024,2024,Gentemstick,,,,yes,
SENDIT_ONLY,gentemstick,TRINITY 156 Tomomi “Sheesa” Kuwahara Pro Model,trinity tomomi sheesa kuwahara pro model,2024,2024,Gentemstick,,,quoted-graphic,no,
SENDIT_ONLY,gentemstick,XY 157 Alex Yoder Pro Model,xy alex yoder pro model,2024,2024,Gentemstick,,,,yes,
BRAND_NEW,gilson,Luna Solar,luna solar,2027,2027,,,brand not in v0.2,,no,
BRAND_NEW,gilson,2026 Custom Snowboard,custom,2026,2026,,,brand not in v0.2,non-production;year-prefixed,no,
BRAND_NEW,gilson,Bounty Hunter,bounty hunter,2026,2026,,,brand not in v0.2,,no,
BRAND_NEW,gilson,Bruce,bruce,2026,2026,,,brand not in v0.2,,no,
BRAND_NEW,gilson,Chill N Thrill,chill n thrill,2026,2026,,,brand not in v0.2,,no,
BRAND_NEW,gilson,Domain - Colorado,domain colorado,2026,2026,,,brand not in v0.2,colorway,no,
BRAND_NEW,gilson,Domain - Montana,domain montana,2026,2026,,,brand not in v0.2,,no,
BRAND_NEW,gilson,Domain - Revelstoke,domain revelstoke,2026,2026,,,brand not in v0.2,,no,
BRAND_NEW,gilson,Duel,duel,2025,2026,,,brand not in v0.2,,no,
BRAND_NEW,gilson,Eat or Be Eaten,eat or be eaten,2026,2026,,,brand not in v0.2,,no,
BRAND_NEW,gilson,Homebrew,homebrew,2026,2026,,,brand not in v0.2,,no,
BRAND_NEW,gilson,Lucid Dream,lucid dream,2026,2026,,,brand not in v0.2,,no,
BRAND_NEW,gilson,Orochi,orochi,2026,2026,,,brand not in v0.2,,no,
BRAND_NEW,gilson,Outdoor State of Mind,outdoor state of mind,2026,2026,,,brand not in v0.2,,no,
BRAND_NEW,gilson,Street Hearts,street hearts,2026,2026,,,brand not in v0.2,,no,
BRAND_NEW,gilson,Thicc Boi,thicc boi,2026,2026,,,brand not in v0.2,,no,
BRAND_NEW,gilson,Undead,undead,2025,2026,,,brand not in v0.2,,no,
BRAND_NEW,gilson,30 Point Buck,30 point buck,2025,2025,,,brand not in v0.2,,no,
BRAND_NEW,gilson,Alpha,alpha,2025,2025,,,brand not in v0.2,,no,
BRAND_NEW,gilson,Alpine Roamer,alpine roamer,2025,2025,,,brand not in v0.2,,no,
BRAND_NEW,gilson,Battle Royale,battle royale,2025,2025,,,brand not in v0.2,,no,
BRAND_NEW,gilson,Bear Claw,bear claw,2025,2025,,,brand not in v0.2,,no,
BRAND_NEW,gilson,Best Buds,best buds,2025,2025,,,brand not in v0.2,,no,
BRAND_NEW,gilson,Bounty Hunter Ronin,bounty hunter ronin,2025,2025,,,brand not in v0.2,,no,
BRAND_NEW,gilson,Catch & Release,catch release,2025,2025,,,brand not in v0.2,,no,
BRAND_NEW,gilson,Charlie Brown (1 of 75),charlie brown 1 of 75,2025,2025,,,brand not in v0.2,limited-run,no,
BRAND_NEW,gilson,Come Together,come together,2025,2025,,,brand not in v0.2,,no,
BRAND_NEW,gilson,Deep Sea,deep sea,2025,2025,,,brand not in v0.2,,no,
BRAND_NEW,gilson,Duel - 2016 Throwback,duel throwback,2025,2025,,,brand not in v0.2,special-edition,no,
BRAND_NEW,gilson,Eudora (1 of 75),eudora 1 of 75,2025,2025,,,brand not in v0.2,limited-run,no,
BRAND_NEW,gilson,Evergreen All Mountain Snowboard,evergreen all mountain,2025,2025,,,brand not in v0.2,,no,
BRAND_NEW,gilson,Explorer,explorer,2025,2025,,,brand not in v0.2,,no,
BRAND_NEW,gilson,Fly,fly,2025,2025,,,brand not in v0.2,,no,
BRAND_NEW,gilson,Go Bear - HAPPY HOUR Series,go bear happy hour,2025,2025,,,brand not in v0.2,,no,
BRAND_NEW,gilson,Goin Down,goin down,2025,2025,,,brand not in v0.2,,no,
BRAND_NEW,gilson,Gothic,gothic,2025,2025,,,brand not in v0.2,,no,
BRAND_NEW,gilson,Hippy Stick,hippy stick,2025,2025,,,brand not in v0.2,,no,
BRAND_NEW,gilson,Homebrew (Blue),homebrew blue,2025,2025,,,brand not in v0.2,,no,
BRAND_NEW,gilson,Homebrew (Green) - CLEARANCE,homebrew green clearance,2025,2025,,,brand not in v0.2,non-production,no,
BRAND_NEW,gilson,Kichizi,kichizi,2025,2025,,,brand not in v0.2,,no,
BRAND_NEW,gilson,Live Free or Loon,live free or loon,2025,2025,,,brand not in v0.2,,no,
BRAND_NEW,gilson,Lucy (1 of 75),lucy 1 of 75,2025,2025,,,brand not in v0.2,limited-run,no,
BRAND_NEW,gilson,Medusa,medusa,2025,2025,,,brand not in v0.2,,no,
BRAND_NEW,gilson,Moonwalker - HAPPY HOUR Series,moonwalker happy hour,2025,2025,,,brand not in v0.2,,no,
BRAND_NEW,gilson,Mountain Maverick,mountain maverick,2025,2025,,,brand not in v0.2,,no,
BRAND_NEW,gilson,Mountainscape,mountainscape,2025,2025,,,brand not in v0.2,,no,
BRAND_NEW,gilson,Mourn Tree,mourn tree,2025,2025,,,brand not in v0.2,,no,
BRAND_NEW,gilson,Musashi,musashi,2025,2025,,,brand not in v0.2,,no,
BRAND_NEW,gilson,OpenMinded,openminded,2025,2025,,,brand not in v0.2,,no,
BRAND_NEW,gilson,Philly Special - Green,philly special green,2025,2025,,,brand not in v0.2,,no,
BRAND_NEW,gilson,Philly Special - Red,philly special red,2025,2025,,,brand not in v0.2,,no,
BRAND_NEW,gilson,Pigeons,pigeons,2025,2025,,,brand not in v0.2,,no,
BRAND_NEW,gilson,Pinegrenade - HAPPY HOUR Series,pinegrenade happy hour,2025,2025,,,brand not in v0.2,,no,
BRAND_NEW,gilson,Quaker Blue,quaker blue,2025,2025,,,brand not in v0.2,,no,
BRAND_NEW,gilson,Raise Hell,raise hell,2025,2025,,,brand not in v0.2,,no,
BRAND_NEW,gilson,Redline 3.0,redline 3 0,2025,2025,,,brand not in v0.2,,no,
BRAND_NEW,gilson,Reptilian Brain,reptilian brain,2025,2025,,,brand not in v0.2,,no,
BRAND_NEW,gilson,Roswell,roswell,2025,2025,,,brand not in v0.2,,no,
BRAND_NEW,gilson,Sesame Street Monster Anatomy - Cookie Monster,sesame street monster anatomy cookie monster,2025,2025,,,brand not in v0.2,,no,
BRAND_NEW,gilson,Sesame Street Monster Anatomy - Oscar,sesame street monster anatomy oscar,2025,2025,,,brand not in v0.2,,no,
BRAND_NEW,gilson,Sesame Street Retro - BFF,sesame street retro bff,2025,2025,,,brand not in v0.2,,no,
BRAND_NEW,gilson,Sesame Street Retro - The Grouch,sesame street retro the grouch,2025,2025,,,brand not in v0.2,,no,
BRAND_NEW,gilson,Sesame Street Retro - The Monster,sesame street retro the monster,2025,2025,,,brand not in v0.2,,no,
BRAND_NEW,gilson,Sesame Street Squad Goals - Bert & Ernie,sesame street squad goals bert ernie,2025,2025,,,brand not in v0.2,,no,
BRAND_NEW,gilson,Sesame Street Squad Goals - Big Bird,sesame street squad goals big bird,2025,2025,,,brand not in v0.2,,no,
BRAND_NEW,gilson,Sesame Street Squad Goals - Cookie Monster,sesame street squad goals cookie monster,2025,2025,,,brand not in v0.2,,no,
BRAND_NEW,gilson,Sesame Street Squad Goals - Oscar,sesame street squad goals oscar,2025,2025,,,brand not in v0.2,,no,
BRAND_NEW,gilson,Sesame Street Squad Goals - Squad,sesame street squad goals squad,2025,2025,,,brand not in v0.2,,no,
BRAND_NEW,gilson,Shred Happy,shred happy,2025,2025,,,brand not in v0.2,,no,
BRAND_NEW,gilson,Sky High (Green),sky high green,2025,2025,,,brand not in v0.2,,no,
BRAND_NEW,gilson,Sky High (Sunburst),sky high sunburst,2025,2025,,,brand not in v0.2,,no,
BRAND_NEW,gilson,Skyward,skyward,2025,2025,,,brand not in v0.2,,no,
BRAND_NEW,gilson,Snake Oil,snake oil,2025,2025,,,brand not in v0.2,,no,
BRAND_NEW,gilson,Snoopy (1 of 75),snoopy 1 of 75,2025,2025,,,brand not in v0.2,limited-run,no,
BRAND_NEW,gilson,Space Dust,space dust,2025,2025,,,brand not in v0.2,,no,
BRAND_NEW,gilson,Stand Your Ground,stand your ground,2025,2025,,,brand not in v0.2,,no,
BRAND_NEW,gilson,Superdawg,superdawg,2025,2025,,,brand not in v0.2,,no,
BRAND_NEW,gilson,The Buck Naked,the buck naked,2025,2025,,,brand not in v0.2,,no,
BRAND_NEW,gilson,The Ganjola,the ganjola,2025,2025,,,brand not in v0.2,,no,
BRAND_NEW,gilson,The Snowball,the snowball,2025,2025,,,brand not in v0.2,,no,
BRAND_NEW,gilson,Trail Buddy,trail buddy,2025,2025,,,brand not in v0.2,,no,
BRAND_NEW,gilson,Trippy,trippy,2025,2025,,,brand not in v0.2,,no,
BRAND_NEW,gilson,Undead Quaker,undead quaker,2025,2025,,,brand not in v0.2,,no,
BRAND_NEW,gilson,Venturer,venturer,2025,2025,,,brand not in v0.2,,no,
BRAND_NEW,gilson,Veritas All Mountain Snowboard,veritas all mountain,2025,2025,,,brand not in v0.2,,no,
BRAND_NEW,gilson,Vortex Bloom,vortex bloom,2025,2025,,,brand not in v0.2,,no,
BRAND_NEW,gilson,Voyager,voyager,2025,2025,,,brand not in v0.2,,no,
BRAND_NEW,gilson,Wolf Homebrew,wolf homebrew,2025,2025,,,brand not in v0.2,,no,
BRAND_NEW,gilson,Woodstock (1 of 75),woodstock 1 of 75,2025,2025,,,brand not in v0.2,limited-run,no,
BRAND_NEW,gilson,Zingermans x GILSON,zingermans x gilson,2025,2025,,,brand not in v0.2,collab,no,
SENDIT_ONLY,glissade-snowboards,Brosif,brosif,2011,2011,Glissade,,,,yes,
SENDIT_ONLY,glissade-snowboards,Griffin,griffin,2011,2011,Glissade,,,,yes,
SENDIT_ONLY,glissade-snowboards,Kenron,kenron,2011,2011,Glissade,,,,yes,
SENDIT_ONLY,glissade-snowboards,Shortbus,shortbus,2011,2011,Glissade,,,,yes,
SENDIT_ONLY,glissade-snowboards,Shortbus LE,shortbus le,2011,2011,Glissade,,,,yes,
SENDIT_ONLY,glissade-snowboards,Siren Collection,siren collection,2011,2011,Glissade,,,,yes,
SENDIT_ONLY,glissade-snowboards,Big Gun,big gun,2007,2007,Glissade,,,,yes,
SENDIT_ONLY,glissade-snowboards,Capsule,capsule,2007,2007,Glissade,,,,yes,
SENDIT_ONLY,glissade-snowboards,Tactic,tactic,2007,2007,Glissade,,,,yes,
MATCH,gnu,Gremlin,gremlin,2027,2027,GNU,Gremlin,,,enrich,
SENDIT_ONLY,gnu,SNARF Machine,snarf machine,2027,2027,GNU,,,,yes,
MATCH,gnu,T.R.E.,t r e,2027,2027,GNU,T.R.E.,,,enrich,
MATCH,gnu,Turbo Gremlin,turbo gremlin,2027,2027,GNU,Turbo Gremlin,,,enrich,
SENDIT_ONLY,gnu,2526 Recess - 80,2526 recess 80,2026,2026,GNU,,,year-prefixed,no,
MATCH,gnu,4x4,4x4,2026,2026,GNU,4x4,,,enrich,
MATCH,gnu,Antigravity,antigravity,2026,2026,GNU,Antigravity,,,enrich,
MATCH,gnu,Banked Country,banked country,2026,2026,GNU,Banked Country,,,enrich,
MATCH,gnu,Barrett,barrett,2026,2026,GNU,Barrett,sendit earlier than ours (2027),,enrich,
MATCH,gnu,C Money,c money,2026,2026,GNU,C-Money,,,enrich,
MATCH,gnu,Facts,facts,2026,2026,GNU,Facts,,,enrich,
MATCH,gnu,Fiction,fiction,2026,2026,GNU,Fiction,sendit earlier than ours (2027),,enrich,
SENDIT_ONLY,gnu,Finest,finest,2026,2026,GNU,,,,yes,
SENDIT_ONLY,gnu,Free Spirit,free spirit,2026,2026,GNU,,,,yes,
SENDIT_ONLY,gnu,Frosting,frosting,2026,2026,GNU,,,,yes,
MATCH,gnu,Gloss,gloss,2026,2026,GNU,Gloss,,,enrich,
MATCH,gnu,Head Space,head space,2026,2026,GNU,Head Space,,,enrich,
MATCH,gnu,Ladies Choice,ladies choice,2026,2026,GNU,Ladies Choice,,,enrich,
MATCH,gnu,Money,money,2026,2026,GNU,Money,,,enrich,
SENDIT_ONLY,gnu,Money S,money s,2026,2026,GNU,,,,yes,
MATCH,gnu,Recess Package,recess,2026,2026,GNU,Recess,sendit earlier than ours (2027),package,enrich,
MATCH,gnu,Riders Choice,riders choice,2026,2026,GNU,Riders Choice,,,enrich,
SENDIT_ONLY,gnu,Something Gnu,something gnu,2026,2026,GNU,,,,yes,
MATCH,gnu,Upgrade,upgrade,2026,2026,GNU,Upgrade,sendit earlier than ours (2027),,enrich,
MATCH,gnu,Velvet,velvet,2026,2026,GNU,Velvet,,,enrich,
MATCH,gnu,Wagyu,wagyu,2026,2026,GNU,Wagyu,,,enrich,
BRAND_NEW,goodboards,15,15,2026,2026,,,brand not in v0.2,,no,
BRAND_NEW,goodboards,Deep,deep,2026,2026,,,brand not in v0.2,,no,
BRAND_NEW,goodboards,Flash,flash,2026,2026,,,brand not in v0.2,,no,
BRAND_NEW,goodboards,Julia,julia,2026,2026,,,brand not in v0.2,,no,
BRAND_NEW,goodboards,Legends,legends,2026,2026,,,brand not in v0.2,,no,
BRAND_NEW,goodboards,Pepi,pepi,2026,2026,,,brand not in v0.2,,no,
BRAND_NEW,goodboards,PRIMA,prima,2026,2026,,,brand not in v0.2,,no,
BRAND_NEW,goodboards,Reload,reload,2026,2026,,,brand not in v0.2,,no,
BRAND_NEW,goodboards,STORYBOARD Split,storyboard,2026,2026,,,brand not in v0.2,,no,
BRAND_NEW,goodboards,Surf Long,surf long,2026,2026,,,brand not in v0.2,,no,
BRAND_NEW,goodboards,Wooden,wooden,2026,2026,,,brand not in v0.2,,no,
SENDIT_ONLY,gray,CUB-X [GEO],cub x geo,2027,2027,Gray,,,,yes,
SENDIT_ONLY,gray,CUB-X [HILL],cub x hill,2027,2027,Gray,,,,yes,
SENDIT_ONLY,gray,"DESPE WOOD 32, 38, 43",despe wood 32 38 43,2027,2027,Gray,,,,yes,
SENDIT_ONLY,gray,"DESPE WOOD 48, 53n, 54, 58, 59w, 62, 63w",despe wood 48 53n 54 58 59w 62 63w,2027,2027,Gray,,,,yes,
SENDIT_ONLY,gray,DSPRD micro/mini,dsprd micro,2027,2027,Gray,,,,yes,
SENDIT_ONLY,gray,DSPRD Ti [iz],dsprd ti iz,2027,2027,Gray,,,,yes,
SENDIT_ONLY,gray,DSPRD Ti Type-R,dsprd ti type r,2027,2027,Gray,,,,yes,
SENDIT_ONLY,gray,DSPRD Ti type-X ver.P,dsprd ti type x ver p,2027,2027,Gray,,,,yes,
SENDIT_ONLY,gray,DSPRD Ti type-X ver.S,dsprd ti type x ver s,2027,2027,Gray,,,,yes,
SENDIT_ONLY,gray,EPIC ​,epic,2027,2027,Gray,,,,yes,
SENDIT_ONLY,gray,FORCE,force,2027,2027,Gray,,,,yes,
SENDIT_ONLY,gray,GENIUS ​,genius,2027,2027,Gray,,,,yes,
SENDIT_ONLY,gray,GENIUS [HV] Genius Hybrid,genius hv genius hybrid,2027,2027,Gray,,,,yes,
SENDIT_ONLY,gray,LOVEBUZZ 48,lovebuzz 48,2027,2027,Gray,,,,yes,
SENDIT_ONLY,gray,LOVEBUZZ 52,lovebuzz 52,2027,2027,Gray,,,,yes,
SENDIT_ONLY,gray,LOVEBUZZ 57 [Camber],lovebuzz 57,2027,2027,Gray,,,,yes,
SENDIT_ONLY,gray,LOVEBUZZ 58,lovebuzz 58,2027,2027,Gray,,,,yes,
SENDIT_ONLY,gray,LOVEBUZZ 62,lovebuzz 62,2027,2027,Gray,,,,yes,
SENDIT_ONLY,gray,PRODIGY ​,prodigy,2027,2027,Gray,,,,yes,
SENDIT_ONLY,gray,QUADRA,quadra,2027,2027,Gray,,,,yes,
SENDIT_ONLY,gray,QUADRA II,quadra ii,2027,2027,Gray,,,,yes,
SENDIT_ONLY,gray,SHRED [HV] Shred Hybrid,shred hv shred hybrid,2027,2027,Gray,,,,yes,
SENDIT_ONLY,gray,"SONICALMACH 46, 51, 54, 55w",sonicalmach 46 51 54 55w,2027,2027,Gray,,,,yes,
SENDIT_ONLY,gray,"SONICALMACH 54ver.C, 55w ver.C, 58, 60w, 63w",sonicalmach 54ver c 55w ver c 58 60w 63w,2027,2027,Gray,,,,yes,
SENDIT_ONLY,gray,SONICALMACH LT,sonicalmach lt,2027,2027,Gray,,,,yes,
SENDIT_ONLY,gray,SONICALMACH LT ver.C,sonicalmach lt ver c,2027,2027,Gray,,,,yes,
SENDIT_ONLY,gray,TRICKSTICK [iz],trickstick iz,2027,2027,Gray,,,,yes,
SENDIT_ONLY,gray,TYCOON,tycoon,2027,2027,Gray,,,,yes,
SENDIT_ONLY,gray,TYCOON TypeS [iz],tycoon types iz,2027,2027,Gray,,,,yes,
SENDIT_ONLY,head,Anything LYT Unisex Snowboard,anything lyt,2026,2026,Head,,,,yes,
SENDIT_ONLY,head,Beam Unisex Snowboard,beam,2026,2026,Head,,,,yes,
SENDIT_ONLY,head,Day LYT Unisex Snowboard,day lyt,2026,2026,Head,,,,yes,
SENDIT_ONLY,head,Daymaker LYT Unisex Snowboard,daymaker lyt,2026,2026,Head,,,,yes,
SENDIT_ONLY,head,Daymaker Unisex Snowboard,daymaker,2026,2026,Head,,,,yes,
SENDIT_ONLY,head,Defy Youth Junior's Snowboard,defy youth junior s,2026,2026,Head,,,,yes,
SENDIT_ONLY,head,E.B.I LYT Unisex Snowboard,e b i lyt,2026,2026,Head,,,,yes,
SENDIT_ONLY,head,Everything LYT Women's Snowboard,everything lyt,2026,2026,Head,,,,yes,
MATCH,head,Fountain Women's Snowboard,fountain,2026,2026,Head,Fountain,,,enrich,
SENDIT_ONLY,head,Gamechanger Unisex Snowboard,gamechanger,2026,2026,Head,,,,yes,
SENDIT_ONLY,head,Incite LYT Unisex Snowboard,incite lyt,2026,2026,Head,,,,yes,
SENDIT_ONLY,head,Pride 2.0 Women's Snowboard,pride 2 0,2026,2026,Head,,,,yes,
SENDIT_ONLY,head,Rowdy Flex Junior's Snowboard,rowdy flex junior s,2026,2026,Head,,,,yes,
SENDIT_ONLY,head,Rowdy Kid Junior's Snowboard,rowdy kid junior s,2026,2026,Head,,,,yes,
MATCH,head,Rush Unisex Snowboard,rush,2026,2026,Head,Rush,,,enrich,
SENDIT_ONLY,head,Shine LYT Women's Snowboard,shine lyt,2026,2026,Head,,,,yes,
SENDIT_ONLY,head,Solace Women's Snowboard,solace,2026,2026,Head,,,,yes,
MATCH,head,Stella Women's Snowboard,stella,2026,2026,Head,Stella,,,enrich,
MATCH,head,Transit Unisex Snowboard,transit,2026,2026,Head,Transit,,,enrich,
SENDIT_ONLY,head,True 2.0 Unisex Snowboard,true 2 0,2026,2026,Head,,,,yes,
SENDIT_ONLY,head,VOY SPLITBOARD,voy,2026,2026,Head,,,,yes,
BRAND_NEW,high-society-freeride,Coldtrail All-Mtn Snowboard 25/26,coldtrail all mtn snowboard 25 26,2026,2026,,,brand not in v0.2,,no,
BRAND_NEW,javatron-dream-machines,Javanator,javanator,2026,2026,,,brand not in v0.2,,no,
BRAND_NEW,javatron-dream-machines,Note Bender,note bender,2026,2026,,,brand not in v0.2,,no,
BRAND_NEW,javatron-dream-machines,Biscotti,biscotti,2025,2025,,,brand not in v0.2,,no,
BRAND_NEW,javatron-dream-machines,G-Land,g land,2025,2025,,,brand not in v0.2,,no,
BRAND_NEW,javatron-dream-machines,Jazz Chord,jazz chord,2025,2025,,,brand not in v0.2,,no,
BRAND_NEW,javatron-dream-machines,Joe Series,joe,2025,2025,,,brand not in v0.2,,no,
BRAND_NEW,javatron-dream-machines,Mocha Latte,mocha latte,2025,2025,,,brand not in v0.2,,no,
BRAND_NEW,javatron-dream-machines,Sumatra,sumatra,2025,2025,,,brand not in v0.2,,no,
BRAND_NEW,javatron-dream-machines,The Dolce,the dolce,2025,2025,,,brand not in v0.2,,no,
MATCH,jones,Flagship,flagship,2011,2027,Jones,Flagship,,,enrich,
SENDIT_ONLY,jones,Freecarver 6000s,freecarver 6000s,2024,2027,Jones,,,,yes,
SENDIT_ONLY,jones,Freecarver 9000s,freecarver 9000s,2024,2027,Jones,,,,yes,
SENDIT_ONLY,jones,Hovercraft 2.0,hovercraft 2 0,2024,2027,Jones,,,,yes,
SENDIT_ONLY,jones,Hovercraft 2.0 Far East Limited,hovercraft 2 0 far east,2027,2027,Jones,,,,yes,
SENDIT_ONLY,jones,Kids Happy Mountain,kids happy mountain,2026,2027,Jones,,,,yes,
SENDIT_ONLY,jones,Aviator 2.0,aviator 2 0,2022,2027,Jones,,,,yes,
MATCH,jones,Flagship Pro,flagship pro,2025,2027,Jones,Flagship Pro,,,enrich,
SENDIT_ONLY,jones,Frontier 2.0,frontier 2 0,2026,2027,Jones,,,,yes,
SENDIT_ONLY,jones,Howler,howler,2026,2027,Jones,,,,yes,
SENDIT_ONLY,jones,Mountain Twin Pro,mountain twin pro,2025,2027,Jones,,,,yes,
MATCH,jones,Men's Rally Cat,rally cat,2025,2027,Jones,Rally Cat,,,enrich,
MATCH,jones,Solution,solution,2011,2027,Jones,Solution,,,enrich,
MATCH,jones,Stratos,stratos,2021,2027,Jones,Stratos,,,enrich,
SENDIT_ONLY,jones,Men's Stratos Ltd Far East Limited,stratos ltd far east,2027,2027,Jones,,,,yes,
SENDIT_ONLY,jones,Men's Tweaker 2.0,tweaker 2 0,2027,2027,Jones,,,,yes,
SENDIT_ONLY,jones,Men's Tweaker Pro 2.0,tweaker pro 2 0,2027,2027,Jones,,,,yes,
SENDIT_ONLY,jones,Ultralight Project X,ultralight project x,2024,2027,Jones,,,,yes,
SENDIT_ONLY,jones,Ultralight Solution,ultralight solution,2024,2027,Jones,,,,yes,
SENDIT_ONLY,jones,Mind Expander 2.0,mind expander 2 0,2027,2027,Jones,,,,yes,
SENDIT_ONLY,jones,Mountain Surfer,mountain surfer,2016,2027,Jones,,,,yes,
MATCH,jones,Mountain Twin,mountain twin,2011,2027,Jones,Mountain Twin,,,enrich,
MATCH,jones,Storm Chaser,storm chaser,2016,2027,Jones,Storm Chaser,,,enrich,
SENDIT_ONLY,jones,Storm Wolf,storm wolf,2022,2027,Jones,,,,yes,
SENDIT_ONLY,jones,Twin Sister,twin sister,2013,2027,Jones,,,,yes,
SENDIT_ONLY,jones,TwinCraft,twincraft,2027,2027,Jones,,,,yes,
SENDIT_ONLY,jones,Ultralight Butterfly Split,ultralight butterfly,2024,2027,Jones,,,,yes,
SENDIT_ONLY,jones,Ultralight Hovercraft 2.0 Splitboard,ultralight hovercraft 2 0,2027,2027,Jones,,,,yes,
SENDIT_ONLY,jones,Airheart 2.0,airheart 2 0,2023,2027,Jones,,,,yes,
SENDIT_ONLY,jones,Dream Weaver 2.0,dream weaver 2 0,2026,2027,Jones,,,,yes,
SENDIT_ONLY,jones,Prodigy,prodigy,2017,2027,Jones,,,,yes,
SENDIT_ONLY,jones,Harry Kearney Signature Series Stratos,harry kearney signature series stratos,2026,2026,Jones,,,,yes,
SENDIT_ONLY,jones,Hovercraft Split 2.0,hovercraft split 2 0,2024,2026,Jones,,,,yes,
SENDIT_ONLY,jones,Junior Mountain Twin,junior mountain twin,2026,2026,Jones,,,,yes,
SENDIT_ONLY,jones,Junior Twin Sister,junior twin sister,2026,2026,Jones,,,,yes,
MATCH,jones,Tweaker,tweaker,2023,2026,Jones,Tweaker,,,enrich,
SENDIT_ONLY,jones,Ultralight Stratos Split,ultralight stratos,2024,2026,Jones,,,,yes,
MATCH,jones,Mind Expander,mind expander,2018,2026,Jones,Mind Expander,,,enrich,
MATCH,jones,Mind Expander Twin,mind expander twin,2022,2026,Jones,Mind Expander Twin,,,enrich,
SENDIT_ONLY,jones,Mini Mind Expander,mini mind expander,2019,2026,Jones,,,,yes,
SENDIT_ONLY,jones,Mountain Snowskate,mountain snowskate,2021,2026,Jones,,,,yes,
SENDIT_ONLY,jones,Ruiki Masuda Signature Series Stratos,ruiki masuda signature series stratos,2026,2026,Jones,,,,yes,
SENDIT_ONLY,jones,Tweaker Pro,tweaker pro,2025,2026,Jones,,,,yes,
SENDIT_ONLY,jones,Ultralight Hovercraft Split 2.0,ultralight hovercraft split 2 0,2024,2026,Jones,,,,yes,
SENDIT_ONLY,jones,Ultra Prodigy,ultra prodigy,2023,2026,Jones,,,,yes,
MATCH,jones,Frontier,frontier,2020,2025,Jones,Frontier,,,enrich,
SENDIT_ONLY,jones,Dream Weaver,dream weaver,2023,2025,Jones,,,,yes,
MATCH,jones,Ultra Flagship,ultra flagship,2021,2024,Jones,Ultra Flagship,,,enrich,
SENDIT_ONLY,jones,Ultra Mind Expander,ultra mind expander,2020,2024,Jones,,,,yes,
MATCH,jones,Ultra Mountain Twin,ultra mountain twin,2016,2024,Jones,Ultra Mountain Twin,,,enrich,
MATCH,jones,Hovercraft,hovercraft,2011,2023,Jones,Hovercraft,,,enrich,
SENDIT_ONLY,jones,Project X,project x,2017,2023,Jones,,,,yes,
SENDIT_ONLY,jones,Ultra Solution,ultra solution,2021,2023,Jones,,,,yes,
SENDIT_ONLY,jones,Ultra Stratos Split,ultra stratos,2023,2023,Jones,,,,yes,
MATCH,jones,Ultracraft,ultracraft,2015,2023,Jones,Ultracraft,,,enrich,
MATCH,jones,Airheart,airheart,2017,2022,Jones,Airheart,sendit earlier than ours (2018),,enrich,
SENDIT_ONLY,jones,Dream Catcher,dream catcher,2018,2022,Jones,,,,yes,
MATCH,jones,Aviator,aviator,2014,2021,Jones,Aviator,,,enrich,
SENDIT_ONLY,jones,Lone Wolf,lone wolf,2018,2021,Jones,,,,yes,
MATCH,jones,Carbon Flagship,carbon flagship,2013,2020,Jones,Carbon Flagship,,,enrich,
SENDIT_ONLY,jones,Carbon Solution,carbon solution,2013,2020,Jones,,,,yes,
SENDIT_ONLY,jones,Discovery,discovery,2015,2020,Jones,,,,yes,
MATCH,jones,Explorer,explorer,2015,2019,Jones,Explorer,sendit earlier than ours (2016),,enrich,
SENDIT_ONLY,jones,Ultra Aviator,ultra aviator,2015,2016,Jones,,,,yes,
SENDIT_ONLY,jones,Powder Surfer,powder surfer,2015,2015,Jones,,,,yes,
SENDIT_ONLY,jones,Mothership,mothership,2013,2014,Jones,,,,yes,
SENDIT_ONLY,joyride,Danny Way X Joyride Guest Model,danny way x joyride guest model,2026,2026,Joyride,,,,yes,
SENDIT_ONLY,joyride,Extreme Freestyle,extreme freestyle,2026,2026,Joyride,,,,yes,
SENDIT_ONLY,joyride,Limited Noir,limited noir,2026,2026,Joyride,,,,yes,
SENDIT_ONLY,joyride,Limited Slingshot,limited slingshot,2026,2026,Joyride,,,,yes,
SENDIT_ONLY,joyride,Pennywise X Joyride About Time 30th Anniversary,pennywise x joyride about time 30th anniversary,2026,2026,Joyride,,,special-edition,no,
SENDIT_ONLY,joyride,Statera,statera,2026,2026,Joyride,,,,yes,
SENDIT_ONLY,joyride,The Eldorado,the eldorado,2026,2026,Joyride,,,,yes,
SENDIT_ONLY,joyride,The Flower Pot,the flower pot,2026,2026,Joyride,,,,yes,
SENDIT_ONLY,joyride,"The Eldorado ""Signature"" Version",the eldorado signature version,2025,2025,Joyride,,,quoted-graphic,no,
MATCH,k2,Afterblack Men's Snowboard 2026,afterblack,2026,2026,K2,Afterblack,sendit earlier than ours (2027),,enrich,
MATCH,k2,Alchemist Men's Snowboard 2026,alchemist,2026,2026,K2,Alchemist,,,enrich,
MATCH,k2,Almanac Unisex Snowboard 2026,almanac,2026,2026,K2,Almanac,,,enrich,
MATCH,k2,Antidote Unisex Snowboard 2026,antidote,2026,2026,K2,Antidote,,,enrich,
SENDIT_ONLY,k2,Chloro Women's Snowboard 2026,chloro,2026,2026,K2,,,,yes,
MATCH,k2,Commonwealth Unisex Snowboard 2026,commonwealth,2026,2026,K2,Commonwealth,,,enrich,
SENDIT_ONLY,k2,Courier Men's Snowboard 2026,courier,2026,2026,K2,,,,yes,
MATCH,k2,Dreamsicle Women's Snowboard 2026,dreamsicle,2026,2026,K2,Dreamsicle,,,enrich,
MATCH,k2,Embassy Men's Snowboard 2026,embassy,2026,2026,K2,Embassy,,,enrich,
MATCH,k2,Excavator Unisex Snowboard 2026,excavator,2026,2026,K2,Excavator,,,enrich,
SENDIT_ONLY,k2,Extravision Women's Snowboard 2026,extravision,2026,2026,K2,,,,yes,
SENDIT_ONLY,k2,Freeloader Unisex Splitboard Package 2026,freeloader,2026,2026,K2,,,package,no,
SENDIT_ONLY,k2,Gateway Men's Snowboard 2026,gateway,2026,2026,K2,,,,yes,
MATCH,k2,Gateway Pop Men's Snowboard 2026,gateway pop,2026,2026,K2,Gateway Pop,,,enrich,
MATCH,k2,Hypnotist Men's Snowboard 2026,hypnotist,2026,2026,K2,Hypnotist,,,enrich,
SENDIT_ONLY,k2,Isolator Unisex Splitboard 2026,isolator,2026,2026,K2,,,,yes,
SENDIT_ONLY,k2,K2000 ATSB Snowboard 2026,k2000 atsb,2026,2026,K2,,,,yes,
MATCH,k2,Kandi Youth Snowboard 2026,kandi,2026,2026,K2,Kandi,,,enrich,
SENDIT_ONLY,k2,Lil Kat Youth Snowboard 2026,lil kat,2026,2026,K2,,,,yes,
SENDIT_ONLY,k2,Lil Mini Youth Snowboard 2026,lil,2026,2026,K2,,,,yes,
MATCH,k2,Manifest Unisex Snowboard 2026,manifest,2026,2026,K2,Manifest,,,enrich,
SENDIT_ONLY,k2,Marauder Unisex Splitboard Package 2026,marauder,2026,2026,K2,,,package,no,
MATCH,k2,Medium Unisex Snowboard 2026,medium,2026,2026,K2,Medium,,,enrich,
SENDIT_ONLY,k2,Metropolitan Women's Snowboard 2026,metropolitan,2026,2026,K2,,,,yes,
MATCH,k2,Passport Unisex Snowboard 2026,passport,2026,2026,K2,Passport,,,enrich,
MATCH,k2,Sky Pilot Unisex Snowboard 2026,sky pilot,2026,2026,K2,Sky Pilot,,,enrich,
SENDIT_ONLY,k2,Special Effects Unisex Snowboard 2026,special effects,2026,2026,K2,,,,yes,
SENDIT_ONLY,k2,Spellcaster Women's Snowboard 2026,spellcaster,2026,2026,K2,,,,yes,
SENDIT_ONLY,k2,Tree Splitter Unisex Snowboard 2026,tree splitter,2026,2026,K2,,,,yes,
SENDIT_ONLY,k2,Vandal Youth Snowboard 2026,vandal,2026,2026,K2,,,,yes,
SENDIT_ONLY,k2,World Peace Men's Snowboard 2026,world peace,2026,2026,K2,,,,yes,
SENDIT_ONLY,k2,X Brain Dead Passport Snowboard 2025,x brain dead passport,2025,2025,K2,,,,yes,
SENDIT_ONLY,kessler,Air-Carve,air carve,2025,2025,Kessler,,,,yes,
SENDIT_ONLY,kessler,Contour,contour,2024,2024,Kessler,,,,yes,
SENDIT_ONLY,kessler,The Alpine Worldcup,the alpine worldcup,2022,2022,Kessler,,,,yes,
SENDIT_ONLY,kessler,The Cross Light,the cross light,2021,2021,Kessler,,,,yes,
SENDIT_ONLY,kessler,X-Carve,x carve,2021,2021,Kessler,,,,yes,
SENDIT_ONLY,kessler,The Alpine,the alpine,2020,2020,Kessler,,,,yes,
SENDIT_ONLY,kessler,The Cross,the cross,2020,2020,Kessler,,,,yes,
MATCH,korua-shapes,Apollo,apollo,2026,2026,Korua Shapes,Apollo,,,enrich,
SENDIT_ONLY,korua-shapes,Bullet Train Plus,bullet train plus,2026,2026,Korua Shapes,,,,yes,
MATCH,korua-shapes,Café Racer,cafe racer,2026,2026,Korua Shapes,Café Racer,,,enrich,
SENDIT_ONLY,korua-shapes,Café Racer Plus,cafe racer plus,2026,2026,Korua Shapes,,,,yes,
MATCH,korua-shapes,Dart,dart,2026,2026,Korua Shapes,Dart,,,enrich,
SENDIT_ONLY,korua-shapes,Dart Plus,dart plus,2026,2026,Korua Shapes,,,,yes,
SENDIT_ONLY,korua-shapes,Elevator Split,elevator,2026,2026,Korua Shapes,,,,yes,
MATCH,korua-shapes,Nose Rider,nose rider,2026,2026,Korua Shapes,Nose Rider,,,enrich,
MATCH,korua-shapes,Otto,otto,2026,2026,Korua Shapes,Otto,,,enrich,
SENDIT_ONLY,korua-shapes,Otto Plus,otto plus,2026,2026,Korua Shapes,,,,yes,
MATCH,korua-shapes,Pencil,pencil,2026,2026,Korua Shapes,Pencil,,,enrich,
SENDIT_ONLY,korua-shapes,Pencil Plus,pencil plus,2026,2026,Korua Shapes,,,,yes,
MATCH,korua-shapes,Pin Tonic,pin tonic,2026,2026,Korua Shapes,Pin Tonic,,,enrich,
MATCH,korua-shapes,Pocket Rocket,pocket rocket,2026,2026,Korua Shapes,Pocket Rocket,,,enrich,
SENDIT_ONLY,korua-shapes,Quill Split,quill,2026,2026,Korua Shapes,,,,yes,
MATCH,korua-shapes,Transition Finder,transition finder,2026,2026,Korua Shapes,Transition Finder,,,enrich,
SENDIT_ONLY,korua-shapes,Transition Finder Plus,transition finder plus,2026,2026,Korua Shapes,,,,yes,
SENDIT_ONLY,korua-shapes,Überegg,uberegg,2026,2026,Korua Shapes,,,,yes,
SENDIT_ONLY,lib-tech,Doughboy 185 - 2627,doughboy 2627,2027,2027,Lib Tech,,,,yes,
SENDIT_ONLY,lib-tech,Golden Orca - 2627,golden orca 2627,2027,2027,Lib Tech,,,,yes,
SENDIT_ONLY,lib-tech,Mayhem LibZilla,mayhem libzilla,2027,2027,Lib Tech,,,,yes,
SENDIT_ONLY,lib-tech,Orca II Techno Split - 2627,orca ii techno split 2627,2027,2027,Lib Tech,,,,yes,
SENDIT_ONLY,lib-tech,Skunk Ape Twin,skunk ape twin,2027,2027,Lib Tech,,,,yes,
SENDIT_ONLY,lib-tech,T.Rice Orca II - 2627,t rice orca ii 2627,2027,2027,Lib Tech,,,,yes,
MATCH,lib-tech,Apex Orca,apex orca,2026,2026,Lib Tech,Apex Orca,,,enrich,
MATCH,lib-tech,Cold Brew,cold brew,2026,2026,Lib Tech,Cold Brew,,,enrich,
MATCH,lib-tech,Cortado,cortado,2026,2026,Lib Tech,Cortado,sendit earlier than ours (2027),,enrich,
MATCH,lib-tech,Doughboy 195,doughboy,2026,2026,Lib Tech,Doughboy,,,enrich,
MATCH,lib-tech,dPr,dpr,2026,2026,Lib Tech,dPr,,,enrich,
SENDIT_ONLY,lib-tech,dPr S,dpr s,2026,2026,Lib Tech,,,,yes,
MATCH,lib-tech,Dynamiss,dynamiss,2026,2026,Lib Tech,Dynamiss,sendit earlier than ours (2027),,enrich,
MATCH,lib-tech,Dynamo,dynamo,2026,2026,Lib Tech,Dynamo,,,enrich,
SENDIT_ONLY,lib-tech,DynaSword,dynasword,2026,2026,Lib Tech,,,,yes,
MATCH,lib-tech,Ejack Knife,ejack knife,2026,2026,Lib Tech,EJack Knife,,,enrich,
MATCH,lib-tech,Glider,glider,2026,2026,Lib Tech,Glider,sendit earlier than ours (2027),,enrich,
MATCH,lib-tech,Golden Orca,golden orca,2026,2026,Lib Tech,Golden Orca,,,enrich,
MATCH,lib-tech,Jamie Lynn,jamie lynn,2026,2026,Lib Tech,Jamie Lynn,,,enrich,
MATCH,lib-tech,Legitimizer,legitimizer,2026,2026,Lib Tech,Legitimizer,sendit earlier than ours (2027),,enrich,
MATCH,lib-tech,Lib Rig,lib rig,2026,2026,Lib Tech,Lib Rig,sendit earlier than ours (2027),,enrich,
SENDIT_ONLY,lib-tech,Mayhem Rad Ripper,mayhem rad ripper,2026,2026,Lib Tech,,,,yes,
MATCH,lib-tech,Mayhem Sweetfish,mayhem sweetfish,2026,2026,Lib Tech,Mayhem Sweetfish,sendit earlier than ours (2027),,enrich,
SENDIT_ONLY,lib-tech,MC Wayfinder III,mc wayfinder iii,2026,2026,Lib Tech,,,,yes,
SENDIT_ONLY,lib-tech,Mini Ramp,mini ramp,2026,2026,Lib Tech,,,,yes,
MATCH,lib-tech,Off Ramp,off ramp,2026,2026,Lib Tech,Off Ramp,sendit earlier than ours (2027),,enrich,
MATCH,lib-tech,Skate Banana,skate banana,2026,2026,Lib Tech,Skate Banana,,,enrich,
MATCH,lib-tech,Skunk Ape,skunk ape,2026,2026,Lib Tech,Skunk Ape,,,enrich,
SENDIT_ONLY,lib-tech,Son Of Birdman,son of birdman,2026,2026,Lib Tech,,,,yes,
SENDIT_ONLY,lib-tech,T.Rice Orca,t rice orca,2026,2026,Lib Tech,,,,yes,
MATCH,lib-tech,T.Rice Pro,t rice pro,2026,2026,Lib Tech,T.Rice Pro,,,enrich,
SENDIT_ONLY,lib-tech,Theda,theda,2026,2026,Lib Tech,,,,yes,
MATCH,lib-tech,Two Time,two time,2026,2026,Lib Tech,Two Time,sendit earlier than ours (2027),,enrich,
MATCH,lib-tech,Banana Blaster,banana blaster,2025,2025,Lib Tech,Banana Blaster,sendit earlier than ours (2027),,enrich,
SENDIT_ONLY,lib-tech,Cygnus BM,cygnus bm,2025,2025,Lib Tech,,,,yes,
MATCH,lib-tech,Escalator Split,escalator,2025,2025,Lib Tech,Escalator Split,sendit earlier than ours (2027),,enrich,
BRAND_NEW,line,Lateral Snowboard 2026,lateral,2026,2026,,,brand not in v0.2,,no,
BRAND_NEW,ltb,CALM,calm,2026,2026,,,brand not in v0.2,,no,
BRAND_NEW,ltb,CLASSIC,classic,2026,2026,,,brand not in v0.2,,no,
BRAND_NEW,ltb,CLASSIC LONG,classic long,2026,2026,,,brand not in v0.2,,no,
BRAND_NEW,ltb,CRAVE,crave,2026,2026,,,brand not in v0.2,,no,
BRAND_NEW,ltb,CRUDE,crude,2026,2026,,,brand not in v0.2,,no,
BRAND_NEW,ltb,CUTTER BLACK,cutter black,2026,2026,,,brand not in v0.2,,no,
BRAND_NEW,ltb,CUTTER MATTERHORN,cutter matterhorn,2026,2026,,,brand not in v0.2,,no,
BRAND_NEW,ltb,CUTTER STOCKHORN,cutter stockhorn,2026,2026,,,brand not in v0.2,,no,
BRAND_NEW,ltb,DECENT,decent,2026,2026,,,brand not in v0.2,,no,
BRAND_NEW,ltb,DECENT BLACK,decent black,2026,2026,,,brand not in v0.2,,no,
BRAND_NEW,ltb,DREAM,dream,2026,2026,,,brand not in v0.2,,no,
BRAND_NEW,ltb,EELS BLACK,eels black,2026,2026,,,brand not in v0.2,,no,
BRAND_NEW,ltb,EELS WHITE PR,eels white pr,2026,2026,,,brand not in v0.2,,no,
BRAND_NEW,ltb,EELS WMN,eels wmn,2026,2026,,,brand not in v0.2,,no,
BRAND_NEW,ltb,KING CLASSIC,king classic,2026,2026,,,brand not in v0.2,,no,
BRAND_NEW,ltb,LIFE,life,2026,2026,,,brand not in v0.2,,no,
BRAND_NEW,ltb,P TEAM WOOD,p team wood,2026,2026,,,brand not in v0.2,,no,
BRAND_NEW,ltb,PTEAM split,pteam,2026,2026,,,brand not in v0.2,,no,
BRAND_NEW,ltb,PTEAM WOOD split,pteam wood,2026,2026,,,brand not in v0.2,,no,
BRAND_NEW,ltb,R-CUTTER,r cutter,2026,2026,,,brand not in v0.2,,no,
BRAND_NEW,ltb,R-P TEAM,r p team,2026,2026,,,brand not in v0.2,,no,
BRAND_NEW,ltb,R-Vinyl,r vinyl,2026,2026,,,brand not in v0.2,,no,
BRAND_NEW,ltb,RUBEZAHL,rubezahl,2026,2026,,,brand not in v0.2,,no,
BRAND_NEW,ltb,SISA WMN´S,sisa wmn s,2026,2026,,,brand not in v0.2,,no,
BRAND_NEW,ltb,SUPREME,supreme,2026,2026,,,brand not in v0.2,,no,
BRAND_NEW,ltb,SUPREME LONG,supreme long,2026,2026,,,brand not in v0.2,,no,
BRAND_NEW,ltb,SURGE,surge,2026,2026,,,brand not in v0.2,,no,
BRAND_NEW,ltb,SWALLOW 143,swallow,2026,2026,,,brand not in v0.2,,no,
BRAND_NEW,ltb,VINYL,vinyl,2026,2026,,,brand not in v0.2,,no,
BRAND_NEW,ltb,CRUDE KRAK split,crude krak,2022,2022,,,brand not in v0.2,,no,
BRAND_NEW,monument-snowboards,BlackBlack,blackblack,2017,2017,,,brand not in v0.2,,no,
BRAND_NEW,monument-snowboards,District,district,2017,2017,,,brand not in v0.2,,no,
BRAND_NEW,monument-snowboards,Drifter,drifter,2017,2017,,,brand not in v0.2,,no,
BRAND_NEW,monument-snowboards,F.V.K,f v k,2017,2017,,,brand not in v0.2,,no,
BRAND_NEW,monument-snowboards,Tragedy,tragedy,2017,2017,,,brand not in v0.2,,no,
BRAND_NEW,moonchild,Freekstyle 158 - Barfoot Tribute Model,freekstyle barfoot tribute model,2026,2026,,,brand not in v0.2,,no,
BRAND_NEW,moonchild,Friday,friday,2026,2026,,,brand not in v0.2,,no,
BRAND_NEW,moonchild,Holiday,holiday,2026,2026,,,brand not in v0.2,,no,
BRAND_NEW,moonchild,Live Wire,live wire,2026,2026,,,brand not in v0.2,,no,
BRAND_NEW,moonchild,Live Wire MBHC,live wire mbhc,2026,2026,,,brand not in v0.2,,no,
BRAND_NEW,moonchild,Malibu Black / Gold Edition,malibu black gold edition,2026,2026,,,brand not in v0.2,colorway,no,
BRAND_NEW,moonchild,Malibu Classic & Mars Edition,malibu classic mars edition,2026,2026,,,brand not in v0.2,colorway,no,
BRAND_NEW,moonchild,Malibu Redux,malibu redux,2026,2026,,,brand not in v0.2,,no,
BRAND_NEW,moonchild,Malibu Splitboard,malibu,2026,2026,,,brand not in v0.2,,no,
BRAND_NEW,moonchild,Popsicle,popsicle,2026,2026,,,brand not in v0.2,,no,
BRAND_NEW,moonchild,Space Racer,space racer,2026,2026,,,brand not in v0.2,,no,
SENDIT_ONLY,morrow,Todd Richards Dinosaur,todd richards dinosaur,2025,2025,Morrow,,,,yes,
SENDIT_ONLY,moss,C3,c3,2026,2027,Moss Snowstick,,,,yes,
SENDIT_ONLY,moss,FLUFFY 54,fluffy 54,2026,2027,Moss Snowstick,,,,yes,
MATCH,moss,JELLYFISH,jellyfish,2026,2027,Moss Snowstick,Jellyfish,,,enrich,
MATCH,moss,LITTLE FLUFFY,little fluffy,2026,2027,Moss Snowstick,Little Fluffy,,,enrich,
SENDIT_ONLY,moss,LL66,ll66,2026,2027,Moss Snowstick,,,,yes,
SENDIT_ONLY,moss,LONG,long,2026,2027,Moss Snowstick,,,,yes,
SENDIT_ONLY,moss,MAHI,mahi,2026,2027,Moss Snowstick,,,,yes,
SENDIT_ONLY,moss,MMD 35,mmd 35,2026,2027,Moss Snowstick,,,,yes,
SENDIT_ONLY,moss,MMD 42,mmd 42,2026,2027,Moss Snowstick,,,,yes,
SENDIT_ONLY,moss,MMD 52,mmd 52,2026,2027,Moss Snowstick,,,,yes,
MATCH,moss,MODERN FISH,modern fish,2026,2027,Moss Snowstick,Modern Fish,,,enrich,
SENDIT_ONLY,moss,NEW SHAPE // PQ45,new shape pq45,2027,2027,Moss Snowstick,,,,yes,
SENDIT_ONLY,moss,NEW SHAPE // WING SW 67,new shape wing sw 67,2027,2027,Moss Snowstick,,,,yes,
SENDIT_ONLY,moss,PQ45 BLACK,pq45 black,2027,2027,Moss Snowstick,,,,yes,
SENDIT_ONLY,moss,PQ49,pq49,2026,2027,Moss Snowstick,,,,yes,
SENDIT_ONLY,moss,PQ49 BLACK,pq49 black,2026,2027,Moss Snowstick,,,,yes,
SENDIT_ONLY,moss,PQ54,pq54,2026,2027,Moss Snowstick,,,,yes,
SENDIT_ONLY,moss,PQ54 EX,pq54 ex,2026,2027,Moss Snowstick,,,,yes,
SENDIT_ONLY,moss,PQ60 EX,pq60 ex,2026,2027,Moss Snowstick,,,,yes,
SENDIT_ONLY,moss,PT52,pt52,2026,2027,Moss Snowstick,,,,yes,
SENDIT_ONLY,moss,PT58,pt58,2026,2027,Moss Snowstick,,,,yes,
SENDIT_ONLY,moss,PT64,pt64,2026,2027,Moss Snowstick,,,,yes,
SENDIT_ONLY,moss,RESHAPED // PQ60,reshaped pq60,2027,2027,Moss Snowstick,,,,yes,
SENDIT_ONLY,moss,SW26,sw26,2026,2027,Moss Snowstick,,,,yes,
SENDIT_ONLY,moss,SW50,sw50,2026,2027,Moss Snowstick,,,,yes,
SENDIT_ONLY,moss,SW58,sw58,2026,2027,Moss Snowstick,,,,yes,
SENDIT_ONLY,moss,SW58 EX,sw58 ex,2026,2027,Moss Snowstick,,,,yes,
SENDIT_ONLY,moss,SW62,sw62,2026,2027,Moss Snowstick,,,,yes,
SENDIT_ONLY,moss,SW62 EX,sw62 ex,2026,2027,Moss Snowstick,,,,yes,
SENDIT_ONLY,moss,SW70,sw70,2026,2027,Moss Snowstick,,,,yes,
SENDIT_ONLY,moss,U2,u2,2026,2027,Moss Snowstick,,,,yes,
SENDIT_ONLY,moss,U3,u3,2026,2027,Moss Snowstick,,,,yes,
SENDIT_ONLY,moss,U4,u4,2026,2027,Moss Snowstick,,,,yes,
SENDIT_ONLY,moss,U4 EX,u4 ex,2026,2027,Moss Snowstick,,,,yes,
SENDIT_ONLY,moss,U4 HALF,u4 half,2026,2027,Moss Snowstick,,,,yes,
SENDIT_ONLY,moss,U4 HALF OVERHEAD,u4 half overhead,2026,2027,Moss Snowstick,,,,yes,
SENDIT_ONLY,moss,U5,u5,2026,2027,Moss Snowstick,,,,yes,
SENDIT_ONLY,moss,U5 EX,u5 ex,2026,2027,Moss Snowstick,,,,yes,
SENDIT_ONLY,moss,U6 SPLIT,u6,2026,2027,Moss Snowstick,,,,yes,
SENDIT_ONLY,moss,WING PIN 47,wing pin 47,2026,2027,Moss Snowstick,,,,yes,
SENDIT_ONLY,moss,WING PIN 54,wing pin 54,2026,2027,Moss Snowstick,,,,yes,
SENDIT_ONLY,moss,WING PIN 59,wing pin 59,2026,2027,Moss Snowstick,,,,yes,
SENDIT_ONLY,moss,WING PIN 75,wing pin 75,2026,2027,Moss Snowstick,,,,yes,
SENDIT_ONLY,moss,WING SW 49,wing sw 49,2026,2027,Moss Snowstick,,,,yes,
SENDIT_ONLY,moss,WING SW 57,wing sw 57,2026,2027,Moss Snowstick,,,,yes,
SENDIT_ONLY,moss,PQ60,pq60,2026,2026,Moss Snowstick,,,,yes,
MATCH,never-summer,Benchmark,benchmark,2026,2026,Never Summer,Benchmark,sendit earlier than ours (2027),,enrich,
MATCH,never-summer,Breezy Rider,breezy rider,2026,2026,Never Summer,Breezy Rider,,,enrich,
MATCH,never-summer,Cirrus,cirrus,2026,2026,Never Summer,Cirrus,,,enrich,
MATCH,never-summer,Easy Rider,easy rider,2026,2026,Never Summer,Easy Rider,sendit earlier than ours (2027),,enrich,
MATCH,never-summer,Infinity,infinity,2026,2026,Never Summer,Infinity,,,enrich,
SENDIT_ONLY,never-summer,Kid’s Proto Wilder,kid s proto wilder,2026,2026,Never Summer,,,non-production,no,
SENDIT_ONLY,never-summer,Kid’s Shredder,kid s shredder,2026,2026,Never Summer,,,,yes,
SENDIT_ONLY,never-summer,Kid’s Yutes,kid s yutes,2026,2026,Never Summer,,,,yes,
SENDIT_ONLY,never-summer,Lady FR Splitboard,lady fr,2026,2026,Never Summer,,,,yes,
MATCH,never-summer,Llama,llama,2026,2026,Never Summer,Llama,sendit earlier than ours (2027),,enrich,
MATCH,never-summer,Nokhu,nokhu,2026,2026,Never Summer,Nokhu,sendit earlier than ours (2027),,enrich,
MATCH,never-summer,Proto Splitboard,proto,2026,2026,Never Summer,Proto,,non-production,enrich,
SENDIT_ONLY,never-summer,Proto T3 Eclipse,proto t3 eclipse,2026,2026,Never Summer,,,non-production,no,
SENDIT_ONLY,never-summer,Proto T3 FR,proto t3 fr,2026,2026,Never Summer,,,non-production,no,
SENDIT_ONLY,never-summer,Proto T3 Ultra,proto t3 ultra,2026,2026,Never Summer,,,non-production,no,
MATCH,never-summer,Proto Type 3,proto type 3,2026,2026,Never Summer,Proto Type 3,,non-production,enrich,
SENDIT_ONLY,never-summer,Small Batch Instagator,small batch instagator,2026,2026,Never Summer,,,,yes,
SENDIT_ONLY,never-summer,Small Batch Maverix,small batch maverix,2026,2026,Never Summer,,,,yes,
FUZZY,never-summer,Small Batch Shaper Twin,small batch shaper twin,2026,2026,Never Summer,Small Batch Shaper Twin LT,"fuzzy to ""Small Batch Shaper Twin LT""",,no,
MATCH,never-summer,Small Batch Shaper Twin LT,small batch shaper twin lt,2026,2026,Never Summer,Small Batch Shaper Twin LT,,,enrich,
SENDIT_ONLY,never-summer,Swift,swift,2026,2026,Never Summer,,,,yes,
SENDIT_ONLY,never-summer,Thirty5,thirty5,2026,2026,Never Summer,,,,yes,
MATCH,never-summer,Trooper,trooper,2026,2026,Never Summer,Trooper,,,enrich,
MATCH,never-summer,V-Twin,v twin,2026,2026,Never Summer,V-Twin,,,enrich,
MATCH,never-summer,Valhalla,valhalla,2026,2026,Never Summer,Valhalla,sendit earlier than ours (2027),,enrich,
SENDIT_ONLY,never-summer,Small Batch Triple Camber Hybrid East,small batch triple camber hybrid east,2025,2025,Never Summer,,,,yes,
SENDIT_ONLY,never-summer,Small Batch Triple Camber Hybrid Hornet,small batch triple camber hybrid hornet,2025,2025,Never Summer,,,,yes,
SENDIT_ONLY,never-summer,Triple Camber West,triple camber west,2025,2025,Never Summer,,,,yes,
SENDIT_ONLY,niche,Aether Witchcraft,aether witchcraft,2025,2025,Niche,,,,yes,
SENDIT_ONLY,niche,Crux Fantasy,crux fantasy,2025,2025,Niche,,,,yes,
SENDIT_ONLY,niche,Maelstrom Mold,maelstrom mold,2025,2025,Niche,,,,yes,
SENDIT_ONLY,niche,Minx Sundew,minx sundew,2025,2025,Niche,,,,yes,
SENDIT_ONLY,niche,Nightshade Rabbits,nightshade rabbits,2025,2025,Niche,,,,yes,
SENDIT_ONLY,niche,Pyre Fae,pyre fae,2025,2025,Niche,,,,yes,
SENDIT_ONLY,niche,Story Bear,story bear,2025,2025,Niche,,,,yes,
SENDIT_ONLY,niche,Vikander,vikander,2025,2025,Niche,,,,yes,
SENDIT_ONLY,niche,Wraith Raccoon,wraith raccoon,2025,2025,Niche,,,,yes,
SENDIT_ONLY,niche,Aether Franklinia,aether franklinia,2024,2024,Niche,,,,yes,
SENDIT_ONLY,niche,Crux Markhor,crux markhor,2024,2024,Niche,,,,yes,
SENDIT_ONLY,niche,Fathom Charcoal,fathom charcoal,2024,2024,Niche,,,,yes,
SENDIT_ONLY,niche,Maelstrom Tardigrades,maelstrom tardigrades,2024,2024,Niche,,,,yes,
SENDIT_ONLY,niche,Minx Dandelion,minx dandelion,2024,2024,Niche,,,,yes,
SENDIT_ONLY,niche,Nightshade Nudibranch,nightshade nudibranch,2024,2024,Niche,,,,yes,
SENDIT_ONLY,niche,Pyre Moa,pyre moa,2024,2024,Niche,,,,yes,
SENDIT_ONLY,niche,Sonnet Moths,sonnet moths,2024,2024,Niche,,,,yes,
SENDIT_ONLY,niche,Story Crabs,story crabs,2024,2024,Niche,,,,yes,
SENDIT_ONLY,niche,Wraith Fossil,wraith fossil,2024,2024,Niche,,,,yes,
SENDIT_ONLY,niche,Fathom Buffalo,fathom buffalo,2023,2023,Niche,,,,yes,
SENDIT_ONLY,niche,Maelstrom Fungi,maelstrom fungi,2023,2023,Niche,,,,yes,
SENDIT_ONLY,niche,Minx Seadragon,minx seadragon,2023,2023,Niche,,,,yes,
SENDIT_ONLY,niche,Nightshade Mutants,nightshade mutants,2023,2023,Niche,,,,yes,
SENDIT_ONLY,niche,Sonnet Mycelium,sonnet mycelium,2023,2023,Niche,,,,yes,
SENDIT_ONLY,niche,Story Condor,story condor,2023,2023,Niche,,,,yes,
SENDIT_ONLY,niche,Wraith Deepsea,wraith deepsea,2023,2023,Niche,,,,yes,
MATCH,nidecker,Alpha,alpha,2026,2026,Nidecker,Alpha,,,enrich,
SENDIT_ONLY,nidecker,Alpha APX,alpha apx,2026,2026,Nidecker,,,,yes,
MATCH,nidecker,Astral,astral,2026,2026,Nidecker,Astral,,,enrich,
MATCH,nidecker,Beta,beta,2026,2026,Nidecker,Beta,sendit earlier than ours (2027),,enrich,
MATCH,nidecker,Beta APX,beta apx,2026,2026,Nidecker,Beta APX,sendit earlier than ours (2027),,enrich,
MATCH,nidecker,Cheat Code Men,cheat code,2026,2026,Nidecker,Cheat Code,sendit earlier than ours (2027),,enrich,
MATCH,nidecker,Escape,escape,2026,2026,Nidecker,Escape,,,enrich,
SENDIT_ONLY,nidecker,Escape Plus,escape plus,2026,2026,Nidecker,,,,yes,
MATCH,nidecker,Gamma,gamma,2026,2026,Nidecker,Gamma,,,enrich,
SENDIT_ONLY,nidecker,Gamma APX,gamma apx,2026,2026,Nidecker,,,,yes,
MATCH,nidecker,Megalight,megalight,2026,2026,Nidecker,Megalight,,,enrich,
MATCH,nidecker,Mellow,mellow,2026,2026,Nidecker,Mellow,,,enrich,
MATCH,nidecker,Merc,merc,2026,2026,Nidecker,Merc,,,enrich,
MATCH,nidecker,Scamp,scamp,2026,2026,Nidecker,Scamp,,,enrich,
MATCH,nidecker,Sensor Men,sensor,2026,2026,Nidecker,Sensor,,,enrich,
SENDIT_ONLY,nidecker,Sensor Mons,sensor mons,2026,2026,Nidecker,,,,yes,
SENDIT_ONLY,nidecker,Sensor Pro,sensor pro,2026,2026,Nidecker,,,,yes,
SENDIT_ONLY,nidecker,Sensor Team,sensor team,2026,2026,Nidecker,,,,yes,
MATCH,nidecker,Thruster,thruster,2026,2026,Nidecker,Thruster,,,enrich,
MATCH,nidecker,Blade,blade,2025,2025,Nidecker,Blade,,,enrich,
SENDIT_ONLY,nidecker,Blade Plus,blade plus,2025,2025,Nidecker,,,,yes,
MATCH,nidecker,Elle,elle,2025,2025,Nidecker,Elle,,,enrich,
SENDIT_ONLY,nidecker,Play,play,2025,2025,Nidecker,,,,yes,
MATCH,nidecker,Venus,venus,2025,2025,Nidecker,Venus,sendit earlier than ours (2027),,enrich,
SENDIT_ONLY,nidecker,Venus Plus,venus plus,2025,2025,Nidecker,,,,yes,
SENDIT_ONLY,nidecker,The Gun,the gun,2023,2023,Nidecker,,,,yes,
MATCH,nidecker,The Mosquito,the mosquito,2023,2023,Nidecker,The Mosquito,sendit earlier than ours (2027),,enrich,
MATCH,nidecker,The Smoke,the smoke,2023,2023,Nidecker,The Smoke,sendit earlier than ours (2027),,enrich,
MATCH,nitro,Alternator,alternator,2026,2026,Nitro,Alternator,,,enrich,
SENDIT_ONLY,nitro,Alternator x Hailey,alternator x hailey,2026,2026,Nitro,,,collab,no,
SENDIT_ONLY,nitro,Alternator x Volcom,alternator x volcom,2026,2026,Nitro,,,collab,no,
MATCH,nitro,Arial,arial,2026,2026,Nitro,Arial,sendit earlier than ours (2027),,enrich,
MATCH,nitro,Banker,banker,2026,2026,Nitro,Banker,sendit earlier than ours (2027),,enrich,
SENDIT_ONLY,nitro,Basher,basher,2026,2026,Nitro,,,,yes,
MATCH,nitro,Beast,beast,2026,2026,Nitro,Beast,,,enrich,
SENDIT_ONLY,nitro,Beauty,beauty,2026,2026,Nitro,,,,yes,
MATCH,nitro,Cannon 173,cannon,2026,2026,Nitro,Cannon,,,enrich,
MATCH,nitro,Cheap Thrills,cheap thrills,2026,2026,Nitro,Cheap Thrills,,,enrich,
MATCH,nitro,Cinema,cinema,2026,2026,Nitro,Cinema,,,enrich,
MATCH,nitro,Dinghy,dinghy,2026,2026,Nitro,Dinghy,,,enrich,
MATCH,nitro,Doppleganger Splitboard,doppleganger,2026,2026,Nitro,Doppleganger,,,enrich,
MATCH,nitro,Drop,drop,2026,2026,Nitro,Drop,sendit earlier than ours (2027),,enrich,
MATCH,nitro,Fate,fate,2026,2026,Nitro,Fate,,,enrich,
MATCH,nitro,Fintwin,fintwin,2026,2026,Nitro,FinTwin,sendit earlier than ours (2027),,enrich,
MATCH,nitro,Future Team,future team,2026,2026,Nitro,Future Team,,,enrich,
SENDIT_ONLY,nitro,Future Team Pro MK,future team pro mk,2026,2026,Nitro,,,,yes,
MATCH,nitro,Highlander,highlander,2026,2026,Nitro,Highlander,,,enrich,
MATCH,nitro,Karma,karma,2026,2026,Nitro,Karma,,,enrich,
SENDIT_ONLY,nitro,Lectra Abstract,lectra abstract,2026,2026,Nitro,,,,yes,
SENDIT_ONLY,nitro,Lectra Leaf Cam-Out,lectra leaf cam out,2026,2026,Nitro,,,,yes,
MATCH,nitro,Magnum,magnum,2026,2026,Nitro,Magnum,,,enrich,
MATCH,nitro,Mercy,mercy,2026,2026,Nitro,Mercy,sendit earlier than ours (2027),,enrich,
SENDIT_ONLY,nitro,Mini Thrills,mini thrills,2026,2026,Nitro,,,,yes,
SENDIT_ONLY,nitro,Miniganger Splitboard,miniganger,2026,2026,Nitro,,,,yes,
MATCH,nitro,Mystique,mystique,2026,2026,Nitro,Mystique,,,enrich,
MATCH,nitro,Nomad Splitboard,nomad,2026,2026,Nitro,Nomad,,,enrich,
MATCH,nitro,Nova,nova,2026,2026,Nitro,Nova,sendit earlier than ours (2027),,enrich,
SENDIT_ONLY,nitro,Optisym,optisym,2026,2026,Nitro,,,,yes,
MATCH,nitro,Phase,phase,2026,2026,Nitro,Phase,sendit earlier than ours (2027),,enrich,
SENDIT_ONLY,nitro,Phase x Cinelli,phase x cinelli,2026,2026,Nitro,,,collab,no,
SENDIT_ONLY,nitro,Pow,pow,2026,2026,Nitro,,,,yes,
SENDIT_ONLY,nitro,Prime Chroma Cam-Out,prime chroma cam out,2026,2026,Nitro,,,,yes,
SENDIT_ONLY,nitro,Prime Raw,prime raw,2026,2026,Nitro,,,,yes,
MATCH,nitro,Ripper Youth,ripper,2026,2026,Nitro,Ripper,,,enrich,
SENDIT_ONLY,nitro,Ripper Kids x Volcom Kids,ripper kids x volcom,2026,2026,Nitro,,,collab,no,
SENDIT_ONLY,nitro,Ripper x Volcom,ripper x volcom,2026,2026,Nitro,,,collab,no,
MATCH,nitro,Santoku,santoku,2026,2026,Nitro,Santoku,sendit earlier than ours (2027),,enrich,
MATCH,nitro,Slash,slash,2026,2026,Nitro,Slash,,,enrich,
MATCH,nitro,Spirit,spirit,2026,2026,Nitro,Spirit,sendit earlier than ours (2027),,enrich,
MATCH,nitro,Squash,squash,2026,2026,Nitro,Squash,,,enrich,
SENDIT_ONLY,nitro,Stiletto RS x Drew Hicken,stiletto rs x drew hicken,2026,2026,Nitro,,,collab,no,
MATCH,nitro,T1,t1,2026,2026,Nitro,T1,,,enrich,
SENDIT_ONLY,nitro,T1 Mid-Wide,t1 mid,2026,2026,Nitro,,,,yes,
MATCH,nitro,Team,team,2026,2026,Nitro,Team,,,enrich,
MATCH,nitro,Team Pro,team pro,2026,2026,Nitro,Team Pro,,,enrich,
SENDIT_ONLY,nitro,Team Pro MK,team pro mk,2026,2026,Nitro,,,,yes,
SENDIT_ONLY,nitro,Team Pro MK Bel Air,team pro mk bel air,2026,2026,Nitro,,,,yes,
SENDIT_ONLY,nitro,Vertical Splitboard,vertical,2026,2026,Nitro,,,,yes,
MATCH,nitro,Victoria,victoria,2026,2026,Nitro,Victoria,,,enrich,
SENDIT_ONLY,nitro,Volta Splitboard,volta,2026,2026,Nitro,,,,yes,
SENDIT_ONLY,nitro,x Inter,x inter,2026,2026,Nitro,,,,yes,
BRAND_NEW,nobaday,Blackboard 6.0 Chameleon Glow,blackboard 6 0 chameleon glow,2027,2027,,,brand not in v0.2,colorway,no,
BRAND_NEW,nobaday,Blackboard 6.0 Giraffe Glow,blackboard 6 0 giraffe glow,2027,2027,,,brand not in v0.2,colorway,no,
BRAND_NEW,nobaday,Blackboard 6.0 Sky Mirror Carving,blackboard 6 0 sky mirror carving,2027,2027,,,brand not in v0.2,colorway,no,
BRAND_NEW,nobaday,Blackboard Pro 5.0 Camber,blackboard pro 5 0,2026,2026,,,brand not in v0.2,,no,
BRAND_NEW,nobaday,Gummy Bear,gummy bear,2026,2026,,,brand not in v0.2,,no,
BRAND_NEW,nobaday,Max Red Serpent Camber,max red serpent,2026,2026,,,brand not in v0.2,,no,
BRAND_NEW,nobaday,Max Taboo Camber,max taboo,2026,2026,,,brand not in v0.2,,no,
BRAND_NEW,nobaday,ArcticStorm Freeride Powder,arcticstorm freeride powder,2024,2024,,,brand not in v0.2,,no,
BRAND_NEW,nobaday,Pure Free Camber Park,pure free camber park,2024,2024,,,brand not in v0.2,,no,
BRAND_NEW,nobaday,Tiger Strike Camber,tiger strike,2024,2024,,,brand not in v0.2,,no,
SENDIT_ONLY,nobile,N8 Carbon,n8 carbon,2024,2024,Nobile,,,,yes,
SENDIT_ONLY,nobile,N8 TI,n8 ti,2024,2024,Nobile,,,,yes,
MATCH,nobile,Race SBX,race sbx,2022,2022,Nobile,Race SBX,sendit earlier than ours (2024),,enrich,
BRAND_NEW,november,ARTISTE,artiste,2026,2026,,,brand not in v0.2,,no,
BRAND_NEW,november,BACKCITY,backcity,2026,2026,,,brand not in v0.2,,no,
BRAND_NEW,november,C-KENTIAL,c kential,2026,2026,,,brand not in v0.2,,no,
BRAND_NEW,november,D4,d4,2026,2026,,,brand not in v0.2,,no,
BRAND_NEW,november,D4W,d4w,2026,2026,,,brand not in v0.2,,no,
BRAND_NEW,november,DESIRE,desire,2026,2026,,,brand not in v0.2,,no,
BRAND_NEW,november,DESIRE RS,desire rs,2026,2026,,,brand not in v0.2,,no,
BRAND_NEW,november,DESIRE W,desire w,2026,2026,,,brand not in v0.2,,no,
BRAND_NEW,november,DOGWALK,dogwalk,2026,2026,,,brand not in v0.2,,no,
BRAND_NEW,november,DX4,dx4,2026,2026,,,brand not in v0.2,,no,
BRAND_NEW,november,ICECAT,icecat,2026,2026,,,brand not in v0.2,,no,
BRAND_NEW,november,KAILA,kaila,2026,2026,,,brand not in v0.2,,no,
BRAND_NEW,november,KD,kd,2026,2026,,,brand not in v0.2,,no,
BRAND_NEW,november,KJ,kj,2026,2026,,,brand not in v0.2,,no,
BRAND_NEW,november,LIVER TOUR,liver tour,2026,2026,,,brand not in v0.2,,no,
BRAND_NEW,november,MOUNTAINFOX,mountainfox,2026,2026,,,brand not in v0.2,,no,
BRAND_NEW,november,NV.C,nv c,2026,2026,,,brand not in v0.2,,no,
BRAND_NEW,nttb-snowboards,E11,e11,2026,2026,,,brand not in v0.2,,no,
BRAND_NEW,nttb-snowboards,N23,n23,2026,2026,,,brand not in v0.2,,no,
BRAND_NEW,nttb-snowboards,S11,s11,2026,2026,,,brand not in v0.2,,no,
BRAND_NEW,nttb-snowboards,W46,w46,2026,2026,,,brand not in v0.2,,no,
MATCH,ogasaka,AX,ax,2026,2026,Ogasaka,AX,,,enrich,
MATCH,ogasaka,CT,ct,2026,2026,Ogasaka,CT,,,enrich,
SENDIT_ONLY,ogasaka,CT-IZ,ct iz,2026,2026,Ogasaka,,,,yes,
SENDIT_ONLY,ogasaka,CT-S,ct s,2026,2026,Ogasaka,,,,yes,
SENDIT_ONLY,ogasaka,CT-TWIN,ct twin,2026,2026,Ogasaka,,,,yes,
MATCH,ogasaka,FACET 159,facet,2026,2026,Ogasaka,FACET,,,enrich,
SENDIT_ONLY,ogasaka,FACET CA147,facet ca147,2026,2026,Ogasaka,,,,yes,
SENDIT_ONLY,ogasaka,FACET SW153,facet sw153,2026,2026,Ogasaka,,,,yes,
MATCH,ogasaka,FC,fc,2026,2026,Ogasaka,FC,,,enrich,
SENDIT_ONLY,ogasaka,FC-S,fc s,2026,2026,Ogasaka,,,,yes,
SENDIT_ONLY,ogasaka,LX,lx,2026,2026,Ogasaka,,,,yes,
MATCH,ogasaka,ORCA,orca,2026,2026,Ogasaka,ORCA,,,enrich,
SENDIT_ONLY,ogasaka,RX,rx,2026,2026,Ogasaka,,,,yes,
MATCH,ogasaka,SHIN 144,shin,2026,2026,Ogasaka,SHIN,,,enrich,
SENDIT_ONLY,ogasaka,SHIN SW158,shin sw158,2026,2026,Ogasaka,,,,yes,
SENDIT_ONLY,ogasaka,SHIN SW172,shin sw172,2026,2026,Ogasaka,,,,yes,
SENDIT_ONLY,ogasaka,SHIN SWCA163,shin swca163,2026,2026,Ogasaka,,,,yes,
MATCH,ogasaka,SPROUT,sprout,2026,2026,Ogasaka,SPROUT,,,enrich,
MATCH,ogasaka,TF,tf,2026,2026,Ogasaka,TF,,,enrich,
SENDIT_ONLY,ogasaka,XC LE,xc le,2026,2026,Ogasaka,,,,yes,
SENDIT_ONLY,ogasaka,XC-R,xc r,2026,2026,Ogasaka,,,,yes,
SENDIT_ONLY,oxess,AM-1,am 1,2026,2026,Oxess,,,,yes,
MATCH,oxess,BX Competition,bx competition,2026,2026,Oxess,BX Competition,,,enrich,
SENDIT_ONLY,oxess,BX Junior,bx,2026,2026,Oxess,,,,yes,
MATCH,oxess,CX Pro,cx pro,2026,2026,Oxess,CX Pro,,,enrich,
MATCH,oxess,FX,fx,2026,2026,Oxess,FX,,,enrich,
SENDIT_ONLY,oxess,P-1,p 1,2026,2026,Oxess,,,,yes,
MATCH,oxess,RS / RG,rs rg,2026,2026,Oxess,RS / RG,,,enrich,
SENDIT_ONLY,oxess,RXR,rxr,2026,2026,Oxess,,,,yes,
MATCH,oxess,SX,sx,2026,2026,Oxess,SX,,,enrich,
MATCH,oxess,SXR,sxr,2026,2026,Oxess,SXR,,,enrich,
SENDIT_ONLY,oxess,WXR,wxr,2026,2026,Oxess,,,,yes,
SENDIT_ONLY,oxess,XXR,xxr,2026,2026,Oxess,,,,yes,
BRAND_NEW,pallas,Epiphany Alpine Series Splitboard,epiphany alpine,2026,2026,,,brand not in v0.2,,no,
BRAND_NEW,pallas,Epiphany Snowboard,epiphany,2026,2026,,,brand not in v0.2,,no,
BRAND_NEW,pallas,Hedonist Snowboard,hedonist,2026,2026,,,brand not in v0.2,,no,
BRAND_NEW,pallas,Oversoul Snowboard,oversoul,2026,2026,,,brand not in v0.2,,no,
BRAND_NEW,pallas,Zeitgeist Snowboard,zeitgeist,2026,2026,,,brand not in v0.2,,no,
BRAND_NEW,pathron,Sensei Carbon,sensei carbon,2024,2024,,,brand not in v0.2,,no,
BRAND_NEW,pathron,Sensei Limited,sensei,2024,2024,,,brand not in v0.2,,no,
BRAND_NEW,pathron,Carbon Gold,carbon gold,2023,2023,,,brand not in v0.2,,no,
BRAND_NEW,pathron,Carbon Powder,carbon powder,2023,2023,,,brand not in v0.2,,no,
BRAND_NEW,pathron,GTX Split,gtx,2023,2023,,,brand not in v0.2,,no,
BRAND_NEW,pathron,Legend,legend,2023,2023,,,brand not in v0.2,,no,
BRAND_NEW,pathron,Powder Hero,powder hero,2023,2023,,,brand not in v0.2,,no,
BRAND_NEW,pathron,Scratch Split,scratch,2023,2023,,,brand not in v0.2,,no,
BRAND_NEW,pathron,TT,tt,2023,2023,,,brand not in v0.2,,no,
BRAND_NEW,pathron,Missile 2021,missile,2021,2021,,,brand not in v0.2,,no,
MATCH,prior,Wildcard,wildcard,2017,2024,Prior,Wildcard,sendit earlier than ours (2019),,enrich,
SENDIT_ONLY,prior,4WD,4wd,2022,2022,Prior,,,,yes,
SENDIT_ONLY,prior,Full Custom Design,full custom design,2021,2021,Prior,,,non-production,no,
SENDIT_ONLY,prior,Full Custom Shape,full custom shape,2021,2021,Prior,,,non-production,no,
SENDIT_ONLY,prior,Phalanx,phalanx,2021,2021,Prior,,,,yes,
SENDIT_ONLY,prior,BC Split,bc,2017,2017,Prior,,,,yes,
MATCH,prior,Brandywine,brandywine,2017,2017,Prior,Brandywine,sendit earlier than ours (2019),,enrich,
SENDIT_ONLY,prior,BX,bx,2017,2017,Prior,,,,yes,
MATCH,prior,Fissile,fissile,2017,2017,Prior,Fissile,sendit earlier than ours (2019),,enrich,
SENDIT_ONLY,prior,FLC,flc,2017,2017,Prior,,,,yes,
SENDIT_ONLY,prior,FX,fx,2017,2017,Prior,,,,yes,
MATCH,prior,Khyber,khyber,2017,2017,Prior,Khyber,sendit earlier than ours (2019),,enrich,
MATCH,prior,Legacy,legacy,2017,2017,Prior,Legacy,sendit earlier than ours (2019),,enrich,
MATCH,prior,MFR,mfr,2017,2017,Prior,MFR,sendit earlier than ours (2019),,enrich,
FUZZY,prior,Pow Stick,pow stick,2017,2017,Prior,Powstick,"fuzzy to ""Powstick""",,no,
MATCH,prior,Slasher,slasher,2017,2017,Prior,Slasher,sendit earlier than ours (2019),,enrich,
MATCH,prior,Slaylok,slaylok,2017,2017,Prior,Slaylok,sendit earlier than ours (2019),,enrich,
MATCH,prior,Spearhead,spearhead,2017,2017,Prior,Spearhead,sendit earlier than ours (2019),,enrich,
SENDIT_ONLY,prior,Swallowtail Split,swallowtail,2017,2017,Prior,,,,yes,
MATCH,prior,Thruster,thruster,2017,2017,Prior,Thruster,sendit earlier than ours (2019),,enrich,
SENDIT_ONLY,prior,WCRM,wcrm,2017,2017,Prior,,,,yes,
MATCH,public,Disorder,disorder,2026,2026,Public,Disorder,,,enrich,
MATCH,public,Display,display,2026,2026,Public,Display,,,enrich,
MATCH,public,Dispute,dispute,2026,2026,Public,Dispute,,,enrich,
MATCH,public,General PUBLIC,general public,2026,2026,Public,General Public,,,enrich,
SENDIT_ONLY,public,General PUBLIC x UKIYO,general public x ukiyo,2026,2026,Public,,,collab,no,
SENDIT_ONLY,public,Jibgurl,jibgurl,2026,2026,Public,,,,yes,
SENDIT_ONLY,public,Outreach,outreach,2026,2026,Public,,,,yes,
SENDIT_ONLY,public,Research,research,2026,2026,Public,,,,yes,
SENDIT_ONLY,public,Statement,statement,2026,2026,Public,,,,yes,
SENDIT_ONLY,rad-air,Tanker 171 Split Tail,tanker split tail,2025,2025,Rad Air,,,,yes,
MATCH,rad-air,Tanker 181,tanker,2023,2023,Rad Air,Tanker,,,enrich,
SENDIT_ONLY,rad-air,Winterstick Collab – Tanker 191 Split Tail,winterstick collab tanker split tail,2023,2023,Rad Air,,,,yes,
SENDIT_ONLY,rad-air,30 Years Anniversary Edition Tanker 176,30 years anniversary edition tanker,2021,2021,Rad Air,,,special-edition;colorway,no,
BRAND_NEW,raven,Anna,anna,2026,2026,,,brand not in v0.2,,no,
BRAND_NEW,raven,Aura,aura,2026,2026,,,brand not in v0.2,,no,
BRAND_NEW,raven,Bang Junior,bang,2026,2026,,,brand not in v0.2,,no,
BRAND_NEW,raven,Barracuda Carbon Orange,barracuda carbon orange,2026,2026,,,brand not in v0.2,,no,
BRAND_NEW,raven,Core Junior,core,2026,2026,,,brand not in v0.2,,no,
BRAND_NEW,raven,Dahlia Carbon Mint/Pink,dahlia carbon mint pink,2026,2026,,,brand not in v0.2,colorway,no,
BRAND_NEW,raven,Destiny,destiny,2026,2026,,,brand not in v0.2,,no,
BRAND_NEW,raven,Dwarf,dwarf,2026,2026,,,brand not in v0.2,,no,
BRAND_NEW,raven,Gravy Junior,gravy,2026,2026,,,brand not in v0.2,,no,
BRAND_NEW,raven,Grizzly,grizzly,2026,2026,,,brand not in v0.2,,no,
BRAND_NEW,raven,Lion,lion,2026,2026,,,brand not in v0.2,,no,
BRAND_NEW,raven,Lupus,lupus,2026,2026,,,brand not in v0.2,,no,
BRAND_NEW,raven,Mia Black,mia black,2026,2026,,,brand not in v0.2,,no,
BRAND_NEW,raven,Mia White,mia white,2026,2026,,,brand not in v0.2,,no,
BRAND_NEW,raven,Mystic,mystic,2026,2026,,,brand not in v0.2,,no,
BRAND_NEW,raven,Pearl Junior,pearl,2026,2026,,,brand not in v0.2,,no,
BRAND_NEW,raven,PRO Legend,pro legend,2026,2026,,,brand not in v0.2,,no,
BRAND_NEW,raven,PRO Marble Carbon Mint,pro marble carbon mint,2026,2026,,,brand not in v0.2,colorway,no,
BRAND_NEW,raven,PRO OpenMind,pro openmind,2026,2026,,,brand not in v0.2,,no,
BRAND_NEW,raven,PRO Sensei Carbon,pro sensei carbon,2026,2026,,,brand not in v0.2,,no,
BRAND_NEW,raven,PRO Sensei Limited,pro sensei,2026,2026,,,brand not in v0.2,,no,
BRAND_NEW,raven,Pulse,pulse,2026,2026,,,brand not in v0.2,,no,
BRAND_NEW,raven,Pure Black,pure black,2026,2026,,,brand not in v0.2,,no,
BRAND_NEW,raven,Pure Mint,pure mint,2026,2026,,,brand not in v0.2,colorway,no,
BRAND_NEW,raven,Satine,satine,2026,2026,,,brand not in v0.2,,no,
BRAND_NEW,raven,Solid Classic A,solid classic a,2026,2026,,,brand not in v0.2,,no,
BRAND_NEW,raven,Solid Steel,solid steel,2026,2026,,,brand not in v0.2,,no,
BRAND_NEW,raven,Supreme Black,supreme black,2026,2026,,,brand not in v0.2,,no,
BRAND_NEW,raven,Supreme Black/Mint B,supreme black mint b,2026,2026,,,brand not in v0.2,colorway,no,
BRAND_NEW,raven,Supreme Green A,supreme green a,2026,2026,,,brand not in v0.2,,no,
BRAND_NEW,raven,Supreme Green B,supreme green b,2026,2026,,,brand not in v0.2,,no,
BRAND_NEW,raven,Supreme White,supreme white,2026,2026,,,brand not in v0.2,,no,
BRAND_NEW,raven,Trench Carbon Navy/Orange,trench carbon navy orange,2026,2026,,,brand not in v0.2,,no,
MATCH,ride,Agenda,agenda,2026,2026,Ride,Agenda,,,enrich,
FUZZY,ride,Algorhythm,algorhythm,2026,2026,Ride,Algorythm,"fuzzy to ""Algorythm""",,no,
MATCH,ride,Benchwarmer,benchwarmer,2026,2026,Ride,Benchwarmer,,,enrich,
MATCH,ride,Berzerker,berzerker,2026,2026,Ride,Berzerker,,,enrich,
MATCH,ride,Burnout,burnout,2026,2026,Ride,Burnout,,,enrich,
MATCH,ride,Compact,compact,2026,2026,Ride,Compact Series,,,enrich,
MATCH,ride,Deep Fake,deep fake,2026,2026,Ride,Deep Fake,,,enrich,
MATCH,ride,Heartbreaker,heartbreaker,2026,2026,Ride,Heartbreaker,,,enrich,
MATCH,ride,Kink,kink,2026,2026,Ride,Kink,,,enrich,
MATCH,ride,Lowride,lowride,2026,2026,Ride,Lowride,,,enrich,
SENDIT_ONLY,ride,Magic Stick,magic stick,2026,2026,Ride,,,,yes,
MATCH,ride,Manic,manic,2026,2026,Ride,Manic,,,enrich,
MATCH,ride,Moderator,moderator,2026,2026,Ride,Moderator,,,enrich,
MATCH,ride,Mtnpig,mtnpig,2026,2026,Ride,MTNPIG,,,enrich,
MATCH,ride,Peace Seeker,peace seeker,2026,2026,Ride,Peace Seeker,,,enrich,
MATCH,ride,Psychocandy,psychocandy,2026,2026,Ride,Psychocandy,,,enrich,
SENDIT_ONLY,ride,Reid Pro Benchwarmer,reid pro benchwarmer,2026,2026,Ride,,,,yes,
SENDIT_ONLY,ride,Saturday,saturday,2026,2026,Ride,,,,yes,
MATCH,ride,Shadowban,shadowban,2026,2026,Ride,Shadowban,,,enrich,
MATCH,ride,Smokescreen,smokescreen,2026,2026,Ride,Smokescreen,,,enrich,
SENDIT_ONLY,ride,SPLITPIG Package,splitpig,2026,2026,Ride,,,package,no,
MATCH,ride,SUPERPIG,superpig,2026,2026,Ride,Superpig,,,enrich,
MATCH,ride,TWINPIG,twinpig,2026,2026,Ride,Twinpig,,,enrich,
MATCH,ride,WARPIG,warpig,2026,2026,Ride,Warpig,,,enrich,
MATCH,ride,Zero,zero,2026,2026,Ride,Zero,,,enrich,
MATCH,rome,Agent,agent,2026,2026,Rome,Agent,,,enrich,
SENDIT_ONLY,rome,Agent Pro,agent pro,2026,2026,Rome,,,,yes,
MATCH,rome,Artifact,artifact,2026,2026,Rome,Artifact,,,enrich,
SENDIT_ONLY,rome,Artifact Pro,artifact pro,2026,2026,Rome,,,,yes,
MATCH,rome,Boneless,boneless,2026,2026,Rome,Boneless,sendit earlier than ours (2027),,enrich,
SENDIT_ONLY,rome,Freaker,freaker,2026,2026,Rome,,,,yes,
MATCH,rome,Hype,hype,2026,2026,Rome,Hype,sendit earlier than ours (2027),,enrich,
SENDIT_ONLY,rome,Hype Pro,hype pro,2026,2026,Rome,,,,yes,
MATCH,rome,Mechanic,mechanic,2026,2026,Rome,Mechanic,sendit earlier than ours (2027),,enrich,
MATCH,rome,Minishred Youth,minishred,2026,2026,Rome,Minishred,,,enrich,
SENDIT_ONLY,rome,Muse,muse,2026,2026,Rome,,,,yes,
SENDIT_ONLY,rome,Party Mod,party mod,2026,2026,Rome,,,,yes,
MATCH,rome,Ravine,ravine,2026,2026,Rome,Ravine,sendit earlier than ours (2027),,enrich,
SENDIT_ONLY,rome,Ravine Pro,ravine pro,2026,2026,Rome,,,,yes,
SENDIT_ONLY,rome,Rene-Gade,rene gade,2026,2026,Rome,,,,yes,
MATCH,rome,Royal,royal,2026,2026,Rome,Royal,sendit earlier than ours (2027),,enrich,
SENDIT_ONLY,rome,Service Dog,service dog,2026,2026,Rome,,,,yes,
SENDIT_ONLY,rome,Slapstick Youth,slapstick,2026,2026,Rome,,,,yes,
MATCH,rome,Stale Crewzer,stale crewzer,2026,2026,Rome,Stale Crewzer,sendit earlier than ours (2027),,enrich,
MATCH,rome,Stale Fish,stale fish,2026,2026,Rome,Stale Fish,,,enrich,
MATCH,rome,Warden,warden,2026,2026,Rome,Warden,,,enrich,
MATCH,rossignol,After Hours,after hours,2027,2027,Rossignol,After Hours,,,enrich,
MATCH,rossignol,AIRIS,airis,2027,2027,Rossignol,Airis,,,enrich,
MATCH,rossignol,ALIAS,alias,2027,2027,Rossignol,Alias,,,enrich,
SENDIT_ONLY,rossignol,AMPAGE VOL.1,ampage vol 1,2027,2027,Rossignol,,,,yes,
SENDIT_ONLY,rossignol,AMPAGE VOL.2,ampage vol 2,2027,2027,Rossignol,,,,yes,
MATCH,rossignol,DIVA,diva,2027,2027,Rossignol,Diva,,,enrich,
SENDIT_ONLY,rossignol,ESCAPER SPLITBOARD,escaper,2027,2027,Rossignol,,,,yes,
MATCH,rossignol,EVADER,evader,2027,2027,Rossignol,Evader,,,enrich,
MATCH,rossignol,Jibfluence,jibfluence,2027,2027,Rossignol,Jibfluence,,,enrich,
MATCH,rossignol,JIBSAW,jibsaw,2027,2027,Rossignol,Jibsaw,,,enrich,
MATCH,rossignol,Juggernaut,juggernaut,2027,2027,Rossignol,Juggernaut,,,enrich,
MATCH,rossignol,ONE,one,2027,2027,Rossignol,One,,,enrich,
SENDIT_ONLY,rossignol,RESURGENCE,resurgence,2027,2027,Rossignol,,,,yes,
MATCH,rossignol,RETOX,retox,2027,2027,Rossignol,Retox,,,enrich,
SENDIT_ONLY,rossignol,REVENANT,revenant,2027,2027,Rossignol,,,,yes,
MATCH,rossignol,SAWBLADE,sawblade,2027,2027,Rossignol,Sawblade,,,enrich,
MATCH,rossignol,SCAN,scan,2027,2027,Rossignol,Scan,,,enrich,
MATCH,rossignol,Soulside,soulside,2027,2027,Rossignol,Soulside,,,enrich,
MATCH,rossignol,SUPER REVENANT​,super revenant,2027,2027,Rossignol,Super Revenant,,,enrich,
MATCH,rossignol,ULTRAVIOLET,ultraviolet,2027,2027,Rossignol,Ultraviolet,,,enrich,
FUZZY,rossignol,WuJi,wuji,2027,2027,Rossignol,WU-JI,"fuzzy to ""WU-JI""",,no,
MATCH,rossignol,XV,xv,2027,2027,Rossignol,XV,,,enrich,
MATCH,rossignol,XV SLASHIMI,xv slashimi,2027,2027,Rossignol,XV Slashimi,,,enrich,
MATCH,rossignol,XV SUSHI,xv sushi,2027,2027,Rossignol,XV Sushi,,,enrich,
SENDIT_ONLY,roxy,Dawn,dawn,2026,2026,Roxy,,,,yes,
SENDIT_ONLY,roxy,Poppy Package,poppy,2026,2026,Roxy,,,package,no,
SENDIT_ONLY,roxy,Raina,raina,2026,2026,Roxy,,,,yes,
SENDIT_ONLY,roxy,Smoothie,smoothie,2026,2026,Roxy,,,,yes,
SENDIT_ONLY,roxy,XOXO,xoxo,2026,2026,Roxy,,,,yes,
SENDIT_ONLY,salomon,BELLEVUE SPLIT,bellevue,2026,2026,Salomon,,,,yes,
SENDIT_ONLY,salomon,BLISS,bliss,2026,2026,Salomon,,,,yes,
MATCH,salomon,FASTLANE,fastlane,2026,2026,Salomon,Fastlane,sendit earlier than ours (2027),,enrich,
MATCH,salomon,GRACE,grace,2026,2026,Salomon,Grace,,,enrich,
SENDIT_ONLY,salomon,GRAIL,grail,2026,2026,Salomon,,,,yes,
MATCH,salomon,HIGHPATH SPLIT,highpath,2026,2026,Salomon,Highpath,sendit earlier than ours (2027),,enrich,
SENDIT_ONLY,salomon,HPS - GOOP,hps goop,2026,2026,Salomon,,,,yes,
SENDIT_ONLY,salomon,HPS - TAKA SPLIT 2.0,hps taka split 2 0,2026,2026,Salomon,,,,yes,
SENDIT_ONLY,salomon,HUCK KNIFE PRO S/LAB EQUIPE,huck knife pro s lab equipe,2026,2026,Salomon,,,,yes,
MATCH,salomon,JETSTREAM,jetstream,2026,2026,Salomon,Jetstream,sendit earlier than ours (2027),,enrich,
MATCH,salomon,LOTUS,lotus,2026,2026,Salomon,Lotus,,,enrich,
SENDIT_ONLY,salomon,NO DRAMA S/LAB EQUIPE,no drama s lab equipe,2026,2026,Salomon,,,,yes,
MATCH,salomon,TEAM PACKAGE,team,2026,2026,Salomon,Team,,package,enrich,
MATCH,salomon,WONDER,wonder,2026,2026,Salomon,Wonder,,,enrich,
BRAND_NEW,sandy-shapes,Agile,agile,2026,2026,,,brand not in v0.2,,no,
BRAND_NEW,sandy-shapes,Amara,amara,2026,2026,,,brand not in v0.2,,no,
BRAND_NEW,sandy-shapes,Amara Abonos,amara abonos,2026,2026,,,brand not in v0.2,,no,
BRAND_NEW,sandy-shapes,Audace,audace,2026,2026,,,brand not in v0.2,,no,
BRAND_NEW,sandy-shapes,Birbante,birbante,2026,2026,,,brand not in v0.2,,no,
BRAND_NEW,sandy-shapes,Curiosa,curiosa,2026,2026,,,brand not in v0.2,,no,
BRAND_NEW,sandy-shapes,Deliziosa,deliziosa,2026,2026,,,brand not in v0.2,,no,
BRAND_NEW,sandy-shapes,Divina,divina,2026,2026,,,brand not in v0.2,,no,
BRAND_NEW,sandy-shapes,"Divina ""Noserider""",divina noserider,2026,2026,,,brand not in v0.2,quoted-graphic,no,
BRAND_NEW,sandy-shapes,Egoista,egoista,2026,2026,,,brand not in v0.2,,no,
BRAND_NEW,sandy-shapes,Fantastica,fantastica,2026,2026,,,brand not in v0.2,,no,
BRAND_NEW,sandy-shapes,Fantastica Abonos™,fantastica abonostm,2026,2026,,,brand not in v0.2,,no,
BRAND_NEW,sandy-shapes,Fantastica Magica splitboard,fantastica magica,2026,2026,,,brand not in v0.2,,no,
BRAND_NEW,sandy-shapes,Infinita C,infinita c,2026,2026,,,brand not in v0.2,,no,
BRAND_NEW,sandy-shapes,Infinita Private Label ltd,infinita private label,2026,2026,,,brand not in v0.2,,no,
BRAND_NEW,sandy-shapes,Infinita R,infinita r,2026,2026,,,brand not in v0.2,,no,
BRAND_NEW,sandy-shapes,Infinita RC,infinita rc,2026,2026,,,brand not in v0.2,,no,
BRAND_NEW,sandy-shapes,Infinita XC,infinita xc,2026,2026,,,brand not in v0.2,,no,
BRAND_NEW,sandy-shapes,Infinita XR,infinita xr,2026,2026,,,brand not in v0.2,,no,
BRAND_NEW,sandy-shapes,Magnifica,magnifica,2026,2026,,,brand not in v0.2,,no,
BRAND_NEW,sandy-shapes,Magnifica Abonos,magnifica abonos,2026,2026,,,brand not in v0.2,,no,
BRAND_NEW,sandy-shapes,Regina,regina,2026,2026,,,brand not in v0.2,,no,
BRAND_NEW,sandy-shapes,Regina Abonos,regina abonos,2026,2026,,,brand not in v0.2,,no,
BRAND_NEW,sandy-shapes,Ribelle camber,ribelle,2026,2026,,,brand not in v0.2,,no,
BRAND_NEW,sandy-shapes,Veloce Junior,veloce,2026,2026,,,brand not in v0.2,,no,
BRAND_NEW,sandy-shapes,Virtuosa,virtuosa,2026,2026,,,brand not in v0.2,,no,
BRAND_NEW,sandy-shapes,Virtuosa Magica splitboard,virtuosa magica,2026,2026,,,brand not in v0.2,,no,
BRAND_NEW,sandy-shapes,Zingara,zingara,2026,2026,,,brand not in v0.2,,no,
BRAND_NEW,sandy-shapes,"Zingara ""X EVO""",zingara x evo,2026,2026,,,brand not in v0.2,quoted-graphic,no,
BRAND_NEW,sandy-shapes,Zingara Magica splitboard,zingara magica,2026,2026,,,brand not in v0.2,,no,
MATCH,season,Forma,forma,2026,2026,Season Eqpt,Forma,,,enrich,
MATCH,season,Kin,kin,2026,2026,Season Eqpt,Kin,,,enrich,
SENDIT_ONLY,season,Lolo,lolo,2026,2026,Season Eqpt,,,,yes,
MATCH,season,Nexus,nexus,2026,2026,Season Eqpt,Nexus,,,enrich,
SENDIT_ONLY,season,Pass Splitboard & Skins Bundle,pass splitboard skins bundle,2026,2026,Season Eqpt,,,package,no,
SENDIT_ONLY,season,Primer,primer,2026,2026,Season Eqpt,,,,yes,
MATCH,sg,Force,force,2026,2026,SG Snowboards,Force,,,enrich,
SENDIT_ONLY,sg,Force Pv,force pv,2026,2026,SG Snowboards,,,,yes,
MATCH,sg,Free Solo,free solo,2026,2026,SG Snowboards,Free Solo,,,enrich,
MATCH,sg,Full Carve,full carve,2026,2026,SG Snowboards,Full Carve,,,enrich,
SENDIT_ONLY,sg,Full Race Pro Team,full race pro team,2026,2026,SG Snowboards,,,,yes,
SENDIT_ONLY,sg,Full Race Titan,full race titan,2026,2026,SG Snowboards,,,,yes,
MATCH,sg,Fullspeed,fullspeed,2026,2026,SG Snowboards,Fullspeed,,,enrich,
MATCH,sg,Shred,shred,2026,2026,SG Snowboards,Shred,,,enrich,
MATCH,sg,Soul,soul,2026,2026,SG Snowboards,Soul,,,enrich,
SENDIT_ONLY,sg,Soul Titan,soul titan,2026,2026,SG Snowboards,,,,yes,
MATCH,sg,The Cult,the cult,2026,2026,SG Snowboards,The Cult,,,enrich,
SENDIT_ONLY,signal,Ambient - Frog Off,ambient frog off,2026,2026,Signal,,,,yes,
SENDIT_ONLY,signal,Compass - Duel,compass duel,2026,2026,Signal,,,,yes,
SENDIT_ONLY,signal,Disruptor - Higher Power,disruptor higher power,2026,2026,Signal,,,,yes,
SENDIT_ONLY,signal,Ludo - Blaster,ludo blaster,2026,2026,Signal,,,,yes,
SENDIT_ONLY,signal,Ludo - Machine,ludo machine,2026,2026,Signal,,,,yes,
SENDIT_ONLY,signal,Omni - Arata 2,omni arata 2,2026,2026,Signal,,,,yes,
SENDIT_ONLY,signal,Park Kids - Rocket Power,park kids rocket power,2026,2026,Signal,,,,yes,
SENDIT_ONLY,signal,Park Pro - BLOOD WIZARD,park pro blood wizard,2026,2026,Signal,,,,yes,
SENDIT_ONLY,signal,Park Pro - Gutter Phoenix,park pro gutter phoenix,2026,2026,Signal,,,,yes,
SENDIT_ONLY,signal,Park Series - Subvert,park series subvert,2026,2026,Signal,,,,yes,
SENDIT_ONLY,signal,Platinum - Flare,platinum flare,2026,2026,Signal,,,,yes,
SENDIT_ONLY,signal,SIGNAL X PICKLE STIX - Yup OG,signal x pickle stix yup og,2026,2026,Signal,,,,yes,
SENDIT_ONLY,signal,Tailgunner - Radar,tailgunner radar,2026,2026,Signal,,,,yes,
SENDIT_ONLY,signal,UN - Yuki Pro,un yuki pro,2026,2026,Signal,,,,yes,
SENDIT_ONLY,signal,Wampeater - Drive In,wampeater drive in,2026,2026,Signal,,,,yes,
SENDIT_ONLY,signal,Yuki Pro - UN,yuki pro un,2026,2026,Signal,,,,yes,
SENDIT_ONLY,signal,Yup - RPM,yup rpm,2026,2026,Signal,,,,yes,
MATCH,sims,ATV,atv,2024,2026,Sims,ATV,,,enrich,
SENDIT_ONLY,sims,ATVX,atvx,2024,2026,Sims,,,,yes,
SENDIT_ONLY,sims,Aurum,aurum,2026,2026,Sims,,,,yes,
SENDIT_ONLY,sims,Bowl Squad,bowl squad,2024,2026,Sims,,,,yes,
SENDIT_ONLY,sims,Distortion,distortion,2024,2026,Sims,,,,yes,
MATCH,sims,Fakie,fakie,2025,2026,Sims,Fakie,,,enrich,
SENDIT_ONLY,sims,Fluid,fluid,2024,2026,Sims,,,,yes,
SENDIT_ONLY,sims,Joker,joker,2025,2026,Sims,,,,yes,
SENDIT_ONLY,sims,Macrodose,macrodose,2024,2026,Sims,,,,yes,
SENDIT_ONLY,sims,Mystery Lunch,mystery lunch,2024,2026,Sims,,,,yes,
SENDIT_ONLY,sims,Nub,nub,2024,2026,Sims,,,,yes,
SENDIT_ONLY,sims,Nub USA,nub usa,2026,2026,Sims,,,,yes,
SENDIT_ONLY,sims,Salt,salt,2026,2026,Sims,,,,yes,
SENDIT_ONLY,sims,UAP,uap,2024,2026,Sims,,,,yes,
SENDIT_ONLY,sims,Vanilla,vanilla,2024,2026,Sims,,,,yes,
SENDIT_ONLY,sims,ATV Pro,atv pro,2024,2025,Sims,,,,yes,
SENDIT_ONLY,sims,Bowl Squad Pro,bowl squad pro,2024,2025,Sims,,,,yes,
SENDIT_ONLY,sims,Undertaker,undertaker,2024,2025,Sims,,,,yes,
SENDIT_ONLY,sims,Solo,solo,2024,2024,Sims,,,,yes,
SENDIT_ONLY,sims,The Day,the day,2024,2024,Sims,,,,yes,
SENDIT_ONLY,slash,Slash x Posca Kids,slash x posca,2026,2026,Slash,,,collab,no,
SENDIT_ONLY,slash,ApArtment Brainstorm,apartment brainstorm,2025,2025,Slash,,,,yes,
SENDIT_ONLY,slash,ApArtment Portal,apartment portal,2025,2025,Slash,,,,yes,
SENDIT_ONLY,slash,ApArtment Spectrum,apartment spectrum,2025,2025,Slash,,,,yes,
SENDIT_ONLY,slash,ApArtment Straight,apartment straight,2025,2025,Slash,,,,yes,
SENDIT_ONLY,slash,ApArtment Vertical,apartment vertical,2025,2025,Slash,,,,yes,
SENDIT_ONLY,slash,Blank Drop ATV,blank drop atv,2025,2025,Slash,,,,yes,
SENDIT_ONLY,slash,Blank Drop Floater,blank drop floater,2025,2025,Slash,,,,yes,
SENDIT_ONLY,slash,Blank Drop Happy Place,blank drop happy place,2025,2025,Slash,,,,yes,
SENDIT_ONLY,slash,Blank Drop Vertical,blank drop vertical,2025,2025,Slash,,,,yes,
SENDIT_ONLY,slash,Splash x Stinky,splash x stinky,2025,2025,Slash,,,collab,no,
SENDIT_ONLY,slash,Thumbs x Slash Happy Place,thumbs x slash happy place,2025,2025,Slash,,,collab,no,
SENDIT_ONLY,slash,Actively Positive Brainstorm Splitboard,actively positive brainstorm,2023,2023,Slash,,,,yes,
SENDIT_ONLY,slash,Actively Positive Straight,actively positive straight,2023,2023,Slash,,,,yes,
SENDIT_ONLY,slash,ApArtment Happy Place,apartment happy place,2023,2023,Slash,,,,yes,
SENDIT_ONLY,slash,Present Future Vertical,present future vertical,2021,2021,Slash,,,,yes,
BRAND_NEW,snoplanks,Asym Fish,asym fish,2026,2026,,,brand not in v0.2,,no,
BRAND_NEW,snoplanks,Asym Twin,asym twin,2026,2026,,,brand not in v0.2,,no,
BRAND_NEW,stone,Bisous,bisous,2026,2026,,,brand not in v0.2,,no,
BRAND_NEW,stone,Critter,critter,2026,2026,,,brand not in v0.2,,no,
BRAND_NEW,stone,Farther,farther,2026,2026,,,brand not in v0.2,,no,
BRAND_NEW,stone,Gonzo,gonzo,2026,2026,,,brand not in v0.2,,no,
BRAND_NEW,stone,Message,message,2026,2026,,,brand not in v0.2,,no,
BRAND_NEW,stone,Mini Message,mini message,2026,2026,,,brand not in v0.2,,no,
BRAND_NEW,stone,Mini Stoner,mini stoner,2026,2026,,,brand not in v0.2,,no,
BRAND_NEW,stone,Natural 7 Hugo Serra,natural 7 hugo serra,2026,2026,,,brand not in v0.2,,no,
BRAND_NEW,stone,Origin,origin,2026,2026,,,brand not in v0.2,,no,
BRAND_NEW,stone,Thunder,thunder,2026,2026,,,brand not in v0.2,,no,
BRAND_NEW,stone,Totem,totem,2026,2026,,,brand not in v0.2,,no,
SENDIT_ONLY,stranda,Biru,biru,2026,2026,Stranda,,,,yes,
SENDIT_ONLY,stranda,Descender B.C,descender b c,2026,2026,Stranda,,,,yes,
SENDIT_ONLY,stranda,Descender Fjäderlätt,descender fjaderlatt,2026,2026,Stranda,,,,yes,
SENDIT_ONLY,stranda,Shorty B.C,shorty b c,2024,2026,Stranda,,,,yes,
SENDIT_ONLY,stranda,Tree Surfer B.C,tree surfer b c,2026,2026,Stranda,,,,yes,
SENDIT_ONLY,stranda,Women’s Descender,descender,2026,2026,Stranda,,,,yes,
SENDIT_ONLY,stranda,Women’s Shorty,shorty,2026,2026,Stranda,,,,yes,
SENDIT_ONLY,technine,THE CAMROCK F25,the camrock,2026,2026,Technine,,,,yes,
SENDIT_ONLY,technine,THE Enforcer F25,the enforcer,2026,2026,Technine,,,,yes,
SENDIT_ONLY,technine,THE Groundmaster F25,the groundmaster,2026,2026,Technine,,,,yes,
SENDIT_ONLY,technine,THE ICON F25,the icon,2026,2026,Technine,,,,yes,
SENDIT_ONLY,technine,THE IMPALA F25,the impala,2026,2026,Technine,,,,yes,
SENDIT_ONLY,technine,THE MASS APPEAL F25,the mass appeal,2026,2026,Technine,,,,yes,
SENDIT_ONLY,technine,THE Militia Paisley F25,the militia paisley,2026,2026,Technine,,,colorway,no,
SENDIT_ONLY,technine,THE Split-T F25,the split t,2026,2026,Technine,,,,yes,
SENDIT_ONLY,technine,THE T-Money F25,the t money,2026,2026,Technine,,,,yes,
SENDIT_ONLY,technine,THE WASSUP F25,the wassup,2026,2026,Technine,,,,yes,
SENDIT_ONLY,technine,THE YOUNG GUN F25,the young gun,2026,2026,Technine,,,,yes,
SENDIT_ONLY,technine,30THY BY Technine GF01 Combo Camber,30thy by technine gf01 combo,2024,2024,Technine,,,,yes,
SENDIT_ONLY,technine,30THY BY Technine GM01 CamRock,30thy by technine gm01 camrock,2024,2024,Technine,,,,yes,
SENDIT_ONLY,technine,Enforcer 30,enforcer 30,2024,2024,Technine,,,,yes,
SENDIT_ONLY,technine,GEN ALPHA,gen alpha,2024,2024,Technine,,,,yes,
SENDIT_ONLY,technine,GEN X,gen x,2024,2024,Technine,,,,yes,
SENDIT_ONLY,technine,ICON,icon,2024,2024,Technine,,,,yes,
SENDIT_ONLY,technine,JIB RMX,jib rmx,2024,2024,Technine,,,,yes,
SENDIT_ONLY,technine,MASCOT,mascot,2024,2024,Technine,,,,yes,
SENDIT_ONLY,technine,MASS APPEAL,mass appeal,2024,2024,Technine,,,,yes,
SENDIT_ONLY,technine,MTV9,mtv9,2024,2024,Technine,,,,yes,
SENDIT_ONLY,technine,RHYME AND REASON,rhyme and reason,2024,2024,Technine,,,,yes,
SENDIT_ONLY,technine,STREET,street,2024,2024,Technine,,,,yes,
SENDIT_ONLY,technine,TEAM Warrior,team warrior,2024,2024,Technine,,,,yes,
SENDIT_ONLY,technine,THE NINES Heritage ASYM,the nines heritage asym,2024,2024,Technine,,,,yes,
SENDIT_ONLY,technine,WASSUP Heritage,wassup,2024,2024,Technine,,,,yes,
MATCH,telos,BackSlash,backslash,2026,2026,Telos,Backslash,,,enrich,
SENDIT_ONLY,telos,Deros,deros,2026,2026,Telos,,,,yes,
MATCH,telos,DST,dst,2026,2026,Telos,DST,,,enrich,
SENDIT_ONLY,telos,Legend,legend,2026,2026,Telos,,,,yes,
SENDIT_ONLY,telos,Lemurian,lemurian,2026,2026,Telos,,,,yes,
BRAND_NEW,the-bakery,Solo - Flag,solo flag,2024,2024,,,brand not in v0.2,,no,
BRAND_NEW,the-bakery,Solo - Mythenmacher,solo mythenmacher,2024,2024,,,brand not in v0.2,,no,
BRAND_NEW,the-bakery,Solo - Nothing better to do club,solo nothing better to do club,2024,2024,,,brand not in v0.2,,no,
BRAND_NEW,the-boards-company,THE Alfa,the alfa,2026,2026,,,brand not in v0.2,,no,
BRAND_NEW,the-boards-company,THE Alfa TI,the alfa ti,2026,2026,,,brand not in v0.2,,no,
BRAND_NEW,the-boards-company,THE Delta,the delta,2026,2026,,,brand not in v0.2,,no,
BRAND_NEW,the-boards-company,THE Prisma,the prisma,2026,2026,,,brand not in v0.2,,no,
BRAND_NEW,the-boards-company,THE Prisma TI,the prisma ti,2026,2026,,,brand not in v0.2,,no,
BRAND_NEW,the-boards-company,THE Prisma TI – Black,the prisma ti black,2026,2026,,,brand not in v0.2,,no,
BRAND_NEW,the-boards-company,THE Revolt,the revolt,2026,2026,,,brand not in v0.2,,no,
SENDIT_ONLY,thirtytwo,Middle Earth Stevens Pro LTD Snowboard,middle earth stevens pro,2025,2025,ThirtyTwo,,,,yes,
SENDIT_ONLY,thirtytwo,T32M LTD Snowboard,t32m,2025,2025,ThirtyTwo,,,,yes,
SENDIT_ONLY,thirtytwo,Xxx Fava Pro LTD Snowboard,xxx fava pro,2025,2025,ThirtyTwo,,,,yes,
BRAND_NEW,thrive-snowboards,ACCOMPLICE CLASSIC SNOWBOARD,accomplice classic,2026,2026,,,brand not in v0.2,,no,
BRAND_NEW,thrive-snowboards,BEAT SNOWBOARD PROTOTYPE,beat snowboard prototype,2026,2026,,,brand not in v0.2,non-production,no,
BRAND_NEW,thrive-snowboards,NOBADAY MAX SNOWBOARD DEMO,nobaday max snowboard demo,2026,2026,,,brand not in v0.2,non-production,no,
BRAND_NEW,thrive-snowboards,NOBADAY SUNSET SNOWBOARD DEMO,nobaday sunset snowboard demo,2026,2026,,,brand not in v0.2,non-production,no,
BRAND_NEW,thrive-snowboards,POISE SNOWBOARD DEMO,poise snowboard demo,2026,2026,,,brand not in v0.2,non-production,no,
BRAND_NEW,thrive-snowboards,RELENTLESS CLASSIC SNOWBOARD,relentless classic,2026,2026,,,brand not in v0.2,,no,
BRAND_NEW,thrive-snowboards,RELENTLESS PRO SNOWBOARD,relentless pro,2026,2026,,,brand not in v0.2,,no,
BRAND_NEW,thrive-snowboards,RENEGADE RGV2 SNOWBOARD,renegade rgv2,2026,2026,,,brand not in v0.2,,no,
BRAND_NEW,thrive-snowboards,SABER SNOWBOARD PROTOTYPE,saber snowboard prototype,2026,2026,,,brand not in v0.2,non-production,no,
BRAND_NEW,thrive-snowboards,WILDERNESS SPLITBOARD,wilderness,2026,2026,,,brand not in v0.2,,no,
BRAND_NEW,trapper,Antic,antic,2026,2026,,,brand not in v0.2,,no,
BRAND_NEW,trapper,Brigade,brigade,2026,2026,,,brand not in v0.2,,no,
BRAND_NEW,trapper,Carcajou,carcajou,2026,2026,,,brand not in v0.2,,no,
BRAND_NEW,trapper,Howler,howler,2026,2026,,,brand not in v0.2,,no,
BRAND_NEW,trapper,Mischief,mischief,2026,2026,,,brand not in v0.2,,no,
BRAND_NEW,trapper,Noctua Swallow Tail,noctua swallow tail,2026,2026,,,brand not in v0.2,,no,
BRAND_NEW,trapper,Poacher,poacher,2026,2026,,,brand not in v0.2,,no,
BRAND_NEW,trapper,Trout Trap,trout trap,2026,2026,,,brand not in v0.2,,no,
BRAND_NEW,trapper,Ursa Major,ursa major,2026,2026,,,brand not in v0.2,,no,
BRAND_NEW,trapper,Voyageur,voyageur,2026,2026,,,brand not in v0.2,,no,
MATCH,united-shapes,Cadet,cadet,2026,2026,United Shapes,Cadet,,,enrich,
SENDIT_ONLY,united-shapes,Deep Reach,deep reach,2026,2026,United Shapes,,,,yes,
SENDIT_ONLY,united-shapes,Experiment,experiment,2026,2026,United Shapes,,,,yes,
MATCH,united-shapes,Horizon,horizon,2026,2026,United Shapes,Horizon,,,enrich,
SENDIT_ONLY,united-shapes,Object,object,2026,2026,United Shapes,,,,yes,
MATCH,united-shapes,Transmission,transmission,2026,2026,United Shapes,Transmission,,,enrich,
SENDIT_ONLY,unity,180 Carbon Dominion Splitboard,carbon dominion,2019,2019,Unity,,,,yes,
MATCH,unity,DOMINION,dominion,2019,2019,Unity,Dominion,,,enrich,
MATCH,unity,ORIGIN,origin,2019,2019,Unity,Origin,,,enrich,
MATCH,unity,PRIDE,pride,2019,2019,Unity,Pride,,,enrich,
SENDIT_ONLY,unity,WHALE,whale,2019,2019,Unity,,,,yes,
SENDIT_ONLY,unity,WHALE Splitboards,whale splitboards,2019,2019,Unity,,,,yes,
SENDIT_ONLY,venture,Euphoria,euphoria,2026,2026,Venture,,,,yes,
SENDIT_ONLY,venture,Odin,odin,2026,2026,Venture,,,,yes,
SENDIT_ONLY,venture,Paragon,paragon,2026,2026,Venture,,,,yes,
SENDIT_ONLY,venture,Storm,storm,2026,2026,Venture,,,,yes,
BRAND_NEW,verdad,Aguila – 14th Range,aguila 14th range,2026,2026,,,brand not in v0.2,,no,
BRAND_NEW,verdad,Alpine – 14th Range,alpine 14th range,2026,2026,,,brand not in v0.2,,no,
BRAND_NEW,verdad,Grand Cru – 14th Range,grand cru 14th range,2026,2026,,,brand not in v0.2,,no,
BRAND_NEW,verdad,THE EMPEROR – 14th Range,the emperor 14th range,2026,2026,,,brand not in v0.2,,no,
BRAND_NEW,verdad,Winter Is Mine – 14th Range,winter is mine 14th range,2024,2024,,,brand not in v0.2,,no,
SENDIT_ONLY,virus,Avalanche AFT,avalanche aft,2026,2026,Virus,,,,yes,
SENDIT_ONLY,virus,Avalanche AFT FLP,avalanche aft flp,2026,2026,Virus,,,,yes,
SENDIT_ONLY,virus,Avalanche AFT Grand Tour SplitBoard,avalanche aft grand tour,2026,2026,Virus,,,,yes,
SENDIT_ONLY,virus,Black Death III+ Zylon Elektron Pro,black death iii zylon elektron pro,2026,2026,Virus,,,,yes,
SENDIT_ONLY,virus,Black Death IV Zylon Elektron Pro,black death iv zylon elektron pro,2026,2026,Virus,,,,yes,
SENDIT_ONLY,virus,BX Boardercross Worldcup UFC,bx boardercross worldcup ufc,2026,2026,Virus,,,,yes,
SENDIT_ONLY,virus,BX WorldCup - HyperCarbon,bx worldcup hypercarbon,2026,2026,Virus,,,,yes,
SENDIT_ONLY,virus,Evolution Series - UltraCarbon,evolution series ultracarbon,2026,2026,Virus,,,,yes,
SENDIT_ONLY,virus,GS - Worldcup Race Lab- Zylon II,gs worldcup race lab zylon ii,2026,2026,Virus,,,,yes,
SENDIT_ONLY,virus,GS WorldCup RaceLAB - HyperCarbon,gs worldcup racelab hypercarbon,2026,2026,Virus,,,,yes,
SENDIT_ONLY,virus,La Glisse - HyperCarbon,la glisse hypercarbon,2026,2026,Virus,,,,yes,
SENDIT_ONLY,virus,Le Surf Performance,le surf performance,2026,2026,Virus,,,,yes,
SENDIT_ONLY,virus,Le Surf Pro - CarbonTitan,le surf pro carbontitan,2026,2026,Virus,,,,yes,
SENDIT_ONLY,virus,Le Surf pro - CarbonWood,le surf pro carbonwood,2026,2026,Virus,,,,yes,
SENDIT_ONLY,virus,Phantom Zylon Elektron Pro,phantom zylon elektron pro,2026,2026,Virus,,,,yes,
SENDIT_ONLY,virus,Powstick,powstick,2026,2026,Virus,,,,yes,
SENDIT_ONLY,virus,Revolution FR - HyperCarbon,revolution fr hypercarbon,2026,2026,Virus,,,,yes,
SENDIT_ONLY,virus,Revolution Performance FR,revolution performance fr,2026,2026,Virus,,,,yes,
SENDIT_ONLY,virus,Revolution Pro - CarbonWood,revolution pro carbonwood,2026,2026,Virus,,,,yes,
SENDIT_ONLY,virus,Scalpel Supercarver,scalpel supercarver,2026,2026,Virus,,,,yes,
SENDIT_ONLY,virus,Scalpel Supercarver Premium - CarbonTitan,scalpel supercarver premium carbontitan,2026,2026,Virus,,,,yes,
SENDIT_ONLY,virus,Skwal HyperCarbon,skwal hypercarbon,2026,2026,Virus,,,,yes,
SENDIT_ONLY,virus,SL Junior Race Series,sl junior race,2026,2026,Virus,,,,yes,
SENDIT_ONLY,virus,SL WorldCup RaceLAB - HyperCarbon,sl worldcup racelab hypercarbon,2026,2026,Virus,,,,yes,
SENDIT_ONLY,virus,SL WorldCup RaceLAB - Zylon II,sl worldcup racelab zylon ii,2026,2026,Virus,,,,yes,
SENDIT_ONLY,virus,SL WorldCup RaceLAB - Zylon II Black Edition,sl worldcup racelab zylon ii black edition,2026,2026,Virus,,,colorway,no,
SENDIT_ONLY,virus,TwinCarve - CamoCarbon,twincarve camocarbon,2026,2026,Virus,,,,yes,
SENDIT_ONLY,virus,Twincarve HyperCarbon,twincarve hypercarbon,2026,2026,Virus,,,,yes,
SENDIT_ONLY,virus,Worldcup Race Lab- Zylon II Black Edition,worldcup race lab zylon ii black edition,2026,2026,Virus,,,colorway,no,
SENDIT_ONLY,virus,X-Carve carbon,x carve carbon,2026,2026,Virus,,,,yes,
SENDIT_ONLY,virus,X-treme Carver II Premium,x treme carver ii,2026,2026,Virus,,,,yes,
SENDIT_ONLY,virus,Zylon Elektron Series,zylon elektron,2026,2026,Virus,,,,yes,
SENDIT_ONLY,virus,Avalanche AFT Zylon II,avalanche aft zylon ii,2023,2023,Virus,,,,yes,
SENDIT_ONLY,virus,BX WorldCup - Zylon II,bx worldcup zylon ii,2023,2023,Virus,,,,yes,
SENDIT_ONLY,virus,Le Surf - Zylon II,le surf zylon ii,2023,2023,Virus,,,,yes,
SENDIT_ONLY,virus,Revolution - Zylon II,revolution zylon ii,2023,2023,Virus,,,,yes,
SENDIT_ONLY,virus,TwinCarve Zylon II,twincarve zylon ii,2023,2023,Virus,,,,yes,
SENDIT_ONLY,virus,X-Carve Zylon II,x carve zylon ii,2023,2023,Virus,,,,yes,
SENDIT_ONLY,voile,Hyper V-Tail,hyper v tail,2026,2026,Voile,,,,yes,
SENDIT_ONLY,voile,Revelator,revelator,2026,2026,Voile,,,,yes,
SENDIT_ONLY,voile,Revelator BC,revelator bc,2026,2026,Voile,,,,yes,
SENDIT_ONLY,voile,Skyline,skyline,2026,2026,Voile,,,,yes,
SENDIT_ONLY,voile,Spartan,spartan,2026,2026,Voile,,,,yes,
SENDIT_ONLY,voile,Spartan Ascent,spartan ascent,2026,2026,Voile,,,,yes,
SENDIT_ONLY,west,Arvine DLW,arvine dlw,2026,2026,WEST,,,,yes,
SENDIT_ONLY,west,CPT Achab DLW,cpt achab dlw,2026,2026,WEST,,,,yes,
SENDIT_ONLY,west,Grammont Splitboard,grammont,2026,2026,WEST,,,,yes,
SENDIT_ONLY,west,K-West 8,k west 8,2026,2026,WEST,,,,yes,
SENDIT_ONLY,west,La Hache DLW,la hache dlw,2026,2026,WEST,,,,yes,
SENDIT_ONLY,west,Muveran Splitboard,muveran,2026,2026,WEST,,,,yes,
SENDIT_ONLY,west,Nation 10,nation 10,2026,2026,WEST,,,,yes,
SENDIT_ONLY,west,OG standard,og standard,2026,2026,WEST,,,,yes,
SENDIT_ONLY,west,U7opia DLW,u7opia dlw,2026,2026,WEST,,,,yes,
MATCH,weston,Backwoods,backwoods,2026,2026,Weston,Backwoods,,,enrich,
MATCH,weston,Dream Machine,dream machine,2026,2026,Weston,Dream Machine,,,enrich,
SENDIT_ONLY,weston,Eclipse,eclipse,2026,2026,Weston,,,,yes,
MATCH,weston,Gnarnia,gnarnia,2026,2026,Weston,Gnarnia,,,enrich,
MATCH,weston,Hatchet,hatchet,2026,2026,Weston,Hatchet,,,enrich,
MATCH,weston,Japow,japow,2026,2026,Weston,Japow,,,enrich,
SENDIT_ONLY,weston,Japow Snowboard x Hokkaido Backcountry Club,japow snowboard x hokkaido backcountry club,2026,2026,Weston,,,collab,no,
SENDIT_ONLY,weston,Japow Splitboard x Hokkaido Backcountry Club,japow splitboard x hokkaido backcountry club,2026,2026,Weston,,,collab,no,
MATCH,weston,Logger,logger,2026,2026,Weston,Logger,,,enrich,
BRAND_NEW,whitespace,AMF Twin,amf twin,2026,2026,,,brand not in v0.2,,no,
BRAND_NEW,whitespace,Freestyle Shaun White Pro,freestyle shaun white pro,2026,2026,,,brand not in v0.2,,no,
BRAND_NEW,whitespace,ICONA,icona,2026,2026,,,brand not in v0.2,,no,
BRAND_NEW,whitespace,Kids' Freestyle Shaun White Pro,kids freestyle shaun white pro,2026,2026,,,brand not in v0.2,,no,
BRAND_NEW,whitespace,MAAX,maax,2026,2026,,,brand not in v0.2,,no,
BRAND_NEW,whitespace,Moncler Grenoble x Whitespace,moncler grenoble x whitespace,2026,2026,,,brand not in v0.2,collab,no,
BRAND_NEW,whitespace,Montano,montano,2026,2026,,,brand not in v0.2,,no,
BRAND_NEW,whitespace,Women's Freestyle,freestyle,2026,2026,,,brand not in v0.2,,no,
SENDIT_ONLY,winter-stick,50th Anniversary Swallowtail®,50th anniversary swallowtail,2026,2026,Winterstick,,,special-edition,no,
SENDIT_ONLY,winter-stick,ARK,ark,2026,2026,Winterstick,,,,yes,
SENDIT_ONLY,winter-stick,ARKANE,arkane,2026,2026,Winterstick,,,,yes,
SENDIT_ONLY,winter-stick,Aurora,aurora,2026,2026,Winterstick,,,,yes,
SENDIT_ONLY,winter-stick,Dauntless,dauntless,2026,2026,Winterstick,,,,yes,
SENDIT_ONLY,winter-stick,Day Dreamer,day dreamer,2026,2026,Winterstick,,,,yes,
SENDIT_ONLY,winter-stick,Mantis,mantis,2026,2026,Winterstick,,,,yes,
SENDIT_ONLY,winter-stick,Pintail,pintail,2026,2026,Winterstick,,,,yes,
MATCH,winter-stick,Roundtail,roundtail,2026,2026,Winterstick,Roundtail,,,enrich,
SENDIT_ONLY,winter-stick,Seth Wescott Pro,seth wescott pro,2026,2026,Winterstick,,,,yes,
MATCH,winter-stick,Swallowtail®,swallowtail,2026,2026,Winterstick,Swallowtail,,,enrich,
SENDIT_ONLY,winter-stick,Tantra,tantra,2026,2026,Winterstick,,,,yes,
SENDIT_ONLY,winter-stick,Tom Burt,tom burt,2026,2026,Winterstick,,,,yes,
SENDIT_ONLY,winter-stick,Yute Podium,yute podium,2026,2026,Winterstick,,,,yes,
SENDIT_ONLY,winter-stick,Yute Swally,yute swally,2026,2026,Winterstick,,,,yes,
SENDIT_ONLY,winter-stick,Yute Twin,yute twin,2026,2026,Winterstick,,,,yes,
SENDIT_ONLY,yes,Airmaster 3D Men's Snowboard,airmaster 3d,2026,2026,YES.,,,,yes,
SENDIT_ONLY,yes,Airmaster Xtrm Fridge 3D Men's Snowboard,airmaster xtrm fridge 3d,2026,2026,YES.,,,,yes,
MATCH,yes,All-In Men's Snowboard,all in,2026,2026,YES.,All-In,,,enrich,
SENDIT_ONLY,yes,All-In Xtrm Men's Snowboard,all in xtrm,2026,2026,YES.,,,,yes,
MATCH,yes,Basic Men's Snowboard,basic,2026,2026,YES.,Basic,,,enrich,
FUZZY,yes,Cream Halldor Men's Snowboard,cream halldor,2026,2026,YES.,Cream Halldor 3D,"fuzzy to ""Cream Halldor 3D""",,no,
SENDIT_ONLY,yes,First Basic Kid's Snowboard,first basic,2026,2026,YES.,,,,yes,
MATCH,yes,Greats Men's Snowboard,greats,2026,2026,YES.,Greats,,,enrich,
SENDIT_ONLY,yes,Greats Xtrm,greats xtrm,2026,2026,YES.,,,,yes,
FUZZY,yes,Hell Yes Snowboard,hell yes,2026,2026,YES.,Hel Yes,"fuzzy to ""Hel Yes""",,no,
MATCH,yes,Pick Your Line Men's Snowboard,pick your line,2026,2026,YES.,Pick Your Line,,,enrich,
SENDIT_ONLY,yes,Pick Your Line Xtrm Men's Snowboard,pick your line xtrm,2026,2026,YES.,,,,yes,
MATCH,yes,Sender Men's Snowboard,sender,2026,2026,YES.,Sender,,,enrich,
SENDIT_ONLY,yes,Sender Xtrm Men's Snowboard,sender xtrm,2026,2026,YES.,,,,yes,
SENDIT_ONLY,yes,Shifter 3D Men's Snowboard,shifter 3d,2026,2026,YES.,,,,yes,
SENDIT_ONLY,yes,Shifter Xtrm Eiki 3D Men's Snowboard,shifter xtrm eiki 3d,2026,2026,YES.,,,,yes,
MATCH,yes,Standard Men's Snowboard,standard,2026,2026,YES.,Standard,,,enrich,
SENDIT_ONLY,yes,Standard Xtrm Dc Men's Snowboard,standard xtrm dc,2026,2026,YES.,,,,yes,
SENDIT_ONLY,yes,Women's Frenzy Snowboard,frenzy,2026,2026,YES.,,,,yes,
MATCH,yes,Women's Rival Snowboard,rival,2026,2026,YES.,Rival,,,enrich,
SENDIT_ONLY,yonex,4XP POWTWIN_24,4xp powtwin,2024,2025,Yonex,,,,yes,
MATCH,yonex,4XP_24,4xp,2024,2025,Yonex,4XP,sendit earlier than ours (2027),,enrich,
SENDIT_ONLY,yonex,ACHSE_24,achse,2024,2025,Yonex,,,,yes,
SENDIT_ONLY,yonex,DECLIC_24 (WOMEN'S),declic,2025,2025,Yonex,,,,yes,
MATCH,yonex,GLIDE_24,glide,2024,2025,Yonex,GLIDE,sendit earlier than ours (2027),,enrich,
SENDIT_ONLY,yonex,GRACE_24 (WOMEN'S),grace,2025,2025,Yonex,,,,yes,
SENDIT_ONLY,yonex,GROWENT_24,growent,2024,2025,Yonex,,,,yes,
MATCH,yonex,LUVARTH_24,luvarth,2024,2025,Yonex,LUVARTH,sendit earlier than ours (2027),,enrich,
MATCH,yonex,NEXTAGE_24,nextage,2024,2025,Yonex,NEXTAGE,sendit earlier than ours (2027),,enrich,
MATCH,yonex,REGNA_24,regna,2024,2025,Yonex,REGNA,sendit earlier than ours (2027),,enrich,
MATCH,yonex,REV_24,rev,2024,2025,Yonex,REV,sendit earlier than ours (2027),,enrich,
MATCH,yonex,SLEEK_24 (WOMEN'S),sleek,2025,2025,Yonex,SLEEK,sendit earlier than ours (2027),,enrich,
SENDIT_ONLY,yonex,SMOOTH SHORTIE_24,smooth shortie,2024,2025,Yonex,,,,yes,
MATCH,yonex,SMOOTH_24,smooth,2024,2025,Yonex,SMOOTH,sendit earlier than ours (2027),,enrich,
MATCH,yonex,STYLAHOLIC_24,stylaholic,2024,2025,Yonex,STYLAHOLIC,sendit earlier than ours (2027),,enrich,
SENDIT_ONLY,yonex,SYMARC Mg_24,symarc mg,2024,2025,Yonex,,,,yes,
SENDIT_ONLY,yonex,SYMARC_24,symarc,2024,2025,Yonex,,,,yes,
SENDIT_ONLY,yonex,THE C_24 SOFT FLEX / HARD FLEX,the c soft flex hard flex,2025,2025,Yonex,,,,yes,
SENDIT_ONLY,yonex,THRUST_24,thrust,2024,2025,Yonex,,,,yes,
