event_id,discipline,division_label,division_gender,division_class,division_age_band,event_name,place,rider_name,nationality,score_or_time,notes,sources,confidence,citation_status
air-and-style--2016-a,big-air,,mixed,open,,,1,Sébastien Toutant,,,,"{""https://de.wikipedia.org/wiki/Air_%26_Style/Wertungen""}",verified,live-source
air-and-style--2016-a,big-air,,mixed,open,,,2,Marcus Kleveland,,,,"{""https://de.wikipedia.org/wiki/Air_%26_Style/Wertungen""}",verified,live-source
air-and-style--2016-a,big-air,,mixed,open,,,3,Torgeir Bergrem,,,,"{""https://de.wikipedia.org/wiki/Air_%26_Style/Wertungen""}",verified,live-source
burton-european-open--2014,halfpipe,,men,open,,,1,Iouri Podladtchikov,SUI,86.30,,"{""https://www.worldsnowboardfederation.org/ursina-haller-and-iouri-podladtchikov-win-the-6-star-burton-european-open-halfpi/""}",verified,live-source
burton-european-open--2014,halfpipe,,men,open,,,2,Christian Haller,SUI,84.90,,"{""https://www.worldsnowboardfederation.org/ursina-haller-and-iouri-podladtchikov-win-the-6-star-burton-european-open-halfpi/""}",verified,live-source
burton-european-open--2014,halfpipe,,men,open,,,3,Janne Korpi,FIN,,,"{""https://www.worldsnowboardfederation.org/ursina-haller-and-iouri-podladtchikov-win-the-6-star-burton-european-open-halfpi/""}",verified,live-source
burton-european-open--2014,halfpipe,,women,open,,,1,Ursina Haller,SUI,92.20,,"{""https://www.worldsnowboardfederation.org/ursina-haller-and-iouri-podladtchikov-win-the-6-star-burton-european-open-halfpi/""}",verified,live-source
burton-european-open--2014,halfpipe,,women,open,,,2,Verena Rohrer,SUI,,,"{""https://www.worldsnowboardfederation.org/ursina-haller-and-iouri-podladtchikov-win-the-6-star-burton-european-open-halfpi/""}",verified,live-source
burton-european-open--2014,halfpipe,,women,open,,,3,Carla Somaini,SUI,,,"{""https://www.worldsnowboardfederation.org/ursina-haller-and-iouri-podladtchikov-win-the-6-star-burton-european-open-halfpi/""}",verified,live-source
burton-european-open--2014,slopestyle,,men,open,,,1,Brage Richenburg,NOR,,,"{""https://whitelines.com/snowboard-culture/snowboard-events/burton-european-open-results.html""}",likely,live-source
burton-european-open--2014,slopestyle,,men,open,,,2,Aleks Ostreng,NOR,,,"{""https://whitelines.com/snowboard-culture/snowboard-events/burton-european-open-results.html""}",likely,live-source
burton-european-open--2014,slopestyle,,men,open,,,3,Mons Roisland,NOR,,,"{""https://whitelines.com/snowboard-culture/snowboard-events/burton-european-open-results.html""}",likely,live-source
burton-european-open--2014,slopestyle,,women,open,,,1,Isabel Derungs,SUI,,,"{""https://whitelines.com/snowboard-culture/snowboard-events/burton-european-open-results.html""}",likely,live-source
burton-european-open--2014,slopestyle,,women,open,,,2,Miyabi Onitsuka,JPN,,,"{""https://whitelines.com/snowboard-culture/snowboard-events/burton-european-open-results.html""}",likely,live-source
burton-european-open--2014,slopestyle,,women,open,,,3,Elena Konz,SUI,,,"{""https://whitelines.com/snowboard-culture/snowboard-events/burton-european-open-results.html""}",likely,live-source
burton-european-open--2015,halfpipe,,men,open,,,1,Iouri Podladtchikov,,,,"{""https://www.snowboarder.com/news/burton-european-open-halfpipe-finals-kelly-clark-iouri-podladtchikov""}",verified,live-source
burton-european-open--2015,halfpipe,,men,open,,,2,Ayumu Hirano,,,,"{""https://www.snowboarder.com/news/burton-european-open-halfpipe-finals-kelly-clark-iouri-podladtchikov""}",verified,live-source
burton-european-open--2015,halfpipe,,men,open,,,3,David Habluetzel,,,,"{""https://www.snowboarder.com/news/burton-european-open-halfpipe-finals-kelly-clark-iouri-podladtchikov""}",verified,live-source
burton-european-open--2015,halfpipe,,women,open,,,1,Kelly Clark,,,,"{""https://www.snowboarder.com/news/burton-european-open-halfpipe-finals-kelly-clark-iouri-podladtchikov""}",verified,live-source
burton-european-open--2015,halfpipe,,women,open,,,2,Chloe Kim,,,,"{""https://www.snowboarder.com/news/burton-european-open-halfpipe-finals-kelly-clark-iouri-podladtchikov""}",verified,live-source
burton-european-open--2015,halfpipe,,women,open,,,3,Nadja Purtschert,,,,"{""https://www.snowboarder.com/news/burton-european-open-halfpipe-finals-kelly-clark-iouri-podladtchikov""}",verified,live-source
burton-european-open--2015,slopestyle,,men,open,,,1,Stale Sandbech,NOR,91.4,,"{""https://whitelines.com/snowboard-culture/snowboard-events/burton-european-open-laax-2015-slopestyle-final-results.html""}",verified,live-source
burton-european-open--2015,slopestyle,,men,open,,,2,Mark McMorris,CAN,,,"{""https://whitelines.com/snowboard-culture/snowboard-events/burton-european-open-laax-2015-slopestyle-final-results.html""}",verified,live-source
burton-european-open--2015,slopestyle,,men,open,,,3,Torstein Horgmo,NOR,,,"{""https://whitelines.com/snowboard-culture/snowboard-events/burton-european-open-laax-2015-slopestyle-final-results.html""}",verified,live-source
burton-european-open--2015,slopestyle,,women,open,,,1,Christy Prior,,84.00,,"{""https://www.worldsnowboardfederation.org/stale-sandbech-christy-prior-win-slopestyle-finals-burton-european-open/"",""https://whitelines.com/snowboard-culture/snowboard-events/burton-european-open-laax-2015-slopestyle-final-results.html""}",verified,live-source
burton-european-open--2015,slopestyle,,women,open,,,2,Jamie Anderson,USA,,,"{""https://www.worldsnowboardfederation.org/stale-sandbech-christy-prior-win-slopestyle-finals-burton-european-open/"",""https://whitelines.com/snowboard-culture/snowboard-events/burton-european-open-laax-2015-slopestyle-final-results.html""}",verified,live-source
burton-european-open--2015,slopestyle,,women,open,,,3,Enni Rukajarvi,FIN,,,"{""https://www.worldsnowboardfederation.org/stale-sandbech-christy-prior-win-slopestyle-finals-burton-european-open/"",""https://whitelines.com/snowboard-culture/snowboard-events/burton-european-open-laax-2015-slopestyle-final-results.html""}",verified,live-source
laax-open--2017,halfpipe,,men,open,,,1,Chase Josey,USA,97.75,,"{""https://www.methodmag.com/news/chase-josey-and-chloe-kim-win-laax-open-2017.html"",""https://laaxopen.com/en/hall-of-fame/""}",verified,live-source
laax-open--2017,halfpipe,,men,open,,,2,Scotty James,AUS,,,"{""https://www.methodmag.com/news/chase-josey-and-chloe-kim-win-laax-open-2017.html"",""https://laaxopen.com/en/hall-of-fame/""}",verified,live-source
laax-open--2017,halfpipe,,men,open,,,3,Iouri Podladtchikov,SUI,,,"{""https://www.methodmag.com/news/chase-josey-and-chloe-kim-win-laax-open-2017.html"",""https://laaxopen.com/en/hall-of-fame/""}",verified,live-source
laax-open--2017,halfpipe,,women,open,,,1,Chloe Kim,USA,90.50,,"{""https://www.methodmag.com/news/chase-josey-and-chloe-kim-win-laax-open-2017.html"",""https://laaxopen.com/en/hall-of-fame/""}",verified,live-source
laax-open--2017,halfpipe,,women,open,,,2,Arielle Gold,USA,,,"{""https://www.methodmag.com/news/chase-josey-and-chloe-kim-win-laax-open-2017.html"",""https://laaxopen.com/en/hall-of-fame/""}",verified,live-source
laax-open--2017,halfpipe,,women,open,,,3,Cai Xuetong,CHN,,,"{""https://www.methodmag.com/news/chase-josey-and-chloe-kim-win-laax-open-2017.html"",""https://laaxopen.com/en/hall-of-fame/""}",verified,live-source
laax-open--2017,slopestyle,,men,open,,,1,Max Parrot,CAN,91.58,,"{""https://www.fis-ski.com/snowboard-park-and-pipe/news/2018-19/articlerukajarvi-and-parrot-top-europe-most-prestigious-snowboard-event""}",verified,live-source
laax-open--2017,slopestyle,,men,open,,,2,Mark McMorris,CAN,88.96,,"{""https://www.fis-ski.com/snowboard-park-and-pipe/news/2018-19/articlerukajarvi-and-parrot-top-europe-most-prestigious-snowboard-event""}",verified,live-source
laax-open--2017,slopestyle,,men,open,,,3,Tyler Nicholson,CAN,,,"{""https://www.fis-ski.com/snowboard-park-and-pipe/news/2018-19/articlerukajarvi-and-parrot-top-europe-most-prestigious-snowboard-event""}",verified,live-source
laax-open--2017,slopestyle,,women,open,,,1,Enni Rukajarvi,FIN,84.83,,"{""https://www.fis-ski.com/snowboard-park-and-pipe/news/2018-19/articlerukajarvi-and-parrot-top-europe-most-prestigious-snowboard-event""}",verified,live-source
laax-open--2017,slopestyle,,women,open,,,2,Anna Gasser,AUT,83.71,,"{""https://www.fis-ski.com/snowboard-park-and-pipe/news/2018-19/articlerukajarvi-and-parrot-top-europe-most-prestigious-snowboard-event""}",verified,live-source
laax-open--2017,slopestyle,,women,open,,,3,Jamie Anderson,USA,81.50,,"{""https://www.fis-ski.com/snowboard-park-and-pipe/news/2018-19/articlerukajarvi-and-parrot-top-europe-most-prestigious-snowboard-event""}",verified,live-source
laax-open--2018,halfpipe,,men,open,,,1,Iouri Podladtchikov,SUI,90.50,,"{""https://www.fis-ski.com/en/snowboard/freestyle-snowboard/news-multimedia/news/article=liu-and-podladtchikov-win-laax-open-halfpipe-event-kim-and-totsuka-win-2018-halfpipe-world-cup-title"",""https://laaxopen.com/en/hall-of-fame/""}",verified,live-source
laax-open--2018,halfpipe,,men,open,,,2,Yuto Totsuka,JPN,88.25,,"{""https://www.fis-ski.com/en/snowboard/freestyle-snowboard/news-multimedia/news/article=liu-and-podladtchikov-win-laax-open-halfpipe-event-kim-and-totsuka-win-2018-halfpipe-world-cup-title"",""https://laaxopen.com/en/hall-of-fame/""}",verified,live-source
laax-open--2018,halfpipe,,men,open,,,3,Yiwei Zhang,CHN,87.00,,"{""https://www.fis-ski.com/en/snowboard/freestyle-snowboard/news-multimedia/news/article=liu-and-podladtchikov-win-laax-open-halfpipe-event-kim-and-totsuka-win-2018-halfpipe-world-cup-title"",""https://laaxopen.com/en/hall-of-fame/""}",verified,live-source
laax-open--2018,halfpipe,,women,open,,,1,Jiayu Liu,CHN,96.25,,"{""https://www.fis-ski.com/en/snowboard/freestyle-snowboard/news-multimedia/news/article=liu-and-podladtchikov-win-laax-open-halfpipe-event-kim-and-totsuka-win-2018-halfpipe-world-cup-title"",""https://laaxopen.com/en/hall-of-fame/""}",verified,live-source
laax-open--2018,halfpipe,,women,open,,,2,Xuetong Cai,CHN,83.75,,"{""https://www.fis-ski.com/en/snowboard/freestyle-snowboard/news-multimedia/news/article=liu-and-podladtchikov-win-laax-open-halfpipe-event-kim-and-totsuka-win-2018-halfpipe-world-cup-title"",""https://laaxopen.com/en/hall-of-fame/""}",verified,live-source
laax-open--2018,halfpipe,,women,open,,,3,Queralt Castellet,ESP,81.75,,"{""https://www.fis-ski.com/en/snowboard/freestyle-snowboard/news-multimedia/news/article=liu-and-podladtchikov-win-laax-open-halfpipe-event-kim-and-totsuka-win-2018-halfpipe-world-cup-title"",""https://laaxopen.com/en/hall-of-fame/""}",verified,live-source
laax-open--2019,halfpipe,,men,open,,,1,Scotty James,AUS,95.85,,"{""https://www.worldsnowboardguide.com/news/halfpipe-night-finals-at-laax-open-2019.html"",""https://laaxopen.com/en/hall-of-fame/""}",verified,live-source
laax-open--2019,halfpipe,,men,open,,,2,Yuto Totsuka,JPN,,,"{""https://www.worldsnowboardguide.com/news/halfpipe-night-finals-at-laax-open-2019.html"",""https://laaxopen.com/en/hall-of-fame/""}",verified,live-source
laax-open--2019,halfpipe,,men,open,,,3,Jake Pates,USA,,,"{""https://www.worldsnowboardguide.com/news/halfpipe-night-finals-at-laax-open-2019.html"",""https://laaxopen.com/en/hall-of-fame/""}",verified,live-source
laax-open--2019,halfpipe,,women,open,,,1,Chloe Kim,USA,93.75,,"{""https://www.worldsnowboardguide.com/news/halfpipe-night-finals-at-laax-open-2019.html"",""https://laaxopen.com/en/hall-of-fame/""}",verified,live-source
laax-open--2019,halfpipe,,women,open,,,2,Queralt Castellet,ESP,,,"{""https://www.worldsnowboardguide.com/news/halfpipe-night-finals-at-laax-open-2019.html"",""https://laaxopen.com/en/hall-of-fame/""}",verified,live-source
laax-open--2019,halfpipe,,women,open,,,3,Arielle Gold,USA,,,"{""https://www.worldsnowboardguide.com/news/halfpipe-night-finals-at-laax-open-2019.html"",""https://laaxopen.com/en/hall-of-fame/""}",verified,live-source
laax-open--2019,slopestyle,,men,open,,,1,Chris Corning,USA,89.10,,"{""https://www.fis-ski.com/snowboard-park-and-pipe/news/2018-19/corning-and-norendal-tops-in-laax-open-slopestyle-world-cup""}",verified,live-source
laax-open--2019,slopestyle,,men,open,,,2,Staale Sandbech,NOR,87.35,,"{""https://www.fis-ski.com/snowboard-park-and-pipe/news/2018-19/corning-and-norendal-tops-in-laax-open-slopestyle-world-cup""}",verified,live-source
laax-open--2019,slopestyle,,men,open,,,3,Moritz Thoenen,SUI,80.55,,"{""https://www.fis-ski.com/snowboard-park-and-pipe/news/2018-19/corning-and-norendal-tops-in-laax-open-slopestyle-world-cup""}",verified,live-source
laax-open--2019,slopestyle,,women,open,,,1,Silje Norendal,NOR,78.35,,"{""https://www.fis-ski.com/snowboard-park-and-pipe/news/2018-19/corning-and-norendal-tops-in-laax-open-slopestyle-world-cup""}",verified,live-source
laax-open--2019,slopestyle,,women,open,,,2,Celia Petrig,SUI,67.60,,"{""https://www.fis-ski.com/snowboard-park-and-pipe/news/2018-19/corning-and-norendal-tops-in-laax-open-slopestyle-world-cup""}",verified,live-source
laax-open--2019,slopestyle,,women,open,,,3,Sina Candrian,SUI,65.42,,"{""https://www.fis-ski.com/snowboard-park-and-pipe/news/2018-19/corning-and-norendal-tops-in-laax-open-slopestyle-world-cup""}",verified,live-source
laax-open--2020,halfpipe,,men,open,,,1,Scotty James,AUS,,,"{""https://www.weissearena.com/medienmitteilungen/laax-open-2020-gipfelten-im-halfpipe-nachtfinale-queralt-castellet-spa-und-scotty-james-aus-gewinnen-die-halfpipe-titel/"",""https://laaxopen.com/en/hall-of-fame/""}",verified,live-source
laax-open--2020,halfpipe,,men,open,,,2,Yuto Totsuka,JPN,,,"{""https://www.weissearena.com/medienmitteilungen/laax-open-2020-gipfelten-im-halfpipe-nachtfinale-queralt-castellet-spa-und-scotty-james-aus-gewinnen-die-halfpipe-titel/"",""https://laaxopen.com/en/hall-of-fame/""}",verified,live-source
laax-open--2020,halfpipe,,men,open,,,3,Taylor Gold,USA,,,"{""https://www.weissearena.com/medienmitteilungen/laax-open-2020-gipfelten-im-halfpipe-nachtfinale-queralt-castellet-spa-und-scotty-james-aus-gewinnen-die-halfpipe-titel/"",""https://laaxopen.com/en/hall-of-fame/""}",verified,live-source
laax-open--2020,halfpipe,,women,open,,,1,Queralt Castellet,ESP,,,"{""https://www.weissearena.com/medienmitteilungen/laax-open-2020-gipfelten-im-halfpipe-nachtfinale-queralt-castellet-spa-und-scotty-james-aus-gewinnen-die-halfpipe-titel/"",""https://laaxopen.com/en/hall-of-fame/""}",verified,live-source
laax-open--2020,halfpipe,,women,open,,,2,Xuetong Cai,CHN,,,"{""https://www.weissearena.com/medienmitteilungen/laax-open-2020-gipfelten-im-halfpipe-nachtfinale-queralt-castellet-spa-und-scotty-james-aus-gewinnen-die-halfpipe-titel/"",""https://laaxopen.com/en/hall-of-fame/""}",verified,live-source
laax-open--2020,halfpipe,,women,open,,,3,Jiayu Liu,CHN,,,"{""https://www.weissearena.com/medienmitteilungen/laax-open-2020-gipfelten-im-halfpipe-nachtfinale-queralt-castellet-spa-und-scotty-james-aus-gewinnen-die-halfpipe-titel/"",""https://laaxopen.com/en/hall-of-fame/""}",verified,live-source
laax-open--2020,slopestyle,,men,open,,,1,Sebastien Toutant,CAN,87.45,,"{""https://www.fis-ski.com/snowboard/park-and-pipe/pipe-and-slope/news-multimedia/news/marino-and-toutant-rise-above-in-epic-laax-slopestyle-season-opener"",""https://laaxopen.com/en/hall-of-fame/""}",verified,live-source
laax-open--2020,slopestyle,,men,open,,,2,Red Gerard,USA,85.45,,"{""https://www.fis-ski.com/snowboard/park-and-pipe/pipe-and-slope/news-multimedia/news/marino-and-toutant-rise-above-in-epic-laax-slopestyle-season-opener"",""https://laaxopen.com/en/hall-of-fame/""}",verified,live-source
laax-open--2020,slopestyle,,men,open,,,3,Judd Henkes,USA,82.33,,"{""https://www.fis-ski.com/snowboard/park-and-pipe/pipe-and-slope/news-multimedia/news/marino-and-toutant-rise-above-in-epic-laax-slopestyle-season-opener"",""https://laaxopen.com/en/hall-of-fame/""}",verified,live-source
laax-open--2020,slopestyle,,women,open,,,1,Julia Marino,USA,81.30,,"{""https://www.fis-ski.com/snowboard/park-and-pipe/pipe-and-slope/news-multimedia/news/marino-and-toutant-rise-above-in-epic-laax-slopestyle-season-opener"",""https://laaxopen.com/en/hall-of-fame/""}",verified,live-source
laax-open--2020,slopestyle,,women,open,,,2,Reira Iwabuchi,JPN,76.95,,"{""https://www.fis-ski.com/snowboard/park-and-pipe/pipe-and-slope/news-multimedia/news/marino-and-toutant-rise-above-in-epic-laax-slopestyle-season-opener"",""https://laaxopen.com/en/hall-of-fame/""}",verified,live-source
laax-open--2020,slopestyle,,women,open,,,3,Katie Ormerod,GBR,64.20,,"{""https://www.fis-ski.com/snowboard/park-and-pipe/pipe-and-slope/news-multimedia/news/marino-and-toutant-rise-above-in-epic-laax-slopestyle-season-opener"",""https://laaxopen.com/en/hall-of-fame/""}",verified,live-source
laax-open--2021,halfpipe,,men,open,,,1,Yuto Totsuka,JPN,,,"{""https://whitelines.com/snowboard-culture/snowboard-events/laax-open-2021.html"",""https://laaxopen.com/en/hall-of-fame/""}",verified,live-source
laax-open--2021,halfpipe,,men,open,,,2,Scotty James,AUS,,,"{""https://whitelines.com/snowboard-culture/snowboard-events/laax-open-2021.html"",""https://laaxopen.com/en/hall-of-fame/""}",verified,live-source
laax-open--2021,halfpipe,,men,open,,,3,Ruka Hirano,JPN,,,"{""https://whitelines.com/snowboard-culture/snowboard-events/laax-open-2021.html"",""https://laaxopen.com/en/hall-of-fame/""}",verified,live-source
laax-open--2021,halfpipe,,women,open,,,1,Chloe Kim,USA,89.75,,"{""https://whitelines.com/snowboard-culture/snowboard-events/laax-open-2021.html"",""https://laaxopen.com/en/hall-of-fame/""}",verified,live-source
laax-open--2021,halfpipe,,women,open,,,2,Mitsuki Ono,JPN,76.50,,"{""https://whitelines.com/snowboard-culture/snowboard-events/laax-open-2021.html"",""https://laaxopen.com/en/hall-of-fame/""}",verified,live-source
laax-open--2021,halfpipe,,women,open,,,3,Sena Tomita,JPN,75.75,,"{""https://whitelines.com/snowboard-culture/snowboard-events/laax-open-2021.html"",""https://laaxopen.com/en/hall-of-fame/""}",verified,live-source
laax-open--2021,slopestyle,,men,open,,,1,Niklas Mattsson,SWE,84.28,,"{""https://whitelines.com/snowboard-culture/snowboard-events/laax-open-2021.html"",""https://laaxopen.com/en/hall-of-fame/""}",verified,live-source
laax-open--2021,slopestyle,,men,open,,,2,Leon Vockensperger,GER,,,"{""https://whitelines.com/snowboard-culture/snowboard-events/laax-open-2021.html"",""https://laaxopen.com/en/hall-of-fame/""}",verified,live-source
laax-open--2021,slopestyle,,men,open,,,3,Marcus Kleveland,NOR,,,"{""https://whitelines.com/snowboard-culture/snowboard-events/laax-open-2021.html"",""https://laaxopen.com/en/hall-of-fame/""}",verified,live-source
laax-open--2021,slopestyle,,women,open,,,1,Jamie Anderson,USA,84.35,,"{""https://whitelines.com/snowboard-culture/snowboard-events/laax-open-2021.html"",""https://laaxopen.com/en/hall-of-fame/""}",verified,live-source
laax-open--2021,slopestyle,,women,open,,,2,Zoi Sadowski Synnott,NZL,,,"{""https://whitelines.com/snowboard-culture/snowboard-events/laax-open-2021.html"",""https://laaxopen.com/en/hall-of-fame/""}",verified,live-source
laax-open--2021,slopestyle,,women,open,,,3,Tess Coady,AUS,,,"{""https://whitelines.com/snowboard-culture/snowboard-events/laax-open-2021.html"",""https://laaxopen.com/en/hall-of-fame/""}",verified,live-source
laax-open--2022,halfpipe,,men,open,,,1,Ayumu Hirano,JPN,93.25,,"{""https://whitelines.com/snowboard-culture/snowboard-events/laax-open-2022-recap.html"",""https://laaxopen.com/en/hall-of-fame/""}",verified,live-source
laax-open--2022,halfpipe,,men,open,,,2,Jan Scherrer,SUI,90.00,,"{""https://whitelines.com/snowboard-culture/snowboard-events/laax-open-2022-recap.html"",""https://laaxopen.com/en/hall-of-fame/""}",verified,live-source
laax-open--2022,halfpipe,,men,open,,,3,Shaun White,USA,84.00,,"{""https://whitelines.com/snowboard-culture/snowboard-events/laax-open-2022-recap.html"",""https://laaxopen.com/en/hall-of-fame/""}",verified,live-source
laax-open--2022,halfpipe,,women,open,,,1,Chloe Kim,USA,90.25,,"{""https://whitelines.com/snowboard-culture/snowboard-events/laax-open-2022-recap.html"",""https://laaxopen.com/en/hall-of-fame/""}",verified,live-source
laax-open--2022,halfpipe,,women,open,,,2,Mitsuki Ono,JPN,89.00,,"{""https://whitelines.com/snowboard-culture/snowboard-events/laax-open-2022-recap.html"",""https://laaxopen.com/en/hall-of-fame/""}",verified,live-source
laax-open--2022,halfpipe,,women,open,,,3,Queralt Castellet,ESP,80.00,,"{""https://whitelines.com/snowboard-culture/snowboard-events/laax-open-2022-recap.html"",""https://laaxopen.com/en/hall-of-fame/""}",verified,live-source
laax-open--2022,slopestyle,,men,open,,,1,Sean Fitzsimons,USA,80.91,,"{""https://whitelines.com/snowboard-culture/snowboard-events/laax-open-2022-recap.html"",""https://laaxopen.com/en/hall-of-fame/""}",verified,live-source
laax-open--2022,slopestyle,,men,open,,,2,Stale Sandbech,NOR,80.43,,"{""https://whitelines.com/snowboard-culture/snowboard-events/laax-open-2022-recap.html"",""https://laaxopen.com/en/hall-of-fame/""}",verified,live-source
laax-open--2022,slopestyle,,men,open,,,3,Jake Canter,USA,74.76,,"{""https://whitelines.com/snowboard-culture/snowboard-events/laax-open-2022-recap.html"",""https://laaxopen.com/en/hall-of-fame/""}",verified,live-source
laax-open--2022,slopestyle,,women,open,,,1,Tess Coady,AUS,,,"{""https://whitelines.com/snowboard-culture/snowboard-events/laax-open-2022-recap.html"",""https://laaxopen.com/en/hall-of-fame/""}",verified,live-source
laax-open--2022,slopestyle,,women,open,,,2,Anna Gasser,AUT,78.56,,"{""https://whitelines.com/snowboard-culture/snowboard-events/laax-open-2022-recap.html"",""https://laaxopen.com/en/hall-of-fame/""}",verified,live-source
laax-open--2022,slopestyle,,women,open,,,3,Annika Morgan,GER,76.61,,"{""https://whitelines.com/snowboard-culture/snowboard-events/laax-open-2022-recap.html"",""https://laaxopen.com/en/hall-of-fame/""}",verified,live-source
laax-open--2023,halfpipe,,men,open,,,1,Ruka Hirano,JPN,,,"{""https://whitelines.com/snowboard-culture/snowboard-events/laax-open-2023-recap.html"",""https://laaxopen.com/en/hall-of-fame/""}",verified,live-source
laax-open--2023,halfpipe,,men,open,,,2,Scotty James,AUS,,,"{""https://whitelines.com/snowboard-culture/snowboard-events/laax-open-2023-recap.html"",""https://laaxopen.com/en/hall-of-fame/""}",verified,live-source
laax-open--2023,halfpipe,,men,open,,,3,Yuto Totsuka,JPN,,,"{""https://whitelines.com/snowboard-culture/snowboard-events/laax-open-2023-recap.html"",""https://laaxopen.com/en/hall-of-fame/""}",verified,live-source
laax-open--2023,halfpipe,,women,open,,,1,Mitsuki Ono,JPN,,,"{""https://whitelines.com/snowboard-culture/snowboard-events/laax-open-2023-recap.html"",""https://laaxopen.com/en/hall-of-fame/""}",verified,live-source
laax-open--2023,halfpipe,,women,open,,,2,Shaotong Wu,CHN,,,"{""https://whitelines.com/snowboard-culture/snowboard-events/laax-open-2023-recap.html"",""https://laaxopen.com/en/hall-of-fame/""}",verified,live-source
laax-open--2023,halfpipe,,women,open,,,3,Maddie Mastro,USA,,,"{""https://whitelines.com/snowboard-culture/snowboard-events/laax-open-2023-recap.html"",""https://laaxopen.com/en/hall-of-fame/""}",verified,live-source
laax-open--2023,slopestyle,,men,open,,,1,Marcus Kleveland,NOR,,,"{""https://whitelines.com/snowboard-culture/snowboard-events/laax-open-2023-recap.html"",""https://laaxopen.com/en/hall-of-fame/""}",verified,live-source
laax-open--2023,slopestyle,,men,open,,,2,Dusty Henricksen,USA,,,"{""https://whitelines.com/snowboard-culture/snowboard-events/laax-open-2023-recap.html"",""https://laaxopen.com/en/hall-of-fame/""}",verified,live-source
laax-open--2023,slopestyle,,men,open,,,3,Sven Thorgren,SWE,,,"{""https://whitelines.com/snowboard-culture/snowboard-events/laax-open-2023-recap.html"",""https://laaxopen.com/en/hall-of-fame/""}",verified,live-source
laax-open--2023,slopestyle,,women,open,,,1,Zoi Sadowski Synnott,NZL,,,"{""https://whitelines.com/snowboard-culture/snowboard-events/laax-open-2023-recap.html"",""https://laaxopen.com/en/hall-of-fame/""}",verified,live-source
laax-open--2023,slopestyle,,women,open,,,2,Mia Brookes,GBR,,,"{""https://whitelines.com/snowboard-culture/snowboard-events/laax-open-2023-recap.html"",""https://laaxopen.com/en/hall-of-fame/""}",verified,live-source
laax-open--2023,slopestyle,,women,open,,,3,Anna Gasser,AUT,,,"{""https://whitelines.com/snowboard-culture/snowboard-events/laax-open-2023-recap.html"",""https://laaxopen.com/en/hall-of-fame/""}",verified,live-source
laax-open--2024,halfpipe,,men,open,,,1,Scotty James,AUS,,,"{""https://laaxopen.com/en/results/"",""https://laaxopen.com/en/hall-of-fame/""}",verified,live-source
laax-open--2024,halfpipe,,men,open,,,2,Valentino Guseli,,,,"{""https://laaxopen.com/en/results/"",""https://laaxopen.com/en/hall-of-fame/""}",verified,live-source
laax-open--2024,halfpipe,,men,open,,,3,Ruka Hirano,,,,"{""https://laaxopen.com/en/results/"",""https://laaxopen.com/en/hall-of-fame/""}",verified,live-source
laax-open--2024,halfpipe,,women,open,,,1,Mitsuki Ono,JPN,,,"{""https://laaxopen.com/en/results/"",""https://laaxopen.com/en/hall-of-fame/""}",verified,live-source
laax-open--2024,halfpipe,,women,open,,,2,Bea Kim,,,,"{""https://laaxopen.com/en/results/"",""https://laaxopen.com/en/hall-of-fame/""}",verified,live-source
laax-open--2024,halfpipe,,women,open,,,3,Ruki Tomita,,,,"{""https://laaxopen.com/en/results/"",""https://laaxopen.com/en/hall-of-fame/""}",verified,live-source
laax-open--2024,slopestyle,,men,open,,,1,Liam Brearley,CAN,,,"{""https://laaxopen.com/en/results/"",""https://laaxopen.com/en/hall-of-fame/""}",verified,live-source
laax-open--2024,slopestyle,,men,open,,,2,Ryoma Kimata,,,,"{""https://laaxopen.com/en/results/"",""https://laaxopen.com/en/hall-of-fame/""}",verified,live-source
laax-open--2024,slopestyle,,men,open,,,3,Cameron Spalding,,,,"{""https://laaxopen.com/en/results/"",""https://laaxopen.com/en/hall-of-fame/""}",verified,live-source
laax-open--2024,slopestyle,,women,open,,,1,Julia Marino,USA,,,"{""https://laaxopen.com/en/results/"",""https://laaxopen.com/en/hall-of-fame/""}",verified,live-source
laax-open--2024,slopestyle,,women,open,,,2,Annika Morgan,,,,"{""https://laaxopen.com/en/results/"",""https://laaxopen.com/en/hall-of-fame/""}",verified,live-source
laax-open--2024,slopestyle,,women,open,,,3,Anna Gasser,,,,"{""https://laaxopen.com/en/results/"",""https://laaxopen.com/en/hall-of-fame/""}",verified,live-source
laax-open--2025,halfpipe,,men,open,,,1,Scotty James,AUS,,,"{""https://laaxopen.com/en/results/"",""https://laaxopen.com/en/hall-of-fame/""}",verified,live-source
laax-open--2025,halfpipe,,men,open,,,2,Ruka Hirano,,,,"{""https://laaxopen.com/en/results/"",""https://laaxopen.com/en/hall-of-fame/""}",verified,live-source
laax-open--2025,halfpipe,,men,open,,,3,Ayumu Hirano,,,,"{""https://laaxopen.com/en/results/"",""https://laaxopen.com/en/hall-of-fame/""}",verified,live-source
laax-open--2025,halfpipe,,women,open,,,1,Chloe Kim,USA,,,"{""https://laaxopen.com/en/results/"",""https://laaxopen.com/en/hall-of-fame/""}",verified,live-source
laax-open--2025,halfpipe,,women,open,,,2,Maddie Mastro,,,,"{""https://laaxopen.com/en/results/"",""https://laaxopen.com/en/hall-of-fame/""}",verified,live-source
laax-open--2025,halfpipe,,women,open,,,3,Gaon Choi,,,,"{""https://laaxopen.com/en/results/"",""https://laaxopen.com/en/hall-of-fame/""}",verified,live-source
laax-open--2025,slopestyle,,men,open,,,1,Cameron Spalding,CAN,,,"{""https://laaxopen.com/en/results/"",""https://laaxopen.com/en/hall-of-fame/""}",verified,live-source
laax-open--2025,slopestyle,,men,open,,,2,Redmond Gerard,,,,"{""https://laaxopen.com/en/results/"",""https://laaxopen.com/en/hall-of-fame/""}",verified,live-source
laax-open--2025,slopestyle,,men,open,,,3,Noah Vicktor,,,,"{""https://laaxopen.com/en/results/"",""https://laaxopen.com/en/hall-of-fame/""}",verified,live-source
laax-open--2025,slopestyle,,women,open,,,1,Mia Brookes,GBR,,,"{""https://laaxopen.com/en/results/"",""https://laaxopen.com/en/hall-of-fame/""}",verified,live-source
laax-open--2025,slopestyle,,women,open,,,2,Zoi Sadowski Synnott,,,,"{""https://laaxopen.com/en/results/"",""https://laaxopen.com/en/hall-of-fame/""}",verified,live-source
laax-open--2025,slopestyle,,women,open,,,3,Kokomo Murase,,,,"{""https://laaxopen.com/en/results/"",""https://laaxopen.com/en/hall-of-fame/""}",verified,live-source
laax-open--2026,halfpipe,,men,open,,,1,Scotty James,AUS,,,"{""https://laaxopen.com/en/results/"",""https://laaxopen.com/en/hall-of-fame/""}",verified,live-source
laax-open--2026,halfpipe,,men,open,,,2,Campbell Melville Ives,,,,"{""https://laaxopen.com/en/results/"",""https://laaxopen.com/en/hall-of-fame/""}",verified,live-source
laax-open--2026,halfpipe,,men,open,,,3,Valentino Guseli,,,,"{""https://laaxopen.com/en/results/"",""https://laaxopen.com/en/hall-of-fame/""}",verified,live-source
laax-open--2026,halfpipe,,women,open,,,1,Gaon Choi,KOR,,,"{""https://laaxopen.com/en/results/"",""https://laaxopen.com/en/hall-of-fame/""}",verified,live-source
laax-open--2026,halfpipe,,women,open,,,2,Rise Kudo,,,,"{""https://laaxopen.com/en/results/"",""https://laaxopen.com/en/hall-of-fame/""}",verified,live-source
laax-open--2026,halfpipe,,women,open,,,3,Xuetong Cai,,,,"{""https://laaxopen.com/en/results/"",""https://laaxopen.com/en/hall-of-fame/""}",verified,live-source
laax-open--2026,slopestyle,,men,open,,,1,Romain Allemand,FRA,,,"{""https://laaxopen.com/en/results/"",""https://laaxopen.com/en/hall-of-fame/""}",verified,live-source
laax-open--2026,slopestyle,,men,open,,,2,Yuto Kimura,,,,"{""https://laaxopen.com/en/results/"",""https://laaxopen.com/en/hall-of-fame/""}",verified,live-source
laax-open--2026,slopestyle,,men,open,,,3,Yiming Su,,,,"{""https://laaxopen.com/en/results/"",""https://laaxopen.com/en/hall-of-fame/""}",verified,live-source
laax-open--2026,slopestyle,,women,open,,,1,Kokomo Murase,JPN,,,"{""https://laaxopen.com/en/results/"",""https://laaxopen.com/en/hall-of-fame/""}",verified,live-source
laax-open--2026,slopestyle,,women,open,,,2,Lily Dhawornvej,,,,"{""https://laaxopen.com/en/results/"",""https://laaxopen.com/en/hall-of-fame/""}",verified,live-source
laax-open--2026,slopestyle,,women,open,,,3,Anna Gasser,,,,"{""https://laaxopen.com/en/results/"",""https://laaxopen.com/en/hall-of-fame/""}",verified,live-source
mt-baker-legendary-banked-slalom--1986,banked-slalom,Pro Men All Ages,men,pro,,,1,Shaun Palmer,,,,"{""https://lbs.mtbaker.us/results/honor-roll/""}",verified,live-source
mt-baker-legendary-banked-slalom--1987,banked-slalom,Pro Men All Ages,men,pro,,,1,Shaun Palmer,,,,"{""https://lbs.mtbaker.us/results/honor-roll/""}",verified,live-source
mt-baker-legendary-banked-slalom--1987,banked-slalom,Pro Women All Ages,women,pro,,,1,Amy Howat,,,,"{""https://lbs.mtbaker.us/results/honor-roll/""}",verified,live-source
mt-baker-legendary-banked-slalom--1988,banked-slalom,Amateur Men Ages 16-29 (ages 20-29 from 1994-2020),men,amateur,ages 16-29,,1,Don Schwartz,,,,"{""https://lbs.mtbaker.us/results/honor-roll/""}",verified,live-source
mt-baker-legendary-banked-slalom--1988,banked-slalom,Pro Men All Ages,men,pro,,,1,Craig Kelly,,,,"{""https://lbs.mtbaker.us/results/honor-roll/""}",verified,live-source
mt-baker-legendary-banked-slalom--1988,banked-slalom,Pro Women All Ages,women,pro,,,1,Marcella Dobis,,,,"{""https://lbs.mtbaker.us/results/honor-roll/""}",verified,live-source
mt-baker-legendary-banked-slalom--1989,banked-slalom,Amateur Men Ages 16-29 (ages 20-29 from 1994-2020),men,amateur,ages 16-29,,1,Tad Dobson,,,,"{""https://lbs.mtbaker.us/results/honor-roll/""}",verified,live-source
mt-baker-legendary-banked-slalom--1989,banked-slalom,Pro Men All Ages,men,pro,,,1,Rob Morrow,,,,"{""https://lbs.mtbaker.us/results/honor-roll/""}",verified,live-source
mt-baker-legendary-banked-slalom--1989,banked-slalom,Pro Women All Ages,women,pro,,,1,Jennifer Dolecki,,,,"{""https://lbs.mtbaker.us/results/honor-roll/""}",verified,live-source
mt-baker-legendary-banked-slalom--1990,banked-slalom,Amateur Men Ages 16-29 (ages 20-29 from 1994-2020),men,amateur,ages 16-29,,1,Matt Remine,,,,"{""https://lbs.mtbaker.us/results/honor-roll/""}",verified,live-source
mt-baker-legendary-banked-slalom--1990,banked-slalom,Juniors Ages 12-15,unspecified,junior,ages 12-15,,1,Chris Ankeny,,,,"{""https://lbs.mtbaker.us/results/honor-roll/""}",verified,live-source
mt-baker-legendary-banked-slalom--1990,banked-slalom,Pro Men All Ages,men,pro,,,1,Don Schwartz,,,,"{""https://lbs.mtbaker.us/results/honor-roll/""}",verified,live-source
mt-baker-legendary-banked-slalom--1990,banked-slalom,Pro Women All Ages,women,pro,,,1,Amy Howat,,,,"{""https://lbs.mtbaker.us/results/honor-roll/""}",verified,live-source
mt-baker-legendary-banked-slalom--1991,banked-slalom,Pro Men All Ages,men,pro,,,1,Craig Kelly,,,,"{""https://lbs.mtbaker.us/results/honor-roll/""}",verified,live-source
mt-baker-legendary-banked-slalom--1991,banked-slalom,Pro Women All Ages,women,pro,,,1,Jean Higgins,,,,"{""https://lbs.mtbaker.us/results/honor-roll/""}",verified,live-source
mt-baker-legendary-banked-slalom--1992,banked-slalom,Amateur Men Ages 16-29 (ages 20-29 from 1994-2020),men,amateur,ages 16-29,,1,Rob Berney,,,,"{""https://lbs.mtbaker.us/results/honor-roll/""}",verified,live-source
mt-baker-legendary-banked-slalom--1992,banked-slalom,Pro Men All Ages,men,pro,,,1,Ross Rebagliati,,,,"{""https://lbs.mtbaker.us/results/honor-roll/""}",verified,live-source
mt-baker-legendary-banked-slalom--1992,banked-slalom,Pro Women All Ages,women,pro,,,1,Karleen Jeffery,,,,"{""https://lbs.mtbaker.us/results/honor-roll/""}",verified,live-source
mt-baker-legendary-banked-slalom--1993,banked-slalom,Amateur Men Ages 16-29 (ages 20-29 from 1994-2020),men,amateur,ages 16-29,,1,Jeremy Lichtenwaldt,,,,"{""https://lbs.mtbaker.us/results/honor-roll/""}",verified,live-source
mt-baker-legendary-banked-slalom--1993,banked-slalom,Juniors Ages 12-15,unspecified,junior,ages 12-15,,1,Mike Johnson,,,,"{""https://lbs.mtbaker.us/results/honor-roll/""}",verified,live-source
mt-baker-legendary-banked-slalom--1993,banked-slalom,Masters Men Ages 30-39,men,masters,ages 30-39,,1,Randy Haugen,,,,"{""https://lbs.mtbaker.us/results/honor-roll/""}",verified,live-source
mt-baker-legendary-banked-slalom--1993,banked-slalom,Grand Masters Men Ages 50+,men,masters,ages 50+,,1,Jim Taylor,,,,"{""https://lbs.mtbaker.us/results/honor-roll/""}",verified,live-source
mt-baker-legendary-banked-slalom--1993,banked-slalom,Pro Men All Ages,men,pro,,,1,Craig Kelly,,,,"{""https://lbs.mtbaker.us/results/honor-roll/""}",verified,live-source
mt-baker-legendary-banked-slalom--1993,banked-slalom,Pro Women All Ages,women,pro,,,1,Karleen Jeffery,,,,"{""https://lbs.mtbaker.us/results/honor-roll/""}",verified,live-source
mt-baker-legendary-banked-slalom--1994,banked-slalom,Amateur Men Ages 16-29 (ages 20-29 from 1994-2020),men,amateur,ages 16-29,,1,Andy Weiss,,,,"{""https://lbs.mtbaker.us/results/honor-roll/""}",verified,live-source
mt-baker-legendary-banked-slalom--1994,banked-slalom,Women Amateurs Ages 16-29,women,amateur,ages 16-29,,1,Dawn Fidler,,,,"{""https://lbs.mtbaker.us/results/honor-roll/""}",verified,live-source
mt-baker-legendary-banked-slalom--1994,banked-slalom,Younger Amateurs Ages 16-19,unspecified,junior,ages 16-19,,1,Ryan Rowe,,,,"{""https://lbs.mtbaker.us/results/honor-roll/""}",verified,live-source
mt-baker-legendary-banked-slalom--1994,banked-slalom,Juniors Ages 12-15,unspecified,junior,ages 12-15,,1,Cullen Brain,,,,"{""https://lbs.mtbaker.us/results/honor-roll/""}",verified,live-source
mt-baker-legendary-banked-slalom--1994,banked-slalom,Masters Men Ages 30-39,men,masters,ages 30-39,,1,Randy Haugen,,,,"{""https://lbs.mtbaker.us/results/honor-roll/""}",verified,live-source
mt-baker-legendary-banked-slalom--1994,banked-slalom,Masters Women Ages 30-39 (ages 30-44 from 1993-2020),women,masters,ages 30-39,,1,Bunny Finch,,,,"{""https://lbs.mtbaker.us/results/honor-roll/""}",verified,live-source
mt-baker-legendary-banked-slalom--1994,banked-slalom,Pro Men All Ages,men,pro,,,1,Paul Ferrel,,,,"{""https://lbs.mtbaker.us/results/honor-roll/""}",verified,live-source
mt-baker-legendary-banked-slalom--1994,banked-slalom,Pro Women All Ages,women,pro,,,1,Weegee McAuliffe,,,,"{""https://lbs.mtbaker.us/results/honor-roll/""}",verified,live-source
mt-baker-legendary-banked-slalom--1995,banked-slalom,Amateur Men Ages 16-29 (ages 20-29 from 1994-2020),men,amateur,ages 16-29,,1,Drew Peters,,,,"{""https://lbs.mtbaker.us/results/honor-roll/""}",verified,live-source
mt-baker-legendary-banked-slalom--1995,banked-slalom,Women Amateurs Ages 16-29,women,amateur,ages 16-29,,1,Dawn Fidler,,,,"{""https://lbs.mtbaker.us/results/honor-roll/""}",verified,live-source
mt-baker-legendary-banked-slalom--1995,banked-slalom,Next Gen Ages 11 & Under,unspecified,grom,ages 11 &,,1,Myles Genovese,,,,"{""https://lbs.mtbaker.us/results/honor-roll/""}",verified,live-source
mt-baker-legendary-banked-slalom--1995,banked-slalom,Younger Amateurs Ages 16-19,unspecified,junior,ages 16-19,,1,Ryan Rowe,,,,"{""https://lbs.mtbaker.us/results/honor-roll/""}",verified,live-source
mt-baker-legendary-banked-slalom--1995,banked-slalom,Juniors Ages 12-15,unspecified,junior,ages 12-15,,1,Cullen Brain,,,,"{""https://lbs.mtbaker.us/results/honor-roll/""}",verified,live-source
mt-baker-legendary-banked-slalom--1995,banked-slalom,Masters Men Ages 30-39,men,masters,ages 30-39,,1,Luke Edgar,,,,"{""https://lbs.mtbaker.us/results/honor-roll/""}",verified,live-source
mt-baker-legendary-banked-slalom--1995,banked-slalom,Masters Women Ages 30-39 (ages 30-44 from 1993-2020),women,masters,ages 30-39,,1,Debra Orth,,,,"{""https://lbs.mtbaker.us/results/honor-roll/""}",verified,live-source
mt-baker-legendary-banked-slalom--1995,banked-slalom,Pro Men All Ages,men,pro,,,1,Terje Haakonsen,,,,"{""https://lbs.mtbaker.us/results/honor-roll/""}",verified,live-source
mt-baker-legendary-banked-slalom--1995,banked-slalom,Pro Women All Ages,women,pro,,,1,Rachel Deryckx,,,,"{""https://lbs.mtbaker.us/results/honor-roll/""}",verified,live-source
mt-baker-legendary-banked-slalom--1996,banked-slalom,Amateur Men Ages 16-29 (ages 20-29 from 1994-2020),men,amateur,ages 16-29,,1,Akasha Weisgarber,,,,"{""https://lbs.mtbaker.us/results/honor-roll/""}",verified,live-source
mt-baker-legendary-banked-slalom--1996,banked-slalom,Women Amateurs Ages 16-29,women,amateur,ages 16-29,,1,Allison O'Brian,,,,"{""https://lbs.mtbaker.us/results/honor-roll/""}",verified,live-source
mt-baker-legendary-banked-slalom--1996,banked-slalom,Next Gen Ages 11 & Under,unspecified,grom,ages 11 &,,1,Kenny Neal,,,,"{""https://lbs.mtbaker.us/results/honor-roll/""}",verified,live-source
mt-baker-legendary-banked-slalom--1996,banked-slalom,Younger Amateurs Ages 16-19,unspecified,junior,ages 16-19,,1,Kory Klouzer,,,,"{""https://lbs.mtbaker.us/results/honor-roll/""}",verified,live-source
mt-baker-legendary-banked-slalom--1996,banked-slalom,Juniors Ages 12-15,unspecified,junior,ages 12-15,,1,Jakob Wilhelmson,,,,"{""https://lbs.mtbaker.us/results/honor-roll/""}",verified,live-source
mt-baker-legendary-banked-slalom--1996,banked-slalom,Masters Men Ages 30-39,men,masters,ages 30-39,,1,Luke Edgar,,,,"{""https://lbs.mtbaker.us/results/honor-roll/""}",verified,live-source
mt-baker-legendary-banked-slalom--1996,banked-slalom,Masters Women Ages 30-39 (ages 30-44 from 1993-2020),women,masters,ages 30-39,,1,Debra Orth,,,,"{""https://lbs.mtbaker.us/results/honor-roll/""}",verified,live-source
mt-baker-legendary-banked-slalom--1996,banked-slalom,Pro Men All Ages,men,pro,,,1,Terje Haakonsen,,,,"{""https://lbs.mtbaker.us/results/honor-roll/""}",verified,live-source
mt-baker-legendary-banked-slalom--1996,banked-slalom,Pro Women All Ages,women,pro,,,1,Karleen Jeffery,,,,"{""https://lbs.mtbaker.us/results/honor-roll/""}",verified,live-source
mt-baker-legendary-banked-slalom--1997,banked-slalom,Amateur Men Ages 16-29 (ages 20-29 from 1994-2020),men,amateur,ages 16-29,,1,Jode Carlucci,,,,"{""https://lbs.mtbaker.us/results/honor-roll/""}",verified,live-source
mt-baker-legendary-banked-slalom--1997,banked-slalom,Women Amateurs Ages 16-29,women,amateur,ages 16-29,,1,Allison O'Brian,,,,"{""https://lbs.mtbaker.us/results/honor-roll/""}",verified,live-source
mt-baker-legendary-banked-slalom--1997,banked-slalom,Next Gen Ages 11 & Under,unspecified,grom,ages 11 &,,1,Lucas DeBari,,,,"{""https://lbs.mtbaker.us/results/honor-roll/""}",verified,live-source
mt-baker-legendary-banked-slalom--1997,banked-slalom,Younger Amateurs Ages 16-19,unspecified,junior,ages 16-19,,1,Kory Klouzer,,,,"{""https://lbs.mtbaker.us/results/honor-roll/""}",verified,live-source
mt-baker-legendary-banked-slalom--1997,banked-slalom,Juniors Ages 12-15,unspecified,junior,ages 12-15,,1,Jakob Wilhelmson,,,,"{""https://lbs.mtbaker.us/results/honor-roll/""}",verified,live-source
mt-baker-legendary-banked-slalom--1997,banked-slalom,Masters Men Ages 30-39,men,masters,ages 30-39,,1,Jean Nerva,,,,"{""https://lbs.mtbaker.us/results/honor-roll/""}",verified,live-source
mt-baker-legendary-banked-slalom--1997,banked-slalom,Grand Masters Men Ages 50+,men,masters,ages 50+,,1,Jim Taylor,,,,"{""https://lbs.mtbaker.us/results/honor-roll/""}",verified,live-source
mt-baker-legendary-banked-slalom--1997,banked-slalom,Pro Men All Ages,men,pro,,,1,Rob Morrow,,,,"{""https://lbs.mtbaker.us/results/honor-roll/""}",verified,live-source
mt-baker-legendary-banked-slalom--1997,banked-slalom,Pro Women All Ages,women,pro,,,1,Karleen Jeffery,,,,"{""https://lbs.mtbaker.us/results/honor-roll/""}",verified,live-source
mt-baker-legendary-banked-slalom--1998,banked-slalom,Amateur Men Ages 16-29 (ages 20-29 from 1994-2020),men,amateur,ages 16-29,,1,Matt Remine,,,,"{""https://lbs.mtbaker.us/results/honor-roll/""}",verified,live-source
mt-baker-legendary-banked-slalom--1998,banked-slalom,Women Amateurs Ages 16-29,women,amateur,ages 16-29,,1,Jacqui Berg,,,,"{""https://lbs.mtbaker.us/results/honor-roll/""}",verified,live-source
mt-baker-legendary-banked-slalom--1998,banked-slalom,Next Gen Ages 11 & Under,unspecified,grom,ages 11 &,,1,Shaun White,,,,"{""https://lbs.mtbaker.us/results/honor-roll/""}",verified,live-source
mt-baker-legendary-banked-slalom--1998,banked-slalom,Younger Amateurs Ages 16-19,unspecified,junior,ages 16-19,,1,Ryan Kelly,,,,"{""https://lbs.mtbaker.us/results/honor-roll/""}",verified,live-source
mt-baker-legendary-banked-slalom--1998,banked-slalom,Juniors Ages 12-15,unspecified,junior,ages 12-15,,1,Javas Lehn,,,,"{""https://lbs.mtbaker.us/results/honor-roll/""}",verified,live-source
mt-baker-legendary-banked-slalom--1998,banked-slalom,Masters Men Ages 30-39,men,masters,ages 30-39,,1,Jean Nerva,,,,"{""https://lbs.mtbaker.us/results/honor-roll/""}",verified,live-source
mt-baker-legendary-banked-slalom--1998,banked-slalom,Grand Masters Men Ages 50+,men,masters,ages 50+,,1,Jim Taylor,,,,"{""https://lbs.mtbaker.us/results/honor-roll/""}",verified,live-source
mt-baker-legendary-banked-slalom--1998,banked-slalom,Pro Men All Ages,men,pro,,,1,Terje Haakonsen,,,,"{""https://lbs.mtbaker.us/results/honor-roll/""}",verified,live-source
mt-baker-legendary-banked-slalom--1998,banked-slalom,Pro Women All Ages,women,pro,,,1,Karleen Jeffery,,,,"{""https://lbs.mtbaker.us/results/honor-roll/""}",verified,live-source
mt-baker-legendary-banked-slalom--1999,banked-slalom,Amateur Men Ages 16-29 (ages 20-29 from 1994-2020),men,amateur,ages 16-29,,1,J.J. Desormeaux,,,,"{""https://lbs.mtbaker.us/results/honor-roll/""}",verified,live-source
mt-baker-legendary-banked-slalom--1999,banked-slalom,Women Amateurs Ages 16-29,women,amateur,ages 16-29,,1,Natasha Khan,,,,"{""https://lbs.mtbaker.us/results/honor-roll/""}",verified,live-source
mt-baker-legendary-banked-slalom--1999,banked-slalom,Next Gen Ages 11 & Under,unspecified,grom,ages 11 &,,1,Lucas DeBari,,,,"{""https://lbs.mtbaker.us/results/honor-roll/""}",verified,live-source
mt-baker-legendary-banked-slalom--1999,banked-slalom,Younger Amateurs Ages 16-19,unspecified,junior,ages 16-19,,1,Jason Speer,,,,"{""https://lbs.mtbaker.us/results/honor-roll/""}",verified,live-source
mt-baker-legendary-banked-slalom--1999,banked-slalom,Juniors Ages 12-15,unspecified,junior,ages 12-15,,1,Jay Kelly,,,,"{""https://lbs.mtbaker.us/results/honor-roll/""}",verified,live-source
mt-baker-legendary-banked-slalom--1999,banked-slalom,Masters Men Ages 30-39,men,masters,ages 30-39,,1,Dave Wray,,,,"{""https://lbs.mtbaker.us/results/honor-roll/""}",verified,live-source
mt-baker-legendary-banked-slalom--1999,banked-slalom,Grand Masters Men Ages 50+,men,masters,ages 50+,,1,Jim Taylor,,,,"{""https://lbs.mtbaker.us/results/honor-roll/""}",verified,live-source
mt-baker-legendary-banked-slalom--1999,banked-slalom,Pro Men All Ages,men,pro,,,1,Matt Goodwill,,,,"{""https://lbs.mtbaker.us/results/honor-roll/""}",verified,live-source
mt-baker-legendary-banked-slalom--1999,banked-slalom,Pro Women All Ages,women,pro,,,1,Karleen Jeffery,,,,"{""https://lbs.mtbaker.us/results/honor-roll/""}",verified,live-source
mt-baker-legendary-banked-slalom--2000,banked-slalom,Amateur Men Ages 16-29 (ages 20-29 from 1994-2020),men,amateur,ages 16-29,,1,Andy Johnson,,,,"{""https://lbs.mtbaker.us/results/honor-roll/""}",verified,live-source
mt-baker-legendary-banked-slalom--2000,banked-slalom,Women Amateurs Ages 16-29,women,amateur,ages 16-29,,1,Stacy Thomas,,,,"{""https://lbs.mtbaker.us/results/honor-roll/""}",verified,live-source
mt-baker-legendary-banked-slalom--2000,banked-slalom,Next Gen Ages 11 & Under,unspecified,grom,ages 11 &,,1,Nicky Larson,,,,"{""https://lbs.mtbaker.us/results/honor-roll/""}",verified,live-source
mt-baker-legendary-banked-slalom--2000,banked-slalom,Younger Amateurs Ages 16-19,unspecified,junior,ages 16-19,,1,Jason Speer,,,,"{""https://lbs.mtbaker.us/results/honor-roll/""}",verified,live-source
mt-baker-legendary-banked-slalom--2000,banked-slalom,Juniors Ages 12-15,unspecified,junior,ages 12-15,,1,Mathieu Crepel,,,,"{""https://lbs.mtbaker.us/results/honor-roll/""}",verified,live-source
mt-baker-legendary-banked-slalom--2000,banked-slalom,Masters Men Ages 30-39,men,masters,ages 30-39,,1,Garry Pendygrasse,,,,"{""https://lbs.mtbaker.us/results/honor-roll/""}",verified,live-source
mt-baker-legendary-banked-slalom--2000,banked-slalom,Grand Masters Men Ages 50+,men,masters,ages 50+,,1,Bruce Smith,,,,"{""https://lbs.mtbaker.us/results/honor-roll/""}",verified,live-source
mt-baker-legendary-banked-slalom--2000,banked-slalom,Pro Men All Ages,men,pro,,,1,Terje Haakonsen,,,,"{""https://lbs.mtbaker.us/results/honor-roll/""}",verified,live-source
mt-baker-legendary-banked-slalom--2000,banked-slalom,Pro Women All Ages,women,pro,,,1,Victoria Jealouse,,,,"{""https://lbs.mtbaker.us/results/honor-roll/""}",verified,live-source
mt-baker-legendary-banked-slalom--2001,banked-slalom,Amateur Men Ages 16-29 (ages 20-29 from 1994-2020),men,amateur,ages 16-29,,1,Kyle Phillips,,,,"{""https://lbs.mtbaker.us/results/honor-roll/""}",verified,live-source
mt-baker-legendary-banked-slalom--2001,banked-slalom,Women Amateurs Ages 16-29,women,amateur,ages 16-29,,1,Krisi Dill,,,,"{""https://lbs.mtbaker.us/results/honor-roll/""}",verified,live-source
mt-baker-legendary-banked-slalom--2001,banked-slalom,Next Gen Ages 11 & Under,unspecified,grom,ages 11 &,,1,Roger Carver,,,,"{""https://lbs.mtbaker.us/results/honor-roll/""}",verified,live-source
mt-baker-legendary-banked-slalom--2001,banked-slalom,Younger Amateurs Ages 16-19,unspecified,junior,ages 16-19,,1,Blair Habenicht,,,,"{""https://lbs.mtbaker.us/results/honor-roll/""}",verified,live-source
mt-baker-legendary-banked-slalom--2001,banked-slalom,Juniors Ages 12-15,unspecified,junior,ages 12-15,,1,Taylor Galt,,,,"{""https://lbs.mtbaker.us/results/honor-roll/""}",verified,live-source
mt-baker-legendary-banked-slalom--2001,banked-slalom,Masters Men Ages 30-39,men,masters,ages 30-39,,1,Shannon Melhuse,,,,"{""https://lbs.mtbaker.us/results/honor-roll/""}",verified,live-source
mt-baker-legendary-banked-slalom--2001,banked-slalom,Grand Masters Men Ages 50+,men,masters,ages 50+,,1,Mike Cotes,,,,"{""https://lbs.mtbaker.us/results/honor-roll/""}",verified,live-source
mt-baker-legendary-banked-slalom--2001,banked-slalom,Pro Men All Ages,men,pro,,,1,Temple Cummins,,,,"{""https://lbs.mtbaker.us/results/honor-roll/""}",verified,live-source
mt-baker-legendary-banked-slalom--2001,banked-slalom,Pro Women All Ages,women,pro,,,1,Barrett Christy,,,,"{""https://lbs.mtbaker.us/results/honor-roll/""}",verified,live-source
mt-baker-legendary-banked-slalom--2002,banked-slalom,Amateur Men Ages 16-29 (ages 20-29 from 1994-2020),men,amateur,ages 16-29,,1,Bobby Hickman,,,,"{""https://lbs.mtbaker.us/results/honor-roll/""}",verified,live-source
mt-baker-legendary-banked-slalom--2002,banked-slalom,Women Amateurs Ages 16-29,women,amateur,ages 16-29,,1,Mechille Kiss,,,,"{""https://lbs.mtbaker.us/results/honor-roll/""}",verified,live-source
mt-baker-legendary-banked-slalom--2002,banked-slalom,Next Gen Ages 11 & Under,unspecified,grom,ages 11 &,,1,Blake Eddington,,,,"{""https://lbs.mtbaker.us/results/honor-roll/""}",verified,live-source
mt-baker-legendary-banked-slalom--2002,banked-slalom,Younger Amateurs Ages 16-19,unspecified,junior,ages 16-19,,1,Dillon Candelaria,,,,"{""https://lbs.mtbaker.us/results/honor-roll/""}",verified,live-source
mt-baker-legendary-banked-slalom--2002,banked-slalom,Juniors Ages 12-15,unspecified,junior,ages 12-15,,1,Lucas DeBari,,,,"{""https://lbs.mtbaker.us/results/honor-roll/""}",verified,live-source
mt-baker-legendary-banked-slalom--2002,banked-slalom,Pro Men Masters Ages 40-49,men,masters,ages 40-49,,1,Shannon Melhuse,,,,"{""https://lbs.mtbaker.us/results/honor-roll/""}",verified,live-source
mt-baker-legendary-banked-slalom--2002,banked-slalom,Masters Men Ages 30-39,men,masters,ages 30-39,,1,Mike Cotes,,,,"{""https://lbs.mtbaker.us/results/honor-roll/""}",verified,live-source
mt-baker-legendary-banked-slalom--2002,banked-slalom,Masters Women Ages 30-39 (ages 30-44 from 1993-2020),women,masters,ages 30-39,,1,Jen Tofte,,,,"{""https://lbs.mtbaker.us/results/honor-roll/""}",verified,live-source
mt-baker-legendary-banked-slalom--2002,banked-slalom,Grand Masters Men Ages 50+,men,masters,ages 50+,,1,Rob Skala,,,,"{""https://lbs.mtbaker.us/results/honor-roll/""}",verified,live-source
mt-baker-legendary-banked-slalom--2002,banked-slalom,Pro Men All Ages,men,pro,,,1,Xavier Deleru,,,,"{""https://lbs.mtbaker.us/results/honor-roll/""}",verified,live-source
mt-baker-legendary-banked-slalom--2002,banked-slalom,Pro Women All Ages,women,pro,,,1,Manuela Pesko,,,,"{""https://lbs.mtbaker.us/results/honor-roll/""}",verified,live-source
mt-baker-legendary-banked-slalom--2003,banked-slalom,Amateur Men Ages 16-29 (ages 20-29 from 1994-2020),men,amateur,ages 16-29,,1,Darin Bryant,,,,"{""https://lbs.mtbaker.us/results/honor-roll/""}",verified,live-source
mt-baker-legendary-banked-slalom--2003,banked-slalom,Women Amateurs Ages 16-29,women,amateur,ages 16-29,,1,Kelsey Galt,,,,"{""https://lbs.mtbaker.us/results/honor-roll/""}",verified,live-source
mt-baker-legendary-banked-slalom--2003,banked-slalom,Next Gen Ages 11 & Under,unspecified,grom,ages 11 &,,1,Logan Beaulieu,,,,"{""https://lbs.mtbaker.us/results/honor-roll/""}",verified,live-source
mt-baker-legendary-banked-slalom--2003,banked-slalom,Younger Amateurs Ages 16-19,unspecified,junior,ages 16-19,,1,Wallace Westfeldt,,,,"{""https://lbs.mtbaker.us/results/honor-roll/""}",verified,live-source
mt-baker-legendary-banked-slalom--2003,banked-slalom,Juniors Ages 12-15,unspecified,junior,ages 12-15,,1,Sammy Luebke,,,,"{""https://lbs.mtbaker.us/results/honor-roll/""}",verified,live-source
mt-baker-legendary-banked-slalom--2003,banked-slalom,Pro Men Masters Ages 40-49,men,masters,ages 40-49,,1,Christian Robertson,,,,"{""https://lbs.mtbaker.us/results/honor-roll/""}",verified,live-source
mt-baker-legendary-banked-slalom--2003,banked-slalom,Masters Men Ages 30-39,men,masters,ages 30-39,,1,Robert Mann,,,,"{""https://lbs.mtbaker.us/results/honor-roll/""}",verified,live-source
mt-baker-legendary-banked-slalom--2003,banked-slalom,Masters Women Ages 30-39 (ages 30-44 from 1993-2020),women,masters,ages 30-39,,1,Jen Tofte,,,,"{""https://lbs.mtbaker.us/results/honor-roll/""}",verified,live-source
mt-baker-legendary-banked-slalom--2003,banked-slalom,Mid Masters Men Ages 40-49,men,masters,ages 40-49,,1,Scott Liska,,,,"{""https://lbs.mtbaker.us/results/honor-roll/""}",verified,live-source
mt-baker-legendary-banked-slalom--2003,banked-slalom,Grand Masters Men Ages 50+,men,masters,ages 50+,,1,Joe Cummins,,,,"{""https://lbs.mtbaker.us/results/honor-roll/""}",verified,live-source
mt-baker-legendary-banked-slalom--2003,banked-slalom,Pro Men All Ages,men,pro,,,1,Terje Haakonsen,,,,"{""https://lbs.mtbaker.us/results/honor-roll/""}",verified,live-source
mt-baker-legendary-banked-slalom--2003,banked-slalom,Pro Women All Ages,women,pro,,,1,Tanja Frieden,,,,"{""https://lbs.mtbaker.us/results/honor-roll/""}",verified,live-source
mt-baker-legendary-banked-slalom--2004,banked-slalom,Amateur Men Ages 16-29 (ages 20-29 from 1994-2020),men,amateur,ages 16-29,,1,Ryan Kelly,,,,"{""https://lbs.mtbaker.us/results/honor-roll/""}",verified,live-source
mt-baker-legendary-banked-slalom--2004,banked-slalom,Women Amateurs Ages 16-29,women,amateur,ages 16-29,,1,Spencer O'Brian,,,,"{""https://lbs.mtbaker.us/results/honor-roll/""}",verified,live-source
mt-baker-legendary-banked-slalom--2004,banked-slalom,Younger Amateurs Ages 16-19,unspecified,junior,ages 16-19,,1,Aaron Robinson,,,,"{""https://lbs.mtbaker.us/results/honor-roll/""}",verified,live-source
mt-baker-legendary-banked-slalom--2004,banked-slalom,Juniors Ages 12-15,unspecified,junior,ages 12-15,,1,Roger Carver,,,,"{""https://lbs.mtbaker.us/results/honor-roll/""}",verified,live-source
mt-baker-legendary-banked-slalom--2004,banked-slalom,Pro Men Masters Ages 40-49,men,masters,ages 40-49,,1,Tom Burt,,,,"{""https://lbs.mtbaker.us/results/honor-roll/""}",verified,live-source
mt-baker-legendary-banked-slalom--2004,banked-slalom,Masters Men Ages 30-39,men,masters,ages 30-39,,1,Jeff Hambelton,,,,"{""https://lbs.mtbaker.us/results/honor-roll/""}",verified,live-source
mt-baker-legendary-banked-slalom--2004,banked-slalom,Masters Women Ages 30-39 (ages 30-44 from 1993-2020),women,masters,ages 30-39,,1,Dawn Lambert,,,,"{""https://lbs.mtbaker.us/results/honor-roll/""}",verified,live-source
mt-baker-legendary-banked-slalom--2004,banked-slalom,Mid Masters Men Ages 40-49,men,masters,ages 40-49,,1,Randy Haugen,,,,"{""https://lbs.mtbaker.us/results/honor-roll/""}",verified,live-source
mt-baker-legendary-banked-slalom--2004,banked-slalom,Pro Men All Ages,men,pro,,,1,Terje Haakonsen,,,,"{""https://lbs.mtbaker.us/results/honor-roll/""}",verified,live-source
mt-baker-legendary-banked-slalom--2004,banked-slalom,Pro Women All Ages,women,pro,,,1,Stacy Thomas,,,,"{""https://lbs.mtbaker.us/results/honor-roll/""}",verified,live-source
mt-baker-legendary-banked-slalom--2007,banked-slalom,Amateur Men Ages 16-29 (ages 20-29 from 1994-2020),men,amateur,ages 16-29,,1,Chris Coralline,,,,"{""https://lbs.mtbaker.us/results/honor-roll/""}",verified,live-source
mt-baker-legendary-banked-slalom--2007,banked-slalom,Women Amateurs Ages 16-29,women,amateur,ages 16-29,,1,Regina Lind,,,,"{""https://lbs.mtbaker.us/results/honor-roll/""}",verified,live-source
mt-baker-legendary-banked-slalom--2007,banked-slalom,Next Gen Ages 11 & Under,unspecified,grom,ages 11 &,,1,Hanky Kennedy,,,,"{""https://lbs.mtbaker.us/results/honor-roll/""}",verified,live-source
mt-baker-legendary-banked-slalom--2007,banked-slalom,Younger Amateurs Ages 16-19,unspecified,junior,ages 16-19,,1,Roger Carver,,,,"{""https://lbs.mtbaker.us/results/honor-roll/""}",verified,live-source
mt-baker-legendary-banked-slalom--2007,banked-slalom,Juniors Ages 12-15,unspecified,junior,ages 12-15,,1,Harry Kearney,,,,"{""https://lbs.mtbaker.us/results/honor-roll/""}",verified,live-source
mt-baker-legendary-banked-slalom--2007,banked-slalom,Pro Men Masters Ages 40-49,men,masters,ages 40-49,,1,Carl Cowtan,,,,"{""https://lbs.mtbaker.us/results/honor-roll/""}",verified,live-source
mt-baker-legendary-banked-slalom--2007,banked-slalom,Masters Men Ages 30-39,men,masters,ages 30-39,,1,Jeff Caldwell,,,,"{""https://lbs.mtbaker.us/results/honor-roll/""}",verified,live-source
mt-baker-legendary-banked-slalom--2007,banked-slalom,Masters Women Ages 30-39 (ages 30-44 from 1993-2020),women,masters,ages 30-39,,1,Annie Fast,,,,"{""https://lbs.mtbaker.us/results/honor-roll/""}",verified,live-source
mt-baker-legendary-banked-slalom--2007,banked-slalom,Mid Masters Men Ages 40-49,men,masters,ages 40-49,,1,Randy Haugen,,,,"{""https://lbs.mtbaker.us/results/honor-roll/""}",verified,live-source
mt-baker-legendary-banked-slalom--2007,banked-slalom,Grand Masters Men Ages 50+,men,masters,ages 50+,,1,JT Taylor,,,,"{""https://lbs.mtbaker.us/results/honor-roll/""}",verified,live-source
mt-baker-legendary-banked-slalom--2007,banked-slalom,SUPER MASTERS AGES 60+,unspecified,masters,ages 60+,,1,Larry Freeman,,,"[v0.3 correction: the Honor Roll's masters table renders 7 cells against 8 headers for 18 of its 28 year rows, so the trailing name is shifted one column left. The Mid Masters Women cell is present and empty, which places the omission at Grand Masters Women, making this a Super Masters 60+ win. The archived per-division finals pages for 2008 and 2011 show the same riders in Super Masters, which corroborates the reading.]","{""https://lbs.mtbaker.us/results/honor-roll/""}",likely,live-source
mt-baker-legendary-banked-slalom--2007,banked-slalom,Pro Men All Ages,men,pro,,,1,Lucas DeBari,,,,"{""https://lbs.mtbaker.us/results/honor-roll/""}",verified,live-source
mt-baker-legendary-banked-slalom--2007,banked-slalom,Pro Women All Ages,women,pro,,,1,Maelle Ricker,,,,"{""https://lbs.mtbaker.us/results/honor-roll/""}",verified,live-source
mt-baker-legendary-banked-slalom--2013,banked-slalom,Older Amateurs,unspecified,amateur,,Sunday Finals,1,Robin Foster,,1:38.959,"Hometown as printed: Glacier, Washington [citation pending re-check: the value was verified against the archived page by QA, but the recorded snapshot URL has not been confirmed to resolve]","{""https://web.archive.org/web/20130603041309/http://lbs.mtbaker.us/index.php/results/finals/older-amateurs""}",verified,pending-recheck
mt-baker-legendary-banked-slalom--2013,banked-slalom,Women Amateurs,women,amateur,,Sunday Finals,1,Jennica Lowell,,1:49.510,"Hometown as printed: Couer d Alene, Idaho [citation pending re-check: the value was verified against the archived page by QA, but the recorded snapshot URL has not been confirmed to resolve]","{""https://web.archive.org/web/20130215111833/http://lbs.mtbaker.us/index.php/results/finals/women-amateurs""}",verified,pending-recheck
mt-baker-legendary-banked-slalom--2013,banked-slalom,Older Amateurs,unspecified,amateur,,Sunday Finals,2,Spencer Cordovano,,1:39.753,"Hometown as printed: Hailey, Idaho [citation pending re-check: the value was verified against the archived page by QA, but the recorded snapshot URL has not been confirmed to resolve]","{""https://web.archive.org/web/20130603041309/http://lbs.mtbaker.us/index.php/results/finals/older-amateurs""}",verified,pending-recheck
mt-baker-legendary-banked-slalom--2013,banked-slalom,Women Amateurs,women,amateur,,Sunday Finals,2,Karla Charlton,,1:50.198,"Hometown as printed: Vernon, British Columbia [citation pending re-check: the value was verified against the archived page by QA, but the recorded snapshot URL has not been confirmed to resolve]","{""https://web.archive.org/web/20130215111833/http://lbs.mtbaker.us/index.php/results/finals/women-amateurs""}",verified,pending-recheck
mt-baker-legendary-banked-slalom--2013,banked-slalom,Older Amateurs,unspecified,amateur,,Sunday Finals,3,Jack Freysinger,,1:40.028,"Hometown as printed: Deming, Washington [citation pending re-check: the value was verified against the archived page by QA, but the recorded snapshot URL has not been confirmed to resolve]","{""https://web.archive.org/web/20130603041309/http://lbs.mtbaker.us/index.php/results/finals/older-amateurs""}",verified,pending-recheck
mt-baker-legendary-banked-slalom--2013,banked-slalom,Women Amateurs,women,amateur,,Sunday Finals,3,Sydney Bannerman,,1:51.812,"Hometown as printed: Tahoe City, California [citation pending re-check: the value was verified against the archived page by QA, but the recorded snapshot URL has not been confirmed to resolve]","{""https://web.archive.org/web/20130215111833/http://lbs.mtbaker.us/index.php/results/finals/women-amateurs""}",verified,pending-recheck
mt-baker-legendary-banked-slalom--2013,banked-slalom,Next Generation,unspecified,grom,,Sunday Finals,1,Isabella Gomez,,1:52.081,"Hometown as printed: Issaquah, Washington [citation pending re-check: the value was verified against the archived page by QA, but the recorded snapshot URL has not been confirmed to resolve]","{""https://web.archive.org/web/20130215111727/http://lbs.mtbaker.us/index.php/results/finals/next-gener""}",verified,pending-recheck
mt-baker-legendary-banked-slalom--2013,banked-slalom,Next Generation,unspecified,grom,,Sunday Finals,2,Keala Cole,,1:52.452,"Hometown as printed: Edmonds, Washington [citation pending re-check: the value was verified against the archived page by QA, but the recorded snapshot URL has not been confirmed to resolve]","{""https://web.archive.org/web/20130215111727/http://lbs.mtbaker.us/index.php/results/finals/next-gener""}",verified,pending-recheck
mt-baker-legendary-banked-slalom--2013,banked-slalom,Next Generation,unspecified,grom,,Sunday Finals,3,Finn Finestone,,1:53.811,"Hometown as printed: Whistler, British Columbia [citation pending re-check: the value was verified against the archived page by QA, but the recorded snapshot URL has not been confirmed to resolve]","{""https://web.archive.org/web/20130215111727/http://lbs.mtbaker.us/index.php/results/finals/next-gener""}",verified,pending-recheck
mt-baker-legendary-banked-slalom--2013,banked-slalom,Juniors,unspecified,junior,,Sunday Finals,1,Hank Kennedy,,1:46.428,"Hometown as printed: Glacier, Washington [citation pending re-check: the value was verified against the archived page by QA, but the recorded snapshot URL has not been confirmed to resolve]","{""https://web.archive.org/web/20130215111640/http://lbs.mtbaker.us/index.php/results/finals/juniors""}",verified,pending-recheck
mt-baker-legendary-banked-slalom--2013,banked-slalom,Younger Amateurs,unspecified,junior,,Sunday Finals,1,Keith Dixon,,1:44.510,"Hometown as printed: Boise, Idaho [citation pending re-check: the value was verified against the archived page by QA, but the recorded snapshot URL has not been confirmed to resolve]","{""https://web.archive.org/web/20130220121705/http://lbs.mtbaker.us/index.php/results/finals/younger-amateurs""}",verified,pending-recheck
mt-baker-legendary-banked-slalom--2013,banked-slalom,Juniors,unspecified,junior,,Sunday Finals,2,Milo Malkoski,,1:47.414,"Hometown as printed: Seattle, Washington [citation pending re-check: the value was verified against the archived page by QA, but the recorded snapshot URL has not been confirmed to resolve]","{""https://web.archive.org/web/20130215111640/http://lbs.mtbaker.us/index.php/results/finals/juniors""}",verified,pending-recheck
mt-baker-legendary-banked-slalom--2013,banked-slalom,Younger Amateurs,unspecified,junior,,Sunday Finals,2,Jackson Scanlan,,1:46.078,"Hometown as printed: Bellingham, Washington [citation pending re-check: the value was verified against the archived page by QA, but the recorded snapshot URL has not been confirmed to resolve]","{""https://web.archive.org/web/20130220121705/http://lbs.mtbaker.us/index.php/results/finals/younger-amateurs""}",verified,pending-recheck
mt-baker-legendary-banked-slalom--2013,banked-slalom,Juniors,unspecified,junior,,Sunday Finals,3,Jonas Harris,,1:48.591,"Hometown as printed: Draper, Utah [citation pending re-check: the value was verified against the archived page by QA, but the recorded snapshot URL has not been confirmed to resolve]","{""https://web.archive.org/web/20130215111640/http://lbs.mtbaker.us/index.php/results/finals/juniors""}",verified,pending-recheck
mt-baker-legendary-banked-slalom--2013,banked-slalom,Younger Amateurs,unspecified,junior,,Sunday Finals,3,Odin Barnett,,1:46.226,"Hometown as printed: Bellingham, Washington [citation pending re-check: the value was verified against the archived page by QA, but the recorded snapshot URL has not been confirmed to resolve]","{""https://web.archive.org/web/20130220121705/http://lbs.mtbaker.us/index.php/results/finals/younger-amateurs""}",verified,pending-recheck
mt-baker-legendary-banked-slalom--2013,banked-slalom,Grand Masters,unspecified,masters,,Sunday Finals,1,Luke Edgar,,1:44.240,"Hometown as printed: Park City, Utah [citation pending re-check: the value was verified against the archived page by QA, but the recorded snapshot URL has not been confirmed to resolve]","{""https://web.archive.org/web/20130220121622/http://lbs.mtbaker.us/index.php/results/finals/grand-masters""}",verified,pending-recheck
mt-baker-legendary-banked-slalom--2013,banked-slalom,Masters,unspecified,masters,,Sunday Finals,1,Jake Price,,1:35.167,"Hometown as printed: Bend, Oregon [citation pending re-check: the value was verified against the archived page by QA, but the recorded snapshot URL has not been confirmed to resolve]","{""https://web.archive.org/web/20130215111659/http://lbs.mtbaker.us/index.php/results/finals/masters""}",verified,pending-recheck
mt-baker-legendary-banked-slalom--2013,banked-slalom,Mid Masters,unspecified,masters,,Sunday Finals,1,Anthony Martinez,,1:39.299,"Hometown as printed: Salt Lake City, Utah [citation pending re-check: the value was verified against the archived page by QA, but the recorded snapshot URL has not been confirmed to resolve]","{""https://web.archive.org/web/20130215111704/http://lbs.mtbaker.us/index.php/results/finals/mid-maste""}",verified,pending-recheck
mt-baker-legendary-banked-slalom--2013,banked-slalom,Pro Masters,unspecified,masters,,Sunday Finals,1,Marcel Dolak,,1:36.678,"Hometown as printed: Redmond, Washington [citation pending re-check: the value was verified against the archived page by QA, but the recorded snapshot URL has not been confirmed to resolve]","{""https://web.archive.org/web/20130220121648/http://lbs.mtbaker.us/index.php/results/finals/pro-masters""}",verified,pending-recheck
mt-baker-legendary-banked-slalom--2013,banked-slalom,Pro Women Masters,women,masters,,Sunday Finals,1,Marni Yamada,,1:40.269,"Hometown as printed: Seattle, Washington [citation pending re-check: the value was verified against the archived page by QA, but the recorded snapshot URL has not been confirmed to resolve]","{""https://web.archive.org/web/20130215111802/http://lbs.mtbaker.us/index.php/results/finals/pro-women-maste""}",verified,pending-recheck
mt-baker-legendary-banked-slalom--2013,banked-slalom,Women Masters,women,masters,,Sunday Finals,1,Tanya Simonson,,1:45.557,"Hometown as printed: Bozeman, Montana [citation pending re-check: the value was verified against the archived page by QA, but the recorded snapshot URL has not been confirmed to resolve]","{""https://web.archive.org/web/20130216011858/http://lbs.mtbaker.us/index.php/results/finals/women-master""}",verified,pending-recheck
mt-baker-legendary-banked-slalom--2013,banked-slalom,Grand Masters,unspecified,masters,,Sunday Finals,2,Randy Haugen,,1:51.265,"Hometown as printed: Bellingham, Washington [citation pending re-check: the value was verified against the archived page by QA, but the recorded snapshot URL has not been confirmed to resolve]","{""https://web.archive.org/web/20130220121622/http://lbs.mtbaker.us/index.php/results/finals/grand-masters""}",verified,pending-recheck
mt-baker-legendary-banked-slalom--2013,banked-slalom,Masters,unspecified,masters,,Sunday Finals,2,Jonathan Martens,,1:35.523,"Hometown as printed: Bellingham, Washington [citation pending re-check: the value was verified against the archived page by QA, but the recorded snapshot URL has not been confirmed to resolve]","{""https://web.archive.org/web/20130215111659/http://lbs.mtbaker.us/index.php/results/finals/masters""}",verified,pending-recheck
mt-baker-legendary-banked-slalom--2013,banked-slalom,Mid Masters,unspecified,masters,,Sunday Finals,2,Mike Cummins,,1:39.701,"Hometown as printed: Olympia, Washington [citation pending re-check: the value was verified against the archived page by QA, but the recorded snapshot URL has not been confirmed to resolve]","{""https://web.archive.org/web/20130215111704/http://lbs.mtbaker.us/index.php/results/finals/mid-maste""}",verified,pending-recheck
mt-baker-legendary-banked-slalom--2013,banked-slalom,Pro Masters,unspecified,masters,,Sunday Finals,2,Peter Bauer,,1:37.690,"Hometown as printed: Fischbachau, GERMANY [citation pending re-check: the value was verified against the archived page by QA, but the recorded snapshot URL has not been confirmed to resolve]","{""https://web.archive.org/web/20130220121648/http://lbs.mtbaker.us/index.php/results/finals/pro-masters""}",verified,pending-recheck
mt-baker-legendary-banked-slalom--2013,banked-slalom,Pro Women Masters,women,masters,,Sunday Finals,2,Marguerite Cossettini,,1:45.204,"Hometown as printed: Kirkwood, AUSTRALIA [citation pending re-check: the value was verified against the archived page by QA, but the recorded snapshot URL has not been confirmed to resolve]","{""https://web.archive.org/web/20130215111802/http://lbs.mtbaker.us/index.php/results/finals/pro-women-maste""}",verified,pending-recheck
mt-baker-legendary-banked-slalom--2013,banked-slalom,Women Masters,women,masters,,Sunday Finals,2,Jacqui Berg,,1:47.617,"Hometown as printed: Bellingham, Washington [citation pending re-check: the value was verified against the archived page by QA, but the recorded snapshot URL has not been confirmed to resolve]","{""https://web.archive.org/web/20130216011858/http://lbs.mtbaker.us/index.php/results/finals/women-master""}",verified,pending-recheck
mt-baker-legendary-banked-slalom--2013,banked-slalom,Grand Masters,unspecified,masters,,Sunday Finals,3,Mike Cotes,,1:59.232,"Hometown as printed: Spokane, Washington [citation pending re-check: the value was verified against the archived page by QA, but the recorded snapshot URL has not been confirmed to resolve]","{""https://web.archive.org/web/20130220121622/http://lbs.mtbaker.us/index.php/results/finals/grand-masters""}",verified,pending-recheck
mt-baker-legendary-banked-slalom--2013,banked-slalom,Masters,unspecified,masters,,Sunday Finals,3,Scott Reynolds,,1:36.410,"Hometown as printed: Rossland, British Columbia [citation pending re-check: the value was verified against the archived page by QA, but the recorded snapshot URL has not been confirmed to resolve]","{""https://web.archive.org/web/20130215111659/http://lbs.mtbaker.us/index.php/results/finals/masters""}",verified,pending-recheck
mt-baker-legendary-banked-slalom--2013,banked-slalom,Mid Masters,unspecified,masters,,Sunday Finals,3,Erick Vines,,1:39.914,"Hometown as printed: Butte, Montana [citation pending re-check: the value was verified against the archived page by QA, but the recorded snapshot URL has not been confirmed to resolve]","{""https://web.archive.org/web/20130215111704/http://lbs.mtbaker.us/index.php/results/finals/mid-maste""}",verified,pending-recheck
mt-baker-legendary-banked-slalom--2013,banked-slalom,Pro Masters,unspecified,masters,,Sunday Finals,3,Billy Anderson,,1:38.628,"Hometown as printed: Mammoth, California [citation pending re-check: the value was verified against the archived page by QA, but the recorded snapshot URL has not been confirmed to resolve]","{""https://web.archive.org/web/20130220121648/http://lbs.mtbaker.us/index.php/results/finals/pro-masters""}",verified,pending-recheck
mt-baker-legendary-banked-slalom--2013,banked-slalom,Pro Women Masters,women,masters,,Sunday Finals,3,Barrett Christy Cummins,,1:45.331,"Hometown as printed: Sequim, Washington [citation pending re-check: the value was verified against the archived page by QA, but the recorded snapshot URL has not been confirmed to resolve]","{""https://web.archive.org/web/20130215111802/http://lbs.mtbaker.us/index.php/results/finals/pro-women-maste""}",verified,pending-recheck
mt-baker-legendary-banked-slalom--2013,banked-slalom,Women Masters,women,masters,,Sunday Finals,3,Sarah Taylor,,1:48.830,"Hometown as printed: Girdwood, Alaska [citation pending re-check: the value was verified against the archived page by QA, but the recorded snapshot URL has not been confirmed to resolve]","{""https://web.archive.org/web/20130216011858/http://lbs.mtbaker.us/index.php/results/finals/women-master""}",verified,pending-recheck
mt-baker-legendary-banked-slalom--2013,banked-slalom,Pro Men,men,pro,,Sunday Finals,1,Seth Wescott,,1:33.221,"Hometown as printed: Carrabassett, Maine [citation pending re-check: the value was verified against the archived page by QA, but the recorded snapshot URL has not been confirmed to resolve]","{""https://web.archive.org/web/20130216005405/http://lbs.mtbaker.us/index.php/results/finals/pro-me""}",verified,pending-recheck
mt-baker-legendary-banked-slalom--2013,banked-slalom,Pro Women,women,pro,,Sunday Finals,1,Maelle Ricker,,1:37.065,"Hometown as printed: Squamish, British Columbia [citation pending re-check: the value was verified against the archived page by QA, but the recorded snapshot URL has not been confirmed to resolve]","{""https://web.archive.org/web/20130215111808/http://lbs.mtbaker.us/index.php/results/finals/pro-women""}",verified,pending-recheck
mt-baker-legendary-banked-slalom--2013,banked-slalom,Pro Men,men,pro,,Sunday Finals,2,Graham Watanabe,,1:33.801,"Hometown as printed: Hailey, Idaho [citation pending re-check: the value was verified against the archived page by QA, but the recorded snapshot URL has not been confirmed to resolve]","{""https://web.archive.org/web/20130216005405/http://lbs.mtbaker.us/index.php/results/finals/pro-me""}",verified,pending-recheck
mt-baker-legendary-banked-slalom--2013,banked-slalom,Pro Women,women,pro,,Sunday Finals,2,Laura Hadar,,1:40.000,"Hometown as printed: carbondale, Colorado [citation pending re-check: the value was verified against the archived page by QA, but the recorded snapshot URL has not been confirmed to resolve]","{""https://web.archive.org/web/20130215111808/http://lbs.mtbaker.us/index.php/results/finals/pro-women""}",verified,pending-recheck
mt-baker-legendary-banked-slalom--2013,banked-slalom,Pro Men,men,pro,,Sunday Finals,3,Jason Robinson,,1:34.045,"Hometown as printed: Kalispell, Montana [citation pending re-check: the value was verified against the archived page by QA, but the recorded snapshot URL has not been confirmed to resolve]","{""https://web.archive.org/web/20130216005405/http://lbs.mtbaker.us/index.php/results/finals/pro-me""}",verified,pending-recheck
mt-baker-legendary-banked-slalom--2013,banked-slalom,Pro Women,women,pro,,Sunday Finals,3,Dominique Vallee,,1:43.508,"Hometown as printed: Vancouver, British Columbia [citation pending re-check: the value was verified against the archived page by QA, but the recorded snapshot URL has not been confirmed to resolve]","{""https://web.archive.org/web/20130215111808/http://lbs.mtbaker.us/index.php/results/finals/pro-women""}",verified,pending-recheck
national-snurfing-championships--1974,other,,mixed,open,,,1,Jon Albaitis,USA,,,"{""https://www.michigansnowboardmuseum.com/michigan-snowboarding-history-timeline.html""}",likely,live-source
national-snurfing-championships--1976,other,,mixed,open,,,1,Bill Pushaw,USA,,,"{""https://www.michigansnowboardmuseum.com/michigan-snowboarding-history-timeline.html""}",likely,live-source
national-snurfing-championships--1977,other,,mixed,open,,,1,James Trim,USA,,,"{""https://www.michigansnowboardmuseum.com/michigan-snowboarding-history-timeline.html""}",likely,live-source
national-snurfing-championships--1978,other,,mixed,open,,,1,Jim Trim,USA,$400 first prize,,"{""https://www.michigansnowboardmuseum.com/michigan-snowboarding-history-timeline.html""}",likely,live-source
national-snurfing-championships--1979,other,,mixed,open,,,1,Ken Campenia,USA,,,"{""https://www.michigansnowboardmuseum.com/michigan-snowboarding-history-timeline.html""}",likely,live-source
national-snurfing-championships--1980,downhill,,mixed,open,,,1,Bill Pushaw,USA,,,"{""https://www.michigansnowboardmuseum.com/michigan-snowboarding-history-timeline.html""}",likely,live-source
national-snurfing-championships--1980,slalom,,mixed,open,,,1,Doug Bouton,USA,,,"{""https://www.michigansnowboardmuseum.com/michigan-snowboarding-history-timeline.html""}",likely,live-source
national-snurfing-championships--1981,downhill,,mixed,open,,,1,Tom Pushaw,USA,,,"{""https://www.michigansnowboardmuseum.com/michigan-snowboarding-history-timeline.html""}",likely,live-source
national-snurfing-championships--1981,slalom,,mixed,open,,,1,Bob Novak,USA,,,"{""https://www.michigansnowboardmuseum.com/michigan-snowboarding-history-timeline.html""}",likely,live-source
national-snurfing-championships--1984,other,,mixed,open,,,1,Bob Novak,USA,,,"{""https://www.michigansnowboardmuseum.com/michigan-snowboarding-history-timeline.html""}",likely,live-source
neil-edgeworth-memorial-banked-slalom--2024,banked-slalom,,unspecified,masters,,,1,Dustin Ferris,CAN,01:38.80,,"{""https://www.bcsnowboard.com/wp-content/uploads/NEBS-2024-Final-Results.pdf"",""https://www.bcsnowboard.com/2024-event-results/""}",verified,live-source
neil-edgeworth-memorial-banked-slalom--2024,banked-slalom,,unspecified,masters,,,2,Brett Tippie,CAN,01:41.99,,"{""https://www.bcsnowboard.com/wp-content/uploads/NEBS-2024-Final-Results.pdf"",""https://www.bcsnowboard.com/2024-event-results/""}",verified,live-source
neil-edgeworth-memorial-banked-slalom--2024,banked-slalom,,unspecified,masters,,,3,Michael Orr,CAN,01:42.17,,"{""https://www.bcsnowboard.com/wp-content/uploads/NEBS-2024-Final-Results.pdf"",""https://www.bcsnowboard.com/2024-event-results/""}",verified,live-source
neil-edgeworth-memorial-banked-slalom--2024,banked-slalom,,men,open,,,1,Anthony Shelly,CAN,01:28.50,,"{""https://www.bcsnowboard.com/wp-content/uploads/NEBS-2024-Final-Results.pdf"",""https://www.bcsnowboard.com/2024-event-results/""}",verified,live-source
neil-edgeworth-memorial-banked-slalom--2024,banked-slalom,,men,open,,,2,Kevin Hill,CAN,01:31.27,,"{""https://www.bcsnowboard.com/wp-content/uploads/NEBS-2024-Final-Results.pdf"",""https://www.bcsnowboard.com/2024-event-results/""}",verified,live-source
neil-edgeworth-memorial-banked-slalom--2024,banked-slalom,,men,open,,,3,Dan Barker,CAN,01:31.85,,"{""https://www.bcsnowboard.com/wp-content/uploads/NEBS-2024-Final-Results.pdf"",""https://www.bcsnowboard.com/2024-event-results/""}",verified,live-source
neil-edgeworth-memorial-banked-slalom--2024,banked-slalom,,women,open,,,1,Tess Critchlow,CAN,01:37.36,,"{""https://www.bcsnowboard.com/wp-content/uploads/NEBS-2024-Final-Results.pdf"",""https://www.bcsnowboard.com/2024-event-results/""}",verified,live-source
neil-edgeworth-memorial-banked-slalom--2024,banked-slalom,,women,open,,,2,Tara Hickey,CAN,01:43.83,,"{""https://www.bcsnowboard.com/wp-content/uploads/NEBS-2024-Final-Results.pdf"",""https://www.bcsnowboard.com/2024-event-results/""}",verified,live-source
neil-edgeworth-memorial-banked-slalom--2024,banked-slalom,,women,open,,,3,Carleigh Quiring,CAN,01:45.66,,"{""https://www.bcsnowboard.com/wp-content/uploads/NEBS-2024-Final-Results.pdf"",""https://www.bcsnowboard.com/2024-event-results/""}",verified,live-source
nescafe-champs-leysin--2010,halfpipe,,men,open,,,1,Johann Baisamy,FRA,,,"{""https://www.worldsnowboardfederation.org/french-dominate-at-the-4star-nescafe-champs/"",""https://www.worldsnowboardfederation.org/world-n2-podlatdtchikov-sui-at-the-4star-nescafe-champs/""}",verified,live-source
nescafe-champs-leysin--2010,halfpipe,,men,open,,,2,Patrick Burgener,SUI,,,"{""https://www.worldsnowboardfederation.org/french-dominate-at-the-4star-nescafe-champs/"",""https://www.worldsnowboardfederation.org/world-n2-podlatdtchikov-sui-at-the-4star-nescafe-champs/""}",verified,live-source
nescafe-champs-leysin--2010,halfpipe,,men,open,,,3,Maxence Tevelle,FRA,,,"{""https://www.worldsnowboardfederation.org/french-dominate-at-the-4star-nescafe-champs/"",""https://www.worldsnowboardfederation.org/world-n2-podlatdtchikov-sui-at-the-4star-nescafe-champs/""}",verified,live-source
nescafe-champs-leysin--2011,slopestyle,,men,open,,,1,Lucien Koch,SUI,,,"{""https://www.worldsnowboardguide.com/news/cilka-sadar---lucien-koch-win-2011-champ-in-leysin.html"",""https://www.worldsnowboardfederation.org/5star-nescafe-champ-leysin2011-titles-go-to-cilka-sadar-and-lucien-koch/""}",verified,live-source
nescafe-champs-leysin--2011,slopestyle,,men,open,,,2,Risto Mattila,FIN,,,"{""https://www.worldsnowboardguide.com/news/cilka-sadar---lucien-koch-win-2011-champ-in-leysin.html"",""https://www.worldsnowboardfederation.org/5star-nescafe-champ-leysin2011-titles-go-to-cilka-sadar-and-lucien-koch/""}",verified,live-source
nescafe-champs-leysin--2011,slopestyle,,men,open,,,3,Niklas Mattson,SWE,,,"{""https://www.worldsnowboardguide.com/news/cilka-sadar---lucien-koch-win-2011-champ-in-leysin.html"",""https://www.worldsnowboardfederation.org/5star-nescafe-champ-leysin2011-titles-go-to-cilka-sadar-and-lucien-koch/""}",verified,live-source
nescafe-champs-leysin--2011,slopestyle,,women,open,,,1,Cilka Sadar,SLO,,,"{""https://www.worldsnowboardguide.com/news/cilka-sadar---lucien-koch-win-2011-champ-in-leysin.html"",""https://www.worldsnowboardfederation.org/5star-nescafe-champ-leysin2011-titles-go-to-cilka-sadar-and-lucien-koch/""}",verified,live-source
nescafe-champs-leysin--2011,slopestyle,,women,open,,,2,Ursina Haller,SUI,,,"{""https://www.worldsnowboardguide.com/news/cilka-sadar---lucien-koch-win-2011-champ-in-leysin.html"",""https://www.worldsnowboardfederation.org/5star-nescafe-champ-leysin2011-titles-go-to-cilka-sadar-and-lucien-koch/""}",verified,live-source
nescafe-champs-leysin--2011,slopestyle,,women,open,,,3,Isabel Derungs,SUI,,,"{""https://www.worldsnowboardguide.com/news/cilka-sadar---lucien-koch-win-2011-champ-in-leysin.html"",""https://www.worldsnowboardfederation.org/5star-nescafe-champ-leysin2011-titles-go-to-cilka-sadar-and-lucien-koch/""}",verified,live-source
oneill-evolution--2012,big-air,,men,open,,,1,Mark McMorris,CAN,95.60,,"{""https://www.worldsnowboardguide.com/news/o-neill-evolution-results-2012.html"",""https://whitelines.com/events/oneill-evolution""}",verified,live-source
oneill-evolution--2012,big-air,,men,open,,,2,Eric Willett,USA,95.30,,"{""https://www.worldsnowboardguide.com/news/o-neill-evolution-results-2012.html"",""https://whitelines.com/events/oneill-evolution""}",verified,live-source
oneill-evolution--2012,big-air,,men,open,,,3,Seppe Smits,BEL,,,"{""https://www.worldsnowboardguide.com/news/o-neill-evolution-results-2012.html"",""https://whitelines.com/events/oneill-evolution""}",verified,live-source
oneill-evolution--2012,big-air,,women,open,,,1,Spencer O'Brien,CAN,,,"{""https://www.worldsnowboardguide.com/news/o-neill-evolution-results-2012.html"",""https://whitelines.com/events/oneill-evolution""}",verified,live-source
oneill-evolution--2012,big-air,,women,open,,,2,Sina Candrian,SUI,,,"{""https://www.worldsnowboardguide.com/news/o-neill-evolution-results-2012.html"",""https://whitelines.com/events/oneill-evolution""}",verified,live-source
oneill-evolution--2012,big-air,,women,open,,,3,Anna Gasser,AUT,,,"{""https://www.worldsnowboardguide.com/news/o-neill-evolution-results-2012.html"",""https://whitelines.com/events/oneill-evolution""}",verified,live-source
pacwest-banked-slalom--2022,banked-slalom,Men's Open,men,open,,,1,Kevin Nolan,,,,"{""https://thesnowboardersjournal.com/blogs/exclusives/pacwest-banked-slalom-2022""}",verified,live-source
pacwest-banked-slalom--2022,banked-slalom,Women's Open,women,open,,,1,Marni Yamada,,,,"{""https://thesnowboardersjournal.com/blogs/exclusives/pacwest-banked-slalom-2022""}",verified,live-source
shakedown-snowboard-games--2011,big-air,,unspecified,amateur,,,1,Francis Bourgeois,CAN,,,"{""https://www.snowboarder.com/news/ride-shakedown-canada""}",verified,live-source
shakedown-snowboard-games--2011,big-air,,unspecified,amateur,,,2,Antoine Truchon,CAN,,,"{""https://www.snowboarder.com/news/ride-shakedown-canada""}",verified,live-source
shakedown-snowboard-games--2011,big-air,,unspecified,amateur,,,3,Michel Gregoire,CAN,,,"{""https://www.snowboarder.com/news/ride-shakedown-canada""}",verified,live-source
shakedown-snowboard-games--2011,big-air,,unspecified,pro,,,1,Sebastien Toutant,CAN,"$15,000",,"{""https://www.snowboarder.com/news/ride-shakedown-canada""}",verified,live-source
shakedown-snowboard-games--2011,big-air,,unspecified,pro,,,2,Matts Kulisek,,"$8,000",,"{""https://www.snowboarder.com/news/ride-shakedown-canada""}",verified,live-source
shakedown-snowboard-games--2011,big-air,,unspecified,pro,,,3,Maxence Parrot,CAN,"$4,000",,"{""https://www.snowboarder.com/news/ride-shakedown-canada""}",verified,live-source
shakedown-snowboard-games--2011,rail-jam,,unspecified,pro,,,1,Jeremy Cloutier,CAN,"$5,000",,"{""https://www.snowboarder.com/news/ride-shakedown-canada""}",verified,live-source
shakedown-snowboard-games--2011,rail-jam,,unspecified,pro,,,2,Phil Jacques,CAN,"$2,000",,"{""https://www.snowboarder.com/news/ride-shakedown-canada""}",verified,live-source
shakedown-snowboard-games--2011,rail-jam,,unspecified,pro,,,3,Frank April,CAN,"$1,000",,"{""https://www.snowboarder.com/news/ride-shakedown-canada""}",verified,live-source
snoboard-shop-north-american-championships--1985,other,,mixed,open,,,3,Jose Fernandes,SUI,,,"{""https://snowboarding8090.com/history/"",""https://radical.swiss/en/radical-stories-in-conversation-with-jose-fernandes-the-first-snowboard-world-number-1-from-europe/"",""https://www.snowboardquebec.com/histoire/""}",likely,live-source
the-arctic-challenge--2013,halfpipe,,men,open,,,1,Iouri Podladtchikov,,,,"{""http://www.xgames.com/article/9032074/iouri-podladtchikov-wins-2013-arctic-challenge-peetu-piiroinen-wins-world-snowboard-tour-overall-champion-title""}",likely,live-source
toyota-big-air--1997,big-air,,mixed,open,,,1,Fabien Rohrer,SUI,,,"{""https://en.wikipedia.org/wiki/Toyota_Big_Air""}",verified,live-source
toyota-big-air--1997,big-air,,mixed,open,,,2,Max Ploetzenneder,AUT,,,"{""https://en.wikipedia.org/wiki/Toyota_Big_Air""}",verified,live-source
toyota-big-air--1997,big-air,,mixed,open,,,3,Michi Albin,SUI,,,"{""https://en.wikipedia.org/wiki/Toyota_Big_Air""}",verified,live-source
toyota-big-air--1998,big-air,,mixed,open,,,1,Michi Albin,SUI,,,"{""https://en.wikipedia.org/wiki/Toyota_Big_Air""}",verified,live-source
toyota-big-air--1998,big-air,,mixed,open,,,2,Juha Tenkku,FIN,,,"{""https://en.wikipedia.org/wiki/Toyota_Big_Air""}",verified,live-source
toyota-big-air--1998,big-air,,mixed,open,,,3,Narufumi Yoshimura,JPN,,,"{""https://en.wikipedia.org/wiki/Toyota_Big_Air""}",verified,live-source
toyota-big-air--1999,big-air,,mixed,open,,,1,Michi Albin,SUI,,,"{""https://en.wikipedia.org/wiki/Toyota_Big_Air""}",verified,live-source
toyota-big-air--1999,big-air,,mixed,open,,,2,Stefan Gimpl,AUT,,,"{""https://en.wikipedia.org/wiki/Toyota_Big_Air""}",verified,live-source
toyota-big-air--1999,big-air,,mixed,open,,,3,Jim Rippey,USA,,,"{""https://en.wikipedia.org/wiki/Toyota_Big_Air""}",verified,live-source
toyota-big-air--2000,big-air,,mixed,open,,,1,Jonas Emery,SUI,,,"{""https://en.wikipedia.org/wiki/Toyota_Big_Air""}",verified,live-source
toyota-big-air--2000,big-air,,mixed,open,,,2,Stefan Gimpl,AUT,,,"{""https://en.wikipedia.org/wiki/Toyota_Big_Air""}",verified,live-source
toyota-big-air--2000,big-air,,mixed,open,,,3,Daniel Franck,NOR,,,"{""https://en.wikipedia.org/wiki/Toyota_Big_Air""}",verified,live-source
toyota-big-air--2001,big-air,,mixed,open,,,1,Guillaume Morisset,CAN,,,"{""https://en.wikipedia.org/wiki/Toyota_Big_Air""}",verified,live-source
toyota-big-air--2001,big-air,,mixed,open,,,2,Roger Hjelmstadstuen,NOR,,,"{""https://en.wikipedia.org/wiki/Toyota_Big_Air""}",verified,live-source
toyota-big-air--2001,big-air,,mixed,open,,,3,Stefan Gimpl,AUT,,,"{""https://en.wikipedia.org/wiki/Toyota_Big_Air""}",verified,live-source
toyota-big-air--2002,big-air,,mixed,open,,,1,Shaun White,USA,,,"{""https://en.wikipedia.org/wiki/Toyota_Big_Air""}",verified,live-source
toyota-big-air--2002,big-air,,mixed,open,,,2,Stefan Gimpl,AUT,,,"{""https://en.wikipedia.org/wiki/Toyota_Big_Air""}",verified,live-source
toyota-big-air--2002,big-air,,mixed,open,,,3,Akifumi Hiraoka,JPN,,,"{""https://en.wikipedia.org/wiki/Toyota_Big_Air""}",verified,live-source
toyota-big-air--2003,big-air,,mixed,open,,,1,Roger Hjelmstadstuen,NOR,,,"{""https://en.wikipedia.org/wiki/Toyota_Big_Air""}",verified,live-source
toyota-big-air--2003,big-air,,mixed,open,,,2,Daniel Franck,NOR,,,"{""https://en.wikipedia.org/wiki/Toyota_Big_Air""}",verified,live-source
toyota-big-air--2003,big-air,,mixed,open,,,3,Stefan Gimpl,AUT,,,"{""https://en.wikipedia.org/wiki/Toyota_Big_Air""}",verified,live-source
toyota-big-air--2004,big-air,,mixed,open,,,1,Marc-Andre Tarte,CAN,,,"{""https://en.wikipedia.org/wiki/Toyota_Big_Air""}",verified,live-source
toyota-big-air--2004,big-air,,mixed,open,,,2,Eero Ettala,FIN,,,"{""https://en.wikipedia.org/wiki/Toyota_Big_Air""}",verified,live-source
toyota-big-air--2004,big-air,,mixed,open,,,3,Daniel Franck,NOR,,,"{""https://en.wikipedia.org/wiki/Toyota_Big_Air""}",verified,live-source
toyota-big-air--2005,big-air,,mixed,open,,,1,Eero Ettala,FIN,,,"{""https://en.wikipedia.org/wiki/Toyota_Big_Air""}",verified,live-source
toyota-big-air--2005,big-air,,mixed,open,,,2,Mathieu Crepel,FRA,,,"{""https://en.wikipedia.org/wiki/Toyota_Big_Air""}",verified,live-source
toyota-big-air--2005,big-air,,mixed,open,,,3,Roger Hjelmstadstuen,NOR,,[tie recorded by the source],"{""https://en.wikipedia.org/wiki/Toyota_Big_Air""}",verified,live-source
toyota-big-air--2005,big-air,,mixed,open,,,3,Nicolas Müller,SUI,,[tie recorded by the source],"{""https://en.wikipedia.org/wiki/Toyota_Big_Air""}",verified,live-source
toyota-big-air--2006,big-air,,mixed,open,,,1,Nicolas Muller,SUI,,,"{""https://en.wikipedia.org/wiki/Toyota_Big_Air""}",verified,live-source
toyota-big-air--2006,big-air,,mixed,open,,,2,Eero Ettala,FIN,,,"{""https://en.wikipedia.org/wiki/Toyota_Big_Air""}",verified,live-source
toyota-big-air--2006,big-air,,mixed,open,,,3,Trevor Andrew,CAN,,,"{""https://en.wikipedia.org/wiki/Toyota_Big_Air""}",verified,live-source
toyota-big-air--2007,big-air,,mixed,open,,,1,Kevin Pearce,USA,,,"{""https://en.wikipedia.org/wiki/Toyota_Big_Air""}",verified,live-source
toyota-big-air--2007,big-air,,mixed,open,,,2,Risto Mattila,FIN,,,"{""https://en.wikipedia.org/wiki/Toyota_Big_Air""}",verified,live-source
toyota-big-air--2007,big-air,,mixed,open,,,3,Antti Autti,FIN,,[tie recorded by the source],"{""https://en.wikipedia.org/wiki/Toyota_Big_Air""}",verified,live-source
toyota-big-air--2007,big-air,,mixed,open,,,3,Nicolas Muller,SUI,,[tie recorded by the source],"{""https://en.wikipedia.org/wiki/Toyota_Big_Air""}",verified,live-source
toyota-big-air--2008,big-air,,mixed,open,,,1,Antti Autti,FIN,,,"{""https://en.wikipedia.org/wiki/Toyota_Big_Air""}",verified,live-source
toyota-big-air--2008,big-air,,mixed,open,,,2,Risto Mattila,FIN,,,"{""https://en.wikipedia.org/wiki/Toyota_Big_Air""}",verified,live-source
toyota-big-air--2008,big-air,,mixed,open,,,3,Kevin Pearce,USA,,[tie recorded by the source],"{""https://en.wikipedia.org/wiki/Toyota_Big_Air""}",verified,live-source
toyota-big-air--2008,big-air,,mixed,open,,,3,Masatake Yamamoto,JPN,,[tie recorded by the source],"{""https://en.wikipedia.org/wiki/Toyota_Big_Air""}",verified,live-source
toyota-big-air--2009,big-air,,mixed,open,,,1,Eero Ettala,FIN,,,"{""https://en.wikipedia.org/wiki/Toyota_Big_Air""}",verified,live-source
toyota-big-air--2009,big-air,,mixed,open,,,2,Tim Humphreys,USA,,,"{""https://en.wikipedia.org/wiki/Toyota_Big_Air""}",verified,live-source
toyota-big-air--2009,big-air,,mixed,open,,,3,Risto Mattila,FIN,,,"{""https://en.wikipedia.org/wiki/Toyota_Big_Air""}",verified,live-source
toyota-big-air--2010,big-air,,mixed,open,,,1,Peetu Piiroinen,FIN,,,"{""https://en.wikipedia.org/wiki/Toyota_Big_Air""}",verified,live-source
toyota-big-air--2010,big-air,,mixed,open,,,2,Eero Ettala,FIN,,,"{""https://en.wikipedia.org/wiki/Toyota_Big_Air""}",verified,live-source
toyota-big-air--2010,big-air,,mixed,open,,,3,Antti Autti,FIN,,[tie recorded by the source],"{""https://en.wikipedia.org/wiki/Toyota_Big_Air""}",verified,live-source
toyota-big-air--2010,big-air,,mixed,open,,,3,Seppe Smits,BEL,,[tie recorded by the source],"{""https://en.wikipedia.org/wiki/Toyota_Big_Air""}",verified,live-source
toyota-big-air--2011,big-air,,mixed,open,,,1,Chas Guldemond,USA,,,"{""https://en.wikipedia.org/wiki/Toyota_Big_Air""}",verified,live-source
toyota-big-air--2011,big-air,,mixed,open,,,2,Sebastien Toutant,CAN,,,"{""https://en.wikipedia.org/wiki/Toyota_Big_Air""}",verified,live-source
toyota-big-air--2011,big-air,,mixed,open,,,3,Mark McMorris,CAN,,[tie recorded by the source],"{""https://en.wikipedia.org/wiki/Toyota_Big_Air""}",verified,live-source
toyota-big-air--2011,big-air,,mixed,open,,,3,Seppe Smits,BEL,,[tie recorded by the source],"{""https://en.wikipedia.org/wiki/Toyota_Big_Air""}",verified,live-source
toyota-big-air--2012,big-air,,mixed,open,,,1,Scotty Lago,USA,,,"{""https://ja.wikipedia.org/wiki/TOYOTA_BIG_AIR""}",verified,live-source
toyota-big-air--2013,big-air,,mixed,open,,,1,Antoine Truchon,CAN,,,"{""https://ja.wikipedia.org/wiki/TOYOTA_BIG_AIR"",""https://de.wikipedia.org/wiki/Antoine_Truchon""}",likely,live-source
ttr-world-snowboard-tour--2003,quarterpipe,,men,open,,Season champion,1,Travis Rice,,,"TTR series title decided at the Arctic Challenge tour final, not a single-event podium. Nationality not given by the source. [citation pending re-check: the value was verified against the archived page by QA, but the recorded snapshot URL has not been confirmed to resolve]","{""https://web.archive.org/web/20220302222719/https://worldsnowboardtour.com/history/""}",verified,pending-recheck
ttr-world-snowboard-tour--2003,slopestyle,,men,open,,Season champion,1,Shaun White,,,"TTR series title decided at the Arctic Challenge tour final, not a single-event podium. Nationality not given by the source. [citation pending re-check: the value was verified against the archived page by QA, but the recorded snapshot URL has not been confirmed to resolve]","{""https://web.archive.org/web/20220302222719/https://worldsnowboardtour.com/history/""}",verified,pending-recheck
ttr-world-snowboard-tour--2004,halfpipe,,men,open,,Season champion,1,Andy Finch,,,"TTR series title decided at the Arctic Challenge tour final, not a single-event podium. Nationality not given by the source. [citation pending re-check: the value was verified against the archived page by QA, but the recorded snapshot URL has not been confirmed to resolve]","{""https://web.archive.org/web/20220302222719/https://worldsnowboardtour.com/history/""}",verified,pending-recheck
ttr-world-snowboard-tour--2004,quarterpipe,,men,open,,Season champion,1,Travis Rice,,,"TTR series title decided at the Arctic Challenge tour final, not a single-event podium. Nationality not given by the source. [citation pending re-check: the value was verified against the archived page by QA, but the recorded snapshot URL has not been confirmed to resolve]","{""https://web.archive.org/web/20220302222719/https://worldsnowboardtour.com/history/""}",verified,pending-recheck
ttr-world-snowboard-tour--2005,quarterpipe,,men,open,,Season champion,1,Markus Keller,,,"TTR series title decided at the Arctic Challenge tour final, not a single-event podium. Nationality not given by the source. [citation pending re-check: the value was verified against the archived page by QA, but the recorded snapshot URL has not been confirmed to resolve]","{""https://web.archive.org/web/20220302222719/https://worldsnowboardtour.com/history/""}",verified,pending-recheck
ttr-world-snowboard-tour--2006,other,,men,open,,Season champion,1,Mathieu Crepel,FRA,,"Overall season tour title (all disciplines combined), not a single-event podium. [citation pending re-check: the value was verified against the archived page by QA, but the recorded snapshot URL has not been confirmed to resolve]","{""https://web.archive.org/web/20220302222719/https://worldsnowboardtour.com/history/""}",verified,pending-recheck
ttr-world-snowboard-tour--2006,other,,women,open,,Season champion,1,Cheryl Maas,NED,,"Overall season tour title (all disciplines combined), not a single-event podium. [citation pending re-check: the value was verified against the archived page by QA, but the recorded snapshot URL has not been confirmed to resolve]","{""https://web.archive.org/web/20220302222719/https://worldsnowboardtour.com/history/""}",verified,pending-recheck
ttr-world-snowboard-tour--2007,other,,men,open,,Season champion,1,Shaun White,USA,,"Overall season tour title (all disciplines combined), not a single-event podium. [citation pending re-check: the value was verified against the archived page by QA, but the recorded snapshot URL has not been confirmed to resolve]","{""https://web.archive.org/web/20220302222719/https://worldsnowboardtour.com/history/""}",verified,pending-recheck
ttr-world-snowboard-tour--2007,other,,women,open,,Season champion,1,Torah Bright,AUS,,"Overall season tour title (all disciplines combined), not a single-event podium. [citation pending re-check: the value was verified against the archived page by QA, but the recorded snapshot URL has not been confirmed to resolve]","{""https://web.archive.org/web/20220302222719/https://worldsnowboardtour.com/history/""}",verified,pending-recheck
ttr-world-snowboard-tour--2008,other,,men,open,,Season champion,1,Kevin Pearce,USA,,"Overall season tour title (all disciplines combined), not a single-event podium. [citation pending re-check: the value was verified against the archived page by QA, but the recorded snapshot URL has not been confirmed to resolve]","{""https://web.archive.org/web/20220302222719/https://worldsnowboardtour.com/history/""}",verified,pending-recheck
ttr-world-snowboard-tour--2008,other,,women,open,,Season champion,1,Jamie Anderson,USA,,"Overall season tour title (all disciplines combined), not a single-event podium. [citation pending re-check: the value was verified against the archived page by QA, but the recorded snapshot URL has not been confirmed to resolve]","{""https://web.archive.org/web/20220302222719/https://worldsnowboardtour.com/history/""}",verified,pending-recheck
ttr-world-snowboard-tour--2009,other,,men,open,,Season champion,1,Peetu Piiroinen,FIN,,"Overall season tour title (all disciplines combined), not a single-event podium. [citation pending re-check: the value was verified against the archived page by QA, but the recorded snapshot URL has not been confirmed to resolve]","{""https://web.archive.org/web/20220302222719/https://worldsnowboardtour.com/history/""}",verified,pending-recheck
ttr-world-snowboard-tour--2009,other,,women,open,,Season champion,1,Kelly Clark,USA,,"Overall season tour title (all disciplines combined), not a single-event podium. [citation pending re-check: the value was verified against the archived page by QA, but the recorded snapshot URL has not been confirmed to resolve]","{""https://web.archive.org/web/20220302222719/https://worldsnowboardtour.com/history/""}",verified,pending-recheck
ttr-world-snowboard-tour--2010,other,,men,open,,Season champion,1,Peetu Piiroinen,FIN,,"Overall season tour title (all disciplines combined), not a single-event podium. [citation pending re-check: the value was verified against the archived page by QA, but the recorded snapshot URL has not been confirmed to resolve]","{""https://web.archive.org/web/20220302222719/https://worldsnowboardtour.com/history/""}",verified,pending-recheck
ttr-world-snowboard-tour--2010,other,,women,open,,Season champion,1,Enni Rukajarvi,FIN,,"Overall season tour title (all disciplines combined), not a single-event podium. [citation pending re-check: the value was verified against the archived page by QA, but the recorded snapshot URL has not been confirmed to resolve]","{""https://web.archive.org/web/20220302222719/https://worldsnowboardtour.com/history/""}",verified,pending-recheck
ttr-world-snowboard-tour--2011,other,,men,open,,Season champion,1,Peetu Piiroinen,FIN,,"Overall season tour title (all disciplines combined), not a single-event podium. [citation pending re-check: the value was verified against the archived page by QA, but the recorded snapshot URL has not been confirmed to resolve]","{""https://web.archive.org/web/20220302222719/https://worldsnowboardtour.com/history/""}",verified,pending-recheck
ttr-world-snowboard-tour--2011,other,,women,open,,Season champion,1,Jamie Anderson,USA,,"Overall season tour title (all disciplines combined), not a single-event podium. [citation pending re-check: the value was verified against the archived page by QA, but the recorded snapshot URL has not been confirmed to resolve]","{""https://web.archive.org/web/20220302222719/https://worldsnowboardtour.com/history/""}",verified,pending-recheck
ttr-world-snowboard-tour--2012,halfpipe,,men,open,,Season champion,1,Iouri Podladtchikov,SUI,,"Season-long tour title, not a single-event podium. [citation pending re-check: the value was verified against the archived page by QA, but the recorded snapshot URL has not been confirmed to resolve]","{""https://web.archive.org/web/20220302222719/https://worldsnowboardtour.com/history/""}",verified,pending-recheck
ttr-world-snowboard-tour--2012,halfpipe,,women,open,,Season champion,1,Kelly Clark,USA,,"Season-long tour title, not a single-event podium. [citation pending re-check: the value was verified against the archived page by QA, but the recorded snapshot URL has not been confirmed to resolve]","{""https://web.archive.org/web/20220302222719/https://worldsnowboardtour.com/history/""}",verified,pending-recheck
ttr-world-snowboard-tour--2012,other,,men,open,,Season champion,1,Stale Sandbech,NOR,,"Overall season tour title (all disciplines combined), not a single-event podium. [citation pending re-check: the value was verified against the archived page by QA, but the recorded snapshot URL has not been confirmed to resolve]","{""https://web.archive.org/web/20220302222719/https://worldsnowboardtour.com/history/""}",verified,pending-recheck
ttr-world-snowboard-tour--2012,other,,women,open,,Season champion,1,Cilka Sadar,SLO,,"Overall season tour title (all disciplines combined), not a single-event podium. [citation pending re-check: the value was verified against the archived page by QA, but the recorded snapshot URL has not been confirmed to resolve]","{""https://web.archive.org/web/20220302222719/https://worldsnowboardtour.com/history/""}",verified,pending-recheck
ttr-world-snowboard-tour--2012,slopestyle,,men,open,,Season champion,1,Sebastien Toutant,CAN,,"Season-long tour title, not a single-event podium. [citation pending re-check: the value was verified against the archived page by QA, but the recorded snapshot URL has not been confirmed to resolve]","{""https://web.archive.org/web/20220302222719/https://worldsnowboardtour.com/history/""}",verified,pending-recheck
ttr-world-snowboard-tour--2012,slopestyle,,women,open,,Season champion,1,Jamie Anderson,USA,,"Season-long tour title, not a single-event podium. [citation pending re-check: the value was verified against the archived page by QA, but the recorded snapshot URL has not been confirmed to resolve]","{""https://web.archive.org/web/20220302222719/https://worldsnowboardtour.com/history/""}",verified,pending-recheck
ttr-world-snowboard-tour--2013,big-air,,men,open,,Season champion,1,Sebastien Toutant,CAN,,"Season-long tour title, not a single-event podium. [citation pending re-check: the value was verified against the archived page by QA, but the recorded snapshot URL has not been confirmed to resolve]","{""https://web.archive.org/web/20220302222719/https://worldsnowboardtour.com/history/""}",verified,pending-recheck
ttr-world-snowboard-tour--2013,halfpipe,,men,open,,Season champion,1,Ayumu Hirano,JPN,,"Season-long tour title, not a single-event podium. [citation pending re-check: the value was verified against the archived page by QA, but the recorded snapshot URL has not been confirmed to resolve]","{""https://web.archive.org/web/20220302222719/https://worldsnowboardtour.com/history/""}",verified,pending-recheck
ttr-world-snowboard-tour--2013,halfpipe,,women,open,,Season champion,1,Kelly Clark,USA,,"Season-long tour title, not a single-event podium. [citation pending re-check: the value was verified against the archived page by QA, but the recorded snapshot URL has not been confirmed to resolve]","{""https://web.archive.org/web/20220302222719/https://worldsnowboardtour.com/history/""}",verified,pending-recheck
ttr-world-snowboard-tour--2013,other,,men,open,,Season champion,1,Peetu Piiroinen,FIN,,"Overall season tour title (all disciplines combined), not a single-event podium. [citation pending re-check: the value was verified against the archived page by QA, but the recorded snapshot URL has not been confirmed to resolve]","{""https://web.archive.org/web/20220302222719/https://worldsnowboardtour.com/history/""}",verified,pending-recheck
ttr-world-snowboard-tour--2013,other,,women,open,,Season champion,1,Sarka Pancochova,CZE,,"Overall season tour title (all disciplines combined), not a single-event podium. [citation pending re-check: the value was verified against the archived page by QA, but the recorded snapshot URL has not been confirmed to resolve]","{""https://web.archive.org/web/20220302222719/https://worldsnowboardtour.com/history/""}",verified,pending-recheck
ttr-world-snowboard-tour--2013,slopestyle,,men,open,,Season champion,1,Mark McMorris,CAN,,"Season-long tour title, not a single-event podium. [citation pending re-check: the value was verified against the archived page by QA, but the recorded snapshot URL has not been confirmed to resolve]","{""https://web.archive.org/web/20220302222719/https://worldsnowboardtour.com/history/""}",verified,pending-recheck
ttr-world-snowboard-tour--2013,slopestyle,,women,open,,Season champion,1,Sarka Pancochova,CZE,,"Season-long tour title, not a single-event podium. [citation pending re-check: the value was verified against the archived page by QA, but the recorded snapshot URL has not been confirmed to resolve]","{""https://web.archive.org/web/20220302222719/https://worldsnowboardtour.com/history/""}",verified,pending-recheck
ttr-world-snowboard-tour--2014,big-air,,men,open,,Season champion,1,Maxence Parrot,CAN,,"Season-long tour title, not a single-event podium. [citation pending re-check: the value was verified against the archived page by QA, but the recorded snapshot URL has not been confirmed to resolve]","{""https://web.archive.org/web/20220302222719/https://worldsnowboardtour.com/history/""}",verified,pending-recheck
ttr-world-snowboard-tour--2014,halfpipe,,men,open,,Season champion,1,Taku Hiraoka,JPN,,"Season-long tour title, not a single-event podium. [citation pending re-check: the value was verified against the archived page by QA, but the recorded snapshot URL has not been confirmed to resolve]","{""https://web.archive.org/web/20220302222719/https://worldsnowboardtour.com/history/""}",verified,pending-recheck
ttr-world-snowboard-tour--2014,halfpipe,,women,open,,Season champion,1,Kelly Clark,USA,,"Season-long tour title, not a single-event podium. [citation pending re-check: the value was verified against the archived page by QA, but the recorded snapshot URL has not been confirmed to resolve]","{""https://web.archive.org/web/20220302222719/https://worldsnowboardtour.com/history/""}",verified,pending-recheck
ttr-world-snowboard-tour--2014,other,,men,open,,Season champion,1,Stale Sandbech,NOR,,"Overall season tour title (all disciplines combined), not a single-event podium. [citation pending re-check: the value was verified against the archived page by QA, but the recorded snapshot URL has not been confirmed to resolve]","{""https://web.archive.org/web/20220302222719/https://worldsnowboardtour.com/history/""}",verified,pending-recheck
ttr-world-snowboard-tour--2014,other,,women,open,,Season champion,1,Chloe Kim,USA,,"Overall season tour title (all disciplines combined), not a single-event podium. [citation pending re-check: the value was verified against the archived page by QA, but the recorded snapshot URL has not been confirmed to resolve]","{""https://web.archive.org/web/20220302222719/https://worldsnowboardtour.com/history/""}",verified,pending-recheck
ttr-world-snowboard-tour--2014,slopestyle,,men,open,,Season champion,1,Stale Sandbech,NOR,,"Season-long tour title, not a single-event podium. [citation pending re-check: the value was verified against the archived page by QA, but the recorded snapshot URL has not been confirmed to resolve]","{""https://web.archive.org/web/20220302222719/https://worldsnowboardtour.com/history/""}",verified,pending-recheck
ttr-world-snowboard-tour--2014,slopestyle,,women,open,,Season champion,1,Jamie Anderson,USA,,"Season-long tour title, not a single-event podium. [citation pending re-check: the value was verified against the archived page by QA, but the recorded snapshot URL has not been confirmed to resolve]","{""https://web.archive.org/web/20220302222719/https://worldsnowboardtour.com/history/""}",verified,pending-recheck
ttr-world-snowboard-tour--2015,halfpipe,,men,open,,Season champion,1,Ayumu Hirano,JPN,,"WST Pro Series season title, awarded at the Burton US Open on 8 March 2015. Not a single-event podium. [citation pending re-check: the value was verified against the archived page by QA, but the recorded snapshot URL has not been confirmed to resolve]","{""https://web.archive.org/web/20220302222719/https://worldsnowboardtour.com/history/""}",verified,pending-recheck
ttr-world-snowboard-tour--2015,halfpipe,,women,open,,Season champion,1,Kelly Clark,USA,,"WST Pro Series season title, awarded at the Burton US Open on 8 March 2015. Not a single-event podium. [citation pending re-check: the value was verified against the archived page by QA, but the recorded snapshot URL has not been confirmed to resolve]","{""https://web.archive.org/web/20220302222719/https://worldsnowboardtour.com/history/""}",verified,pending-recheck
ttr-world-snowboard-tour--2015,slopestyle,,men,open,,Season champion,1,Mark McMorris,CAN,,"WST Pro Series season title, awarded at the Burton US Open on 8 March 2015. Not a single-event podium. [citation pending re-check: the value was verified against the archived page by QA, but the recorded snapshot URL has not been confirmed to resolve]","{""https://web.archive.org/web/20220302222719/https://worldsnowboardtour.com/history/""}",verified,pending-recheck
ttr-world-snowboard-tour--2015,slopestyle,,women,open,,Season champion,1,Jamie Anderson,USA,,"WST Pro Series season title, awarded at the Burton US Open on 8 March 2015. Not a single-event podium. [citation pending re-check: the value was verified against the archived page by QA, but the recorded snapshot URL has not been confirmed to resolve]","{""https://web.archive.org/web/20220302222719/https://worldsnowboardtour.com/history/""}",verified,pending-recheck
us-open-snowboarding--1984,downhill,,unspecified,open,,,1,Andy Coghlan,,,"[v0.3: two research passes recorded this same placing with different division wording (mens, open); kept the one that asserts least, since the cited page does not state a division.]","{""https://events.burton.com/burton-us-open/history/""}",likely,live-source
us-open-snowboarding--1984,downhill,Men'S Downhill,men,open,,Men'S Downhill,1,Andy Coghlan,USA,,,"{""https://web.archive.org/web/20021202102446/http://usopen-snowboarding.com/history.asp?yearNum=1984""}",verified,repaired-verified
us-open-snowboarding--1984,downhill,Men'S Downhill,men,open,,Men'S Downhill,2,Steve O'Hara,USA,,,"{""https://web.archive.org/web/20021202102446/http://usopen-snowboarding.com/history.asp?yearNum=1984""}",verified,repaired-verified
us-open-snowboarding--1984,downhill,Men'S Downhill,men,open,,Men'S Downhill,3,Jeff Hayes,USA,,,"{""https://web.archive.org/web/20021202102446/http://usopen-snowboarding.com/history.asp?yearNum=1984""}",verified,repaired-verified
us-open-snowboarding--1984,downhill,Women'S Downhill,women,open,,Women'S Downhill,1,Holly McDonald,USA,,,"{""https://web.archive.org/web/20021202102446/http://usopen-snowboarding.com/history.asp?yearNum=1984""}",verified,repaired-verified
us-open-snowboarding--1984,downhill,Women'S Downhill,women,open,,Women'S Downhill,2,Marianna Furhman,USA,,,"{""https://web.archive.org/web/20021202102446/http://usopen-snowboarding.com/history.asp?yearNum=1984""}",verified,repaired-verified
us-open-snowboarding--1984,downhill,Women'S Downhill,women,open,,Women'S Downhill,3,Suzanne Rueck,USA,,,"{""https://web.archive.org/web/20021202102446/http://usopen-snowboarding.com/history.asp?yearNum=1984""}",verified,repaired-verified
us-open-snowboarding--1984,slalom,,unspecified,open,,,1,Andy Coghlan,,,"[v0.3: two research passes recorded this same placing with different division wording (mens, open); kept the one that asserts least, since the cited page does not state a division.]","{""https://events.burton.com/burton-us-open/history/""}",likely,live-source
us-open-snowboarding--1984,slalom,Men'S Slalom,men,open,,Men'S Slalom,1,Andy Coghlan,USA,,,"{""https://web.archive.org/web/20021202102446/http://usopen-snowboarding.com/history.asp?yearNum=1984""}",verified,repaired-verified
us-open-snowboarding--1984,slalom,Men'S Slalom,men,open,,Men'S Slalom,2,Tom Sims,USA,,,"{""https://web.archive.org/web/20021202102446/http://usopen-snowboarding.com/history.asp?yearNum=1984""}",verified,repaired-verified
us-open-snowboarding--1984,slalom,Men'S Slalom,men,open,,Men'S Slalom,3,Alan Arnbrister,USA,,,"{""https://web.archive.org/web/20021202102446/http://usopen-snowboarding.com/history.asp?yearNum=1984""}",verified,repaired-verified
us-open-snowboarding--1984,slalom,Women'S Slalom,women,open,,Women'S Slalom,1,Marianna Furhman,USA,,,"{""https://web.archive.org/web/20021202102446/http://usopen-snowboarding.com/history.asp?yearNum=1984""}",verified,repaired-verified
us-open-snowboarding--1984,slalom,Women'S Slalom,women,open,,Women'S Slalom,2,Heather Smith,USA,,,"{""https://web.archive.org/web/20021202102446/http://usopen-snowboarding.com/history.asp?yearNum=1984""}",verified,repaired-verified
us-open-snowboarding--1984,slalom,Women'S Slalom,women,open,,Women'S Slalom,3,Sue McGrath,USA,,,"{""https://web.archive.org/web/20021202102446/http://usopen-snowboarding.com/history.asp?yearNum=1984""}",verified,repaired-verified
us-open-snowboarding--1985,downhill,Men'S Downhill,men,open,,Men'S Downhill,1,Andy Coghlan,USA,,,"{""https://web.archive.org/web/20021202101659/http://usopen-snowboarding.com/history.asp?yearNum=1985""}",verified,repaired-verified
us-open-snowboarding--1985,downhill,Men'S Downhill,men,open,,Men'S Downhill,2,Chris Karol,USA,,,"{""https://web.archive.org/web/20021202101659/http://usopen-snowboarding.com/history.asp?yearNum=1985""}",verified,repaired-verified
us-open-snowboarding--1985,downhill,Men'S Downhill,men,open,,Men'S Downhill,3,Mark Heingartner,USA,,,"{""https://web.archive.org/web/20021202101659/http://usopen-snowboarding.com/history.asp?yearNum=1985""}",verified,repaired-verified
us-open-snowboarding--1985,slalom,,men,open,,,1,Tom Sims,USA,,,"{""https://events.burton.com/burton-us-open/history/"",""https://www.skihall.com/hall-of-famers/tom-sims/""}",likely,live-source
us-open-snowboarding--1985,slalom,Men'S Slalom,men,open,,Men'S Slalom,1,Tom Sims,USA,,,"{""https://web.archive.org/web/20021202101659/http://usopen-snowboarding.com/history.asp?yearNum=1985""}",verified,repaired-verified
us-open-snowboarding--1985,slalom,Men'S Slalom,men,open,,Men'S Slalom,2,Louis Fournier,USA,,,"{""https://web.archive.org/web/20021202101659/http://usopen-snowboarding.com/history.asp?yearNum=1985""}",verified,repaired-verified
us-open-snowboarding--1985,slalom,Men'S Slalom,men,open,,Men'S Slalom,3,Chris Forrest,USA,,,"{""https://web.archive.org/web/20021202101659/http://usopen-snowboarding.com/history.asp?yearNum=1985""}",verified,repaired-verified
us-open-snowboarding--1986,downhill,Men'S Downhill,men,open,,Men'S Downhill,1,Andy Coghlan,USA,,,"{""https://web.archive.org/web/20021202101735/http://usopen-snowboarding.com/history.asp?yearNum=1986""}",verified,repaired-verified
us-open-snowboarding--1986,downhill,Men'S Downhill,men,open,,Men'S Downhill,2,Shaun Palmer,USA,,,"{""https://web.archive.org/web/20021202101735/http://usopen-snowboarding.com/history.asp?yearNum=1986""}",verified,repaired-verified
us-open-snowboarding--1986,downhill,Men'S Downhill,men,open,,Men'S Downhill,3,James Klassen,USA,,,"{""https://web.archive.org/web/20021202101735/http://usopen-snowboarding.com/history.asp?yearNum=1986""}",verified,repaired-verified
us-open-snowboarding--1986,downhill,Women'S Downhill,women,open,,Women'S Downhill,1,Jenny Hahn,USA,,,"{""https://web.archive.org/web/20021202101735/http://usopen-snowboarding.com/history.asp?yearNum=1986""}",verified,repaired-verified
us-open-snowboarding--1986,slalom,Men'S Slalom,men,open,,Men'S Slalom,1,Andy Coghlan,USA,,,"{""https://web.archive.org/web/20021202101735/http://usopen-snowboarding.com/history.asp?yearNum=1986""}",verified,repaired-verified
us-open-snowboarding--1986,slalom,Men'S Slalom,men,open,,Men'S Slalom,2,Chris Forrest,USA,,,"{""https://web.archive.org/web/20021202101735/http://usopen-snowboarding.com/history.asp?yearNum=1986""}",verified,repaired-verified
us-open-snowboarding--1986,slalom,Men'S Slalom,men,open,,Men'S Slalom,3,Terry Kidwell,USA,,,"{""https://web.archive.org/web/20021202101735/http://usopen-snowboarding.com/history.asp?yearNum=1986""}",verified,repaired-verified
us-open-snowboarding--1986,slalom,Women'S Slalom,women,open,,Women'S Slalom,1,Suzanne Rueck,USA,,,"{""https://web.archive.org/web/20021202101735/http://usopen-snowboarding.com/history.asp?yearNum=1986""}",verified,repaired-verified
us-open-snowboarding--1987,downhill,Junior'S Downhill,unspecified,junior,,Junior'S Downhill,1,Mike Hayes,USA,,,"{""https://web.archive.org/web/20021202103432/http://usopen-snowboarding.com/history.asp?yearNum=1987""}",verified,repaired-verified
us-open-snowboarding--1987,downhill,Junior'S Downhill,unspecified,junior,,Junior'S Downhill,2,Mike Reilly,USA,,,"{""https://web.archive.org/web/20021202103432/http://usopen-snowboarding.com/history.asp?yearNum=1987""}",verified,repaired-verified
us-open-snowboarding--1987,downhill,Junior'S Downhill,unspecified,junior,,Junior'S Downhill,3,Noah Brandon,USA,,,"{""https://web.archive.org/web/20021202103432/http://usopen-snowboarding.com/history.asp?yearNum=1987""}",verified,repaired-verified
us-open-snowboarding--1987,downhill,Men'S Downhill,men,open,,Men'S Downhill,1,James Klassen,USA,,,"{""https://web.archive.org/web/20021202103432/http://usopen-snowboarding.com/history.asp?yearNum=1987""}",verified,repaired-verified
us-open-snowboarding--1987,downhill,Men'S Downhill,men,open,,Men'S Downhill,2,Terry Kidwell,USA,,,"{""https://web.archive.org/web/20021202103432/http://usopen-snowboarding.com/history.asp?yearNum=1987""}",verified,repaired-verified
us-open-snowboarding--1987,downhill,Men'S Downhill,men,open,,Men'S Downhill,3,Craig Kelly,USA,,,"{""https://web.archive.org/web/20021202103432/http://usopen-snowboarding.com/history.asp?yearNum=1987""}",verified,repaired-verified
us-open-snowboarding--1987,downhill,Women'S Downhill,women,open,,Women'S Downhill,1,Lori Gibbs,USA,,,"{""https://web.archive.org/web/20021202103432/http://usopen-snowboarding.com/history.asp?yearNum=1987""}",verified,repaired-verified
us-open-snowboarding--1987,downhill,Women'S Downhill,women,open,,Women'S Downhill,2,Suzanne Rueck,USA,,,"{""https://web.archive.org/web/20021202103432/http://usopen-snowboarding.com/history.asp?yearNum=1987""}",verified,repaired-verified
us-open-snowboarding--1987,downhill,Women'S Downhill,women,open,,Women'S Downhill,3,Petra Mussig,GER,,,"{""https://web.archive.org/web/20021202103432/http://usopen-snowboarding.com/history.asp?yearNum=1987""}",verified,repaired-verified
us-open-snowboarding--1987,slalom,Junior'S Slalom,unspecified,junior,,Junior'S Slalom,1,Mike Hayes,USA,,,"{""https://web.archive.org/web/20021202103432/http://usopen-snowboarding.com/history.asp?yearNum=1987""}",verified,repaired-verified
us-open-snowboarding--1987,slalom,Junior'S Slalom,unspecified,junior,,Junior'S Slalom,2,Noah Brandon,USA,,,"{""https://web.archive.org/web/20021202103432/http://usopen-snowboarding.com/history.asp?yearNum=1987""}",verified,repaired-verified
us-open-snowboarding--1987,slalom,Junior'S Slalom,unspecified,junior,,Junior'S Slalom,3,Todd Davidson,USA,,,"{""https://web.archive.org/web/20021202103432/http://usopen-snowboarding.com/history.asp?yearNum=1987""}",verified,repaired-verified
us-open-snowboarding--1987,slalom,,men,open,,,1,Craig Kelly,,,,"{""https://events.burton.com/burton-us-open/history/""}",likely,live-source
us-open-snowboarding--1987,slalom,Men'S Slalom,men,open,,Men'S Slalom,1,Craig Kelly,USA,,,"{""https://web.archive.org/web/20021202103432/http://usopen-snowboarding.com/history.asp?yearNum=1987""}",verified,repaired-verified
us-open-snowboarding--1987,slalom,Men'S Slalom,men,open,,Men'S Slalom,2,Ricky Fruhamann,USA,,,"{""https://web.archive.org/web/20021202103432/http://usopen-snowboarding.com/history.asp?yearNum=1987""}",verified,repaired-verified
us-open-snowboarding--1987,slalom,Men'S Slalom,men,open,,Men'S Slalom,3,Chris Karol,USA,,,"{""https://web.archive.org/web/20021202103432/http://usopen-snowboarding.com/history.asp?yearNum=1987""}",verified,repaired-verified
us-open-snowboarding--1987,slalom,Women'S Slalom,women,open,,Women'S Slalom,1,Eveline Wirth,SUI,,,"{""https://web.archive.org/web/20021202103432/http://usopen-snowboarding.com/history.asp?yearNum=1987""}",verified,repaired-verified
us-open-snowboarding--1987,slalom,Women'S Slalom,women,open,,Women'S Slalom,2,Lori Gibbs,USA,,,"{""https://web.archive.org/web/20021202103432/http://usopen-snowboarding.com/history.asp?yearNum=1987""}",verified,repaired-verified
us-open-snowboarding--1987,slalom,Women'S Slalom,women,open,,Women'S Slalom,3,Tara Eberhard,USA,,,"{""https://web.archive.org/web/20021202103432/http://usopen-snowboarding.com/history.asp?yearNum=1987""}",verified,repaired-verified
us-open-snowboarding--1988,downhill,Men'S Downhill,men,open,,Men'S Downhill,1,Andy Coghlan,USA,,,"{""https://web.archive.org/web/20021202103907/http://usopen-snowboarding.com/history.asp?yearNum=1988""}",verified,repaired-verified
us-open-snowboarding--1988,downhill,Men'S Downhill,men,open,,Men'S Downhill,2,Peter Bauer,GER,,,"{""https://web.archive.org/web/20021202103907/http://usopen-snowboarding.com/history.asp?yearNum=1988""}",verified,repaired-verified
us-open-snowboarding--1988,downhill,Men'S Downhill,men,open,,Men'S Downhill,3,Mike Jacoby,USA,,,"{""https://web.archive.org/web/20021202103907/http://usopen-snowboarding.com/history.asp?yearNum=1988""}",verified,repaired-verified
us-open-snowboarding--1988,downhill,Women'S Downhill,women,open,,Women'S Downhill,1,Diane Giuchain,USA,,,"{""https://web.archive.org/web/20021202103907/http://usopen-snowboarding.com/history.asp?yearNum=1988""}",verified,repaired-verified
us-open-snowboarding--1988,downhill,Women'S Downhill,women,open,,Women'S Downhill,2,Petra Mussig,GER,,,"{""https://web.archive.org/web/20021202103907/http://usopen-snowboarding.com/history.asp?yearNum=1988""}",verified,repaired-verified
us-open-snowboarding--1988,downhill,Women'S Downhill,women,open,,Women'S Downhill,3,Lori Gibbs,USA,,,"{""https://web.archive.org/web/20021202103907/http://usopen-snowboarding.com/history.asp?yearNum=1988""}",verified,repaired-verified
us-open-snowboarding--1988,halfpipe,,men,open,,,1,Terry Kidwell,,,,"{""https://www.burton.com/en-us/blogs/the-burton-blog/13-firsts-us-open-snowboarding-championships""}",likely,live-source
us-open-snowboarding--1988,halfpipe,Men'S Halfpipe,men,open,,Men'S Halfpipe,1,Terry Kidwell,USA,,,"{""https://web.archive.org/web/20021202103907/http://usopen-snowboarding.com/history.asp?yearNum=1988""}",verified,repaired-verified
us-open-snowboarding--1988,halfpipe,Men'S Halfpipe,men,open,,Men'S Halfpipe,2,Bert Lamar,USA,,,"{""https://web.archive.org/web/20021202103907/http://usopen-snowboarding.com/history.asp?yearNum=1988""}",verified,repaired-verified
us-open-snowboarding--1988,halfpipe,Men'S Halfpipe,men,open,,Men'S Halfpipe,3,Craig Kelly,USA,,,"{""https://web.archive.org/web/20021202103907/http://usopen-snowboarding.com/history.asp?yearNum=1988""}",verified,repaired-verified
us-open-snowboarding--1988,halfpipe,Women'S Halfpipe,women,open,,Women'S Halfpipe,1,Petra Mussig,GER,,,"{""https://web.archive.org/web/20021202103907/http://usopen-snowboarding.com/history.asp?yearNum=1988""}",verified,repaired-verified
us-open-snowboarding--1988,halfpipe,Women'S Halfpipe,women,open,,Women'S Halfpipe,2,Jean Higgins,USA,,,"{""https://web.archive.org/web/20021202103907/http://usopen-snowboarding.com/history.asp?yearNum=1988""}",verified,repaired-verified
us-open-snowboarding--1988,halfpipe,Women'S Halfpipe,women,open,,Women'S Halfpipe,3,Gayle Guerin,USA,,,"{""https://web.archive.org/web/20021202103907/http://usopen-snowboarding.com/history.asp?yearNum=1988""}",verified,repaired-verified
us-open-snowboarding--1988,other,,mixed,open,,,1,Craig Kelly,,,,"{""https://www.burton.com/en-us/blogs/the-burton-blog/13-firsts-us-open-snowboarding-championships""}",likely,live-source
us-open-snowboarding--1988,slalom,Men'S Slalom,men,open,,Men'S Slalom,1,Markus Steininger,GER,,,"{""https://web.archive.org/web/20021202103907/http://usopen-snowboarding.com/history.asp?yearNum=1988""}",verified,repaired-verified
us-open-snowboarding--1988,slalom,Men'S Slalom,men,open,,Men'S Slalom,2,Mike Jacoby,USA,,,"{""https://web.archive.org/web/20021202103907/http://usopen-snowboarding.com/history.asp?yearNum=1988""}",verified,repaired-verified
us-open-snowboarding--1988,slalom,Men'S Slalom,men,open,,Men'S Slalom,3,Tim Windell,USA,,,"{""https://web.archive.org/web/20021202103907/http://usopen-snowboarding.com/history.asp?yearNum=1988""}",verified,repaired-verified
us-open-snowboarding--1988,slalom,Women'S Slalom,women,open,,Women'S Slalom,1,Eveline Wirth,SUI,,,"{""https://web.archive.org/web/20021202103907/http://usopen-snowboarding.com/history.asp?yearNum=1988""}",verified,repaired-verified
us-open-snowboarding--1988,slalom,Women'S Slalom,women,open,,Women'S Slalom,2,Lori Gibbs,USA,,,"{""https://web.archive.org/web/20021202103907/http://usopen-snowboarding.com/history.asp?yearNum=1988""}",verified,repaired-verified
us-open-snowboarding--1988,slalom,Women'S Slalom,women,open,,Women'S Slalom,3,Petra Mussig,GER,,,"{""https://web.archive.org/web/20021202103907/http://usopen-snowboarding.com/history.asp?yearNum=1988""}",verified,repaired-verified
us-open-snowboarding--1989,downhill,Men'S Downhill,men,open,,Men'S Downhill,1,Craig Kelly,USA,,,"{""https://web.archive.org/web/20021202113930/http://usopen-snowboarding.com/history.asp?yearNum=1989""}",verified,repaired-verified
us-open-snowboarding--1989,downhill,Men'S Downhill,men,open,,Men'S Downhill,2,Kevin Delaney,USA,,,"{""https://web.archive.org/web/20021202113930/http://usopen-snowboarding.com/history.asp?yearNum=1989""}",verified,repaired-verified
us-open-snowboarding--1989,downhill,Men'S Downhill,men,open,,Men'S Downhill,3,Tim Windell,USA,,,"{""https://web.archive.org/web/20021202113930/http://usopen-snowboarding.com/history.asp?yearNum=1989""}",verified,repaired-verified
us-open-snowboarding--1989,downhill,Women'S Downhill,women,open,,Women'S Downhill,1,Ashild Lofthus,NOR,,,"{""https://web.archive.org/web/20021202113930/http://usopen-snowboarding.com/history.asp?yearNum=1989""}",verified,repaired-verified
us-open-snowboarding--1989,downhill,Women'S Downhill,women,open,,Women'S Downhill,2,Carla Dalpiaz,USA,,,"{""https://web.archive.org/web/20021202113930/http://usopen-snowboarding.com/history.asp?yearNum=1989""}",verified,repaired-verified
us-open-snowboarding--1989,downhill,Women'S Downhill,women,open,,Women'S Downhill,3,Jean Higgins,USA,,,"{""https://web.archive.org/web/20021202113930/http://usopen-snowboarding.com/history.asp?yearNum=1989""}",verified,repaired-verified
us-open-snowboarding--1989,halfpipe,,men,open,,,1,Craig Kelly,,,,"{""https://snowboarding8090.com/us-open/"",""https://events.burton.com/burton-us-open/history/""}",likely,live-source
us-open-snowboarding--1989,halfpipe,Men'S Halfpipe,men,open,,Men'S Halfpipe,1,Craig Kelly,USA,,,"{""https://web.archive.org/web/20021202113930/http://usopen-snowboarding.com/history.asp?yearNum=1989""}",verified,repaired-verified
us-open-snowboarding--1989,halfpipe,Men'S Halfpipe,men,open,,Men'S Halfpipe,2,Bert Lamar,USA,,,"{""https://web.archive.org/web/20021202113930/http://usopen-snowboarding.com/history.asp?yearNum=1989""}",verified,repaired-verified
us-open-snowboarding--1989,halfpipe,Men'S Halfpipe,men,open,,Men'S Halfpipe,3,Terry Kidwell,USA,,,"{""https://web.archive.org/web/20021202113930/http://usopen-snowboarding.com/history.asp?yearNum=1989""}",verified,repaired-verified
us-open-snowboarding--1989,halfpipe,Women'S Halfpipe,women,open,,Women'S Halfpipe,1,Jean Higgins,USA,,,"{""https://web.archive.org/web/20021202113930/http://usopen-snowboarding.com/history.asp?yearNum=1989""}",verified,repaired-verified
us-open-snowboarding--1989,halfpipe,Women'S Halfpipe,women,open,,Women'S Halfpipe,2,Tara Eberhard,USA,,,"{""https://web.archive.org/web/20021202113930/http://usopen-snowboarding.com/history.asp?yearNum=1989""}",verified,repaired-verified
us-open-snowboarding--1989,halfpipe,Women'S Halfpipe,women,open,,Women'S Halfpipe,3,Ashild Lofthus,NOR,,,"{""https://web.archive.org/web/20021202113930/http://usopen-snowboarding.com/history.asp?yearNum=1989""}",verified,repaired-verified
us-open-snowboarding--1989,slalom,Men'S Slalom,men,open,,Men'S Slalom,1,Tim Windell,USA,,,"{""https://web.archive.org/web/20021202113930/http://usopen-snowboarding.com/history.asp?yearNum=1989""}",verified,repaired-verified
us-open-snowboarding--1989,slalom,Men'S Slalom,men,open,,Men'S Slalom,2,Jean Nerva,FRA,,,"{""https://web.archive.org/web/20021202113930/http://usopen-snowboarding.com/history.asp?yearNum=1989""}",verified,repaired-verified
us-open-snowboarding--1989,slalom,Men'S Slalom,men,open,,Men'S Slalom,3,Kevin Delaney,USA,,,"{""https://web.archive.org/web/20021202113930/http://usopen-snowboarding.com/history.asp?yearNum=1989""}",verified,repaired-verified
us-open-snowboarding--1989,slalom,Women'S Slalom,women,open,,Women'S Slalom,1,Carla Dalpiaz,USA,,,"{""https://web.archive.org/web/20021202113930/http://usopen-snowboarding.com/history.asp?yearNum=1989""}",verified,repaired-verified
us-open-snowboarding--1989,slalom,Women'S Slalom,women,open,,Women'S Slalom,2,Tara Eberhard,USA,,,"{""https://web.archive.org/web/20021202113930/http://usopen-snowboarding.com/history.asp?yearNum=1989""}",verified,repaired-verified
us-open-snowboarding--1989,slalom,Women'S Slalom,women,open,,Women'S Slalom,3,Betsy Shaw,USA,,,"{""https://web.archive.org/web/20021202113930/http://usopen-snowboarding.com/history.asp?yearNum=1989""}",verified,repaired-verified
us-open-snowboarding--1990,halfpipe,,men,open,,,1,Craig Kelly,,,,"{""https://snowboarding8090.com/us-open/""}",verified,live-source
us-open-snowboarding--1990,halfpipe,Men'S Halfpipe,men,open,,Men'S Halfpipe,1,Craig Kelly,USA,,,"{""https://web.archive.org/web/20021202114404/http://usopen-snowboarding.com/history.asp?yearNum=1990""}",verified,repaired-verified
us-open-snowboarding--1990,halfpipe,,men,open,,,2,Shaun Palmer,,,,"{""https://snowboarding8090.com/us-open/""}",verified,live-source
us-open-snowboarding--1990,halfpipe,Men'S Halfpipe,men,open,,Men'S Halfpipe,2,Shaun Palmer,USA,,,"{""https://web.archive.org/web/20021202114404/http://usopen-snowboarding.com/history.asp?yearNum=1990""}",verified,repaired-verified
us-open-snowboarding--1990,halfpipe,,men,open,,,3,Jeff Brushie,,,,"{""https://snowboarding8090.com/us-open/""}",verified,live-source
us-open-snowboarding--1990,halfpipe,Men'S Halfpipe,men,open,,Men'S Halfpipe,3,Jeff Brushie,USA,,,"{""https://web.archive.org/web/20021202114404/http://usopen-snowboarding.com/history.asp?yearNum=1990""}",verified,repaired-verified
us-open-snowboarding--1990,halfpipe,,women,open,,,1,Tina Basich,,,,"{""https://snowboarding8090.com/us-open/""}",verified,live-source
us-open-snowboarding--1990,halfpipe,Women'S Halfpipe,women,open,,Women'S Halfpipe,1,Tina Basich,USA,,,"{""https://web.archive.org/web/20021202114404/http://usopen-snowboarding.com/history.asp?yearNum=1990""}",verified,repaired-verified
us-open-snowboarding--1990,halfpipe,Women'S Halfpipe,women,open,,Women'S Halfpipe,2,Lisa Vinciguerra,USA,,,"{""https://web.archive.org/web/20021202114404/http://usopen-snowboarding.com/history.asp?yearNum=1990""}",verified,repaired-verified
us-open-snowboarding--1990,halfpipe,Women'S Halfpipe,women,open,,Women'S Halfpipe,3,Jean Higgins,USA,,,"{""https://web.archive.org/web/20021202114404/http://usopen-snowboarding.com/history.asp?yearNum=1990""}",verified,repaired-verified
us-open-snowboarding--1990,other,Men'S Super-G,men,open,,Men'S Super-G,1,Mario-Paolo Dabbeni,ITA,,Source's own event name: Men'S Super-G,"{""https://web.archive.org/web/20021202114404/http://usopen-snowboarding.com/history.asp?yearNum=1990""}",verified,repaired-verified
us-open-snowboarding--1990,other,Men'S Super-G,men,open,,Men'S Super-G,2,Paul Parsons,USA,,Source's own event name: Men'S Super-G,"{""https://web.archive.org/web/20021202114404/http://usopen-snowboarding.com/history.asp?yearNum=1990""}",verified,repaired-verified
us-open-snowboarding--1990,other,Men'S Super-G,men,open,,Men'S Super-G,3,Chris Karol,USA,,Source's own event name: Men'S Super-G,"{""https://web.archive.org/web/20021202114404/http://usopen-snowboarding.com/history.asp?yearNum=1990""}",verified,repaired-verified
us-open-snowboarding--1990,other,Women'S Super-G,women,open,,Women'S Super-G,1,Ashild Lofthus,NOR,,Source's own event name: Women'S Super-G,"{""https://web.archive.org/web/20021202114404/http://usopen-snowboarding.com/history.asp?yearNum=1990""}",verified,repaired-verified
us-open-snowboarding--1990,other,Women'S Super-G,women,open,,Women'S Super-G,2,Gaia Dabbeni,ITA,,Source's own event name: Women'S Super-G,"{""https://web.archive.org/web/20021202114404/http://usopen-snowboarding.com/history.asp?yearNum=1990""}",verified,repaired-verified
us-open-snowboarding--1990,other,Women'S Super-G,women,open,,Women'S Super-G,3,Carla Dalpiaz,USA,,Source's own event name: Women'S Super-G,"{""https://web.archive.org/web/20021202114404/http://usopen-snowboarding.com/history.asp?yearNum=1990""}",verified,repaired-verified
us-open-snowboarding--1990,slalom,,men,open,,,1,Pietro Colturi,ITA,,,"{""https://snowboarding8090.com/us-open/""}",verified,live-source
us-open-snowboarding--1990,slalom,Men'S Slalom,men,open,,Men'S Slalom,1,Pietro Colturi,ITA,,,"{""https://web.archive.org/web/20021202114404/http://usopen-snowboarding.com/history.asp?yearNum=1990""}",verified,repaired-verified
us-open-snowboarding--1990,slalom,Men'S Slalom,men,open,,Men'S Slalom,2,Mario-Paolo Dabbeni,ITA,,,"{""https://web.archive.org/web/20021202114404/http://usopen-snowboarding.com/history.asp?yearNum=1990""}",verified,repaired-verified
us-open-snowboarding--1990,slalom,Men'S Slalom,men,open,,Men'S Slalom,3,Jean Nerva,FRA,,,"{""https://web.archive.org/web/20021202114404/http://usopen-snowboarding.com/history.asp?yearNum=1990""}",verified,repaired-verified
us-open-snowboarding--1990,slalom,,women,open,,,1,Ashild Loftus,NOR,,,"{""https://snowboarding8090.com/us-open/""}",verified,live-source
us-open-snowboarding--1990,slalom,Women'S Slalom,women,open,,Women'S Slalom,1,Ashild Lofthus,NOR,,,"{""https://web.archive.org/web/20021202114404/http://usopen-snowboarding.com/history.asp?yearNum=1990""}",verified,repaired-verified
us-open-snowboarding--1990,slalom,Women'S Slalom,women,open,,Women'S Slalom,2,Tara Eberhard,USA,,,"{""https://web.archive.org/web/20021202114404/http://usopen-snowboarding.com/history.asp?yearNum=1990""}",verified,repaired-verified
us-open-snowboarding--1990,slalom,Women'S Slalom,women,open,,Women'S Slalom,3,Evi Strasser,,,,"{""https://web.archive.org/web/20021202114404/http://usopen-snowboarding.com/history.asp?yearNum=1990""}",verified,repaired-verified
us-open-snowboarding--1991,halfpipe,,men,open,,,1,Jimi Scott,,,,"{""https://snowboarding8090.com/us-open/""}",verified,live-source
us-open-snowboarding--1991,halfpipe,Men'S Halfpipe,men,open,,Men'S Halfpipe,1,Jimi Scott,USA,,,"{""https://web.archive.org/web/20021202115040/http://usopen-snowboarding.com/history.asp?yearNum=1991""}",verified,repaired-verified
us-open-snowboarding--1991,halfpipe,,men,open,,,2,Craig Kelly,,,,"{""https://snowboarding8090.com/us-open/""}",verified,live-source
us-open-snowboarding--1991,halfpipe,Men'S Halfpipe,men,open,,Men'S Halfpipe,2,Craig Kelly,USA,,,"{""https://web.archive.org/web/20021202115040/http://usopen-snowboarding.com/history.asp?yearNum=1991""}",verified,repaired-verified
us-open-snowboarding--1991,halfpipe,,men,open,,,3,Shaun Palmer,,,,"{""https://snowboarding8090.com/us-open/""}",verified,live-source
us-open-snowboarding--1991,halfpipe,Men'S Halfpipe,men,open,,Men'S Halfpipe,3,Shaun Palmer,USA,,,"{""https://web.archive.org/web/20021202115040/http://usopen-snowboarding.com/history.asp?yearNum=1991""}",verified,repaired-verified
us-open-snowboarding--1991,halfpipe,,women,open,,,1,Janna Meyen,,,,"{""https://snowboarding8090.com/us-open/""}",verified,live-source
us-open-snowboarding--1991,halfpipe,Women'S Halfpipe,women,open,,Women'S Halfpipe,1,Janna Meyen,USA,,,"{""https://web.archive.org/web/20021202115040/http://usopen-snowboarding.com/history.asp?yearNum=1991""}",verified,repaired-verified
us-open-snowboarding--1991,halfpipe,,women,open,,,2,Tina Basich,,,,"{""https://snowboarding8090.com/us-open/""}",verified,live-source
us-open-snowboarding--1991,halfpipe,Women'S Halfpipe,women,open,,Women'S Halfpipe,2,Tina Basich,USA,,,"{""https://web.archive.org/web/20021202115040/http://usopen-snowboarding.com/history.asp?yearNum=1991""}",verified,repaired-verified
us-open-snowboarding--1991,halfpipe,,women,open,,,3,Michele Taggart,,,,"{""https://snowboarding8090.com/us-open/""}",verified,live-source
us-open-snowboarding--1991,halfpipe,Women'S Halfpipe,women,open,,Women'S Halfpipe,3,Michelle Taggert,USA,,,"{""https://web.archive.org/web/20021202115040/http://usopen-snowboarding.com/history.asp?yearNum=1991""}",verified,repaired-verified
us-open-snowboarding--1991,other,Men'S Super-G,men,open,,Men'S Super-G,1,Shannon Melhuse,USA,,Source's own event name: Men'S Super-G,"{""https://web.archive.org/web/20021202115040/http://usopen-snowboarding.com/history.asp?yearNum=1991""}",verified,repaired-verified
us-open-snowboarding--1991,other,Men'S Super-G,men,open,,Men'S Super-G,2,Pietro Colturi,ITA,,Source's own event name: Men'S Super-G,"{""https://web.archive.org/web/20021202115040/http://usopen-snowboarding.com/history.asp?yearNum=1991""}",verified,repaired-verified
us-open-snowboarding--1991,other,Men'S Super-G,men,open,,Men'S Super-G,3,Mark Fawcett,CAN,,Source's own event name: Men'S Super-G,"{""https://web.archive.org/web/20021202115040/http://usopen-snowboarding.com/history.asp?yearNum=1991""}",verified,repaired-verified
us-open-snowboarding--1991,other,Women'S Super-G,women,open,,Women'S Super-G,1,Jean Higgins,USA,,Source's own event name: Women'S Super-G,"{""https://web.archive.org/web/20021202115040/http://usopen-snowboarding.com/history.asp?yearNum=1991""}",verified,repaired-verified
us-open-snowboarding--1991,other,Women'S Super-G,women,open,,Women'S Super-G,2,Tara Eberhard,USA,,Source's own event name: Women'S Super-G,"{""https://web.archive.org/web/20021202115040/http://usopen-snowboarding.com/history.asp?yearNum=1991""}",verified,repaired-verified
us-open-snowboarding--1991,other,Women'S Super-G,women,open,,Women'S Super-G,3,Betsy Shaw,USA,,Source's own event name: Women'S Super-G,"{""https://web.archive.org/web/20021202115040/http://usopen-snowboarding.com/history.asp?yearNum=1991""}",verified,repaired-verified
us-open-snowboarding--1991,slalom,,men,open,,,1,Chris Carol,,,[Name as printed by the source; the rider is normally spelled Chris Karol. Reconcile before entity resolution.],"{""https://snowboarding8090.com/us-open/""}",verified,live-source
us-open-snowboarding--1991,slalom,Men'S Slalom,men,open,,Men'S Slalom,1,Chris Karol,USA,,,"{""https://web.archive.org/web/20021202115040/http://usopen-snowboarding.com/history.asp?yearNum=1991""}",verified,repaired-verified
us-open-snowboarding--1991,slalom,Men'S Slalom,men,open,,Men'S Slalom,2,Pietro Colturi,ITA,,,"{""https://web.archive.org/web/20021202115040/http://usopen-snowboarding.com/history.asp?yearNum=1991""}",verified,repaired-verified
us-open-snowboarding--1991,slalom,Men'S Slalom,men,open,,Men'S Slalom,3,Mike Kildevaeld,DEN,,,"{""https://web.archive.org/web/20021202115040/http://usopen-snowboarding.com/history.asp?yearNum=1991""}",verified,repaired-verified
us-open-snowboarding--1991,slalom,,women,open,,,1,Betsy Shaw,,,,"{""https://snowboarding8090.com/us-open/""}",verified,live-source
us-open-snowboarding--1991,slalom,Women'S Slalom,women,open,,Women'S Slalom,1,Betsy Shaw,USA,,,"{""https://web.archive.org/web/20021202115040/http://usopen-snowboarding.com/history.asp?yearNum=1991""}",verified,repaired-verified
us-open-snowboarding--1991,slalom,Women'S Slalom,women,open,,Women'S Slalom,2,Tara Eberhard,USA,,,"{""https://web.archive.org/web/20021202115040/http://usopen-snowboarding.com/history.asp?yearNum=1991""}",verified,repaired-verified
us-open-snowboarding--1991,slalom,Women'S Slalom,women,open,,Women'S Slalom,3,Jean Higgins,USA,,,"{""https://web.archive.org/web/20021202115040/http://usopen-snowboarding.com/history.asp?yearNum=1991""}",verified,repaired-verified
us-open-snowboarding--1992,halfpipe,,men,open,,,1,Terje Haakonsen,,,,"{""https://snowboarding8090.com/us-open/""}",verified,live-source
us-open-snowboarding--1992,halfpipe,Men'S Halfpipe,men,open,,Men'S Halfpipe,1,Terje Haakonsen,NOR,,,"{""https://web.archive.org/web/20021202223750/http://usopen-snowboarding.com/history.asp?yearNum=1992""}",verified,repaired-verified
us-open-snowboarding--1992,halfpipe,,men,open,,,2,Jeff Brushie,,,,"{""https://snowboarding8090.com/us-open/""}",verified,live-source
us-open-snowboarding--1992,halfpipe,Men'S Halfpipe,men,open,,Men'S Halfpipe,2,Jeff Brushie,USA,,,"{""https://web.archive.org/web/20021202223750/http://usopen-snowboarding.com/history.asp?yearNum=1992""}",verified,repaired-verified
us-open-snowboarding--1992,halfpipe,,men,open,,,3,Todd Richards,,,,"{""https://snowboarding8090.com/us-open/""}",verified,live-source
us-open-snowboarding--1992,halfpipe,Men'S Halfpipe,men,open,,Men'S Halfpipe,3,Todd Richards,USA,,,"{""https://web.archive.org/web/20021202223750/http://usopen-snowboarding.com/history.asp?yearNum=1992""}",verified,repaired-verified
us-open-snowboarding--1992,halfpipe,,women,open,,,1,Tricia Byrnes,,,,"{""https://snowboarding8090.com/us-open/""}",verified,live-source
us-open-snowboarding--1992,halfpipe,Women'S Halfpipe,women,open,,Women'S Halfpipe,1,Tricia Byrnes,USA,,,"{""https://web.archive.org/web/20021202223750/http://usopen-snowboarding.com/history.asp?yearNum=1992""}",verified,repaired-verified
us-open-snowboarding--1992,halfpipe,,women,open,,,2,Tina Basich,,,,"{""https://snowboarding8090.com/us-open/""}",verified,live-source
us-open-snowboarding--1992,halfpipe,Women'S Halfpipe,women,open,,Women'S Halfpipe,2,Nicole Angelrath,SUI,,,"{""https://web.archive.org/web/20021202223750/http://usopen-snowboarding.com/history.asp?yearNum=1992""}",verified,repaired-verified
us-open-snowboarding--1992,halfpipe,,women,open,,,3,Nicole Angelrath,SUI,,,"{""https://snowboarding8090.com/us-open/""}",verified,live-source
us-open-snowboarding--1992,halfpipe,Women'S Halfpipe,women,open,,Women'S Halfpipe,3,Tina Basich,USA,,,"{""https://web.archive.org/web/20021202223750/http://usopen-snowboarding.com/history.asp?yearNum=1992""}",verified,repaired-verified
us-open-snowboarding--1992,other,Men'S Super-G,men,open,,Men'S Super-G,1,Kevin Delaney,USA,,Source's own event name: Men'S Super-G,"{""https://web.archive.org/web/20021202223750/http://usopen-snowboarding.com/history.asp?yearNum=1992""}",verified,repaired-verified
us-open-snowboarding--1992,other,Men'S Super-G,men,open,,Men'S Super-G,2,Chris Karol,USA,,Source's own event name: Men'S Super-G,"{""https://web.archive.org/web/20021202223750/http://usopen-snowboarding.com/history.asp?yearNum=1992""}",verified,repaired-verified
us-open-snowboarding--1992,other,Men'S Super-G,men,open,,Men'S Super-G,3,Martin Freinadametz,AUT,,Source's own event name: Men'S Super-G,"{""https://web.archive.org/web/20021202223750/http://usopen-snowboarding.com/history.asp?yearNum=1992""}",verified,repaired-verified
us-open-snowboarding--1992,other,,women,open,,,1,Ashild Loftus,NOR,,,"{""https://snowboarding8090.com/us-open/""}",verified,live-source
us-open-snowboarding--1992,other,Women'S Super-G,women,open,,Women'S Super-G,1,Ashild Lofthus,NOR,,Source's own event name: Women'S Super-G,"{""https://web.archive.org/web/20021202223750/http://usopen-snowboarding.com/history.asp?yearNum=1992""}",verified,repaired-verified
us-open-snowboarding--1992,other,Women'S Super-G,women,open,,Women'S Super-G,2,Victoria Jealouse,CAN,,Source's own event name: Women'S Super-G,"{""https://web.archive.org/web/20021202223750/http://usopen-snowboarding.com/history.asp?yearNum=1992""}",verified,repaired-verified
us-open-snowboarding--1992,other,Women'S Super-G,women,open,,Women'S Super-G,3,Tara Eberhard,USA,,Source's own event name: Women'S Super-G,"{""https://web.archive.org/web/20021202223750/http://usopen-snowboarding.com/history.asp?yearNum=1992""}",verified,repaired-verified
us-open-snowboarding--1992,slalom,Men'S Slalom,men,open,,Men'S Slalom,1,Peter Bauer,GER,,,"{""https://web.archive.org/web/20021202223750/http://usopen-snowboarding.com/history.asp?yearNum=1992""}",verified,repaired-verified
us-open-snowboarding--1992,slalom,Men'S Slalom,men,open,,Men'S Slalom,2,Mike Jacoby,USA,,,"{""https://web.archive.org/web/20021202223750/http://usopen-snowboarding.com/history.asp?yearNum=1992""}",verified,repaired-verified
us-open-snowboarding--1992,slalom,Men'S Slalom,men,open,,Men'S Slalom,3,Martin Freinadametz,AUT,,,"{""https://web.archive.org/web/20021202223750/http://usopen-snowboarding.com/history.asp?yearNum=1992""}",verified,repaired-verified
us-open-snowboarding--1992,slalom,,women,open,,,1,Ashild Loftus,NOR,,,"{""https://snowboarding8090.com/us-open/""}",verified,live-source
us-open-snowboarding--1992,slalom,Women'S Slalom,women,open,,Women'S Slalom,1,Ashild Lofthus,NOR,,,"{""https://web.archive.org/web/20021202223750/http://usopen-snowboarding.com/history.asp?yearNum=1992""}",verified,repaired-verified
us-open-snowboarding--1992,slalom,Women'S Slalom,women,open,,Women'S Slalom,2,Betsy Shaw,USA,,,"{""https://web.archive.org/web/20021202223750/http://usopen-snowboarding.com/history.asp?yearNum=1992""}",verified,repaired-verified
us-open-snowboarding--1992,slalom,Women'S Slalom,women,open,,Women'S Slalom,3,Gaia Dabbeni,ITA,,,"{""https://web.archive.org/web/20021202223750/http://usopen-snowboarding.com/history.asp?yearNum=1992""}",verified,repaired-verified
us-open-snowboarding--1993,halfpipe,,men,open,,,1,Terje Haakonsen,,,,"{""https://snowboarding8090.com/us-open/""}",verified,live-source
us-open-snowboarding--1993,halfpipe,Men'S Halfpipe,men,open,,Men'S Halfpipe,1,Terje Haakonsen,NOR,,,"{""https://web.archive.org/web/20021012214813/http://usopen-snowboarding.com/history.asp?yearNum=1993""}",verified,repaired-verified
us-open-snowboarding--1993,halfpipe,Men'S Halfpipe,men,open,,Men'S Halfpipe,2,Keith Wallace,USA,,,"{""https://web.archive.org/web/20021012214813/http://usopen-snowboarding.com/history.asp?yearNum=1993""}",verified,repaired-verified
us-open-snowboarding--1993,halfpipe,,men,open,,,3,Sebu,,,,"{""https://snowboarding8090.com/us-open/""}",verified,live-source
us-open-snowboarding--1993,halfpipe,Men'S Halfpipe,men,open,,Men'S Halfpipe,3,Sebu Kuhlberg,FIN,,,"{""https://web.archive.org/web/20021012214813/http://usopen-snowboarding.com/history.asp?yearNum=1993""}",verified,repaired-verified
us-open-snowboarding--1993,halfpipe,,women,open,,,1,Shannon Dunn,,,,"{""https://snowboarding8090.com/us-open/""}",likely,live-source
us-open-snowboarding--1993,halfpipe,Women'S Halfpipe,women,open,,Women'S Halfpipe,1,Shannon Dunn,USA,,,"{""https://web.archive.org/web/20021012214813/http://usopen-snowboarding.com/history.asp?yearNum=1993""}",verified,repaired-verified
us-open-snowboarding--1993,halfpipe,,women,open,,,2,Janna Meyen,,,,"{""https://snowboarding8090.com/us-open/""}",likely,live-source
us-open-snowboarding--1993,halfpipe,Women'S Halfpipe,women,open,,Women'S Halfpipe,2,Janna Meyen,USA,,,"{""https://web.archive.org/web/20021012214813/http://usopen-snowboarding.com/history.asp?yearNum=1993""}",verified,repaired-verified
us-open-snowboarding--1993,halfpipe,Women'S Halfpipe,women,open,,Women'S Halfpipe,3,Tricia Byrnes,USA,,,"{""https://web.archive.org/web/20021012214813/http://usopen-snowboarding.com/history.asp?yearNum=1993""}",verified,repaired-verified
us-open-snowboarding--1993,other,,men,open,,,1,Mark Fawcett,CAN,,,"{""https://snowboarding8090.com/us-open/""}",verified,live-source
us-open-snowboarding--1993,other,Men'S Super-G,men,open,,Men'S Super-G,1,Mark Fawcett,CAN,,Source's own event name: Men'S Super-G,"{""https://web.archive.org/web/20021012214813/http://usopen-snowboarding.com/history.asp?yearNum=1993""}",verified,repaired-verified
us-open-snowboarding--1993,other,Men'S Super-G,men,open,,Men'S Super-G,2,Mike Jacoby,USA,,Source's own event name: Men'S Super-G,"{""https://web.archive.org/web/20021012214813/http://usopen-snowboarding.com/history.asp?yearNum=1993""}",verified,repaired-verified
us-open-snowboarding--1993,other,Men'S Super-G,men,open,,Men'S Super-G,3,Chris Klug,USA,,Source's own event name: Men'S Super-G,"{""https://web.archive.org/web/20021012214813/http://usopen-snowboarding.com/history.asp?yearNum=1993""}",verified,repaired-verified
us-open-snowboarding--1993,other,Women'S Super-G,women,open,,Women'S Super-G,1,Michelle Taggert,USA,,Source's own event name: Women'S Super-G,"{""https://web.archive.org/web/20021012214813/http://usopen-snowboarding.com/history.asp?yearNum=1993""}",verified,repaired-verified
us-open-snowboarding--1993,other,Women'S Super-G,women,open,,Women'S Super-G,2,Tara Eberhard-Masterpool,USA,,Source's own event name: Women'S Super-G,"{""https://web.archive.org/web/20021012214813/http://usopen-snowboarding.com/history.asp?yearNum=1993""}",verified,repaired-verified
us-open-snowboarding--1993,other,Women'S Super-G,women,open,,Women'S Super-G,3,Victoria Jealouse,CAN,,Source's own event name: Women'S Super-G,"{""https://web.archive.org/web/20021012214813/http://usopen-snowboarding.com/history.asp?yearNum=1993""}",verified,repaired-verified
us-open-snowboarding--1993,slalom,Men'S Slalom,men,open,,Men'S Slalom,1,Mario-Paolo Dabbeni,ITA,,,"{""https://web.archive.org/web/20021012214813/http://usopen-snowboarding.com/history.asp?yearNum=1993""}",verified,repaired-verified
us-open-snowboarding--1993,slalom,,men,open,,,2,Mark Fawcett,CAN,,,"{""https://snowboarding8090.com/us-open/""}",verified,live-source
us-open-snowboarding--1993,slalom,Men'S Slalom,men,open,,Men'S Slalom,2,Mark Fawcett,CAN,,,"{""https://web.archive.org/web/20021012214813/http://usopen-snowboarding.com/history.asp?yearNum=1993""}",verified,repaired-verified
us-open-snowboarding--1993,slalom,Men'S Slalom,men,open,,Men'S Slalom,3,Peter Bauer,GER,,,"{""https://web.archive.org/web/20021012214813/http://usopen-snowboarding.com/history.asp?yearNum=1993""}",verified,repaired-verified
us-open-snowboarding--1993,slalom,Women'S Slalom,women,open,,Women'S Slalom,1,Ashild Lofthus,NOR,,,"{""https://web.archive.org/web/20021012214813/http://usopen-snowboarding.com/history.asp?yearNum=1993""}",verified,repaired-verified
us-open-snowboarding--1993,slalom,Women'S Slalom,women,open,,Women'S Slalom,2,Victoria Jealouse,CAN,,,"{""https://web.archive.org/web/20021012214813/http://usopen-snowboarding.com/history.asp?yearNum=1993""}",verified,repaired-verified
us-open-snowboarding--1993,slalom,Women'S Slalom,women,open,,Women'S Slalom,3,Gaia Dabbeni,ITA,,,"{""https://web.archive.org/web/20021012214813/http://usopen-snowboarding.com/history.asp?yearNum=1993""}",verified,repaired-verified
us-open-snowboarding--1994,dual-slalom,Men'S Dual Slalom,men,open,,Men'S Dual Slalom,1,Guido Faessler,SUI,,,"{""https://web.archive.org/web/20021202224040/http://usopen-snowboarding.com/history.asp?yearNum=1994""}",verified,repaired-verified
us-open-snowboarding--1994,dual-slalom,Men'S Dual Slalom,men,open,,Men'S Dual Slalom,2,Zeke Steggall,AUS,,,"{""https://web.archive.org/web/20021202224040/http://usopen-snowboarding.com/history.asp?yearNum=1994""}",verified,repaired-verified
us-open-snowboarding--1994,dual-slalom,Men'S Dual Slalom,men,open,,Men'S Dual Slalom,3,Martin Freinadametz,AUT,,,"{""https://web.archive.org/web/20021202224040/http://usopen-snowboarding.com/history.asp?yearNum=1994""}",verified,repaired-verified
us-open-snowboarding--1994,dual-slalom,Women'S Dual Slalom,women,open,,Women'S Dual Slalom,1,Christine Rauter,AUT,,,"{""https://web.archive.org/web/20021202224040/http://usopen-snowboarding.com/history.asp?yearNum=1994""}",verified,repaired-verified
us-open-snowboarding--1994,dual-slalom,Women'S Dual Slalom,women,open,,Women'S Dual Slalom,2,Anja Hagenbucher,GER,,,"{""https://web.archive.org/web/20021202224040/http://usopen-snowboarding.com/history.asp?yearNum=1994""}",verified,repaired-verified
us-open-snowboarding--1994,dual-slalom,Women'S Dual Slalom,women,open,,Women'S Dual Slalom,3,Valerie Revaz,SUI,,,"{""https://web.archive.org/web/20021202224040/http://usopen-snowboarding.com/history.asp?yearNum=1994""}",verified,repaired-verified
us-open-snowboarding--1994,halfpipe,,men,open,,,1,Todd Richards,,,,"{""https://snowboarding8090.com/us-open/""}",verified,live-source
us-open-snowboarding--1994,halfpipe,Men'S Halfpipe,men,open,,Men'S Halfpipe,1,Todd Richards,USA,,,"{""https://web.archive.org/web/20021202224040/http://usopen-snowboarding.com/history.asp?yearNum=1994""}",verified,repaired-verified
us-open-snowboarding--1994,halfpipe,,men,open,,,2,Lael Gregory,,,,"{""https://snowboarding8090.com/us-open/""}",verified,live-source
us-open-snowboarding--1994,halfpipe,Men'S Halfpipe,men,open,,Men'S Halfpipe,2,Lael Gregory,USA,,,"{""https://web.archive.org/web/20021202224040/http://usopen-snowboarding.com/history.asp?yearNum=1994""}",verified,repaired-verified
us-open-snowboarding--1994,halfpipe,,men,open,,,3,Jason Evans,,,,"{""https://snowboarding8090.com/us-open/""}",verified,live-source
us-open-snowboarding--1994,halfpipe,Men'S Halfpipe,men,open,,Men'S Halfpipe,3,Jason Evans,USA,,,"{""https://web.archive.org/web/20021202224040/http://usopen-snowboarding.com/history.asp?yearNum=1994""}",verified,repaired-verified
us-open-snowboarding--1994,halfpipe,,women,open,,,1,Shannon Dunn,,,,"{""https://snowboarding8090.com/us-open/""}",verified,live-source
us-open-snowboarding--1994,halfpipe,Women'S Halfpipe,women,open,,Women'S Halfpipe,1,Shannon Dunn,USA,,,"{""https://web.archive.org/web/20021202224040/http://usopen-snowboarding.com/history.asp?yearNum=1994""}",verified,repaired-verified
us-open-snowboarding--1994,halfpipe,,women,open,,,2,Tina Basich,,,,"{""https://snowboarding8090.com/us-open/""}",verified,live-source
us-open-snowboarding--1994,halfpipe,Women'S Halfpipe,women,open,,Women'S Halfpipe,2,Tina Basich,USA,,,"{""https://web.archive.org/web/20021202224040/http://usopen-snowboarding.com/history.asp?yearNum=1994""}",verified,repaired-verified
us-open-snowboarding--1994,halfpipe,,women,open,,,3,Sandra Farmand,GER,,,"{""https://snowboarding8090.com/us-open/""}",verified,live-source
us-open-snowboarding--1994,halfpipe,Women'S Halfpipe,women,open,,Women'S Halfpipe,3,Sandra Farmand,GER,,,"{""https://web.archive.org/web/20021202224040/http://usopen-snowboarding.com/history.asp?yearNum=1994""}",verified,repaired-verified
us-open-snowboarding--1995,dual-slalom,Men'S Dual Slalom,men,open,,Men'S Dual Slalom,1,Dieter Happ,AUT,,,"{""https://web.archive.org/web/20021202225609/http://usopen-snowboarding.com/history.asp?yearNum=1995""}",verified,repaired-verified
us-open-snowboarding--1995,dual-slalom,Men'S Dual Slalom,men,open,,Men'S Dual Slalom,2,Peter Bauer,GER,,,"{""https://web.archive.org/web/20021202225609/http://usopen-snowboarding.com/history.asp?yearNum=1995""}",verified,repaired-verified
us-open-snowboarding--1995,dual-slalom,Men'S Dual Slalom,men,open,,Men'S Dual Slalom,3,Nicolas Conte,FRA,,,"{""https://web.archive.org/web/20021202225609/http://usopen-snowboarding.com/history.asp?yearNum=1995""}",verified,repaired-verified
us-open-snowboarding--1995,dual-slalom,Women'S Dual Slalom,women,open,,Women'S Dual Slalom,1,Sandra Farmand,GER,,,"{""https://web.archive.org/web/20021202225609/http://usopen-snowboarding.com/history.asp?yearNum=1995""}",verified,repaired-verified
us-open-snowboarding--1995,dual-slalom,Women'S Dual Slalom,women,open,,Women'S Dual Slalom,2,Brigitte Koeck,AUT,,,"{""https://web.archive.org/web/20021202225609/http://usopen-snowboarding.com/history.asp?yearNum=1995""}",verified,repaired-verified
us-open-snowboarding--1995,dual-slalom,Women'S Dual Slalom,women,open,,Women'S Dual Slalom,3,Martina Magenta,ITA,,,"{""https://web.archive.org/web/20021202225609/http://usopen-snowboarding.com/history.asp?yearNum=1995""}",verified,repaired-verified
us-open-snowboarding--1995,giant-slalom,Men'S Gs,men,open,,Men'S Gs,1,Nicolas Conte,FRA,,,"{""https://web.archive.org/web/20021202225609/http://usopen-snowboarding.com/history.asp?yearNum=1995""}",verified,repaired-verified
us-open-snowboarding--1995,giant-slalom,Men'S Gs,men,open,,Men'S Gs,2,Jasey Jay Anderson,CAN,,,"{""https://web.archive.org/web/20021202225609/http://usopen-snowboarding.com/history.asp?yearNum=1995""}",verified,repaired-verified
us-open-snowboarding--1995,giant-slalom,Men'S Gs,men,open,,Men'S Gs,3,Gerry Ring,AUT,,,"{""https://web.archive.org/web/20021202225609/http://usopen-snowboarding.com/history.asp?yearNum=1995""}",verified,repaired-verified
us-open-snowboarding--1995,halfpipe,,men,open,,,1,Terje Haakonsen,,,,"{""https://snowboarding8090.com/us-open/""}",verified,live-source
us-open-snowboarding--1995,halfpipe,Men'S Halfpipe,men,open,,Men'S Halfpipe,1,Terje Haakonsen,NOR,,,"{""https://web.archive.org/web/20021202225609/http://usopen-snowboarding.com/history.asp?yearNum=1995""}",verified,repaired-verified
us-open-snowboarding--1995,halfpipe,Men'S Halfpipe,men,open,,Men'S Halfpipe,2,Jason Evans,USA,,,"{""https://web.archive.org/web/20021202225609/http://usopen-snowboarding.com/history.asp?yearNum=1995""}",verified,repaired-verified
us-open-snowboarding--1995,halfpipe,Men'S Halfpipe,men,open,,Men'S Halfpipe,3,J.J. Collier,USA,,,"{""https://web.archive.org/web/20021202225609/http://usopen-snowboarding.com/history.asp?yearNum=1995""}",verified,repaired-verified
us-open-snowboarding--1995,halfpipe,,women,open,,,1,Satu Jarvela,FIN,,,"{""https://snowboarding8090.com/us-open/""}",verified,live-source
us-open-snowboarding--1995,halfpipe,Women'S Halfpipe,women,open,,Women'S Halfpipe,1,Satu Jarvela,FIN,,,"{""https://web.archive.org/web/20021202225609/http://usopen-snowboarding.com/history.asp?yearNum=1995""}",verified,repaired-verified
us-open-snowboarding--1995,halfpipe,,women,open,,,2,Nicole Angelrath,SUI,,,"{""https://snowboarding8090.com/us-open/""}",verified,live-source
us-open-snowboarding--1995,halfpipe,Women'S Halfpipe,women,open,,Women'S Halfpipe,2,Nicole Angelrath,SUI,,,"{""https://web.archive.org/web/20021202225609/http://usopen-snowboarding.com/history.asp?yearNum=1995""}",verified,repaired-verified
us-open-snowboarding--1995,halfpipe,,women,open,,,3,Jennie Warra,SWE,,,"{""https://snowboarding8090.com/us-open/""}",verified,live-source
us-open-snowboarding--1995,halfpipe,Women'S Halfpipe,women,open,,Women'S Halfpipe,3,Jennie Waara,SWE,,,"{""https://web.archive.org/web/20021202225609/http://usopen-snowboarding.com/history.asp?yearNum=1995""}",verified,repaired-verified
us-open-snowboarding--1995,other,Men'S Super-G,men,open,,Men'S Super-G,1,Ross Rebagliati,CAN,,Source's own event name: Men'S Super-G,"{""https://web.archive.org/web/20021202225609/http://usopen-snowboarding.com/history.asp?yearNum=1995""}",verified,repaired-verified
us-open-snowboarding--1995,other,Men'S Super-G,men,open,,Men'S Super-G,2,Martin Freinadametz,AUT,,Source's own event name: Men'S Super-G,"{""https://web.archive.org/web/20021202225609/http://usopen-snowboarding.com/history.asp?yearNum=1995""}",verified,repaired-verified
us-open-snowboarding--1995,other,Men'S Super-G,men,open,,Men'S Super-G,3,Gerry Ring,AUT,,Source's own event name: Men'S Super-G,"{""https://web.archive.org/web/20021202225609/http://usopen-snowboarding.com/history.asp?yearNum=1995""}",verified,repaired-verified
us-open-snowboarding--1995,other,,women,open,,,1,Victoria Jealouse,,,,"{""https://snowboarding8090.com/us-open/""}",verified,live-source
us-open-snowboarding--1995,other,Women'S Super-G,women,open,,Women'S Super-G,1,Victoria Jealouse,CAN,,Source's own event name: Women'S Super-G,"{""https://web.archive.org/web/20021202225609/http://usopen-snowboarding.com/history.asp?yearNum=1995""}",verified,repaired-verified
us-open-snowboarding--1995,other,Women'S Super-G,women,open,,Women'S Super-G,2,Maria Pichler,AUT,,Source's own event name: Women'S Super-G,"{""https://web.archive.org/web/20021202225609/http://usopen-snowboarding.com/history.asp?yearNum=1995""}",verified,repaired-verified
us-open-snowboarding--1995,other,Women'S Super-G,women,open,,Women'S Super-G,3,Christine Rauter,AUT,,Source's own event name: Women'S Super-G,"{""https://web.archive.org/web/20021202225609/http://usopen-snowboarding.com/history.asp?yearNum=1995""}",verified,repaired-verified
us-open-snowboarding--1996,big-air,,men,open,,,1,Peter Line,,,,"{""https://snowboarding8090.com/us-open/""}",verified,live-source
us-open-snowboarding--1996,big-air,Men'S Big Air,men,open,,Men'S Big Air,1,Peter Line,USA,,,"{""https://web.archive.org/web/20021202230845/http://usopen-snowboarding.com/history.asp?yearNum=1996""}",verified,repaired-verified
us-open-snowboarding--1996,big-air,Men'S Big Air,men,open,,Men'S Big Air,2,Brett Carpentier,CAN,,,"{""https://web.archive.org/web/20021202230845/http://usopen-snowboarding.com/history.asp?yearNum=1996""}",verified,repaired-verified
us-open-snowboarding--1996,big-air,Men'S Big Air,men,open,,Men'S Big Air,3,Terje Haakonsen,NOR,,,"{""https://web.archive.org/web/20021202230845/http://usopen-snowboarding.com/history.asp?yearNum=1996""}",verified,repaired-verified
us-open-snowboarding--1996,big-air,,women,open,,,1,Cara-Beth Burnside,,,,"{""https://snowboarding8090.com/us-open/""}",verified,live-source
us-open-snowboarding--1996,big-air,Women'S Big Air,women,open,,Women'S Big Air,1,Cara-Beth Burnside,USA,,,"{""https://web.archive.org/web/20021202230845/http://usopen-snowboarding.com/history.asp?yearNum=1996""}",verified,repaired-verified
us-open-snowboarding--1996,big-air,Women'S Big Air,women,open,,Women'S Big Air,2,Barrett Christy,USA,,,"{""https://web.archive.org/web/20021202230845/http://usopen-snowboarding.com/history.asp?yearNum=1996""}",verified,repaired-verified
us-open-snowboarding--1996,big-air,Women'S Big Air,women,open,,Women'S Big Air,3,Michelle Taggert,USA,,,"{""https://web.archive.org/web/20021202230845/http://usopen-snowboarding.com/history.asp?yearNum=1996""}",verified,repaired-verified
us-open-snowboarding--1996,dual-slalom,Men'S Dual Slalom,men,open,,Men'S Dual Slalom,1,Dieter Happ,AUT,,,"{""https://web.archive.org/web/20021202230845/http://usopen-snowboarding.com/history.asp?yearNum=1996""}",verified,repaired-verified
us-open-snowboarding--1996,dual-slalom,Men'S Dual Slalom,men,open,,Men'S Dual Slalom,2,Peter Bauer,GER,,,"{""https://web.archive.org/web/20021202230845/http://usopen-snowboarding.com/history.asp?yearNum=1996""}",verified,repaired-verified
us-open-snowboarding--1996,dual-slalom,Men'S Dual Slalom,men,open,,Men'S Dual Slalom,3,Matthias Kunz,SUI,,,"{""https://web.archive.org/web/20021202230845/http://usopen-snowboarding.com/history.asp?yearNum=1996""}",verified,repaired-verified
us-open-snowboarding--1996,dual-slalom,Women'S Dual Slalom,women,open,,Women'S Dual Slalom,1,Rosey Fletcher,USA,,,"{""https://web.archive.org/web/20021202230845/http://usopen-snowboarding.com/history.asp?yearNum=1996""}",verified,repaired-verified
us-open-snowboarding--1996,dual-slalom,Women'S Dual Slalom,women,open,,Women'S Dual Slalom,2,Christine Rauter,AUT,,,"{""https://web.archive.org/web/20021202230845/http://usopen-snowboarding.com/history.asp?yearNum=1996""}",verified,repaired-verified
us-open-snowboarding--1996,dual-slalom,Women'S Dual Slalom,women,open,,Women'S Dual Slalom,3,Betsy Shaw,USA,,,"{""https://web.archive.org/web/20021202230845/http://usopen-snowboarding.com/history.asp?yearNum=1996""}",verified,repaired-verified
us-open-snowboarding--1996,halfpipe,,men,open,,,1,Jimi Scott,,,,"{""https://snowboarding8090.com/us-open/""}",verified,live-source
us-open-snowboarding--1996,halfpipe,Men'S Halfpipe,men,open,,Men'S Halfpipe,1,Jimi Scott,USA,,,"{""https://web.archive.org/web/20021202230845/http://usopen-snowboarding.com/history.asp?yearNum=1996""}",verified,repaired-verified
us-open-snowboarding--1996,halfpipe,Men'S Halfpipe,men,open,,Men'S Halfpipe,2,Sami Hyry,FIN,,,"{""https://web.archive.org/web/20021202230845/http://usopen-snowboarding.com/history.asp?yearNum=1996""}",verified,repaired-verified
us-open-snowboarding--1996,halfpipe,Men'S Halfpipe,men,open,,Men'S Halfpipe,3,Max Ploetzender,AUT,,,"{""https://web.archive.org/web/20021202230845/http://usopen-snowboarding.com/history.asp?yearNum=1996""}",verified,repaired-verified
us-open-snowboarding--1996,halfpipe,,women,open,,,1,Satu Jarvela,,,,"{""https://snowboarding8090.com/us-open/""}",verified,live-source
us-open-snowboarding--1996,halfpipe,Women'S Halfpipe,women,open,,Women'S Halfpipe,1,Satu Jarvela,FIN,,,"{""https://web.archive.org/web/20021202230845/http://usopen-snowboarding.com/history.asp?yearNum=1996""}",verified,repaired-verified
us-open-snowboarding--1996,halfpipe,Women'S Halfpipe,women,open,,Women'S Halfpipe,2,Michelle Taggert,USA,,,"{""https://web.archive.org/web/20021202230845/http://usopen-snowboarding.com/history.asp?yearNum=1996""}",verified,repaired-verified
us-open-snowboarding--1996,halfpipe,Women'S Halfpipe,women,open,,Women'S Halfpipe,3,Jennie Waara,SWE,,,"{""https://web.archive.org/web/20021202230845/http://usopen-snowboarding.com/history.asp?yearNum=1996""}",verified,repaired-verified
us-open-snowboarding--1996,other,Men'S Super-G,men,open,,Men'S Super-G,1,Ian Price,USA,,Source's own event name: Men'S Super-G,"{""https://web.archive.org/web/20021202230845/http://usopen-snowboarding.com/history.asp?yearNum=1996""}",verified,repaired-verified
us-open-snowboarding--1996,other,Men'S Slingshot,men,open,,Men'S Slingshot,1,Jasey Jay Anderson,CAN,,Source's own event name: Men'S Slingshot,"{""https://web.archive.org/web/20021202230845/http://usopen-snowboarding.com/history.asp?yearNum=1996""}",verified,repaired-verified
us-open-snowboarding--1996,other,Men'S Super-G,men,open,,Men'S Super-G,2,Stefan Boeck,AUT,,Source's own event name: Men'S Super-G,"{""https://web.archive.org/web/20021202230845/http://usopen-snowboarding.com/history.asp?yearNum=1996""}",verified,repaired-verified
us-open-snowboarding--1996,other,Men'S Slingshot,men,open,,Men'S Slingshot,2,Terje Haakonsen,NOR,,Source's own event name: Men'S Slingshot,"{""https://web.archive.org/web/20021202230845/http://usopen-snowboarding.com/history.asp?yearNum=1996""}",verified,repaired-verified
us-open-snowboarding--1996,other,Men'S Super-G,men,open,,Men'S Super-G,3,Jasey Jay Anderson,CAN,,Source's own event name: Men'S Super-G,"{""https://web.archive.org/web/20021202230845/http://usopen-snowboarding.com/history.asp?yearNum=1996""}",verified,repaired-verified
us-open-snowboarding--1996,other,Men'S Slingshot,men,open,,Men'S Slingshot,3,Sigi Grabner,AUT,,Source's own event name: Men'S Slingshot,"{""https://web.archive.org/web/20021202230845/http://usopen-snowboarding.com/history.asp?yearNum=1996""}",verified,repaired-verified
us-open-snowboarding--1996,other,Women'S Super-G,women,open,,Women'S Super-G,1,Polana Zupan,SLO,,Source's own event name: Women'S Super-G,"{""https://web.archive.org/web/20021202230845/http://usopen-snowboarding.com/history.asp?yearNum=1996""}",verified,repaired-verified
us-open-snowboarding--1996,other,Women'S Slingshot,women,open,,Women'S Slingshot,1,Michelle Taggert,USA,,Source's own event name: Women'S Slingshot,"{""https://web.archive.org/web/20021202230845/http://usopen-snowboarding.com/history.asp?yearNum=1996""}",verified,repaired-verified
us-open-snowboarding--1996,other,Women'S Super-G,women,open,,Women'S Super-G,2,Leslee Olson,USA,,Source's own event name: Women'S Super-G,"{""https://web.archive.org/web/20021202230845/http://usopen-snowboarding.com/history.asp?yearNum=1996""}",verified,repaired-verified
us-open-snowboarding--1996,other,Women'S Slingshot,women,open,,Women'S Slingshot,2,Leslee Olson,USA,,Source's own event name: Women'S Slingshot,"{""https://web.archive.org/web/20021202230845/http://usopen-snowboarding.com/history.asp?yearNum=1996""}",verified,repaired-verified
us-open-snowboarding--1996,other,Women'S Super-G,women,open,,Women'S Super-G,3,Cecile Plancherel,SUI,,Source's own event name: Women'S Super-G,"{""https://web.archive.org/web/20021202230845/http://usopen-snowboarding.com/history.asp?yearNum=1996""}",verified,repaired-verified
us-open-snowboarding--1996,other,Women'S Slingshot,women,open,,Women'S Slingshot,3,Beth Trombly,USA,,Source's own event name: Women'S Slingshot,"{""https://web.archive.org/web/20021202230845/http://usopen-snowboarding.com/history.asp?yearNum=1996""}",verified,repaired-verified
us-open-snowboarding--1997,big-air,,men,open,,,1,Jason Borgstede,,,,"{""https://snowboarding8090.com/us-open/""}",verified,live-source
us-open-snowboarding--1997,big-air,Men'S Big Air,men,open,,Men'S Big Air,1,Jason Borgstede,USA,,,"{""https://web.archive.org/web/20021202230651/http://usopen-snowboarding.com/history.asp?yearNum=1997""}",verified,repaired-verified
us-open-snowboarding--1997,big-air,Men'S Big Air,men,open,,Men'S Big Air,2,Peter Line,USA,,,"{""https://web.archive.org/web/20021202230651/http://usopen-snowboarding.com/history.asp?yearNum=1997""}",verified,repaired-verified
us-open-snowboarding--1997,big-air,Men'S Big Air,men,open,,Men'S Big Air,3,Jamie Lynn,USA,,,"{""https://web.archive.org/web/20021202230651/http://usopen-snowboarding.com/history.asp?yearNum=1997""}",verified,repaired-verified
us-open-snowboarding--1997,big-air,,women,open,,,1,Barret Christy,,,,"{""https://snowboarding8090.com/us-open/""}",verified,live-source
us-open-snowboarding--1997,big-air,Women'S Big Air,women,open,,Women'S Big Air,1,Barrett Christy,USA,,,"{""https://web.archive.org/web/20021202230651/http://usopen-snowboarding.com/history.asp?yearNum=1997""}",verified,repaired-verified
us-open-snowboarding--1997,big-air,Women'S Big Air,women,open,,Women'S Big Air,2,Jamie Macleod,USA,,,"{""https://web.archive.org/web/20021202230651/http://usopen-snowboarding.com/history.asp?yearNum=1997""}",verified,repaired-verified
us-open-snowboarding--1997,big-air,Women'S Big Air,women,open,,Women'S Big Air,3,Cara-Beth Burnside,USA,,,"{""https://web.archive.org/web/20021202230651/http://usopen-snowboarding.com/history.asp?yearNum=1997""}",verified,repaired-verified
us-open-snowboarding--1997,dual-slalom,Men'S Dual Slalom,men,open,,Men'S Dual Slalom,1,Chris Klug,USA,,,"{""https://web.archive.org/web/20021202230651/http://usopen-snowboarding.com/history.asp?yearNum=1997""}",verified,repaired-verified
us-open-snowboarding--1997,dual-slalom,Men'S Dual Slalom,men,open,,Men'S Dual Slalom,2,Dieter Happ,AUT,,,"{""https://web.archive.org/web/20021202230651/http://usopen-snowboarding.com/history.asp?yearNum=1997""}",verified,repaired-verified
us-open-snowboarding--1997,dual-slalom,Men'S Dual Slalom,men,open,,Men'S Dual Slalom,3,Nicolas Conte,FRA,,,"{""https://web.archive.org/web/20021202230651/http://usopen-snowboarding.com/history.asp?yearNum=1997""}",verified,repaired-verified
us-open-snowboarding--1997,dual-slalom,Women'S Dual Slalom,women,open,,Women'S Dual Slalom,1,Brigitte Koeck,AUT,,,"{""https://web.archive.org/web/20021202230651/http://usopen-snowboarding.com/history.asp?yearNum=1997""}",verified,repaired-verified
us-open-snowboarding--1997,dual-slalom,Women'S Dual Slalom,women,open,,Women'S Dual Slalom,2,Christine Rauter,AUT,,,"{""https://web.archive.org/web/20021202230651/http://usopen-snowboarding.com/history.asp?yearNum=1997""}",verified,repaired-verified
us-open-snowboarding--1997,dual-slalom,Women'S Dual Slalom,women,open,,Women'S Dual Slalom,3,Martina Magenta,ITA,,,"{""https://web.archive.org/web/20021202230651/http://usopen-snowboarding.com/history.asp?yearNum=1997""}",verified,repaired-verified
us-open-snowboarding--1997,halfpipe,,men,open,,,1,Todd Richards,,,,"{""https://snowboarding8090.com/us-open/""}",verified,live-source
us-open-snowboarding--1997,halfpipe,Men'S Halfpipe,men,open,,Men'S Halfpipe,1,Todd Richards,USA,,,"{""https://web.archive.org/web/20021202230651/http://usopen-snowboarding.com/history.asp?yearNum=1997""}",verified,repaired-verified
us-open-snowboarding--1997,halfpipe,,men,open,,,2,Terje Haakonsen,,,,"{""https://snowboarding8090.com/us-open/""}",verified,live-source
us-open-snowboarding--1997,halfpipe,Men'S Halfpipe,men,open,,Men'S Halfpipe,2,Terje Haakonsen,NOR,,,"{""https://web.archive.org/web/20021202230651/http://usopen-snowboarding.com/history.asp?yearNum=1997""}",verified,repaired-verified
us-open-snowboarding--1997,halfpipe,Men'S Halfpipe,men,open,,Men'S Halfpipe,3,Sebu Kuhlberg,FIN,,,"{""https://web.archive.org/web/20021202230651/http://usopen-snowboarding.com/history.asp?yearNum=1997""}",verified,repaired-verified
us-open-snowboarding--1997,halfpipe,,women,open,,,1,Barret Christy,,,,"{""https://snowboarding8090.com/us-open/""}",verified,live-source
us-open-snowboarding--1997,halfpipe,Women'S Halfpipe,women,open,,Women'S Halfpipe,1,Barrett Christy,USA,,,"{""https://web.archive.org/web/20021202230651/http://usopen-snowboarding.com/history.asp?yearNum=1997""}",verified,repaired-verified
us-open-snowboarding--1997,halfpipe,,women,open,,,2,Tricia Byrnes,,,,"{""https://snowboarding8090.com/us-open/""}",verified,live-source
us-open-snowboarding--1997,halfpipe,Women'S Halfpipe,women,open,,Women'S Halfpipe,2,Tricia Byrnes,USA,,,"{""https://web.archive.org/web/20021202230651/http://usopen-snowboarding.com/history.asp?yearNum=1997""}",verified,repaired-verified
us-open-snowboarding--1997,halfpipe,Women'S Halfpipe,women,open,,Women'S Halfpipe,3,Michelle Taggert,USA,,,"{""https://web.archive.org/web/20021202230651/http://usopen-snowboarding.com/history.asp?yearNum=1997""}",verified,repaired-verified
us-open-snowboarding--1997,other,Men'S Super-G,men,open,,Men'S Super-G,1,Ian Price,USA,,Source's own event name: Men'S Super-G,"{""https://web.archive.org/web/20021202230651/http://usopen-snowboarding.com/history.asp?yearNum=1997""}",verified,repaired-verified
us-open-snowboarding--1997,other,Men'S Slingshot,men,open,,Men'S Slingshot,1,Martin Freinadametz,AUT,,Source's own event name: Men'S Slingshot,"{""https://web.archive.org/web/20021202230651/http://usopen-snowboarding.com/history.asp?yearNum=1997""}",verified,repaired-verified
us-open-snowboarding--1997,other,Men'S Super-G,men,open,,Men'S Super-G,2,Mark Fawcett,CAN,,Source's own event name: Men'S Super-G,"{""https://web.archive.org/web/20021202230651/http://usopen-snowboarding.com/history.asp?yearNum=1997""}",verified,repaired-verified
us-open-snowboarding--1997,other,Men'S Slingshot,men,open,,Men'S Slingshot,2,Jeremy Jones,USA,,Source's own event name: Men'S Slingshot,"{""https://web.archive.org/web/20021202230651/http://usopen-snowboarding.com/history.asp?yearNum=1997""}",verified,repaired-verified
us-open-snowboarding--1997,other,Men'S Super-G,men,open,,Men'S Super-G,3,Dieter Happ,AUT,,Source's own event name: Men'S Super-G,"{""https://web.archive.org/web/20021202230651/http://usopen-snowboarding.com/history.asp?yearNum=1997""}",verified,repaired-verified
us-open-snowboarding--1997,other,Men'S Slingshot,men,open,,Men'S Slingshot,3,Anton Pogue,USA,,Source's own event name: Men'S Slingshot,"{""https://web.archive.org/web/20021202230651/http://usopen-snowboarding.com/history.asp?yearNum=1997""}",verified,repaired-verified
us-open-snowboarding--1997,other,Women'S Super-G,women,open,,Women'S Super-G,1,Lisa Kosglow,USA,,Source's own event name: Women'S Super-G,"{""https://web.archive.org/web/20021202230651/http://usopen-snowboarding.com/history.asp?yearNum=1997""}",verified,repaired-verified
us-open-snowboarding--1997,other,Women'S Slingshot,women,open,,Women'S Slingshot,1,Betsy Shaw,USA,,Source's own event name: Women'S Slingshot,"{""https://web.archive.org/web/20021202230651/http://usopen-snowboarding.com/history.asp?yearNum=1997""}",verified,repaired-verified
us-open-snowboarding--1997,other,Women'S Super-G,women,open,,Women'S Super-G,2,Brigitte Koeck,AUT,,Source's own event name: Women'S Super-G,"{""https://web.archive.org/web/20021202230651/http://usopen-snowboarding.com/history.asp?yearNum=1997""}",verified,repaired-verified
us-open-snowboarding--1997,other,Women'S Slingshot,women,open,,Women'S Slingshot,2,Leslee Olson,USA,,Source's own event name: Women'S Slingshot,"{""https://web.archive.org/web/20021202230651/http://usopen-snowboarding.com/history.asp?yearNum=1997""}",verified,repaired-verified
us-open-snowboarding--1997,other,Women'S Super-G,women,open,,Women'S Super-G,3,Betsy Shaw,USA,,Source's own event name: Women'S Super-G,"{""https://web.archive.org/web/20021202230651/http://usopen-snowboarding.com/history.asp?yearNum=1997""}",verified,repaired-verified
us-open-snowboarding--1997,other,Women'S Slingshot,women,open,,Women'S Slingshot,3,Maelle Ricker,CAN,,Source's own event name: Women'S Slingshot,"{""https://web.archive.org/web/20021202230651/http://usopen-snowboarding.com/history.asp?yearNum=1997""}",verified,repaired-verified
us-open-snowboarding--1998,boardercross,Men'S Bx,men,open,,Men'S Bx,1,Tor Bruserud,NOR,,,"{""https://web.archive.org/web/20021202101813/http://usopen-snowboarding.com/history.asp?yearNum=1998""}",verified,repaired-verified
us-open-snowboarding--1998,boardercross,Men'S Bx,men,open,,Men'S Bx,2,Drew Neilson,CAN,,,"{""https://web.archive.org/web/20021202101813/http://usopen-snowboarding.com/history.asp?yearNum=1998""}",verified,repaired-verified
us-open-snowboarding--1998,boardercross,Men'S Bx,men,open,,Men'S Bx,3,Fabrizio Bonacina,ITA,,,"{""https://web.archive.org/web/20021202101813/http://usopen-snowboarding.com/history.asp?yearNum=1998""}",verified,repaired-verified
us-open-snowboarding--1998,boardercross,Women'S Bx,women,open,,Women'S Bx,1,Aurelie Sayres,USA,,,"{""https://web.archive.org/web/20021202101813/http://usopen-snowboarding.com/history.asp?yearNum=1998""}",verified,repaired-verified
us-open-snowboarding--1998,boardercross,Women'S Bx,women,open,,Women'S Bx,2,Nillard Pilavakis,USA,,,"{""https://web.archive.org/web/20021202101813/http://usopen-snowboarding.com/history.asp?yearNum=1998""}",verified,repaired-verified
us-open-snowboarding--1998,boardercross,Women'S Bx,women,open,,Women'S Bx,3,StarOfPeace Quinn,CAN,,,"{""https://web.archive.org/web/20021202101813/http://usopen-snowboarding.com/history.asp?yearNum=1998""}",verified,repaired-verified
us-open-snowboarding--1998,dual-slalom,Men'S Dual Slalom,men,open,,Men'S Dual Slalom,1,Karl-Heinz Zangerl,AUT,,,"{""https://web.archive.org/web/20021202101813/http://usopen-snowboarding.com/history.asp?yearNum=1998""}",verified,repaired-verified
us-open-snowboarding--1998,dual-slalom,Men'S Dual Slalom,men,open,,Men'S Dual Slalom,2,Nicolas Conte,FRA,,,"{""https://web.archive.org/web/20021202101813/http://usopen-snowboarding.com/history.asp?yearNum=1998""}",verified,repaired-verified
us-open-snowboarding--1998,dual-slalom,Men'S Dual Slalom,men,open,,Men'S Dual Slalom,3,Mathieu Bozzetto,FRA,,,"{""https://web.archive.org/web/20021202101813/http://usopen-snowboarding.com/history.asp?yearNum=1998""}",verified,repaired-verified
us-open-snowboarding--1998,dual-slalom,Women'S Dual Slalom,women,open,,Women'S Dual Slalom,1,Christine Rauter,AUT,,,"{""https://web.archive.org/web/20021202101813/http://usopen-snowboarding.com/history.asp?yearNum=1998""}",verified,repaired-verified
us-open-snowboarding--1998,dual-slalom,Women'S Dual Slalom,women,open,,Women'S Dual Slalom,2,Heidi Jaufenthaler,AUT,,,"{""https://web.archive.org/web/20021202101813/http://usopen-snowboarding.com/history.asp?yearNum=1998""}",verified,repaired-verified
us-open-snowboarding--1998,dual-slalom,Women'S Dual Slalom,women,open,,Women'S Dual Slalom,3,Steffi von Siebenthal,SUI,,,"{""https://web.archive.org/web/20021202101813/http://usopen-snowboarding.com/history.asp?yearNum=1998""}",verified,repaired-verified
us-open-snowboarding--1998,halfpipe,Men'S Halfpipe,men,open,,Men'S Halfpipe,1,Rob Kingwill,USA,,,"{""https://web.archive.org/web/20021202101813/http://usopen-snowboarding.com/history.asp?yearNum=1998""}",verified,repaired-verified
us-open-snowboarding--1998,halfpipe,Men'S Halfpipe,men,open,,Men'S Halfpipe,2,Terje Haakonsen,NOR,,,"{""https://web.archive.org/web/20021202101813/http://usopen-snowboarding.com/history.asp?yearNum=1998""}",verified,repaired-verified
us-open-snowboarding--1998,halfpipe,Men'S Halfpipe,men,open,,Men'S Halfpipe,3,Todd Richards,USA,,,"{""https://web.archive.org/web/20021202101813/http://usopen-snowboarding.com/history.asp?yearNum=1998""}",verified,repaired-verified
us-open-snowboarding--1998,halfpipe,,women,open,,,1,Nicola Thost,,,,"{""https://snowboarding8090.com/us-open/""}",likely,live-source
us-open-snowboarding--1998,halfpipe,Women'S Halfpipe,women,open,,Women'S Halfpipe,1,Nicola Thost,GER,,,"{""https://web.archive.org/web/20021202101813/http://usopen-snowboarding.com/history.asp?yearNum=1998""}",verified,repaired-verified
us-open-snowboarding--1998,halfpipe,Women'S Halfpipe,women,open,,Women'S Halfpipe,2,Tricia Byrnes,USA,,,"{""https://web.archive.org/web/20021202101813/http://usopen-snowboarding.com/history.asp?yearNum=1998""}",verified,repaired-verified
us-open-snowboarding--1998,halfpipe,Women'S Halfpipe,women,open,,Women'S Halfpipe,3,Tara Teigen,CAN,,,"{""https://web.archive.org/web/20021202101813/http://usopen-snowboarding.com/history.asp?yearNum=1998""}",verified,repaired-verified
us-open-snowboarding--1998,other,Men'S Super-G,men,open,,Men'S Super-G,1,Mark Fawcett,CAN,,Source's own event name: Men'S Super-G,"{""https://web.archive.org/web/20021202101813/http://usopen-snowboarding.com/history.asp?yearNum=1998""}",verified,repaired-verified
us-open-snowboarding--1998,other,Men'S Super-G,men,open,,Men'S Super-G,2,Ian Price,USA,,Source's own event name: Men'S Super-G,"{""https://web.archive.org/web/20021202101813/http://usopen-snowboarding.com/history.asp?yearNum=1998""}",verified,repaired-verified
us-open-snowboarding--1998,other,Men'S Super-G,men,open,,Men'S Super-G,3,Martin Freinadametz,AUT,,Source's own event name: Men'S Super-G,"{""https://web.archive.org/web/20021202101813/http://usopen-snowboarding.com/history.asp?yearNum=1998""}",verified,repaired-verified
us-open-snowboarding--1998,other,Women'S Super-G,women,open,,Women'S Super-G,1,Rosey Fletcher,USA,,Source's own event name: Women'S Super-G,"{""https://web.archive.org/web/20021202101813/http://usopen-snowboarding.com/history.asp?yearNum=1998""}",verified,repaired-verified
us-open-snowboarding--1998,other,Women'S Super-G,women,open,,Women'S Super-G,2,Leslee Olson,USA,,Source's own event name: Women'S Super-G,"{""https://web.archive.org/web/20021202101813/http://usopen-snowboarding.com/history.asp?yearNum=1998""}",verified,repaired-verified
us-open-snowboarding--1998,other,Women'S Super-G,women,open,,Women'S Super-G,3,Stacia Hookum,USA,,Source's own event name: Women'S Super-G,"{""https://web.archive.org/web/20021202101813/http://usopen-snowboarding.com/history.asp?yearNum=1998""}",verified,repaired-verified
us-open-snowboarding--1999,big-air,,men,open,,,1,Myles Hallen,,,,"{""https://snowboarding8090.com/us-open/""}",verified,live-source
us-open-snowboarding--1999,big-air,Men'S Big Air,men,open,,Men'S Big Air,1,Myles Hallen,USA,,,"{""https://web.archive.org/web/20021202102229/http://usopen-snowboarding.com/history.asp?yearNum=1999""}",verified,repaired-verified
us-open-snowboarding--1999,big-air,Men'S Big Air,men,open,,Men'S Big Air,2,Tom Flocco,USA,,,"{""https://web.archive.org/web/20021202102229/http://usopen-snowboarding.com/history.asp?yearNum=1999""}",verified,repaired-verified
us-open-snowboarding--1999,big-air,Men'S Big Air,men,open,,Men'S Big Air,3,Al Traves,USA,,,"{""https://web.archive.org/web/20021202102229/http://usopen-snowboarding.com/history.asp?yearNum=1999""}",verified,repaired-verified
us-open-snowboarding--1999,big-air,,women,open,,,1,Tara Dakides,,,,"{""https://snowboarding8090.com/us-open/""}",verified,live-source
us-open-snowboarding--1999,big-air,Women'S Big Air,women,open,,Women'S Big Air,1,Tara Dakides,USA,,,"{""https://web.archive.org/web/20021202102229/http://usopen-snowboarding.com/history.asp?yearNum=1999""}",verified,repaired-verified
us-open-snowboarding--1999,big-air,Women'S Big Air,women,open,,Women'S Big Air,2,Barrett Christy,USA,,,"{""https://web.archive.org/web/20021202102229/http://usopen-snowboarding.com/history.asp?yearNum=1999""}",verified,repaired-verified
us-open-snowboarding--1999,big-air,Women'S Big Air,women,open,,Women'S Big Air,3,Jamie Macleod,USA,,,"{""https://web.archive.org/web/20021202102229/http://usopen-snowboarding.com/history.asp?yearNum=1999""}",verified,repaired-verified
us-open-snowboarding--1999,boardercross,Men'S Bx,men,open,,Men'S Bx,1,Fabrizio Bonacina,ITA,,,"{""https://web.archive.org/web/20021202102229/http://usopen-snowboarding.com/history.asp?yearNum=1999""}",verified,repaired-verified
us-open-snowboarding--1999,boardercross,Men'S Bx,men,open,,Men'S Bx,2,Borre Bie-Larsen,NOR,,,"{""https://web.archive.org/web/20021202102229/http://usopen-snowboarding.com/history.asp?yearNum=1999""}",verified,repaired-verified
us-open-snowboarding--1999,boardercross,Men'S Bx,men,open,,Men'S Bx,3,Marius Sommer,NOR,,,"{""https://web.archive.org/web/20021202102229/http://usopen-snowboarding.com/history.asp?yearNum=1999""}",verified,repaired-verified
us-open-snowboarding--1999,boardercross,Women'S Bx,women,open,,Women'S Bx,1,Mayumi Fukuda,CAN,,,"{""https://web.archive.org/web/20021202102229/http://usopen-snowboarding.com/history.asp?yearNum=1999""}",verified,repaired-verified
us-open-snowboarding--1999,boardercross,Women'S Bx,women,open,,Women'S Bx,2,Nillard Pilavakis,USA,,,"{""https://web.archive.org/web/20021202102229/http://usopen-snowboarding.com/history.asp?yearNum=1999""}",verified,repaired-verified
us-open-snowboarding--1999,boardercross,Women'S Bx,women,open,,Women'S Bx,3,Alessia Follador,ITA,,,"{""https://web.archive.org/web/20021202102229/http://usopen-snowboarding.com/history.asp?yearNum=1999""}",verified,repaired-verified
us-open-snowboarding--1999,halfpipe,,men,open,,,1,Ross Powers,,,,"{""https://snowboarding8090.com/us-open/""}",verified,live-source
us-open-snowboarding--1999,halfpipe,Men'S Halfpipe,men,open,,Men'S Halfpipe,1,Ross Powers,USA,,,"{""https://web.archive.org/web/20021202102229/http://usopen-snowboarding.com/history.asp?yearNum=1999""}",verified,repaired-verified
us-open-snowboarding--1999,halfpipe,Men'S Halfpipe,men,open,,Men'S Halfpipe,2,Xavier Hoffman,GER,,,"{""https://web.archive.org/web/20021202102229/http://usopen-snowboarding.com/history.asp?yearNum=1999""}",verified,repaired-verified
us-open-snowboarding--1999,halfpipe,Men'S Halfpipe,men,open,,Men'S Halfpipe,3,Tommy Czeschin,USA,,,"{""https://web.archive.org/web/20021202102229/http://usopen-snowboarding.com/history.asp?yearNum=1999""}",verified,repaired-verified
us-open-snowboarding--1999,halfpipe,,women,open,,,1,Nicola Thost,,,,"{""https://snowboarding8090.com/us-open/""}",verified,live-source
us-open-snowboarding--1999,halfpipe,Women'S Halfpipe,women,open,,Women'S Halfpipe,1,Nicola Thost,GER,,,"{""https://web.archive.org/web/20021202102229/http://usopen-snowboarding.com/history.asp?yearNum=1999""}",verified,repaired-verified
us-open-snowboarding--1999,halfpipe,Women'S Halfpipe,women,open,,Women'S Halfpipe,2,Tricia Byrnes,USA,,,"{""https://web.archive.org/web/20021202102229/http://usopen-snowboarding.com/history.asp?yearNum=1999""}",verified,repaired-verified
us-open-snowboarding--1999,halfpipe,Women'S Halfpipe,women,open,,Women'S Halfpipe,3,Shannon Dunn,USA,,,"{""https://web.archive.org/web/20021202102229/http://usopen-snowboarding.com/history.asp?yearNum=1999""}",verified,repaired-verified
us-open-snowboarding--1999,other,Junior'S Junior Jam,unspecified,junior,,Junior'S Junior Jam,1,Shayne Pospisil,USA,,Source's own event name: Junior'S Junior Jam,"{""https://web.archive.org/web/20021202102229/http://usopen-snowboarding.com/history.asp?yearNum=1999""}",verified,repaired-verified
us-open-snowboarding--1999,other,Junior'S Junior Jam,unspecified,junior,,Junior'S Junior Jam,2,Tyler Emond,USA,,Source's own event name: Junior'S Junior Jam,"{""https://web.archive.org/web/20021202102229/http://usopen-snowboarding.com/history.asp?yearNum=1999""}",verified,repaired-verified
us-open-snowboarding--1999,other,Junior'S Junior Jam,unspecified,junior,,Junior'S Junior Jam,3,Adam Pearce,USA,,Source's own event name: Junior'S Junior Jam,"{""https://web.archive.org/web/20021202102229/http://usopen-snowboarding.com/history.asp?yearNum=1999""}",verified,repaired-verified
us-open-snowboarding--1999,other,Men'S Super-G,men,open,,Men'S Super-G,1,Mark Fawcett,CAN,,Source's own event name: Men'S Super-G,"{""https://web.archive.org/web/20021202102229/http://usopen-snowboarding.com/history.asp?yearNum=1999""}",verified,repaired-verified
us-open-snowboarding--1999,other,Men'S Super-G,men,open,,Men'S Super-G,2,Dieter Happ,AUT,,Source's own event name: Men'S Super-G,"{""https://web.archive.org/web/20021202102229/http://usopen-snowboarding.com/history.asp?yearNum=1999""}",verified,repaired-verified
us-open-snowboarding--1999,other,Men'S Super-G,men,open,,Men'S Super-G,3,Christophe Segura,FRA,,Source's own event name: Men'S Super-G,"{""https://web.archive.org/web/20021202102229/http://usopen-snowboarding.com/history.asp?yearNum=1999""}",verified,repaired-verified
us-open-snowboarding--1999,other,Women'S Super-G,women,open,,Women'S Super-G,1,Steffi von Siebenthal,SUI,,Source's own event name: Women'S Super-G,"{""https://web.archive.org/web/20021202102229/http://usopen-snowboarding.com/history.asp?yearNum=1999""}",verified,repaired-verified
us-open-snowboarding--1999,other,Women'S Super-G,women,open,,Women'S Super-G,2,Brigitte Koeck,AUT,,Source's own event name: Women'S Super-G,"{""https://web.archive.org/web/20021202102229/http://usopen-snowboarding.com/history.asp?yearNum=1999""}",verified,repaired-verified
us-open-snowboarding--1999,other,Women'S Super-G,women,open,,Women'S Super-G,3,Bruhin Ursula,SUI,,Source's own event name: Women'S Super-G,"{""https://web.archive.org/web/20021202102229/http://usopen-snowboarding.com/history.asp?yearNum=1999""}",verified,repaired-verified
us-open-snowboarding--2000,big-air,Men'S Big Air,men,open,,Men'S Big Air,1,Jussi Oksanen,FIN,,,"{""https://web.archive.org/web/20021202102958/http://usopen-snowboarding.com/history.asp?yearNum=2000""}",verified,repaired-verified
us-open-snowboarding--2000,big-air,Men'S Big Air,men,open,,Men'S Big Air,2,Jason Borgstede,USA,,,"{""https://web.archive.org/web/20021202102958/http://usopen-snowboarding.com/history.asp?yearNum=2000""}",verified,repaired-verified
us-open-snowboarding--2000,big-air,Men'S Big Air,men,open,,Men'S Big Air,3,Scott Arnold,USA,,,"{""https://web.archive.org/web/20021202102958/http://usopen-snowboarding.com/history.asp?yearNum=2000""}",verified,repaired-verified
us-open-snowboarding--2000,big-air,Women'S Big Air,women,open,,Women'S Big Air,1,Jamie Macleod,USA,,,"{""https://web.archive.org/web/20021202102958/http://usopen-snowboarding.com/history.asp?yearNum=2000""}",verified,repaired-verified
us-open-snowboarding--2000,big-air,Women'S Big Air,women,open,,Women'S Big Air,2,Tara Dakides,USA,,,"{""https://web.archive.org/web/20021202102958/http://usopen-snowboarding.com/history.asp?yearNum=2000""}",verified,repaired-verified
us-open-snowboarding--2000,big-air,Women'S Big Air,women,open,,Women'S Big Air,3,Jessica Dalpiaz,USA,,,"{""https://web.archive.org/web/20021202102958/http://usopen-snowboarding.com/history.asp?yearNum=2000""}",verified,repaired-verified
us-open-snowboarding--2000,boardercross,Men'S Bx,men,open,,Men'S Bx,1,Xavier Delerue,FRA,,,"{""https://web.archive.org/web/20021202102958/http://usopen-snowboarding.com/history.asp?yearNum=2000""}",verified,repaired-verified
us-open-snowboarding--2000,boardercross,Men'S Bx,men,open,,Men'S Bx,2,Drew Neilson,CAN,,,"{""https://web.archive.org/web/20021202102958/http://usopen-snowboarding.com/history.asp?yearNum=2000""}",verified,repaired-verified
us-open-snowboarding--2000,boardercross,Men'S Bx,men,open,,Men'S Bx,3,Jasey Jay Anderson,CAN,,,"{""https://web.archive.org/web/20021202102958/http://usopen-snowboarding.com/history.asp?yearNum=2000""}",verified,repaired-verified
us-open-snowboarding--2000,boardercross,Women'S Bx,women,open,,Women'S Bx,1,Catherine Poetzl,AUT,,,"{""https://web.archive.org/web/20021202102958/http://usopen-snowboarding.com/history.asp?yearNum=2000""}",verified,repaired-verified
us-open-snowboarding--2000,boardercross,Women'S Bx,women,open,,Women'S Bx,2,Leslee Olson,USA,,,"{""https://web.archive.org/web/20021202102958/http://usopen-snowboarding.com/history.asp?yearNum=2000""}",verified,repaired-verified
us-open-snowboarding--2000,boardercross,Women'S Bx,women,open,,Women'S Bx,3,Amy Johnson,USA,,,"{""https://web.archive.org/web/20021202102958/http://usopen-snowboarding.com/history.asp?yearNum=2000""}",verified,repaired-verified
us-open-snowboarding--2000,halfpipe,Men'S Halfpipe,men,open,,Men'S Halfpipe,1,Guillaume Morisset,CAN,,,"{""https://web.archive.org/web/20021202102958/http://usopen-snowboarding.com/history.asp?yearNum=2000""}",verified,repaired-verified
us-open-snowboarding--2000,halfpipe,Men'S Halfpipe,men,open,,Men'S Halfpipe,2,Ross Powers,USA,,,"{""https://web.archive.org/web/20021202102958/http://usopen-snowboarding.com/history.asp?yearNum=2000""}",verified,repaired-verified
us-open-snowboarding--2000,halfpipe,Men'S Halfpipe,men,open,,Men'S Halfpipe,3,Xavier Hoffman,GER,,,"{""https://web.archive.org/web/20021202102958/http://usopen-snowboarding.com/history.asp?yearNum=2000""}",verified,repaired-verified
us-open-snowboarding--2000,halfpipe,Women'S Halfpipe,women,open,,Women'S Halfpipe,1,Natasza Zurek,CAN,,,"{""https://web.archive.org/web/20021202102958/http://usopen-snowboarding.com/history.asp?yearNum=2000""}",verified,repaired-verified
us-open-snowboarding--2000,halfpipe,Women'S Halfpipe,women,open,,Women'S Halfpipe,2,Shannon Dunn,USA,,,"{""https://web.archive.org/web/20021202102958/http://usopen-snowboarding.com/history.asp?yearNum=2000""}",verified,repaired-verified
us-open-snowboarding--2000,halfpipe,Women'S Halfpipe,women,open,,Women'S Halfpipe,3,Barrett Christy,USA,,,"{""https://web.archive.org/web/20021202102958/http://usopen-snowboarding.com/history.asp?yearNum=2000""}",verified,repaired-verified
us-open-snowboarding--2000,other,Boy'S Junior Jam,men,junior,,Boy'S Junior Jam,1,Patrick Moore,USA,,Source's own event name: Boy'S Junior Jam,"{""https://web.archive.org/web/20021202102958/http://usopen-snowboarding.com/history.asp?yearNum=2000""}",verified,repaired-verified
us-open-snowboarding--2000,other,Girl'S Junior Jam,women,junior,,Girl'S Junior Jam,1,Kari White,USA,,Source's own event name: Girl'S Junior Jam,"{""https://web.archive.org/web/20021202102958/http://usopen-snowboarding.com/history.asp?yearNum=2000""}",verified,repaired-verified
us-open-snowboarding--2000,other,Boy'S Junior Jam,men,junior,,Boy'S Junior Jam,2,Renaud Belisle,CAN,,Source's own event name: Boy'S Junior Jam,"{""https://web.archive.org/web/20021202102958/http://usopen-snowboarding.com/history.asp?yearNum=2000""}",verified,repaired-verified
us-open-snowboarding--2000,other,Girl'S Junior Jam,women,junior,,Girl'S Junior Jam,2,Hannah Teter,USA,,Source's own event name: Girl'S Junior Jam,"{""https://web.archive.org/web/20021202102958/http://usopen-snowboarding.com/history.asp?yearNum=2000""}",verified,repaired-verified
us-open-snowboarding--2000,other,Boy'S Junior Jam,men,junior,,Boy'S Junior Jam,3,Cody Rosenthal,USA,,Source's own event name: Boy'S Junior Jam,"{""https://web.archive.org/web/20021202102958/http://usopen-snowboarding.com/history.asp?yearNum=2000""}",verified,repaired-verified
us-open-snowboarding--2000,other,Girl'S Junior Jam,women,junior,,Girl'S Junior Jam,3,Lauren Whalley,USA,,Source's own event name: Girl'S Junior Jam,"{""https://web.archive.org/web/20021202102958/http://usopen-snowboarding.com/history.asp?yearNum=2000""}",verified,repaired-verified
us-open-snowboarding--2000,parallel-giant-slalom,Men'S Dual Gs,men,open,,Men'S Dual Gs,1,Jasey Jay Anderson,CAN,,,"{""https://web.archive.org/web/20021202102958/http://usopen-snowboarding.com/history.asp?yearNum=2000""}",verified,repaired-verified
us-open-snowboarding--2000,parallel-giant-slalom,Men'S Dual Gs,men,open,,Men'S Dual Gs,2,Ueli Kestenholz,SUI,,,"{""https://web.archive.org/web/20021202102958/http://usopen-snowboarding.com/history.asp?yearNum=2000""}",verified,repaired-verified
us-open-snowboarding--2000,parallel-giant-slalom,Men'S Dual Gs,men,open,,Men'S Dual Gs,3,Mark Fawcett,CAN,,,"{""https://web.archive.org/web/20021202102958/http://usopen-snowboarding.com/history.asp?yearNum=2000""}",verified,repaired-verified
us-open-snowboarding--2000,parallel-giant-slalom,Women'S Dual Gs,women,open,,Women'S Dual Gs,1,Ursula Bruhin,CAN,,,"{""https://web.archive.org/web/20021202102958/http://usopen-snowboarding.com/history.asp?yearNum=2000""}",verified,repaired-verified
us-open-snowboarding--2000,parallel-giant-slalom,Women'S Dual Gs,women,open,,Women'S Dual Gs,2,Brigitte Koeck,AUT,,,"{""https://web.archive.org/web/20021202102958/http://usopen-snowboarding.com/history.asp?yearNum=2000""}",verified,repaired-verified
us-open-snowboarding--2000,parallel-giant-slalom,Women'S Dual Gs,women,open,,Women'S Dual Gs,3,Nadja Livers,CAN,,,"{""https://web.archive.org/web/20021202102958/http://usopen-snowboarding.com/history.asp?yearNum=2000""}",verified,repaired-verified
us-open-snowboarding--2001,boardercross,Men'S Bx,men,open,,Men'S Bx,1,Scott Gaffney,CAN,,,"{""https://web.archive.org/web/20021202103853/http://usopen-snowboarding.com/history.asp?yearNum=2001""}",verified,repaired-verified
us-open-snowboarding--2001,boardercross,Men'S Bx,men,open,,Men'S Bx,2,Robert Fagan,CAN,,,"{""https://web.archive.org/web/20021202103853/http://usopen-snowboarding.com/history.asp?yearNum=2001""}",verified,repaired-verified
us-open-snowboarding--2001,boardercross,Men'S Bx,men,open,,Men'S Bx,3,Mathieu Morency,CAN,,,"{""https://web.archive.org/web/20021202103853/http://usopen-snowboarding.com/history.asp?yearNum=2001""}",verified,repaired-verified
us-open-snowboarding--2001,boardercross,Women'S Bx,women,open,,Women'S Bx,1,Lind Jacobellis,USA,,,"{""https://web.archive.org/web/20021202103853/http://usopen-snowboarding.com/history.asp?yearNum=2001""}",verified,repaired-verified
us-open-snowboarding--2001,boardercross,Women'S Bx,women,open,,Women'S Bx,2,StarOfPeace Quinn,CAN,,,"{""https://web.archive.org/web/20021202103853/http://usopen-snowboarding.com/history.asp?yearNum=2001""}",verified,repaired-verified
us-open-snowboarding--2001,boardercross,Women'S Bx,women,open,,Women'S Bx,3,Amy Johnson,USA,,,"{""https://web.archive.org/web/20021202103853/http://usopen-snowboarding.com/history.asp?yearNum=2001""}",verified,repaired-verified
us-open-snowboarding--2001,halfpipe,,men,open,,,1,Danny Kass,,,,"{""https://www.burton.com/en-us/blogs/the-burton-blog/13-firsts-us-open-snowboarding-championships""}",likely,live-source
us-open-snowboarding--2001,halfpipe,Men'S Halfpipe,men,open,,Men'S Halfpipe,1,Daniel Kass,USA,,,"{""https://web.archive.org/web/20021202103853/http://usopen-snowboarding.com/history.asp?yearNum=2001""}",verified,repaired-verified
us-open-snowboarding--2001,halfpipe,Men'S Halfpipe,men,open,,Men'S Halfpipe,2,Abe Teter,USA,,,"{""https://web.archive.org/web/20021202103853/http://usopen-snowboarding.com/history.asp?yearNum=2001""}",verified,repaired-verified
us-open-snowboarding--2001,halfpipe,Men'S Halfpipe,men,open,,Men'S Halfpipe,3,Daniel Franck,NOR,,,"{""https://web.archive.org/web/20021202103853/http://usopen-snowboarding.com/history.asp?yearNum=2001""}",verified,repaired-verified
us-open-snowboarding--2001,halfpipe,Women'S Halfpipe,women,open,,Women'S Halfpipe,1,Natasza Zurek,CAN,,,"{""https://web.archive.org/web/20021202103853/http://usopen-snowboarding.com/history.asp?yearNum=2001""}",verified,repaired-verified
us-open-snowboarding--2001,halfpipe,Women'S Halfpipe,women,open,,Women'S Halfpipe,2,Shannon Dunn,USA,,,"{""https://web.archive.org/web/20021202103853/http://usopen-snowboarding.com/history.asp?yearNum=2001""}",verified,repaired-verified
us-open-snowboarding--2001,halfpipe,Women'S Halfpipe,women,open,,Women'S Halfpipe,3,Gretchen Bleiler,USA,,,"{""https://web.archive.org/web/20021202103853/http://usopen-snowboarding.com/history.asp?yearNum=2001""}",verified,repaired-verified
us-open-snowboarding--2001,other,Boy'S Junior Jam,men,junior,,Boy'S Junior Jam,1,Jake Blauvelt,USA,,Source's own event name: Boy'S Junior Jam,"{""https://web.archive.org/web/20021202103853/http://usopen-snowboarding.com/history.asp?yearNum=2001""}",verified,repaired-verified
us-open-snowboarding--2001,other,Girl'S Junior Jam,women,junior,,Girl'S Junior Jam,1,Lauren Whalley,USA,,Source's own event name: Girl'S Junior Jam,"{""https://web.archive.org/web/20021202103853/http://usopen-snowboarding.com/history.asp?yearNum=2001""}",verified,repaired-verified
us-open-snowboarding--2001,other,Boy'S Junior Jam,men,junior,,Boy'S Junior Jam,2,Adam Dyroff,USA,,Source's own event name: Boy'S Junior Jam,"{""https://web.archive.org/web/20021202103853/http://usopen-snowboarding.com/history.asp?yearNum=2001""}",verified,repaired-verified
us-open-snowboarding--2001,other,Girl'S Junior Jam,women,junior,,Girl'S Junior Jam,2,Hannah Teter,USA,,Source's own event name: Girl'S Junior Jam,"{""https://web.archive.org/web/20021202103853/http://usopen-snowboarding.com/history.asp?yearNum=2001""}",verified,repaired-verified
us-open-snowboarding--2001,other,Boy'S Junior Jam,men,junior,,Boy'S Junior Jam,3,Michael Schwarz,USA,,Source's own event name: Boy'S Junior Jam,"{""https://web.archive.org/web/20021202103853/http://usopen-snowboarding.com/history.asp?yearNum=2001""}",verified,repaired-verified
us-open-snowboarding--2001,other,Girl'S Junior Jam,women,junior,,Girl'S Junior Jam,3,Liza Mitrani,USA,,Source's own event name: Girl'S Junior Jam,"{""https://web.archive.org/web/20021202103853/http://usopen-snowboarding.com/history.asp?yearNum=2001""}",verified,repaired-verified
us-open-snowboarding--2001,quarterpipe,Men'S Quarterpipe,men,open,,Men'S Quarterpipe,1,Terje Haakonsen,NOR,,,"{""https://web.archive.org/web/20021202103853/http://usopen-snowboarding.com/history.asp?yearNum=2001""}",verified,repaired-verified
us-open-snowboarding--2001,quarterpipe,Men'S Quarterpipe,men,open,,Men'S Quarterpipe,2,Gian Simmen,SUI,,,"{""https://web.archive.org/web/20021202103853/http://usopen-snowboarding.com/history.asp?yearNum=2001""}",verified,repaired-verified
us-open-snowboarding--2001,quarterpipe,Men'S Quarterpipe,men,open,,Men'S Quarterpipe,3,James Beach,CAN,,,"{""https://web.archive.org/web/20021202103853/http://usopen-snowboarding.com/history.asp?yearNum=2001""}",verified,repaired-verified
us-open-snowboarding--2001,quarterpipe,Women'S Quarterpipe,women,open,,Women'S Quarterpipe,1,Annie Boulanger,CAN,,,"{""https://web.archive.org/web/20021202103853/http://usopen-snowboarding.com/history.asp?yearNum=2001""}",verified,repaired-verified
us-open-snowboarding--2001,quarterpipe,Women'S Quarterpipe,women,open,,Women'S Quarterpipe,2,Doriane Vidal,FRA,,,"{""https://web.archive.org/web/20021202103853/http://usopen-snowboarding.com/history.asp?yearNum=2001""}",verified,repaired-verified
us-open-snowboarding--2001,quarterpipe,Women'S Quarterpipe,women,open,,Women'S Quarterpipe,3,Pauline Richon,SUI,,,"{""https://web.archive.org/web/20021202103853/http://usopen-snowboarding.com/history.asp?yearNum=2001""}",verified,repaired-verified
winter-x-games--2001,big-air,,men,open,,,1,Jussi Oksanen,,,,"{""https://snowboardmag.com/stories/winter-x-games-14-years-results""}",likely,live-source
winter-x-games--2001,big-air,,men,open,,,2,Todd Richards,,,,"{""https://snowboardmag.com/stories/winter-x-games-14-years-results""}",likely,live-source
winter-x-games--2001,big-air,,men,open,,,3,Josh Dirksen,,,,"{""https://snowboardmag.com/stories/winter-x-games-14-years-results""}",likely,live-source
winter-x-games--2001,big-air,,women,open,,,1,Tara Dakides,,,,"{""https://snowboardmag.com/stories/winter-x-games-14-years-results""}",likely,live-source
winter-x-games--2001,big-air,,women,open,,,2,Barrett Christy,,,,"{""https://snowboardmag.com/stories/winter-x-games-14-years-results""}",likely,live-source
winter-x-games--2001,big-air,,women,open,,,3,Jenna Murano,,,,"{""https://snowboardmag.com/stories/winter-x-games-14-years-results""}",likely,live-source
winter-x-games--2001,slopestyle,,men,open,,,1,Kevin Jones,,,,"{""https://snowboardmag.com/stories/winter-x-games-14-years-results""}",likely,live-source
winter-x-games--2001,slopestyle,,men,open,,,2,Todd Richards,,,,"{""https://snowboardmag.com/stories/winter-x-games-14-years-results""}",likely,live-source
winter-x-games--2001,slopestyle,,men,open,,,3,Jussi Oksanen,,,,"{""https://snowboardmag.com/stories/winter-x-games-14-years-results""}",likely,live-source
winter-x-games--2001,slopestyle,,women,open,,,1,Jaime Macleod,,,,"{""https://snowboardmag.com/stories/winter-x-games-14-years-results""}",likely,live-source
winter-x-games--2001,slopestyle,,women,open,,,2,Shannon Dunn,,,,"{""https://snowboardmag.com/stories/winter-x-games-14-years-results""}",likely,live-source
winter-x-games--2001,slopestyle,,women,open,,,3,Marni Yamada,,,,"{""https://snowboardmag.com/stories/winter-x-games-14-years-results""}",likely,live-source
winter-x-games--2001,superpipe,,men,open,,,1,Dan Kass,,,,"{""https://snowboardmag.com/stories/winter-x-games-14-years-results""}",likely,live-source
winter-x-games--2001,superpipe,,men,open,,,2,Tommy Czeschin,,,,"{""https://snowboardmag.com/stories/winter-x-games-14-years-results""}",likely,live-source
winter-x-games--2001,superpipe,,men,open,,,3,Ross Powers,,,,"{""https://snowboardmag.com/stories/winter-x-games-14-years-results""}",likely,live-source
winter-x-games--2001,superpipe,,women,open,,,1,Shannon Dunn,,,,"{""https://snowboardmag.com/stories/winter-x-games-14-years-results""}",likely,live-source
winter-x-games--2001,superpipe,,women,open,,,2,Natasza Zurek,,,,"{""https://snowboardmag.com/stories/winter-x-games-14-years-results""}",likely,live-source
winter-x-games--2001,superpipe,,women,open,,,3,Fabienne Reuteler,,,,"{""https://snowboardmag.com/stories/winter-x-games-14-years-results""}",likely,live-source
winter-x-games--2002,slopestyle,,men,open,,,1,Travis Rice,,,,"{""https://snowboardmag.com/stories/winter-x-games-14-years-results""}",likely,live-source
winter-x-games--2002,slopestyle,,men,open,,,2,Shaun White,,,,"{""https://snowboardmag.com/stories/winter-x-games-14-years-results""}",likely,live-source
winter-x-games--2002,slopestyle,,men,open,,,3,Todd Richards,,,,"{""https://snowboardmag.com/stories/winter-x-games-14-years-results""}",likely,live-source
winter-x-games--2002,slopestyle,,women,open,,,1,Tara Dakides,,,,"{""https://snowboardmag.com/stories/winter-x-games-14-years-results""}",likely,live-source
winter-x-games--2002,slopestyle,,women,open,,,2,Janna Meyen,,,,"{""https://snowboardmag.com/stories/winter-x-games-14-years-results""}",likely,live-source
winter-x-games--2002,slopestyle,,women,open,,,3,Barrett Christy,,,,"{""https://snowboardmag.com/stories/winter-x-games-14-years-results""}",likely,live-source
winter-x-games--2002,superpipe,,men,open,,,1,J.J. Thomas,,,,"{""https://snowboardmag.com/stories/winter-x-games-14-years-results""}",likely,live-source
winter-x-games--2002,superpipe,,men,open,,,2,Shaun White,,,,"{""https://snowboardmag.com/stories/winter-x-games-14-years-results""}",likely,live-source
winter-x-games--2002,superpipe,,men,open,,,3,Keir Dillon,,,,"{""https://snowboardmag.com/stories/winter-x-games-14-years-results""}",likely,live-source
winter-x-games--2002,superpipe,,women,open,,,1,Kelly Clark,,,,"{""https://snowboardmag.com/stories/winter-x-games-14-years-results""}",likely,live-source
winter-x-games--2002,superpipe,,women,open,,,2,Stine Brun Kjeldaas,,,,"{""https://snowboardmag.com/stories/winter-x-games-14-years-results""}",likely,live-source
winter-x-games--2002,superpipe,,women,open,,,3,Natasza Zurek,,,,"{""https://snowboardmag.com/stories/winter-x-games-14-years-results""}",likely,live-source
winter-x-games--2020,big-air,,men,open,,,1,Maxence Parrot,CAN,,,"{""https://en.wikipedia.org/wiki/Winter_X_Games_XXIV""}",likely,live-source
winter-x-games--2020,big-air,,men,open,,,2,Mark McMorris,CAN,,,"{""https://en.wikipedia.org/wiki/Winter_X_Games_XXIV""}",likely,live-source
winter-x-games--2020,big-air,,men,open,,,3,Sven Thorgren,SWE,,,"{""https://en.wikipedia.org/wiki/Winter_X_Games_XXIV""}",likely,live-source
winter-x-games--2020,big-air,,women,open,,,1,Miyabi Onitsuka,JPN,,,"{""https://en.wikipedia.org/wiki/Winter_X_Games_XXIV""}",likely,live-source
winter-x-games--2020,big-air,,women,open,,,2,Kokomo Murase,JPN,,,"{""https://en.wikipedia.org/wiki/Winter_X_Games_XXIV""}",likely,live-source
winter-x-games--2020,big-air,,women,open,,,3,Reira Iwabuchi,JPN,,,"{""https://en.wikipedia.org/wiki/Winter_X_Games_XXIV""}",likely,live-source
winter-x-games--2020,knuckle-huck,,men,open,,Knuckle Huck,1,Zeb Powell,USA,,"X Games 'Knuckle Huck'; no matching term in the brief's discipline vocabulary, recorded as 'other'. Source shows a gold medallist only.","{""https://en.wikipedia.org/wiki/Winter_X_Games_XXIV""}",likely,live-source
winter-x-games--2020,rail-jam,,men,open,,,1,Jesse Paul,USA,,,"{""https://en.wikipedia.org/wiki/Winter_X_Games_XXIV""}",likely,live-source
winter-x-games--2020,rail-jam,,men,open,,,2,Darcy Sharpe,CAN,,,"{""https://en.wikipedia.org/wiki/Winter_X_Games_XXIV""}",likely,live-source
winter-x-games--2020,rail-jam,,men,open,,,3,Sven Thorgren,SWE,,,"{""https://en.wikipedia.org/wiki/Winter_X_Games_XXIV""}",likely,live-source
winter-x-games--2020,slopestyle,,men,open,,,1,Darcy Sharpe,CAN,,,"{""https://en.wikipedia.org/wiki/Winter_X_Games_XXIV""}",likely,live-source
winter-x-games--2020,slopestyle,,men,open,,,2,Mons Roisland,NOR,,,"{""https://en.wikipedia.org/wiki/Winter_X_Games_XXIV""}",likely,live-source
winter-x-games--2020,slopestyle,,men,open,,,3,Redmond Gerard,USA,,,"{""https://en.wikipedia.org/wiki/Winter_X_Games_XXIV""}",likely,live-source
winter-x-games--2020,slopestyle,,women,open,,,1,Jamie Anderson,USA,,,"{""https://en.wikipedia.org/wiki/Winter_X_Games_XXIV""}",likely,live-source
winter-x-games--2020,slopestyle,,women,open,,,2,Laurie Blouin,CAN,,,"{""https://en.wikipedia.org/wiki/Winter_X_Games_XXIV""}",likely,live-source
winter-x-games--2020,slopestyle,,women,open,,,3,Kokomo Murase,JPN,,,"{""https://en.wikipedia.org/wiki/Winter_X_Games_XXIV""}",likely,live-source
winter-x-games--2020,superpipe,,men,open,,,1,Scotty James,AUS,,,"{""https://en.wikipedia.org/wiki/Winter_X_Games_XXIV""}",likely,live-source
winter-x-games--2020,superpipe,,men,open,,,2,Yuto Totsuka,JPN,,,"{""https://en.wikipedia.org/wiki/Winter_X_Games_XXIV""}",likely,live-source
winter-x-games--2020,superpipe,,men,open,,,3,Jan Scherrer,SUI,,,"{""https://en.wikipedia.org/wiki/Winter_X_Games_XXIV""}",likely,live-source
winter-x-games--2020,superpipe,,women,open,,,1,Queralt Castellet,ESP,,,"{""https://en.wikipedia.org/wiki/Winter_X_Games_XXIV""}",likely,live-source
winter-x-games--2020,superpipe,,women,open,,,2,Kurumi Imai,JPN,,,"{""https://en.wikipedia.org/wiki/Winter_X_Games_XXIV""}",likely,live-source
winter-x-games--2020,superpipe,,women,open,,,3,Haruna Matsumoto,JPN,,,"{""https://en.wikipedia.org/wiki/Winter_X_Games_XXIV""}",likely,live-source
world-snowboarding-championships-sims--1983,halfpipe,,mixed,open,,,1,Eddie Hargraves,USA,,,"{""https://tahoequarterly.com/ski-ride-2016/rebels-with-a-cause"",""https://www.sierrasun.com/news/super-pipe-dreams-halfpipe-has-come-long-way-since-a-ditch-in-tahoe-city-in-the-70s/""}",likely,live-source
world-snowboarding-championships-sims--1983,other,,mixed,open,,,1,Tom Sims,USA,,,"{""https://www.skihall.com/hall-of-famers/tom-sims/""}",likely,live-source
world-snowboarding-championships-sims--1984,halfpipe,,mixed,open,,,1,Terry Kidwell,USA,,,"{""https://tahoequarterly.com/ski-ride-2016/rebels-with-a-cause"",""https://www.sierrasun.com/news/super-pipe-dreams-halfpipe-has-come-long-way-since-a-ditch-in-tahoe-city-in-the-70s/""}",likely,live-source
world-snowboarding-championships-sims--1985,halfpipe,,mixed,open,,,1,Terry Kidwell,USA,,,"{""https://tahoequarterly.com/ski-ride-2016/rebels-with-a-cause"",""https://www.sierrasun.com/news/super-pipe-dreams-halfpipe-has-come-long-way-since-a-ditch-in-tahoe-city-in-the-70s/""}",likely,live-source
x-trail-jam--2002,big-air,,mixed,open,,,1,Travis Rice,,,,"{""https://en.wikipedia.org/wiki/X-Trail_Jam""}",verified,live-source
x-trail-jam--2002,quarterpipe,,mixed,open,,,1,Heikki Sorsa,,,,"{""https://en.wikipedia.org/wiki/X-Trail_Jam""}",verified,live-source
x-trail-jam--2003,big-air,,mixed,open,,,1,Gian Simmen,SUI,,,"{""https://snowboardnet.jp/x-trail-jam-in-tokyo-dome-2003/"",""https://en.wikipedia.org/wiki/X-Trail_Jam""}",verified,live-source
x-trail-jam--2003,big-air,,mixed,open,,,2,Hiroshi Suzuki,JPN,,,"{""https://snowboardnet.jp/x-trail-jam-in-tokyo-dome-2003/"",""https://en.wikipedia.org/wiki/X-Trail_Jam""}",likely,live-source
x-trail-jam--2003,big-air,,mixed,open,,,3,David Carrier-Porcheron,CAN,,,"{""https://snowboardnet.jp/x-trail-jam-in-tokyo-dome-2003/"",""https://en.wikipedia.org/wiki/X-Trail_Jam""}",likely,live-source
x-trail-jam--2003,quarterpipe,,mixed,open,,,1,Terje Håkonsen,NOR,,,"{""https://snowboardnet.jp/x-trail-jam-in-tokyo-dome-2003/"",""https://en.wikipedia.org/wiki/X-Trail_Jam""}",verified,live-source
x-trail-jam--2003,quarterpipe,,mixed,open,,,2,Travis Rice,USA,,,"{""https://snowboardnet.jp/x-trail-jam-in-tokyo-dome-2003/"",""https://en.wikipedia.org/wiki/X-Trail_Jam""}",verified,live-source
x-trail-jam--2003,quarterpipe,,mixed,open,,,3,Markku Koski,FIN,,,"{""https://snowboardnet.jp/x-trail-jam-in-tokyo-dome-2003/"",""https://en.wikipedia.org/wiki/X-Trail_Jam""}",likely,live-source
x-trail-jam--2005,big-air,,mixed,open,,,1,Jonas Emery,,,,"{""https://en.wikipedia.org/wiki/X-Trail_Jam""}",verified,live-source
x-trail-jam--2005,quarterpipe,,mixed,open,,,1,Terje Håkonsen,,,,"{""https://en.wikipedia.org/wiki/X-Trail_Jam""}",verified,live-source
x-trail-jam--2006,big-air,,mixed,open,,,1,Travis Rice,,,,"{""https://en.wikipedia.org/wiki/X-Trail_Jam""}",verified,live-source
x-trail-jam--2006,quarterpipe,,mixed,open,,,1,Shaun White,,,,"{""https://en.wikipedia.org/wiki/X-Trail_Jam""}",verified,live-source
x-trail-jam--2007,big-air,,mixed,open,,,1,Risto Mattila,FIN,,,"{""https://snowboardnet.jp/x-trail-jam-in-tokyo-dome-2007/"",""https://en.wikipedia.org/wiki/X-Trail_Jam""}",verified,live-source
x-trail-jam--2007,big-air,,mixed,open,,,2,Travis Rice,USA,,,"{""https://snowboardnet.jp/x-trail-jam-in-tokyo-dome-2007/"",""https://en.wikipedia.org/wiki/X-Trail_Jam""}",verified,live-source
x-trail-jam--2007,big-air,,mixed,open,,,3,Mathieu Crepel,,,,"{""https://snowboardnet.jp/x-trail-jam-in-tokyo-dome-2007/"",""https://en.wikipedia.org/wiki/X-Trail_Jam""}",verified,live-source
x-trail-jam--2007,quarterpipe,,mixed,open,,,1,Travis Rice,USA,,,"{""https://snowboardnet.jp/x-trail-jam-in-tokyo-dome-2007/"",""https://en.wikipedia.org/wiki/X-Trail_Jam""}",verified,live-source
x-trail-jam--2007,quarterpipe,,mixed,open,,,2,Andy Finch,USA,,,"{""https://snowboardnet.jp/x-trail-jam-in-tokyo-dome-2007/"",""https://en.wikipedia.org/wiki/X-Trail_Jam""}",verified,live-source
x-trail-jam--2007,quarterpipe,,mixed,open,,,3,Kevin Pearce,USA,,,"{""https://snowboardnet.jp/x-trail-jam-in-tokyo-dome-2007/"",""https://en.wikipedia.org/wiki/X-Trail_Jam""}",verified,live-source
x-trail-jam--2008,big-air,,mixed,open,,,1,Torstein Horgmo,,,,"{""https://en.wikipedia.org/wiki/X-Trail_Jam""}",verified,live-source
x-trail-jam--2008,quarterpipe,,mixed,open,,,1,Shaun White,,,,"{""https://en.wikipedia.org/wiki/X-Trail_Jam""}",verified,live-source
