id,external_ref,name,series_id,year,start_date,end_date,event_type,description,community_status,catalog_status,catalog_status_note,date_precision,venue_name,city,country,disciplines,sources,confidence
air-and-style--2016-a,air-and-style--2016-a,Opel Air + Style Innsbruck 2016,air-and-style,2016,2016,,contest,First year at Olympiaworld rather than in the Bergisel stadium (Onboard's report places the arena in an open car park beside the Bergisel). Strong valley winds forced organisers to cancel the rounds after round two and to score the podium from the three highest combined round-two scores. Collective reports 2016 as the first year women competed at Innsbruck; Method Mag says the first women's field at Innsbruck was 2017. Shaun White announced during the event that the tour would expand to five stops. Exact dates not found in a source I opened.,unverified,held,,year,Olympiaworld Innsbruck,Innsbruck,Austria,"{""big-air""}","{""https://www.innsbruck.info/blog/en/events/air-and-style2016/"",""https://onboardmag.com/news/snowboarding-events/bad-wind-airs-tyle-innsbruck-2016-report-gallery.html"",""https://collectivemag.de/air-style-vom-bergisel-stadion-in-die-ganze-welt-pid16548/""}",likely
air-and-style--2017-a,air-and-style--2017-a,Air + Style Innsbruck-Tirol 2017,air-and-style,2017,2017-02,,contest,"Method Mag calls this the 34th edition and says it was the first year women competed in the Air + Style big air, with 30 men and 8 women plus 16 live music acts over two days. Tiroler Tageszeitung reports the Air+Style contest's history ended in 2017 in the Olympiaworld car park. Edition numbering here (34th) is inconsistent with Wikipedia's numbering (25th for Beijing 2013).",unverified,held,,month,Olympiaworld Innsbruck,Innsbruck,Austria,"{""big-air""}","{""https://www.methodmag.com/news/air-style-festival-innsbruck-tirol-2017.html"",""https://www.tt.com/artikel/16237751/das-erbe-des-air-style-snowboarder-fliegen-wieder-auf-bergisel-ab""}",likely
air-and-style--2017-b,air-and-style--2017-b,Air + Style Beijing 2017,air-and-style,2017,2017-02,,contest,Reported by Sport1 in February 2017; exact dates and venue not stated in the page I opened. [v0.2 flag: the row carries a February 2017 date but the German source dates the Beijing edition 25 November 2017. Unresolved.],unverified,held,,month,,Beijing,China,"{""big-air""}","{""https://www.sport1.de/actionsport/2017/02/air-style-beijing-2017-anna-gasser-and-mark-mcmorris-holen-den-sieg""}",likely
air-and-style--2019,air-and-style--2019,Air + Style Beijing 2019,air-and-style,2019,2019-12,,contest,Run as an FIS big air World Cup (FIS news item dated 15 December 2019). German Wikipedia calls the 2019 Beijing event the 25th and most recent edition of Air & Style. Exact dates and venue not confirmed in a page I opened.,unverified,held,,month,,Beijing,China,"{""big-air""}","{""https://www.fis-ski.com/snowboard-park-and-pipe/news/2019-20/air-style-beijing-big-air-world-cup-2019-20"",""https://de.wikipedia.org/wiki/Air_%26_Style""}",likely
argentina-snowboard-tour--2012,argentina-snowboard-tour--2012,Argentina Snowboard Tour 2012,argentina-snowboard-tour,2012,2012-05,2012-08,contest,"Five events between May and August 2012: urban big airs in Buenos Aires (one of them invitational) plus stops at Cerro Chapelco, Cerro Bayo and Cerro Catedral. All but the invitational open to any rider regardless of nationality or level.",unverified,held,,month,,,Argentina,"{""big-air"",""slopestyle""}","{""https://www.worldsnowboardfederation.org/the-argentina-snowboard-tour-ast/""}",likely
argentina-snowboard-tour--2014,argentina-snowboard-tour--2014,Argentina Snowboard Tour 2014,argentina-snowboard-tour,2014,2014,,contest,"Third tour stop was the Snow Travel South America Snowboard Challenge slopestyle at La Hoya on 20 August 2014, the second time La Hoya hosted it and the final stop of the season for Brazilian riders. Other 2014 stops not listed in the source. Related Argentine events reported the same season: Rip Curl Grom Winter Search and the ALIVE and KICKING Rip Curl Pro (23 Aug) at Cerro Catedral, Bariloche, and the DC Slopestyle Pro at Cerro Chapelco (5 Aug).",unverified,held,,year,,,Argentina,"{""slopestyle"",""big-air""}","{""https://www.worldsnowboardfederation.org/third-tour-stop-argentina-snowboard-tour-2014/"",""https://www.worldsnowboardfederation.org/?s=Argentina""}",likely
audi-nines--2014,audi-nines--2014,Nine Knights & Nine Queens 2014,audi-nines,2014,2014,,contest,"First edition to combine the men's and women's events, and the first with snowboarders on the roster.",unverified,held,,year,Livigno,Livigno,Italy,"{""big-air"",""hip"",""other""}","{""https://www.downdays.eu/articles/audi-nines-retrospective/""}",likely
audi-nines--2016,audi-nines--2016,Suzuki Nine Knights 2016,audi-nines,2016,2016,,contest,"First Nine Knights at Watles; the edition built around the 'Perfect Hip' feature. A separate Nine Queens ran at Serfaus-Fiss-Ladis, Austria the same year.",unverified,held,,year,Watles,"Mals/Malles Venosta, South Tyrol",Italy,"{""hip"",""big-air"",""other""}","{""https://www.downdays.eu/articles/audi-nines-retrospective/""}",likely
audi-nines--2017,audi-nines--2017,Suzuki Nine Royals 2017,audi-nines,2017,2017,,contest,"First official combined men's and women's, ski and snowboard event under the Nine Royals name.",unverified,held,,year,Watles,"Mals/Malles Venosta, South Tyrol",Italy,"{""hip"",""big-air"",""other""}","{""https://www.downdays.eu/articles/audi-nines-retrospective/""}",likely
audi-nines--2018,audi-nines--2018,Audi Nines 2018,audi-nines,2018,2018,,contest,First edition under the Audi Nines name after Audi became title sponsor and the event was rebranded.,unverified,held,,year,Soelden / Obergurgl,"Oetztal, Tirol",Austria,"{""hip"",""big-air"",""other""}","{""https://www.downdays.eu/articles/audi-nines-retrospective/""}",likely
audi-nines--2019,audi-nines--2019,Audi Nines 2019,audi-nines,2019,2019,,contest,,unverified,held,,year,Soelden / Obergurgl,"Oetztal, Tirol",Austria,"{""hip"",""big-air"",""other""}","{""https://www.downdays.eu/articles/audi-nines-retrospective/""}",likely
audi-snowboard-series--2013,audi-snowboard-series--2013,Audi Snowboard Series 2013/14,audi-snowboard-series,2013,2013,,contest,"More than 30 events across Switzerland in freestyle, boardercross and race. Named stops include a 3-Star World Snowboard Tour contest at Laax and European Cups at Davos, Lenzerheide and Lenk; the Swiss Championships in all three disciplines close the season, with the freestyle championships at Corvatsch on 11-12 April 2014.",verified,held,,year,,,Switzerland,"{""slopestyle"",""halfpipe"",""boardercross"",""other""}","{""https://www.worldsnowboardfederation.org/audi-snowboard-series/""}",verified
b4bc-snowboard-and-music-festival--1996,b4bc-snowboard-and-music-festival--1996,1st B4BC Snowboard + Music Festival,b4bc-snowboard-and-music-festival,1996,1996-04,1996-04,contest,"Inaugural festival, April 1996. Venue not stated in the source found.",unverified,held,,month,,,USA,{},"{""https://b4bc.org/about/""}",likely
bomb-hole-cup--2026,bomb-hole-cup--2026,5th Annual Bomb Hole Cup,bomb-hole-cup,2026,2026,,contest,"Day one banked slalom, day two open-jam park showdown. Held in April 2026; exact dates not stated on the resort page, which announces April 3-4, 2027 for the next edition.",unverified,held,,year,Brighton Resort,"Brighton, Utah",USA,"{""banked-slalom"",""jib""}","{""https://www.brightonresort.com/events/the-bomb-hole-cup"",""https://www.snowboard.international/features/north-america-snowboard-events-2025-26/""}",likely
burton-canadian-open--2009,burton-canadian-open--2009,2009 Burton Canadian Open,burton-canadian-open,2009,2009,,contest,"Rated Swatch TTR 5Star. Mikkel Bang and Silvia Mittermueller won the slopestyle, reported by Onboard on 2009-02-09. Unresolved: the 2008/09 Burton Global Open Series calendar announced the Burton Canadian Open for 2008-12-01 to 2008-12-07 at the same venue, so either the edition moved to February 2009 or there were two runnings. Only one edition row is recorded here.",unverified,held,,year,Canada Olympic Park,Calgary,Canada,"{""slopestyle""}","{""https://onboardmag.com/news/snowboarding-events/burton-canadian-open-slopestyle.html"",""https://whitelines.com/archive/news/burton-global-open-series-08-09.html""}",likely
burton-european-open--1999,burton-european-open--1999,1999 Burton European Open,burton-european-open,1999,1999,,contest,"Reported as the first Burton European Open, with the halfpipe at Axamer Lizum and the slopestyle at Seegrube in the Innsbruck area. Natasza Zurek won the halfpipe. Note that later edition numbering used by the organisers and the World Snowboard Federation (2011 = 12th annual, 2012 = 13th annual) counts the first edition as 2000, so the year of this first edition is disputed.",unverified,held,,year,Axamer Lizum / Seegrube,Innsbruck,Austria,"{""halfpipe"",""slopestyle""}","{""https://www.burton.com/blogs/the-burton-blog/10-years-laax-open/"",""https://coolerlifestyle.com/news/events/burton-european-open-looks-back-at-ten-years-of-epic-snowboarding.html""}",likely
burton-european-open--2001,burton-european-open--2001,2001 Burton European Open,burton-european-open,2001,2001,,contest,The only year alpine snowboarders competed alongside the freestyle disciplines.,unverified,held,,year,Fieberbrunn,Fieberbrunn,Austria,"{""halfpipe"",""slopestyle""}","{""https://coolerlifestyle.com/news/events/burton-european-open-looks-back-at-ten-years-of-epic-snowboarding.html"",""https://coolerlifestyle.com/news/events/the-burton-european-open.html"",""https://onboardmag.com/news/european-news/laax-set-to-host-laax-open-2016.html""}",likely
burton-european-open--2002,burton-european-open--2002,2002 Burton European Open,burton-european-open,2002,2002,,contest,"Cooler's 2009 retrospective places the Burton European Open at Livigno, Italy for 2002-2004. Exact dates not sourced. Natasza Zurek won the halfpipe at Livigno in 2003.",unverified,held,,year,Livigno,Livigno,Italy,"{""halfpipe"",""slopestyle""}","{""https://coolerlifestyle.com/news/events/the-burton-european-open.html"",""https://coolerlifestyle.com/news/events/burton-european-open-looks-back-at-ten-years-of-epic-snowboarding.html""}",likely
burton-european-open--2014,burton-european-open--2014,2014 Burton European Open,burton-european-open,2014,2014,,contest,Presented by MINI. Halfpipe semi-finals on the LAAX superpipe 2014-01-16 with finals 2014-01-17; Iouri Podladtchikov and Ursina Haller won the halfpipe. Full event dates not sourced.,unverified,held,,year,Laax,Laax,Switzerland,"{""halfpipe"",""slopestyle""}","{""https://www.worldsnowboardfederation.org/burton-european-open-2014-presented-by-mini/"",""https://www.worldsnowboardfederation.org/ursina-haller-and-iouri-podladtchikov-win-the-6-star-burton-european-open-halfpi/""}",likely
burton-european-open--2015,burton-european-open--2015,2015 Burton European Open,burton-european-open,2015,2015,,contest,"Final Burton European Open. First event of the WST Pro Series. Slopestyle finals 2015-02-01, won by Stale Sandbech and Christy Prior; Iouri Podladtchikov and Kelly Clark won the halfpipe. Full event dates not sourced.",unverified,held,,year,Laax,Laax,Switzerland,"{""halfpipe"",""slopestyle""}","{""https://www.worldsnowboardfederation.org/stale-sandbech-christy-prior-win-slopestyle-finals-burton-european-open/"",""https://whitelines.com/events/burton-european-open""}",likely
burton-new-zealand-open--2005,burton-new-zealand-open--2005,2005 Burton New Zealand Open,burton-new-zealand-open,2005,2005,,contest,Listed in the Scoop press-release archive; exact dates and disciplines not sourced.,unverified,held,,year,Cardrona Alpine Resort,Wanaka,New Zealand,{},"{""https://info.scoop.co.nz/Burton_NZ_Open""}",likely
burton-new-zealand-open--2007,burton-new-zealand-open--2007,5th Burton New Zealand Open (2007),burton-new-zealand-open,2007,2007-08,,contest,"Reported as the fifth annual edition, which puts the first edition in 2003. Competition ran from 2007-08-07; the closing date was not sourced.",unverified,held,,month,Snow Park NZ,Wanaka,New Zealand,{},"{""https://info.scoop.co.nz/Burton_NZ_Open""}",likely
canada-winter-games-snowboarding--2007,canada-winter-games-snowboarding--2007,Snowboarding at the 2007 Canada Winter Games,canada-winter-games-snowboarding,2007,2007,,contest,Games ran 23 February to 10 March 2007; snowboarding shared Mt Sima with alpine and freestyle skiing. First Canada Games held north of 60. Snowboard competition dates and disciplines not sourced.,unverified,held,,year,Mt Sima,Whitehorse,Canada,{},"{""https://en.wikipedia.org/wiki/2007_Canada_Winter_Games""}",likely
canada-winter-games-snowboarding--2015,canada-winter-games-snowboarding--2015,Snowboarding at the 2015 Canada Winter Games,canada-winter-games-snowboarding,2015,2015,,contest,"Games ran 12 February to 1 March 2015 in Prince George, BC, with snowboarding on the sport programme. Snowboard venue, dates and disciplines not sourced.",unverified,held,,year,,Prince George,Canada,{},"{""https://en.wikipedia.org/wiki/2015_Canada_Winter_Games""}",likely
canada-winter-games-snowboarding--2019,canada-winter-games-snowboarding--2019,Snowboarding at the 2019 Canada Winter Games,canada-winter-games-snowboarding,2019,2019,,contest,Games ran 15 February to 3 March 2019. Snowboarding split between Canyon Ski Resort and WinSport's Canada Olympic Park near Calgary. Snowboard competition dates and disciplines not sourced.,unverified,held,,year,Canyon Ski Resort and WinSport Canada Olympic Park,Red Deer,Canada,{},"{""https://en.wikipedia.org/wiki/2019_Canada_Winter_Games""}",likely
canada-winter-games-snowboarding--2023,canada-winter-games-snowboarding--2023,Snowboarding at the 2023 Canada Winter Games,canada-winter-games-snowboarding,2023,2023,,contest,Games ran 18 February to 5 March 2023 in Prince Edward Island. Snowboarding shared the Brookvale venue with biathlon and cross-country skiing. Snowboard competition dates and disciplines not sourced.,unverified,held,,year,Mark Arendz Provincial Ski Park,Brookvale,Canada,{},"{""https://en.wikipedia.org/wiki/2023_Canada_Winter_Games""}",likely
european-world-snowboarding-championships--1987,european-world-snowboarding-championships--1987,1987 European World Snowboarding Championships,european-world-snowboarding-championships,1987,1987-01,1987-01,contest,"Sources say only that 'Europeans host their own World Championships in January at Livigno, Italy and St. Moritz, Switzerland.' It is not clear from any source opened whether this was one championship split across two venues or two separate events. No dates, no format and no podium found.",unverified,held,,month,Livigno / St. Moritz,,multiple,{},"{""https://www.snowboarder.com/news/snowboard-history-timeline-part-21980s"",""https://www.carvers.it/storia-inglese/"",""https://snowboarding8090.com/history/""}",likely
freestyle-ch--2004,freestyle-ch--2004,freestyle.ch 2004,freestyle-ch,2004,2004,,contest,"Admission was made payable from 2005 onward, partly in response to safety and crowd management.",unverified,held,Abandoned after the first day when the big air snow ramp collapsed. No injuries were reported.,year,Landiwiese,Zurich,Switzerland,"{""big-air""}","{""https://de.wikipedia.org/wiki/Freestyle.ch""}",likely
gravity-games-winter--2000,gravity-games-winter--2000,Winter Gravity Games I (2000),gravity-games-winter,2000,2000,,contest,"Only winter edition of the Gravity Games. Held in heavy snowfall. Snowboard superpipe, big air and boarder X plus skier X. No dates found in any source opened.",unverified,held,,year,Mammoth Mountain,"Mammoth Lakes, California",USA,"{""superpipe"",""big-air"",""boardercross""}","{""https://en.wikipedia.org/wiki/Gravity_Games""}",likely
holy-oly-revival--2007,holy-oly-revival--2007,4th Annual Holy Oly Revival,holy-oly-revival,2007,2007-02,2007-02,contest,Announced by Lib Tech on 14 February 2007 as the fourth annual Holy Oly Revival. Exact contest dates not given in the source.,unverified,held,,month,The Summit at Snoqualmie,"Snoqualmie Pass, Washington",USA,"{""quarterpipe"",""jib""}","{""https://www.lib-tech.com/blog/2007/02/14/holy-crap-it%E2%80%99s-the-fourth-annual-holy-oly-revival/""}",likely
holy-oly-revival--2010,holy-oly-revival--2010,7th Annual Holy Oly Revival,holy-oly-revival,2010,2010-02,2010-02,contest,"Covered by Snowboarder on 21 February 2010 as the 7th annual, and by the GNU and Lib Tech blogs on 24 February 2010. Exact contest dates not given in the sources.",unverified,held,,month,The Summit at Snoqualmie,"Snoqualmie Pass, Washington",USA,"{""quarterpipe"",""jib""}","{""https://www.snowboarder.com/news/7th-annual-holy-oly-the-olympic-hangover-cure"",""https://www.gnu.com/blog/2010/02/24/holy-oly-you-can%E2%80%99t-spell-olympics-without-oly/""}",likely
isf-snowboard-world-championships--1993,isf-snowboard-world-championships--1993,1993 ISF World Championships,isf-snowboard-world-championships,1993,1993,,contest,"First ISF World Championships. Snowboarder magazine's 1990s history timeline records Kevin Delaney (USA) and Michele Taggart (USA) as the combined title winners. No dates or event-by-event programme found. Terje Haakonsen is separately credited with ISF halfpipe world titles in 1993, 1995 and 1997, which suggests a biennial odd-year cycle, but no edition list has been located.",unverified,held,,year,Ischgl,Ischgl,Austria,{},"{""https://www.snowboarder.com/news/snowboard-history-timeline-part-31990s""}",likely
isf-world-championships--1993,isf-world-championships--1993,1993 ISF Snowboard World Championships,isf-world-championships,1993,1993-01,1993-01,contest,"First ISF world championships. Snowboarder/TransWorld 1990s timeline gives January 1993 at Ischgl, Austria and says Kevin Delaney and Michele Taggart won the combined titles; carvers.it repeats the same. German Wikipedia lists slalom, combined, halfpipe and giant slalom as the 1993 disciplines. Only the combined winners are recorded; no full podium found.",unverified,held,,month,,Ischgl,Austria,"{""halfpipe"",""giant-slalom"",""slalom"",""other""}","{""https://www.snowboarder.com/news/snowboard-history-timeline-part-31990s"",""https://www.carvers.it/storia-inglese/"",""https://de.wikipedia.org/wiki/Snowboard-Weltmeisterschaft""}",likely
isf-world-snowboarding-championships--1993,isf-world-snowboarding-championships--1993,1993 ISF World Championships,isf-world-snowboarding-championships,1993,1993,,contest,First official ISF Snowboard World Championships. Combined titles were awarded.,unverified,held,,year,Ischgl,"Ischgl, Tirol",Austria,"{""other""}","{""https://www.snowboarder.com/news/snowboard-history-timeline-part-31990s""}",likely
jsba-all-japan-snowboard-championships--2024,jsba-all-japan-snowboard-championships--2024,42nd JSBA All Japan Snowboard Championships,jsba-all-japan-snowboard-championships,2024,2024,,contest,42nd edition; open-division champions listed on the JSBA historical champions page. Dates and venues not researched.,unverified,held,,year,,,Japan,"{""halfpipe"",""big-air"",""slopestyle"",""boardercross"",""dual-slalom"",""giant-slalom""}","{""https://www.jsba.or.jp/ajsc_site/ajsc43/champion.html""}",likely
kaunertal-opening--2015,kaunertal-opening--2015,30th Kaunertal Opening,kaunertal-opening,2015,2015,,contest,"30th anniversary edition, run over three bluebird days on the glacier at 3,000m with the park spread across four locations. Separate pro contest categories for men and women, a Legends Invitational session, the Mega Testival, a Jib'n'Skate Jam and the KTO Music Festival. The mini-ramp returned after a 15-year absence. Sources give no exact competition dates; the World Snowboard Guide page is dated 13 October 2015.",unverified,held,,year,Snowpark Kaunertal,Kaunertal,Austria,"{""jib"",""other""}","{""https://onboardmag.com/news/snowboarding-events/30th-kaunertal-opening-event-recap.html"",""https://www.worldsnowboardguide.com/news/30th-kaunertal-opening-2015.html""}",likely
king-of-the-mountain-ski-cooper--1981,king-of-the-mountain-ski-cooper--1981,1981 King of the Mountain,king-of-the-mountain-ski-cooper,1981,1981-04,1981-04,contest,"Snowboarder/TransWorld timeline: 'Modern competitive snowboarding begins with a small contest held in April at Ski Cooper in Leadville, Colorado.' Wikipedia names the event 'King of the Mountain'. No podium found in any source opened. Some accounts list a slalom and a freestyle event; not confirmed.",unverified,held,,month,Ski Cooper,Leadville,USA,"{""slalom"",""other""}","{""https://www.snowboarder.com/news/snowboard-history-timeline-part-21980s"",""https://en.wikipedia.org/wiki/Snowboarding""}",likely
laax-open--2017,laax-open--2017,LAAX OPEN 2017,laax-open,2017,2017,,contest,Snowboard halfpipe and slopestyle. The event joined the FIS Snowboard World Cup circuit in its second year. Confirmed held from the organiser's Hall of Fame listing; exact dates not sourced.,unverified,held,,year,LAAX,Laax,Switzerland,"{""halfpipe"",""slopestyle""}","{""https://laaxopen.com/en/hall-of-fame/"",""https://www.burton.com/blogs/the-burton-blog/10-years-laax-open/""}",likely
laax-open--2018,laax-open--2018,LAAX OPEN 2018,laax-open,2018,2018,,contest,"The LAAX Open Hall of Fame lists a snowboard halfpipe champion for 2018 but no snowboard slopestyle champion, so slopestyle appears not to have been awarded that year; the reason was not sourced. Confirmed held from the organiser's Hall of Fame listing; exact dates not sourced.",unverified,held,,year,LAAX,Laax,Switzerland,"{""halfpipe""}","{""https://laaxopen.com/en/hall-of-fame/""}",likely
laax-open--2019,laax-open--2019,LAAX OPEN 2019,laax-open,2019,2019,,contest,Snowboard halfpipe and slopestyle. Confirmed held from the organiser's Hall of Fame listing; exact dates not sourced.,unverified,held,,year,LAAX,Laax,Switzerland,"{""halfpipe"",""slopestyle""}","{""https://laaxopen.com/en/hall-of-fame/""}",likely
laax-open--2020,laax-open--2020,LAAX OPEN 2020,laax-open,2020,2020,,contest,Snowboard halfpipe and slopestyle. Confirmed held from the organiser's Hall of Fame listing; exact dates not sourced.,unverified,held,,year,LAAX,Laax,Switzerland,"{""halfpipe"",""slopestyle""}","{""https://laaxopen.com/en/hall-of-fame/""}",likely
laax-open--2021,laax-open--2021,LAAX OPEN 2021,laax-open,2021,2021,,contest,Snowboard halfpipe and slopestyle. Confirmed held from the organiser's Hall of Fame listing; exact dates not sourced.,unverified,held,,year,LAAX,Laax,Switzerland,"{""halfpipe"",""slopestyle""}","{""https://laaxopen.com/en/hall-of-fame/""}",likely
laax-open--2022,laax-open--2022,LAAX OPEN 2022,laax-open,2022,2022,,contest,Snowboard halfpipe and slopestyle. Confirmed held from the organiser's Hall of Fame listing; exact dates not sourced.,unverified,held,,year,LAAX,Laax,Switzerland,"{""halfpipe"",""slopestyle""}","{""https://laaxopen.com/en/hall-of-fame/""}",likely
laax-open--2023,laax-open--2023,LAAX OPEN 2023,laax-open,2023,2023,,contest,Snowboard halfpipe and slopestyle. Freeski slopestyle was added to the programme from 2023. Confirmed held from the organiser's Hall of Fame listing; exact dates not sourced.,unverified,held,,year,LAAX,Laax,Switzerland,"{""halfpipe"",""slopestyle""}","{""https://laaxopen.com/en/hall-of-fame/""}",likely
laax-open--2024,laax-open--2024,LAAX OPEN 2024,laax-open,2024,2024,,contest,Snowboard halfpipe and slopestyle. Freeski slopestyle was added to the programme from 2023. Confirmed held from the organiser's Hall of Fame listing; exact dates not sourced.,unverified,held,,year,LAAX,Laax,Switzerland,"{""halfpipe"",""slopestyle""}","{""https://laaxopen.com/en/hall-of-fame/""}",likely
laax-open--2025,laax-open--2025,LAAX OPEN 2025,laax-open,2025,2025,,contest,Snowboard halfpipe and slopestyle. Freeski slopestyle was added to the programme from 2023. Confirmed held from the organiser's Hall of Fame listing; exact dates not sourced.,unverified,held,,year,LAAX,Laax,Switzerland,"{""halfpipe"",""slopestyle""}","{""https://laaxopen.com/en/hall-of-fame/""}",likely
laax-open--2026,laax-open--2026,LAAX OPEN 2026,laax-open,2026,2026,,contest,Snowboard halfpipe and slopestyle. Freeski slopestyle was added to the programme from 2023. Confirmed held from the organiser's Hall of Fame listing; exact dates not sourced.,unverified,held,,year,LAAX,Laax,Switzerland,"{""halfpipe"",""slopestyle""}","{""https://laaxopen.com/en/hall-of-fame/""}",likely
mt-baker-legendary-banked-slalom--1985,mt-baker-legendary-banked-slalom--1985,1985 Legendary Banked Slalom,mt-baker-legendary-banked-slalom,1985,1985-01,1985-01,contest,"First edition. Sources disagree on the field size (14 riders per Wikipedia, 16 per Unofficial Networks) and on the date: Mount Baker Experience says February 1985, while Unofficial Networks says the race was deliberately scheduled for Super Bowl Sunday. Tom Sims won; Terry Kidwell 2nd, Ken Achenbach 3rd, Craig Kelly 4th per Mount Baker Experience. Course of roughly 500 feet with 15 gates.",verified,held,,month,Mt. Baker Ski Area,"Deming, Washington",USA,"{""banked-slalom""}","{""https://www.mountbakerexperience.com/stories/30-years-of-the-legendary-banked-slalom,339"",""https://unofficialnetworks.com/2024/01/30/legendary-banked-slalom-history/"",""https://en.wikipedia.org/wiki/Mt._Baker_Legendary_Banked_Slalom"",""https://lbs.mtbaker.us/results/honor-roll/"",""https://www.snowboarder.com/news/snowboard-history-timeline-part-21980s"",""https://snowboarding8090.com/mt-baker-lbs/"",""https://localfreshies.com/mt-baker-banked-slalom/""}",verified
mt-baker-legendary-banked-slalom--1986,mt-baker-legendary-banked-slalom--1986,1986 Legendary Banked Slalom,mt-baker-legendary-banked-slalom,1986,1986,,contest,,verified,held,,year,Mt. Baker Ski Area,"Deming, Washington",USA,"{""banked-slalom""}","{""https://lbs.mtbaker.us/results/honor-roll/""}",verified
mt-baker-legendary-banked-slalom--1987,mt-baker-legendary-banked-slalom--1987,1987 Legendary Banked Slalom,mt-baker-legendary-banked-slalom,1987,1987,,contest,,verified,held,,year,Mt. Baker Ski Area,"Deming, Washington",USA,"{""banked-slalom""}","{""https://lbs.mtbaker.us/results/honor-roll/""}",verified
mt-baker-legendary-banked-slalom--1988,mt-baker-legendary-banked-slalom--1988,1988 Legendary Banked Slalom,mt-baker-legendary-banked-slalom,1988,1988,,contest,,verified,held,,year,Mt. Baker Ski Area,"Deming, Washington",USA,"{""banked-slalom""}","{""https://lbs.mtbaker.us/results/honor-roll/""}",verified
mt-baker-legendary-banked-slalom--1989,mt-baker-legendary-banked-slalom--1989,1989 Legendary Banked Slalom,mt-baker-legendary-banked-slalom,1989,1989,,contest,,verified,held,,year,Mt. Baker Ski Area,"Deming, Washington",USA,"{""banked-slalom""}","{""https://lbs.mtbaker.us/results/honor-roll/""}",verified
mt-baker-legendary-banked-slalom--1990,mt-baker-legendary-banked-slalom--1990,1990 Legendary Banked Slalom,mt-baker-legendary-banked-slalom,1990,1990,,contest,,verified,held,,year,Mt. Baker Ski Area,"Deming, Washington",USA,"{""banked-slalom""}","{""https://lbs.mtbaker.us/results/honor-roll/""}",verified
mt-baker-legendary-banked-slalom--1991,mt-baker-legendary-banked-slalom--1991,1991 Legendary Banked Slalom,mt-baker-legendary-banked-slalom,1991,1991,,contest,"Held year inferred: the organiser's Honor Roll covers 1985-2025 and the edition numbering chain (2016 = 30th, 2023 = 35th, 2025 = 36th) requires every year from 1985-2004, 2006-2014 and 2016 to have been run. One automated read of the Honor Roll flagged 1991 as possibly having no entries; not independently confirmed.",unverified,held,,year,Mt. Baker Ski Area,"Deming, Washington",USA,"{""banked-slalom""}","{""https://lbs.mtbaker.us/results/honor-roll/""}",likely
mt-baker-legendary-banked-slalom--1992,mt-baker-legendary-banked-slalom--1992,1992 Legendary Banked Slalom,mt-baker-legendary-banked-slalom,1992,1992,,contest,,verified,held,,year,Mt. Baker Ski Area,"Deming, Washington",USA,"{""banked-slalom""}","{""https://lbs.mtbaker.us/results/honor-roll/""}",verified
mt-baker-legendary-banked-slalom--1993,mt-baker-legendary-banked-slalom--1993,1993 Legendary Banked Slalom,mt-baker-legendary-banked-slalom,1993,1993,,contest,,verified,held,,year,Mt. Baker Ski Area,"Deming, Washington",USA,"{""banked-slalom""}","{""https://lbs.mtbaker.us/results/honor-roll/""}",verified
mt-baker-legendary-banked-slalom--1994,mt-baker-legendary-banked-slalom--1994,1994 Legendary Banked Slalom,mt-baker-legendary-banked-slalom,1994,1994,,contest,,verified,held,,year,Mt. Baker Ski Area,"Deming, Washington",USA,"{""banked-slalom""}","{""https://lbs.mtbaker.us/results/honor-roll/""}",verified
mt-baker-legendary-banked-slalom--1995,mt-baker-legendary-banked-slalom--1995,1995 Legendary Banked Slalom,mt-baker-legendary-banked-slalom,1995,1995,,contest,,verified,held,,year,Mt. Baker Ski Area,"Deming, Washington",USA,"{""banked-slalom""}","{""https://lbs.mtbaker.us/results/honor-roll/""}",verified
mt-baker-legendary-banked-slalom--1996,mt-baker-legendary-banked-slalom--1996,1996 Legendary Banked Slalom,mt-baker-legendary-banked-slalom,1996,1996,,contest,,verified,held,,year,Mt. Baker Ski Area,"Deming, Washington",USA,"{""banked-slalom""}","{""https://lbs.mtbaker.us/results/honor-roll/""}",verified
mt-baker-legendary-banked-slalom--1997,mt-baker-legendary-banked-slalom--1997,1997 Legendary Banked Slalom,mt-baker-legendary-banked-slalom,1997,1997,,contest,,verified,held,,year,Mt. Baker Ski Area,"Deming, Washington",USA,"{""banked-slalom""}","{""https://lbs.mtbaker.us/results/honor-roll/""}",verified
mt-baker-legendary-banked-slalom--1998,mt-baker-legendary-banked-slalom--1998,1998 Legendary Banked Slalom,mt-baker-legendary-banked-slalom,1998,1998,,contest,,verified,held,,year,Mt. Baker Ski Area,"Deming, Washington",USA,"{""banked-slalom""}","{""https://lbs.mtbaker.us/results/honor-roll/""}",verified
mt-baker-legendary-banked-slalom--1999,mt-baker-legendary-banked-slalom--1999,1999 Legendary Banked Slalom,mt-baker-legendary-banked-slalom,1999,1999,,contest,,verified,held,,year,Mt. Baker Ski Area,"Deming, Washington",USA,"{""banked-slalom""}","{""https://lbs.mtbaker.us/results/honor-roll/""}",verified
mt-baker-legendary-banked-slalom--2000,mt-baker-legendary-banked-slalom--2000,2000 Legendary Banked Slalom,mt-baker-legendary-banked-slalom,2000,2000,,contest,,verified,held,,year,Mt. Baker Ski Area,"Deming, Washington",USA,"{""banked-slalom""}","{""https://lbs.mtbaker.us/results/honor-roll/""}",verified
mt-baker-legendary-banked-slalom--2001,mt-baker-legendary-banked-slalom--2001,2001 Legendary Banked Slalom,mt-baker-legendary-banked-slalom,2001,2001,,contest,,verified,held,,year,Mt. Baker Ski Area,"Deming, Washington",USA,"{""banked-slalom""}","{""https://lbs.mtbaker.us/results/honor-roll/""}",verified
mt-baker-legendary-banked-slalom--2002,mt-baker-legendary-banked-slalom--2002,2002 Legendary Banked Slalom,mt-baker-legendary-banked-slalom,2002,2002,,contest,,verified,held,,year,Mt. Baker Ski Area,"Deming, Washington",USA,"{""banked-slalom""}","{""https://lbs.mtbaker.us/results/honor-roll/""}",verified
mt-baker-legendary-banked-slalom--2003,mt-baker-legendary-banked-slalom--2003,2003 Legendary Banked Slalom,mt-baker-legendary-banked-slalom,2003,2003,,contest,,verified,held,,year,Mt. Baker Ski Area,"Deming, Washington",USA,"{""banked-slalom""}","{""https://lbs.mtbaker.us/results/honor-roll/""}",verified
mt-baker-legendary-banked-slalom--2004,mt-baker-legendary-banked-slalom--2004,2004 Legendary Banked Slalom,mt-baker-legendary-banked-slalom,2004,2004,,contest,,verified,held,,year,Mt. Baker Ski Area,"Deming, Washington",USA,"{""banked-slalom""}","{""https://lbs.mtbaker.us/results/honor-roll/""}",verified
mt-baker-legendary-banked-slalom--2005,mt-baker-legendary-banked-slalom--2005,2005 Legendary Banked Slalom,mt-baker-legendary-banked-slalom,2005,2005,,contest,Listed by Cascadia Daily News and Wikipedia among the years the race did not run; the organiser's Honor Roll has no 2005 entries. Local Freshies notes the 2005 cancellation was followed by a season of roughly 800 inches of snowfall.,verified,cancelled,Cancelled for poor snow conditions.,year,Mt. Baker Ski Area,"Deming, Washington",USA,"{""banked-slalom""}","{""http://www.cascadiadaily.com/2024/feb/01/mt-baker-ski-area-cancels-annual-slalom-race/"",""https://en.wikipedia.org/wiki/Mt._Baker_Legendary_Banked_Slalom"",""https://lbs.mtbaker.us/results/honor-roll/"",""https://localfreshies.com/mt-baker-cancelled-2024/""}",verified
mt-baker-legendary-banked-slalom--2007,mt-baker-legendary-banked-slalom--2007,2007 Legendary Banked Slalom,mt-baker-legendary-banked-slalom,2007,2007,,contest,,verified,held,,year,Mt. Baker Ski Area,"Deming, Washington",USA,"{""banked-slalom""}","{""https://lbs.mtbaker.us/results/honor-roll/""}",verified
mt-baker-legendary-banked-slalom--2013,mt-baker-legendary-banked-slalom--2013,2013 Legendary Banked Slalom,mt-baker-legendary-banked-slalom,2013,2013,,contest,"[v0.3 archive: LBS homepage announced February 8-9-10, 2013.] [v0.3 archive: LBS homepage announced February 8-9-10, 2013.]",verified,held,"[v0.3 QA: the dates previously recorded here were unsupported. The cited capture is the October 2012 homepage, which still advertises the 2012 dates, and it in fact resolves to a July 2012 capture. No archived page states the 2013 dates. Nulled rather than guessed.]",year,Mt. Baker Ski Area,"Deming, Washington",USA,"{""banked-slalom""}","{""https://lbs.mtbaker.us/results/honor-roll/"",""https://web.archive.org/web/20121013223123/http://lbs.mtbaker.us/""}",verified
mt-baker-legendary-banked-slalom--2015,mt-baker-legendary-banked-slalom--2015,2015 Legendary Banked Slalom,mt-baker-legendary-banked-slalom,2015,2015,,contest,"Intended as the 30th Legendary Banked Slalom. The 30th ran instead in February 2016. A substitute ""29½ Banked Slalom"" (one Saturday qualifying run, two Sunday finals runs) was announced for 21-22 March 2015 and cancelled on 18 March 2015.",verified,cancelled,"The 30th Legendary Banked Slalom, scheduled for 2015, was postponed to 18-21 February 2016 for lack of snow. The organisers announced a scaled-down two-day substitute, the ""29½ Banked Slalom"", for 21-22 March 2015, and then cancelled that too in a 18 March update.",year,Mt. Baker Ski Area,"Deming, Washington",USA,"{""banked-slalom""}","{""https://www.mountbakerexperience.com/stories/30-years-of-the-legendary-banked-slalom,339"",""http://www.cascadiadaily.com/2024/feb/01/mt-baker-ski-area-cancels-annual-slalom-race/"",""https://en.wikipedia.org/wiki/Mt._Baker_Legendary_Banked_Slalom"",""https://lbs.mtbaker.us/results/honor-roll/"",""https://web.archive.org/web/20150302043807/http://lbs.mtbaker.us/"",""https://web.archive.org/web/20150510124822/http://lbs.mtbaker.us/""}",verified
mt-baker-legendary-banked-slalom--2021,mt-baker-legendary-banked-slalom--2021,2021 Legendary Banked Slalom,mt-baker-legendary-banked-slalom,2021,2021,,contest,"[v0.3 archive: Archive shows the 2021 dates were published (Feb 5-6-7, 2021) before the postponement notice replaced them.]",verified,cancelled,"The 35th Legendary Banked Slalom was scheduled for 5-6-7 February 2021 and then postponed to 2022 because of COVID-19; the organisers' word was ""postponed"", not cancelled.",year,Mt. Baker Ski Area,"Deming, Washington",USA,"{""banked-slalom""}","{""http://www.cascadiadaily.com/2024/feb/01/mt-baker-ski-area-cancels-annual-slalom-race/"",""https://en.wikipedia.org/wiki/Mt._Baker_Legendary_Banked_Slalom"",""https://lbs.mtbaker.us/results/honor-roll/"",""https://web.archive.org/web/20200812142030/http://lbs.mtbaker.us/"",""https://web.archive.org/web/20201026121157/http://lbs.mtbaker.us/""}",verified
mt-baker-legendary-banked-slalom--2022,mt-baker-legendary-banked-slalom--2022,2022 Legendary Banked Slalom,mt-baker-legendary-banked-slalom,2022,2022,,contest,"Cascadia Daily News describes a two-year COVID hiatus, with the race returning in 2023. [v0.3 archive: Archive shows the 2022 dates were published (Feb 11-12-13, 2022) before the ""POSTPONED TO 2023"" notice replaced them.]",verified,cancelled,"The 35th Legendary Banked Slalom was rescheduled to 11-12-13 February 2022 and then postponed again, to 2023.",year,Mt. Baker Ski Area,"Deming, Washington",USA,"{""banked-slalom""}","{""http://www.cascadiadaily.com/2024/feb/01/mt-baker-ski-area-cancels-annual-slalom-race/"",""http://www.cascadiadaily.com/2023/feb/06/35th-legendary-banked-slalom-returns-to-mount-baker/"",""https://lbs.mtbaker.us/results/honor-roll/"",""https://web.archive.org/web/20211127044020/http://lbs.mtbaker.us/"",""https://web.archive.org/web/20220119064711/http://lbs.mtbaker.us/""}",verified
national-collegiate-snowboarding-championships--1989,national-collegiate-snowboarding-championships--1989,1989 National Collegiate Championships,national-collegiate-snowboarding-championships,1989,1989-12,1989-12,contest,"December 1989, so it belongs to the 1989-90 season. Single source; no format or podium found.",unverified,held,,month,Stratton Mountain,Stratton,USA,{},"{""https://www.snowboarder.com/news/snowboard-history-timeline-part-21980s""}",likely
national-snurfing-championships--1974,national-snurfing-championships--1974,1974 National Snurfing Championships,national-snurfing-championships,1974,1974,,contest,,unverified,held,,year,"Blockhouse Hill, Muskegon State Park",Muskegon,USA,"{""other""}","{""https://www.michigansnowboardmuseum.com/michigan-snowboarding-history-timeline.html""}",likely
national-snurfing-championships--1975,national-snurfing-championships--1975,1975 National Snurfing Championships,national-snurfing-championships,1975,1975,,contest,,unverified,cancelled,Cancelled for lack of snow (Michigan Snowboard Museum timeline).,year,"Blockhouse Hill, Muskegon State Park",Muskegon,USA,"{""other""}","{""https://www.michigansnowboardmuseum.com/michigan-snowboarding-history-timeline.html""}",likely
national-snurfing-championships--1976,national-snurfing-championships--1976,1976 National Snurfing Championships,national-snurfing-championships,1976,1976,,contest,Schlitz beer logo added to the competition bibs this year.,unverified,held,,year,"Blockhouse Hill, Muskegon State Park",Muskegon,USA,"{""other""}","{""https://www.michigansnowboardmuseum.com/michigan-snowboarding-history-timeline.html""}",likely
national-snurfing-championships--1977,national-snurfing-championships--1977,1977 National Snurfing Championships,national-snurfing-championships,1977,1977,,contest,,unverified,held,,year,"Blockhouse Hill, Muskegon State Park",Muskegon,USA,"{""other""}","{""https://www.michigansnowboardmuseum.com/michigan-snowboarding-history-timeline.html""}",likely
national-snurfing-championships--1978,national-snurfing-championships--1978,1978 National Snurfing Championships,national-snurfing-championships,1978,1978,,contest,"JEM Corp became an official sponsor and put up $1,000 in cash prizes; first place paid $400. Described by the museum as possibly the first paid snowboard/snurf event.",unverified,held,,year,"Blockhouse Hill, Muskegon State Park",Muskegon,USA,"{""other""}","{""https://www.michigansnowboardmuseum.com/michigan-snowboarding-history-timeline.html""}",likely
national-snurfing-championships--1979,national-snurfing-championships--1979,1979 National Snurfing Championships,national-snurfing-championships,1979,1979,,contest,Michigan Snowboard Museum gives Blockhouse Hill as the venue and calls 1979 the final year there. Wikipedia's snowboarding article places the 1979 National Snurfing Championship at Muskegon State Park; other secondary accounts place a 1979 'World Snurfing Championship' at Pando near Grand Rapids. Jake Burton Carpenter entered with his own bindinged board and a separate open/modified division was created for him.,unverified,held,,year,"Blockhouse Hill, Muskegon State Park",Muskegon,USA,"{""other""}","{""https://www.michigansnowboardmuseum.com/michigan-snowboarding-history-timeline.html"",""https://en.wikipedia.org/wiki/Snowboarding""}",likely
national-snurfing-championships--1980,national-snurfing-championships--1980,1980 National Snurfing Championships,national-snurfing-championships,1980,1980,,contest,Series moved from Blockhouse Hill to Pando. 600-foot run; a slalom event was added alongside the downhill.,unverified,held,,year,Pando Ski Hill,Rockford,USA,"{""downhill"",""slalom""}","{""https://www.michigansnowboardmuseum.com/michigan-snowboarding-history-timeline.html""}",likely
national-snurfing-championships--1981,national-snurfing-championships--1981,1981 National Snurfing Championships,national-snurfing-championships,1981,1981,,contest,Michigan Snowboard Museum names the 1981 winners but does not name the venue.,unverified,held,,year,,,USA,"{""downhill"",""slalom""}","{""https://www.michigansnowboardmuseum.com/michigan-snowboarding-history-timeline.html""}",likely
national-snurfing-championships--1983,national-snurfing-championships--1983,1983 National Snurfing Championships,national-snurfing-championships,1983,1983,,contest,,unverified,cancelled,Cancelled for lack of snow (Michigan Snowboard Museum timeline).,year,,,USA,"{""other""}","{""https://www.michigansnowboardmuseum.com/michigan-snowboarding-history-timeline.html""}",likely
national-snurfing-championships--1984,national-snurfing-championships--1984,1984 National Snurfing Championships,national-snurfing-championships,1984,1984,,contest,Museum timeline says the national snurfing championships ended after this period as snowboard technology outran the Snurfer; no edition is recorded for 1985.,unverified,held,,year,Pando Ski Area,Rockford,USA,"{""other""}","{""https://www.michigansnowboardmuseum.com/michigan-snowboarding-history-timeline.html""}",likely
neil-edgeworth-memorial-banked-slalom--2019,neil-edgeworth-memorial-banked-slalom--2019,22nd Neil Edgeworth Memorial Banked Slalom,neil-edgeworth-memorial-banked-slalom,2019,2019,,contest,BC Snowboard's 2019 results index links a finals results PDF for the 22nd NEBS. Podiums not yet harvested.,verified,held,,year,Big White Ski Resort,Kelowna,Canada,"{""banked-slalom""}","{""https://www.bcsnowboard.com/2019-results/"",""https://www.bcsnowboard.com/wp-content/uploads/Finals-Results.NEBS-2019-2.pdf""}",verified
neil-edgeworth-memorial-banked-slalom--2024,neil-edgeworth-memorial-banked-slalom--2024,25th Neil Edgeworth Memorial Banked Slalom,neil-edgeworth-memorial-banked-slalom,2024,2024,,contest,"25th anniversary edition, organised with BC Snowboard. Dates not given in the source (article posted 1 April 2024).",unverified,held,,year,"TELUS Park, Big White Ski Resort",Kelowna,Canada,"{""banked-slalom""}","{""https://www.bigwhite.com/explore-big-white/blog/telus-park/25-years-nebs""}",likely
nescafe-champs-leysin--2010,nescafe-champs-leysin--2010,Nescafe Open Champs 2010,nescafe-champs-leysin,2010,2010,,contest,"Swatch TTR 4-Star halfpipe. The contest returned to Leysin after three seasons in Valais, with Nescafe back as title sponsor after previously backing it from 1994 to 2006. Return to Leysin after three seasons in Valais, and the return of Nescafé as title sponsor (a partner from 1994 to 2006). Announced as a Swatch TTR 4Star halfpipe competition. Exact dates not stated in the article I opened.",unverified,held,,year,Leysin,Leysin,Switzerland,"{""halfpipe""}","{""https://www.worldsnowboardfederation.org/nescafe-open-champs-in-leysin-2010-the-oldest-european-snowboard-event/""}",likely
nescafe-champs-leysin--2011,nescafe-champs-leysin--2011,20th NESCAFE Champs,nescafe-champs-leysin,2011,2011,,contest,"20th anniversary edition. Swatch TTR 4-Star, USD 50,000 prize purse and 850 TTR world ranking points to the winners. Slopestyle course combined kickers, a halfpipe and a wallride; warm spring-like conditions across the region but the course held up. The World Snowboard Guide report is dated 12 February 2011; exact competition dates were not given. Billed as the 20th anniversary of the Nescafé Champs Leysin and as the oldest snowboard event in Europe. Slopestyle course combining kickers, a halfpipe and a wallride. Winners took USD 50,000 and 850 Swatch TTR world ranking points, which corresponds to a 5Star rating.",unverified,held,,year,Leysin,Leysin,Switzerland,"{""slopestyle""}","{""https://www.worldsnowboardguide.com/news/cilka-sadar---lucien-koch-win-2011-champ-in-leysin.html""}",likely
north-american-snowboarding-championships--1987,north-american-snowboarding-championships--1987,1987 North American Championships,north-american-snowboarding-championships,1987,1987,,contest,"Covered in the debut issue of TransWorld SNOWboarding (fall 1987) as the 'North American Championships in Banff, Canada'. No venue, dates, format or podium given.",unverified,held,,year,,Banff,Canada,{},"{""https://www.snowboarder.com/transworld-snowboarding-archive/three-decades-transworld-snowboarding-part-1-1987-1996""}",likely
norwegian-snowboard-championships--2011,norwegian-snowboard-championships--2011,Norwegian Snowboard Championships 2011,norwegian-snowboard-championships,2011,2011-03,,contest,"Halfpipe at Oslo Vinterpark on 27 March 2011; boardercross, big air and slopestyle at Trysil. Rated 3-Star TTR. Fields spanned ages 12 to 37. Silje Norendal, then 17, took two golds, two silvers and the King's Cup.",unverified,held,,month,Oslo Vinterpark and Trysil,Oslo and Trysil,Norway,"{""halfpipe"",""boardercross"",""big-air"",""slopestyle""}","{""https://www.worldsnowboardfederation.org/the-3star-ttr-norwegian-championships/""}",likely
oneill-evolution--2006,oneill-evolution--2006,O'Neill Evolution 2006,oneill-evolution,2006,2006,,contest,Launch year. Inferred from World Snowboard Guide's statement that the event ran for eight years from its 2006 launch and had no 2014 edition; no per-year source opened for this edition.,unverified,held,,year,Davos,Davos,Switzerland,{},"{""https://www.worldsnowboardguide.com/news/no-o-neill-evolution-in-davos-this-season.html""}",likely
oneill-evolution--2007,oneill-evolution--2007,O'Neill Evolution 2007,oneill-evolution,2007,2007,,contest,Inferred from World Snowboard Guide's 'eight years since its 2006 launch'; no per-year source opened.,unverified,held,,year,Davos,Davos,Switzerland,{},"{""https://www.worldsnowboardguide.com/news/no-o-neill-evolution-in-davos-this-season.html""}",likely
oneill-evolution--2008,oneill-evolution--2008,O'Neill Evolution 2008,oneill-evolution,2008,2008,,contest,Inferred from World Snowboard Guide's 'eight years since its 2006 launch'; no per-year source opened.,unverified,held,,year,Davos,Davos,Switzerland,{},"{""https://www.worldsnowboardguide.com/news/no-o-neill-evolution-in-davos-this-season.html""}",likely
oneill-evolution--2009,oneill-evolution--2009,O'Neill Evolution 2009,oneill-evolution,2009,2009,,contest,Inferred from World Snowboard Guide's 'eight years since its 2006 launch'; no per-year source opened. A worldsnowboarding.org event page for O'Neill Evolution 2009 exists in search indexes but now returns 404.,unverified,held,,year,Davos,Davos,Switzerland,{},"{""https://www.worldsnowboardguide.com/news/no-o-neill-evolution-in-davos-this-season.html""}",likely
oneill-evolution--2012,oneill-evolution--2012,O'Neill Evolution 2012,oneill-evolution,2012,2012,,contest,Referenced by Whitelines alongside the 2013 edition; exact dates not found in a source I opened.,unverified,held,,year,Davos,Davos,Switzerland,{},"{""https://whitelines.com/events/oneill-evolution"",""https://www.worldsnowboardguide.com/news/no-o-neill-evolution-in-davos-this-season.html""}",likely
oneill-evolution--2014,oneill-evolution--2014,O'Neill Evolution 2014,oneill-evolution,2014,2014,,contest,Recorded as a not-held year rather than an edition.,verified,cancelled,No event held. O'Neill marketing director Claudio Curiger said the brand was working on a new strategy and that major events were 'no longer an issue for the time being'. O'Neill kept other Davos commitments such as park sponsorship and its flagship store.,year,Davos,Davos,Switzerland,{},"{""https://www.worldsnowboardguide.com/news/no-o-neill-evolution-in-davos-this-season.html""}",verified
op-pro-snowboarding--1989,op-pro-snowboarding--1989,1989 OP Pro of Snowboarding,op-pro-snowboarding,1989,1989,,contest,"Single-source (Snowboarder/TransWorld 1980s timeline: 'OP Pro of Snowboarding held at June Mountain, California'). No dates, no podium. Disciplines inferred from Craig Kelly's published career timeline, which lists halfpipe and giant slalom results at a 1989 OP Pro - a rider biography, so not used for placings.",unverified,held,,year,June Mountain,June Lake,USA,"{""halfpipe"",""giant-slalom""}","{""https://www.snowboarder.com/news/snowboard-history-timeline-part-21980s""}",likely
op-wintersurf--1991,op-wintersurf--1991,1991 OP Wintersurf,op-wintersurf,1991,1991-02,1991-02,contest,"February 1991. Won by professional surfer Gary Elkerton, which the magazine used to make the point that surfing is harder to pick up than snowboarding. Single source.",unverified,held,,month,Huntington Beach and Bear Mountain,,USA,"{""other""}","{""https://www.snowboarder.com/news/snowboard-history-timeline-part-31990s""}",likely
pacwest-banked-slalom--2022,pacwest-banked-slalom--2022,1st PacWest Banked Slalom,pacwest-banked-slalom,2022,2022,,contest,"Inaugural edition, created and organised by Marcel Dolak with Karter Riach, Olivia Cayley and volunteer diggers. Exact dates not given in the sources found.",unverified,held,,year,"Summit East, The Summit at Snoqualmie","Snoqualmie Pass, Washington",USA,"{""banked-slalom""}","{""https://thesnowboardersjournal.com/blogs/exclusives/pacwest-banked-slalom-2022"",""https://www.summitatsnoqualmie.com/events/pacwest-banked-slalom""}",likely
pacwest-banked-slalom--2024,pacwest-banked-slalom--2024,2024 PacWest Banked Slalom,pacwest-banked-slalom,2024,2024,,contest,290 riders in attendance. Exact dates not given in the source.,unverified,held,,year,"Summit East, The Summit at Snoqualmie","Snoqualmie Pass, Washington",USA,"{""banked-slalom""}","{""https://thesnowboardersjournal.com/blogs/exclusives/pacwest-banked-slalom-2024""}",likely
roxy-chicken-jam--2008,roxy-chicken-jam--2008,Roxy Chicken Jam US 2008,roxy-chicken-jam,2008,2008,,contest,"Wikipedia records a projected purse of over USD 150,000 for the 2008 US event, one of the largest in women's snowboarding at the time. Exact dates not given.",unverified,held,,year,Park City Mountain Resort,Park City,United States,{},"{""https://en.wikipedia.org/wiki/Chicken_Jam""}",likely
shakedown-snowboard-games--2011,shakedown-snowboard-games--2011,2011 Ride Shakedown,shakedown-snowboard-games,2011,2011,,contest,"Series ran stops in Germany, the USA and Canada this year; Canadian dates not given in the source. SnowboardQuebec records Sebastien Toutant winning a third time.",unverified,held,,year,Mont Saint-Sauveur,Saint-Sauveur,Canada,"{""slopestyle"",""big-air"",""jib""}","{""https://en.wikipedia.org/wiki/Shakedown_(Snowboard_Games)"",""https://www.snowboardquebec.com/histoire/""}",likely
snoboard-shop-north-american-championships--1985,snoboard-shop-north-american-championships--1985,1985 Snoboard Shop North American Snowboarding Championships (first edition),snoboard-shop-north-american-championships,1985,1985,,contest,"SnowboardQuebec's history page states Ken Achenbach's Snoboard Shop launched the North American Snowboarding Championships in Alberta in 1985 with a $20,000 purse, calling it the first snowboard event held in Canada, and says the series ended in 1988. Venue for 1985 is unconfirmed: the 1987 edition is sourced to Sunshine Village and later accounts describe an annual May long weekend contest there, but the one source naming a 1985 result places the event 'in Calgary'.",unverified,held,,year,,,Canada,"{""other""}","{""https://www.snowboardquebec.com/histoire/"",""https://snowboarding8090.com/history/"",""https://kootenaymountainculture.com/meet-the-men-who-brought-snowboarding-to-canada/""}",likely
snoboard-shop-north-american-championships--1987,snoboard-shop-north-american-championships--1987,1987 Snoboard Shop North American Championships,snoboard-shop-north-american-championships,1987,1987-05,1987-05,contest,"Held on the May long weekend with a $20,000 purse. A photograph of Dave Achenbach from this event ran on the cover of the first issue of TransWorld Snowboarding. Exact dates and the disciplines run were not sourced.",unverified,held,,month,Sunshine Village,Banff,Canada,"{""other""}","{""https://kootenaymountainculture.com/meet-the-men-who-brought-snowboarding-to-canada/""}",likely
snoboard-shop-north-american-championships--1988,snoboard-shop-north-american-championships--1988,1988 Snoboard Shop North American Snowboarding Championships,snoboard-shop-north-american-championships,1988,1988,,contest,Norquay's own history says hosting the event put the resort on the cover of TransWorld Snowboarding. SnowboardQuebec's history records 1988 as the final year of the series.,unverified,held,Venue changed: Sunshine Village withdrew from hosting mid-season and Mt Norquay took the event on.,year,Mt Norquay,Banff,Canada,"{""other""}","{""https://banffnorquay.com/blog/lift-lines-humans-of-norquay-a-hill-makes-space-for-snowboarding/"",""https://www.snowboardquebec.com/histoire/""}",likely
snowboard-world-cup-pre-fis--1991,snowboard-world-cup-pre-fis--1991,1991 Victoria World Cup Japan,snowboard-world-cup-pre-fis,1991,1991,,contest,"Snowboarder/TransWorld 1990s timeline: the Victoria World Cup Japan at Rusutsu, with over one million dollars spent, was 'the richest contest so far'. No dates, format or podium given. This is a single tour stop, not a full season row.",unverified,held,,year,Rusutsu Resort,Rusutsu,Japan,{},"{""https://www.snowboarder.com/news/snowboard-history-timeline-part-31990s""}",likely
the-arctic-challenge--1999,the-arctic-challenge--1999,The Arctic Challenge 1999 (pilot),the-arctic-challenge,1999,1999,,contest,"Pilot project: Terje Haakonsen, Daniel Franck and Oakley invited 12 riders to Norway to test the concept. Halfpipe in Trysil, surfing and freeriding in Lofoten. Terje later described 2014 as '15 years since we did the pilot event'.",verified,held,,year,Trysil and Lofoten,,Norway,"{""halfpipe"",""freeride"",""other""}","{""https://www.the-house.com/portal/the-history-of-the-oakley-arctic-challenge/"",""https://whitelines.com/archive/news/terje-haakonsen-releases-new-statement-on-the-arctic-challenge.html""}",verified
the-arctic-challenge--2000,the-arctic-challenge--2000,The Arctic Challenge 2000,the-arctic-challenge,2000,2000,,contest,"First full competition: halfpipe, quarterpipe, surf, skate and freeride.",verified,held,,year,Lofoten,,Norway,"{""halfpipe"",""quarterpipe"",""freeride"",""other""}","{""https://www.the-house.com/portal/the-history-of-the-oakley-arctic-challenge/""}",verified
the-arctic-challenge--2001,the-arctic-challenge--2001,The Arctic Challenge 2001,the-arctic-challenge,2001,2001,,contest,"Moved south because of weather: halfpipe at Hemsedal, quarterpipe at Holmenkollen in Oslo. Heikki Sorsa set a 9.3 m quarterpipe air record at this event.",verified,held,,year,Hemsedal and Holmenkollen,,Norway,"{""halfpipe"",""quarterpipe""}","{""https://www.the-house.com/portal/the-history-of-the-oakley-arctic-challenge/"",""https://en.wikipedia.org/wiki/Arctic_Challenge""}",verified
the-arctic-challenge--2002,the-arctic-challenge--2002,The Arctic Challenge 2002,the-arctic-challenge,2002,2002,,contest,,verified,cancelled,Cancelled after the sports marketing firm Sportsworld went bankrupt; Terje Haakonsen personally took on the financial obligations.,year,,,Norway,{},"{""https://www.the-house.com/portal/the-history-of-the-oakley-arctic-challenge/""}",verified
the-arctic-challenge--2003,the-arctic-challenge--2003,The Arctic Challenge 2003,the-arctic-challenge,2003,2003,,contest,,verified,held,,year,Trysil,Trysil,Norway,"{""halfpipe"",""quarterpipe"",""slopestyle""}","{""https://www.the-house.com/portal/the-history-of-the-oakley-arctic-challenge/""}",verified
the-arctic-challenge--2004,the-arctic-challenge--2004,The Arctic Challenge 2004,the-arctic-challenge,2004,2004,,contest,Halfpipe and quarterpipe plus a music and lifestyle programme.,verified,held,,year,,Tromsø,Norway,"{""halfpipe"",""quarterpipe""}","{""https://www.the-house.com/portal/the-history-of-the-oakley-arctic-challenge/""}",verified
the-arctic-challenge--2006,the-arctic-challenge--2006,The Arctic Challenge 2006,the-arctic-challenge,2006,2006,,contest,First edition in Oslo.,verified,held,Major weather delays; scaffolding had to be replaced before the event.,year,,Oslo,Norway,{},"{""https://www.the-house.com/portal/the-history-of-the-oakley-arctic-challenge/""}",verified
the-arctic-challenge--2008,the-arctic-challenge--2008,Oakley Arctic Challenge 2008,the-arctic-challenge,2008,2008,,contest,"About 7,000 spectators in good weather.",verified,held,,year,Holmenkollen,Oslo,Norway,{},"{""https://www.the-house.com/portal/the-history-of-the-oakley-arctic-challenge/""}",verified
the-arctic-challenge--2013,the-arctic-challenge--2013,The Arctic Challenge 2013,the-arctic-challenge,2013,2013,2013-03-09,contest,"Main snowboard event on 9 March 2013, with a halfpipe competition (snowboard and freestyle ski) five days earlier; the volunteer call covered 6-13 March. Start date not stated explicitly.",unverified,held,,year,Tryvann vinterpark,Oslo,Norway,"{""halfpipe""}","{""https://www.worldsnowboardfederation.org/wanted-helping-hands-for-the-arctic-challenge/""}",likely
toyota-big-air--1997,toyota-big-air--1997,1st Toyota Big Air,toyota-big-air,1997,1997,,contest,Inaugural edition. Editions were normally held around 11 February.,verified,held,,year,Makomanai Open Stadium,Sapporo,Japan,"{""big-air""}","{""https://ja.wikipedia.org/wiki/TOYOTA_BIG_AIR"",""https://en.wikipedia.org/wiki/Toyota_Big_Air""}",verified
toyota-big-air--1998,toyota-big-air--1998,2nd Toyota Big Air,toyota-big-air,1998,1998,,contest,,verified,held,,year,Makomanai Open Stadium,Sapporo,Japan,"{""big-air""}","{""https://ja.wikipedia.org/wiki/TOYOTA_BIG_AIR""}",verified
toyota-big-air--1999,toyota-big-air--1999,3rd Toyota Big Air,toyota-big-air,1999,1999,,contest,,verified,held,,year,Makomanai Open Stadium,Sapporo,Japan,"{""big-air""}","{""https://ja.wikipedia.org/wiki/TOYOTA_BIG_AIR""}",verified
toyota-big-air--2000,toyota-big-air--2000,4th Toyota Big Air,toyota-big-air,2000,2000,,contest,,verified,held,,year,Makomanai Open Stadium,Sapporo,Japan,"{""big-air""}","{""https://ja.wikipedia.org/wiki/TOYOTA_BIG_AIR""}",verified
toyota-big-air--2001,toyota-big-air--2001,5th Toyota Big Air,toyota-big-air,2001,2001,,contest,,verified,held,,year,Makomanai Open Stadium,Sapporo,Japan,"{""big-air""}","{""https://ja.wikipedia.org/wiki/TOYOTA_BIG_AIR""}",verified
toyota-big-air--2002,toyota-big-air--2002,6th Toyota Big Air,toyota-big-air,2002,2002,,contest,Olympic year; the Japanese Wikipedia notes that in Olympic years the date shifted to late January or late February.,verified,held,,year,Makomanai Open Stadium,Sapporo,Japan,"{""big-air""}","{""https://ja.wikipedia.org/wiki/TOYOTA_BIG_AIR""}",verified
toyota-big-air--2003,toyota-big-air--2003,7th Toyota Big Air,toyota-big-air,2003,2003,,contest,,verified,held,,year,Makomanai Open Stadium,Sapporo,Japan,"{""big-air""}","{""https://ja.wikipedia.org/wiki/TOYOTA_BIG_AIR""}",verified
toyota-big-air--2004,toyota-big-air--2004,8th Toyota Big Air,toyota-big-air,2004,2004,,contest,,verified,held,,year,Makomanai Open Stadium,Sapporo,Japan,"{""big-air""}","{""https://ja.wikipedia.org/wiki/TOYOTA_BIG_AIR""}",verified
toyota-big-air--2005,toyota-big-air--2005,9th Toyota Big Air,toyota-big-air,2005,2005,,contest,,verified,held,,year,Makomanai Open Stadium,Sapporo,Japan,"{""big-air""}","{""https://ja.wikipedia.org/wiki/TOYOTA_BIG_AIR""}",verified
toyota-big-air--2006,toyota-big-air--2006,10th Toyota Big Air,toyota-big-air,2006,2006,,contest,Olympic year.,verified,held,,year,Makomanai Open Stadium,Sapporo,Japan,"{""big-air""}","{""https://ja.wikipedia.org/wiki/TOYOTA_BIG_AIR""}",verified
toyota-big-air--2007,toyota-big-air--2007,11th Toyota Big Air,toyota-big-air,2007,2007,,contest,The Makomanai open-air stadium carried the Sekisui Heim naming rights from 2007.,verified,held,,year,Makomanai Sekisui Heim Stadium,Sapporo,Japan,"{""big-air""}","{""https://ja.wikipedia.org/wiki/TOYOTA_BIG_AIR""}",verified
toyota-big-air--2008,toyota-big-air--2008,12th Toyota Big Air,toyota-big-air,2008,2008,,contest,,verified,held,,year,Makomanai Sekisui Heim Stadium,Sapporo,Japan,"{""big-air""}","{""https://ja.wikipedia.org/wiki/TOYOTA_BIG_AIR""}",verified
toyota-big-air--2009,toyota-big-air--2009,13th Toyota Big Air,toyota-big-air,2009,2009,,contest,,verified,held,,year,Makomanai Sekisui Heim Stadium,Sapporo,Japan,"{""big-air""}","{""https://ja.wikipedia.org/wiki/TOYOTA_BIG_AIR""}",verified
toyota-big-air--2010,toyota-big-air--2010,14th Toyota Big Air,toyota-big-air,2010,2010,,contest,Olympic year.,verified,held,,year,Makomanai Sekisui Heim Stadium,Sapporo,Japan,"{""big-air""}","{""https://ja.wikipedia.org/wiki/TOYOTA_BIG_AIR""}",verified
toyota-big-air--2011,toyota-big-air--2011,15th Toyota Big Air,toyota-big-air,2011,2011,,contest,Last edition held outdoors at Makomanai.,verified,held,,year,Makomanai Sekisui Heim Stadium,Sapporo,Japan,"{""big-air""}","{""https://ja.wikipedia.org/wiki/TOYOTA_BIG_AIR""}",verified
toyota-big-air--2012,toyota-big-air--2012,16th Toyota Big Air,toyota-big-air,2012,2012,,contest,"Moved indoors to the Sapporo Dome as a 'full model change', with a 36 m temporary in-run scaffold.",verified,held,,year,Sapporo Dome,Sapporo,Japan,"{""big-air""}","{""https://ja.wikipedia.org/wiki/TOYOTA_BIG_AIR"",""https://en.wikipedia.org/wiki/Toyota_Big_Air""}",verified
toyota-big-air--2013,toyota-big-air--2013,17th Toyota Big Air,toyota-big-air,2013,2013,,contest,,verified,held,,year,Sapporo Dome,Sapporo,Japan,"{""big-air""}","{""https://ja.wikipedia.org/wiki/TOYOTA_BIG_AIR""}",verified
ttr-world-snowboard-tour--2003,ttr-world-snowboard-tour--2003,2002/03 TTR Pro Snowboarding Series season,ttr-world-snowboard-tour,2003,2003,,contest,"First TTR season: nine events worldwide with the Arctic Challenge as the final stop, each event awarding one TTR Medallion and an Arctic Challenge invite. No women's tour until 2005/06. Events: Nissan X-Trail Jam, Nokia Air & Style, O'Neill SB Jam, Burton European Open, Champs Open, Vans Triple Crown of Snowboarding, The Battle, Quiksilver Slopestyle Pro, US Open.",verified,held,,year,,,multiple,{},"{""https://web.archive.org/web/20220302222719/https://worldsnowboardtour.com/history/""}",verified
ttr-world-snowboard-tour--2004,ttr-world-snowboard-tour--2004,2003/04 TTR Pro Snowboarding Series season,ttr-world-snowboard-tour,2004,2004,,contest,"Same nine events as the previous season; the nine TTR medallion winners were invited to the Arctic Challenge, again the tour final.",verified,held,,year,,,multiple,{},"{""https://web.archive.org/web/20220302222719/https://worldsnowboardtour.com/history/""}",verified
ttr-world-snowboard-tour--2005,ttr-world-snowboard-tour--2005,2004/05 TTR World Snowboard Tour season,ttr-world-snowboard-tour,2005,2005,,contest,"Season edition rows use the calendar year the season ended. The Arctic Challenge's own 2005 site published the 2004/2005 TTR Tour standings, with Andy Finch as overall champion, which confirms the season ran.",unverified,held,,year,,,multiple,"{""halfpipe"",""slopestyle"",""big-air"",""quarterpipe""}","{""https://www.the-arctic-challenge.com/""}",likely
ttr-world-snowboard-tour--2006,ttr-world-snowboard-tour--2006,2005/06 TTR World Snowboard Tour season,ttr-world-snowboard-tour,2006,2006,,contest,"Introduction of the 1-6Star tier system, the TTR ranking system, the first TTR website (ttrworldtour.com) and the official Women's Tour. 67 events in total. The TTR World Ranking list launched 5 December 2005 and the first-ever TTR World Tour Champions were crowned at the US Open.",verified,held,,year,,,multiple,{},"{""https://web.archive.org/web/20220302222719/https://worldsnowboardtour.com/history/""}",verified
ttr-world-snowboard-tour--2007,ttr-world-snowboard-tour--2007,2006/07 TTR World Snowboard Tour season,ttr-world-snowboard-tour,2007,2007,,contest,"First season with a dedicated women's tour, announced 24 October 2006. WSF described a provisional women's calendar of over 20 events offering more than 30 possible results, kicking off with the Burton Abominable Snow Jam at Mt Hood in July 2006 and ending at the Roxy Chicken Jam Finals in Park City, 22-25 March 2007. The Billabong Pro Junior in Australia and the Burton Australian Open were cancelled for poor snow.",verified,held,,year,,,multiple,"{""halfpipe"",""slopestyle"",""big-air"",""quarterpipe""}","{""https://www.worldsnowboardfederation.org/ttr-women-tour-announced/""}",verified
ttr-world-snowboard-tour--2008,ttr-world-snowboard-tour--2008,2007/08 Swatch TTR World Snowboard Tour season,ttr-world-snowboard-tour,2008,2008,,contest,"Introduction of a $250,000 end-of-season prize purse. 176 results registered across four formats from events in 27 nations; 3,417 riders (2,706 men, 711 women) from 41 nations ranked.",verified,held,,year,,,multiple,{},"{""https://web.archive.org/web/20220302222719/https://worldsnowboardtour.com/history/""}",verified
ttr-world-snowboard-tour--2009,ttr-world-snowboard-tour--2009,2008/09 Swatch TTR World Snowboard Tour season,ttr-world-snowboard-tour,2009,2009,,contest,"First of Peetu Piiroinen's three consecutive men's overall titles, per Guinness World Records.",verified,held,,year,,,multiple,"{""halfpipe"",""slopestyle"",""big-air"",""quarterpipe""}","{""https://www.guinnessworldrecords.com/world-records/102159-most-men%E2%80%99s-ttr-world-snowboard-tour-titles""}",verified
ttr-world-snowboard-tour--2010,ttr-world-snowboard-tour--2010,2009/10 Swatch TTR World Snowboard Tour season,ttr-world-snowboard-tour,2010,2010,,contest,Second of Peetu Piiroinen's three consecutive men's overall titles; WSF reported he secured the Swatch TTR world title by winning the Oakley Arctic Challenge in March 2010.,verified,held,,year,,,multiple,"{""halfpipe"",""slopestyle"",""big-air"",""quarterpipe""}","{""https://www.guinnessworldrecords.com/world-records/102159-most-men%E2%80%99s-ttr-world-snowboard-tour-titles"",""https://www.worldsnowboardfederation.org/ttr-winner-of-oakley-arctic-challenge-petuu-piiroinen-secures-swatch-ttr-world/""}",verified
ttr-world-snowboard-tour--2011,ttr-world-snowboard-tour--2011,2010/11 Swatch TTR World Snowboard Tour season,ttr-world-snowboard-tour,2011,2011,,contest,"Third of Peetu Piiroinen's three consecutive men's overall titles, per Guinness World Records.",verified,held,,year,,,multiple,"{""halfpipe"",""slopestyle"",""big-air"",""quarterpipe""}","{""https://www.guinnessworldrecords.com/world-records/102159-most-men%E2%80%99s-ttr-world-snowboard-tour-titles""}",verified
ttr-world-snowboard-tour--2012,ttr-world-snowboard-tour--2012,2011/12 World Snowboard Tour season,ttr-world-snowboard-tour,2012,2012,,contest,"TTR's 10th anniversary season. Highlight was the inaugural World Snowboarding Championships at Oslo Vinterpark in February 2012, developed and owned by TTR and the World Snowboard Federation and run as a 6Star tour event - the first world championships organised by snowboarders since 1999. The Burton European Open was postponed to March, making WCS qualification difficult.",verified,held,,year,,,multiple,{},"{""https://web.archive.org/web/20220302222719/https://worldsnowboardtour.com/history/""}",verified
ttr-world-snowboard-tour--2013,ttr-world-snowboard-tour--2013,2012/13 World Snowboard Tour season,ttr-world-snowboard-tour,2013,2013,,contest,"First season under the new name. TTR announced on 2-4 July 2012 that the TTR World Tour would be called the World Snowboard Tour from the 2012/13 season; TTR president Reto Lamm said the tour then covered around 350 events across five continents. Headline events named in the announcement were Air & Style Beijing and Innsbruck, Burton European and US Open, O'Neill Evolution Davos and The Arctic Challenge Oslo.",verified,held,,year,,,multiple,"{""halfpipe"",""slopestyle"",""big-air"",""quarterpipe""}","{""https://www.worldsnowboardfederation.org/news/ttr-world-tour-becomes-world-snowboard-tour/"",""https://whitelines.com/archive/news/ttr-rebrands-to-world-snowboard-tour.html""}",verified
ttr-world-snowboard-tour--2014,ttr-world-snowboard-tour--2014,2013/14 World Snowboard Tour season,ttr-world-snowboard-tour,2014,2014,,contest,"Season in which the six star tiers were replaced by four event categories: Regional, National, International and Elite.",unverified,held,,year,,,multiple,"{""halfpipe"",""slopestyle"",""big-air""}","{""https://de.wikipedia.org/wiki/TTR_World_Snowboard_Tour""}",likely
ttr-world-snowboard-tour--2015,ttr-world-snowboard-tour--2015,2014/15 World Snowboard Tour season,ttr-world-snowboard-tour,2015,2015,,contest,"First season under the new tour concept agreed at the May 2014 General Assembly in Barcelona: six star tiers replaced by four categories (Regional, National, International, Elite), with the Elite events forming the WST Pro Series. Titles were awarded in slopestyle and halfpipe only, at the Burton US Open on 8 March 2015.",verified,held,,year,,,multiple,{},"{""https://web.archive.org/web/20220302222719/https://worldsnowboardtour.com/history/""}",verified
ttr-world-snowboard-tour--2017,ttr-world-snowboard-tour--2017,2016/17 World Snowboard Tour season,ttr-world-snowboard-tour,2017,2017,,contest,TTR Pro Snowboarding restricted access to the World Snowboard Points List in January 2017 to force the snowboard industry to fund it. The merger with the WSF was announced 25 May 2017; from the 2017/18 season the merged organisation offered direct membership and the World Snowboard Tour brand ceased to exist.,verified,held,Final season before the tour brand was retired.,year,,,multiple,"{""halfpipe"",""slopestyle"",""big-air""}","{""https://www.sgieurope.com/world-snowboarding-will-replace-the-world-snowboard-tour/60795.article"",""https://www.worldsnowboardfederation.org/ttr-pro-snowboarding-and-world-snowboard-federation-create-one-joint-organisation/""}",verified
us-open-snowboarding--1983,us-open-snowboarding--1983,1983 National Snowboarding Championships,us-open-snowboarding,1983,1983,,contest,"No lift access; competitors hiked the hill. Andy Coghlan won men's slalom and downhill. Several sources describe this, not 1982, as the first edition of what became the US Open, and Burton's own later edition numbering (2002 = 20th, 2009 = 27th, 2012 = 30th, 2020 = 38th) counts from 1983.",unverified,held,,year,Snow Valley,Winhall,USA,"{""slalom"",""downhill""}","{""https://events.burton.com/burton-us-open/history/"",""https://www.aspentimes.com/sports/from-vermont-to-vail-a-look-back-at-the-36-year-history-of-the-burton-u-s-open-returning-march-5-10/"",""https://thesnowpros.org/2024/09/from-the-archives-great-moments-in-snowboarding-history-part-2/"",""https://www.firsttracksonline.com/2002/03/03/the-u-s-open-snowboarding-championships-back-to-where-it-all-began/"",""https://www.snowboarder.com/news/snowboard-history-timeline-part-21980s""}",likely
us-open-snowboarding--1984,us-open-snowboarding--1984,1984 National Snowboarding Championships,us-open-snowboarding,1984,1984,,contest,Final year at Snow Valley. Andy Coghlan repeated in slalom and downhill.,unverified,held,,year,Snow Valley,Winhall,USA,"{""slalom"",""downhill""}","{""https://events.burton.com/burton-us-open/history/"",""https://www.aspentimes.com/sports/from-vermont-to-vail-a-look-back-at-the-36-year-history-of-the-burton-u-s-open-returning-march-5-10/""}",likely
us-open-snowboarding--1985,us-open-snowboarding--1985,1985 US Open Snowboarding Championships,us-open-snowboarding,1985,1985,,contest,First year at Stratton Mountain and the year the event was formally called the US Open Snowboarding Championships. Riders began wearing speed suits. Tom Sims won men's slalom; Andy Coghlan defended the downhill.,verified,held,,year,Stratton Mountain,Stratton,USA,"{""slalom"",""downhill""}","{""https://events.burton.com/burton-us-open/history/"",""https://www.aspentimes.com/sports/from-vermont-to-vail-a-look-back-at-the-36-year-history-of-the-burton-u-s-open-returning-march-5-10/"",""https://www.burton.com/en-us/blogs/the-burton-blog/13-firsts-us-open-snowboarding-championships"",""https://www.skihall.com/hall-of-famers/tom-sims/""}",verified
us-open-snowboarding--1986,us-open-snowboarding--1986,1986 US Open Snowboarding Championships,us-open-snowboarding,1986,1986,,contest,Over 200 competitors in the pre-qualifiers. Andy Coghlan won slalom and downhill again.,unverified,held,,year,Stratton Mountain,Stratton,USA,"{""slalom"",""downhill""}","{""https://events.burton.com/burton-us-open/history/"",""https://www.aspentimes.com/sports/from-vermont-to-vail-a-look-back-at-the-36-year-history-of-the-burton-u-s-open-returning-march-5-10/""}",likely
us-open-snowboarding--1987,us-open-snowboarding--1987,1987 US Open Snowboarding Championships,us-open-snowboarding,1987,1987,,contest,Craig Kelly won the men's slalom.,unverified,held,,year,Stratton Mountain,Stratton,USA,"{""slalom""}","{""https://events.burton.com/burton-us-open/history/"",""https://www.aspentimes.com/sports/from-vermont-to-vail-a-look-back-at-the-36-year-history-of-the-burton-u-s-open-returning-march-5-10/""}",likely
us-open-snowboarding--1988,us-open-snowboarding--1988,1988 US Open Snowboarding Championships,us-open-snowboarding,1988,1988,,contest,Halfpipe debuted at the US Open and was immediately treated as the benchmark for competition pipes. Craig Kelly took the overall title. An ice storm preceded the event.,verified,held,,year,Stratton Mountain,Stratton,USA,"{""halfpipe"",""slalom""}","{""https://events.burton.com/burton-us-open/history/"",""https://www.aspentimes.com/sports/from-vermont-to-vail-a-look-back-at-the-36-year-history-of-the-burton-u-s-open-returning-march-5-10/"",""https://www.burton.com/en-us/blogs/the-burton-blog/13-firsts-us-open-snowboarding-championships""}",verified
us-open-snowboarding--1989,us-open-snowboarding--1989,1989 US Open Snowboarding Championships,us-open-snowboarding,1989,1989,,contest,Last year the downhill was run. Craig Kelly won the Overall title. [QA-corrected: the cited sources say halfpipe DEBUTED at the 1989 US Open and that Kelly took the Overall title; the earlier claim of a second consecutive halfpipe title was unsupported. The downhill discipline was uncited and has been removed.],unverified,held,,year,Stratton Mountain,Stratton,USA,"{""halfpipe""}","{""https://events.burton.com/burton-us-open/history/"",""https://www.aspentimes.com/sports/from-vermont-to-vail-a-look-back-at-the-36-year-history-of-the-burton-u-s-open-returning-march-5-10/""}",likely
us-open-snowboarding--1990,us-open-snowboarding--1990,1990 US Open Snowboarding Championships,us-open-snowboarding,1990,1990,,contest,"Terje Haakonsen's US Open halfpipe debut. Craig Kelly won, against a field including Shaun Palmer and Jeff Brushie.",unverified,held,,year,Stratton Mountain,Stratton,USA,"{""halfpipe""}","{""https://events.burton.com/burton-us-open/history/"",""https://www.aspentimes.com/sports/from-vermont-to-vail-a-look-back-at-the-36-year-history-of-the-burton-u-s-open-returning-march-5-10/""}",likely
us-open-snowboarding--1991,us-open-snowboarding--1991,1991 US Open Snowboarding Championships,us-open-snowboarding,1991,1991,,contest,Crowd and competitor numbers roughly doubled. Inverts ridden in competition for the first time. Janna Meyen won the women's halfpipe over Tina Basich.,unverified,held,,year,Stratton Mountain,Stratton,USA,"{""halfpipe""}","{""https://events.burton.com/burton-us-open/history/"",""https://www.aspentimes.com/sports/from-vermont-to-vail-a-look-back-at-the-36-year-history-of-the-burton-u-s-open-returning-march-5-10/""}",likely
us-open-snowboarding--1992,us-open-snowboarding--1992,1992 US Open Snowboarding Championships,us-open-snowboarding,1992,1992,,contest,Terje Haakonsen won the men's halfpipe; Tricia Byrnes won the women's.,unverified,held,,year,Stratton Mountain,Stratton,USA,"{""halfpipe""}","{""https://events.burton.com/burton-us-open/history/"",""https://www.aspentimes.com/sports/from-vermont-to-vail-a-look-back-at-the-36-year-history-of-the-burton-u-s-open-returning-march-5-10/""}",likely
us-open-snowboarding--1993,us-open-snowboarding--1993,1993 US Open Snowboarding Championships,us-open-snowboarding,1993,1993,,contest,Fresh snow and clear skies. Terje Haakonsen took a second consecutive halfpipe title on his new Burton pro model.,unverified,held,,year,Stratton Mountain,Stratton,USA,"{""halfpipe""}","{""https://events.burton.com/burton-us-open/history/"",""https://www.aspentimes.com/sports/from-vermont-to-vail-a-look-back-at-the-36-year-history-of-the-burton-u-s-open-returning-march-5-10/""}",likely
us-open-snowboarding--1994,us-open-snowboarding--1994,1994 US Open Snowboarding Championships,us-open-snowboarding,1994,1994,,contest,Shannon Dunn and Todd Richards won the halfpipes. Terje Haakonsen sat out with an ankle injury.,unverified,held,,year,Stratton Mountain,Stratton,USA,"{""halfpipe""}","{""https://events.burton.com/burton-us-open/history/"",""https://www.aspentimes.com/sports/from-vermont-to-vail-a-look-back-at-the-36-year-history-of-the-burton-u-s-open-returning-march-5-10/""}",likely
us-open-snowboarding--1995,us-open-snowboarding--1995,1995 US Open Snowboarding Championships,us-open-snowboarding,1995,1995,,contest,"Big air debuted at the US Open. Terje Haakonsen won a third halfpipe title. Victoria Jealouse won the women's super-G, recorded here as discipline 'other' because super-G is not in the Linestry discipline vocabulary.",unverified,held,,year,Stratton Mountain,Stratton,USA,"{""halfpipe"",""big-air"",""other""}","{""https://events.burton.com/burton-us-open/history/"",""https://www.aspentimes.com/sports/from-vermont-to-vail-a-look-back-at-the-36-year-history-of-the-burton-u-s-open-returning-march-5-10/""}",likely
us-open-snowboarding--1996,us-open-snowboarding--1996,1996 US Open Snowboarding Championships,us-open-snowboarding,1996,1996,,contest,Held in the season snowboarding's inclusion in the 1998 Nagano Olympics was announced. Peter Line and Cara-Beth Burnside won big air; Jimi Scott and Satu Jarvela won halfpipe.,unverified,held,,year,Stratton Mountain,Stratton,USA,"{""halfpipe"",""big-air""}","{""https://events.burton.com/burton-us-open/history/"",""https://www.aspentimes.com/sports/from-vermont-to-vail-a-look-back-at-the-36-year-history-of-the-burton-u-s-open-returning-march-5-10/""}",likely
us-open-snowboarding--1997,us-open-snowboarding--1997,1997 US Open Snowboarding Championships,us-open-snowboarding,1997,1997,,contest,"Reported crowd of over 10,000 for the halfpipe. Todd Richards edged Terje Haakonsen; Barrett Christy won the women's pipe.",unverified,held,,year,Stratton Mountain,Stratton,USA,"{""halfpipe"",""big-air""}","{""https://events.burton.com/burton-us-open/history/"",""https://www.aspentimes.com/sports/from-vermont-to-vail-a-look-back-at-the-36-year-history-of-the-burton-u-s-open-returning-march-5-10/""}",likely
us-open-snowboarding--1998,us-open-snowboarding--1998,1998 US Open Snowboarding Championships,us-open-snowboarding,1998,1998,,contest,"Remembered as 'the Year of the Mist' for heavy fog. Boardercross debuted. Rob Kingwill won the men's halfpipe; Nicola Thost, the 1998 Olympic champion, won the women's. Mike Michalchuk's back-to-back 1620s are cited by Burton as an early double-cork-era moment.",unverified,held,,year,Stratton Mountain,Stratton,USA,"{""halfpipe"",""big-air"",""boardercross""}","{""https://events.burton.com/burton-us-open/history/"",""https://www.aspentimes.com/sports/from-vermont-to-vail-a-look-back-at-the-36-year-history-of-the-burton-u-s-open-returning-march-5-10/"",""https://www.burton.com/en-us/blogs/the-burton-blog/13-firsts-us-open-snowboarding-championships""}",likely
us-open-snowboarding--1999,us-open-snowboarding--1999,1999 US Open Snowboarding Championships,us-open-snowboarding,1999,1999,,contest,Ross Powers won the men's halfpipe with McTwists and 900s; Nicola Thost won the women's for a second consecutive year.,unverified,held,,year,Stratton Mountain,Stratton,USA,"{""halfpipe""}","{""https://events.burton.com/burton-us-open/history/"",""https://www.aspentimes.com/sports/from-vermont-to-vail-a-look-back-at-the-36-year-history-of-the-burton-u-s-open-returning-march-5-10/""}",likely
us-open-snowboarding--2000,us-open-snowboarding--2000,2000 US Open Snowboarding Championships,us-open-snowboarding,2000,2000,,contest,"First superpipe at the US Open, reported as roughly 300 feet long with 15-foot walls. Guillaume Morisset and Natasza Zurek won for Canada. Recorded as halfpipe; the pipe event was run as a superpipe from this year.",unverified,held,,year,Stratton Mountain,Stratton,USA,"{""halfpipe""}","{""https://events.burton.com/burton-us-open/history/"",""https://www.aspentimes.com/sports/from-vermont-to-vail-a-look-back-at-the-36-year-history-of-the-burton-u-s-open-returning-march-5-10/""}",likely
us-open-snowboarding--2001,us-open-snowboarding--2001,2001 US Open Snowboarding Championships,us-open-snowboarding,2001,2001,,contest,"Danny Kass won the men's halfpipe, narrowly over Vermont's Abe Teter. Natasza Zurek took a second consecutive women's title.",unverified,held,,year,Stratton Mountain,Stratton,USA,"{""halfpipe""}","{""https://events.burton.com/burton-us-open/history/"",""https://www.aspentimes.com/sports/from-vermont-to-vail-a-look-back-at-the-36-year-history-of-the-burton-u-s-open-returning-march-5-10/""}",likely
us-open-snowboarding--2008,us-open-snowboarding--2008,2008 US Open Snowboarding Championships,us-open-snowboarding,2008,2008-03,2008-03-22,contest,"Total prize purse reported at USD 471,500. Rated 6Star on the Swatch TTR World Snowboard Tour. Slopestyle finals ran 2008-03-21 (Shaun White and Kjersti Buaas) with halfpipe finals the following day; the event's start date was not sourced. Cheryl Maas and Tim Humphreys won big air.",unverified,held,,month,Stratton Mountain,Stratton,USA,"{""halfpipe"",""slopestyle"",""big-air""}","{""https://events.burton.com/burton-us-open/history/"",""https://www.aspentimes.com/sports/from-vermont-to-vail-a-look-back-at-the-36-year-history-of-the-burton-u-s-open-returning-march-5-10/"",""https://www.worldsnowboardfederation.org/burton-us-open-report/""}",likely
usasa-national-championships--1990,usasa-national-championships--1990,1990 USASA National Championships,usasa-national-championships,1990,1990-02,1990-02,contest,"Snowboarder/TransWorld 1990s timeline: February 1990 at Snow Valley, California; a severe snowstorm stranded competitors and USASA president Chuck Allen led the rescue. No podium found. City given as Running Springs, California (Snow Valley's town) - not confirmed in the sources opened. Not to be confused with Snow Valley, Vermont, which hosted the 1983 and 1984 National Snowboarding Championships.",unverified,held,,month,Snow Valley,Running Springs,USA,{},"{""https://www.snowboarder.com/news/snowboard-history-timeline-part-31990s""}",likely
waengl-taengl--2013,waengl-taengl--2013,Waengl Taengl 2013 (not held),waengl-taengl,2013,2013,,contest,The crew said they would instead focus on youth development and new event formats.,verified,cancelled,"The Aesthetiker announced a break from producing the event in 2013. Club president Steve Gruber: 'we felt we needed time to look at how we could step it up again to guarantee the next edition of the Waengl is kick arse, not an anti-climax.'",year,,"Mayrhofen, Zillertal",Austria,{},"{""https://www.worldsnowboardfederation.org/news/the-asthetikers-announce-a-break-from-the-wangl-tangl-in-2013/""}",verified
westbeach-classic--1989,westbeach-classic--1989,1989 WestBeach Classic (first edition),westbeach-classic,1989,1989,,contest,First edition. Sources disagree on venue and format: Whistler Blackcomb's own 60th anniversary timeline says the WestBeach Classic launched at Blackcomb in 1989 and that Ross Rebagliati won the halfpipe and landed the cover of TransWorld Snowboarding; photographer Dano Pendygrasse recalls the first event as a big air at Cypress Mountain. Venue left null pending a contemporaneous source.,unverified,held,,year,,,Canada,"{""halfpipe"",""big-air""}","{""https://www.whistlerblackcomb.com/explore-the-resort/discover/whistler-blackcomb-60-anniversary.aspx"",""https://parrot-point-8fe3.squarespace.com/stories/pipe-dreams"",""https://www.piquenewsmagazine.com/local-sports/westbeach-classic-not-on-2459602""}",likely
westbeach-classic--1997,westbeach-classic--1997,1997 WestBeach Invitational Big Air,westbeach-classic,1997,1997,,contest,"Run inside the 1997 World Ski & Snowboard Festival (4-13 April 1997). Over 8,000 spectators at the base of Whistler Mountain. Exact contest date not sourced.",verified,held,,year,Whistler Mountain (base area),Whistler,Canada,"{""big-air""}","{""https://whistlermuseum.org/2024/04/09/wssf-the-beginning/""}",verified
westbeach-classic--2000,westbeach-classic--2000,2000 WestBeach Classic,westbeach-classic,2000,2000,,contest,Final edition. Moved out of the World Ski & Snowboard Festival to the May long weekend. Reported in 2001 by Pique Newsmagazine as the last running.,unverified,held,,year,Whistler Blackcomb,Whistler,Canada,"{""big-air""}","{""https://www.piquenewsmagazine.com/local-sports/westbeach-classic-not-on-2459602""}",likely
westbeach-classic--2001,westbeach-classic--2001,2001 WestBeach Classic,westbeach-classic,2001,2001,,contest,The Masters Group organised both the WestBeach Classic and the World Snowboarding Championship.,verified,cancelled,Not held. WestBeach Sports redirected its funding to sponsor the World Snowboarding Championship instead; company president Steve Dewar told Pique the brand opportunity was 'too good to pass up'.,year,,Whistler,Canada,{},"{""https://www.piquenewsmagazine.com/local-sports/westbeach-classic-not-on-2459602""}",verified
winter-dew-tour--2010-c,winter-dew-tour--2010-c,"2009-10 Winter Dew Tour, Toyota Championship: Northstar-at-Tahoe",winter-dew-tour,2010,2010,,contest,"Listed as the season finale of the 2009-10 Winter Dew Tour. No dates found; year assigned to 2010 on the assumption the finale followed the February Mount Snow stop, which is NOT sourced. See open_questions.",unverified,held,,year,Northstar-at-Tahoe Resort,"Truckee, California",USA,"{""superpipe"",""slopestyle""}","{""https://en.wikipedia.org/wiki/2009%E2%80%932010_Winter_Dew_Tour""}",likely
winter-games-nz--2020,winter-games-nz--2020,2020 Winter Games NZ,winter-games-nz,2020,2020,,contest,Run in the new Obsidian format for New Zealand athletes only.,unverified,held,,year,,"Queenstown, Wanaka",New Zealand,"{""halfpipe"",""slopestyle"",""big-air""}","{""https://en.wikipedia.org/wiki/New_Zealand_Winter_Games""}",likely
winter-games-nz--2021,winter-games-nz--2021,2021 Winter Games NZ (cancelled),winter-games-nz,2021,2021,,contest,,unverified,cancelled,Cancelled because of the COVID-19 pandemic.,year,,,New Zealand,{},"{""https://en.wikipedia.org/wiki/New_Zealand_Winter_Games""}",likely
winter-games-nz--2022,winter-games-nz--2022,2022 Winter Games NZ,winter-games-nz,2022,2022,,contest,International athletes returned; 4 sports.,unverified,held,,year,,"Queenstown, Wanaka",New Zealand,"{""halfpipe"",""slopestyle"",""big-air""}","{""https://en.wikipedia.org/wiki/New_Zealand_Winter_Games""}",likely
winter-games-nz--2024,winter-games-nz--2024,2024 Winter Games NZ,winter-games-nz,2024,2024,,contest,Final edition. FIS World Cup events resumed; 4 sports. The Games were wound up on 23 January 2025.,unverified,held,,year,,"Queenstown, Wanaka",New Zealand,"{""halfpipe"",""slopestyle"",""big-air""}","{""https://en.wikipedia.org/wiki/New_Zealand_Winter_Games"",""https://planetski.eu/2025/01/23/winter-games-nz-ends/""}",likely
winter-x-games--1998,winter-x-games--1998,Winter X Games II (1998),winter-x-games,1998,1998-01,,contest,"Aspen Daily News gives January 1998; no exact dates found. Freeskiing, snowmobile SnoCross and skiboarding added to the overall programme. Discipline list is from a Snowboard Magazine results retrospective that tracked only halfpipe, slopestyle and big air; whether snowboarder X ran is unconfirmed.",unverified,held,,month,Crested Butte Mountain Resort,"Crested Butte, Colorado",USA,"{""halfpipe"",""slopestyle"",""big-air""}","{""https://en.wikipedia.org/wiki/X_Games"",""https://www.aspendailynews.com/winter-x-games-a-brief-history/article_3459d151-30c8-5345-a0a9-2837bdfe8211.html"",""https://snowboardmag.com/stories/winter-x-games-14-years-results""}",likely
winter-x-games--1999,winter-x-games--1999,Winter X Games III (1999),winter-x-games,1999,1999-01,,contest,Aspen Daily News gives January 1999; no exact dates found. Same caveat on the discipline list as 1998.,unverified,held,,month,Crested Butte Mountain Resort,"Crested Butte, Colorado",USA,"{""halfpipe"",""slopestyle"",""big-air""}","{""https://en.wikipedia.org/wiki/X_Games"",""https://www.aspendailynews.com/winter-x-games-a-brief-history/article_3459d151-30c8-5345-a0a9-2837bdfe8211.html"",""https://snowboardmag.com/stories/winter-x-games-14-years-results""}",likely
winter-x-games--2001,winter-x-games--2001,Winter X Games V (2001),winter-x-games,2001,2001,,contest,No exact dates found in any source opened. Moto X Big Air debuted at this edition.,unverified,held,,year,Mount Snow,"West Dover, Vermont",USA,"{""superpipe"",""slopestyle"",""big-air""}","{""https://en.wikipedia.org/wiki/X_Games"",""https://www.aspendailynews.com/winter-x-games-a-brief-history/article_3459d151-30c8-5345-a0a9-2837bdfe8211.html"",""https://snowboardmag.com/stories/winter-x-games-14-years-results""}",likely
winter-x-games--2002,winter-x-games--2002,Winter X Games VI (2002),winter-x-games,2002,2002,,contest,"First Aspen edition; Buttermilk has hosted every year since. DATE CONFLICT, left null: the Wikipedia X Games article gives February 1-5, 2002 while the Aspen Daily News history gives January 17-20, 2002. Snowboard Magazine's retrospective suggests big air was not run for snowboard between 2002 and 2006, but this is unconfirmed, so disciplines are left null.",unverified,held,,year,Buttermilk Mountain,"Aspen, Colorado",USA,{},"{""https://en.wikipedia.org/wiki/X_Games"",""https://www.aspendailynews.com/winter-x-games-a-brief-history/article_3459d151-30c8-5345-a0a9-2837bdfe8211.html"",""https://snowboardmag.com/stories/history-winter-x-games-part-1""}",likely
winter-x-games--2020,winter-x-games--2020,Winter X Games XXIV (2020),winter-x-games,2020,2020,,contest,"DATE CONFLICT, left null: the Wikipedia X Games summary table gives January 23-26, 2020, the Winter X Games XXIV article gives 22-26 January 2020. Programme included a men's Rail Jam, a men's Knuckle Huck (recorded as 'other') and a Special Olympics Unified Snowboarding event.",unverified,held,,year,Buttermilk Mountain,"Aspen, Colorado",USA,"{""big-air"",""slopestyle"",""superpipe"",""rail-jam"",""other""}","{""https://en.wikipedia.org/wiki/X_Games"",""https://en.wikipedia.org/wiki/Winter_X_Games_XXIV""}",likely
world-rookie-finals--2008,world-rookie-finals--2008,"Volkl World Rookie Fest 2008, Ischgl",world-rookie-finals,2008,2008,,contest,Over 50 international competitors. Earliest Ischgl edition found in the WSF archive.,unverified,held,,year,Ischgl,"Ischgl, Tirol",Austria,"{""slopestyle"",""halfpipe""}","{""https://www.worldsnowboardfederation.org/?s=Ischgl""}",likely
world-rookie-finals--2011,world-rookie-finals--2011,"Protest World Rookie Final 2011, Ischgl",world-rookie-finals,2011,2011,,contest,,unverified,held,,year,Ischgl,"Ischgl, Tirol",Austria,"{""slopestyle"",""halfpipe""}","{""https://www.worldsnowboardfederation.org/?s=Ischgl""}",likely
world-rookie-finals--2014,world-rookie-finals--2014,"Volkl World Rookie Finals 2014, Ischgl",world-rookie-finals,2014,2014,,contest,,unverified,held,,year,Ischgl,"Ischgl, Tirol",Austria,"{""slopestyle"",""halfpipe""}","{""https://www.worldsnowboardfederation.org/?s=Ischgl""}",likely
world-rookie-finals--2015,world-rookie-finals--2015,Völkl World Rookie Finals 2015,world-rookie-finals,2015,2015-04,,contest,3Star TTR event where the World Rookie Champion titles were awarded. Exact dates not given in the source.,unverified,held,,month,Ischgl,Ischgl,Austria,"{""slopestyle""}","{""https://www.worldrookietour.com/the-tour/"",""https://www.worldsnowboardfederation.org/?s=Ischgl""}",likely
world-rookie-finals--2024,world-rookie-finals--2024,World Rookie Snowboard Finals 2024,world-rookie-finals,2024,2024,,contest,Confirmed only by a WSF news item dated 27 March 2024; venue and dates not established in this pass.,unverified,held,,year,,,,{},"{""https://www.worldsnowboardfederation.org/snowboardings-future-stars-at-the-2024-world-rookie-snowboard-finals/""}",likely
world-rookie-finals--2025,world-rookie-finals--2025,World Rookie Snowboard Finals 2025,world-rookie-finals,2025,2025,,contest,Reported by WSF on 8 April 2025. Exact dates not established in this pass.,unverified,held,,year,Kitzsteinhorn,Kaprun,Austria,{},"{""https://www.worldsnowboardfederation.org/world-rookie-snowboard-finals-2025-2/""}",likely
world-rookie-tour--2015,world-rookie-tour--2015,2014/15 World Rookie Tour season,world-rookie-tour,2015,2014-08,2015-04,contest,"Eleven-stop season: South America Rookie Fest, Valle Nevado, Chile (Aug 2014); Australian Rookie Fest, Thredbo (Aug 2014); Iceripper Rookie Fest, Laax (Jan 2015); WSF World Rookie Fest, Livigno (Jan 2015); Bulgarian Rookie Fest, Pamporovo (Jan-Feb 2015); Transilvania Rookie Fest, Arena Platos, Romania (Feb 2015); Hellas Rookie Fest, Greece (Feb 2015); Trentino Rookie Fest, Monte Bondone (Feb-Mar 2015); Oslo Rookie Fest, Oslo Vinterpark (Feb-Mar 2015); Indy Park Rookie Fest, Nekoma, Japan (Mar 2015); and the 3Star Völkl World Rookie Finals, Ischgl (Apr 2015). Rookies were riders born 1997-1999, Groms 2000 and later. Events counted towards the TTR World Snowboard Tour.",verified,held,,month,,,multiple,"{""slopestyle"",""halfpipe""}","{""https://www.worldrookietour.com/the-tour/""}",verified
world-ski-snowboard-festival--1996,world-ski-snowboard-festival--1996,1996 World Ski & Snowboard Festival (inaugural),world-ski-snowboard-festival,1996,1996-04,1996-04,contest,"Inaugural festival, directed by Doug Perry. Ten days, 22 competitions, about 1,500 athletes. Consolidated existing spring events including the WestBeach Classic, the Whistler Cup and the Couloir Ski Race Extreme, and added a snowboard museum exhibit and around a dozen bands. First joint marketing initiative between the two rival mountains and the Whistler Resort Association.",verified,held,,month,"Whistler Village, Whistler Mountain and Blackcomb Mountain",Whistler,Canada,"{""big-air"",""halfpipe"",""other""}","{""https://whistlermuseum.org/2024/04/09/wssf-the-beginning/"",""http://www.watermarkinc.ca/twssfmedia/timecapsule/backgrounder.html"",""https://en.wikipedia.org/wiki/World_Ski_and_Snowboard_Festival""}",verified
world-ski-snowboard-festival--2020,world-ski-snowboard-festival--2020,2020 World Ski & Snowboard Festival,world-ski-snowboard-festival,2020,2020,,contest,,unverified,cancelled,Cancelled due to COVID-19.,year,Whistler Blackcomb,Whistler,Canada,{},"{""https://en.wikipedia.org/wiki/World_Ski_and_Snowboard_Festival""}",likely
world-ski-snowboard-festival--2021,world-ski-snowboard-festival--2021,2021 World Ski & Snowboard Festival,world-ski-snowboard-festival,2021,2021,,contest,,unverified,cancelled,Cancelled due to COVID-19.,year,Whistler Blackcomb,Whistler,Canada,{},"{""https://en.wikipedia.org/wiki/World_Ski_and_Snowboard_Festival""}",likely
world-ski-snowboard-festival--2022,world-ski-snowboard-festival--2022,2022 World Ski & Snowboard Festival,world-ski-snowboard-festival,2022,2022,,contest,Returned after two cancelled years in a scaled-down weekend format under Gibbons Whistler ownership. Exact dates not sourced.,unverified,held,,year,Whistler Blackcomb and Whistler Village,Whistler,Canada,{},"{""https://en.wikipedia.org/wiki/World_Ski_and_Snowboard_Festival""}",likely
world-ski-snowboard-festival--2025,world-ski-snowboard-festival--2025,2025 World Ski & Snowboard Festival,world-ski-snowboard-festival,2025,2025,,contest,Whistler Blackcomb's own 60th anniversary timeline calls 2025 the festival's 30th anniversary; wssf.com calls 2026 the 30-year anniversary. Dates not sourced.,unverified,held,,year,Whistler Blackcomb and Whistler Village,Whistler,Canada,{},"{""https://www.whistlerblackcomb.com/explore-the-resort/discover/whistler-blackcomb-60-anniversary.aspx""}",likely
world-snowboarding-championships-sims--1983,world-snowboarding-championships-sims--1983,1983 World Snowboarding Championships,world-snowboarding-championships-sims,1983,1983,,contest,"The first snowboard halfpipe contest. Organised by Tom Sims with Mike Chantry; the pipe was pushed up with a snowcat and then dug out by hand. Riders on Jake Burton's East Coast team objected to counting halfpipe in the overall standings and reportedly threatened a boycott. No exact date found in any source opened; Sims' USPTO service-mark registration claims first use in commerce on 15 February 1983, which is the closest thing to a contemporaneous date. CONFLICT: a 2014 Snowboard Magazine piece on the Sims Retro World Championships refers to 'the 1982 2nd World Snowboard Championships in Soda Springs', implying a 1981 or 1982 first edition; every other source opened calls 1983 the inaugural year.",unverified,held,,year,Soda Springs Ski Bowl,Soda Springs,USA,"{""halfpipe"",""slalom"",""downhill""}","{""https://www.snowboarder.com/transworld-snowboarding-archive/a-complete-history-of-the-snowboard-halfpipe"",""https://tahoequarterly.com/ski-ride-2016/rebels-with-a-cause"",""https://www.sierrasun.com/news/super-pipe-dreams-halfpipe-has-come-long-way-since-a-ditch-in-tahoe-city-in-the-70s/"",""https://www.sierrasun.com/sports/soda-springs-goes-retro-for-tom-sims/"",""https://trademarks.justia.com/736/70/world-snowboarding-championships-73670866.html"",""https://www.snowboarder.com/news/snowboard-history-timeline-part-21980s""}",likely
world-snowboarding-championships-sims--1984,world-snowboarding-championships-sims--1984,1984 World Snowboarding Championships,world-snowboarding-championships-sims,1984,1984,,contest,"Tahoe Quarterly states Terry Kidwell won the halfpipe at Soda Springs in 1984 and 1985; the Sierra Sun halfpipe history says Kidwell 'won the following two years' after Eddie Hargraves' 1983 win. No date, no full podium and no other disciplines confirmed.",unverified,held,,year,Soda Springs Ski Bowl,Soda Springs,USA,"{""halfpipe""}","{""https://tahoequarterly.com/ski-ride-2016/rebels-with-a-cause"",""https://www.sierrasun.com/news/super-pipe-dreams-halfpipe-has-come-long-way-since-a-ditch-in-tahoe-city-in-the-70s/""}",likely
world-snowboarding-championships-sims--1985,world-snowboarding-championships-sims--1985,1985 World Snowboarding Championships,world-snowboarding-championships-sims,1985,1985,,contest,"Second of Terry Kidwell's two Soda Springs halfpipe wins per Tahoe Quarterly. Note that Breckenridge's own history page claims Breckenridge 'hosts the first snowboard World Cup' in 1985 - a different event from this championship, and itself disputed (see open questions).",unverified,held,,year,Soda Springs Ski Bowl,Soda Springs,USA,"{""halfpipe""}","{""https://tahoequarterly.com/ski-ride-2016/rebels-with-a-cause"",""https://www.sierrasun.com/news/super-pipe-dreams-halfpipe-has-come-long-way-since-a-ditch-in-tahoe-city-in-the-70s/""}",likely
world-snowboarding-championships-sims--1986,world-snowboarding-championships-sims--1986,1986 World Snowboarding Championships,world-snowboarding-championships-sims,1986,1986-03,1986-03,contest,"First Breckenridge edition, March 1986, on a hand-dug halfpipe on Peak 9. Breckenridge had lifted its snowboarding ban in 1984, the first major Colorado resort to do so. Paul Alden persuaded Breckenridge management to accept the halfpipe as a legitimate competitive format; Swatch was a major sponsor and the event drew national media. Greg Stump filmed it for 'Maltese Flamingo' (1986). Terry Kidwell is reported to have won the halfpipe again in 1986 after the championships moved to Colorado (Tahoe Quarterly) - treated here as unconfirmed, no result row written. No full podium found in any source opened. Sources give only the month, not the days.",unverified,held,,month,Breckenridge Ski Resort,Breckenridge,USA,"{""halfpipe""}","{""https://snowbrains.com/breckenridge-resort-co-marks-40-years-of-snowboarding-history-with-new-worlds-competition/"",""https://snowbrains.com/snowboarding-pioneer-paul-alden-dies-aged-89/"",""https://www.tetonvalleynews.net/townnews/sport/a-founding-figure-of-organized-competitive-snowboarding-has-passed/article_db455d7f-ed68-46f1-a971-050e55e36410.amp.html"",""https://www.snowboarder.com/news/snowboard-history-timeline-part-21980s"",""https://tahoequarterly.com/ski-ride-2016/rebels-with-a-cause""}",likely
world-snowboarding-championships-sims--1987,world-snowboarding-championships-sims--1987,1987 World Snowboarding Championships,world-snowboarding-championships-sims,1987,1987,,contest,"DATE CONFLICT. The Snowboarder/TransWorld 1980s timeline and Paul Alden's obituaries put the second Breckenridge Worlds in March 1987 - specifically, NASBA was formed on 8 March 1987, 'the day after' the championships ended, which implies the event finished 7 March 1987. TransWorld's halfpipe history instead dates the 1987 Breckenridge World Championships to 2-5 April 1987 and calls its pipe (about 200 feet long with near-vertical six-foot walls) the best in snowboarding to that point. Dates left null. Jose Fernandes is reported to have won the giant slalom on an asymmetrical board (snowboarding8090.com) - not corroborated, no result row written. Craig Kelly's published timeline lists 'Swatch World Championships' results for 1987 and 1988, which is the strongest indication that the Breckenridge Worlds carried Swatch's name.",unverified,held,,year,Breckenridge Ski Resort,Breckenridge,USA,"{""halfpipe"",""giant-slalom"",""slalom""}","{""https://www.snowboarder.com/news/snowboard-history-timeline-part-21980s"",""https://snowbrains.com/snowboarding-pioneer-paul-alden-dies-aged-89/"",""https://www.tetonvalleynews.net/townnews/sport/a-founding-figure-of-organized-competitive-snowboarding-has-passed/article_db455d7f-ed68-46f1-a971-050e55e36410.amp.html"",""https://www.snowboarder.com/transworld-snowboarding-archive/a-complete-history-of-the-snowboard-halfpipe"",""https://snowboarding8090.com/history/"",""https://www.snowboarder.com/transworld-snowboarding-archive/three-decades-transworld-snowboarding-part-1-1987-1996""}",likely
x-trail-jam--2001-a,x-trail-jam--2001-a,"X-Trail Jam, January 2001",x-trail-jam,2001,2001-01,,contest,"Launch edition. Wikipedia's results table lists two 2001 events, January and December, so the contest ran twice in the calendar year as it shifted to a December slot.",verified,held,,month,Tokyo Dome,Tokyo,Japan,"{""quarterpipe"",""big-air""}","{""https://en.wikipedia.org/wiki/X-Trail_Jam""}",verified
x-trail-jam--2001-b,x-trail-jam--2001-b,"X-Trail Jam, December 2001",x-trail-jam,2001,2001-12,,contest,Second event of the 2001 calendar year; belongs to the 2001/02 season.,verified,held,,month,Tokyo Dome,Tokyo,Japan,"{""quarterpipe"",""big-air""}","{""https://en.wikipedia.org/wiki/X-Trail_Jam""}",verified
x-trail-jam--2002,x-trail-jam--2002,X-Trail Jam 2002,x-trail-jam,2002,2002,,contest,,unverified,held,,year,Tokyo Dome,Tokyo,Japan,"{""quarterpipe"",""big-air""}","{""https://en.wikipedia.org/wiki/X-Trail_Jam""}",likely
x-trail-jam--2003,x-trail-jam--2003,X-Trail Jam 2003,x-trail-jam,2003,2003,,contest,,unverified,held,,year,Tokyo Dome,Tokyo,Japan,"{""quarterpipe"",""big-air""}","{""https://en.wikipedia.org/wiki/X-Trail_Jam""}",likely
x-trail-jam--2005,x-trail-jam--2005,X-Trail Jam 2005,x-trail-jam,2005,2005,,contest,,unverified,held,,year,Tokyo Dome,Tokyo,Japan,"{""quarterpipe"",""big-air""}","{""https://en.wikipedia.org/wiki/X-Trail_Jam""}",likely
x-trail-jam--2006,x-trail-jam--2006,Nissan X-Trail Jam 2006,x-trail-jam,2006,2006,,contest,,unverified,held,,year,Tokyo Dome,Tokyo,Japan,"{""quarterpipe"",""big-air""}","{""https://en.wikipedia.org/wiki/X-Trail_Jam""}",likely
x-trail-jam--2007,x-trail-jam--2007,Nissan X-Trail Jam 2007,x-trail-jam,2007,2007,,contest,,unverified,held,,year,Tokyo Dome,Tokyo,Japan,"{""quarterpipe"",""big-air""}","{""https://en.wikipedia.org/wiki/X-Trail_Jam""}",likely
x-trail-jam--2008,x-trail-jam--2008,Nissan X-Trail Jam 2008,x-trail-jam,2008,2008,,contest,Last year in the Wikipedia results table. Later editions are referenced by Method Mag and WSF but were not confirmed year by year in this pass.,unverified,held,,year,Tokyo Dome,Tokyo,Japan,"{""quarterpipe"",""big-air""}","{""https://en.wikipedia.org/wiki/X-Trail_Jam"",""https://backside.jp/news-1101/""}",likely
