edition_id,series_id,year,edition_label,start_date,end_date,venue,city,country,disciplines,status,status_note,notes,sources,confidence,source_file
a-robs-smash-life-banked-slalom--2026,a-robs-smash-life-banked-slalom,2026,2026 A-Rob's Smash Life Banked Slalom,2026-03-21,2026-03-21,Lost Trail Powder Mountain,"Sula, Montana",USA,banked-slalom,held,,"Dates from a third-party events roundup, not from the organiser.",https://localfreshies.com/banked-slalom-event-showcase/,likely,us-grassroots
air-and-style--1994-a,air-and-style,1994,1st Red Bull Air & Style,1994-01-17,1994-01-17,Bergisel Stadium,Innsbruck,Austria,big-air,held,,"Inaugural edition, a single straight jump with a USD 10,000 purse. Organisers expected about 100 spectators and over a thousand came. Some sources (World Snowboard Federation, Collective) date the event's founding to 1993; the contest itself is dated 17 January 1994 by Wikipedia and Austria-Forum.",https://en.wikipedia.org/wiki/Air_%26_Style | https://whitelines.com/events/air-style-innsbruck | https://austria-forum.org/af/AustriaWiki/Air_&_Style,verified,world-tours
air-and-style--1994-b,air-and-style,1994,2nd Red Bull Air & Style,1994-12-19,1994-12-19,Bergisel Stadium,Innsbruck,Austria,big-air,held,,"Second edition held in the same calendar year as the first, after the contest moved to a December date; belongs to the 1994/95 season.",https://en.wikipedia.org/wiki/Air_%26_Style,verified,world-tours
air-and-style--1995,air-and-style,1995,3rd Red Bull Air & Style,1995-12-09,1995-12-09,Bergisel Stadium,Innsbruck,Austria,big-air,held,,,https://en.wikipedia.org/wiki/Air_%26_Style,verified,world-tours
air-and-style--1996,air-and-style,1996,4th Quiksilver Air & Style,1996-12-07,1996-12-07,Bergisel Stadium,Innsbruck,Austria,big-air,held,,,https://en.wikipedia.org/wiki/Air_%26_Style,verified,world-tours
air-and-style--1997,air-and-style,1997,5th Quiksilver Air & Style,1997-12-06,1997-12-06,Bergisel Stadium,Innsbruck,Austria,big-air,held,,,https://en.wikipedia.org/wiki/Air_%26_Style,verified,world-tours
air-and-style--1998,air-and-style,1998,6th G-Shock Air & Style,1998-12-05,1998-12-05,Bergisel Stadium,Innsbruck,Austria,big-air,held,,,https://en.wikipedia.org/wiki/Air_%26_Style,verified,world-tours
air-and-style--1999,air-and-style,1999,7th G-Shock Air & Style,1999-12-04,1999-12-04,Bergisel Stadium,Innsbruck,Austria,big-air,held,,"Over 45,000 spectators. A crowd crush as the venue emptied after the show killed five people; a sixth, one of five badly injured teenagers, died four years later of the consequences. A court found that Tyrol and the city of Innsbruck should have cancelled the event because the venue was unsafe. Innsbruck refused permission for further events and the contest moved to Seefeld.",https://en.wikipedia.org/wiki/Air_%26_Style | https://austria-forum.org/af/AustriaWiki/Air_&_Style,verified,world-tours
air-and-style--2000,air-and-style,2000,8th G-Shock Air & Style,2000-12-09,2000-12-09,Seefeld,Seefeld in Tirol,Austria,big-air,held,,"First edition after the move from Innsbruck to Seefeld, under a five-year contract.",https://en.wikipedia.org/wiki/Air_%26_Style | https://austria-forum.org/af/AustriaWiki/Air_&_Style,verified,world-tours
air-and-style--2001,air-and-style,2001,9th Nokia Air & Style,2001-12-15,2001-12-15,Seefeld,Seefeld in Tirol,Austria,big-air,held,,A separate Air & Style skateboard contest was held at the Seefeld Olympic stadium on the same date.,https://en.wikipedia.org/wiki/Air_%26_Style,verified,world-tours
air-and-style--2002,air-and-style,2002,10th Nokia Air & Style,2002-12-14,2002-12-14,Seefeld,Seefeld in Tirol,Austria,big-air,held,,,https://en.wikipedia.org/wiki/Air_%26_Style,verified,world-tours
air-and-style--2003,air-and-style,2003,11th Nokia Air & Style,2003-12-11,2003-12-12,Seefeld,Seefeld in Tirol,Austria,big-air,held,,,https://en.wikipedia.org/wiki/Air_%26_Style,verified,world-tours
air-and-style--2004,air-and-style,2004,12th Nokia Air & Style,2004-12-11,2004-12-12,Seefeld,Seefeld in Tirol,Austria,big-air,held,,Last Seefeld edition before the move to Munich.,https://en.wikipedia.org/wiki/Air_%26_Style,verified,world-tours
air-and-style--2005,air-and-style,2005,13th Nokia Air & Style,2005-12-03,2005-12-03,Olympiastadion,Munich,Germany,big-air,held,,First Munich edition.,https://en.wikipedia.org/wiki/Air_%26_Style | https://austria-forum.org/af/AustriaWiki/Air_&_Style,verified,world-tours
air-and-style--2006,air-and-style,2006,14th Nokia Air & Style,2006-12-06,2006-12-06,Olympiastadion,Munich,Germany,big-air,held,,Whitelines credits Travis Rice with the first double backflip backside 180 at Air & Style in 2006.,https://en.wikipedia.org/wiki/Air_%26_Style | https://whitelines.com/events/air-style-innsbruck,verified,world-tours
air-and-style--2007,air-and-style,2007,15th Nokia Air & Style,2007-12-01,2007-12-01,Olympiastadion,Munich,Germany,big-air,held,,,https://en.wikipedia.org/wiki/Air_%26_Style,verified,world-tours
air-and-style--2008-a,air-and-style,2008,"1st Billabong Air & Style quarterpipe, Innsbruck",2008-02-02,2008-02-02,Bergisel Stadium,Innsbruck,Austria,quarterpipe,held,,"Air & Style returned to the Bergisel with a quarterpipe format, numbered separately from the big air series.",https://en.wikipedia.org/wiki/Air_%26_Style | https://austria-forum.org/af/AustriaWiki/Air_&_Style,verified,world-tours
air-and-style--2008-b,air-and-style,2008,"16th Air & Style, Munich",2008-11-29,2008-11-29,Olympiastadion,Munich,Germany,big-air,cancelled,Cancelled due to a last-minute sponsorship pullout.,,https://en.wikipedia.org/wiki/Air_%26_Style,verified,world-tours
air-and-style--2009-a,air-and-style,2009,"2nd Billabong Air & Style quarterpipe, Innsbruck",2009-01-31,2009-01-31,Bergisel Stadium,Innsbruck,Austria,quarterpipe,held,,Second and last of the standalone quarterpipe editions.,https://en.wikipedia.org/wiki/Air_%26_Style,verified,world-tours
air-and-style--2009-b,air-and-style,2009,"17th Billabong Air & Style, Innsbruck",2009-12-05,2009-12-05,Bergisel Stadium,Innsbruck,Austria,big-air,held,,Whitelines records Marko Grilc winning with a double cork.,https://en.wikipedia.org/wiki/Air_%26_Style | https://whitelines.com/events/air-style-innsbruck,verified,world-tours
air-and-style--2010,air-and-style,2010,"18th Air & Style, Beijing",2010-12-04,2010-12-04,,Beijing,China,big-air,held,,"First Beijing edition, branded 'Oakley & Shaun White Present Air & Style'; the start of the China expansion and of Shaun White's involvement with the event.",https://en.wikipedia.org/wiki/Air_%26_Style | https://collectivemag.de/air-style-vom-bergisel-stadion-in-die-ganze-welt-pid16548/,verified,world-tours
air-and-style--2011-a,air-and-style,2011,"19th Billabong Air & Style, Innsbruck",2011-02-05,2011-02-05,Bergisel Stadium,Innsbruck,Austria,big-air,held,,,https://en.wikipedia.org/wiki/Air_%26_Style,verified,world-tours
air-and-style--2011-b,air-and-style,2011,"20th Nike 6.0 Air & Style, Munich",2011-02-12,2011-02-12,Olympiastadion,Munich,Germany,big-air,held,,Last Munich edition recorded by Wikipedia.,https://en.wikipedia.org/wiki/Air_%26_Style,verified,world-tours
air-and-style--2011-c,air-and-style,2011,"21st Air & Style, Beijing",2011-12-03,2011-12-03,,Beijing,China,big-air,held,,,https://en.wikipedia.org/wiki/Air_%26_Style,verified,world-tours
air-and-style--2012-a,air-and-style,2012,"22nd Billabong Air & Style, Innsbruck",2012-02-04,2012-02-04,Bergisel Stadium,Innsbruck,Austria,big-air,held,,,https://en.wikipedia.org/wiki/Air_%26_Style,verified,world-tours
air-and-style--2012-b,air-and-style,2012,"23rd Air & Style, Beijing",2012-12-08,2012-12-08,,Beijing,China,big-air,held,,Mark McMorris and Yuki Kadono landed the first triple corks at an Air & Style event.,https://en.wikipedia.org/wiki/Air_%26_Style | https://www.worldsnowboardfederation.org/air-style-anniversary-from-innsbruck-to-china-on-to-mexico/,verified,world-tours
air-and-style--2013-a,air-and-style,2013,"24th Billabong Air & Style, Innsbruck",2013-02-01,2013-02-02,Bergisel Stadium,Innsbruck,Austria,big-air,held,,Run as the event's 20th anniversary celebration.,https://en.wikipedia.org/wiki/Air_%26_Style | https://www.worldsnowboardfederation.org/air-style-anniversary-from-innsbruck-to-china-on-to-mexico/,verified,world-tours
air-and-style--2013-b,air-and-style,2013,Air & Style Mexico City,2013-05-24,2013-05-25,,Mexico City,Mexico,big-air,held,,Announced by the World Snowboard Federation as the first Air & Style event in Latin America. Not listed in the Wikipedia edition table and not independently confirmed as having taken place.,https://www.worldsnowboardfederation.org/air-style-anniversary-from-innsbruck-to-china-on-to-mexico/,likely,world-tours
air-and-style--2013-c,air-and-style,2013,"25th Air & Style, Beijing",2013-12-07,2013-12-07,,Beijing,China,big-air,held,,Last edition in the English Wikipedia edition table.,https://en.wikipedia.org/wiki/Air_%26_Style,verified,world-tours
air-and-style--2014,air-and-style,2014,Air + Style Beijing 2014,2014-12-05,2014-12-06,,Beijing,China,big-air,held,,"Opening stop of the three-city 2014/15 Air + Style tour, the first season with Shaun White as majority owner.",https://www.snowboarder.com/news/shaun-white-air-and-style-los-angeles-february-21-22-2015 | https://collectivemag.de/air-style-vom-bergisel-stadion-in-die-ganze-welt-pid16548/,verified,world-tours
air-and-style--2015-a,air-and-style,2015,Air + Style Innsbruck 2015,2015-01-16,2015-01-17,,Innsbruck,Austria,big-air,held,,Second stop of the 2014/15 tour. Tiroler Tageszeitung reports 2015 as the last year of Air+Style snowboard action at the Bergisel stadium itself.,https://www.snowboarder.com/news/shaun-white-air-and-style-los-angeles-february-21-22-2015 | https://www.tt.com/artikel/16237751/das-erbe-des-air-style-snowboarder-fliegen-wieder-auf-bergisel-ab,verified,world-tours
air-and-style--2015-b,air-and-style,2015,Air + Style Los Angeles 2015,2015-02-21,2015-02-22,Rose Bowl parking lot,Pasadena,United States,big-air,held,,"First Air + Style in North America and the finale of the 2014/15 tour, built on a 16-storey scaffold with a 70 ft jump.",https://www.snowboarder.com/news/shaun-white-air-and-style-los-angeles-february-21-22-2015,verified,world-tours
air-and-style--2015-c,air-and-style,2015,Air + Style Beijing 2015,2015-12-05,,Beijing Olympic Sports Centre,Beijing,China,big-air,held,,Beijing stop of the 2015/16 Air + Style tour; not present in the wave-1 edition list.,https://de.wikipedia.org/wiki/Air_%26_Style/Wertungen,likely,wave2-japan-europe
air-and-style--2016-a,air-and-style,2016,Opel Air + Style Innsbruck 2016,,,Olympiaworld Innsbruck,Innsbruck,Austria,big-air,held,,First year at Olympiaworld rather than in the Bergisel stadium (Onboard's report places the arena in an open car park beside the Bergisel). Strong valley winds forced organisers to cancel the rounds after round two and to score the podium from the three highest combined round-two scores. Collective reports 2016 as the first year women competed at Innsbruck; Method Mag says the first women's field at Innsbruck was 2017. Shaun White announced during the event that the tour would expand to five stops. Exact dates not found in a source I opened.,https://www.innsbruck.info/blog/en/events/air-and-style2016/ | https://onboardmag.com/news/snowboarding-events/bad-wind-airs-tyle-innsbruck-2016-report-gallery.html | https://collectivemag.de/air-style-vom-bergisel-stadion-in-die-ganze-welt-pid16548/,likely,world-tours
air-and-style--2016-b,air-and-style,2016,Air + Style Los Angeles 2016,2016-02-20,2016-02-21,Exposition Park,Los Angeles,United States,big-air,held,,"Second LA edition, moved from the Rose Bowl to Exposition Park next to the LA Coliseum; 16-storey big air jump plus two music stages.",https://www.welikela.com/air-style-festival-2016/,verified,world-tours
air-and-style--2017-a,air-and-style,2017,Air + Style Innsbruck-Tirol 2017,2017-02,,Olympiaworld Innsbruck,Innsbruck,Austria,big-air,held,,"Method Mag calls this the 34th edition and says it was the first year women competed in the Air + Style big air, with 30 men and 8 women plus 16 live music acts over two days. Tiroler Tageszeitung reports the Air+Style contest's history ended in 2017 in the Olympiaworld car park. Edition numbering here (34th) is inconsistent with Wikipedia's numbering (25th for Beijing 2013).",https://www.methodmag.com/news/air-style-festival-innsbruck-tirol-2017.html | https://www.tt.com/artikel/16237751/das-erbe-des-air-style-snowboarder-fliegen-wieder-auf-bergisel-ab,likely,world-tours
air-and-style--2017-b,air-and-style,2017,Air + Style Beijing 2017,2017-02,,,Beijing,China,big-air,held,,Reported by Sport1 in February 2017; exact dates and venue not stated in the page I opened. [v0.2 flag: the row carries a February 2017 date but the German source dates the Beijing edition 25 November 2017. Unresolved.],https://www.sport1.de/actionsport/2017/02/air-style-beijing-2017-anna-gasser-and-mark-mcmorris-holen-den-sieg,likely,world-tours
air-and-style--2017-c,air-and-style,2017,Air + Style Los Angeles 2017,2017-02-18,2017-02-19,Exposition Park,Los Angeles,United States,big-air,held,,"Third and, on the evidence found, last LA edition.",https://edmidentity.com/2017/01/11/air-style-2017-daily-lineups/,verified,world-tours
air-and-style--2018,air-and-style,2018,Air + Style Beijing 2018,2018-11-24,,Beijing Olympic Sports Centre,Beijing,China,big-air,held,,FIS Snowboard Big Air World Cup stop. Not present in the wave-1 edition list.,https://de.wikipedia.org/wiki/Air_%26_Style/Wertungen | https://www.fis-ski.com/en/snowboard/park-and-pipe/pipe-and-slope/news-multimedia/news/gasser-and-thorgren-claim-air-style-big-air-wins-in-beijing,verified,wave2-japan-europe
air-and-style--2019,air-and-style,2019,Air + Style Beijing 2019,2019-12,,,Beijing,China,big-air,held,,Run as an FIS big air World Cup (FIS news item dated 15 December 2019). German Wikipedia calls the 2019 Beijing event the 25th and most recent edition of Air & Style. Exact dates and venue not confirmed in a page I opened.,https://www.fis-ski.com/snowboard-park-and-pipe/news/2019-20/air-style-beijing-big-air-world-cup-2019-20 | https://de.wikipedia.org/wiki/Air_%26_Style,likely,world-tours
argentina-snowboard-tour--2012,argentina-snowboard-tour,2012,Argentina Snowboard Tour 2012,2012-05,2012-08,,,Argentina,big-air | slopestyle,held,,"Five events between May and August 2012: urban big airs in Buenos Aires (one of them invitational) plus stops at Cerro Chapelco, Cerro Bayo and Cerro Catedral. All but the invitational open to any rider regardless of nationality or level.",https://www.worldsnowboardfederation.org/the-argentina-snowboard-tour-ast/,likely,intl-other
argentina-snowboard-tour--2014,argentina-snowboard-tour,2014,Argentina Snowboard Tour 2014,,,,,Argentina,slopestyle | big-air,held,,"Third tour stop was the Snow Travel South America Snowboard Challenge slopestyle at La Hoya on 20 August 2014, the second time La Hoya hosted it and the final stop of the season for Brazilian riders. Other 2014 stops not listed in the source. Related Argentine events reported the same season: Rip Curl Grom Winter Search and the ALIVE and KICKING Rip Curl Pro (23 Aug) at Cerro Catedral, Bariloche, and the DC Slopestyle Pro at Cerro Chapelco (5 Aug).",https://www.worldsnowboardfederation.org/third-tour-stop-argentina-snowboard-tour-2014/ | https://www.worldsnowboardfederation.org/?s=Argentina,likely,intl-other
audi-nines--2014,audi-nines,2014,Nine Knights & Nine Queens 2014,,,Livigno,Livigno,Italy,big-air | hip | other,held,,"First edition to combine the men's and women's events, and the first with snowboarders on the roster.",https://www.downdays.eu/articles/audi-nines-retrospective/,likely,intl-other
audi-nines--2016,audi-nines,2016,Suzuki Nine Knights 2016,,,Watles,"Mals/Malles Venosta, South Tyrol",Italy,hip | big-air | other,held,,"First Nine Knights at Watles; the edition built around the 'Perfect Hip' feature. A separate Nine Queens ran at Serfaus-Fiss-Ladis, Austria the same year.",https://www.downdays.eu/articles/audi-nines-retrospective/,likely,intl-other
audi-nines--2017,audi-nines,2017,Suzuki Nine Royals 2017,,,Watles,"Mals/Malles Venosta, South Tyrol",Italy,hip | big-air | other,held,,"First official combined men's and women's, ski and snowboard event under the Nine Royals name.",https://www.downdays.eu/articles/audi-nines-retrospective/,likely,intl-other
audi-nines--2018,audi-nines,2018,Audi Nines 2018,,,Soelden / Obergurgl,"Oetztal, Tirol",Austria,hip | big-air | other,held,,First edition under the Audi Nines name after Audi became title sponsor and the event was rebranded.,https://www.downdays.eu/articles/audi-nines-retrospective/,likely,intl-other
audi-nines--2019,audi-nines,2019,Audi Nines 2019,,,Soelden / Obergurgl,"Oetztal, Tirol",Austria,hip | big-air | other,held,,,https://www.downdays.eu/articles/audi-nines-retrospective/,likely,intl-other
audi-snowboard-series--2013,audi-snowboard-series,2013,Audi Snowboard Series 2013/14,,,,,Switzerland,slopestyle | halfpipe | boardercross | other,held,,"More than 30 events across Switzerland in freestyle, boardercross and race. Named stops include a 3-Star World Snowboard Tour contest at Laax and European Cups at Davos, Lenzerheide and Lenk; the Swiss Championships in all three disciplines close the season, with the freestyle championships at Corvatsch on 11-12 April 2014.",https://www.worldsnowboardfederation.org/audi-snowboard-series/,verified,intl-other
b4bc-snowboard-and-music-festival--1996,b4bc-snowboard-and-music-festival,1996,1st B4BC Snowboard + Music Festival,1996-04,1996-04,,,USA,,held,,"Inaugural festival, April 1996. Venue not stated in the source found.",https://b4bc.org/about/,likely,us-grassroots
baldy-banked-slalom--2026,baldy-banked-slalom,2026,2026 Baldy Banked Slalom,2026-03-07,2026-03-07,Sun Valley Resort,"Sun Valley, Idaho",USA,banked-slalom,held,,Described by the source as 'now in its 14th year'. Dates from a third-party events roundup.,https://localfreshies.com/banked-slalom-event-showcase/,likely,us-grassroots
bc-snowboard-provincial-series--2025,bc-snowboard-provincial-series,2025,2025 BC Snowboard Provincial Series,2025-01-11,2025-03-19,,,Canada,slopestyle | boardercross,held,,Season stops per BC Snowboard's results archive: Whistler Blackcomb slopestyle 11-12 January; Big White SBX 18-19 January; Big White slopestyle 25-26 January; Silver Star slopestyle 22-23 February; Sun Peaks slopestyle 17 March; Sun Peaks SBX 19 March. The Neil Edgeworth Memorial Banked Slalom (28-30 March) and the Sun Peaks Speed Nation SBX Tour stop (4-5 January) appear in the same archive but are separate events.,https://www.bcsnowboard.com/2025-event-results/,verified,canada
big-white-para-snowboard-world-cup--2017,big-white-para-snowboard-world-cup,2017,2017 World Para Snowboard Championships,2017-02-01,2017-02-08,Big White Ski Resort,Kelowna,Canada,boardercross | banked-slalom,held,,"Over 100 athletes from 25 countries. Snowboardcross contested 4 February, banked slalom 7 February, in SB-LL1, SB-LL2 and SB-UL classes for men and women. Dry-land work was done in advance to rebuild the start section and first turn.",https://www.canadasnowboard.ca/en/news/?id=1147,verified,canada
big-white-para-snowboard-world-cup--2018,big-white-para-snowboard-world-cup,2018,2018 World Para Snowboard World Cup Finals,2018-02-05,2018-02-09,Big White Ski Resort,Kelowna,Canada,boardercross | banked-slalom,held,,"World Cup finals, listed on Canada Snowboard's 2017-18 domestic calendar.",https://www.canadasnowboard.ca/en/news/?id=1213,verified,canada
big-white-para-snowboard-world-cup--2019,big-white-para-snowboard-world-cup,2019,2019 World Para Snowboard World Cup Big White,2019-02-03,2019-02-08,Big White Ski Resort,Kelowna,Canada,boardercross | banked-slalom,held,,Canada Snowboard announced this as para snowboard's seventh consecutive year at Big White.,https://www.canadasnowboard.ca/en/news/?id=1259 | https://www.canadasnowboard.ca/en/news/?id=1258,verified,canada
big-white-para-snowboard-world-cup--2025,big-white-para-snowboard-world-cup,2025,FIS Para Snowboard World Championships 2025,2025-03-04,2025-03-10,"TELUS Park, Big White Ski Resort",Kelowna,Canada,boardercross | banked-slalom | team,held,,Banked slalom course had 23 banks. Included the first team event in para snowboard World Championship history.,https://www.bigwhite.com/explore-big-white/blog/mountain-news/fis-pswc-25,verified,canada
blue-mountain-fis-snowboard-world-cup--2013,blue-mountain-fis-snowboard-world-cup,2013,2013 Blue Mountain World Cup snowboard cross,2013-02-01,2013-02-02,Blue Mountain Resort,Collingwood,Canada,boardercross,held,,"Listed in the FIS calendar for the 2013 season as 'Blue Mountain WC - QUA 4xSBX'. [QA-corrected: FIS calendar reads 4xSBX, four snowboard cross races, not a team event.]",https://www.fis-ski.com/DB/general/calendar-results.html?sectorcode=SB&seasoncode=2013&categorycode=WC&nationcode=CAN,likely,canada
blue-mountain-fis-snowboard-world-cup--2020,blue-mountain-fis-snowboard-world-cup,2020,2020 Blue Mountain FIS Snowboard World Cup (PGS),2020-02-29,2020-03-01,Blue Mountain Resort,Collingwood,Canada,parallel-giant-slalom,held,,,https://olympic.ca/2019/10/24/winter-competitions-coming-to-canada-in-2019-20/,verified,canada
bomb-hole-cup--2026,bomb-hole-cup,2026,5th Annual Bomb Hole Cup,,,Brighton Resort,"Brighton, Utah",USA,banked-slalom | jib,held,,"Day one banked slalom, day two open-jam park showdown. Held in April 2026; exact dates not stated on the resort page, which announces April 3-4, 2027 for the next edition.",https://www.brightonresort.com/events/the-bomb-hole-cup | https://www.snowboard.international/features/north-america-snowboard-events-2025-26/,likely,us-grassroots
bomber-banked-slalom--2026,bomber-banked-slalom,2026,13th Annual Bomber Banked Slalom,2026-03-28,2026-03-29,Mission Ridge Ski and Board Resort,"Wenatchee, Washington",USA,banked-slalom,held,,One run per day over two days; 14 divisions; field capped at 250 snowboarders. Course on Katsuk at the summit off Chair 2.,https://www.missionridge.com/event/bomber-banked-slalom/,likely,us-grassroots
bucket-banked-slalom--2026,bucket-banked-slalom,2026,2026 Bucket Banked Slalom,2026-04-11,2026-04-11,Winter Park Resort,"Winter Park, Colorado",USA,banked-slalom,cancelled,Cancelled due to snow conditions.,"The next edition is announced for April 10, 2027.",https://www.winterparkresort.com/things-to-do/competition-center/comp-center-events/bucket-banked-slalom,likely,us-grassroots
burton-australian-open--2008,burton-australian-open,2008,2008 Burton Australian Open,2008-09-02,2008-09-06,Perisher Blue,,Australia,,held,,"Second stop of the 2008/09 Burton Global Open Series, as announced in the series calendar. Disciplines not stated in the announcement. [QA-flagged: dates and venue are from a pre-season calendar, so the event is confirmed as scheduled rather than as held.]",https://whitelines.com/archive/news/burton-global-open-series-08-09.html,likely,burton-opens
burton-canadian-open--2009,burton-canadian-open,2009,2009 Burton Canadian Open,,,Canada Olympic Park,Calgary,Canada,slopestyle,held,,"Rated Swatch TTR 5Star. Mikkel Bang and Silvia Mittermueller won the slopestyle, reported by Onboard on 2009-02-09. Unresolved: the 2008/09 Burton Global Open Series calendar announced the Burton Canadian Open for 2008-12-01 to 2008-12-07 at the same venue, so either the edition moved to February 2009 or there were two runnings. Only one edition row is recorded here.",https://onboardmag.com/news/snowboarding-events/burton-canadian-open-slopestyle.html | https://whitelines.com/archive/news/burton-global-open-series-08-09.html,likely,burton-opens
burton-canadian-open--2010,burton-canadian-open,2010,2010 Burton Canadian Open,2010-02-01,2010-02-07,Canada Olympic Park,Calgary,Canada,halfpipe | slopestyle,held,,5Star TTR event; men's and women's slopestyle and halfpipe. Dates from the TTR World Snowboard Tour registration listing.,https://www.worldsnowboardfederation.org/registration-open-for-ttr-world-snowboard-tour-events/,verified,burton-opens
burton-european-open--1999,burton-european-open,1999,1999 Burton European Open,,,Axamer Lizum / Seegrube,Innsbruck,Austria,halfpipe | slopestyle,held,,"Reported as the first Burton European Open, with the halfpipe at Axamer Lizum and the slopestyle at Seegrube in the Innsbruck area. Natasza Zurek won the halfpipe. Note that later edition numbering used by the organisers and the World Snowboard Federation (2011 = 12th annual, 2012 = 13th annual) counts the first edition as 2000, so the year of this first edition is disputed.",https://www.burton.com/blogs/the-burton-blog/10-years-laax-open/ | https://coolerlifestyle.com/news/events/burton-european-open-looks-back-at-ten-years-of-epic-snowboarding.html,likely,burton-opens
burton-european-open--2001,burton-european-open,2001,2001 Burton European Open,,,Fieberbrunn,Fieberbrunn,Austria,halfpipe | slopestyle,held,,The only year alpine snowboarders competed alongside the freestyle disciplines.,https://coolerlifestyle.com/news/events/burton-european-open-looks-back-at-ten-years-of-epic-snowboarding.html | https://coolerlifestyle.com/news/events/the-burton-european-open.html | https://onboardmag.com/news/european-news/laax-set-to-host-laax-open-2016.html,likely,burton-opens
burton-european-open--2002,burton-european-open,2002,2002 Burton European Open,,,Livigno,Livigno,Italy,halfpipe | slopestyle,held,,"Cooler's 2009 retrospective places the Burton European Open at Livigno, Italy for 2002-2004. Exact dates not sourced. Natasza Zurek won the halfpipe at Livigno in 2003.",https://coolerlifestyle.com/news/events/the-burton-european-open.html | https://coolerlifestyle.com/news/events/burton-european-open-looks-back-at-ten-years-of-epic-snowboarding.html,likely,burton-opens
burton-european-open--2003,burton-european-open,2003,2003 Burton European Open,2003-01-18,2003-01-25,Livigno,Livigno,Italy,halfpipe | slopestyle,held,,"Cooler's 2009 retrospective places the Burton European Open at Livigno, Italy for 2002-2004. Exact dates not sourced. Natasza Zurek won the halfpipe at Livigno in 2003. [v0.3 archive: Open Championships of Snowboarding 2003 calendar: ""Jan 18 - 25, 2003 Livigno, IT"".] [v0.3 archive: Open Championships of Snowboarding 2003 calendar: ""Jan 18 - 25, 2003 Livigno, IT"".]",https://coolerlifestyle.com/news/events/the-burton-european-open.html | https://coolerlifestyle.com/news/events/burton-european-open-looks-back-at-ten-years-of-epic-snowboarding.html | https://web.archive.org/web/20030205093000/http://www.opensnowboarding.com/,likely,burton-opens
burton-european-open--2004,burton-european-open,2004,2004 Burton European Open,2004-01-10,2004-01-17,Livigno,Livigno,Italy,halfpipe | slopestyle,held,,"Cooler's 2009 retrospective places the Burton European Open at Livigno, Italy for 2002-2004. Exact dates not sourced. Natasza Zurek won the halfpipe at Livigno in 2003. [v0.3 archive: 2004 Open Championships of Snowboarding calendar: ""Burton European Open January 10-17, 2004 Livigno, Italy"".] [v0.3 archive: 2004 Open Championships of Snowboarding calendar: ""Burton European Open January 10-17, 2004 Livigno, Italy"".]",https://coolerlifestyle.com/news/events/the-burton-european-open.html | https://coolerlifestyle.com/news/events/burton-european-open-looks-back-at-ten-years-of-epic-snowboarding.html | https://web.archive.org/web/20040205215129/http://www.opensnowboarding.com/,likely,burton-opens
burton-european-open--2005,burton-european-open,2005,2005 Burton European Open,2005-01-15,2005-01-22,Laax,Laax,Switzerland,halfpipe | slopestyle,held,,"Laax became the permanent home of the Burton European Open from 2005. Natasza Zurek won slopestyle in both 2005 and 2006. Exact dates not sourced. [v0.3 archive: Open Championships of Snowboarding calendar: ""Burton European Open Jan. 15-22, 2005 Laax, Switzerland"".] [v0.3 archive: Open Championships of Snowboarding calendar: ""Burton European Open Jan. 15-22, 2005 Laax, Switzerland"".]",https://coolerlifestyle.com/news/events/the-burton-european-open.html | https://coolerlifestyle.com/news/events/burton-european-open-looks-back-at-ten-years-of-epic-snowboarding.html | https://web.archive.org/web/20050113043806/http://www.opensnowboarding.com/,likely,burton-opens
burton-european-open--2006,burton-european-open,2006,2006 Burton European Open,2006-01-14,2006-01-21,Laax,Laax,Switzerland,halfpipe | slopestyle,held,,"Laax became the permanent home of the Burton European Open from 2005. Natasza Zurek won slopestyle in both 2005 and 2006. Exact dates not sourced. [v0.3 archive: Open Championships of Snowboarding calendar: ""Burton European Open Jan. 14-21, 2006 Laax, Switzerland"".] [v0.3 archive: Open Championships of Snowboarding calendar: ""Burton European Open Jan. 14-21, 2006 Laax, Switzerland"".]",https://coolerlifestyle.com/news/events/the-burton-european-open.html | https://coolerlifestyle.com/news/events/burton-european-open-looks-back-at-ten-years-of-epic-snowboarding.html | https://web.archive.org/web/20060213052702/http://www.opensnowboarding.com/,likely,burton-opens
burton-european-open--2007,burton-european-open,2007,2007 Burton European Open,2007-01-20,2007-01-27,Laax,Laax,Switzerland,,held,,"The 8th Burton European Open, and a 6Star event on the 2006/07 TTR World Snowboard Tour. The BEO's own history page, written for the 2007 event, says ""The Burton European Open goes into his 8th edition in 2007"".",https://web.archive.org/web/20061104145301/http://www.opensnowboarding.com/ | https://web.archive.org/web/20070817202135/http://www.burtoneuropeanopen.com/History.aspx,verified,wave3-archive
burton-european-open--2008,burton-european-open,2008,2008 Burton European Open,2008-01-11,2008-01-18,Laax,Laax,Switzerland,halfpipe | slopestyle,held,,"The fourth 6Star stop of the Swatch TTR World Snowboard Tour season and the first event that season to host both men's and women's fields, with 1000 ranking points per discipline.",https://www.worldsnowboardfederation.org/burton-european-open-2008/ | https://www.worldsnowboardfederation.org/burton-european-open-08-results/,verified,burton-opens
burton-european-open--2009,burton-european-open,2009,2009 Burton European Open,2009-01-09,2009-01-16,Laax,Laax,Switzerland,halfpipe | slopestyle,held,,"Marked by the organisers as the tenth-anniversary edition. USD 125,000 prize pool; all 400 open registration spots filled within days. Part of the 2008/09 Burton Global Open Series.",https://coolerlifestyle.com/news/events/the-burton-european-open.html | https://whitelines.com/archive/news/burton-global-open-series-08-09.html,verified,burton-opens
burton-european-open--2010,burton-european-open,2010,2010 Burton European Open,2010-01-09,2010-01-16,Laax,Laax,Switzerland,halfpipe | slopestyle,held,,6Star TTR for the open fields and 4Star for the juniors. Sources disagree on the dates: the TTR registration listing gives 2010-01-09 to 2010-01-16 and the World Snowboard Federation event write-up gives 2010-01-10 to 2010-01-16.,https://www.worldsnowboardfederation.org/registration-open-for-ttr-world-snowboard-tour-events/ | https://www.worldsnowboardfederation.org/the-6star-burton-european-open-bring-the-circus-to-the-swatch-ttr-tour/,likely,burton-opens
burton-european-open--2011,burton-european-open,2011,12th Annual Burton European Open (2011),2011-01-08,2011-01-15,Laax,Laax,Switzerland,halfpipe | slopestyle,held,,"Eight-day 6Star TTR event with over 300 riders and a USD 125,000 prize purse. Peetu Piiroinen and Kelly Clark won the halfpipe.",https://www.worldsnowboardfederation.org/12th-annual-6star-burton-european-open-attracts-top-athletes/ | https://whitelines.com/events/burton-european-open,verified,burton-opens
burton-european-open--2012,burton-european-open,2012,13th Annual Burton European Open (2012),2012-02-25,2012-03-03,Laax,Laax,Switzerland,halfpipe | slopestyle,held,,"Men's, women's and junior fields in slopestyle and halfpipe. Points counted toward both the TTR and the Burton Global Open Series rankings. The only documented year the BEO ran in late February rather than January.",https://snowboardmag.com/stories/2012-burton-european-open-confirms-top-snowboarders-live-acts | https://www.worldsnowboardfederation.org/world-champions-win-the-burton-european-open-halfpipe-contest/,verified,burton-opens
burton-european-open--2014,burton-european-open,2014,2014 Burton European Open,,,Laax,Laax,Switzerland,halfpipe | slopestyle,held,,Presented by MINI. Halfpipe semi-finals on the LAAX superpipe 2014-01-16 with finals 2014-01-17; Iouri Podladtchikov and Ursina Haller won the halfpipe. Full event dates not sourced.,https://www.worldsnowboardfederation.org/burton-european-open-2014-presented-by-mini/ | https://www.worldsnowboardfederation.org/ursina-haller-and-iouri-podladtchikov-win-the-6-star-burton-european-open-halfpi/,likely,burton-opens
burton-european-open--2015,burton-european-open,2015,2015 Burton European Open,,,Laax,Laax,Switzerland,halfpipe | slopestyle,held,,"Final Burton European Open. First event of the WST Pro Series. Slopestyle finals 2015-02-01, won by Stale Sandbech and Christy Prior; Iouri Podladtchikov and Kelly Clark won the halfpipe. Full event dates not sourced.",https://www.worldsnowboardfederation.org/stale-sandbech-christy-prior-win-slopestyle-finals-burton-european-open/ | https://whitelines.com/events/burton-european-open,likely,burton-opens
burton-global-open-series--2008,burton-global-open-series,2008,2008/09 Burton Global Open Series,2008-07-29,2009-03-22,,,multiple,halfpipe | slopestyle,held,,"Six-stop season, announced as: Burton New Zealand Open, Snow Park NZ, 2008-07-29 to 2008-08-02; Burton Australian Open, Perisher Blue, 2008-09-02 to 2008-09-06; Burton Canadian Open, Canada Olympic Park, 2008-12-01 to 2008-12-07; Burton European Open, Laax, 2009-01-09 to 2009-01-16; Nissan X-Trail Nippon Open, ALTS Bandai, 2009-02-24 to 2009-03-01; Burton US Open, Stratton Mountain, 2009-03-16 to 2009-03-22. Year recorded as 2008, the calendar year the season opened; end date is the announced close of the US Open.",https://whitelines.com/archive/news/burton-global-open-series-08-09.html,verified,burton-opens
burton-global-open-series--2010,burton-global-open-series,2010,2010/11 Burton Global Open Series,2010-08-10,,,,multiple,halfpipe | slopestyle,held,,"The 2010 Burton New Zealand Open at Cardrona, 2010-08-10 to 2010-08-14, was reported as the opening event of the 2010/11 Burton Global Open Series. The full stop list and closing date for this season were not sourced. Kelly Clark won a Burton Global Open Series championship at the March 2011 US Open.",https://www.snowboarder.com/news/2010-burton-new-zealand-open-gears-up | https://www.aspentimes.com/sports/from-vermont-to-vail-a-look-back-at-the-36-year-history-of-the-burton-u-s-open-returning-march-5-10/,likely,burton-opens
burton-new-zealand-open--2005,burton-new-zealand-open,2005,2005 Burton New Zealand Open,,,Cardrona Alpine Resort,Wanaka,New Zealand,,held,,Listed in the Scoop press-release archive; exact dates and disciplines not sourced.,https://info.scoop.co.nz/Burton_NZ_Open,likely,burton-opens
burton-new-zealand-open--2006,burton-new-zealand-open,2006,2006 Burton New Zealand Open,2006-08-03,2006-08-05,Snow Park NZ,Wanaka,New Zealand,halfpipe | slopestyle | quarterpipe,held,,"NZD 50,000 prize pool.",https://info.scoop.co.nz/Burton_NZ_Open,likely,burton-opens
burton-new-zealand-open--2007,burton-new-zealand-open,2007,5th Burton New Zealand Open (2007),2007-08,,Snow Park NZ,Wanaka,New Zealand,,held,,"Reported as the fifth annual edition, which puts the first edition in 2003. Competition ran from 2007-08-07; the closing date was not sourced.",https://info.scoop.co.nz/Burton_NZ_Open,likely,burton-opens
burton-new-zealand-open--2008,burton-new-zealand-open,2008,2008 Burton New Zealand Open,2008-07-29,2008-08-02,Snow Park NZ,Wanaka,New Zealand,,held,,Opening stop of the 2008/09 Burton Global Open Series.,https://whitelines.com/archive/news/burton-global-open-series-08-09.html | https://info.scoop.co.nz/Burton_NZ_Open,verified,burton-opens
burton-new-zealand-open--2009,burton-new-zealand-open,2009,2009 Burton New Zealand Open,2009-08-11,2009-08-15,Cardrona Alpine Resort,Wanaka,New Zealand,halfpipe | slopestyle,held,,"Sources differ on venue: the Scoop archive places the 2009 event at Cardrona, while a tourism listing for the same dates describes Snow Park NZ with additional events at Cardrona, which held New Zealand's only 22-foot superpipe.",https://info.scoop.co.nz/Burton_NZ_Open | https://experiencequeenstown.com/events/feature-events/burton-nz-open/,likely,burton-opens
burton-new-zealand-open--2010,burton-new-zealand-open,2010,8th Burton New Zealand Open (2010),2010-08-10,2010-08-14,Cardrona Alpine Resort,Wanaka,New Zealand,halfpipe | slopestyle,held,,Eighth annual edition; 5Star on the Swatch TTR World Snowboard Tour and the opening event of the 2010/11 Burton Global Open Series.,https://www.snowboarder.com/news/2010-burton-new-zealand-open-gears-up,verified,burton-opens
burton-new-zealand-open--2011,burton-new-zealand-open,2011,9th Burton New Zealand Open (2011),2011-08-09,2011-08-13,Cardrona Alpine Resort,Wanaka,New Zealand,halfpipe | slopestyle,held,,Ninth year of the event; more than 240 athletes entered. Halfpipe field reported as 56 men and 26 women. Last edition confirmed by a source opened for this pass.,https://snowboardmag.com/stories/world-class-riders-arrive-wanaka-nz-2011-burton-new-zealand-open | https://info.scoop.co.nz/Burton_NZ_Open,verified,burton-opens
burton-rail-days--2015,burton-rail-days,2015,5th Burton Rail Days (2015),2015-10-26,2015-10-26,Roppongi Hills,Tokyo,Japan,rail-jam | jib,held,,"Fifth edition. Urban street course built from a reported 120 tons of snow in central Tokyo, with a USD 27,000 grand prize and a free kids' snowboard park alongside. Riders included Yuma Abe, Yuki Kadono, Ryusei Takahashi, Frank April, Zach Aller and Kas Lemmens. Being an October event it belongs to the 2015/16 season.",https://www.timeout.com/tokyo/things-to-do/burton-rail-days,likely,burton-opens
canada-snowboard-junior-nationals--2026,canada-snowboard-junior-nationals,2026,2026 Canada Snowboard JR Nationals,2026-03-13,2026-03-18,Alpine Ski Club and Horseshoe Valley Resort,Collingwood / Barrie,Canada,halfpipe | slopestyle | banked-slalom | parallel-giant-slalom | boardercross | big-air,held,,"Halfpipe at Alpine Ski Club on 13 March, remaining disciplines at Horseshoe Valley 14-18 March, banquet 17 March. Grom/Youth and JR FIS entry categories.",https://www.canadasnowboard.ca/en/events/nationalsjr/,verified,canada
canada-snowboard-national-championships--2001,canada-snowboard-national-championships,2001,2001 Canadian Snowboard National Championships,2001-04-03,2001-04-08,Big White Ski Resort,Kelowna,Canada,boardercross | giant-slalom | parallel-giant-slalom | halfpipe,held,,"FIS-sanctioned, category NC, organised by the Canadian Snowboard Federation. Eight races (SBX, GS, PGS, HP, men and women). FIS event id 7071, season 2001.",https://www.fis-ski.com/DB/general/event-details.html?sectorcode=SB&eventid=7071&seasoncode=2001,verified,wave2-canada
canada-snowboard-national-championships--2002,canada-snowboard-national-championships,2002,2002 Canadian Snowboard National Championships,2002-03-26,2002-03-29,Mont Tremblant,Mont-Tremblant,Canada,parallel-giant-slalom | halfpipe | giant-slalom | boardercross,held,,"FIS category NC. Organiser listed by FIS as the Canadian Snowboard Federation, Calgary. FIS event id 7859, season 2002.",https://www.fis-ski.com/DB/general/event-details.html?sectorcode=SB&eventid=7859&seasoncode=2002,verified,wave2-canada
canada-snowboard-national-championships--2003,canada-snowboard-national-championships,2003,2003 Canadian Snowboard National Championships,2003-03-27,2003-03-30,Nakiska and Canada Olympic Park,Calgary,Canada,parallel-giant-slalom | parallel-slalom | halfpipe | boardercross,held,,"PGS was run at Nakiska on 27 March; PSL, halfpipe and snowboardcross at Canada Olympic Park on 29-30 March. FIS event id 11010, season 2003.",https://www.fis-ski.com/DB/general/event-details.html?sectorcode=SB&eventid=11010&seasoncode=2003,verified,wave2-canada
canada-snowboard-national-championships--2004,canada-snowboard-national-championships,2004,2004 Canadian Snowboard National Championships,2004-03-25,2004-03-28,,Quebec,Canada,parallel-giant-slalom | parallel-slalom | halfpipe | boardercross,held,,"Listed in the FIS calendar as category NC, place 'Quebec'. FIS event id 11816, season 2004. Podiums not yet harvested.",https://www.fis-ski.com/DB/general/event-details.html?sectorcode=SB&eventid=11816&seasoncode=2004,verified,wave2-canada
canada-snowboard-national-championships--2005,canada-snowboard-national-championships,2005,2005 Canadian Snowboard National Championships,2005-03-24,2005-03-26,Big White Ski Resort,Kelowna,Canada,boardercross | halfpipe,held,,"FIS lists this event under both NAC (Nor-Am Cup) and NC (National Championships) categories, so the race podium and the national title may not be identical. Organiser: Canadian Snowboard Federation. FIS event id 15436, season 2005.",https://www.fis-ski.com/DB/general/event-details.html?sectorcode=SB&eventid=15436&seasoncode=2005,likely,wave2-canada
canada-snowboard-national-championships--2013,canada-snowboard-national-championships,2013,2013 Sport Chek Canadian Snowboardcross Championships,2013-03-25,2013-03-30,Big White Ski Resort,Kelowna,Canada,boardercross,held,,Held alongside the final two stops of the IPC para snowboard World Cup tour. Entrants included 2010 Olympic champion Maelle Ricker and World Cup winner Chris Robanske.,https://m.bigwhite.com/explore-big-white/blog/media/sport-chek-canadian-snowboardcross-championships-presented-big-white,verified,canada
canada-snowboard-national-championships--2014,canada-snowboard-national-championships,2014,2014 Canadian Snowboard Alpine National Championships,2014-03-12,2014-03-14,Mont Tremblant,Mont-Tremblant,Canada,parallel-slalom | parallel-giant-slalom,held,,"FIS calendar categories NAC, NC and NJC combined. FIS event id 34397, season 2014. Podiums not yet harvested.",https://www.fis-ski.com/DB/general/event-details.html?sectorcode=SB&eventid=34397&seasoncode=2014,verified,wave2-canada
canada-snowboard-national-championships--2017-a,canada-snowboard-national-championships,2017,2017 Sport Chek Air Nation Freestyle Nationals,2017-03-05,2017-03-12,Mt St Louis Moonstone and Horseshoe Resort,Barrie,Canada,slopestyle | halfpipe | big-air,held,,Freestyle stream of the national championships.,https://www.canadasnowboard.ca/en/news/?id=1146 | http://www.firsttracksonline.com/2016/10/28/canada-snowboard-announces-2016-17-national-championships-venues,verified,canada
canada-snowboard-national-championships--2017-b,canada-snowboard-national-championships,2017,2017 Sports Experts Speed Nation Nationals,2017-04-03,2017-04-09,Mont Tremblant,Mont-Tremblant,Canada,parallel-giant-slalom | parallel-slalom | boardercross,held,,"Speed stream of the national championships, including para-snowboard events.",https://www.canadasnowboard.ca/en/news/?id=1146 | http://www.firsttracksonline.com/2016/10/28/canada-snowboard-announces-2016-17-national-championships-venues,verified,canada
canada-snowboard-national-championships--2018-a,canada-snowboard-national-championships,2018,2018 Air Nation Freestyle Nationals,2018-03-05,2018-03-12,Canada Olympic Park,Calgary,Canada,slopestyle | halfpipe | big-air,held,,,https://www.canadasnowboard.ca/en/news/?id=1213,verified,canada
canada-snowboard-national-championships--2018-b,canada-snowboard-national-championships,2018,2018 Speed Nation Alpine Nationals,2018-02-05,2018-02-09,Blue Mountain Resort,Collingwood,Canada,parallel-giant-slalom | parallel-slalom,held,,,https://www.canadasnowboard.ca/en/news/?id=1213,verified,canada
canada-snowboard-national-championships--2018-c,canada-snowboard-national-championships,2018,2018 Speed Nation Snowboardcross Nationals,2018-03-21,2018-03-26,Big White Ski Resort,Kelowna,Canada,boardercross,held,,,https://www.canadasnowboard.ca/en/news/?id=1213,verified,canada
canada-snowboard-national-championships--2018-d,canada-snowboard-national-championships,2018,2018 Para Snowboard Nationals,2018-03-25,2018-03-26,Big White Ski Resort,Kelowna,Canada,boardercross,held,,Listed on the Canada Snowboard 2017-18 calendar as Para SBX.,https://www.canadasnowboard.ca/en/news/?id=1213,verified,canada
canada-snowboard-national-championships--2019-a,canada-snowboard-national-championships,2019,2019 Air Nation Freestyle Nationals,2019-03-18,2019-03-24,Canada Olympic Park,Calgary,Canada,slopestyle | halfpipe | big-air,held,,Presented by Burton and Mazda.,https://www.canadasnowboard.ca/en/news/?id=1259,verified,canada
canada-snowboard-national-championships--2019-b,canada-snowboard-national-championships,2019,2019 Speed Nation Alpine Nationals,2019-03-03,2019-03-08,Blue Mountain Resort,Collingwood,Canada,parallel-giant-slalom | parallel-slalom,held,,,https://www.canadasnowboard.ca/en/news/?id=1259,verified,canada
canada-snowboard-national-championships--2019-c,canada-snowboard-national-championships,2019,2019 Speed Nation Snowboardcross Nationals,2019-03-26,2019-03-30,Big White Ski Resort,Kelowna,Canada,boardercross,held,,,https://www.canadasnowboard.ca/en/news/?id=1259,verified,canada
canada-snowboard-national-championships--2019-d,canada-snowboard-national-championships,2019,2019 Speed Nation Para Snowboard Nationals,2019-01-30,2019-01-31,Big White Ski Resort,Kelowna,Canada,boardercross,held,,Presented by Mazda.,https://www.canadasnowboard.ca/en/news/?id=1259,verified,canada
canada-snowboard-national-championships--2026-a,canada-snowboard-national-championships,2026,2026 Air Nation Halfpipe National Championship,2026-02-20,2026-02-22,WinSport Canada Olympic Park,Calgary,Canada,halfpipe,cancelled,Listed as cancelled on the Canada Snowboard event page; no reason given.,"Was to run as a combined NorAm Cup (NAC/NACP) and Canadian halfpipe national championship on WinSport's 22-foot pipe, co-hosted with Alberta Snowboard and WinSport.",https://www.canadasnowboard.ca/en/events/freestyletour/nationalsfree/,verified,canada
canada-snowboard-national-championships--2026-b,canada-snowboard-national-championships,2026,2026 Speed Nation Snowboardcross National Championship,2026-03-31,2026-04-02,Mont Sainte-Anne,Beaupre,Canada,boardercross,held,,"Final stop of the 2025-26 Speed Nation SBX Tour, designated the Canadian National Championships.",https://www.canadasnowboard.ca/en/events/sbxtour/,verified,canada
canada-snowboard-national-championships--2026-c,canada-snowboard-national-championships,2026,2026 Speed Nation Alpine National Championships,2026-02-13,2026-02-14,Val Saint-Come,Saint-Come,Canada,parallel-giant-slalom | parallel-slalom,held,,"Canada Snowboard's alpine nationals results page lists women's and men's PGS and PSL results for 13-14 February 2026 at Val Sainte Come, linking out to FIS. Not present in the wave 1 edition list.",https://canadasnowboard.ca/en/events/alpine/nationalsalpine/results/ | https://www.canadasnowboard.ca/en/events/alpine/nationalsalpine/,verified,wave2-canada
canada-winter-games-snowboarding--2007,canada-winter-games-snowboarding,2007,Snowboarding at the 2007 Canada Winter Games,,,Mt Sima,Whitehorse,Canada,,held,,Games ran 23 February to 10 March 2007; snowboarding shared Mt Sima with alpine and freestyle skiing. First Canada Games held north of 60. Snowboard competition dates and disciplines not sourced.,https://en.wikipedia.org/wiki/2007_Canada_Winter_Games,likely,canada
canada-winter-games-snowboarding--2011,canada-winter-games-snowboarding,2011,Snowboarding at the 2011 Canada Winter Games,2011-02-20,2011-02-25,Ski Martock,Halifax,Canada,parallel-giant-slalom | halfpipe | boardercross,held,,"Six medal events, men's and women's in each of three disciplines.",https://en.wikipedia.org/wiki/Snowboarding_at_the_2011_Canada_Winter_Games,verified,canada
canada-winter-games-snowboarding--2015,canada-winter-games-snowboarding,2015,Snowboarding at the 2015 Canada Winter Games,,,,Prince George,Canada,,held,,"Games ran 12 February to 1 March 2015 in Prince George, BC, with snowboarding on the sport programme. Snowboard venue, dates and disciplines not sourced.",https://en.wikipedia.org/wiki/2015_Canada_Winter_Games,likely,canada
canada-winter-games-snowboarding--2019,canada-winter-games-snowboarding,2019,Snowboarding at the 2019 Canada Winter Games,,,Canyon Ski Resort and WinSport Canada Olympic Park,Red Deer,Canada,,held,,Games ran 15 February to 3 March 2019. Snowboarding split between Canyon Ski Resort and WinSport's Canada Olympic Park near Calgary. Snowboard competition dates and disciplines not sourced.,https://en.wikipedia.org/wiki/2019_Canada_Winter_Games,likely,canada
canada-winter-games-snowboarding--2023,canada-winter-games-snowboarding,2023,Snowboarding at the 2023 Canada Winter Games,,,Mark Arendz Provincial Ski Park,Brookvale,Canada,,held,,Games ran 18 February to 5 March 2023 in Prince Edward Island. Snowboarding shared the Brookvale venue with biathlon and cross-country skiing. Snowboard competition dates and disciplines not sourced.,https://en.wikipedia.org/wiki/2023_Canada_Winter_Games,likely,canada
circuito-bichos--2009,circuito-bichos,2009,Circuito Bichos 2009,2009-07-23,2009-09-13,,,Chile,boardercross | slopestyle | downhill,held,,"Four dated rounds: boardercross at Farellones (23 Jul), slopestyle at El Colorado (24 Jul), downhill at Valle Nevado (12 Sep) and slopestyle at Valle Nevado (13 Sep). Under-18 only, in three age categories: Saltamontes, Grillos and Pulgas. Run by Anden alongside the professional Circuito RSS, which had seven confirmed events in 2009.",https://www.worldsnowboardfederation.org/chile-snowboard-events-2009/,verified,intl-other
dirksen-derby--2007,dirksen-derby,2007,Dirksen Derby 1,2007-12-01,2007-12-01,Mt. Bachelor,"Bend, Oregon",USA,banked-slalom,held,,"Total racers: 35. First edition, postponed twice before running on December 1, 2007. The organiser's history page gives 35 racers; the Bend Source reports 58 racers and $1,160 raised for Tyler Eklund - sources disagree.",https://www.dirksenderby.com/Race/DirksenDerby/Page-23 | https://www.dirksenderby.com/Race/DirksenDerby/Page-10,verified,us-grassroots
dirksen-derby--2008,dirksen-derby,2008,Dirksen Derby 2,2008-12-14,2008-12-14,Mt. Bachelor,"Bend, Oregon",USA,banked-slalom,held,,Total racers: 65. Held on opening day at Mt. Bachelor.,https://www.dirksenderby.com/Race/DirksenDerby/Page-22 | https://www.dirksenderby.com/Race/DirksenDerby/Page-10,verified,us-grassroots
dirksen-derby--2009,dirksen-derby,2009,Dirksen Derby 3,2009-12-13,2009-12-13,Mt. Bachelor,"Bend, Oregon",USA,banked-slalom,held,,Total racers: 174.,https://www.dirksenderby.com/Race/DirksenDerby/Page-21 | https://www.dirksenderby.com/Race/DirksenDerby/Page-10,verified,us-grassroots
dirksen-derby--2010,dirksen-derby,2010,Dirksen Derby 4,2010-12-11,2010-12-12,Mt. Bachelor,"Bend, Oregon",USA,banked-slalom,held,,Total racers: 158.,https://www.dirksenderby.com/Race/DirksenDerby/Page-20 | https://www.dirksenderby.com/Race/DirksenDerby/Page-10,verified,us-grassroots
dirksen-derby--2011,dirksen-derby,2011,Dirksen Derby 5,2011-12-17,2011-12-18,Mt. Bachelor,"Bend, Oregon",USA,banked-slalom,held,,Total racers: 303.,https://www.dirksenderby.com/Race/DirksenDerby/Page-19 | https://www.dirksenderby.com/Race/DirksenDerby/Page-10,verified,us-grassroots
dirksen-derby--2012,dirksen-derby,2012,Dirksen Derby 6,2012-12-14,2012-12-16,"Carousel Chair, Mt. Bachelor","Bend, Oregon",USA,banked-slalom,held,,Total racers: 468.,https://www.dirksenderby.com/Race/DirksenDerby/Page-18 | https://www.dirksenderby.com/Race/DirksenDerby/Page-10,verified,us-grassroots
dirksen-derby--2013,dirksen-derby,2013,Dirksen Derby 7,2013-12-13,2013-12-15,"Little Pine Chair, Mt. Bachelor","Bend, Oregon",USA,banked-slalom,held,,Total racers: 473.,https://www.dirksenderby.com/Race/DirksenDerby/Page-17 | https://www.dirksenderby.com/Race/DirksenDerby/Page-10,verified,us-grassroots
dirksen-derby--2014,dirksen-derby,2014,Dirksen Derby 8,2014-12-12,2014-12-14,Mt. Bachelor,"Bend, Oregon",USA,banked-slalom,held,,Total racers: 498.,https://www.dirksenderby.com/Race/DirksenDerby/Page-16 | https://www.dirksenderby.com/Race/DirksenDerby/Page-10,verified,us-grassroots
dirksen-derby--2015,dirksen-derby,2015,Dirksen Derby 9,2015-12-11,2015-12-13,"Carousel Chair, Mt. Bachelor","Bend, Oregon",USA,banked-slalom,held,,Total racers: 607.,https://www.dirksenderby.com/Race/DirksenDerby/Page-15 | https://www.dirksenderby.com/Race/DirksenDerby/Page-10,verified,us-grassroots
dirksen-derby--2017-b,dirksen-derby,2017,Dirksen Derby 10,2017-12-15,2017-12-17,"Sunrise Lodge, Mt. Bachelor","Bend, Oregon",USA,banked-slalom,held,,Total racers: 540. No numbered Dirksen Derby ran in December 2016; the Dirksen Derby Night Session at Hoodoo in March 2017 sits between DD9 and DD10 in the organiser's history.,https://www.dirksenderby.com/Race/DirksenDerby/Page-14 | https://www.dirksenderby.com/Race/DirksenDerby/Page-10,verified,us-grassroots
dirksen-derby--2017-a,dirksen-derby,2017,Dirksen Derby Night Session,2017-03-24,2017-03-25,Hoodoo Ski Area,"Sisters, Oregon",USA,banked-slalom,held,,"A one-off night-racing edition held at Hoodoo, not at Mt. Bachelor, and listed separately from the numbered editions in the organiser's history ('DD NS'). 89 racers. It falls in the 2016-17 season, in which no numbered December Derby was run.",https://www.dirksenderby.com/Race/DirksenDerby/Page-24 | https://www.dirksenderby.com/Race/DirksenDerby/Page-10,verified,us-grassroots
dirksen-derby--2018,dirksen-derby,2018,Dirksen Derby 11,2018-12-14,2018-12-16,"Sunrise Lodge, Mt. Bachelor","Bend, Oregon",USA,banked-slalom,held,,Total racers: 405.,https://www.dirksenderby.com/Race/DirksenDerby/Page-13 | https://www.dirksenderby.com/Race/DirksenDerby/Page-10,verified,us-grassroots
dirksen-derby--2019,dirksen-derby,2019,Dirksen Derby 12,2019-12-13,2019-12-15,Mt. Bachelor,"Bend, Oregon",USA,banked-slalom,held,,Total racers: 407.,https://www.dirksenderby.com/Race/DirksenDerby/Page-12 | https://www.dirksenderby.com/Race/DirksenDerby/Page-10,verified,us-grassroots
dirksen-derby--2020,dirksen-derby,2020,Dirksen Derby 13,2020-11-24,2020-12-18,Virtual (Instagram),,USA,banked-slalom,held,,"Total racers: 83. Run as a virtual event on Instagram over several weeks rather than as a mass-start race weekend, during the COVID-19 pandemic. 83 competitors.",https://www.dirksenderby.com/Race/DirksenDerby/Page-11 | https://www.dirksenderby.com/Race/DirksenDerby/Page-10,verified,us-grassroots
dirksen-derby--2021,dirksen-derby,2021,Dirksen Derby 14,2021-12-17,2021-12-19,"Red Chair, Mt. Bachelor","Bend, Oregon",USA,banked-slalom,held,,Total racers: 425.,https://www.dirksenderby.com/Race/DirksenDerby/Page-9 | https://www.dirksenderby.com/Race/DirksenDerby/Page-10,verified,us-grassroots
dirksen-derby--2022,dirksen-derby,2022,Dirksen Derby 15,2022-12-16,2022-12-18,"Skyliner Chair, Mt. Bachelor","Bend, Oregon",USA,banked-slalom,held,,Total racers: 498.,https://www.dirksenderby.com/Race/DirksenDerby/Page-8 | https://www.dirksenderby.com/Race/DirksenDerby/Page-10,verified,us-grassroots
dirksen-derby--2023,dirksen-derby,2023,Dirksen Derby 16,2023-12-15,2023-12-17,"The Cone / Ed's Garden, Mt. Bachelor","Bend, Oregon",USA,banked-slalom,held,,Total racers: 503.,https://www.dirksenderby.com/Race/DirksenDerby/Page-27 | https://www.dirksenderby.com/Race/DirksenDerby/Page-10,verified,us-grassroots
dirksen-derby--2024,dirksen-derby,2024,Dirksen Derby 17,2024-12-20,2024-12-22,"Lower Flying Dutchman (Old Family Cross), Mt. Bachelor","Bend, Oregon",USA,banked-slalom,held,,Total racers: 499.,https://www.dirksenderby.com/Race/DirksenDerby/Page-28 | https://www.dirksenderby.com/Race/DirksenDerby/Page-10,verified,us-grassroots
dirksen-derby--2025,dirksen-derby,2025,Dirksen Derby 18,2025-12-19,2025-12-21,Mt. Bachelor,"Bend, Oregon",USA,banked-slalom,held,,"Over 500 participants across 24 divisions, ages 6 to 76, including elite, yogi, mini-shred and 'older & wiser' categories. Held on Mt. Bachelor's lower mountain.",https://bendmagazine.com/event/dirksen-derby-18-snowboard-rally-race/2025-12-21/ | https://www.dirksenderby.com/Race/DirksenDerby/Page-10,likely,us-grassroots
european-world-snowboarding-championships--1987,european-world-snowboarding-championships,1987,1987 European World Snowboarding Championships,1987-01,1987-01,Livigno / St. Moritz,,multiple,,held,,"Sources say only that 'Europeans host their own World Championships in January at Livigno, Italy and St. Moritz, Switzerland.' It is not clear from any source opened whether this was one championship split across two venues or two separate events. No dates, no format and no podium found.",https://www.snowboarder.com/news/snowboard-history-timeline-part-21980s | https://www.carvers.it/storia-inglese/ | https://snowboarding8090.com/history/,likely,legacy-80s-90s
fis-snowboard-junior-world-championships--1997,fis-snowboard-junior-world-championships,1997,1997 FIS Snowboard Junior World Championships,1997-02-22,1997-02-23,Corno alle Scale,"Corno alle Scale, Emilia-Romagna",Italy,giant-slalom | halfpipe,held,,First FIS Snowboard Junior World Championships. FIS entry '2xGS 2xHP'.,https://www.fis-ski.com/DB/general/calendar-results.html?sectorcode=SB&seasoncode=1997&categorycode=WJC,verified,olympics-fis
fis-snowboard-junior-world-championships--1998,fis-snowboard-junior-world-championships,1998,1998 FIS Snowboard Junior World Championships,1998-01-24,1998-01-25,Chamrousse,Chamrousse,France,giant-slalom | halfpipe,held,,,https://www.fis-ski.com/DB/general/calendar-results.html?sectorcode=SB&seasoncode=1998&categorycode=WJC,verified,olympics-fis
fis-snowboard-junior-world-championships--1999,fis-snowboard-junior-world-championships,1999,1999 FIS Snowboard Junior World Championships,1999-02-27,1999-02-28,Seiser Alm,Seiser Alm / Alpe di Siusi,Italy,parallel-giant-slalom | halfpipe,held,,,https://www.fis-ski.com/DB/general/calendar-results.html?sectorcode=SB&seasoncode=1999&categorycode=WJC,verified,olympics-fis
fis-snowboard-junior-world-championships--2000,fis-snowboard-junior-world-championships,2000,2000 FIS Snowboard Junior World Championships,2000-02-10,2000-02-13,Berchtesgaden,Berchtesgaden,Germany,parallel-giant-slalom | halfpipe | parallel-slalom,held,,,https://www.fis-ski.com/DB/general/calendar-results.html?sectorcode=SB&seasoncode=2000&categorycode=WJC,verified,olympics-fis
fis-snowboard-junior-world-championships--2001,fis-snowboard-junior-world-championships,2001,2001 FIS Snowboard Junior World Championships,2001-03-08,2001-03-10,Nassfeld-Hermagor,Nassfeld / Hermagor,Austria,parallel-giant-slalom | parallel-slalom | halfpipe,held,,,https://www.fis-ski.com/DB/general/calendar-results.html?sectorcode=SB&seasoncode=2001&categorycode=WJC,verified,olympics-fis
fis-snowboard-junior-world-championships--2002,fis-snowboard-junior-world-championships,2002,2002 FIS Snowboard Junior World Championships,2002-04-05,2002-04-07,"Ounasvaara, Rovaniemi",Rovaniemi,Finland,parallel-giant-slalom | halfpipe | boardercross,held,,,https://www.fis-ski.com/DB/general/calendar-results.html?sectorcode=SB&seasoncode=2002&categorycode=WJC,verified,olympics-fis
fis-snowboard-junior-world-championships--2003,fis-snowboard-junior-world-championships,2003,2003 FIS Snowboard Junior World Championships,2003-02-12,2003-02-15,Prato Nevoso,"Prato Nevoso, Piedmont",Italy,boardercross | halfpipe | parallel-giant-slalom,held,,,https://www.fis-ski.com/DB/general/calendar-results.html?sectorcode=SB&seasoncode=2003&categorycode=WJC,verified,olympics-fis
fis-snowboard-junior-world-championships--2004,fis-snowboard-junior-world-championships,2004,2004 FIS Snowboard Junior World Championships,2004-02-11,2004-02-14,Klinovec (CZE) and Oberwiesenthal (GER),Klinovec and Oberwiesenthal,multiple,parallel-giant-slalom | halfpipe | boardercross | big-air,held,,"Split across two neighbouring venues either side of the Czech-German border: Klinovec 11-13 Feb (2xPGS 2xHP), Oberwiesenthal 12-14 Feb (2xSBX 2xBA).",https://www.fis-ski.com/DB/general/calendar-results.html?sectorcode=SB&seasoncode=2004&categorycode=WJC,verified,olympics-fis
fis-snowboard-junior-world-championships--2005,fis-snowboard-junior-world-championships,2005,2005 FIS Snowboard Junior World Championships,2005-04-21,2005-04-24,Zermatt,Zermatt,Switzerland,big-air | boardercross | halfpipe | parallel-giant-slalom,held,,,https://www.fis-ski.com/DB/general/calendar-results.html?sectorcode=SB&seasoncode=2005&categorycode=WJC,verified,olympics-fis
fis-snowboard-junior-world-championships--2006,fis-snowboard-junior-world-championships,2006,2006 FIS Snowboard Junior World Championships,2006-02-03,2006-02-06,Vivaldi Park,Hongcheon,South Korea,boardercross | halfpipe | big-air | parallel-giant-slalom,held,,,https://www.fis-ski.com/DB/general/calendar-results.html?sectorcode=SB&seasoncode=2006&categorycode=WJC,verified,olympics-fis
fis-snowboard-junior-world-championships--2007,fis-snowboard-junior-world-championships,2007,2007 FIS Snowboard Junior World Championships,2007-04-11,2007-04-13,Bad Gastein,Bad Gastein,Austria,boardercross | parallel-giant-slalom | parallel-slalom | big-air,held,,,https://www.fis-ski.com/DB/general/calendar-results.html?sectorcode=SB&seasoncode=2007&categorycode=WJC,verified,olympics-fis
fis-snowboard-junior-world-championships--2008,fis-snowboard-junior-world-championships,2008,2008 FIS Snowboard Junior World Championships,2008-03-16,2008-03-23,Chiesa in Valmalenco,"Chiesa in Valmalenco, Lombardy",Italy,slopestyle | halfpipe | big-air | parallel-giant-slalom | parallel-slalom,held,,,https://www.fis-ski.com/DB/general/calendar-results.html?sectorcode=SB&seasoncode=2008&categorycode=WJC,verified,olympics-fis
fis-snowboard-junior-world-championships--2009,fis-snowboard-junior-world-championships,2009,2009 FIS Snowboard Junior World Championships,2009-03-01,2009-03-07,Nagano,Nagano,Japan,boardercross | parallel-giant-slalom | parallel-slalom | halfpipe,held,,,https://www.fis-ski.com/DB/general/calendar-results.html?sectorcode=SB&seasoncode=2009&categorycode=WJC,verified,olympics-fis
fis-snowboard-junior-world-championships--2010,fis-snowboard-junior-world-championships,2010,2010 FIS Snowboard Junior World Championships,2010-08-20,2010-08-31,Otago,Otago,New Zealand,slopestyle | boardercross | halfpipe | parallel-giant-slalom | parallel-slalom | big-air,held,,"Held in the southern-hemisphere winter, August 2010.",https://www.fis-ski.com/DB/general/calendar-results.html?sectorcode=SB&seasoncode=2010&categorycode=WJC,verified,olympics-fis
fis-snowboard-junior-world-championships--2011,fis-snowboard-junior-world-championships,2011,2011 FIS Snowboard Junior World Championships,2011-03-28,2011-04-04,Chiesa in Valmalenco,"Chiesa in Valmalenco, Lombardy",Italy,,held,,,https://www.fis-ski.com/DB/general/calendar-results.html?sectorcode=SB&seasoncode=2011&categorycode=WJC,verified,olympics-fis
fis-snowboard-junior-world-championships--2012,fis-snowboard-junior-world-championships,2012,2012 FIS Snowboard Junior World Championships,2012-03-23,2012-04-01,Sierra Nevada,"Sierra Nevada, Andalusia",Spain,boardercross | halfpipe | parallel-giant-slalom | parallel-slalom | slopestyle,held,,,https://www.fis-ski.com/DB/general/calendar-results.html?sectorcode=SB&seasoncode=2012&categorycode=WJC,verified,olympics-fis
fis-snowboard-junior-world-championships--2013,fis-snowboard-junior-world-championships,2013,2013 FIS Snowboard Junior World Championships,2013-02-28,2013-03-11,Erzurum,Erzurum,Turkey,halfpipe | parallel-giant-slalom | parallel-slalom | slopestyle | boardercross,held,,,https://www.fis-ski.com/DB/general/calendar-results.html?sectorcode=SB&seasoncode=2013&categorycode=WJC,verified,olympics-fis
fis-snowboard-junior-world-championships--2014,fis-snowboard-junior-world-championships,2014,2014 FIS Snowboard Junior World Championships,2014-03-24,2014-04-03,Chiesa in Valmalenco,"Chiesa in Valmalenco, Lombardy",Italy,parallel-giant-slalom | parallel-slalom | halfpipe | slopestyle | big-air | boardercross,held,,,https://www.fis-ski.com/DB/general/calendar-results.html?sectorcode=SB&seasoncode=2014&categorycode=WJC,verified,olympics-fis
fis-snowboard-junior-world-championships--2015,fis-snowboard-junior-world-championships,2015,2015 FIS Snowboard Junior World Championships,2015-03-06,2015-03-16,Yabuli,"Yabuli, Heilongjiang",China,,held,,,https://www.fis-ski.com/DB/general/calendar-results.html?sectorcode=SB&seasoncode=2015&categorycode=WJC,verified,olympics-fis
fis-snowboard-junior-world-championships--2016,fis-snowboard-junior-world-championships,2016,2016 FIS Snowboard Junior World Championships,2016-03-26,2016-04-06,Seiser Alm (ITA) and Rogla (SLO),Seiser Alm and Rogla,multiple,slopestyle | big-air | parallel-giant-slalom | parallel-slalom | boardercross | team,held,,"Two venues: Seiser Alm 26-30 Mar (2xSS 2xBA), Rogla 2-6 Apr (2xPGS 2xPSL 2xSBX 2xBXT).",https://www.fis-ski.com/DB/general/calendar-results.html?sectorcode=SB&seasoncode=2016&categorycode=WJC,verified,olympics-fis
fis-snowboard-junior-world-championships--2017,fis-snowboard-junior-world-championships,2017,2017 FIS Snowboard Junior World Championships,2017-02-18,2017-04-01,"Klinovec (CZE), Laax (SUI), Spindleruv Mlyn (CZE)","Klinovec, Laax, Spindleruv Mlyn",multiple,boardercross | team | parallel-giant-slalom | parallel-slalom | halfpipe | slopestyle | big-air,held,,"Three venues: Klinovec 18-21 Feb (SBX, BXT, PGS, PSL), Laax 20 Mar (HP), Spindleruv Mlyn 29 Mar - 1 Apr (SS, BA).",https://www.fis-ski.com/DB/general/calendar-results.html?sectorcode=SB&seasoncode=2017&categorycode=WJC,verified,olympics-fis
fis-snowboard-junior-world-championships--2018,fis-snowboard-junior-world-championships,2018,2018 FIS Snowboard Junior World Championships,2018-08-24,2018-09-06,Cardrona,"Cardrona, Otago",New Zealand,big-air | boardercross | team | slopestyle | halfpipe | parallel-giant-slalom | parallel-slalom,held,,Southern-hemisphere edition. FIS files this event under seasoncode 2018 despite the August/September 2018 dates - flagged as a season-coding quirk rather than a date error.,https://www.fis-ski.com/DB/general/calendar-results.html?sectorcode=SB&seasoncode=2018&categorycode=WJC,likely,olympics-fis
fis-snowboard-junior-world-championships--2019,fis-snowboard-junior-world-championships,2019,2019 FIS Snowboard Junior World Championships,2019-01-26,2019-04-14,"Leysin (SUI), Rogla (SLO), Reiteralm (AUT), Klaeppen (SWE)","Leysin, Rogla, Reiteralm, Klaeppen",multiple,,held,,"Four venues: Leysin 26-27 Jan, Rogla 29 Mar - 5 Apr, Reiteralm 31 Mar - 3 Apr, Klaeppen 4-14 Apr. Discipline split per venue not recorded here.",https://www.fis-ski.com/DB/general/calendar-results.html?sectorcode=SB&seasoncode=2019&categorycode=WJC,likely,olympics-fis
fis-snowboard-junior-world-championships--2020,fis-snowboard-junior-world-championships,2020,2020 FIS Snowboard Junior World Championships,2020-03-23,2020-04-01,St. Lary (FRA) and Lachtal (AUT),St. Lary and Lachtal,multiple,,unconfirmed,Listed on the FIS calendar but held during the March 2020 COVID-19 shutdown; not confirmed as run.,"Two venues listed on the FIS calendar: St. Lary 23-25 Mar 2020, Lachtal 27 Mar - 1 Apr 2020. Both fall inside the COVID-19 shutdown of European competition; whether they were actually run has NOT been verified. See open_questions.",https://www.fis-ski.com/DB/general/calendar-results.html?sectorcode=SB&seasoncode=2020&categorycode=WJC,likely,olympics-fis
fis-snowboard-junior-world-championships--2021,fis-snowboard-junior-world-championships,2021,2021 FIS Snowboard Junior World Championships,2020-12-19,2021-03-28,Lachtal (AUT) and Krasnoyarsk (RUS),Lachtal and Krasnoyarsk,multiple,parallel-giant-slalom | parallel-slalom,held,,"Two venues: Lachtal 19-21 Dec 2020 (parallel events, held in the calendar year before the edition year), Krasnoyarsk 15-28 Mar 2021.",https://www.fis-ski.com/DB/general/calendar-results.html?sectorcode=SB&seasoncode=2021&categorycode=WJC,likely,olympics-fis
fis-snowboard-junior-world-championships--2022,fis-snowboard-junior-world-championships,2022,2022 FIS Snowboard Junior World Championships,2022-03-06,2022-04-04,"Leysin (SUI), Veysonnaz (SUI), Chiesa in Valmalenco (ITA)","Leysin, Veysonnaz, Chiesa in Valmalenco",multiple,halfpipe | big-air | slopestyle | boardercross | parallel-giant-slalom | parallel-slalom | team,held,,"Three venues: Leysin 6-13 Mar (HP, BA, SS), Veysonnaz 29 Mar - 1 Apr (SBX), Chiesa in Valmalenco 29 Mar - 4 Apr (PGS, PSL, BXT, PRT).",https://www.fis-ski.com/DB/general/calendar-results.html?sectorcode=SB&seasoncode=2022&categorycode=WJC,verified,olympics-fis
fis-snowboard-junior-world-championships--2023,fis-snowboard-junior-world-championships,2023,2023 FIS Snowboard Junior World Championships,2023-03-22,2023-09-08,"Bansko (BUL), Passo San Pellegrino (ITA), Cardrona (NZL)","Bansko, Passo San Pellegrino, Cardrona",multiple,,held,,"Three venues listed under FIS seasoncode 2023: Bansko 22-27 Mar 2023, Passo San Pellegrino 30-31 Mar 2023, Cardrona 28 Aug - 8 Sep 2023. Whether the Cardrona leg belongs to this edition or to the following one is unresolved - see open_questions.",https://www.fis-ski.com/DB/general/calendar-results.html?sectorcode=SB&seasoncode=2023&categorycode=WJC,likely,olympics-fis
fis-snowboard-junior-world-championships--2024,fis-snowboard-junior-world-championships,2024,2024 FIS Snowboard Junior World Championships,2024-03-22,2024-04-07,"Lachtal (AUT), Livigno/Mottolino (ITA), Gudauri (GEO)","Lachtal, Livigno, Gudauri",multiple,parallel-giant-slalom | parallel-slalom | team | slopestyle | big-air | boardercross,held,,"Three venues: Lachtal 22-24 Mar (PGS, PSL, PRT), Livigno/Mottolino 22-30 Mar (SS, BA), Gudauri 3-7 Apr (SBX, BXT).",https://www.fis-ski.com/DB/general/calendar-results.html?sectorcode=SB&seasoncode=2024&categorycode=WJC,verified,olympics-fis
fis-snowboard-junior-world-championships--2025,fis-snowboard-junior-world-championships,2025,2025 FIS Snowboard Junior World Championships,2025-03-04,2025-04-13,Zakopane/Suche (POL) and Isola 2000 (FRA),Zakopane and Isola 2000,multiple,,held,,"Two venues: Zakopane/Suche 4-6 Mar 2025, Isola 2000 11-13 Apr 2025.",https://www.fis-ski.com/DB/general/calendar-results.html?sectorcode=SB&seasoncode=2025&categorycode=WJC,likely,olympics-fis
fis-snowboard-junior-world-championships--2026,fis-snowboard-junior-world-championships,2026,2026 FIS Snowboard Junior World Championships,2026-02-26,2026-03-29,"Calgary (CAN), St. Moritz (SUI), Folgaria (ITA)","Calgary, St. Moritz, Folgaria",multiple,slopestyle | big-air | halfpipe | team | boardercross | parallel-giant-slalom | parallel-slalom,held,,"Three venues: Calgary 26 Feb - 7 Mar (SS, BA, HP, ST), St. Moritz 13-16 Mar (SBX, BXT), Folgaria 27-29 Mar (PGS, PSL, PRT). Most recent edition as of September 2026.",https://www.fis-ski.com/DB/general/calendar-results.html?sectorcode=SB&seasoncode=2026&categorycode=WJC,verified,olympics-fis
fis-snowboard-world-championships--1996,fis-snowboard-world-championships,1996,1996 FIS Snowboarding World Championships,1996-01-24,1996-01-28,Lienz,Lienz,Austria,halfpipe | giant-slalom | parallel-slalom,held,,First FIS Snowboard World Championships. FIS calendar entry reads 'Lienz WSC 2xHP 2xGS 2xPSL'.,https://www.fis-ski.com/DB/general/calendar-results.html?sectorcode=SB&seasoncode=1996&categorycode=WSC,verified,olympics-fis
fis-snowboard-world-championships--1997,fis-snowboard-world-championships,1997,1997 FIS Snowboarding World Championships,1997-01-21,1997-01-26,San Candido (Innichen),San Candido,Italy,giant-slalom | slalom | halfpipe | parallel-slalom | boardercross,held,,Held in consecutive years with 1996 before the championships settled into a biennial cycle. FIS entry: '2xGS 2xSL 2xHP 2xPSL 2xSBX'.,https://www.fis-ski.com/DB/general/calendar-results.html?sectorcode=SB&seasoncode=1997&categorycode=WSC,verified,olympics-fis
fis-snowboard-world-championships--1999,fis-snowboard-world-championships,1999,1999 FIS Snowboarding World Championships,1999-01-12,1999-01-17,Berchtesgaden,Berchtesgaden,Germany,giant-slalom | parallel-giant-slalom | parallel-slalom | halfpipe | boardercross,held,,FIS calendar gives 12-17 Jan 1999; the English Wikipedia article gives 12-19 January. FIS date used here.,https://www.fis-ski.com/DB/general/calendar-results.html?sectorcode=SB&seasoncode=1999&categorycode=WSC,verified,olympics-fis
fis-snowboard-world-championships--2001,fis-snowboard-world-championships,2001,2001 FIS Snowboarding World Championships,2001-01-23,2001-01-28,Madonna di Campiglio,Madonna di Campiglio,Italy,giant-slalom | parallel-giant-slalom | parallel-slalom | halfpipe | boardercross,held,,FIS calendar gives 23-28 Jan 2001; English Wikipedia gives 22-28 January. FIS date used here.,https://www.fis-ski.com/DB/general/calendar-results.html?sectorcode=SB&seasoncode=2001&categorycode=WSC,verified,olympics-fis
fis-snowboard-world-championships--2003,fis-snowboard-world-championships,2003,2003 FIS Snowboarding World Championships,2003-01-12,2003-01-19,Kreischberg,"Kreischberg, Styria",Austria,parallel-giant-slalom | parallel-slalom | halfpipe | boardercross | big-air,held,,Big air added to the world championship programme. FIS entry: '2xPGS 2xPSL 2xHP 2xSBX BA'.,https://www.fis-ski.com/DB/general/calendar-results.html?sectorcode=SB&seasoncode=2003&categorycode=WSC,verified,olympics-fis
fis-snowboard-world-championships--2005,fis-snowboard-world-championships,2005,2005 FIS Snowboarding World Championships,2005-01-15,2005-01-23,Whistler,"Whistler, British Columbia",Canada,boardercross | parallel-giant-slalom | parallel-slalom | halfpipe | big-air,held,,FIS calendar gives 15-23 Jan 2005; English Wikipedia gives 16-22 January. FIS date used here.,https://www.fis-ski.com/DB/general/calendar-results.html?sectorcode=SB&seasoncode=2005&categorycode=WSC,verified,olympics-fis
fis-snowboard-world-championships--2007,fis-snowboard-world-championships,2007,2007 FIS Snowboarding World Championships,2007-01-14,2007-01-20,Arosa,Arosa,Switzerland,boardercross | parallel-giant-slalom | parallel-slalom | halfpipe | big-air,held,,,https://www.fis-ski.com/DB/general/calendar-results.html?sectorcode=SB&seasoncode=2007&categorycode=WSC,verified,olympics-fis
fis-snowboard-world-championships--2009,fis-snowboard-world-championships,2009,2009 FIS Snowboarding World Championships,2009-01-15,2009-01-25,Gangwon,Gangwon Province,South Korea,boardercross | parallel-giant-slalom | parallel-slalom | halfpipe | big-air,held,,FIS calendar gives 15-25 Jan 2009; English Wikipedia gives 17-24 January. FIS date used here.,https://www.fis-ski.com/DB/general/calendar-results.html?sectorcode=SB&seasoncode=2009&categorycode=WSC,verified,olympics-fis
fis-snowboard-world-championships--2011,fis-snowboard-world-championships,2011,2011 FIS Snowboarding World Championships,2011-01-14,2011-01-23,La Molina,"La Molina, Catalonia",Spain,boardercross | halfpipe | parallel-giant-slalom | parallel-slalom | slopestyle | big-air,held,,Slopestyle added to the world championship programme. FIS entry: '2xSBX 2xHP 2xPGS 2xPSL 2xSS BA'.,https://www.fis-ski.com/DB/general/calendar-results.html?sectorcode=SB&seasoncode=2011&categorycode=WSC,verified,olympics-fis
fis-snowboard-world-championships--2013,fis-snowboard-world-championships,2013,2013 FIS Snowboarding World Championships,2013-01-17,2013-01-27,Stoneham,"Stoneham-et-Tewkesbury, Quebec",Canada,slopestyle | halfpipe | boardercross | parallel-giant-slalom | parallel-slalom | big-air,held,,FIS calendar gives 17-27 Jan 2013; English Wikipedia gives 18-27 January. FIS date used here.,https://www.fis-ski.com/DB/general/calendar-results.html?sectorcode=SB&seasoncode=2013&categorycode=WSC,verified,olympics-fis
fis-snowboard-world-championships--2015,fis-snowboard-world-championships,2015,2015 FIS Snowboarding World Championships,2015-01-15,2015-01-25,Kreischberg,"Kreischberg, Styria",Austria,boardercross | halfpipe | slopestyle | parallel-slalom | parallel-giant-slalom | big-air,held,,First edition run jointly with the FIS Freestyle World Ski Championships.,https://www.fis-ski.com/DB/general/calendar-results.html?sectorcode=SB&seasoncode=2015&categorycode=WSC,verified,olympics-fis
fis-snowboard-world-championships--2017,fis-snowboard-world-championships,2017,2017 FIS Snowboarding World Championships,2017-03-07,2017-03-19,Sierra Nevada,"Sierra Nevada, Andalusia",Spain,slopestyle | halfpipe | boardercross | big-air | parallel-giant-slalom | parallel-slalom | team,held,,First world championships held in March rather than January. FIS entry includes BXT (team snowboard cross).,https://www.fis-ski.com/DB/general/calendar-results.html?sectorcode=SB&seasoncode=2017&categorycode=WSC,verified,olympics-fis
fis-snowboard-world-championships--2019,fis-snowboard-world-championships,2019,2019 FIS Snowboarding World Championships,2019-01-31,2019-02-10,Park City,"Park City, Utah",United States,boardercross | parallel-giant-slalom | parallel-slalom | big-air | halfpipe | slopestyle | team,held,,FIS lists the host as Park City; English Wikipedia describes the host as Utah (Park City and Solitude). FIS dates 31 Jan - 10 Feb 2019 used here; Wikipedia gives 1-10 February.,https://www.fis-ski.com/DB/general/calendar-results.html?sectorcode=SB&seasoncode=2019&categorycode=WSC,verified,olympics-fis
fis-snowboard-world-championships--2021,fis-snowboard-world-championships,2021,2021 FIS Snowboarding World Championships,2021-02-09,2021-03-16,,"Idre Fjall (SWE), Rogla (SLO), Aspen, Colorado (USA)",multiple,boardercross | team | parallel-giant-slalom | parallel-slalom | halfpipe | slopestyle | big-air,held,,"Split across three venues in three countries: snowboard cross and team cross at Idre Fjall, Sweden 9-12 Feb 2021; parallel giant slalom and parallel slalom at Rogla, Slovenia 1-2 Mar 2021; halfpipe, slopestyle and big air at Aspen, USA 7-16 Mar 2021. Start and end dates span the whole championship.",https://www.fis-ski.com/DB/general/calendar-results.html?sectorcode=SB&seasoncode=2021&categorycode=WSC,verified,olympics-fis
fis-snowboard-world-championships--2023,fis-snowboard-world-championships,2023,2023 FIS Snowboarding World Championships,2023-02-19,2023-03-05,Bakuriani,Bakuriani,Georgia,parallel-giant-slalom | parallel-slalom | slopestyle | halfpipe | boardercross | big-air | team,held,,FIS calendar gives 19 Feb - 5 Mar 2023; English Wikipedia gives 19 February - 4 March. FIS date used here.,https://www.fis-ski.com/DB/general/calendar-results.html?sectorcode=SB&seasoncode=2023&categorycode=WSC,verified,olympics-fis
fis-snowboard-world-championships--2025,fis-snowboard-world-championships,2025,2025 FIS Snowboarding World Championships,2025-03-16,2025-03-30,Engadin,Engadin (St. Moritz region),Switzerland,parallel-giant-slalom | slopestyle | parallel-slalom | big-air | boardercross | halfpipe | team,held,,Most recent completed world championships as of September 2026. FIS calendar gives 16-30 Mar 2025; English Wikipedia gives 18-30 March. FIS date used here.,https://www.fis-ski.com/DB/general/calendar-results.html?sectorcode=SB&seasoncode=2025&categorycode=WSC,verified,olympics-fis
fis-snowboard-world-cup--1995,fis-snowboard-world-cup,1995,1994/95 FIS Snowboard World Cup season,1994-11-24,1995-02-26,,,multiple,,held,,"Inaugural season. FIS calendar lists 9 event weekends: Zell am See/Kaprun (AUT), Pitztal (AUT), Les Deux Alpes (FRA), San Candido (ITA), Hindelang-Oberjoch (GER), Alts (JPN), Mt. Bachelor OR (USA), Breckenridge CO (USA), Calgary (CAN). FIS calendar lists 9 World Cup event weekends for this season. Counts are of calendar rows (each row can carry several races) and include any events later cancelled; they have not been reconciled against results actually run. Row represents the whole season, keyed to the season end year, not a single stop.",https://www.fis-ski.com/DB/general/calendar-results.html?sectorcode=SB&seasoncode=1995&categorycode=WC,verified,olympics-fis
fis-snowboard-world-cup--1996,fis-snowboard-world-cup,1996,1995/96 FIS Snowboard World Cup season,1995-11-21,1996-03-17,,,multiple,,held,,"FIS calendar lists 16 event weekends across Europe, Japan and North America. FIS calendar lists 16 World Cup event weekends for this season. Counts are of calendar rows (each row can carry several races) and include any events later cancelled; they have not been reconciled against results actually run. Row represents the whole season, keyed to the season end year, not a single stop.",https://www.fis-ski.com/DB/general/calendar-results.html?sectorcode=SB&seasoncode=1996&categorycode=WC,verified,olympics-fis
fis-snowboard-world-cup--1997,fis-snowboard-world-cup,1997,1996/97 FIS Snowboard World Cup season,1996-11-23,1997-03-16,,,multiple,,held,,"FIS calendar lists 16 World Cup event weekends for this season. Counts are of calendar rows (each row can carry several races) and include any events later cancelled; they have not been reconciled against results actually run. Row represents the whole season, keyed to the season end year, not a single stop.",https://www.fis-ski.com/DB/general/calendar-results.html?sectorcode=SB&seasoncode=1997&categorycode=WC,verified,olympics-fis
fis-snowboard-world-cup--1998,fis-snowboard-world-cup,1998,1997/98 FIS Snowboard World Cup season,1997-11-13,1998-03-14,,,multiple,,held,,"Olympic season (Nagano 1998). FIS calendar lists 15 World Cup event weekends for this season. Counts are of calendar rows (each row can carry several races) and include any events later cancelled; they have not been reconciled against results actually run. Row represents the whole season, keyed to the season end year, not a single stop.",https://www.fis-ski.com/DB/general/calendar-results.html?sectorcode=SB&seasoncode=1998&categorycode=WC,verified,olympics-fis
fis-snowboard-world-cup--1999,fis-snowboard-world-cup,1999,1998/99 FIS Snowboard World Cup season,1998-11-13,1999-03-14,,,multiple,,held,,"FIS calendar lists 16 World Cup event weekends for this season. Counts are of calendar rows (each row can carry several races) and include any events later cancelled; they have not been reconciled against results actually run. Row represents the whole season, keyed to the season end year, not a single stop.",https://www.fis-ski.com/DB/general/calendar-results.html?sectorcode=SB&seasoncode=1999&categorycode=WC,verified,olympics-fis
fis-snowboard-world-cup--2000,fis-snowboard-world-cup,2000,1999/00 FIS Snowboard World Cup season,1999-11-27,2000-03-18,,,multiple,,held,,"FIS calendar lists 20 World Cup event weekends for this season. Counts are of calendar rows (each row can carry several races) and include any events later cancelled; they have not been reconciled against results actually run. Row represents the whole season, keyed to the season end year, not a single stop.",https://www.fis-ski.com/DB/general/calendar-results.html?sectorcode=SB&seasoncode=2000&categorycode=WC,verified,olympics-fis
fis-snowboard-world-cup--2001,fis-snowboard-world-cup,2001,2000/01 FIS Snowboard World Cup season,2000-11-17,2001-03-17,,,multiple,,held,,"FIS calendar lists 20 World Cup event weekends for this season. Counts are of calendar rows (each row can carry several races) and include any events later cancelled; they have not been reconciled against results actually run. Row represents the whole season, keyed to the season end year, not a single stop.",https://www.fis-ski.com/DB/general/calendar-results.html?sectorcode=SB&seasoncode=2001&categorycode=WC,verified,olympics-fis
fis-snowboard-world-cup--2002,fis-snowboard-world-cup,2002,2001/02 FIS Snowboard World Cup season,2001-09-06,2002-03-23,,,multiple,,held,,"First season to open in the southern-hemisphere/glacier window in September. Olympic season (Salt Lake City 2002). FIS calendar lists 16 World Cup event weekends for this season. Counts are of calendar rows (each row can carry several races) and include any events later cancelled; they have not been reconciled against results actually run. Row represents the whole season, keyed to the season end year, not a single stop.",https://www.fis-ski.com/DB/general/calendar-results.html?sectorcode=SB&seasoncode=2002&categorycode=WC,verified,olympics-fis
fis-snowboard-world-cup--2003,fis-snowboard-world-cup,2003,2002/03 FIS Snowboard World Cup season,2002-09-12,2003-03-16,,,multiple,,held,,"FIS calendar lists 18 World Cup event weekends for this season. Counts are of calendar rows (each row can carry several races) and include any events later cancelled; they have not been reconciled against results actually run. Row represents the whole season, keyed to the season end year, not a single stop.",https://www.fis-ski.com/DB/general/calendar-results.html?sectorcode=SB&seasoncode=2003&categorycode=WC,verified,olympics-fis
fis-snowboard-world-cup--2004,fis-snowboard-world-cup,2004,2003/04 FIS Snowboard World Cup season,2003-09-12,2004-03-14,,,multiple,,held,,"Season opened at Valle Nevado (CHI) and closed at Bardonecchia (ITA). FIS calendar lists 23 World Cup event weekends for this season. Counts are of calendar rows (each row can carry several races) and include any events later cancelled; they have not been reconciled against results actually run. Row represents the whole season, keyed to the season end year, not a single stop.",https://www.fis-ski.com/DB/general/calendar-results.html?sectorcode=SB&seasoncode=2004&categorycode=WC,verified,olympics-fis
fis-snowboard-world-cup--2005,fis-snowboard-world-cup,2005,2004/05 FIS Snowboard World Cup season,2004-09-16,2005-03-19,,,multiple,,held,,"FIS calendar lists 25 World Cup event weekends for this season. Counts are of calendar rows (each row can carry several races) and include any events later cancelled; they have not been reconciled against results actually run. Row represents the whole season, keyed to the season end year, not a single stop.",https://www.fis-ski.com/DB/general/calendar-results.html?sectorcode=SB&seasoncode=2005&categorycode=WC,verified,olympics-fis
fis-snowboard-world-cup--2006,fis-snowboard-world-cup,2006,2005/06 FIS Snowboard World Cup season,2005-09-14,2006-03-19,,,multiple,,held,,"Olympic season (Torino 2006). FIS calendar lists 24 World Cup event weekends for this season. Counts are of calendar rows (each row can carry several races) and include any events later cancelled; they have not been reconciled against results actually run. Row represents the whole season, keyed to the season end year, not a single stop.",https://www.fis-ski.com/DB/general/calendar-results.html?sectorcode=SB&seasoncode=2006&categorycode=WC,verified,olympics-fis
fis-snowboard-world-cup--2007,fis-snowboard-world-cup,2007,2006/07 FIS Snowboard World Cup season,2006-10-13,2007-03-18,,,multiple,,held,,"FIS calendar lists 18 World Cup event weekends for this season. Counts are of calendar rows (each row can carry several races) and include any events later cancelled; they have not been reconciled against results actually run. Row represents the whole season, keyed to the season end year, not a single stop.",https://www.fis-ski.com/DB/general/calendar-results.html?sectorcode=SB&seasoncode=2007&categorycode=WC,verified,olympics-fis
fis-snowboard-world-cup--2008,fis-snowboard-world-cup,2008,2007/08 FIS Snowboard World Cup season,2007-08-31,2008-03-16,,,multiple,,held,,"FIS calendar lists 26 World Cup event weekends for this season. Counts are of calendar rows (each row can carry several races) and include any events later cancelled; they have not been reconciled against results actually run. Row represents the whole season, keyed to the season end year, not a single stop.",https://www.fis-ski.com/DB/general/calendar-results.html?sectorcode=SB&seasoncode=2008&categorycode=WC,verified,olympics-fis
fis-snowboard-world-cup--2009,fis-snowboard-world-cup,2009,2008/09 FIS Snowboard World Cup season,2008-09-06,2009-03-22,,,multiple,,held,,"FIS calendar lists 24 World Cup event weekends for this season. Counts are of calendar rows (each row can carry several races) and include any events later cancelled; they have not been reconciled against results actually run. Row represents the whole season, keyed to the season end year, not a single stop.",https://www.fis-ski.com/DB/general/calendar-results.html?sectorcode=SB&seasoncode=2009&categorycode=WC,verified,olympics-fis
fis-snowboard-world-cup--2010,fis-snowboard-world-cup,2010,2009/10 FIS Snowboard World Cup season,2009-08-25,2010-03-21,,,multiple,,held,,"Olympic season (Vancouver 2010). FIS calendar lists 22 World Cup event weekends for this season. Counts are of calendar rows (each row can carry several races) and include any events later cancelled; they have not been reconciled against results actually run. Row represents the whole season, keyed to the season end year, not a single stop.",https://www.fis-ski.com/DB/general/calendar-results.html?sectorcode=SB&seasoncode=2010&categorycode=WC,verified,olympics-fis
fis-snowboard-world-cup--2011,fis-snowboard-world-cup,2011,2010/11 FIS Snowboard World Cup season,2010-10-10,2011-03-27,,,multiple,,held,,"FIS calendar lists 20 World Cup event weekends for this season. Counts are of calendar rows (each row can carry several races) and include any events later cancelled; they have not been reconciled against results actually run. Row represents the whole season, keyed to the season end year, not a single stop.",https://www.fis-ski.com/DB/general/calendar-results.html?sectorcode=SB&seasoncode=2011&categorycode=WC,verified,olympics-fis
fis-snowboard-world-cup--2012,fis-snowboard-world-cup,2012,2011/12 FIS Snowboard World Cup season,2011-08-27,2012-03-18,,,multiple,,held,,"FIS calendar lists 24 World Cup event weekends for this season. Counts are of calendar rows (each row can carry several races) and include any events later cancelled; they have not been reconciled against results actually run. Row represents the whole season, keyed to the season end year, not a single stop.",https://www.fis-ski.com/DB/general/calendar-results.html?sectorcode=SB&seasoncode=2012&categorycode=WC,verified,olympics-fis
fis-snowboard-world-cup--2013,fis-snowboard-world-cup,2013,2012/13 FIS Snowboard World Cup season,2012-08-24,2013-03-27,,,multiple,,held,,"FIS calendar lists 20 World Cup event weekends for this season. Counts are of calendar rows (each row can carry several races) and include any events later cancelled; they have not been reconciled against results actually run. Row represents the whole season, keyed to the season end year, not a single stop.",https://www.fis-ski.com/DB/general/calendar-results.html?sectorcode=SB&seasoncode=2013&categorycode=WC,verified,olympics-fis
fis-snowboard-world-cup--2014,fis-snowboard-world-cup,2014,2013/14 FIS Snowboard World Cup season,2013-08-18,2014-03-15,,,multiple,,held,,"Olympic season (Sochi 2014); smallest World Cup calendar since 1998. FIS calendar lists 15 World Cup event weekends for this season. Counts are of calendar rows (each row can carry several races) and include any events later cancelled; they have not been reconciled against results actually run. Row represents the whole season, keyed to the season end year, not a single stop.",https://www.fis-ski.com/DB/general/calendar-results.html?sectorcode=SB&seasoncode=2014&categorycode=WC,verified,olympics-fis
fis-snowboard-world-cup--2015,fis-snowboard-world-cup,2015,2014/15 FIS Snowboard World Cup season,2014-12-04,2015-03-21,,,multiple,,held,,"FIS calendar lists 16 World Cup event weekends for this season. Counts are of calendar rows (each row can carry several races) and include any events later cancelled; they have not been reconciled against results actually run. Row represents the whole season, keyed to the season end year, not a single stop.",https://www.fis-ski.com/DB/general/calendar-results.html?sectorcode=SB&seasoncode=2015&categorycode=WC,verified,olympics-fis
fis-snowboard-world-cup--2016,fis-snowboard-world-cup,2016,2015/16 FIS Snowboard World Cup season,2015-08-18,2016-03-20,,,multiple,,held,,"FIS calendar lists 29 World Cup event weekends for this season. Counts are of calendar rows (each row can carry several races) and include any events later cancelled; they have not been reconciled against results actually run. Row represents the whole season, keyed to the season end year, not a single stop.",https://www.fis-ski.com/DB/general/calendar-results.html?sectorcode=SB&seasoncode=2016&categorycode=WC,verified,olympics-fis
fis-snowboard-world-cup--2017,fis-snowboard-world-cup,2017,2016/17 FIS Snowboard World Cup season,2016-11-12,2017-03-26,,,multiple,,held,,"Season opened in Milan (ITA) and closed at Veysonnaz (SUI). FIS calendar lists 36 World Cup event weekends for this season. Counts are of calendar rows (each row can carry several races) and include any events later cancelled; they have not been reconciled against results actually run. Row represents the whole season, keyed to the season end year, not a single stop.",https://www.fis-ski.com/DB/general/calendar-results.html?sectorcode=SB&seasoncode=2017&categorycode=WC,verified,olympics-fis
fis-snowboard-world-cup--2018,fis-snowboard-world-cup,2018,2017/18 FIS Snowboard World Cup season,2017-09-03,2018-03-25,,,multiple,,held,,"Olympic season (PyeongChang 2018). Opened at Cardrona (NZL), closed at Quebec City (CAN). FIS calendar lists 33 World Cup event weekends for this season. Counts are of calendar rows (each row can carry several races) and include any events later cancelled; they have not been reconciled against results actually run. Row represents the whole season, keyed to the season end year, not a single stop.",https://www.fis-ski.com/DB/general/calendar-results.html?sectorcode=SB&seasoncode=2018&categorycode=WC,verified,olympics-fis
fis-snowboard-world-cup--2019,fis-snowboard-world-cup,2019,2018/19 FIS Snowboard World Cup season,2018-09-06,2019-03-24,,,multiple,,held,,"Opened at Cardrona (NZL), closed at Winterberg (GER). FIS calendar lists 31 World Cup event weekends for this season. Counts are of calendar rows (each row can carry several races) and include any events later cancelled; they have not been reconciled against results actually run. Row represents the whole season, keyed to the season end year, not a single stop.",https://www.fis-ski.com/DB/general/calendar-results.html?sectorcode=SB&seasoncode=2019&categorycode=WC,verified,olympics-fis
fis-snowboard-world-cup--2020,fis-snowboard-world-cup,2020,2019/20 FIS Snowboard World Cup season,2019-08-23,2020-03-21,,,multiple,,held,,"Opened at Cardrona (NZL). The FIS calendar view read for this row lists 33 event weekends and did not flag cancellations; the COVID-19 disruption of March 2020 has NOT been verified against a source here - see open_questions. FIS calendar lists 33 World Cup event weekends for this season. Counts are of calendar rows (each row can carry several races) and include any events later cancelled; they have not been reconciled against results actually run. Row represents the whole season, keyed to the season end year, not a single stop.",https://www.fis-ski.com/DB/general/calendar-results.html?sectorcode=SB&seasoncode=2020&categorycode=WC,verified,olympics-fis
fis-snowboard-world-cup--2021,fis-snowboard-world-cup,2021,2020/21 FIS Snowboard World Cup season,2020-11-26,2021-03-28,,,multiple,,held,,"COVID-affected season. Opened in Beijing (CHN), closed at Silvaplana (SUI). FIS calendar lists 30 World Cup event weekends for this season. Counts are of calendar rows (each row can carry several races) and include any events later cancelled; they have not been reconciled against results actually run. Row represents the whole season, keyed to the season end year, not a single stop.",https://www.fis-ski.com/DB/general/calendar-results.html?sectorcode=SB&seasoncode=2021&categorycode=WC,verified,olympics-fis
fis-snowboard-world-cup--2022,fis-snowboard-world-cup,2022,2021/22 FIS Snowboard World Cup season,2021-10-23,2022-03-27,,,multiple,,held,,"Olympic season (Beijing 2022). Opened at Chur (SUI), closed at Silvaplana (SUI). FIS calendar lists 41 World Cup event weekends for this season. Counts are of calendar rows (each row can carry several races) and include any events later cancelled; they have not been reconciled against results actually run. Row represents the whole season, keyed to the season end year, not a single stop.",https://www.fis-ski.com/DB/general/calendar-results.html?sectorcode=SB&seasoncode=2022&categorycode=WC,verified,olympics-fis
fis-snowboard-world-cup--2023,fis-snowboard-world-cup,2023,2022/23 FIS Snowboard World Cup season,2022-10-22,2023-03-26,,,multiple,,held,,"FIS calendar lists 40 World Cup event weekends for this season. Counts are of calendar rows (each row can carry several races) and include any events later cancelled; they have not been reconciled against results actually run. Row represents the whole season, keyed to the season end year, not a single stop.",https://www.fis-ski.com/DB/general/calendar-results.html?sectorcode=SB&seasoncode=2023&categorycode=WC,verified,olympics-fis
fis-snowboard-world-cup--2024,fis-snowboard-world-cup,2024,2023/24 FIS Snowboard World Cup season,2023-10-21,2024-03-24,,,multiple,,held,,"Opened at Chur (SUI), closed at Mt. St. Anne (CAN). FIS calendar lists 41 World Cup event weekends for this season. Counts are of calendar rows (each row can carry several races) and include any events later cancelled; they have not been reconciled against results actually run. Row represents the whole season, keyed to the season end year, not a single stop.",https://www.fis-ski.com/DB/general/calendar-results.html?sectorcode=SB&seasoncode=2024&categorycode=WC,verified,olympics-fis
fis-snowboard-world-cup--2025,fis-snowboard-world-cup,2025,2024/25 FIS Snowboard World Cup season,2024-08-30,2025-04-06,,,multiple,,held,,"FIS calendar lists 40 World Cup event weekends for this season. Counts are of calendar rows (each row can carry several races) and include any events later cancelled; they have not been reconciled against results actually run. Row represents the whole season, keyed to the season end year, not a single stop.",https://www.fis-ski.com/DB/general/calendar-results.html?sectorcode=SB&seasoncode=2025&categorycode=WC,verified,olympics-fis
fis-snowboard-world-cup--2026,fis-snowboard-world-cup,2026,2025/26 FIS Snowboard World Cup season,2025-11-27,2026-03-29,,,multiple,,held,,"Olympic season (Milano-Cortina 2026); most recent completed season as of September 2026. Opened at Secret Garden (CHN) and closed at Mt. St. Anne (CAN); the FIS cup-standings page is headed 'After Men's Snowboard Cross Mt. St. Anne (CAN) 28-03-2026 (8/8)'. FIS calendar lists 40 World Cup event weekends for this season. Counts are of calendar rows (each row can carry several races) and include any events later cancelled; they have not been reconciled against results actually run. Row represents the whole season, keyed to the season end year, not a single stop.",https://www.fis-ski.com/DB/general/calendar-results.html?sectorcode=SB&seasoncode=2026&categorycode=WC,verified,olympics-fis
focus-banked-slalom--2026,focus-banked-slalom,2026,2026 Focus Banked Slalom,2026-03-01,2026-03-01,Tyrol Basin,"Mount Horeb, Wisconsin",USA,banked-slalom,held,,Described by the source as 'now in its 19th year'. Dates from a third-party events roundup.,https://localfreshies.com/banked-slalom-event-showcase/,likely,us-grassroots
freestyle-ch--2004,freestyle-ch,2004,freestyle.ch 2004,,,Landiwiese,Zurich,Switzerland,big-air,held,Abandoned after the first day when the big air snow ramp collapsed. No injuries were reported.,"Admission was made payable from 2005 onward, partly in response to safety and crowd management.",https://de.wikipedia.org/wiki/Freestyle.ch,likely,intl-other
gravity-games-winter--2000,gravity-games-winter,2000,Winter Gravity Games I (2000),,,Mammoth Mountain,"Mammoth Lakes, California",USA,superpipe | big-air | boardercross,held,,"Only winter edition of the Gravity Games. Held in heavy snowfall. Snowboard superpipe, big air and boarder X plus skier X. No dates found in any source opened.",https://en.wikipedia.org/wiki/Gravity_Games,likely,xgames-dewtour
halo-halo-timberline--2026,halo-halo-timberline,2026,2026 Halo-Halo,2026-07-10,2026-07-12,Timberline Lodge and Ski Area,"Mount Hood, Oregon",USA,,held,,"Dates from a third-party events roundup, not from the organiser.",https://www.snowboard.international/features/north-america-snowboard-events-2025-26/,likely,us-grassroots
holy-oly-revival--2007,holy-oly-revival,2007,4th Annual Holy Oly Revival,2007-02,2007-02,The Summit at Snoqualmie,"Snoqualmie Pass, Washington",USA,quarterpipe | jib,held,,Announced by Lib Tech on 14 February 2007 as the fourth annual Holy Oly Revival. Exact contest dates not given in the source.,https://www.lib-tech.com/blog/2007/02/14/holy-crap-it%E2%80%99s-the-fourth-annual-holy-oly-revival/,likely,us-grassroots
holy-oly-revival--2010,holy-oly-revival,2010,7th Annual Holy Oly Revival,2010-02,2010-02,The Summit at Snoqualmie,"Snoqualmie Pass, Washington",USA,quarterpipe | jib,held,,"Covered by Snowboarder on 21 February 2010 as the 7th annual, and by the GNU and Lib Tech blogs on 24 February 2010. Exact contest dates not given in the sources.",https://www.snowboarder.com/news/7th-annual-holy-oly-the-olympic-hangover-cure | https://www.gnu.com/blog/2010/02/24/holy-oly-you-can%E2%80%99t-spell-olympics-without-oly/,likely,us-grassroots
hot-dawgz-and-hand-rails--2012,hot-dawgz-and-hand-rails,2012,9th Annual Hot Dawgz & Hand Rails,2012-09-22,2012-09-22,Bear Mountain,"Big Bear Lake, California",USA,rail-jam | jib,held,,"Presented by Red Bull; 40 pro snowboarders, jam format, 130 tons of man-made snow, starting 2pm.",https://www.firsttracksonline.com/2012/09/07/hot-dawgz-and-hand-rails-pre-season-rail-jam-returns-to-bear-mountain/,verified,us-grassroots
hot-dawgz-and-hand-rails--2013,hot-dawgz-and-hand-rails,2013,10th Anniversary Hot Dawgz & Hand Rails,2013-09-22,,Bear Mountain,"Big Bear Lake, California",USA,rail-jam | jib,held,,"Men's winner Tommy Gesme took a $10,000 first prize; Dillon Ojo 2nd, Jordan Small 3rd. Melissa Evans won the women's event, described as her fourth win at the contest. Jaeger Bailey took Best Trick. Not in the wave 1 edition list; results not recorded here because edition_ids must come from the input file.",https://www.snowboarder.com/news/tommy-gesme-wins-hot-dawgz-hand-rails-2013,verified,wave2-baker-grassroots
isf-snowboard-world-championships--1993,isf-snowboard-world-championships,1993,1993 ISF World Championships,,,Ischgl,Ischgl,Austria,,held,,"First ISF World Championships. Snowboarder magazine's 1990s history timeline records Kevin Delaney (USA) and Michele Taggart (USA) as the combined title winners. No dates or event-by-event programme found. Terje Haakonsen is separately credited with ISF halfpipe world titles in 1993, 1995 and 1997, which suggests a biennial odd-year cycle, but no edition list has been located.",https://www.snowboarder.com/news/snowboard-history-timeline-part-31990s,likely,olympics-fis
isf-world-championships--1993,isf-world-championships,1993,1993 ISF Snowboard World Championships,1993-01,1993-01,,Ischgl,Austria,halfpipe | giant-slalom | slalom | other,held,,"First ISF world championships. Snowboarder/TransWorld 1990s timeline gives January 1993 at Ischgl, Austria and says Kevin Delaney and Michele Taggart won the combined titles; carvers.it repeats the same. German Wikipedia lists slalom, combined, halfpipe and giant slalom as the 1993 disciplines. Only the combined winners are recorded; no full podium found.",https://www.snowboarder.com/news/snowboard-history-timeline-part-31990s | https://www.carvers.it/storia-inglese/ | https://de.wikipedia.org/wiki/Snowboard-Weltmeisterschaft,likely,legacy-80s-90s
isf-world-snowboarding-championships--1993,isf-world-snowboarding-championships,1993,1993 ISF World Championships,,,Ischgl,"Ischgl, Tirol",Austria,other,held,,First official ISF Snowboard World Championships. Combined titles were awarded.,https://www.snowboarder.com/news/snowboard-history-timeline-part-31990s,likely,intl-other
isf-world-snowboarding-championships--2000,isf-world-snowboarding-championships,2000,Motorola ISF World Championships 1999/2000 - halfpipe final,2000-04-08,2000-04-08,"Jakobshorn, Davos",Davos,Switzerland,halfpipe,held,,"Halfpipe world championship decider of the season-long Motorola ISF World Pro Tour, run in front of roughly 5,000 spectators, with alpine finals alongside. The tour then moved to Laax for the boardercross. Records the title as decided over a season rather than at a single championship meeting.",https://www.sportcal.com/pressreleases/the-motorola-isf-world-championships-1999-2000-halfpipe-davos-sui/,verified,intl-other
jla-mammoth-banked-slalom--2026,jla-mammoth-banked-slalom,2026,2026 JLA Mammoth Banked Slalom,2026-02-27,2026-03-01,Mammoth Mountain,"Mammoth Lakes, California",USA,banked-slalom,held,,"Dates from a third-party events roundup, not from the organiser.",https://localfreshies.com/banked-slalom-event-showcase/,likely,us-grassroots
jsba-all-japan-snowboard-championships--2022,jsba-all-japan-snowboard-championships,2022,40th JSBA All Japan Snowboard Championships,2022-03-13,2022-03-21,Sapporo Bankei Ski Area and Nayoro Piyashiri Ski Area,"Sapporo and Nayoro, Hokkaido",Japan,halfpipe | big-air | slopestyle | boardercross | dual-slalom | giant-slalom,held,,Both venues in Hokkaido. Riders qualified via regional and G1 events. 'Straight jump' is the JSBA term recorded for the big air discipline.,https://www.jsba.or.jp/ajsc_site/ajsc40/,verified,intl-other
jsba-all-japan-snowboard-championships--2023,jsba-all-japan-snowboard-championships,2023,41st JSBA All Japan Snowboard Championships,2023-03-08,2023-03-12,Ishiuchi Maruyama Ski Resort and Tsugaike Kogen Ski Resort,"Minamiuonuma, Niigata and Kitaazumi, Nagano",Japan,halfpipe | slopestyle | boardercross | big-air | giant-slalom | dual-slalom,held,,Split across two host resorts. The JSBA site describes the championship as annual since 1983.,https://www.jsba.or.jp/ajsc_site/ajsc41/,verified,intl-other
jsba-all-japan-snowboard-championships--2024,jsba-all-japan-snowboard-championships,2024,42nd JSBA All Japan Snowboard Championships,,,,,Japan,halfpipe | big-air | slopestyle | boardercross | dual-slalom | giant-slalom,held,,42nd edition; open-division champions listed on the JSBA historical champions page. Dates and venues not researched.,https://www.jsba.or.jp/ajsc_site/ajsc43/champion.html,likely,wave2-japan-europe
jsba-all-japan-snowboard-championships--2025,jsba-all-japan-snowboard-championships,2025,43rd JSBA All Japan Snowboard Championships,2025-03-07,2025-03-19,Aizu Kogen Takatsue Ski Resort and Takasu Snow Park,"Minamiaizu, Fukushima and Gujo, Gifu",Japan,halfpipe | dual-slalom | other,held,,Main block 7-11 March at Aizu Kogen Takatsue (Fukushima); a further competition day on 19 March at Takasu Snow Park (Gifu). The site names halfpipe (HP) and dual (DU) among the events; the full discipline list is on a separate page not opened.,https://www.jsba.or.jp/ajsc_site/ajsc43/,verified,intl-other
jsba-all-japan-snowboard-technical-championships--2026,jsba-all-japan-snowboard-technical-championships,2026,33rd JSBA All Japan Snowboard Technical Championships,2026-02-26,2026-02-28,Snow Park Oze Iwakura,"Katashina, Gunma",Japan,other,held,,"Alpine and Freestyle categories for men and women plus a club team competition. Regional qualifiers run three events; the national final runs five, with scores combined across disciplines.",https://www.jsba.or.jp/ajstc_site/ajstc33/ | https://www.jsba.or.jp/education/ajstc/,verified,intl-other
kaunertal-opening--2015,kaunertal-opening,2015,30th Kaunertal Opening,,,Snowpark Kaunertal,Kaunertal,Austria,jib | other,held,,"30th anniversary edition, run over three bluebird days on the glacier at 3,000m with the park spread across four locations. Separate pro contest categories for men and women, a Legends Invitational session, the Mega Testival, a Jib'n'Skate Jam and the KTO Music Festival. The mini-ramp returned after a 15-year absence. Sources give no exact competition dates; the World Snowboard Guide page is dated 13 October 2015.",https://onboardmag.com/news/snowboarding-events/30th-kaunertal-opening-event-recap.html | https://www.worldsnowboardguide.com/news/30th-kaunertal-opening-2015.html,likely,intl-other
kaunertal-opening--2022,kaunertal-opening,2022,37th Kaunertal Opening (KTO 2022),2022-10-15,2022-11-20,"Snowpark Kaunertal, Kaunertal Glacier",Kaunertal,Austria,jib | other,held,"Ran as two separate weekends, 15-16 October and 19-20 November 2022; the date range is not continuous.",New two-weekend format: the Jib'n'Playground Edition on 15-16 October and the Testival Open & Snowpark Days on 19-20 November. Cash-for-tricks sessions across several categories plus snowskate competitions and a multi-brand park testival. Powered by Monster Energy. [QA-flagged: non-continuous dates.],https://whitelines.com/snowboard-culture/snowboard-events/kto-2022-kaunertal-opening-is-back.html,verified,intl-other
king-of-the-mountain-ski-cooper--1981,king-of-the-mountain-ski-cooper,1981,1981 King of the Mountain,1981-04,1981-04,Ski Cooper,Leadville,USA,slalom | other,held,,"Snowboarder/TransWorld timeline: 'Modern competitive snowboarding begins with a small contest held in April at Ski Cooper in Leadville, Colorado.' Wikipedia names the event 'King of the Mountain'. No podium found in any source opened. Some accounts list a slalom and a freestyle event; not confirmed.",https://www.snowboarder.com/news/snowboard-history-timeline-part-21980s | https://en.wikipedia.org/wiki/Snowboarding,likely,legacy-80s-90s
laax-open--2016,laax-open,2016,LAAX OPEN 2016,2016-01-18,2016-01-24,LAAX,Laax,Switzerland,halfpipe | slopestyle,held,,"First LAAX Open, launched after Burton confirmed it would not run the Burton European Open for winter 2016. USD 500,000 prize purse; open entry retained from the BEO.",https://onboardmag.com/news/european-news/laax-set-to-host-laax-open-2016.html | https://laaxopen.com/en/hall-of-fame/,verified,burton-opens
laax-open--2017,laax-open,2017,LAAX OPEN 2017,,,LAAX,Laax,Switzerland,halfpipe | slopestyle,held,,Snowboard halfpipe and slopestyle. The event joined the FIS Snowboard World Cup circuit in its second year. Confirmed held from the organiser's Hall of Fame listing; exact dates not sourced.,https://laaxopen.com/en/hall-of-fame/ | https://www.burton.com/blogs/the-burton-blog/10-years-laax-open/,likely,burton-opens
laax-open--2018,laax-open,2018,LAAX OPEN 2018,,,LAAX,Laax,Switzerland,halfpipe,held,,"The LAAX Open Hall of Fame lists a snowboard halfpipe champion for 2018 but no snowboard slopestyle champion, so slopestyle appears not to have been awarded that year; the reason was not sourced. Confirmed held from the organiser's Hall of Fame listing; exact dates not sourced.",https://laaxopen.com/en/hall-of-fame/,likely,burton-opens
laax-open--2019,laax-open,2019,LAAX OPEN 2019,,,LAAX,Laax,Switzerland,halfpipe | slopestyle,held,,Snowboard halfpipe and slopestyle. Confirmed held from the organiser's Hall of Fame listing; exact dates not sourced.,https://laaxopen.com/en/hall-of-fame/,likely,burton-opens
laax-open--2020,laax-open,2020,LAAX OPEN 2020,,,LAAX,Laax,Switzerland,halfpipe | slopestyle,held,,Snowboard halfpipe and slopestyle. Confirmed held from the organiser's Hall of Fame listing; exact dates not sourced.,https://laaxopen.com/en/hall-of-fame/,likely,burton-opens
laax-open--2021,laax-open,2021,LAAX OPEN 2021,,,LAAX,Laax,Switzerland,halfpipe | slopestyle,held,,Snowboard halfpipe and slopestyle. Confirmed held from the organiser's Hall of Fame listing; exact dates not sourced.,https://laaxopen.com/en/hall-of-fame/,likely,burton-opens
laax-open--2022,laax-open,2022,LAAX OPEN 2022,,,LAAX,Laax,Switzerland,halfpipe | slopestyle,held,,Snowboard halfpipe and slopestyle. Confirmed held from the organiser's Hall of Fame listing; exact dates not sourced.,https://laaxopen.com/en/hall-of-fame/,likely,burton-opens
laax-open--2023,laax-open,2023,LAAX OPEN 2023,,,LAAX,Laax,Switzerland,halfpipe | slopestyle,held,,Snowboard halfpipe and slopestyle. Freeski slopestyle was added to the programme from 2023. Confirmed held from the organiser's Hall of Fame listing; exact dates not sourced.,https://laaxopen.com/en/hall-of-fame/,likely,burton-opens
laax-open--2024,laax-open,2024,LAAX OPEN 2024,,,LAAX,Laax,Switzerland,halfpipe | slopestyle,held,,Snowboard halfpipe and slopestyle. Freeski slopestyle was added to the programme from 2023. Confirmed held from the organiser's Hall of Fame listing; exact dates not sourced.,https://laaxopen.com/en/hall-of-fame/,likely,burton-opens
laax-open--2025,laax-open,2025,LAAX OPEN 2025,,,LAAX,Laax,Switzerland,halfpipe | slopestyle,held,,Snowboard halfpipe and slopestyle. Freeski slopestyle was added to the programme from 2023. Confirmed held from the organiser's Hall of Fame listing; exact dates not sourced.,https://laaxopen.com/en/hall-of-fame/,likely,burton-opens
laax-open--2026,laax-open,2026,LAAX OPEN 2026,,,LAAX,Laax,Switzerland,halfpipe | slopestyle,held,,Snowboard halfpipe and slopestyle. Freeski slopestyle was added to the programme from 2023. Confirmed held from the organiser's Hall of Fame listing; exact dates not sourced.,https://laaxopen.com/en/hall-of-fame/,likely,burton-opens
mt-baker-legendary-banked-slalom--1985,mt-baker-legendary-banked-slalom,1985,1985 Legendary Banked Slalom,1985-01,1985-01,Mt. Baker Ski Area,"Deming, Washington",USA,banked-slalom,held,,"First edition. Sources disagree on the field size (14 riders per Wikipedia, 16 per Unofficial Networks) and on the date: Mount Baker Experience says February 1985, while Unofficial Networks says the race was deliberately scheduled for Super Bowl Sunday. Tom Sims won; Terry Kidwell 2nd, Ken Achenbach 3rd, Craig Kelly 4th per Mount Baker Experience. Course of roughly 500 feet with 15 gates.","https://www.mountbakerexperience.com/stories/30-years-of-the-legendary-banked-slalom,339 | https://unofficialnetworks.com/2024/01/30/legendary-banked-slalom-history/ | https://en.wikipedia.org/wiki/Mt._Baker_Legendary_Banked_Slalom | https://lbs.mtbaker.us/results/honor-roll/ | https://www.snowboarder.com/news/snowboard-history-timeline-part-21980s | https://snowboarding8090.com/mt-baker-lbs/ | https://localfreshies.com/mt-baker-banked-slalom/",verified,us-grassroots + legacy-80s-90s
mt-baker-legendary-banked-slalom--1986,mt-baker-legendary-banked-slalom,1986,1986 Legendary Banked Slalom,,,Mt. Baker Ski Area,"Deming, Washington",USA,banked-slalom,held,,,https://lbs.mtbaker.us/results/honor-roll/,verified,us-grassroots
mt-baker-legendary-banked-slalom--1987,mt-baker-legendary-banked-slalom,1987,1987 Legendary Banked Slalom,,,Mt. Baker Ski Area,"Deming, Washington",USA,banked-slalom,held,,,https://lbs.mtbaker.us/results/honor-roll/,verified,us-grassroots
mt-baker-legendary-banked-slalom--1988,mt-baker-legendary-banked-slalom,1988,1988 Legendary Banked Slalom,,,Mt. Baker Ski Area,"Deming, Washington",USA,banked-slalom,held,,,https://lbs.mtbaker.us/results/honor-roll/,verified,us-grassroots
mt-baker-legendary-banked-slalom--1989,mt-baker-legendary-banked-slalom,1989,1989 Legendary Banked Slalom,,,Mt. Baker Ski Area,"Deming, Washington",USA,banked-slalom,held,,,https://lbs.mtbaker.us/results/honor-roll/,verified,us-grassroots
mt-baker-legendary-banked-slalom--1990,mt-baker-legendary-banked-slalom,1990,1990 Legendary Banked Slalom,,,Mt. Baker Ski Area,"Deming, Washington",USA,banked-slalom,held,,,https://lbs.mtbaker.us/results/honor-roll/,verified,us-grassroots
mt-baker-legendary-banked-slalom--1991,mt-baker-legendary-banked-slalom,1991,1991 Legendary Banked Slalom,,,Mt. Baker Ski Area,"Deming, Washington",USA,banked-slalom,held,,"Held year inferred: the organiser's Honor Roll covers 1985-2025 and the edition numbering chain (2016 = 30th, 2023 = 35th, 2025 = 36th) requires every year from 1985-2004, 2006-2014 and 2016 to have been run. One automated read of the Honor Roll flagged 1991 as possibly having no entries; not independently confirmed.",https://lbs.mtbaker.us/results/honor-roll/,likely,us-grassroots
mt-baker-legendary-banked-slalom--1992,mt-baker-legendary-banked-slalom,1992,1992 Legendary Banked Slalom,,,Mt. Baker Ski Area,"Deming, Washington",USA,banked-slalom,held,,,https://lbs.mtbaker.us/results/honor-roll/,verified,us-grassroots
mt-baker-legendary-banked-slalom--1993,mt-baker-legendary-banked-slalom,1993,1993 Legendary Banked Slalom,,,Mt. Baker Ski Area,"Deming, Washington",USA,banked-slalom,held,,,https://lbs.mtbaker.us/results/honor-roll/,verified,us-grassroots
mt-baker-legendary-banked-slalom--1994,mt-baker-legendary-banked-slalom,1994,1994 Legendary Banked Slalom,,,Mt. Baker Ski Area,"Deming, Washington",USA,banked-slalom,held,,,https://lbs.mtbaker.us/results/honor-roll/,verified,us-grassroots
mt-baker-legendary-banked-slalom--1995,mt-baker-legendary-banked-slalom,1995,1995 Legendary Banked Slalom,,,Mt. Baker Ski Area,"Deming, Washington",USA,banked-slalom,held,,,https://lbs.mtbaker.us/results/honor-roll/,verified,us-grassroots
mt-baker-legendary-banked-slalom--1996,mt-baker-legendary-banked-slalom,1996,1996 Legendary Banked Slalom,,,Mt. Baker Ski Area,"Deming, Washington",USA,banked-slalom,held,,,https://lbs.mtbaker.us/results/honor-roll/,verified,us-grassroots
mt-baker-legendary-banked-slalom--1997,mt-baker-legendary-banked-slalom,1997,1997 Legendary Banked Slalom,,,Mt. Baker Ski Area,"Deming, Washington",USA,banked-slalom,held,,,https://lbs.mtbaker.us/results/honor-roll/,verified,us-grassroots
mt-baker-legendary-banked-slalom--1998,mt-baker-legendary-banked-slalom,1998,1998 Legendary Banked Slalom,,,Mt. Baker Ski Area,"Deming, Washington",USA,banked-slalom,held,,,https://lbs.mtbaker.us/results/honor-roll/,verified,us-grassroots
mt-baker-legendary-banked-slalom--1999,mt-baker-legendary-banked-slalom,1999,1999 Legendary Banked Slalom,,,Mt. Baker Ski Area,"Deming, Washington",USA,banked-slalom,held,,,https://lbs.mtbaker.us/results/honor-roll/,verified,us-grassroots
mt-baker-legendary-banked-slalom--2000,mt-baker-legendary-banked-slalom,2000,2000 Legendary Banked Slalom,,,Mt. Baker Ski Area,"Deming, Washington",USA,banked-slalom,held,,,https://lbs.mtbaker.us/results/honor-roll/,verified,us-grassroots
mt-baker-legendary-banked-slalom--2001,mt-baker-legendary-banked-slalom,2001,2001 Legendary Banked Slalom,,,Mt. Baker Ski Area,"Deming, Washington",USA,banked-slalom,held,,,https://lbs.mtbaker.us/results/honor-roll/,verified,us-grassroots
mt-baker-legendary-banked-slalom--2002,mt-baker-legendary-banked-slalom,2002,2002 Legendary Banked Slalom,,,Mt. Baker Ski Area,"Deming, Washington",USA,banked-slalom,held,,,https://lbs.mtbaker.us/results/honor-roll/,verified,us-grassroots
mt-baker-legendary-banked-slalom--2003,mt-baker-legendary-banked-slalom,2003,2003 Legendary Banked Slalom,,,Mt. Baker Ski Area,"Deming, Washington",USA,banked-slalom,held,,,https://lbs.mtbaker.us/results/honor-roll/,verified,us-grassroots
mt-baker-legendary-banked-slalom--2004,mt-baker-legendary-banked-slalom,2004,2004 Legendary Banked Slalom,,,Mt. Baker Ski Area,"Deming, Washington",USA,banked-slalom,held,,,https://lbs.mtbaker.us/results/honor-roll/,verified,us-grassroots
mt-baker-legendary-banked-slalom--2005,mt-baker-legendary-banked-slalom,2005,2005 Legendary Banked Slalom,,,Mt. Baker Ski Area,"Deming, Washington",USA,banked-slalom,cancelled,Cancelled for poor snow conditions.,Listed by Cascadia Daily News and Wikipedia among the years the race did not run; the organiser's Honor Roll has no 2005 entries. Local Freshies notes the 2005 cancellation was followed by a season of roughly 800 inches of snowfall.,http://www.cascadiadaily.com/2024/feb/01/mt-baker-ski-area-cancels-annual-slalom-race/ | https://en.wikipedia.org/wiki/Mt._Baker_Legendary_Banked_Slalom | https://lbs.mtbaker.us/results/honor-roll/ | https://localfreshies.com/mt-baker-cancelled-2024/,verified,us-grassroots
mt-baker-legendary-banked-slalom--2006,mt-baker-legendary-banked-slalom,2006,2006 Legendary Banked Slalom,2006-02-03,2006-02-05,Mt. Baker Ski Area,"Deming, Washington",USA,banked-slalom,held,,"[v0.3 archive: Mt Baker Ski Area events page: ""FEBRUARY 3 -5 Legendary Banked Slalom""; a January 2006 capture calls it the ""MT. BAKER 21st LEGENDARY BANKED SLALOM February 3 - 5"".] [v0.3 archive: Mt Baker Ski Area events page: ""FEBRUARY 3 -5 Legendary Banked Slalom""; a January 2006 capture calls it the ""MT. BAKER 21st LEGENDARY BANKED SLALOM February 3 - 5"".]",https://lbs.mtbaker.us/results/honor-roll/ | https://web.archive.org/web/20060206141254/http://www.mtbaker.us/events/index.html,verified,us-grassroots
mt-baker-legendary-banked-slalom--2007,mt-baker-legendary-banked-slalom,2007,2007 Legendary Banked Slalom,,,Mt. Baker Ski Area,"Deming, Washington",USA,banked-slalom,held,,,https://lbs.mtbaker.us/results/honor-roll/,verified,us-grassroots
mt-baker-legendary-banked-slalom--2008,mt-baker-legendary-banked-slalom,2008,2008 Legendary Banked Slalom,2008-02-08,2008-02-10,Mt. Baker Ski Area,"Deming, Washington",USA,banked-slalom,held,,"[v0.3 archive: Finals result pages are headed ""FINALS • SUNDAY Feb. 10, 2008""; the Friday qualifier pages are headed ""FRIDAY QUALIFIER RESULTS • 2/8/8"", giving a Fri-Sun run of 8-10 February.] [v0.3 archive: Finals result pages are headed ""FINALS • SUNDAY Feb. 10, 2008""; the Friday qualifier pages are headed ""FRIDAY QUALIFIER RESULTS • 2/8/8"", giving a Fri-Sun run of 8-10 February.] [v0.3: start date corroborated by the January 2008 LBS homepage, ""Feb. 8, 9 & 10"".]",https://lbs.mtbaker.us/results/honor-roll/ | https://web.archive.org/web/20080214063646/http://lbs.mtbaker.us/sun_promen.php | https://web.archive.org/web/20080118174651id_/http://www.lbs.mtbaker.us/lbs.php,verified,us-grassroots
mt-baker-legendary-banked-slalom--2009,mt-baker-legendary-banked-slalom,2009,2009 Legendary Banked Slalom,2009-02-06,2009-02-08,Mt. Baker Ski Area,"Deming, Washington",USA,banked-slalom,held,,"[v0.3 archive: LBS homepage: ""Mt. Baker Legendary Banked Slalom 2009 / February 6th, 7th & 8th"".] [v0.3 archive: LBS homepage: ""Mt. Baker Legendary Banked Slalom 2009 / February 6th, 7th & 8th"".]",https://lbs.mtbaker.us/results/honor-roll/ | https://web.archive.org/web/20090213124312/http://lbs.mtbaker.us/,verified,us-grassroots
mt-baker-legendary-banked-slalom--2010,mt-baker-legendary-banked-slalom,2010,2010 Legendary Banked Slalom,2010-02-05,2010-02-07,Mt. Baker Ski Area,"Deming, Washington",USA,banked-slalom,held,,"[v0.3 archive: LBS homepage: ""Mt. Baker Legendary Banked Slalom February 5-6-7, 2010"".] [v0.3 archive: LBS homepage: ""Mt. Baker Legendary Banked Slalom February 5-6-7, 2010"".]",https://lbs.mtbaker.us/results/honor-roll/ | https://web.archive.org/web/20091217100528/http://lbs.mtbaker.us/,verified,us-grassroots
mt-baker-legendary-banked-slalom--2011,mt-baker-legendary-banked-slalom,2011,2011 Legendary Banked Slalom,2011-02-11,2011-02-13,Mt. Baker Ski Area,"Deming, Washington",USA,banked-slalom,held,,"[v0.3 archive: LBS homepage: ""Mt. Baker Legendary Banked Slalom February 11-12-13, 2011"".] [v0.3 archive: LBS homepage: ""Mt. Baker Legendary Banked Slalom February 11-12-13, 2011"".]",https://lbs.mtbaker.us/results/honor-roll/ | https://web.archive.org/web/20110819213611/http://lbs.mtbaker.us/,verified,us-grassroots
mt-baker-legendary-banked-slalom--2012,mt-baker-legendary-banked-slalom,2012,2012 Legendary Banked Slalom,2012-02-10,2012-02-12,Mt. Baker Ski Area,"Deming, Washington",USA,banked-slalom,held,,"[v0.3 archive: LBS homepage: ""Mt. Baker Legendary Banked Slalom February 10-11-12, 2012"" (carried on every capture from Oct 2011 through 2012).] [v0.3 archive: LBS homepage: ""Mt. Baker Legendary Banked Slalom February 10-11-12, 2012"" (carried on every capture from Oct 2011 through 2012).]",https://lbs.mtbaker.us/results/honor-roll/ | https://web.archive.org/web/20111004013750/http://lbs.mtbaker.us/,verified,us-grassroots
mt-baker-legendary-banked-slalom--2013,mt-baker-legendary-banked-slalom,2013,2013 Legendary Banked Slalom,,,Mt. Baker Ski Area,"Deming, Washington",USA,banked-slalom,held,"[v0.3 QA: the dates previously recorded here were unsupported. The cited capture is the October 2012 homepage, which still advertises the 2012 dates, and it in fact resolves to a July 2012 capture. No archived page states the 2013 dates. Nulled rather than guessed.]","[v0.3 archive: LBS homepage announced February 8-9-10, 2013.] [v0.3 archive: LBS homepage announced February 8-9-10, 2013.]",https://lbs.mtbaker.us/results/honor-roll/ | https://web.archive.org/web/20121013223123/http://lbs.mtbaker.us/,verified,us-grassroots
mt-baker-legendary-banked-slalom--2014,mt-baker-legendary-banked-slalom,2014,2014 Legendary Banked Slalom,2014-02-07,2014-02-09,Mt. Baker Ski Area,"Deming, Washington",USA,banked-slalom,held,,"[v0.3 archive: LBS homepage: ""2014 Legendary Banked Slalom • Feb. 7, 8, 9"".] [v0.3 archive: LBS homepage: ""2014 Legendary Banked Slalom • Feb. 7, 8, 9"".]",https://lbs.mtbaker.us/results/honor-roll/ | https://web.archive.org/web/20140205064753/http://lbs.mtbaker.us/,verified,us-grassroots
mt-baker-legendary-banked-slalom--2015,mt-baker-legendary-banked-slalom,2015,2015 Legendary Banked Slalom,,,Mt. Baker Ski Area,"Deming, Washington",USA,banked-slalom,cancelled,"The 30th Legendary Banked Slalom, scheduled for 2015, was postponed to 18-21 February 2016 for lack of snow. The organisers announced a scaled-down two-day substitute, the ""29½ Banked Slalom"", for 21-22 March 2015, and then cancelled that too in a 18 March update.","Intended as the 30th Legendary Banked Slalom. The 30th ran instead in February 2016. A substitute ""29½ Banked Slalom"" (one Saturday qualifying run, two Sunday finals runs) was announced for 21-22 March 2015 and cancelled on 18 March 2015.","https://www.mountbakerexperience.com/stories/30-years-of-the-legendary-banked-slalom,339 | http://www.cascadiadaily.com/2024/feb/01/mt-baker-ski-area-cancels-annual-slalom-race/ | https://en.wikipedia.org/wiki/Mt._Baker_Legendary_Banked_Slalom | https://lbs.mtbaker.us/results/honor-roll/ | https://web.archive.org/web/20150302043807/http://lbs.mtbaker.us/ | https://web.archive.org/web/20150510124822/http://lbs.mtbaker.us/",verified,us-grassroots
mt-baker-legendary-banked-slalom--2016,mt-baker-legendary-banked-slalom,2016,30th Legendary Banked Slalom,2016-02-18,2016-02-21,Mt. Baker Ski Area,"Deming, Washington",USA,banked-slalom,held,,Run as the 30th Legendary Banked Slalom after the 2015 30th-anniversary edition was lost to low snow.,"https://www.mountbakerexperience.com/stories/30-years-of-the-legendary-banked-slalom,339 | https://lbs.mtbaker.us/results/honor-roll/",verified,us-grassroots
mt-baker-legendary-banked-slalom--2017,mt-baker-legendary-banked-slalom,2017,31st Legendary Banked Slalom,2017-02-10,2017-02-12,Mt. Baker Ski Area,"Deming, Washington",USA,banked-slalom,held,,"[v0.3 archive: LBS homepage announced February 10-12, 2017; the 2017 qualifier result pages are headed ""31st Legendary Banked Slalom • Saturday February 11, 2017"".] [v0.3 archive: LBS homepage announced February 10-12, 2017; the 2017 qualifier result pages are headed ""31st Legendary Banked Slalom • Saturday February 11, 2017"".] [v0.3 QA: every archived capture marks these dates ""subject to change""; treat as provisional until a post-event page confirms them.]",https://snowboardmag.com/stories/the-31st-legendary-banked-slalom-results | https://lbs.mtbaker.us/results/honor-roll/ | https://web.archive.org/web/20160421173835/http://lbs.mtbaker.us/,likely,us-grassroots
mt-baker-legendary-banked-slalom--2018,mt-baker-legendary-banked-slalom,2018,32nd Legendary Banked Slalom,2018-02-09,2018-02-11,Mt. Baker Ski Area,"Deming, Washington",USA,banked-slalom,held,,"450+ participants; a new 'toilet bowl' feature (a 360-degree bank that funnels back through itself) was added to the course. [v0.3 archive: LBS homepage: ""February 9, 10, & 11, 2018"".] [v0.3 archive: LBS homepage: ""February 9, 10, & 11, 2018"".]",https://kingsnowboard.com/blogs/news-1/the-32nd-legendary-banked-slalom-mt-baker | https://lbs.mtbaker.us/results/honor-roll/ | https://web.archive.org/web/20180112194002/http://lbs.mtbaker.us/,verified,us-grassroots
mt-baker-legendary-banked-slalom--2019,mt-baker-legendary-banked-slalom,2019,2019 Legendary Banked Slalom,2019-02-08,2019-02-10,Mt. Baker Ski Area,"Deming, Washington",USA,banked-slalom,held,,"[v0.3 archive: LBS homepage: ""33rd • February 8, 9, & 10 • 2019"".] [v0.3 archive: LBS homepage: ""33rd • February 8, 9, & 10 • 2019"".]",https://lbs.mtbaker.us/results/honor-roll/ | https://web.archive.org/web/20190129055148/http://lbs.mtbaker.us/,verified,us-grassroots
mt-baker-legendary-banked-slalom--2020,mt-baker-legendary-banked-slalom,2020,2020 Legendary Banked Slalom,2020-02-07,2020-02-09,Mt. Baker Ski Area,"Deming, Washington",USA,banked-slalom,held,,"[v0.3 archive: LBS homepage: ""34th • February 7, 8, & 9 • 2020"".] [v0.3 archive: LBS homepage: ""34th • February 7, 8, & 9 • 2020"".]",https://lbs.mtbaker.us/results/honor-roll/ | https://web.archive.org/web/20190603151153/http://lbs.mtbaker.us/,verified,us-grassroots
mt-baker-legendary-banked-slalom--2021,mt-baker-legendary-banked-slalom,2021,2021 Legendary Banked Slalom,,,Mt. Baker Ski Area,"Deming, Washington",USA,banked-slalom,cancelled,"The 35th Legendary Banked Slalom was scheduled for 5-6-7 February 2021 and then postponed to 2022 because of COVID-19; the organisers' word was ""postponed"", not cancelled.","[v0.3 archive: Archive shows the 2021 dates were published (Feb 5-6-7, 2021) before the postponement notice replaced them.]",http://www.cascadiadaily.com/2024/feb/01/mt-baker-ski-area-cancels-annual-slalom-race/ | https://en.wikipedia.org/wiki/Mt._Baker_Legendary_Banked_Slalom | https://lbs.mtbaker.us/results/honor-roll/ | https://web.archive.org/web/20200812142030/http://lbs.mtbaker.us/ | https://web.archive.org/web/20201026121157/http://lbs.mtbaker.us/,verified,us-grassroots
mt-baker-legendary-banked-slalom--2022,mt-baker-legendary-banked-slalom,2022,2022 Legendary Banked Slalom,,,Mt. Baker Ski Area,"Deming, Washington",USA,banked-slalom,cancelled,"The 35th Legendary Banked Slalom was rescheduled to 11-12-13 February 2022 and then postponed again, to 2023.","Cascadia Daily News describes a two-year COVID hiatus, with the race returning in 2023. [v0.3 archive: Archive shows the 2022 dates were published (Feb 11-12-13, 2022) before the ""POSTPONED TO 2023"" notice replaced them.]",http://www.cascadiadaily.com/2024/feb/01/mt-baker-ski-area-cancels-annual-slalom-race/ | http://www.cascadiadaily.com/2023/feb/06/35th-legendary-banked-slalom-returns-to-mount-baker/ | https://lbs.mtbaker.us/results/honor-roll/ | https://web.archive.org/web/20211127044020/http://lbs.mtbaker.us/ | https://web.archive.org/web/20220119064711/http://lbs.mtbaker.us/,verified,us-grassroots
mt-baker-legendary-banked-slalom--2023,mt-baker-legendary-banked-slalom,2023,35th Legendary Banked Slalom,2023-02-03,2023-02-05,Mt. Baker Ski Area,"Deming, Washington",USA,banked-slalom,held,,First edition after the two-year COVID gap; over 400 racers in qualifying.,"http://www.cascadiadaily.com/2023/feb/06/35th-legendary-banked-slalom-returns-to-mount-baker/ | https://www.mountbakerexperience.com/stories/35th-legendary-banked-slalom-results,904 | https://lbs.mtbaker.us/results/honor-roll/",verified,us-grassroots
mt-baker-legendary-banked-slalom--2024,mt-baker-legendary-banked-slalom,2024,2024 Legendary Banked Slalom,2024-02-09,2024-02-11,Mt. Baker Ski Area,"Deming, Washington",USA,banked-slalom,cancelled,"Scheduled as the 36th Legendary Banked Slalom for 9-10-11 February 2024, then re-scheduled to February 2025.","Scheduled as the 36th Legendary Banked Slalom for February 9-11, 2024. Mt. Baker CEO Gwyn Howat: 'El Nino has now washed the 36th Legendary Banked Slalom into 2025.' The 36th was then run in February 2025. [v0.3 archive: IMPORTANT CORRECTION: the catalog currently lists 2024 as held with dates 2024-02-09/11. The 36th LBS was indeed scheduled for February 9-10-11, 2024 (homepage, 30 Jan 2024) but by 21 March 2024 the homepage read ""36th Legendary Banked Slalom Re-scheduled to February 2025"". The 2024 event did not run.]",http://www.cascadiadaily.com/2024/feb/01/mt-baker-ski-area-cancels-annual-slalom-race/ | https://localfreshies.com/mt-baker-cancelled-2024/ | https://lbs.mtbaker.us/results/honor-roll/ | https://web.archive.org/web/20240130155523/https://lbs.mtbaker.us/ | https://web.archive.org/web/20240321202806/https://lbs.mtbaker.us/,verified,us-grassroots
mt-baker-legendary-banked-slalom--2025,mt-baker-legendary-banked-slalom,2025,36th Legendary Banked Slalom,2025-02-07,2025-02-09,Mt. Baker Ski Area,"Deming, Washington",USA,banked-slalom,held,,"Held as the 36th edition, a year after the 36th was washed out in 2024. A cold storm the weekend before and more snow the Wednesday before the race left good conditions. Registration capped at 400. Mt. Baker CEO Gwyn Howat has set the course for over 30 years.",http://www.cascadiadaily.com/2025/feb/04/mt-baker-ski-area-prepares-for-world-famous-snowboard-race/ | https://slushthemagazine.com/blogs/features/2025-mt-baker-legendary-banked-slalom-recap-photos | https://lbs.mtbaker.us/results/honor-roll/ | https://lbs.mtbaker.us/results/,verified,us-grassroots
mt-baker-legendary-banked-slalom--2026,mt-baker-legendary-banked-slalom,2026,2026 Legendary Banked Slalom,2026-02-06,2026-02-08,Mt. Baker Ski Area,"Deming, Washington",USA,banked-slalom,cancelled,"Scheduled as the 37th Legendary Banked Slalom for 6-7-8 February 2026, then postponed to 19-21 February 2027.","Scheduled as the 37th Legendary Banked Slalom for February 6-8, 2026. Racers registered for 2026 remain eligible for the rescheduled 2027 event, which was moved later in February to allow more snow to build. [v0.3 archive: IMPORTANT CORRECTION: the catalog lists 2026 with dates 2026-02-06/08. The 37th LBS was scheduled for February 6-7-8, 2026 (homepage, 17 Dec 2025); by 22 January 2026 the homepage banner read ""37th LBS • Feb. 19-20-21, 2027 • postponement announcement"" and it still read that in the most recent capture (June 2026). The 2026 event did not run.]",http://www.cascadiadaily.com/2026/jan/22/mt-bakers-legendary-banked-slalom-canceled-due-to-unworkable-conditions/ | https://lbs.mtbaker.us/37th-2027/ | https://localfreshies.com/banked-slalom-event-showcase/ | https://web.archive.org/web/20251217181004/https://lbs.mtbaker.us/ | https://web.archive.org/web/20260122212354/https://lbs.mtbaker.us/,verified,us-grassroots
mt-baker-legendary-banked-slalom--2027,mt-baker-legendary-banked-slalom,2027,37th Legendary Banked Slalom,2027-02-19,2027-02-21,Mt. Baker Ski Area,"Deming, Washington",USA,banked-slalom,unconfirmed,"Scheduled, not yet held as of September 2026. This is the rescheduled 37th edition after the February 2026 postponement.","Announced by the organiser for Friday-Sunday, February 19-20-21, 2027; also listed on the Mt. Baker Ski Area events page.",https://lbs.mtbaker.us/37th-2027/ | https://lbs.mtbaker.us/ | https://www.mtbaker.us/events/,verified,us-grassroots
mt-spokane-banked-slalom--2025,mt-spokane-banked-slalom,2025,2025 Mt. Spokane Banked Slalom,2025-03-08,2025-03-08,Mt. Spokane Ski & Snowboard Park,"Mead, Washington",USA,banked-slalom,held,,"Two timed runs, best run wins; ski and snowboard divisions, Pro/Open and amateur age classes.",https://www.mtspokane.com/bankedslalom,likely,us-grassroots
nate-chute-banked-slalom--2026,nate-chute-banked-slalom,2026,2026 Nate Chute Banked Slalom,2026-03-14,2026-03-15,Whitefish Mountain Resort,"Whitefish, Montana",USA,banked-slalom,held,,"Dates from a third-party events roundup, not from the organiser.",https://localfreshies.com/banked-slalom-event-showcase/,likely,us-grassroots
national-collegiate-snowboarding-championships--1989,national-collegiate-snowboarding-championships,1989,1989 National Collegiate Championships,1989-12,1989-12,Stratton Mountain,Stratton,USA,,held,,"December 1989, so it belongs to the 1989-90 season. Single source; no format or podium found.",https://www.snowboarder.com/news/snowboard-history-timeline-part-21980s,likely,legacy-80s-90s
national-snurfing-championships--1968,national-snurfing-championships,1968,1968 National Snurfing Championships,1968-02-19,1968-02-19,"Blockhouse Hill, Muskegon State Park",Muskegon,USA,other,held,,"Michigan Snowboard Museum: 'first world snurfing championship is held at blockhouse hill, muskegon state park, mi on feb 19'; 300 participants; organised by Muskegon Community College. Wikipedia's snowboarding article instead credits Sherman Poppen with organising the first snurfing competition in February 1968 'at a Michigan ski resort' - venue and organiser differ between the two accounts.",https://www.michigansnowboardmuseum.com/michigan-snowboarding-history-timeline.html | https://en.wikipedia.org/wiki/Snowboarding,likely,legacy-80s-90s
national-snurfing-championships--1974,national-snurfing-championships,1974,1974 National Snurfing Championships,,,"Blockhouse Hill, Muskegon State Park",Muskegon,USA,other,held,,,https://www.michigansnowboardmuseum.com/michigan-snowboarding-history-timeline.html,likely,legacy-80s-90s
national-snurfing-championships--1975,national-snurfing-championships,1975,1975 National Snurfing Championships,,,"Blockhouse Hill, Muskegon State Park",Muskegon,USA,other,cancelled,Cancelled for lack of snow (Michigan Snowboard Museum timeline).,,https://www.michigansnowboardmuseum.com/michigan-snowboarding-history-timeline.html,likely,legacy-80s-90s
national-snurfing-championships--1976,national-snurfing-championships,1976,1976 National Snurfing Championships,,,"Blockhouse Hill, Muskegon State Park",Muskegon,USA,other,held,,Schlitz beer logo added to the competition bibs this year.,https://www.michigansnowboardmuseum.com/michigan-snowboarding-history-timeline.html,likely,legacy-80s-90s
national-snurfing-championships--1977,national-snurfing-championships,1977,1977 National Snurfing Championships,,,"Blockhouse Hill, Muskegon State Park",Muskegon,USA,other,held,,,https://www.michigansnowboardmuseum.com/michigan-snowboarding-history-timeline.html,likely,legacy-80s-90s
national-snurfing-championships--1978,national-snurfing-championships,1978,1978 National Snurfing Championships,,,"Blockhouse Hill, Muskegon State Park",Muskegon,USA,other,held,,"JEM Corp became an official sponsor and put up $1,000 in cash prizes; first place paid $400. Described by the museum as possibly the first paid snowboard/snurf event.",https://www.michigansnowboardmuseum.com/michigan-snowboarding-history-timeline.html,likely,legacy-80s-90s
national-snurfing-championships--1979,national-snurfing-championships,1979,1979 National Snurfing Championships,,,"Blockhouse Hill, Muskegon State Park",Muskegon,USA,other,held,,Michigan Snowboard Museum gives Blockhouse Hill as the venue and calls 1979 the final year there. Wikipedia's snowboarding article places the 1979 National Snurfing Championship at Muskegon State Park; other secondary accounts place a 1979 'World Snurfing Championship' at Pando near Grand Rapids. Jake Burton Carpenter entered with his own bindinged board and a separate open/modified division was created for him.,https://www.michigansnowboardmuseum.com/michigan-snowboarding-history-timeline.html | https://en.wikipedia.org/wiki/Snowboarding,likely,legacy-80s-90s
national-snurfing-championships--1980,national-snurfing-championships,1980,1980 National Snurfing Championships,,,Pando Ski Hill,Rockford,USA,downhill | slalom,held,,Series moved from Blockhouse Hill to Pando. 600-foot run; a slalom event was added alongside the downhill.,https://www.michigansnowboardmuseum.com/michigan-snowboarding-history-timeline.html,likely,legacy-80s-90s
national-snurfing-championships--1981,national-snurfing-championships,1981,1981 National Snurfing Championships,,,,,USA,downhill | slalom,held,,Michigan Snowboard Museum names the 1981 winners but does not name the venue.,https://www.michigansnowboardmuseum.com/michigan-snowboarding-history-timeline.html,likely,legacy-80s-90s
national-snurfing-championships--1983,national-snurfing-championships,1983,1983 National Snurfing Championships,,,,,USA,other,cancelled,Cancelled for lack of snow (Michigan Snowboard Museum timeline).,,https://www.michigansnowboardmuseum.com/michigan-snowboarding-history-timeline.html,likely,legacy-80s-90s
national-snurfing-championships--1984,national-snurfing-championships,1984,1984 National Snurfing Championships,,,Pando Ski Area,Rockford,USA,other,held,,Museum timeline says the national snurfing championships ended after this period as snowboard technology outran the Snurfer; no edition is recorded for 1985.,https://www.michigansnowboardmuseum.com/michigan-snowboarding-history-timeline.html,likely,legacy-80s-90s
neil-edgeworth-memorial-banked-slalom--2017,neil-edgeworth-memorial-banked-slalom,2017,20th Annual Neil Edgeworth Memorial Banked Slalom,2017-03-25,2017-03-26,Big White Ski Resort,Kelowna,Canada,banked-slalom,held,,"Record field of 320 riders aged 6 to 63, on the natural gully beside the Ridge Rocket chair. $5,000 split among the pro winners plus $10,000 across the other categories. Stephanie Haines became the first rider to win the female pro category four years running.",https://www.bigwhite.com/explore-big-white/blog/telus-park/big-white-hosts-20th-annual-neil-edgeworth-banked-slalom,verified,canada
neil-edgeworth-memorial-banked-slalom--2019,neil-edgeworth-memorial-banked-slalom,2019,22nd Neil Edgeworth Memorial Banked Slalom,,,Big White Ski Resort,Kelowna,Canada,banked-slalom,held,,BC Snowboard's 2019 results index links a finals results PDF for the 22nd NEBS. Podiums not yet harvested.,https://www.bcsnowboard.com/2019-results/ | https://www.bcsnowboard.com/wp-content/uploads/Finals-Results.NEBS-2019-2.pdf,verified,wave2-canada
neil-edgeworth-memorial-banked-slalom--2024,neil-edgeworth-memorial-banked-slalom,2024,25th Neil Edgeworth Memorial Banked Slalom,,,"TELUS Park, Big White Ski Resort",Kelowna,Canada,banked-slalom,held,,"25th anniversary edition, organised with BC Snowboard. Dates not given in the source (article posted 1 April 2024).",https://www.bigwhite.com/explore-big-white/blog/telus-park/25-years-nebs,likely,canada
neil-edgeworth-memorial-banked-slalom--2025,neil-edgeworth-memorial-banked-slalom,2025,26th Neil Edgeworth Memorial Banked Slalom,2025-03-28,2025-03-30,Big White Ski Resort,Kelowna,Canada,banked-slalom,held,,"255 riders entered, from juniors to riders in their sixties. Big White reported Chris Bradley as the fastest men's time (given as 1:26:51 in the source).",https://www.bigwhite.com/explore-big-white/blog/mountain-news/nebs-26yrs-tradition | https://www.bcsnowboard.com/2025-event-results/,verified,canada
neil-edgeworth-memorial-banked-slalom--2026,neil-edgeworth-memorial-banked-slalom,2026,27th Annual Neil Edgeworth Memorial Banked Slalom,2026-03-20,2026-03-22,Big White Ski Resort,Kelowna,Canada,banked-slalom,held,,"Two runs, one Saturday and one Sunday, on either the Traditional Gully or the TELUS Park course. Pro (female/male open), amateur (ten age groups from 11-and-under to 60+, plus Pro Masters 40+) and para (female/male open) divisions.",https://www.bcsnowboard.com/wp-content/uploads/2026-27th-Annual-NEBS-Event-Information.March-20-22-2026.pdf,verified,canada
nescafe-champs-leysin--2010,nescafe-champs-leysin,2010,Nescafe Open Champs 2010,,,Leysin,Leysin,Switzerland,halfpipe,held,,"Swatch TTR 4-Star halfpipe. The contest returned to Leysin after three seasons in Valais, with Nescafe back as title sponsor after previously backing it from 1994 to 2006. Return to Leysin after three seasons in Valais, and the return of Nescafé as title sponsor (a partner from 1994 to 2006). Announced as a Swatch TTR 4Star halfpipe competition. Exact dates not stated in the article I opened.",https://www.worldsnowboardfederation.org/nescafe-open-champs-in-leysin-2010-the-oldest-european-snowboard-event/,likely,intl-other
nescafe-champs-leysin--2011,nescafe-champs-leysin,2011,20th NESCAFE Champs,,,Leysin,Leysin,Switzerland,slopestyle,held,,"20th anniversary edition. Swatch TTR 4-Star, USD 50,000 prize purse and 850 TTR world ranking points to the winners. Slopestyle course combined kickers, a halfpipe and a wallride; warm spring-like conditions across the region but the course held up. The World Snowboard Guide report is dated 12 February 2011; exact competition dates were not given. Billed as the 20th anniversary of the Nescafé Champs Leysin and as the oldest snowboard event in Europe. Slopestyle course combining kickers, a halfpipe and a wallride. Winners took USD 50,000 and 850 Swatch TTR world ranking points, which corresponds to a 5Star rating.",https://www.worldsnowboardguide.com/news/cilka-sadar---lucien-koch-win-2011-champ-in-leysin.html,likely,intl-other
nescafe-champs-leysin--2012,nescafe-champs-leysin,2012,21st Nescafé Champs,2012-03-04,,,Leysin,Switzerland,slopestyle,held,,21st edition. Not present in the wave-1 edition list.,https://www.lematin.ch/story/le-maitre-du-slopestyle-s-impose-a-leysin-537053620798,verified,wave2-japan-europe
nescafe-champs-leysin--2013,nescafe-champs-leysin,2013,Nescafe Champs 2013,2013-03-06,2013-03-10,Leysin,Leysin,Switzerland,slopestyle,held,,TTR 5-Star. Course again ran a halfpipe into the classic slopestyle kickers and rails.,https://snowboarding.transworld.net/news/get-ready-for-the-nescafe-champs-in-leysin-switzerland-march-6-10/,verified,intl-other
nippon-open--2008,nippon-open,2008,2008 Nissan X-Trail Nippon Open,2008-02-26,2008-03-02,ALTS Bandai,"Bandai, Fukushima",Japan,halfpipe | slopestyle,held,,"5Star event on the TTR tour, reported as drawing over 40,000 spectators. The parkstyle finals ran after heavy snow and high winds earlier in the week, with semi-finals and finals held back to back; Mikkel Bang and Jenny Jones won. Winners took 8,000 points toward the Burton Global Open Series championship.",https://whitelines.com/archive/news/japan-beckons-riders-for-5-star-nissan-x-trail-nippon-open.html | https://whitelines.com/archive/news/mikkel-bang-jenny-jones-win-nissan-x-trail-nippon-open-parkstyle-finals.html,verified,burton-opens
nippon-open--2009,nippon-open,2009,2009 Nissan X-Trail Nippon Open,2009-02-24,2009-03-01,ALTS Bandai,"Bandai, Fukushima",Japan,,held,,"Fifth stop of the 2008/09 Burton Global Open Series, as announced in the series calendar.",https://whitelines.com/archive/news/burton-global-open-series-08-09.html,likely,burton-opens
niseko-moiwa-banked-slalom--2025,niseko-moiwa-banked-slalom,2025,NISEKO MOIWA BANKED SLALOM 2025,2025-03-29,2025-03-29,Niseko Moiwa Ski Resort,"Niseko, Hokkaido",Japan,banked-slalom,held,Scheduled for 29 March with 30 March held as a bad-weather reserve day; practice on 28 March.,"Five divisions: snowskate, ski, snowboard elementary, snowboard open (junior-high and up) and snowboard master (43+). Entries opened 15 March. Official site moiwabankedslalom.com.",https://niseko-moiwa.jp/ja/news/2025/03/10/532/,verified,intl-other
north-alps-banked-slalom--2026,north-alps-banked-slalom,2026,2026 BANKED SLALOM TGK supported by Gyunyu Sekken (Tsugaike round),2026-04-04,2026-04-05,"Tsugaike Mountain Resort, Hannoki Special Course","Otari, Nagano (Hakuba valley)",Japan,banked-slalom,held,,"Second race of the three-round North Alps Banked Slalom series (Hakuba Iwatake, Tsugaike, Hakuba Happo-one). Expanded to two days with 260 participants a day; ski, snowboard, snowbike and parent-child divisions added to the previously snowboard-only programme. Top six in each category awarded. Main sponsor Milk Soap (Gyunyu Sekken), supported by Red Bull Japan among others.",https://steep.jp/en/custom/tsugaike-banked-slalom/,verified,intl-other
north-american-snowboarding-championships--1987,north-american-snowboarding-championships,1987,1987 North American Championships,,,,Banff,Canada,,held,,"Covered in the debut issue of TransWorld SNOWboarding (fall 1987) as the 'North American Championships in Banff, Canada'. No venue, dates, format or podium given.",https://www.snowboarder.com/transworld-snowboarding-archive/three-decades-transworld-snowboarding-part-1-1987-1996,likely,legacy-80s-90s
norwegian-snowboard-championships--2011,norwegian-snowboard-championships,2011,Norwegian Snowboard Championships 2011,2011-03,,Oslo Vinterpark and Trysil,Oslo and Trysil,Norway,halfpipe | boardercross | big-air | slopestyle,held,,"Halfpipe at Oslo Vinterpark on 27 March 2011; boardercross, big air and slopestyle at Trysil. Rated 3-Star TTR. Fields spanned ages 12 to 37. Silje Norendal, then 17, took two golds, two silvers and the King's Cup.",https://www.worldsnowboardfederation.org/the-3star-ttr-norwegian-championships/,likely,intl-other
oakley-girl-sessions-ruka--2010,oakley-girl-sessions-ruka,2010,7th Oakley Girlsessions,2010-04-08,2010-04-11,Ruka BatteryPark,"Ruka, Kuusamo",Finland,slopestyle | halfpipe | team,held,,"Swatch TTR 3-Star. Programme combined the TTR slopestyle with a team contest, a pipe competition and a freeski slopestyle, and was open to riders of all ability levels.",https://www.worldsnowboardfederation.org/7th-edition-of-oakley-girlsessions-at-ruka-finland-8-11-4-2010/,verified,intl-other
olympic-snowboarding--1998,olympic-snowboarding,1998,1998 Nagano Winter Olympics,1998-02-08,1998-02-12,"Mt. Yakebitai, Shiga Kogen (giant slalom) / Kanbayashi Sports Park (halfpipe)",Yamanouchi,Japan,giant-slalom | halfpipe,held,,"First Olympic snowboarding. Four medal events, men's and women's giant slalom and halfpipe. Held under FIS jurisdiction rather than the snowboarders' own ISF, which prompted a boycott of qualification by Terje Haakonsen. Dates are the first and last day of snowboarding competition as listed by Olympedia, not the dates of the Games as a whole.",https://www.olympedia.org/editions/46/sports/SBD,verified,olympics-fis
olympic-snowboarding--2002,olympic-snowboarding,2002,2002 Salt Lake City Winter Olympics,2002-02-10,2002-02-15,Park City Mountain Resort,"Park City, Utah",United States,halfpipe | parallel-giant-slalom,held,,"Giant slalom was replaced by parallel giant slalom. Olympedia records 118 athletes from 19 nations. Dates are the first and last day of snowboarding competition as listed by Olympedia, not the dates of the Games as a whole.",https://www.olympedia.org/editions/47/sports/SBD,verified,olympics-fis
olympic-snowboarding--2006,olympic-snowboarding,2006,2006 Torino Winter Olympics,2006-02-12,2006-02-23,Bardonecchia,"Bardonecchia, Piedmont",Italy,halfpipe | boardercross | parallel-giant-slalom,held,,"Snowboard cross (boardercross) added for men and women, taking the programme to six medal events. Dates are the first and last day of snowboarding competition as listed by Olympedia, not the dates of the Games as a whole.",https://www.olympedia.org/editions/49/sports/SBD,verified,olympics-fis
olympic-snowboarding--2010,olympic-snowboarding,2010,2010 Vancouver Winter Olympics,2010-02-15,2010-02-27,Cypress Mountain,"West Vancouver, British Columbia",Canada,boardercross | halfpipe | parallel-giant-slalom,held,,"Six medal events, athletes from 27 nations per Olympedia. Dates are the first and last day of snowboarding competition as listed by Olympedia, not the dates of the Games as a whole.",https://www.olympedia.org/editions/57/sports/SBD,verified,olympics-fis
olympic-snowboarding--2014,olympic-snowboarding,2014,2014 Sochi Winter Olympics,2014-02-06,2014-02-22,Rosa Khutor Extreme Park,Krasnaya Polyana,Russia,slopestyle | halfpipe | boardercross | parallel-giant-slalom | parallel-slalom,held,,"Slopestyle and parallel slalom both made their Olympic debut; 10 medal events, 237 competitors from 31 nations per Olympedia. Parallel slalom has not been held at any subsequent Games. Dates are the first and last day of snowboarding competition as listed by Olympedia, not the dates of the Games as a whole.",https://www.olympedia.org/editions/58/sports/SBD,verified,olympics-fis
olympic-snowboarding--2018,olympic-snowboarding,2018,2018 PyeongChang Winter Olympics,2018-02-10,2018-02-24,Phoenix Snow Park,"Bongpyeong, Mountain Cluster",South Korea,slopestyle | halfpipe | boardercross | big-air | parallel-giant-slalom,held,,"Big air made its Olympic debut and parallel slalom was dropped. 10 medal events, 244 competitors from 29 nations per Olympedia. Dates are the first and last day of snowboarding competition as listed by Olympedia, not the dates of the Games as a whole.",https://www.olympedia.org/editions/60/sports/SBD,verified,olympics-fis
olympic-snowboarding--2022,olympic-snowboarding,2022,2022 Beijing Winter Olympics,2022-02-05,2022-02-15,"Genting Snow Park, Zhangjiakou / Big Air Shougang, Beijing",Zhangjiakou and Beijing,China,slopestyle | parallel-giant-slalom | halfpipe | boardercross | team | big-air,held,,"Mixed team snowboard cross added, taking the programme to 11 medal events. Big air was held at Big Air Shougang, a permanent ramp on a former steelworks site in Beijing; all other events at Genting Snow Park. Dates are the first and last day of snowboarding competition as listed by Olympedia, not the dates of the Games as a whole.",https://www.olympedia.org/editions/62/sports/SBD,verified,olympics-fis
olympic-snowboarding--2026,olympic-snowboarding,2026,2026 Milano-Cortina Winter Olympics,2026-02-05,2026-02-18,"Mottolino Montagna del Divertimento / Carosello 3000, Livigno","Livigno, Sondrio",Italy,big-air | parallel-giant-slalom | halfpipe | boardercross | team | slopestyle,held,,"Most recent Games as of September 2026. 11 medal events, 234 competitors from 27 nations per Olympedia. Dates are the first and last day of snowboarding competition as listed by Olympedia, not the dates of the Games as a whole.",https://www.olympedia.org/editions/72/sports/SBD,verified,olympics-fis
oneill-evolution--2006,oneill-evolution,2006,O'Neill Evolution 2006,,,Davos,Davos,Switzerland,,held,,Launch year. Inferred from World Snowboard Guide's statement that the event ran for eight years from its 2006 launch and had no 2014 edition; no per-year source opened for this edition.,https://www.worldsnowboardguide.com/news/no-o-neill-evolution-in-davos-this-season.html,likely,world-tours
oneill-evolution--2007,oneill-evolution,2007,O'Neill Evolution 2007,,,Davos,Davos,Switzerland,,held,,Inferred from World Snowboard Guide's 'eight years since its 2006 launch'; no per-year source opened.,https://www.worldsnowboardguide.com/news/no-o-neill-evolution-in-davos-this-season.html,likely,world-tours
oneill-evolution--2008,oneill-evolution,2008,O'Neill Evolution 2008,,,Davos,Davos,Switzerland,,held,,Inferred from World Snowboard Guide's 'eight years since its 2006 launch'; no per-year source opened.,https://www.worldsnowboardguide.com/news/no-o-neill-evolution-in-davos-this-season.html,likely,world-tours
oneill-evolution--2009,oneill-evolution,2009,O'Neill Evolution 2009,,,Davos,Davos,Switzerland,,held,,Inferred from World Snowboard Guide's 'eight years since its 2006 launch'; no per-year source opened. A worldsnowboarding.org event page for O'Neill Evolution 2009 exists in search indexes but now returns 404.,https://www.worldsnowboardguide.com/news/no-o-neill-evolution-in-davos-this-season.html,likely,world-tours
oneill-evolution--2010,oneill-evolution,2010,O'Neill Evolution 2010,2010-01-04,2010-01-09,"Bolgen, Jakobshorn",Davos,Switzerland,halfpipe | slopestyle,held,,"Halfpipe run as a TTR 6Star, slopestyle as a 5Star.",https://www.boardshop.de/boardmag/snowboard/news/ttr-6star-contest-oneill-evolution-in-davos-live-webcast-04-09-01-2010_aid_16337.html,verified,world-tours
oneill-evolution--2011,oneill-evolution,2011,O'Neill Evolution 2011,2011-01-02,2011-01-08,"Bolgen, Jakobshorn",Davos,Switzerland,halfpipe | slopestyle,held,,"Four contests in the week: halfpipe and slopestyle, both 6Star, both for men and women. First year women started in both disciplines alongside the men.",https://www.boardshop.de/boardmag/snowboard/news/oneill-evolution-2011-in-davos-vom-2-bis-8-januar_aid_16198.html,verified,world-tours
oneill-evolution--2012,oneill-evolution,2012,O'Neill Evolution 2012,,,Davos,Davos,Switzerland,,held,,Referenced by Whitelines alongside the 2013 edition; exact dates not found in a source I opened.,https://whitelines.com/events/oneill-evolution | https://www.worldsnowboardguide.com/news/no-o-neill-evolution-in-davos-this-season.html,likely,world-tours
oneill-evolution--2013,oneill-evolution,2013,O'Neill Evolution 2013,2013-01-07,2013-01-13,Jakobshorn base,Davos,Switzerland,big-air | halfpipe,held,,"Big air run as a 6Star and halfpipe as a 5Star; 120 competitors, USD 150,000 in prize money, entry limited to the TTR top 100. Last edition of the series.",https://www.worldsnowboardguide.com/events/o-neill-evolution-2013.html | https://www.worldsnowboardguide.com/news/no-o-neill-evolution-in-davos-this-season.html,verified,world-tours
oneill-evolution--2014,oneill-evolution,2014,O'Neill Evolution 2014,,,Davos,Davos,Switzerland,,cancelled,No event held. O'Neill marketing director Claudio Curiger said the brand was working on a new strategy and that major events were 'no longer an issue for the time being'. O'Neill kept other Davos commitments such as park sponsorship and its flagship store.,Recorded as a not-held year rather than an edition.,https://www.worldsnowboardguide.com/news/no-o-neill-evolution-in-davos-this-season.html,verified,world-tours
op-pro-snowboarding--1989,op-pro-snowboarding,1989,1989 OP Pro of Snowboarding,,,June Mountain,June Lake,USA,halfpipe | giant-slalom,held,,"Single-source (Snowboarder/TransWorld 1980s timeline: 'OP Pro of Snowboarding held at June Mountain, California'). No dates, no podium. Disciplines inferred from Craig Kelly's published career timeline, which lists halfpipe and giant slalom results at a 1989 OP Pro - a rider biography, so not used for placings.",https://www.snowboarder.com/news/snowboard-history-timeline-part-21980s,likely,legacy-80s-90s
op-wintersurf--1991,op-wintersurf,1991,1991 OP Wintersurf,1991-02,1991-02,Huntington Beach and Bear Mountain,,USA,other,held,,"February 1991. Won by professional surfer Gary Elkerton, which the magazine used to make the point that surfing is harder to pick up than snowboarding. Single source.",https://www.snowboarder.com/news/snowboard-history-timeline-part-31990s,likely,legacy-80s-90s
pacwest-banked-slalom--2022,pacwest-banked-slalom,2022,1st PacWest Banked Slalom,,,"Summit East, The Summit at Snoqualmie","Snoqualmie Pass, Washington",USA,banked-slalom,held,,"Inaugural edition, created and organised by Marcel Dolak with Karter Riach, Olivia Cayley and volunteer diggers. Exact dates not given in the sources found.",https://thesnowboardersjournal.com/blogs/exclusives/pacwest-banked-slalom-2022 | https://www.summitatsnoqualmie.com/events/pacwest-banked-slalom,likely,us-grassroots
pacwest-banked-slalom--2024,pacwest-banked-slalom,2024,2024 PacWest Banked Slalom,,,"Summit East, The Summit at Snoqualmie","Snoqualmie Pass, Washington",USA,banked-slalom,held,,290 riders in attendance. Exact dates not given in the source.,https://thesnowboardersjournal.com/blogs/exclusives/pacwest-banked-slalom-2024,likely,us-grassroots
pacwest-banked-slalom--2026,pacwest-banked-slalom,2026,5th Annual PacWest Banked Slalom,2026-03-13,2026-03-15,"Summit East, The Summit at Snoqualmie","Snoqualmie Pass, Washington",USA,banked-slalom,cancelled,Cancelled for insufficient snow.,"Scheduled for March 13-15, 2026 as the fifth annual event, with 21 divisions for ages 6 to 60+.",https://www.summitatsnoqualmie.com/events/pacwest-banked-slalom,verified,us-grassroots
pleasure-jam--2009,pleasure-jam,2009,Horsefeathers Pleasure Jam 2009,2009-11-13,2009-11-15,Atomic Superpark Dachstein,Ramsau am Dachstein (Schladming-Dachstein),Austria,slopestyle,held,,"Swatch TTR World Snowboard Tour 4-Star, USD 15,000 prize purse. Separate judging for female riders and an open-public-park category for less experienced entrants.",https://www.worldsnowboardfederation.org/horsefeather-pleasure-jam-09-in-dachstain/,verified,intl-other
pleasure-jam--2015,pleasure-jam,2015,Pleasure Jam Vol. 13,2015-11-28,2015-11-29,"Superpark Dachstein, Dachstein Glacier",Ramsau am Dachstein (Schladming-Dachstein),Austria,slopestyle,held,Originally scheduled for early November 2015 and postponed: the Superpark opened on 24 October but snow was insufficient to build a compliant World Snowboard Tour International setup.,First tour stop of the World Snowboard Tour northern-hemisphere season and of the QParks Snowboard Tour; contested on a pro kicker line.,https://www.worldsnowboardfederation.org/pleasure-jam-vol-13-postponed/,verified,intl-other
pleasure-jam--2016,pleasure-jam,2016,Pleasure Jam 2016,2016-11-19,2016-11-19,Superpark Dachstein,Ramsau am Dachstein (Schladming-Dachstein),Austria,slopestyle,held,,Opening stop of the 2016/17 QParks Snowboard Tour.,https://www.worldsnowboardfederation.org/qparks-snowboard-tour-set-for-201617/,verified,intl-other
qparks-snowboard-tour--2016,qparks-snowboard-tour,2016,QParks Snowboard Tour 2016/17,2016-11-19,2017-04-22,,,multiple,slopestyle | rail-jam | jib,held,,"Seventh season, EUR 40,000 total prize money. Ten stops: Pleasure Jam, Superpark Dachstein (19 Nov 2016); Battle ROJal, Snowpark Schoeneben (7 Jan 2017); Penken Battle, Vans Penken Park (14 Jan); Blue Tomato Plan P, Superpark Planai (28 Jan); Nock'n'Rock, Snowpark Turracher Hoehe (11 Feb); Sick Trick Tour Open, Snowpark Kitzbuehel (18 Feb); Gold & Glory Golden, Roofpark Axamer Lizum (25 Feb); Oakley Schilthorn Open, Skyline Snowpark Schilthorn (11 Mar); Shred Masters Feldberg, Badenova Snowpark Feldberg (18 Mar); Roof Battle, Superpark Dachstein (22 Apr). Covers Austria, Germany, Italy and Switzerland.",https://www.worldsnowboardfederation.org/qparks-snowboard-tour-set-for-201617/,verified,intl-other
rattlesnake-banked-slalom--2025,rattlesnake-banked-slalom,2025,3rd Annual Rattlesnake Banked Slalom,2025-03-02,2025-03-02,Buck Hill,"Burnsville, Minnesota",USA,banked-slalom,held,,"Six divisions, each capped at 25 riders; fastest of two runs, second run as tiebreaker.",https://buckhill.com/events/rattlesnake-banked-slalom-2025/,likely,us-grassroots
rey-del-park--2012,rey-del-park,2012,VIII Rey del Park,2012-09-02,2012-09-02,El Colorado,"Farellones / Lo Barnechea, Santiago Metropolitan Region",Chile,slopestyle,held,,"Eighth edition and the first to count for the WSF South America Tour. WSF/TTR 2-Star slopestyle, USD 3,000 prize money, around 80 professional athletes from Chile, Argentina, Brazil, Spain, the USA and Canada.",https://www.worldsnowboardfederation.org/viii-rey-del-park-el-colorado-chile/ | https://www.worldsnowboardfederation.org/winter-season-in-chile/,verified,intl-other
rey-del-park--2013,rey-del-park,2013,Lippi Rey del Park 2013,2013-07-27,2013-07-28,El Colorado,"Farellones / Lo Barnechea, Santiago Metropolitan Region",Chile,slopestyle,held,,"USD 8,000 in prizes; open to skiers as well as snowboarders. Described by the WSF as taking place in the best terrain park in South America.",https://www.worldsnowboardfederation.org/lippi-king-of-the-park-in-el-colorado-chile/,verified,intl-other
roxy-chicken-jam--2006,roxy-chicken-jam,2006,Roxy Chicken Jam Europe 2006,2006-12-12,2006-12-15,,Kaprun,Austria,,held,,"Wikipedia gives Kaprun; the WSF's provisional 06/07 women's tour calendar, published 24 October 2006, listed the European Roxy Chicken Jam at St Moritz, Switzerland. The two sources disagree on venue.",https://en.wikipedia.org/wiki/Chicken_Jam | https://www.worldsnowboardfederation.org/ttr-women-tour-announced/,likely,world-tours
roxy-chicken-jam--2007-a,roxy-chicken-jam,2007,Roxy Chicken Jam US 2007 (finals),2007-03-22,2007-03-25,Park City Mountain Resort,Park City,United States,,held,,"The season-defining event of the 2006/07 TTR women's tour, where the women's TTR world champion was decided.",https://en.wikipedia.org/wiki/Chicken_Jam | https://www.worldsnowboardfederation.org/ttr-women-tour-announced/,verified,world-tours
roxy-chicken-jam--2007-b,roxy-chicken-jam,2007,Roxy Chicken Jam Europe 2007,2007-12-14,2007-12-16,,Kaprun,Austria,,held,,Second Roxy Chicken Jam of the 2007 calendar year; opens the 2007/08 women's season.,https://en.wikipedia.org/wiki/Chicken_Jam,verified,world-tours
roxy-chicken-jam--2008,roxy-chicken-jam,2008,Roxy Chicken Jam US 2008,,,Park City Mountain Resort,Park City,United States,,held,,"Wikipedia records a projected purse of over USD 150,000 for the 2008 US event, one of the largest in women's snowboarding at the time. Exact dates not given.",https://en.wikipedia.org/wiki/Chicken_Jam,likely,world-tours
shakedown-snowboard-games--2002,shakedown-snowboard-games,2002,2002 Empire Shakedown (first edition),2002-03-23,2002-03-23,Mont Saint-Sauveur,Saint-Sauveur,Canada,slopestyle | big-air | jib,held,,"Inaugural edition, founded by Brendan O'Dowd and Patryck Bernier. Reported 6,000 spectators and a $10,000 winner-take-all purse.",https://en.wikipedia.org/wiki/Shakedown_(Snowboard_Games) | https://kingsnowboard.com/blogs/uncategorized/timepiece-shakedown,likely,canada
shakedown-snowboard-games--2003,shakedown-snowboard-games,2003,2003 Empire Shakedown,2003-03-22,2003-03-22,Mont Saint-Sauveur,Saint-Sauveur,Canada,slopestyle | big-air | jib,held,,SnowboardQuebec's provincial history records Guillaume Brochu as the 2003 winner (not recorded as a result row in this wave).,https://en.wikipedia.org/wiki/Shakedown_(Snowboard_Games) | https://www.snowboardquebec.com/histoire/,likely,canada
shakedown-snowboard-games--2004,shakedown-snowboard-games,2004,2004 Empire Shakedown,2004-04-03,2004-04-03,Mont Saint-Sauveur,Saint-Sauveur,Canada,slopestyle | big-air | jib,held,,,https://en.wikipedia.org/wiki/Shakedown_(Snowboard_Games),likely,canada
shakedown-snowboard-games--2005,shakedown-snowboard-games,2005,2005 Empire Shakedown,2005-03-26,2005-03-26,Mont Saint-Sauveur,Saint-Sauveur,Canada,slopestyle | big-air | jib,held,,SnowboardQuebec records Matt Dano as the 2005 winner (not recorded as a result row in this wave).,https://en.wikipedia.org/wiki/Shakedown_(Snowboard_Games) | https://www.snowboardquebec.com/histoire/,likely,canada
shakedown-snowboard-games--2006,shakedown-snowboard-games,2006,2006 Empire Shakedown,2006-03-24,2006-03-25,Mont Saint-Sauveur,Saint-Sauveur,Canada,slopestyle | big-air | jib,held,,"Sebastien Toutant, aged 13, was moved up from the amateur division and won the pro category in his first major contest.",https://en.wikipedia.org/wiki/Shakedown_(Snowboard_Games) | https://kingsnowboard.com/blogs/uncategorized/timepiece-shakedown | https://www.snowboardquebec.com/histoire/,likely,canada
shakedown-snowboard-games--2007,shakedown-snowboard-games,2007,2007 Empire Shakedown,2007-04-06,2007-04-07,Mont Saint-Sauveur,Saint-Sauveur,Canada,slopestyle | big-air | jib,held,,,https://en.wikipedia.org/wiki/Shakedown_(Snowboard_Games),likely,canada
shakedown-snowboard-games--2008,shakedown-snowboard-games,2008,2008 Empire Shakedown,2008-04-04,2008-04-05,Mont Saint-Sauveur,Saint-Sauveur,Canada,slopestyle | big-air | jib,held,,SnowboardQuebec records Charles Reid as the 2008 winner (not recorded as a result row in this wave). Last edition under Empire title sponsorship.,https://en.wikipedia.org/wiki/Shakedown_(Snowboard_Games) | https://www.snowboardquebec.com/histoire/,likely,canada
shakedown-snowboard-games--2009,shakedown-snowboard-games,2009,2009 Ride Shakedown,2009-04-03,2009-04-04,Mont Saint-Sauveur,Saint-Sauveur,Canada,slopestyle | big-air | jib,held,,"First year with Ride Snowboards as title sponsor. SnowboardQuebec records Sebastien Toutant winning for a second time, aged 16 (not recorded as a result row in this wave).",https://en.wikipedia.org/wiki/Shakedown_(Snowboard_Games) | https://www.snowboardquebec.com/histoire/,likely,canada
shakedown-snowboard-games--2010,shakedown-snowboard-games,2010,2010 Ride Shakedown,2010-04-02,2010-04-03,Mont Saint-Sauveur,Saint-Sauveur,Canada,slopestyle | big-air | jib,held,,"First year the series ran a US stop as well, at Snoqualmie, Washington on 12-13 March 2010.",https://en.wikipedia.org/wiki/Shakedown_(Snowboard_Games),likely,canada
shakedown-snowboard-games--2011,shakedown-snowboard-games,2011,2011 Ride Shakedown,,,Mont Saint-Sauveur,Saint-Sauveur,Canada,slopestyle | big-air | jib,held,,"Series ran stops in Germany, the USA and Canada this year; Canadian dates not given in the source. SnowboardQuebec records Sebastien Toutant winning a third time.",https://en.wikipedia.org/wiki/Shakedown_(Snowboard_Games) | https://www.snowboardquebec.com/histoire/,likely,canada
shakedown-snowboard-games--2012,shakedown-snowboard-games,2012,2012 Ride Shakedown,2012-03-30,2012-03-31,Mont Saint-Sauveur,Saint-Sauveur,Canada,slopestyle | big-air | jib,held,,,https://en.wikipedia.org/wiki/Shakedown_(Snowboard_Games),likely,canada
shakedown-snowboard-games--2013,shakedown-snowboard-games,2013,2013 Ride Shakedown,2013-04-05,2013-04-06,Mont Saint-Sauveur,Saint-Sauveur,Canada,slopestyle | big-air | jib,held,,,https://en.wikipedia.org/wiki/Shakedown_(Snowboard_Games),likely,canada
shakedown-snowboard-games--2014,shakedown-snowboard-games,2014,2014 Ride Shakedown,2014-04-04,2014-04-05,Mont Saint-Sauveur,Saint-Sauveur,Canada,slopestyle | big-air | jib,held,,,https://en.wikipedia.org/wiki/Shakedown_(Snowboard_Games),likely,canada
shakedown-snowboard-games--2015,shakedown-snowboard-games,2015,2015 Shakedown,2015-04-04,2015-04-04,Mont Saint-Sauveur,Saint-Sauveur,Canada,slopestyle | big-air | jib,held,,"Last edition listed by the event's own edition table. SnowboardQuebec's timeline places a cancelled Shakedown season in its 2015 entry, and CBC reported a Shakedown cancellation in January 2016 for lack of sponsorship and snow; whether the 2015 contest ran and the 2016 one was cancelled is unresolved - see open questions.",https://en.wikipedia.org/wiki/Shakedown_(Snowboard_Games) | https://www.snowboardquebec.com/histoire/,likely,canada
showcase-showdown--1997,showcase-showdown,1997,1997 Showcase Showdown (first edition),1997-02-01,1997-02-01,Blackcomb Mountain,Whistler,Canada,,held,,"Whistler Blackcomb's 60th anniversary timeline dates the first Showcase Showdown to 1 February 1997. Snowboard Magazine's billing of the 2015 event as the 18th annual implies a 1998 start instead; the discrepancy is unresolved. The Whistler Museum separately records a Showcase Snowboards halfpipe competition on Blackcomb in 1992, won in the male 18-plus category by Whistler's Robin Dow, which may be a predecessor.",https://www.whistlerblackcomb.com/explore-the-resort/discover/whistler-blackcomb-60-anniversary.aspx | https://whistlermuseum.org/2022/04/05/snowboard-park-no-skiers-allowed/,likely,canada
showcase-showdown--2015,showcase-showdown,2015,18th annual Showcase Showdown,2015-03-14,2015-03-15,"Nintendo Terrain Park, Blackcomb Mountain",Whistler,Canada,big-air | rail-jam,held,,"Big air with a junior rail jam added for the first time. $22,000 in total prizes; $10,000 to the pro men's winner plus a start in the WSSF Monster Energy Shred Show. Presented by Monster Energy, Burton and Vans, with an after-party featuring Anti-Flag. Snowboard Magazine lists the contest date as Saturday 14 March; the Georgia Straight gives 14-15 March.",https://snowboardmag.com/news/whistler-blackcombs-18th-annual-showcase-showdown-returns-march-14 | https://www.straight.com/life/402596/showcase-showdown-and-whistler-ski-and-snowboard-fest-go-far-beyond-rock-n-snow,verified,canada
sidesurfers-banked-slalom--2026,sidesurfers-banked-slalom,2026,2026 Sidesurfers Banked Slalom,2026-03-21,2026-03-21,Sugarbush Resort,"Warren, Vermont",USA,banked-slalom,held,,"Dates from a third-party events roundup, not from the organiser.",https://localfreshies.com/banked-slalom-event-showcase/,likely,us-grassroots
snoboard-shop-north-american-championships--1985,snoboard-shop-north-american-championships,1985,1985 Snoboard Shop North American Snowboarding Championships (first edition),,,,,Canada,other,held,,"SnowboardQuebec's history page states Ken Achenbach's Snoboard Shop launched the North American Snowboarding Championships in Alberta in 1985 with a $20,000 purse, calling it the first snowboard event held in Canada, and says the series ended in 1988. Venue for 1985 is unconfirmed: the 1987 edition is sourced to Sunshine Village and later accounts describe an annual May long weekend contest there, but the one source naming a 1985 result places the event 'in Calgary'.",https://www.snowboardquebec.com/histoire/ | https://snowboarding8090.com/history/ | https://kootenaymountainculture.com/meet-the-men-who-brought-snowboarding-to-canada/,likely,wave2-canada
snoboard-shop-north-american-championships--1987,snoboard-shop-north-american-championships,1987,1987 Snoboard Shop North American Championships,1987-05,1987-05,Sunshine Village,Banff,Canada,other,held,,"Held on the May long weekend with a $20,000 purse. A photograph of Dave Achenbach from this event ran on the cover of the first issue of TransWorld Snowboarding. Exact dates and the disciplines run were not sourced.",https://kootenaymountainculture.com/meet-the-men-who-brought-snowboarding-to-canada/,likely,canada
snoboard-shop-north-american-championships--1988,snoboard-shop-north-american-championships,1988,1988 Snoboard Shop North American Snowboarding Championships,,,Mt Norquay,Banff,Canada,other,held,Venue changed: Sunshine Village withdrew from hosting mid-season and Mt Norquay took the event on.,Norquay's own history says hosting the event put the resort on the cover of TransWorld Snowboarding. SnowboardQuebec's history records 1988 as the final year of the series.,https://banffnorquay.com/blog/lift-lines-humans-of-norquay-a-hill-makes-space-for-snowboarding/ | https://www.snowboardquebec.com/histoire/,likely,canada
snowboard-jamboree--2013,snowboard-jamboree,2013,2013 Snowboard Jamboree / FIS Snowboarding World Championships,2013-01-18,2013-01-27,Stoneham Mountain Resort,Stoneham-et-Tewkesbury,Canada,big-air | halfpipe | slopestyle | boardercross | parallel-giant-slalom | parallel-slalom,held,,"The 2013 FIS Snowboarding World Championships were staged at Stoneham on these dates. Ski Canada's 2014 preview describes the 2014 Jamboree as the 9th edition, which places the 2013 festival as the 8th.",https://en.wikipedia.org/wiki/FIS_Snowboarding_World_Championships_2013 | https://www.skicanada.org/snowboard-world-cup-returns-stoneham-quebec-city/,likely,canada
snowboard-jamboree--2014,snowboard-jamboree,2014,9th Snowboard Jamboree,2014-01-16,2014-01-19,Stoneham Mountain Resort and Quebec City,Quebec City,Canada,big-air | slopestyle | halfpipe,held,,Billed as the 9th Snowboard Jamboree and the 15th World Cup held in Quebec. First year the event was sanctioned as a 5-star World Snowboard Tour stop and first year it offered three freestyle World Cup disciplines. Last international snowboard competition before the Sochi 2014 Olympics. Stairsmasters video contest returned.,https://www.skicanada.org/snowboard-world-cup-returns-stoneham-quebec-city/ | https://www.skicanada.org/stoneham-snowboard-jamboree-now-world-cup-event/,verified,canada
snowboard-jamboree--2015,snowboard-jamboree,2015,10th Snowboard Jamboree,2015-02-19,2015-02-22,"Stoneham Mountain Resort and Ilot Fleurie, Quebec City",Quebec City,Canada,big-air | slopestyle,held,"The halfpipe World Cup scheduled for 22 February at Stoneham was cancelled: organisers cited a significant lack of snow, warm weather and a labour dispute making an FIS-standard pipe impossible.","10th edition and the 16th FIS Snowboard World Cup held at the festival. Big air on 20 February at Ilot Fleurie in downtown Quebec City, slopestyle on 21 February at Stoneham. About 200 athletes from more than 20 countries. First time 19 women contested big air at a World Cup here. Stairsmasters video contest ran alongside.",https://snowboardmag.com/news/quebec-city-snowboard-jamboree-festival-back-for-10th-edition | https://www.snowboardquebec.com/2014/snowboard-jamboree/,verified,canada
snowboard-jamboree--2016,snowboard-jamboree,2016,2016 Snowboard Jamboree,2016-02-12,2016-02-14,Ilot Fleurie,Quebec City,Canada,big-air,held,,"Moved entirely into downtown Quebec City and cut back to a single big air World Cup, carrying both FIS and TTR World Snowboard Tour points. Maxence Parrot worked on the venue build. Programme also included the Stairsmasters video contest and the IF3 film festival. Organisers described 16 years of World Cup racing in the region and seven consecutive World Cups in Quebec City from 2009.",https://www.firsttracksonline.com/2015/10/01/quebecs-world-cup-jamboree-goes-urban/,verified,canada
snowboard-jamboree--2018,snowboard-jamboree,2018,2018 Jamboree Big Air World Cup Finals,2018-03-22,2018-03-25,Quebec City,Quebec City,Canada,big-air,held,,Listed on Canada Snowboard's 2017-18 domestic calendar as the Jamboree Big Air World Cup Finals.,https://www.canadasnowboard.ca/en/news/?id=1213,verified,canada
snowboard-jamboree--2019,snowboard-jamboree,2019,2019 Jamboree Snowboard and Ski Big Air,2019-03-15,2019-03-17,Quebec City,Quebec City,Canada,big-air,held,,Listed on Canada Snowboard's 2018-19 domestic calendar as the Jamboree Snowboard and Ski Big Air.,https://www.canadasnowboard.ca/en/news/?id=1259,verified,canada
snowboard-masters-japan--2024,snowboard-masters-japan,2024,SBM BANKED+ 2024,2024-03-29,2024-03-30,"Yamabiko B Course, Nozawa Onsen Ski Resort","Nozawa Onsen, Nagano",Japan,banked-slalom,held,"Run as a banked slalom rather than SBM's usual freeride-performance and obstacle-slalom format, because seasonal conditions made it impossible to prepare the standard courses.","Open practice Friday 29 March, competition Saturday 30 March. 150 men and 100 women; entrants had to be 18 or over and resident in Japan. Entry JPY 2,000, JPY 1,000 for JSBA/PSA members.",https://steep.jp/en/custom/sbmbanked/,verified,intl-other
snowboard-world-cup-pre-fis--1991,snowboard-world-cup-pre-fis,1991,1991 Victoria World Cup Japan,,,Rusutsu Resort,Rusutsu,Japan,,held,,"Snowboarder/TransWorld 1990s timeline: the Victoria World Cup Japan at Rusutsu, with over one million dollars spent, was 'the richest contest so far'. No dates, format or podium given. This is a single tour stop, not a full season row.",https://www.snowboarder.com/news/snowboard-history-timeline-part-31990s,likely,legacy-80s-90s
spring-battle--2007,spring-battle,2007,Absolut Park Spring Battle 2007,2007-03-31,2007-04-01,Absolut Park,Flachauwinkl,Austria,slopestyle | rail-jam,held,Saturday's main contest was postponed because of weather and replaced by a Best Trick Session on the last three obstacles.,Sunday ran as the TTR 3-Star event with qualification runs and finals; skate sessions and a party ran alongside.,https://onboardmag.com/news/snowboarding-events/absolut-park-spring-battle-2007-snowboard.html,verified,intl-other
spring-battle--2025,spring-battle,2025,Spring Battle 2025,2025-03-08,2025-03-12,Absolut Park,Flachauwinkl,Austria,slopestyle | rail-jam,held,,"WSF Elite Level Event counting for the World Snowboard Points List, EUR 65,000 prize purse. Riders had several days to film single-take runs with follow-cam filmers (no editing permitted), judged afterwards by an international WSF panel. Snowboard slopestyle on the Absolut Park kicker line; Best Trick Rail open to snowboarders and freeskiers in a dedicated jib park. Award ceremony 14 March at Haus Flachau.",https://www.absolutpark.com/en/spring-battle-25/,verified,intl-other
stylewars-australia--2007,stylewars-australia,2007,Stylewars 007 presented by Oakley,2007-08-27,2007-09-02,Falls Creek,"Falls Creek, Victoria",Australia,slopestyle,held,,Swatch TTR 3-Star. Ran the week after the Garnier Fructis Australian Open at Perisher Blue.,https://www.worldsnowboardfederation.org/events-in-australia/,verified,intl-other
stylewars-australia--2010,stylewars-australia,2010,Stylewars 2010,2010-08-23,2010-08-25,Falls Creek,"Falls Creek, Victoria",Australia,slopestyle,held,,"Billed by the WSF as Australia's biggest Swatch TTR tour event (4-Star), drawing riders from across the southern hemisphere.",https://www.worldsnowboardfederation.org/?s=Stylewars,likely,intl-other
stylewars-australia--2011,stylewars-australia,2011,Stylewars 2011,2011-08-23,,,,Australia,slopestyle | rail-jam,held,Slopestyle scaled back from three days to two.,"25 riders. A '28 Stairs' rail jam ran alongside. Scotty James, then 17, led after day one; Gjermund Braaten withdrew injured. The WSF report is dated 23 August 2011 and does not name the resort.",https://www.worldsnowboardfederation.org/stylewars-2011-australia/,likely,intl-other
sugarloaf-banked-slalom--2026,sugarloaf-banked-slalom,2026,2026 Sugarloaf Banked Slalom,2026-03-21,2026-03-21,Sugarloaf,"Carrabassett Valley, Maine",USA,banked-slalom,held,,Also referred to as the Mike Baker Banked Slalom. Dates from a third-party events roundup.,https://localfreshies.com/banked-slalom-event-showcase/,likely,us-grassroots
suomi-tour--2015,suomi-tour,2015,Suomi Tour 2015,2015-02-07,2015-04-12,,,Finland,slopestyle | halfpipe,held,,"Four stops: Vuokatti (7-8 Feb), Ounasvaara (21-22 Feb), Talma (14-15 Mar) and Ruka (9-12 Apr, run as SM15, the Finnish championships). Grom, Rookie and Open categories; EUR 35 entry with an FSA licence covering the three regional events; Burton Riglet park and coaching for parents and non-competing young riders.",https://www.worldsnowboardfederation.org/suomi-tour-finland/,verified,intl-other
swiss-snowboard-championships--2014,swiss-snowboard-championships,2014,Swiss Freestyle Snowboard Championships 2014,2014-04-11,2014-04-12,Corvatsch,"Silvaplana, Engadin",Switzerland,slopestyle | halfpipe,held,,"Closing event of the Swiss-Ski Audi Snowboard Series season, and the first time in years that the snowboard freestyle championships were held together with the freeskiers.",https://www.worldsnowboardfederation.org/audi-snowboard-series/,verified,intl-other
tenjin-banked-slalom--2012,tenjin-banked-slalom,2012,Tenjin Banked Slalom 2012,2012-03-03,2012-03-04,Tenjindaira,"Minakami, Gunma",Japan,banked-slalom,held,,"Listed by the WSF as Japan's banked slalom, roughly 1.5 hours from Tokyo. Earliest edition found.",https://www.worldsnowboardfederation.org/wsf-support-banked-slalom-all-around/,verified,intl-other
tenjin-banked-slalom--2015,tenjin-banked-slalom,2015,Tenjin Banked Slalom 2015,2015-03-07,2015-03-07,Tenjindaira Ski Resort,"Minakami, Gunma",Japan,banked-slalom,held,,"WSF report says the contest had run for three seasons before this one. Organised by former pro rider Yosuke Nishida, director of the TJ brand, on Mt Tanigawa.",https://www.worldsnowboardfederation.org/2015-tenjin-banked-slalom/,verified,intl-other
tenjin-banked-slalom--2016,tenjin-banked-slalom,2016,Tenjin Banked Slalom 2016,2016-03-05,2016-03-06,Tenjin Ski Resort,"Minakami, Gunma",Japan,banked-slalom,held,,"Heats on 5 March in clear weather, finals over two runs on 6 March. Course deliberately balanced for regular and goofy riders; based out of the Canyons lodge at the resort base. Snowboard brands demoed 2016/17 models alongside.",https://www.worldsnowboardfederation.org/photogallery-and-results-from-2016-tenjin-banked-slalom/,verified,intl-other
tenjin-banked-slalom--2017,tenjin-banked-slalom,2017,Tenjin Banked Slalom 2017,2017-03-04,2017-03-05,Tenjindaira,"Minakami, Gunma",Japan,banked-slalom,held,,"Over 400 people across the two days. Opened with a traditional ceremony praying for safety, reflecting the mountain's avalanche history. Riders received a TBS x Volcom collaboration T-shirt.",https://www.worldsnowboardfederation.org/tenjin-banked-slalom-2017/,verified,intl-other
the-arctic-challenge--1999,the-arctic-challenge,1999,The Arctic Challenge 1999 (pilot),,,Trysil and Lofoten,,Norway,halfpipe | freeride | other,held,,"Pilot project: Terje Haakonsen, Daniel Franck and Oakley invited 12 riders to Norway to test the concept. Halfpipe in Trysil, surfing and freeriding in Lofoten. Terje later described 2014 as '15 years since we did the pilot event'.",https://www.the-house.com/portal/the-history-of-the-oakley-arctic-challenge/ | https://whitelines.com/archive/news/terje-haakonsen-releases-new-statement-on-the-arctic-challenge.html,verified,world-tours
the-arctic-challenge--2000,the-arctic-challenge,2000,The Arctic Challenge 2000,,,Lofoten,,Norway,halfpipe | quarterpipe | freeride | other,held,,"First full competition: halfpipe, quarterpipe, surf, skate and freeride.",https://www.the-house.com/portal/the-history-of-the-oakley-arctic-challenge/,verified,world-tours
the-arctic-challenge--2001,the-arctic-challenge,2001,The Arctic Challenge 2001,,,Hemsedal and Holmenkollen,,Norway,halfpipe | quarterpipe,held,,"Moved south because of weather: halfpipe at Hemsedal, quarterpipe at Holmenkollen in Oslo. Heikki Sorsa set a 9.3 m quarterpipe air record at this event.",https://www.the-house.com/portal/the-history-of-the-oakley-arctic-challenge/ | https://en.wikipedia.org/wiki/Arctic_Challenge,verified,world-tours
the-arctic-challenge--2002,the-arctic-challenge,2002,The Arctic Challenge 2002,,,,,Norway,,cancelled,Cancelled after the sports marketing firm Sportsworld went bankrupt; Terje Haakonsen personally took on the financial obligations.,,https://www.the-house.com/portal/the-history-of-the-oakley-arctic-challenge/,verified,world-tours
the-arctic-challenge--2003,the-arctic-challenge,2003,The Arctic Challenge 2003,,,Trysil,Trysil,Norway,halfpipe | quarterpipe | slopestyle,held,,,https://www.the-house.com/portal/the-history-of-the-oakley-arctic-challenge/,verified,world-tours
the-arctic-challenge--2004,the-arctic-challenge,2004,The Arctic Challenge 2004,,,,Tromsø,Norway,halfpipe | quarterpipe,held,,Halfpipe and quarterpipe plus a music and lifestyle programme.,https://www.the-house.com/portal/the-history-of-the-oakley-arctic-challenge/,verified,world-tours
the-arctic-challenge--2005,the-arctic-challenge,2005,The Arctic Challenge 2005,2005-03-29,2005-04-06,"Tromsø, Finnsnes and Stamsund",Tromsø,Norway,halfpipe | quarterpipe | slopestyle,held,"Arctic storms forced relocations; the halfpipe and slopestyle were cancelled and only the Tromsø quarterpipe ran, in pouring rain.",Last edition held above the Arctic Circle; from 2006 the event moved to the Oslo area. Show sessions replaced the cancelled contests.,https://www.the-arctic-challenge.com/ | https://www.the-house.com/portal/the-history-of-the-oakley-arctic-challenge/ | https://en.wikipedia.org/wiki/Arctic_Challenge,verified,world-tours
the-arctic-challenge--2006,the-arctic-challenge,2006,The Arctic Challenge 2006,,,,Oslo,Norway,,held,Major weather delays; scaffolding had to be replaced before the event.,First edition in Oslo.,https://www.the-house.com/portal/the-history-of-the-oakley-arctic-challenge/,verified,world-tours
the-arctic-challenge--2007,the-arctic-challenge,2007,The Arctic Challenge 2007,2007-03-02,,Oslo,,Norway,quarterpipe,held,,"Terje Haakonsen set a quarterpipe air record of 9.8 m above the lip, beating Heikki Sorsa's 9.3 m from 2001. Venue not stated in the sources I opened. [QA-corrected: venue and date taken from the cited the-house.com history, which the original row overlooked.]",https://www.the-house.com/portal/the-history-of-the-oakley-arctic-challenge/ | https://en.wikipedia.org/wiki/Arctic_Challenge,likely,world-tours
the-arctic-challenge--2008,the-arctic-challenge,2008,Oakley Arctic Challenge 2008,,,Holmenkollen,Oslo,Norway,,held,,"About 7,000 spectators in good weather.",https://www.the-house.com/portal/the-history-of-the-oakley-arctic-challenge/,verified,world-tours
the-arctic-challenge--2010,the-arctic-challenge,2010,Oakley Arctic Challenge 2010,2010-03-04,2010-03-07,,Oslo,Norway,slopestyle,held,,"TTR 6Star slopestyle. Practice and a downtown Oslo grand opening on Thursday 4 March, semi-finals Saturday 6 March, finals Sunday 7 March; capacity 4,000. Course shaper Claes Hoegstrom. Peetu Piiroinen's win here secured the Swatch TTR world title.",https://www.worldsnowboardfederation.org/the-oakley-arctic-challenge/ | https://www.worldsnowboardfederation.org/ttr-winner-of-oakley-arctic-challenge-petuu-piiroinen-secures-swatch-ttr-world/,verified,world-tours
the-arctic-challenge--2011,the-arctic-challenge,2011,Oakley Arctic Challenge 2011,2011-02-14,2011-02-19,Oslo Vinterpark,Oslo,Norway,slopestyle,held,,"6Star slopestyle with 30 men and 16 women and a USD 100,000 purse; qualification from the TTR ranking (top 20 men, top 10 women after the Burton European Open), qualifying events and wildcards. Staged as the trial run for the 2012 World Snowboarding Championships.",https://www.worldsnowboardfederation.org/the-oakley-arctic-challenge-announces-2011-rider-protocol/ | https://www.worldsnowboardfederation.org/oakley-arctic-challenge/,verified,world-tours
the-arctic-challenge--2013,the-arctic-challenge,2013,The Arctic Challenge 2013,,2013-03-09,Tryvann vinterpark,Oslo,Norway,halfpipe,held,,"Main snowboard event on 9 March 2013, with a halfpipe competition (snowboard and freestyle ski) five days earlier; the volunteer call covered 6-13 March. Start date not stated explicitly.",https://www.worldsnowboardfederation.org/wanted-helping-hands-for-the-arctic-challenge/,likely,world-tours
the-arctic-challenge--2014,the-arctic-challenge,2014,The Arctic Challenge 2014,2014-03-15,2014-03-15,,Oslo,Norway,halfpipe,held,,"Rider-designed format: 12 riders arrived 11 March and had the pipe from 12-15 March to decide the arena and contest format themselves, with the public event on Saturday 15 March. Judged on skill, amplitude and creativity rather than a standard run score. 15 years after the 1999 pilot.",https://whitelines.com/archive/news/terje-haakonsen-releases-new-statement-on-the-arctic-challenge.html | https://snowboardmag.com/videos/arctic-challenge-2014-terje-haakonsons-vision | https://thesnowboardersjournal.com/blogs/curated-content/the-arctic-challenge-2014-redefining-transition-contests-with-terje-haakonsen,verified,world-tours
the-brits--2009,the-brits,2009,The BRITS 2009 (20th birthday),2009-03-28,2009-04-04,Laax,"Laax, Graubuenden",Switzerland,boardercross | big-air | slopestyle | halfpipe,held,,"20th birthday edition, billed by the WSF as Europe's longest established winter snowsports festival. Hosted the British Snowboard and Freeski Championships across kids, rookie, pro and Olympian fields; a skiercross ran alongside.",https://www.worldsnowboardfederation.org/news/the-brits-2009-in-laax/,verified,intl-other
the-brits--2023,the-brits,2023,The BRITS 2023,2023-04-01,2023-04-02,Cairngorm Mountain,"Aviemore, Scotland",United Kingdom,slopestyle | banked-slalom | rail-jam,held,,First return to Scotland in 32 years. Ran as the TSA British Snowboard Championships alongside the Ellis Brigham British Freeski Championships. Cairngorm built the first British halfpipe in 1991.,https://planetski.eu/2023/02/02/the-brits-heads-back-to-its-roots-in-scotland/,verified,intl-other
toyota-big-air--1997,toyota-big-air,1997,1st Toyota Big Air,,,Makomanai Open Stadium,Sapporo,Japan,big-air,held,,Inaugural edition. Editions were normally held around 11 February.,https://ja.wikipedia.org/wiki/TOYOTA_BIG_AIR | https://en.wikipedia.org/wiki/Toyota_Big_Air,verified,world-tours
toyota-big-air--1998,toyota-big-air,1998,2nd Toyota Big Air,,,Makomanai Open Stadium,Sapporo,Japan,big-air,held,,,https://ja.wikipedia.org/wiki/TOYOTA_BIG_AIR,verified,world-tours
toyota-big-air--1999,toyota-big-air,1999,3rd Toyota Big Air,,,Makomanai Open Stadium,Sapporo,Japan,big-air,held,,,https://ja.wikipedia.org/wiki/TOYOTA_BIG_AIR,verified,world-tours
toyota-big-air--2000,toyota-big-air,2000,4th Toyota Big Air,,,Makomanai Open Stadium,Sapporo,Japan,big-air,held,,,https://ja.wikipedia.org/wiki/TOYOTA_BIG_AIR,verified,world-tours
toyota-big-air--2001,toyota-big-air,2001,5th Toyota Big Air,,,Makomanai Open Stadium,Sapporo,Japan,big-air,held,,,https://ja.wikipedia.org/wiki/TOYOTA_BIG_AIR,verified,world-tours
toyota-big-air--2002,toyota-big-air,2002,6th Toyota Big Air,,,Makomanai Open Stadium,Sapporo,Japan,big-air,held,,Olympic year; the Japanese Wikipedia notes that in Olympic years the date shifted to late January or late February.,https://ja.wikipedia.org/wiki/TOYOTA_BIG_AIR,verified,world-tours
toyota-big-air--2003,toyota-big-air,2003,7th Toyota Big Air,,,Makomanai Open Stadium,Sapporo,Japan,big-air,held,,,https://ja.wikipedia.org/wiki/TOYOTA_BIG_AIR,verified,world-tours
toyota-big-air--2004,toyota-big-air,2004,8th Toyota Big Air,,,Makomanai Open Stadium,Sapporo,Japan,big-air,held,,,https://ja.wikipedia.org/wiki/TOYOTA_BIG_AIR,verified,world-tours
toyota-big-air--2005,toyota-big-air,2005,9th Toyota Big Air,,,Makomanai Open Stadium,Sapporo,Japan,big-air,held,,,https://ja.wikipedia.org/wiki/TOYOTA_BIG_AIR,verified,world-tours
toyota-big-air--2006,toyota-big-air,2006,10th Toyota Big Air,,,Makomanai Open Stadium,Sapporo,Japan,big-air,held,,Olympic year.,https://ja.wikipedia.org/wiki/TOYOTA_BIG_AIR,verified,world-tours
toyota-big-air--2007,toyota-big-air,2007,11th Toyota Big Air,,,Makomanai Sekisui Heim Stadium,Sapporo,Japan,big-air,held,,The Makomanai open-air stadium carried the Sekisui Heim naming rights from 2007.,https://ja.wikipedia.org/wiki/TOYOTA_BIG_AIR,verified,world-tours
toyota-big-air--2008,toyota-big-air,2008,12th Toyota Big Air,,,Makomanai Sekisui Heim Stadium,Sapporo,Japan,big-air,held,,,https://ja.wikipedia.org/wiki/TOYOTA_BIG_AIR,verified,world-tours
toyota-big-air--2009,toyota-big-air,2009,13th Toyota Big Air,,,Makomanai Sekisui Heim Stadium,Sapporo,Japan,big-air,held,,,https://ja.wikipedia.org/wiki/TOYOTA_BIG_AIR,verified,world-tours
toyota-big-air--2010,toyota-big-air,2010,14th Toyota Big Air,,,Makomanai Sekisui Heim Stadium,Sapporo,Japan,big-air,held,,Olympic year.,https://ja.wikipedia.org/wiki/TOYOTA_BIG_AIR,verified,world-tours
toyota-big-air--2011,toyota-big-air,2011,15th Toyota Big Air,,,Makomanai Sekisui Heim Stadium,Sapporo,Japan,big-air,held,,Last edition held outdoors at Makomanai.,https://ja.wikipedia.org/wiki/TOYOTA_BIG_AIR,verified,world-tours
toyota-big-air--2012,toyota-big-air,2012,16th Toyota Big Air,,,Sapporo Dome,Sapporo,Japan,big-air,held,,"Moved indoors to the Sapporo Dome as a 'full model change', with a 36 m temporary in-run scaffold.",https://ja.wikipedia.org/wiki/TOYOTA_BIG_AIR | https://en.wikipedia.org/wiki/Toyota_Big_Air,verified,world-tours
toyota-big-air--2013,toyota-big-air,2013,17th Toyota Big Air,,,Sapporo Dome,Sapporo,Japan,big-air,held,,,https://ja.wikipedia.org/wiki/TOYOTA_BIG_AIR,verified,world-tours
toyota-big-air--2014,toyota-big-air,2014,18th Toyota Big Air,2014-02-23,2014-02-23,Sapporo Dome,Sapporo,Japan,big-air,held,,Final edition. The organising office announced on 30 September 2014 that the event would not continue. Date of 23 February 2014 taken from the English Wikipedia article; the Japanese article gives no per-edition dates.,https://en.wikipedia.org/wiki/Toyota_Big_Air | https://ja.wikipedia.org/wiki/TOYOTA_BIG_AIR,likely,world-tours
ttr-world-snowboard-tour--2003,ttr-world-snowboard-tour,2003,2002/03 TTR Pro Snowboarding Series season,,,,,multiple,,held,,"First TTR season: nine events worldwide with the Arctic Challenge as the final stop, each event awarding one TTR Medallion and an Arctic Challenge invite. No women's tour until 2005/06. Events: Nissan X-Trail Jam, Nokia Air & Style, O'Neill SB Jam, Burton European Open, Champs Open, Vans Triple Crown of Snowboarding, The Battle, Quiksilver Slopestyle Pro, US Open.",https://web.archive.org/web/20220302222719/https://worldsnowboardtour.com/history/,verified,wave3-archive
ttr-world-snowboard-tour--2004,ttr-world-snowboard-tour,2004,2003/04 TTR Pro Snowboarding Series season,,,,,multiple,,held,,"Same nine events as the previous season; the nine TTR medallion winners were invited to the Arctic Challenge, again the tour final.",https://web.archive.org/web/20220302222719/https://worldsnowboardtour.com/history/,verified,wave3-archive
ttr-world-snowboard-tour--2005,ttr-world-snowboard-tour,2005,2004/05 TTR World Snowboard Tour season,,,,,multiple,halfpipe | slopestyle | big-air | quarterpipe,held,,"Season edition rows use the calendar year the season ended. The Arctic Challenge's own 2005 site published the 2004/2005 TTR Tour standings, with Andy Finch as overall champion, which confirms the season ran.",https://www.the-arctic-challenge.com/,likely,world-tours
ttr-world-snowboard-tour--2006,ttr-world-snowboard-tour,2006,2005/06 TTR World Snowboard Tour season,,,,,multiple,,held,,"Introduction of the 1-6Star tier system, the TTR ranking system, the first TTR website (ttrworldtour.com) and the official Women's Tour. 67 events in total. The TTR World Ranking list launched 5 December 2005 and the first-ever TTR World Tour Champions were crowned at the US Open.",https://web.archive.org/web/20220302222719/https://worldsnowboardtour.com/history/,verified,wave3-archive
ttr-world-snowboard-tour--2007,ttr-world-snowboard-tour,2007,2006/07 TTR World Snowboard Tour season,,,,,multiple,halfpipe | slopestyle | big-air | quarterpipe,held,,"First season with a dedicated women's tour, announced 24 October 2006. WSF described a provisional women's calendar of over 20 events offering more than 30 possible results, kicking off with the Burton Abominable Snow Jam at Mt Hood in July 2006 and ending at the Roxy Chicken Jam Finals in Park City, 22-25 March 2007. The Billabong Pro Junior in Australia and the Burton Australian Open were cancelled for poor snow.",https://www.worldsnowboardfederation.org/ttr-women-tour-announced/,verified,world-tours
ttr-world-snowboard-tour--2008,ttr-world-snowboard-tour,2008,2007/08 Swatch TTR World Snowboard Tour season,,,,,multiple,,held,,"Introduction of a $250,000 end-of-season prize purse. 176 results registered across four formats from events in 27 nations; 3,417 riders (2,706 men, 711 women) from 41 nations ranked.",https://web.archive.org/web/20220302222719/https://worldsnowboardtour.com/history/,verified,wave3-archive
ttr-world-snowboard-tour--2009,ttr-world-snowboard-tour,2009,2008/09 Swatch TTR World Snowboard Tour season,,,,,multiple,halfpipe | slopestyle | big-air | quarterpipe,held,,"First of Peetu Piiroinen's three consecutive men's overall titles, per Guinness World Records.",https://www.guinnessworldrecords.com/world-records/102159-most-men%E2%80%99s-ttr-world-snowboard-tour-titles,verified,world-tours
ttr-world-snowboard-tour--2010,ttr-world-snowboard-tour,2010,2009/10 Swatch TTR World Snowboard Tour season,,,,,multiple,halfpipe | slopestyle | big-air | quarterpipe,held,,Second of Peetu Piiroinen's three consecutive men's overall titles; WSF reported he secured the Swatch TTR world title by winning the Oakley Arctic Challenge in March 2010.,https://www.guinnessworldrecords.com/world-records/102159-most-men%E2%80%99s-ttr-world-snowboard-tour-titles | https://www.worldsnowboardfederation.org/ttr-winner-of-oakley-arctic-challenge-petuu-piiroinen-secures-swatch-ttr-world/,verified,world-tours
ttr-world-snowboard-tour--2011,ttr-world-snowboard-tour,2011,2010/11 Swatch TTR World Snowboard Tour season,,,,,multiple,halfpipe | slopestyle | big-air | quarterpipe,held,,"Third of Peetu Piiroinen's three consecutive men's overall titles, per Guinness World Records.",https://www.guinnessworldrecords.com/world-records/102159-most-men%E2%80%99s-ttr-world-snowboard-tour-titles,verified,world-tours
ttr-world-snowboard-tour--2012,ttr-world-snowboard-tour,2012,2011/12 World Snowboard Tour season,,,,,multiple,,held,,"TTR's 10th anniversary season. Highlight was the inaugural World Snowboarding Championships at Oslo Vinterpark in February 2012, developed and owned by TTR and the World Snowboard Federation and run as a 6Star tour event - the first world championships organised by snowboarders since 1999. The Burton European Open was postponed to March, making WCS qualification difficult.",https://web.archive.org/web/20220302222719/https://worldsnowboardtour.com/history/,verified,wave3-archive
ttr-world-snowboard-tour--2013,ttr-world-snowboard-tour,2013,2012/13 World Snowboard Tour season,,,,,multiple,halfpipe | slopestyle | big-air | quarterpipe,held,,"First season under the new name. TTR announced on 2-4 July 2012 that the TTR World Tour would be called the World Snowboard Tour from the 2012/13 season; TTR president Reto Lamm said the tour then covered around 350 events across five continents. Headline events named in the announcement were Air & Style Beijing and Innsbruck, Burton European and US Open, O'Neill Evolution Davos and The Arctic Challenge Oslo.",https://www.worldsnowboardfederation.org/news/ttr-world-tour-becomes-world-snowboard-tour/ | https://whitelines.com/archive/news/ttr-rebrands-to-world-snowboard-tour.html,verified,world-tours
ttr-world-snowboard-tour--2014,ttr-world-snowboard-tour,2014,2013/14 World Snowboard Tour season,,,,,multiple,halfpipe | slopestyle | big-air,held,,"Season in which the six star tiers were replaced by four event categories: Regional, National, International and Elite.",https://de.wikipedia.org/wiki/TTR_World_Snowboard_Tour,likely,world-tours
ttr-world-snowboard-tour--2015,ttr-world-snowboard-tour,2015,2014/15 World Snowboard Tour season,,,,,multiple,,held,,"First season under the new tour concept agreed at the May 2014 General Assembly in Barcelona: six star tiers replaced by four categories (Regional, National, International, Elite), with the Elite events forming the WST Pro Series. Titles were awarded in slopestyle and halfpipe only, at the Burton US Open on 8 March 2015.",https://web.archive.org/web/20220302222719/https://worldsnowboardtour.com/history/,verified,wave3-archive
ttr-world-snowboard-tour--2017,ttr-world-snowboard-tour,2017,2016/17 World Snowboard Tour season,,,,,multiple,halfpipe | slopestyle | big-air,held,Final season before the tour brand was retired.,TTR Pro Snowboarding restricted access to the World Snowboard Points List in January 2017 to force the snowboard industry to fund it. The merger with the WSF was announced 25 May 2017; from the 2017/18 season the merged organisation offered direct membership and the World Snowboard Tour brand ceased to exist.,https://www.sgieurope.com/world-snowboarding-will-replace-the-world-snowboard-tour/60795.article | https://www.worldsnowboardfederation.org/ttr-pro-snowboarding-and-world-snowboard-federation-create-one-joint-organisation/,verified,world-tours
us-open-snowboarding--1982,us-open-snowboarding,1982,1982 National Snowsurfing Championships,1982-02-13,1982-02-13,Suicide Six,Woodstock,USA,slalom | giant-slalom | downhill | other,held,,Organised by Paul Graves. Doug Bouton won. Burton's own history page opens the US Open lineage with this event; the PSIA-AASI archive treats it as a separate contest from the National Snowboarding Championships Jake Burton Carpenter organised at Snow Valley the following year. Recorded here as the first row of the lineage with the dispute unresolved.,https://events.burton.com/burton-us-open/history/ | https://www.aspentimes.com/sports/from-vermont-to-vail-a-look-back-at-the-36-year-history-of-the-burton-u-s-open-returning-march-5-10/ | https://thesnowpros.org/2024/09/from-the-archives-great-moments-in-snowboarding-history-part-2/ | https://www.burton.com/en-us/blogs/the-burton-blog/13-firsts-us-open-snowboarding-championships | https://www.snurferboy.com/nationalchampionship | http://www.snowboardinginsouthernvermont.com/woodstock-1982.html | https://www.snowboarder.com/news/snowboard-history-timeline-part-21980s | https://vermontbiz.com/news/2021/november/02/40-years-later-how-first-snowboarding-event-1982-woodstock-shaped-sport,likely,burton-opens + legacy-80s-90s
us-open-snowboarding--1983,us-open-snowboarding,1983,1983 National Snowboarding Championships,,,Snow Valley,Winhall,USA,slalom | downhill,held,,"No lift access; competitors hiked the hill. Andy Coghlan won men's slalom and downhill. Several sources describe this, not 1982, as the first edition of what became the US Open, and Burton's own later edition numbering (2002 = 20th, 2009 = 27th, 2012 = 30th, 2020 = 38th) counts from 1983.",https://events.burton.com/burton-us-open/history/ | https://www.aspentimes.com/sports/from-vermont-to-vail-a-look-back-at-the-36-year-history-of-the-burton-u-s-open-returning-march-5-10/ | https://thesnowpros.org/2024/09/from-the-archives-great-moments-in-snowboarding-history-part-2/ | https://www.firsttracksonline.com/2002/03/03/the-u-s-open-snowboarding-championships-back-to-where-it-all-began/ | https://www.snowboarder.com/news/snowboard-history-timeline-part-21980s,likely,burton-opens + legacy-80s-90s
us-open-snowboarding--1984,us-open-snowboarding,1984,1984 National Snowboarding Championships,,,Snow Valley,Winhall,USA,slalom | downhill,held,,Final year at Snow Valley. Andy Coghlan repeated in slalom and downhill.,https://events.burton.com/burton-us-open/history/ | https://www.aspentimes.com/sports/from-vermont-to-vail-a-look-back-at-the-36-year-history-of-the-burton-u-s-open-returning-march-5-10/,likely,burton-opens + legacy-80s-90s
us-open-snowboarding--1985,us-open-snowboarding,1985,1985 US Open Snowboarding Championships,,,Stratton Mountain,Stratton,USA,slalom | downhill,held,,First year at Stratton Mountain and the year the event was formally called the US Open Snowboarding Championships. Riders began wearing speed suits. Tom Sims won men's slalom; Andy Coghlan defended the downhill.,https://events.burton.com/burton-us-open/history/ | https://www.aspentimes.com/sports/from-vermont-to-vail-a-look-back-at-the-36-year-history-of-the-burton-u-s-open-returning-march-5-10/ | https://www.burton.com/en-us/blogs/the-burton-blog/13-firsts-us-open-snowboarding-championships | https://www.skihall.com/hall-of-famers/tom-sims/,verified,burton-opens + legacy-80s-90s
us-open-snowboarding--1986,us-open-snowboarding,1986,1986 US Open Snowboarding Championships,,,Stratton Mountain,Stratton,USA,slalom | downhill,held,,Over 200 competitors in the pre-qualifiers. Andy Coghlan won slalom and downhill again.,https://events.burton.com/burton-us-open/history/ | https://www.aspentimes.com/sports/from-vermont-to-vail-a-look-back-at-the-36-year-history-of-the-burton-u-s-open-returning-march-5-10/,likely,burton-opens
us-open-snowboarding--1987,us-open-snowboarding,1987,1987 US Open Snowboarding Championships,,,Stratton Mountain,Stratton,USA,slalom,held,,Craig Kelly won the men's slalom.,https://events.burton.com/burton-us-open/history/ | https://www.aspentimes.com/sports/from-vermont-to-vail-a-look-back-at-the-36-year-history-of-the-burton-u-s-open-returning-march-5-10/,likely,burton-opens
us-open-snowboarding--1988,us-open-snowboarding,1988,1988 US Open Snowboarding Championships,,,Stratton Mountain,Stratton,USA,halfpipe | slalom,held,,Halfpipe debuted at the US Open and was immediately treated as the benchmark for competition pipes. Craig Kelly took the overall title. An ice storm preceded the event.,https://events.burton.com/burton-us-open/history/ | https://www.aspentimes.com/sports/from-vermont-to-vail-a-look-back-at-the-36-year-history-of-the-burton-u-s-open-returning-march-5-10/ | https://www.burton.com/en-us/blogs/the-burton-blog/13-firsts-us-open-snowboarding-championships,verified,burton-opens
us-open-snowboarding--1989,us-open-snowboarding,1989,1989 US Open Snowboarding Championships,,,Stratton Mountain,Stratton,USA,halfpipe,held,,Last year the downhill was run. Craig Kelly won the Overall title. [QA-corrected: the cited sources say halfpipe DEBUTED at the 1989 US Open and that Kelly took the Overall title; the earlier claim of a second consecutive halfpipe title was unsupported. The downhill discipline was uncited and has been removed.],https://events.burton.com/burton-us-open/history/ | https://www.aspentimes.com/sports/from-vermont-to-vail-a-look-back-at-the-36-year-history-of-the-burton-u-s-open-returning-march-5-10/,likely,burton-opens
us-open-snowboarding--1990,us-open-snowboarding,1990,1990 US Open Snowboarding Championships,,,Stratton Mountain,Stratton,USA,halfpipe,held,,"Terje Haakonsen's US Open halfpipe debut. Craig Kelly won, against a field including Shaun Palmer and Jeff Brushie.",https://events.burton.com/burton-us-open/history/ | https://www.aspentimes.com/sports/from-vermont-to-vail-a-look-back-at-the-36-year-history-of-the-burton-u-s-open-returning-march-5-10/,likely,burton-opens
us-open-snowboarding--1991,us-open-snowboarding,1991,1991 US Open Snowboarding Championships,,,Stratton Mountain,Stratton,USA,halfpipe,held,,Crowd and competitor numbers roughly doubled. Inverts ridden in competition for the first time. Janna Meyen won the women's halfpipe over Tina Basich.,https://events.burton.com/burton-us-open/history/ | https://www.aspentimes.com/sports/from-vermont-to-vail-a-look-back-at-the-36-year-history-of-the-burton-u-s-open-returning-march-5-10/,likely,burton-opens
us-open-snowboarding--1992,us-open-snowboarding,1992,1992 US Open Snowboarding Championships,,,Stratton Mountain,Stratton,USA,halfpipe,held,,Terje Haakonsen won the men's halfpipe; Tricia Byrnes won the women's.,https://events.burton.com/burton-us-open/history/ | https://www.aspentimes.com/sports/from-vermont-to-vail-a-look-back-at-the-36-year-history-of-the-burton-u-s-open-returning-march-5-10/,likely,burton-opens
us-open-snowboarding--1993,us-open-snowboarding,1993,1993 US Open Snowboarding Championships,,,Stratton Mountain,Stratton,USA,halfpipe,held,,Fresh snow and clear skies. Terje Haakonsen took a second consecutive halfpipe title on his new Burton pro model.,https://events.burton.com/burton-us-open/history/ | https://www.aspentimes.com/sports/from-vermont-to-vail-a-look-back-at-the-36-year-history-of-the-burton-u-s-open-returning-march-5-10/,likely,burton-opens
us-open-snowboarding--1994,us-open-snowboarding,1994,1994 US Open Snowboarding Championships,,,Stratton Mountain,Stratton,USA,halfpipe,held,,Shannon Dunn and Todd Richards won the halfpipes. Terje Haakonsen sat out with an ankle injury.,https://events.burton.com/burton-us-open/history/ | https://www.aspentimes.com/sports/from-vermont-to-vail-a-look-back-at-the-36-year-history-of-the-burton-u-s-open-returning-march-5-10/,likely,burton-opens
us-open-snowboarding--1995,us-open-snowboarding,1995,1995 US Open Snowboarding Championships,,,Stratton Mountain,Stratton,USA,halfpipe | big-air | other,held,,"Big air debuted at the US Open. Terje Haakonsen won a third halfpipe title. Victoria Jealouse won the women's super-G, recorded here as discipline 'other' because super-G is not in the Linestry discipline vocabulary.",https://events.burton.com/burton-us-open/history/ | https://www.aspentimes.com/sports/from-vermont-to-vail-a-look-back-at-the-36-year-history-of-the-burton-u-s-open-returning-march-5-10/,likely,burton-opens
us-open-snowboarding--1996,us-open-snowboarding,1996,1996 US Open Snowboarding Championships,,,Stratton Mountain,Stratton,USA,halfpipe | big-air,held,,Held in the season snowboarding's inclusion in the 1998 Nagano Olympics was announced. Peter Line and Cara-Beth Burnside won big air; Jimi Scott and Satu Jarvela won halfpipe.,https://events.burton.com/burton-us-open/history/ | https://www.aspentimes.com/sports/from-vermont-to-vail-a-look-back-at-the-36-year-history-of-the-burton-u-s-open-returning-march-5-10/,likely,burton-opens
us-open-snowboarding--1997,us-open-snowboarding,1997,1997 US Open Snowboarding Championships,,,Stratton Mountain,Stratton,USA,halfpipe | big-air,held,,"Reported crowd of over 10,000 for the halfpipe. Todd Richards edged Terje Haakonsen; Barrett Christy won the women's pipe.",https://events.burton.com/burton-us-open/history/ | https://www.aspentimes.com/sports/from-vermont-to-vail-a-look-back-at-the-36-year-history-of-the-burton-u-s-open-returning-march-5-10/,likely,burton-opens
us-open-snowboarding--1998,us-open-snowboarding,1998,1998 US Open Snowboarding Championships,,,Stratton Mountain,Stratton,USA,halfpipe | big-air | boardercross,held,,"Remembered as 'the Year of the Mist' for heavy fog. Boardercross debuted. Rob Kingwill won the men's halfpipe; Nicola Thost, the 1998 Olympic champion, won the women's. Mike Michalchuk's back-to-back 1620s are cited by Burton as an early double-cork-era moment.",https://events.burton.com/burton-us-open/history/ | https://www.aspentimes.com/sports/from-vermont-to-vail-a-look-back-at-the-36-year-history-of-the-burton-u-s-open-returning-march-5-10/ | https://www.burton.com/en-us/blogs/the-burton-blog/13-firsts-us-open-snowboarding-championships,likely,burton-opens
us-open-snowboarding--1999,us-open-snowboarding,1999,1999 US Open Snowboarding Championships,,,Stratton Mountain,Stratton,USA,halfpipe,held,,Ross Powers won the men's halfpipe with McTwists and 900s; Nicola Thost won the women's for a second consecutive year.,https://events.burton.com/burton-us-open/history/ | https://www.aspentimes.com/sports/from-vermont-to-vail-a-look-back-at-the-36-year-history-of-the-burton-u-s-open-returning-march-5-10/,likely,burton-opens
us-open-snowboarding--2000,us-open-snowboarding,2000,2000 US Open Snowboarding Championships,,,Stratton Mountain,Stratton,USA,halfpipe,held,,"First superpipe at the US Open, reported as roughly 300 feet long with 15-foot walls. Guillaume Morisset and Natasza Zurek won for Canada. Recorded as halfpipe; the pipe event was run as a superpipe from this year.",https://events.burton.com/burton-us-open/history/ | https://www.aspentimes.com/sports/from-vermont-to-vail-a-look-back-at-the-36-year-history-of-the-burton-u-s-open-returning-march-5-10/,likely,burton-opens
us-open-snowboarding--2001,us-open-snowboarding,2001,2001 US Open Snowboarding Championships,,,Stratton Mountain,Stratton,USA,halfpipe,held,,"Danny Kass won the men's halfpipe, narrowly over Vermont's Abe Teter. Natasza Zurek took a second consecutive women's title.",https://events.burton.com/burton-us-open/history/ | https://www.aspentimes.com/sports/from-vermont-to-vail-a-look-back-at-the-36-year-history-of-the-burton-u-s-open-returning-march-5-10/,likely,burton-opens
us-open-snowboarding--2002,us-open-snowboarding,2002,2002 US Open Snowboarding Championships,2002-03-14,2002-03-17,Stratton Mountain,Stratton,USA,halfpipe | quarterpipe | boardercross | slopestyle,held,,"Held a month after the Salt Lake City Olympics, with a reported 30,000-plus spectators. Kelly Clark won quarterpipe and halfpipe; Danny Kass defended the men's halfpipe. First Tracks called it the 20th year of the competition, which counts from 1983. [v0.2: MountainZone reports the first US Open slopestyle finals on 17 March 2002, with both podiums; discipline list corrected.]",https://events.burton.com/burton-us-open/history/ | https://www.aspentimes.com/sports/from-vermont-to-vail-a-look-back-at-the-36-year-history-of-the-burton-u-s-open-returning-march-5-10/ | https://www.firsttracksonline.com/2002/03/03/the-u-s-open-snowboarding-championships-back-to-where-it-all-began/,verified,burton-opens
us-open-snowboarding--2003,us-open-snowboarding,2003,2003 US Open Snowboarding Championships,2003-03-11,2003-03-16,Stratton Mountain,Stratton,USA,halfpipe | slopestyle | rail-jam,held,,"First rail jam at the US Open, won by Travis Rice; first live television broadcast; Philips became the first title sponsor. Ross Powers won the halfpipe, Gretchen Bleiler the women's, Shaun White the slopestyle. MountainZone's contemporaneous slopestyle report is dated 2003-03-15; full event dates not sourced. [v0.3 archive: Open Championships of Snowboarding 2003 calendar: ""Mar 11 - 16, 2003 Stratton, VT"". The usopen03 schedule page confirms Rail Jam final Friday 14 March, halfpipe finals Saturday 15 March, slopestyle finals Sunday 16 March.] [v0.3 archive: Open Championships of Snowboarding 2003 calendar: ""Mar 11 - 16, 2003 Stratton, VT"". The usopen03 schedule page confirms Rail Jam final Friday 14 March, halfpipe finals Saturday 15 March, slopestyle finals Sunday 16 March.]",https://events.burton.com/burton-us-open/history/ | https://www.aspentimes.com/sports/from-vermont-to-vail-a-look-back-at-the-36-year-history-of-the-burton-u-s-open-returning-march-5-10/ | https://www.mountainzone.com/2003/usopen/html/usopen_slopestyle.html | https://web.archive.org/web/20030205093000/http://www.opensnowboarding.com/,likely,burton-opens
us-open-snowboarding--2004,us-open-snowboarding,2004,2004 US Open Snowboarding Championships,2004-03-16,2004-03-21,Stratton Mountain,Stratton,USA,halfpipe | slopestyle | rail-jam,held,,"Women rode the rail jam for the first time; Leanne Pelosi won. Danny Kass won the halfpipe and the overall title; Kelly Clark won the women's halfpipe. Priscilla Levac and Jake Blauvelt won slopestyle. [v0.3 archive: 2004 Open Championships of Snowboarding calendar: ""Philips US Open March 16-21, 2004 Stratton, VT USA"".] [v0.3 archive: 2004 Open Championships of Snowboarding calendar: ""Philips US Open March 16-21, 2004 Stratton, VT USA"".]",https://events.burton.com/burton-us-open/history/ | https://www.aspentimes.com/sports/from-vermont-to-vail-a-look-back-at-the-36-year-history-of-the-burton-u-s-open-returning-march-5-10/ | https://web.archive.org/web/20040205215129/http://www.opensnowboarding.com/,likely,burton-opens
us-open-snowboarding--2005,us-open-snowboarding,2005,2005 US Open Snowboarding Championships,2005-03-14,2005-03-20,Stratton Mountain,Stratton,USA,halfpipe | slopestyle | rail-jam,held,,"Danny Kass became the first rider to win four US Open halfpipe titles. Janna Meyen won her first title since 1991. [v0.3 archive: Open Championships of Snowboarding calendar: ""US Open Mar. 14-20, 2005 Stratton, VT USA"". The usopen05 schedule page runs Monday March 14th (practice) to Sunday March 20th.] [v0.3 archive: Open Championships of Snowboarding calendar: ""US Open Mar. 14-20, 2005 Stratton, VT USA"". The usopen05 schedule page runs Monday March 14th (practice) to Sunday March 20th.]",https://events.burton.com/burton-us-open/history/ | https://www.aspentimes.com/sports/from-vermont-to-vail-a-look-back-at-the-36-year-history-of-the-burton-u-s-open-returning-march-5-10/ | https://web.archive.org/web/20050113043806/http://www.opensnowboarding.com/,likely,burton-opens
us-open-snowboarding--2006,us-open-snowboarding,2006,2006 US Open Snowboarding Championships,2006-03-14,2006-03-19,Stratton Mountain,Stratton,USA,halfpipe | slopestyle | quarterpipe,held,,"Shaun White won halfpipe and slopestyle. The quarterpipe was revived, won by Danny Davis and Hana Beaman. White and Beaman took Most Valuable Rider awards. [v0.3 archive: Open Championships of Snowboarding calendar: ""US Open March 14-19, 2006 Stratton, VT USA"".] [v0.3 archive: Open Championships of Snowboarding calendar: ""US Open March 14-19, 2006 Stratton, VT USA"".]",https://events.burton.com/burton-us-open/history/ | https://www.aspentimes.com/sports/from-vermont-to-vail-a-look-back-at-the-36-year-history-of-the-burton-u-s-open-returning-march-5-10/ | https://web.archive.org/web/20060213052702/http://www.opensnowboarding.com/,likely,burton-opens
us-open-snowboarding--2007,us-open-snowboarding,2007,2007 US Open Snowboarding Championships,2007-03-12,2007-03-18,Stratton Mountain,Stratton,USA,halfpipe | slopestyle,held,,"Marked by Burton as the 25th anniversary. Shaun White and Torah Bright won the first Burton Global Open Series championship titles, USD 100,000 each. Kelly Clark won a third halfpipe title; Travis Rice and Jamie Anderson won slopestyle. [v0.3 archive: Burton Global Open Series press release: ""US Open March 12-18, 2007 Stratton, VT, USA"".] [v0.3 archive: Burton Global Open Series press release: ""US Open March 12-18, 2007 Stratton, VT, USA"".]",https://events.burton.com/burton-us-open/history/ | https://www.aspentimes.com/sports/from-vermont-to-vail-a-look-back-at-the-36-year-history-of-the-burton-u-s-open-returning-march-5-10/ | https://web.archive.org/web/20061104145301/http://www.opensnowboarding.com/,likely,burton-opens
us-open-snowboarding--2008,us-open-snowboarding,2008,2008 US Open Snowboarding Championships,2008-03,2008-03-22,Stratton Mountain,Stratton,USA,halfpipe | slopestyle | big-air,held,,"Total prize purse reported at USD 471,500. Rated 6Star on the Swatch TTR World Snowboard Tour. Slopestyle finals ran 2008-03-21 (Shaun White and Kjersti Buaas) with halfpipe finals the following day; the event's start date was not sourced. Cheryl Maas and Tim Humphreys won big air.",https://events.burton.com/burton-us-open/history/ | https://www.aspentimes.com/sports/from-vermont-to-vail-a-look-back-at-the-36-year-history-of-the-burton-u-s-open-returning-march-5-10/ | https://www.worldsnowboardfederation.org/burton-us-open-report/,likely,burton-opens
us-open-snowboarding--2009,us-open-snowboarding,2009,2009 US Open Snowboarding Championships,2009-03-16,2009-03-22,Stratton Mountain,Stratton,USA,halfpipe | slopestyle | quarterpipe | other,held,,"Closing event of the 2008/09 Burton Global Open Series; dates as announced in the series calendar. AlpineZone called it the 27th US Open. Danny Kass won a record fifth halfpipe title; Torah Bright won a third. Chas Guldemond and Kjersti Buaas won slopestyle. A best trick contest and a junior jam were also run, recorded as 'other'.",https://events.burton.com/burton-us-open/history/ | https://www.aspentimes.com/sports/from-vermont-to-vail-a-look-back-at-the-36-year-history-of-the-burton-u-s-open-returning-march-5-10/ | https://whitelines.com/archive/news/burton-global-open-series-08-09.html | https://www.alpinezone.com/news-and-featured-articles/local-stratton-riders-make-a-splash-at-the-27th-u-s-open-snowboarding-championships/,likely,burton-opens
us-open-snowboarding--2010,us-open-snowboarding,2010,2010 US Open Snowboarding Championships,2010-03-16,2010-03-21,Stratton Mountain,Stratton,USA,halfpipe | slopestyle,held,,"Halfpipe finals ran 2010-03-20 in a slushy pipe; full event dates not sourced. Kazuhiro Kokubo won his first halfpipe title and Kelly Clark became the first woman to win four. Mikkel Bang and Sina Candrian won slopestyle. [v0.3 archive: Burton Global Open Series calendar listed the US Open as March 16-21, 2010. Refines the existing 2010-03 value.] [v0.3 archive: Burton Global Open Series calendar listed the US Open as March 16-21, 2010. Refines the existing 2010-03 value.] [v0.3 QA: the archive citation was a Flash-only page containing no dates and has been removed. The dates rest on the live-web sources.]",https://events.burton.com/burton-us-open/history/ | https://www.aspentimes.com/sports/from-vermont-to-vail-a-look-back-at-the-36-year-history-of-the-burton-u-s-open-returning-march-5-10/ | https://www.snowboarder.com/news/2010-us-open-halfpipe-results-and-photos,likely,burton-opens
us-open-snowboarding--2011,us-open-snowboarding,2011,2011 US Open Snowboarding Championships,2011-03-07,2011-03-13,Stratton Mountain,Stratton,USA,halfpipe | slopestyle | rail-jam,held,,Kazuhiro Kokubo won a second consecutive halfpipe title and dedicated it to tsunami-hit Japan. Kelly Clark won a fifth consecutive halfpipe title and her first Burton Global Open Series championship. Eric Willett and Enni Rukajarvi won their first slopestyle titles.,https://events.burton.com/burton-us-open/history/ | https://www.aspentimes.com/sports/from-vermont-to-vail-a-look-back-at-the-36-year-history-of-the-burton-u-s-open-returning-march-5-10/ | https://www.worldsnowboardguide.com/events/burton-us-open-2011.html,verified,burton-opens
us-open-snowboarding--2012,us-open-snowboarding,2012,2012 US Open Snowboarding Championships,2012-03-05,2012-03-11,Stratton Mountain,Stratton,USA,halfpipe | slopestyle | rail-jam,held,,"Last US Open at Stratton after 28 editions there. Hit by a freak snowstorm. Shaun White won halfpipe; Elena Hight ended Kelly Clark's streak; Seb Toots and Jamie Anderson won slopestyle; Chas Guldemond and Kjersti Buaas won The Jam. A veterans' race, the Washed Up Cup, was run on the Friday night.",https://events.burton.com/burton-us-open/history/ | https://www.aspentimes.com/sports/from-vermont-to-vail-a-look-back-at-the-36-year-history-of-the-burton-u-s-open-returning-march-5-10/ | https://www.methodmag.com/events/burton-us-open-2012.html,verified,burton-opens
us-open-snowboarding--2013,us-open-snowboarding,2013,2013 US Open Snowboarding Championships,2013-02-25,2013-03-02,Vail Mountain,Vail,USA,halfpipe | slopestyle,held,,"First US Open at Vail after 28 years in Vermont. Over USD 340,000 in prize money. Mark McMorris won his first slopestyle title, Spencer O'Brien the women's; Shaun White won the halfpipe with 14-year-old Ayumu Hirano second.",https://events.burton.com/burton-us-open/history/ | https://www.aspentimes.com/sports/from-vermont-to-vail-a-look-back-at-the-36-year-history-of-the-burton-u-s-open-returning-march-5-10/ | https://snowboardmag.com/stories/burton-us-open-snowboarding-championships-announces-schedule-and-formats,verified,burton-opens
us-open-snowboarding--2014,us-open-snowboarding,2014,32nd Burton US Open (2014),2014-03-03,2014-03-08,Vail Mountain,Vail,USA,halfpipe | slopestyle,held,,"Slopestyle finals 2014-03-07, halfpipe finals 2014-03-08. Mark McMorris won a second consecutive slopestyle; Jamie Anderson won the women's; Kelly Clark won the halfpipe.",https://snowboardmag.com/stories/2014-burton-us-open-snowboarding-championships-roster | https://shop-eat-surf-outdoor.com/news/2014-03-relive-the-32nd-burton-us-open-on-burton-com-and-fox-sports-2/27965/ | https://events.burton.com/burton-us-open/history/ | https://www.aspentimes.com/sports/from-vermont-to-vail-a-look-back-at-the-36-year-history-of-the-burton-u-s-open-returning-march-5-10/,verified,burton-opens
us-open-snowboarding--2015,us-open-snowboarding,2015,33rd Burton US Open (2015),2015-03-02,2015-03-07,Vail Mountain,Vail,USA,halfpipe | slopestyle,held,,"Yuki Kadono won men's slopestyle with back-to-back triple cork 1620s, reported as a competition first. Jamie Anderson won a fourth slopestyle title; Kelly Clark won an eighth halfpipe title; Taku Hiraoka won the men's halfpipe.",https://news.vailresorts.com/2015-01-22-The-2015-Burton-US-Open-Announces-World-Class-Entertainment-Line-Up | https://events.burton.com/burton-us-open/history/ | https://www.aspentimes.com/sports/from-vermont-to-vail-a-look-back-at-the-36-year-history-of-the-burton-u-s-open-returning-march-5-10/,verified,burton-opens
us-open-snowboarding--2016,us-open-snowboarding,2016,34th Burton US Open (2016),2016-02-29,2016-03-05,Vail Mountain,Vail,USA,halfpipe | slopestyle,held,,"USD 343,000 prize purse. Shaun White returned to the halfpipe podium; 15-year-old Chloe Kim won her first halfpipe title. Jamie Anderson and Kyle Mack won slopestyle. Junior jam halfpipe on 2016-03-01.",https://snowboardmag.com/news/the-2016-burton-us-open-snowboarding-championships-return-to-vail-february-29-march-5 | https://events.burton.com/burton-us-open/history/ | https://www.aspentimes.com/sports/from-vermont-to-vail-a-look-back-at-the-36-year-history-of-the-burton-u-s-open-returning-march-5-10/,verified,burton-opens
us-open-snowboarding--2017,us-open-snowboarding,2017,35th Burton US Open (2017),2017-02-27,2017-03-04,Vail Mountain,Vail,USA,halfpipe | slopestyle,held,,Anna Gasser won her first title in women's slopestyle; Mark McMorris won the men's. Shaun White and Chloe Kim defended their halfpipe titles. Junior jam halfpipe for riders 14 and under.,https://www.snowboarder.com/transworld-snowboarding-archive/snowboarding-news/2017-burton-us-open-snowboarding-championships-return-vail-feb-27-march-4/ | https://events.burton.com/burton-us-open/history/ | https://www.aspentimes.com/sports/from-vermont-to-vail-a-look-back-at-the-36-year-history-of-the-burton-u-s-open-returning-march-5-10/,verified,burton-opens
us-open-snowboarding--2018,us-open-snowboarding,2018,36th Burton US Open (2018),2018-03-05,2018-03-10,Vail Mountain,Vail,USA,halfpipe | slopestyle,held,,First post-PyeongChang edition. Zoi Sadowski-Synnott and Red Gerard won slopestyle; Maddie Mastro and Scotty James won halfpipe.,https://events.burton.com/burton-us-open/event-schedule/ | https://www.vailvalleypartnership.com/tag/burton-us-open/,verified,burton-opens
us-open-snowboarding--2019,us-open-snowboarding,2019,37th Burton US Open (2019),2019-02-25,2019-03-02,Vail Mountain,Vail,USA,halfpipe | slopestyle,held,,Halfpipe and slopestyle for men and women plus a junior jam for riders under 15.,https://kingsnowboard.com/blogs/news-1/37th-burton-u-c2-b7s-c2-b7open-vail | https://www.vailvalleypartnership.com/tag/burton-us-open/,verified,burton-opens
us-open-snowboarding--2020,us-open-snowboarding,2020,38th Burton US Open (2020),2020-02-24,2020-02-29,"Golden Peak, Vail Mountain",Vail,USA,halfpipe | slopestyle,held,,"The last US Open held. Run about four months after Jake Burton Carpenter's death and dedicated to him. USD 373,000 prize purse. Junior jam halfpipe 2020-02-25; slopestyle finals 2020-02-28; halfpipe finals 2020-02-29.",https://www.thesebastianvail.com/guide-2020-burton-u-s-open/ | https://www.vaildaily.com/news/is-vails-burton-us-open-competition-gone-for-good/,verified,burton-opens
us-open-snowboarding--2021,us-open-snowboarding,2021,2021 Burton US Open (cancelled),2021-03-01,2021-03-06,Vail Mountain,Vail,USA,,cancelled,Cancelled; the event did not return to Vail afterwards.,"Scheduled for 2021-03-01 to 2021-03-06 and cancelled. Burton later confirmed the US Open would not be returning to Vail and pointed to the new Burton Mystery Series, intended to be hosted in a different country each time. Vail had invested USD 490,000 in the 2020 event and did not budget for 2022.",https://www.vaildaily.com/news/is-vails-burton-us-open-competition-gone-for-good/,verified,burton-opens
us-snowboarding-grand-prix--2021,us-snowboarding-grand-prix,2021,"2021 Toyota U.S. Grand Prix, Copper Mountain (halfpipe World Cup)",2021-12-14,,Copper Mountain Resort,"Copper Mountain, Colorado",USA,halfpipe,held,,FIS reported the snowboard halfpipe World Cup at this Toyota U.S. Grand Prix on 14 December 2021. Only the halfpipe date was confirmed; the full run of the Grand Prix week at Copper was not established.,https://www.fis-ski.com/snowboard-park-and-pipe/news/2021-22/toyota-us-grand-prix-halfpipe-world-cup-at-copper-mountain-snowboard,likely,xgames-dewtour
usasa-national-championships--1990,usasa-national-championships,1990,1990 USASA National Championships,1990-02,1990-02,Snow Valley,Running Springs,USA,,held,,"Snowboarder/TransWorld 1990s timeline: February 1990 at Snow Valley, California; a severe snowstorm stranded competitors and USASA president Chuck Allen led the rescue. No podium found. City given as Running Springs, California (Snow Valley's town) - not confirmed in the sources opened. Not to be confused with Snow Valley, Vermont, which hosted the 1983 and 1984 National Snowboarding Championships.",https://www.snowboarder.com/news/snowboard-history-timeline-part-31990s,likely,legacy-80s-90s
usasa-national-championships--2023,usasa-national-championships,2023,2023 USASA National Championships,2023-03-31,2023-04-06,Copper Mountain,"Copper Mountain, Colorado",USA,halfpipe | slopestyle | boardercross | giant-slalom | slalom | rail-jam,held,,"Snowboard championships ran March 31-April 6, 2023; the freeski championships followed April 8-12, 2023. About 1,500 snowboard and freeski competitors attended in total.",https://www.townoffrisco.com/event/copper-mountain-events/usasa-snowboard-national-championships/ | https://www.townoffrisco.com/event/copper-mountain-events/usasa-freeski-national-championships/,verified,us-grassroots
usasa-national-championships--2025,usasa-national-championships,2025,2025 USASA National Championships,2025-03-30,2025-04-03,Copper Mountain,"Copper Mountain, Colorado",USA,halfpipe | slopestyle | boardercross | giant-slalom | slalom | rail-jam,held,,"Full championship window March 28-April 9, 2025; snowboard competition March 30-April 3 and freeski April 6-9. Daily formats are confirmed nightly at the Team Captains Meeting.",https://usasa.org/national-championships/,verified,us-grassroots
usasa-national-championships--2026,usasa-national-championships,2026,2026 USASA National Championships,2026-03-28,2026-04-02,Copper Mountain,"Copper Mountain, Colorado",USA,halfpipe | slopestyle | boardercross | giant-slalom | slalom | rail-jam,held,,"Dates from an events listing, not from USASA directly; disciplines for this specific edition not confirmed from the organiser.",https://www.boardriding.com/events/usasa-national-championships-copper-mountain-2026,likely,us-grassroots
vans-triple-crown-of-snowboarding--2000,vans-triple-crown-of-snowboarding,2000,1999/2000 Vans Triple Crown of Snowboarding,1999-12-03,2000-02-27,,,multiple,halfpipe | big-air | boardercross,held,,"Three stops: Breckenridge, Colorado 3-5 December 1999 (boardercross, big air with a USD 10,000 winner's cheque, halfpipe); Mount Seymour, British Columbia 14-16 January 2000 (snowboard cross, halfpipe); Sierra-at-Tahoe, California 25-27 February 2000 (halfpipe). Overall titles to Ross Powers and Ina Poetzl, with a USD 10,000 overall prize.",https://www.mountainzone.com/snowboarding/2000/vans/index.html | https://www.mountainzone.com/snowboarding/2000/vans/breckenridge/,verified,world-tours
waengl-taengl--2012,waengl-taengl,2012,10th Vans Waengl Taengl presented by G-SHOCK,2012-03-17,2012-03-24,Mayrhofen,"Mayrhofen, Zillertal",Austria,team | slopestyle,held,,"Tenth-anniversary edition, a week-long 'contest-ival' billed as the world's largest snowboard team competition, with team skate, open-air concerts, parties and art installations alongside. Organised by the Aesthetiker.",https://www.vice.com/de/article/waengl-taengl-ueberrollt-mayrhofen/ | https://www.worldsnowboardfederation.org/news/the-asthetikers-announce-a-break-from-the-wangl-tangl-in-2013/,verified,intl-other
waengl-taengl--2013,waengl-taengl,2013,Waengl Taengl 2013 (not held),,,,"Mayrhofen, Zillertal",Austria,,cancelled,"The Aesthetiker announced a break from producing the event in 2013. Club president Steve Gruber: 'we felt we needed time to look at how we could step it up again to guarantee the next edition of the Waengl is kick arse, not an anti-climax.'",The crew said they would instead focus on youth development and new event formats.,https://www.worldsnowboardfederation.org/news/the-asthetikers-announce-a-break-from-the-wangl-tangl-in-2013/,verified,intl-other
westbeach-classic--1989,westbeach-classic,1989,1989 WestBeach Classic (first edition),,,,,Canada,halfpipe | big-air,held,,First edition. Sources disagree on venue and format: Whistler Blackcomb's own 60th anniversary timeline says the WestBeach Classic launched at Blackcomb in 1989 and that Ross Rebagliati won the halfpipe and landed the cover of TransWorld Snowboarding; photographer Dano Pendygrasse recalls the first event as a big air at Cypress Mountain. Venue left null pending a contemporaneous source.,https://www.whistlerblackcomb.com/explore-the-resort/discover/whistler-blackcomb-60-anniversary.aspx | https://parrot-point-8fe3.squarespace.com/stories/pipe-dreams | https://www.piquenewsmagazine.com/local-sports/westbeach-classic-not-on-2459602,likely,canada
westbeach-classic--1997,westbeach-classic,1997,1997 WestBeach Invitational Big Air,,,Whistler Mountain (base area),Whistler,Canada,big-air,held,,"Run inside the 1997 World Ski & Snowboard Festival (4-13 April 1997). Over 8,000 spectators at the base of Whistler Mountain. Exact contest date not sourced.",https://whistlermuseum.org/2024/04/09/wssf-the-beginning/,verified,canada
westbeach-classic--2000,westbeach-classic,2000,2000 WestBeach Classic,,,Whistler Blackcomb,Whistler,Canada,big-air,held,,Final edition. Moved out of the World Ski & Snowboard Festival to the May long weekend. Reported in 2001 by Pique Newsmagazine as the last running.,https://www.piquenewsmagazine.com/local-sports/westbeach-classic-not-on-2459602,likely,canada
westbeach-classic--2001,westbeach-classic,2001,2001 WestBeach Classic,,,,Whistler,Canada,,cancelled,Not held. WestBeach Sports redirected its funding to sponsor the World Snowboarding Championship instead; company president Steve Dewar told Pique the brand opportunity was 'too good to pass up'.,The Masters Group organised both the WestBeach Classic and the World Snowboarding Championship.,https://www.piquenewsmagazine.com/local-sports/westbeach-classic-not-on-2459602,verified,canada
whistler-blackcomb-fis-snowboard-world-cup--2001,whistler-blackcomb-fis-snowboard-world-cup,2001,"2001 FIS Snowboard World Cup, Whistler",2001-12-06,2001-12-11,Whistler Blackcomb,Whistler,Canada,boardercross | halfpipe | parallel-giant-slalom | big-air,held,,"Pique Newsmagazine's 2001 year in sports records snowboard cross, two halfpipes, alpine and big air over these dates, with Guillaume Morisset taking a bronze, Natasza Zurek a silver and Jasey-Jay Anderson a silver in parallel giant slalom. Belongs to the 2001-02 season.",https://www.piquenewsmagazine.com/local-sports/whistler-the-year-in-sports-2461092,verified,canada
winsport-calgary-world-cup--2019,winsport-calgary-world-cup,2019,2019 Halfpipe Rodeo FIS Ski & Snowboard World Cup,2019-02-13,2019-02-16,Canada Olympic Park,Calgary,Canada,halfpipe,held,,Announced by Canada Snowboard in November 2018 and listed on its 2018-19 domestic calendar.,https://www.canadasnowboard.ca/en/news/?id=1256 | https://www.canadasnowboard.ca/en/news/?id=1259,verified,canada
winsport-calgary-world-cup--2020,winsport-calgary-world-cup,2020,"2020 FIS Freestyle Ski and Snowboard World Cups, Calgary",2020-02-12,2020-02-16,Canada Olympic Park,Calgary,Canada,halfpipe | slopestyle,held,,Part of a season in which Canada hosted a World Cup in every snowboard discipline.,https://olympic.ca/2019/10/24/winter-competitions-coming-to-canada-in-2019-20/,verified,canada
winter-dew-tour--2008,winter-dew-tour,2008,"2008-09 Winter Dew Tour, Stop 1: Breckenridge",2008-12-18,2008-12-21,Breckenridge Ski Resort,"Breckenridge, Colorado",USA,superpipe | slopestyle,held,,Opening stop of the inaugural Winter Dew Tour. Men's and women's snowboard and freeski slopestyle and superpipe; $1.5 million purse across the three stops; Dew Cup awarded to season champions. Belongs to the 2008-09 season.,"https://news.vailresorts.com/2008-11-21-WINTER-DEW-TOUR-TO-VISIT-BRECKENRIDGE-RESORT,-DEC-18-21 | https://www.saminfo.com/news/sam-headline-news/5336-976-breck-mount-snow-northstar-highlight-dew-tour",verified,xgames-dewtour
winter-dew-tour--2009-a,winter-dew-tour,2009,"2008-09 Winter Dew Tour, Stop 2: Mount Snow",2009-01-08,2009-01-11,Mount Snow Resort,"West Dover, Vermont",USA,superpipe | slopestyle,held,,Second stop of the 2008-09 season.,"https://news.vailresorts.com/2008-11-21-WINTER-DEW-TOUR-TO-VISIT-BRECKENRIDGE-RESORT,-DEC-18-21 | https://www.saminfo.com/news/sam-headline-news/5336-976-breck-mount-snow-northstar-highlight-dew-tour",verified,xgames-dewtour
winter-dew-tour--2009-b,winter-dew-tour,2009,"2008-09 Winter Dew Tour, Stop 3: Northstar-at-Tahoe",2009-02-19,,Northstar-at-Tahoe Resort,"Truckee, California",USA,superpipe | slopestyle,held,,"Season finale of the 2008-09 season. [QA-corrected: end_date removed, not carried by either citation.]","https://news.vailresorts.com/2008-11-21-WINTER-DEW-TOUR-TO-VISIT-BRECKENRIDGE-RESORT,-DEC-18-21 | https://www.saminfo.com/news/sam-headline-news/5336-976-breck-mount-snow-northstar-highlight-dew-tour",likely,xgames-dewtour
winter-dew-tour--2009-c,winter-dew-tour,2009,"2009-10 Winter Dew Tour, Stop 1: Breckenridge",2009-12-18,2009-12-20,Breckenridge Ski Resort,"Breckenridge, Colorado",USA,superpipe | slopestyle,held,,Opening stop of the 2009-10 season. The season article lists only men's superpipe and men's slopestyle for this stop; whether women's fields ran here is unconfirmed.,https://en.wikipedia.org/wiki/2009%E2%80%932010_Winter_Dew_Tour,likely,xgames-dewtour
winter-dew-tour--2010-a,winter-dew-tour,2010,"2009-10 Winter Dew Tour, Stop 2: Snowbasin",2010-01-15,2010-01-17,Snowbasin Resort,"Huntsville, Utah",USA,superpipe | slopestyle,held,,Second stop of the 2009-10 season; men's and women's superpipe and slopestyle.,https://en.wikipedia.org/wiki/2009%E2%80%932010_Winter_Dew_Tour,likely,xgames-dewtour
winter-dew-tour--2010-b,winter-dew-tour,2010,"2009-10 Winter Dew Tour, Stop 3: Mount Snow",2010-02-05,2010-02-07,Mount Snow,"West Dover, Vermont",USA,superpipe | slopestyle,held,,Third stop of the 2009-10 season; men's and women's superpipe and slopestyle.,https://en.wikipedia.org/wiki/2009%E2%80%932010_Winter_Dew_Tour,likely,xgames-dewtour
winter-dew-tour--2010-c,winter-dew-tour,2010,"2009-10 Winter Dew Tour, Toyota Championship: Northstar-at-Tahoe",,,Northstar-at-Tahoe Resort,"Truckee, California",USA,superpipe | slopestyle,held,,"Listed as the season finale of the 2009-10 Winter Dew Tour. No dates found; year assigned to 2010 on the assumption the finale followed the February Mount Snow stop, which is NOT sourced. See open_questions.",https://en.wikipedia.org/wiki/2009%E2%80%932010_Winter_Dew_Tour,likely,xgames-dewtour
winter-dew-tour--2010-d,winter-dew-tour,2010,"2010-11 Winter Dew Tour, Stop 1: Breckenridge",2010-12-16,2010-12-19,Breckenridge Ski Resort,"Breckenridge, Colorado",USA,superpipe | slopestyle,held,,Opening stop of the 2010-11 season; new 22-foot superpipe at Breckenridge.,https://freeskier.com/stories/winter-dew-tour-announces-dates-and-places-2010-11,verified,xgames-dewtour
winter-dew-tour--2011-a,winter-dew-tour,2011,"2010-11 Winter Dew Tour, Stop 2: Killington",2011-01-20,2011-01-23,Killington Resort,"Killington, Vermont",USA,superpipe | slopestyle,held,,Vermont stop moved from Mount Snow to Killington for the 2010-11 season.,https://freeskier.com/stories/winter-dew-tour-announces-dates-and-places-2010-11,verified,xgames-dewtour
winter-dew-tour--2011-b,winter-dew-tour,2011,"2010-11 Winter Dew Tour, Toyota Championship: Snowbasin",2011-02-10,2011-02-13,Snowbasin Resort,"Ogden, Utah",USA,superpipe | slopestyle,held,,Season finale of the 2010-11 season; Dew Cup awarded.,https://freeskier.com/stories/winter-dew-tour-announces-dates-and-places-2010-11,verified,xgames-dewtour
winter-dew-tour--2011-c,winter-dew-tour,2011,"2011-12 Winter Dew Tour, Stop 1: Breckenridge",2011-12-15,2011-12-18,Breckenridge Ski Resort,"Breckenridge, Colorado",USA,superpipe | slopestyle,held,,Opening stop of the 2011-12 season.,https://snowboardmag.com/stories/winter-dew-tour-announces-2011-12-schedule,verified,xgames-dewtour
winter-dew-tour--2012-a,winter-dew-tour,2012,"2011-12 Winter Dew Tour, Stop 2: Killington",2012-01-19,2012-01-22,Killington Resort,"Killington, Vermont",USA,superpipe | slopestyle,held,,Second stop of the 2011-12 season.,https://snowboardmag.com/stories/winter-dew-tour-announces-2011-12-schedule,verified,xgames-dewtour
winter-dew-tour--2012-b,winter-dew-tour,2012,"2011-12 Winter Dew Tour, Toyota Championship: Snowbasin",2012-02-09,2012-02-12,Snowbasin Resort,"Ogden, Utah",USA,superpipe | slopestyle,held,,Season finale of the 2011-12 season; last multi-stop Winter Dew Tour season.,https://snowboardmag.com/stories/winter-dew-tour-announces-2011-12-schedule,verified,xgames-dewtour
winter-dew-tour--2012-c,winter-dew-tour,2012,Dew Tour Mountain Championships 2012 (Breckenridge),2012-12-13,2012-12-16,Breckenridge Ski Resort,"Breckenridge, Colorado",USA,superpipe | slopestyle | jib,held,,First season under the restructured single-winter-stop format ('the lone Winter Dew Tour stop'). A Main Street rail jam ran alongside the mountain events (recorded as 'jib').,https://www.newschoolers.com/news/read/2012-Dew-Tour-Schedule-Announced | https://news.vailresorts.com/2013-04-04-Winter-Dew-Tour-Returns-to-Breckenridge-in-2013,verified,xgames-dewtour
winter-dew-tour--2013,winter-dew-tour,2013,Dew Tour Mountain Championships 2013 (Breckenridge),2013-12-12,2013-12-15,Breckenridge Ski Resort,"Breckenridge, Colorado",USA,,held,,"Announced as the Mountain Championships leg of the three-stop 2013 Dew Tour (Ocean City, San Francisco, Breckenridge). Snowboard discipline list not confirmed.",https://news.vailresorts.com/2013-04-04-Winter-Dew-Tour-Returns-to-Breckenridge-in-2013,verified,xgames-dewtour
winter-dew-tour--2014,winter-dew-tour,2014,Dew Tour Mountain Championships 2014 (Breckenridge),2014-12-11,2014-12-15,Breckenridge Ski Resort,"Breckenridge, Colorado",USA,superpipe | slopestyle | jib,held,,"Men's and women's snowboard slopestyle and superpipe plus men's Snowboard Streetstyle (recorded as 'jib'). Described as the seventh straight year at Breckenridge. Dates from a secondary event listing, not an organiser release.",https://www.worldsnowboardguide.com/events/winter-dew-tour-breckenridge-2014.html,likely,xgames-dewtour
winter-dew-tour--2015,winter-dew-tour,2015,Dew Tour Breckenridge 2015,2015-12-10,2015-12-13,Breckenridge Ski Resort,"Breckenridge, Colorado",USA,superpipe | slopestyle | jib,held,,Men's and women's snowboard superpipe and slopestyle finals plus a Snowboard Streetstyle final (recorded as 'jib').,"https://news.vailresorts.com/2015-12-08-Dew-Tour-Announces-Event-and-Broadcast-Schedule-from-Breckenridge,-December-10-13",verified,xgames-dewtour
winter-dew-tour--2016,winter-dew-tour,2016,Dew Tour Breckenridge 2016,2016-12-08,2016-12-11,Breckenridge Ski Resort,"Breckenridge, Colorado",USA,superpipe | slopestyle | team,held,,"Run in Breckenridge's Freeway Terrain Park. Individual men's and women's slopestyle and pipe, plus a new brand Team Challenge format (recorded as 'team'). First winter edition under TEN: The Enthusiast Network ownership.",https://news.vailresorts.com/2016-08-30-Dew-Tour-Announces-Return-to-Breckenridge-for-Winter-2016-Ski-and-Snowboard-Competition,verified,xgames-dewtour
winter-dew-tour--2017,winter-dew-tour,2017,Dew Tour Breckenridge 2017,2017-12-14,2017-12-17,Breckenridge Ski Resort,"Breckenridge, Colorado",USA,superpipe | slopestyle | jib | team,held,,"Men's and women's snowboard slopestyle and superpipe (a U.S. Ski & Snowboard Olympic qualifying event), a combined ski/snowboard Streetstyle (recorded as 'jib') and a Team Challenge on a modified superpipe/jib/jump course (recorded as 'team').","https://news.vailresorts.com/2017-10-17-Schedule-Announced-for-2017-Winter-Dew-Tour-at-Breckenridge-Ski-Resort,-Dec-14-17",verified,xgames-dewtour
winter-dew-tour--2018,winter-dew-tour,2018,Dew Tour Breckenridge 2018,2018-12-13,2018-12-16,Breckenridge Ski Resort,"Breckenridge, Colorado",USA,superpipe | slopestyle | jib | team | other,held,,"Eleventh and final Breckenridge edition. Men's and women's ski and snowboard slopestyle and halfpipe, a para snowboard competition (recorded as 'other'), a 12-brand Team Challenge, and a Streetstyle jam in downtown Breckenridge (recorded as 'jib').","https://news.vailresorts.com/2018-06-07-Winter-Dew-Tour-Returns-to-Breckenridge-December-13-16,-2018",verified,xgames-dewtour
winter-dew-tour--2020,winter-dew-tour,2020,Dew Tour Copper Mountain 2020,2020-02-06,2020-02-09,Copper Mountain Resort,"Copper Mountain, Colorado",USA,superpipe | slopestyle | team | other,held,,"First Copper Mountain edition after 11 years at Breckenridge. Men's and women's halfpipe, slopestyle in Copper's Central Park, para snowboard (recorded as 'other') and the Team Challenge. Note the calendar-year gap: the previous edition was December 2018, so no Winter Dew Tour was held in calendar 2019.",https://www.mensjournal.com/adventure/winter-dew-tour-heads-to-copper-mountain-colorado-february-6-9-2020/ | https://en.wikipedia.org/wiki/Dew_Tour,verified,xgames-dewtour
winter-dew-tour--2021,winter-dew-tour,2021,Dew Tour Copper Mountain 2021,2021-12-15,2021-12-19,Copper Mountain Resort,"Copper Mountain, Colorado",USA,superpipe | slopestyle | other,held,,"Beijing 2022 Olympic qualifying event. DATE CONFLICT: U.S. Ski & Snowboard gives December 15-19, 2021; Summit Daily's preview gives December 16-19. More than 200 athletes from 17 countries in ski and snowboard superpipe, slopestyle and adaptive snowboard slalom (recorded as 'other').",https://www.usskiandsnowboard.org/index.php/news/dew-tour-olympic-qualifier-kicks | https://gearjunkie.com/news/dew-tour-copper-mountain-live-coverage,likely,xgames-dewtour
winter-dew-tour--2023,winter-dew-tour,2023,Dew Tour Copper Mountain 2023,2023-02-24,2023-02-26,Copper Mountain Resort,"Copper Mountain, Colorado",USA,superpipe | slopestyle | jib | other,held,,"Based in Copper's Center Village. Men's and women's ski and snowboard superpipe and slopestyle, a Super Streetstyle (recorded as 'jib') and superpipe high air / best trick jams (recorded as 'other'). No Winter Dew Tour was held in calendar 2022.",https://dewtour.com/stories/winter-dew-tour-2023-copper-mountain-february-24-26/ | https://www.usskiandsnowboard.org/news/2023-copper-mountain-dew-tour-preview,verified,xgames-dewtour
winter-dew-tour--2024,winter-dew-tour,2024,Dew Tour Copper Mountain 2024,2024-03-08,2024-03-10,Copper Mountain Resort,"Copper Mountain, Colorado",USA,,held,,Final Winter Dew Tour. Dates are as stated in the headlines of the Dew Tour and PR Newswire announcements; neither page body could be retrieved (dewtour.com blocked the fetcher via robots.txt). Discipline list not confirmed. Dew Tour announced in 2024 that the winter event would not return from 2025 onward.,https://dewtour.com/stories/winter-dew-tour-copper-mountain-date-announcement-march-2024/ | https://www.prnewswire.com/news-releases/winter-dew-tour-snowboard-and-ski-competition-and-festival-returns-to-copper-mountain-march-8-10-2024-301971535.html | https://en.wikipedia.org/wiki/Dew_Tour,likely,xgames-dewtour
winter-games-nz--2009,winter-games-nz,2009,2009 New Zealand Winter Games,2009-08-21,2009-08-30,,"Dunedin, Naseby, Queenstown, Wanaka",New Zealand,halfpipe | slopestyle,held,,"Inaugural edition: 7 sports, 51 events.",https://en.wikipedia.org/wiki/New_Zealand_Winter_Games,likely,intl-other
winter-games-nz--2011,winter-games-nz,2011,2011 New Zealand Winter Games,2011-08-13,2011-08-28,,"Dunedin, Methven, Naseby, Queenstown, Wanaka",New Zealand,halfpipe | slopestyle,held,,Expanded to 9 sports. Included a WSF Para-Snowboard World Cup at Cardrona Alpine Resort.,https://en.wikipedia.org/wiki/New_Zealand_Winter_Games | https://www.worldsnowboardfederation.org/?s=New+Zealand,likely,intl-other
winter-games-nz--2013,winter-games-nz,2013,2013 New Zealand Winter Games,2013-08-15,2013-08-25,,"Naseby, Queenstown, Wanaka",New Zealand,halfpipe | slopestyle,held,,,https://en.wikipedia.org/wiki/New_Zealand_Winter_Games,likely,intl-other
winter-games-nz--2015,winter-games-nz,2015,2015 New Zealand Winter Games,2015-08-21,2015-08-30,,"Naseby, Queenstown, Wanaka",New Zealand,halfpipe | slopestyle,held,,5 sports.,https://en.wikipedia.org/wiki/New_Zealand_Winter_Games,likely,intl-other
winter-games-nz--2017,winter-games-nz,2017,2017 New Zealand Winter Games,2017-08-25,2017-09-10,,"Naseby, Queenstown, Wanaka",New Zealand,halfpipe | slopestyle | big-air,held,,Last edition of the biennial era; the Games went annual from 2018.,https://en.wikipedia.org/wiki/New_Zealand_Winter_Games,likely,intl-other
winter-games-nz--2018,winter-games-nz,2018,2018 Winter Games NZ,2018-08-24,2018-09-08,,"Naseby, Queenstown, Wanaka",New Zealand,halfpipe | slopestyle | big-air,held,,First annual edition.,https://en.wikipedia.org/wiki/New_Zealand_Winter_Games,likely,intl-other
winter-games-nz--2019,winter-games-nz,2019,2019 Winter Games NZ,2019-08-27,2019-09-11,,"Queenstown, Wanaka",New Zealand,halfpipe | slopestyle | big-air,held,,5 sports.,https://en.wikipedia.org/wiki/New_Zealand_Winter_Games,likely,intl-other
winter-games-nz--2020,winter-games-nz,2020,2020 Winter Games NZ,,,,"Queenstown, Wanaka",New Zealand,halfpipe | slopestyle | big-air,held,,Run in the new Obsidian format for New Zealand athletes only.,https://en.wikipedia.org/wiki/New_Zealand_Winter_Games,likely,intl-other
winter-games-nz--2021,winter-games-nz,2021,2021 Winter Games NZ (cancelled),,,,,New Zealand,,cancelled,Cancelled because of the COVID-19 pandemic.,,https://en.wikipedia.org/wiki/New_Zealand_Winter_Games,likely,intl-other
winter-games-nz--2022,winter-games-nz,2022,2022 Winter Games NZ,,,,"Queenstown, Wanaka",New Zealand,halfpipe | slopestyle | big-air,held,,International athletes returned; 4 sports.,https://en.wikipedia.org/wiki/New_Zealand_Winter_Games,likely,intl-other
winter-games-nz--2023,winter-games-nz,2023,2023 Winter Games NZ,2023-08-25,2023-09-08,"Cardrona Alpine Resort, Coronet Peak, The Remarkables","Queenstown, Wanaka",New Zealand,halfpipe | slopestyle | big-air,held,,"14 events across alpine, freeride and freestyle park and pipe. Hosted the FIS Park & Pipe Junior World Championships. The International Obsidian Challenge, an athlete-focused team event for freeski and snowboard, ran 9-16 September as a new addition.",https://www.wintergamesnz.kiwi/about-1 | https://en.wikipedia.org/wiki/New_Zealand_Winter_Games,verified,intl-other
winter-games-nz--2024,winter-games-nz,2024,2024 Winter Games NZ,,,,"Queenstown, Wanaka",New Zealand,halfpipe | slopestyle | big-air,held,,Final edition. FIS World Cup events resumed; 4 sports. The Games were wound up on 23 January 2025.,https://en.wikipedia.org/wiki/New_Zealand_Winter_Games | https://planetski.eu/2025/01/23/winter-games-nz-ends/,likely,intl-other
winter-x-games--1997,winter-x-games,1997,Winter X Games I (1997),1997-01-30,1997-02-02,Snow Summit,"Big Bear Lake, California",USA,halfpipe | slopestyle | big-air | boardercross,held,,"First edition. Snowboard Magazine's history names Snow Summit, Big Bear as the site and lists slopestyle, big air, snowboarder X and halfpipe, noting the pipe was 12 feet tall. Non-snowboard disciplines included ice climbing, snow mountain bike racing and shovel racing.",https://en.wikipedia.org/wiki/X_Games | https://snowboardmag.com/stories/history-winter-x-games-part-1,likely,xgames-dewtour
winter-x-games--1998,winter-x-games,1998,Winter X Games II (1998),1998-01,,Crested Butte Mountain Resort,"Crested Butte, Colorado",USA,halfpipe | slopestyle | big-air,held,,"Aspen Daily News gives January 1998; no exact dates found. Freeskiing, snowmobile SnoCross and skiboarding added to the overall programme. Discipline list is from a Snowboard Magazine results retrospective that tracked only halfpipe, slopestyle and big air; whether snowboarder X ran is unconfirmed.",https://en.wikipedia.org/wiki/X_Games | https://www.aspendailynews.com/winter-x-games-a-brief-history/article_3459d151-30c8-5345-a0a9-2837bdfe8211.html | https://snowboardmag.com/stories/winter-x-games-14-years-results,likely,xgames-dewtour
winter-x-games--1999,winter-x-games,1999,Winter X Games III (1999),1999-01,,Crested Butte Mountain Resort,"Crested Butte, Colorado",USA,halfpipe | slopestyle | big-air,held,,Aspen Daily News gives January 1999; no exact dates found. Same caveat on the discipline list as 1998.,https://en.wikipedia.org/wiki/X_Games | https://www.aspendailynews.com/winter-x-games-a-brief-history/article_3459d151-30c8-5345-a0a9-2837bdfe8211.html | https://snowboardmag.com/stories/winter-x-games-14-years-results,likely,xgames-dewtour
winter-x-games--2000,winter-x-games,2000,Winter X Games IV (2000),2000-02-03,2000-02-06,Mount Snow,"West Dover, Vermont",USA,superpipe | slopestyle | big-air,held,,"First East Coast Winter X Games. Aspen Daily News reports snowboard SuperPipe added this year and the pipe wall height raised to 15 feet. Record attendance reported as 83,500.",https://en.wikipedia.org/wiki/X_Games | https://www.aspendailynews.com/winter-x-games-a-brief-history/article_3459d151-30c8-5345-a0a9-2837bdfe8211.html | https://snowboardmag.com/stories/winter-x-games-14-years-results,likely,xgames-dewtour
winter-x-games--2001,winter-x-games,2001,Winter X Games V (2001),,,Mount Snow,"West Dover, Vermont",USA,superpipe | slopestyle | big-air,held,,No exact dates found in any source opened. Moto X Big Air debuted at this edition.,https://en.wikipedia.org/wiki/X_Games | https://www.aspendailynews.com/winter-x-games-a-brief-history/article_3459d151-30c8-5345-a0a9-2837bdfe8211.html | https://snowboardmag.com/stories/winter-x-games-14-years-results,likely,xgames-dewtour
winter-x-games--2002,winter-x-games,2002,Winter X Games VI (2002),,,Buttermilk Mountain,"Aspen, Colorado",USA,,held,,"First Aspen edition; Buttermilk has hosted every year since. DATE CONFLICT, left null: the Wikipedia X Games article gives February 1-5, 2002 while the Aspen Daily News history gives January 17-20, 2002. Snowboard Magazine's retrospective suggests big air was not run for snowboard between 2002 and 2006, but this is unconfirmed, so disciplines are left null.",https://en.wikipedia.org/wiki/X_Games | https://www.aspendailynews.com/winter-x-games-a-brief-history/article_3459d151-30c8-5345-a0a9-2837bdfe8211.html | https://snowboardmag.com/stories/history-winter-x-games-part-1,likely,xgames-dewtour
winter-x-games--2003,winter-x-games,2003,Winter X Games VII (2003),2003-01-30,2003-02-05,Buttermilk Mountain,"Aspen, Colorado",USA,,held,,Dates as given by the Wikipedia X Games article; not cross-checked against an organiser source. Disciplines not confirmed.,https://en.wikipedia.org/wiki/X_Games,likely,xgames-dewtour
winter-x-games--2004,winter-x-games,2004,Winter X Games VIII (2004),2004-01-22,2004-01-25,Buttermilk Mountain,"Aspen, Colorado",USA,,held,,Disciplines not confirmed by a source opened.,https://en.wikipedia.org/wiki/X_Games,likely,xgames-dewtour
winter-x-games--2005,winter-x-games,2005,Winter X Games IX (2005),2005-01-29,2005-02-01,Buttermilk Mountain,"Aspen, Colorado",USA,boardercross | slopestyle | superpipe,held,,"Snowboard events: men's and women's snowboard cross, slopestyle and SuperPipe. No snowboard big air this year.",https://en.wikipedia.org/wiki/X_Games | https://en.wikipedia.org/wiki/Winter_X_Games_IX,verified,xgames-dewtour
winter-x-games--2006,winter-x-games,2006,Winter X Games X (2006),2006-01-28,2006-01-31,Buttermilk Mountain,"Aspen, Colorado",USA,,held,,Disciplines not confirmed by a source opened.,https://en.wikipedia.org/wiki/X_Games,likely,xgames-dewtour
winter-x-games--2007,winter-x-games,2007,Winter X Games XI (2007),2007-01-25,2007-01-28,Buttermilk Mountain,"Aspen, Colorado",USA,boardercross | slopestyle | superpipe | other,held,,"Men's Snowboard Best Trick added this year (recorded as 'other'); plus men's and women's snowboard cross, slopestyle and SuperPipe.",https://en.wikipedia.org/wiki/X_Games | https://en.wikipedia.org/wiki/Winter_X_Games_XI,verified,xgames-dewtour
winter-x-games--2008,winter-x-games,2008,Winter X Games XII (2008),2008-01-24,2008-01-27,Buttermilk Mountain,"Aspen, Colorado",USA,big-air | boardercross | slopestyle | superpipe,held,,"Men's Snowboard Big Air returns to the programme alongside men's and women's snowboard cross, slopestyle and SuperPipe.",https://en.wikipedia.org/wiki/X_Games | https://en.wikipedia.org/wiki/Winter_X_Games_XII,verified,xgames-dewtour
winter-x-games--2009,winter-x-games,2009,Winter X Games XIII (2009),2009-01-22,2009-01-25,Buttermilk Mountain,"Aspen, Colorado",USA,big-air | boardercross | slopestyle | superpipe,held,,"Men's big air, men's and women's superpipe, slopestyle and snowboarder X.",https://en.wikipedia.org/wiki/X_Games | https://en.wikipedia.org/wiki/Winter_X_Games_XIII,verified,xgames-dewtour
winter-x-games--2010,winter-x-games,2010,Winter X Games XIV (2010),2010-01-28,2010-01-31,Buttermilk Mountain,"Aspen, Colorado",USA,big-air | boardercross | slopestyle | superpipe | other,held,,Held two weeks before the 2010 Winter Olympics. Snowboard Best Trick recorded as 'other'. Whether big air had a women's field this year is unconfirmed.,https://en.wikipedia.org/wiki/X_Games | https://en.wikipedia.org/wiki/Winter_X_Games_XIV,likely,xgames-dewtour
winter-x-games--2011,winter-x-games,2011,Winter X Games XV (2011),2011-01-26,2011-01-30,Buttermilk Mountain,"Aspen, Colorado",USA,big-air | boardercross | slopestyle | superpipe | jib | other,held,,"DATE CONFLICT: the Winter X Games XV article states January 26-30, 2011; the Wikipedia X Games summary table gives January 27-30. Used the edition article. Programme included Snowboard Street (recorded as 'jib') and Snowboard Best Method (recorded as 'other'). Torstein Horgmo landed the first triple cork in competition in snowboard big air at this edition.",https://en.wikipedia.org/wiki/X_Games | https://en.wikipedia.org/wiki/Winter_X_Games_XV,likely,xgames-dewtour
winter-x-games--2012,winter-x-games,2012,Winter X Games XVI (2012),2012-01-26,2012-01-29,Buttermilk Mountain,"Aspen, Colorado",USA,big-air | boardercross | slopestyle | superpipe | jib,held,,Snowboard Street recorded as 'jib'.,https://en.wikipedia.org/wiki/X_Games | https://en.wikipedia.org/wiki/Winter_X_Games_XVI,verified,xgames-dewtour
winter-x-games--2013,winter-x-games,2013,Winter X Games XVII (2013),2013-01-24,2013-01-27,Buttermilk Mountain,"Aspen, Colorado",USA,big-air | slopestyle | superpipe | jib,held,,Snowboard Street recorded as 'jib'. No snowboarder X listed for this edition. A separate Winter X Games Europe edition ran at Tignes in March 2013.,https://en.wikipedia.org/wiki/X_Games | https://en.wikipedia.org/wiki/Winter_X_Games_XVII,verified,xgames-dewtour
winter-x-games--2014,winter-x-games,2014,Winter X Games XVIII (2014),2014-01-23,2014-01-26,Buttermilk Mountain,"Aspen, Colorado",USA,big-air | boardercross | slopestyle | superpipe,held,,,https://en.wikipedia.org/wiki/X_Games | https://en.wikipedia.org/wiki/Winter_X_Games_XVIII,verified,xgames-dewtour
winter-x-games--2015,winter-x-games,2015,Winter X Games XIX (2015),2015-01-21,2015-01-25,Buttermilk Mountain,"Aspen, Colorado",USA,big-air | boardercross | slopestyle | superpipe,held,,"DATE CONFLICT: the Winter X Games XIX article states January 21-25, 2015; the Wikipedia X Games summary table gives January 22-25. Used the edition article. Programme included an adaptive snowboarder X event.",https://en.wikipedia.org/wiki/X_Games | https://en.wikipedia.org/wiki/Winter_X_Games_XIX,likely,xgames-dewtour
winter-x-games--2016,winter-x-games,2016,Winter X Games XX (2016),2016-01-28,2016-01-31,Buttermilk Mountain,"Aspen, Colorado",USA,big-air | boardercross | slopestyle | superpipe,held,,"Event headings on the edition article: men's/women's SlopeStyle, men's Big Air, men's/women's SuperPipe, men's/women's snowboarder X and men's Snowboarder X Adaptive. This is the last edition at which snowboarder X appears in the confirmed event list.",https://en.wikipedia.org/wiki/X_Games | https://en.wikipedia.org/wiki/Winter_X_Games_XX,verified,xgames-dewtour
winter-x-games--2017,winter-x-games,2017,Winter X Games XXI (2017),2017-01-26,2017-01-29,Buttermilk Mountain,"Aspen, Colorado",USA,big-air | slopestyle | superpipe | other,held,,"Men's and women's big air, slopestyle and SuperPipe, plus a Special Olympics Unified Snowboarding final (recorded as 'other'). No snowboarder X listed.",https://en.wikipedia.org/wiki/X_Games | https://en.wikipedia.org/wiki/Winter_X_Games_XXI,verified,xgames-dewtour
winter-x-games--2018,winter-x-games,2018,Winter X Games XXII (2018),2018-01-25,2018-01-28,Buttermilk Mountain,"Aspen, Colorado",USA,big-air | slopestyle | superpipe | dual-slalom,held,,Special Olympics Unified Snowboard was run as a dual slalom.,https://en.wikipedia.org/wiki/X_Games | https://en.wikipedia.org/wiki/Winter_X_Games_XXII,verified,xgames-dewtour
winter-x-games--2019,winter-x-games,2019,Winter X Games XXIII (2019),2019-01-24,2019-01-27,Buttermilk Mountain,"Aspen, Colorado",USA,big-air | slopestyle | superpipe,held,,"The edition article states eight snowboarding events but does not head them consistently. Sources disagree on whether Knuckle Huck debuted here (2019) or in 2020, and on whether a snowboard boardercross was run; both are left out pending a checkable results page. See open_questions.",https://en.wikipedia.org/wiki/X_Games | https://en.wikipedia.org/wiki/Winter_X_Games_XXIII,likely,xgames-dewtour
winter-x-games--2020,winter-x-games,2020,Winter X Games XXIV (2020),,,Buttermilk Mountain,"Aspen, Colorado",USA,big-air | slopestyle | superpipe | rail-jam | other,held,,"DATE CONFLICT, left null: the Wikipedia X Games summary table gives January 23-26, 2020, the Winter X Games XXIV article gives 22-26 January 2020. Programme included a men's Rail Jam, a men's Knuckle Huck (recorded as 'other') and a Special Olympics Unified Snowboarding event.",https://en.wikipedia.org/wiki/X_Games | https://en.wikipedia.org/wiki/Winter_X_Games_XXIV,likely,xgames-dewtour
winter-x-games--2021,winter-x-games,2021,Winter X Games XXV (2021),2021-01-29,2021-01-31,Buttermilk Mountain,"Aspen, Colorado",USA,big-air | slopestyle | superpipe | other,held,,"Held without spectators in the COVID-19 era per contemporaneous coverage (not verified here). Knuckle Huck recorded as 'other'; the edition article lists both a men's and a women's Knuckle Huck, which conflicts with reporting that women's Knuckle Huck debuted in 2024. See open_questions.",https://en.wikipedia.org/wiki/X_Games | https://en.wikipedia.org/wiki/Winter_X_Games_XXV,verified,xgames-dewtour
winter-x-games--2022,winter-x-games,2022,Winter X Games XXVI (2022),2022-01-21,2022-01-23,Buttermilk Ski Resort,"Aspen, Colorado",USA,big-air | slopestyle | superpipe | other,held,,Knuckle Huck recorded as 'other'.,https://en.wikipedia.org/wiki/X_Games | https://en.wikipedia.org/wiki/Winter_X_Games_XXVI,verified,xgames-dewtour
winter-x-games--2023,winter-x-games,2023,Winter X Games XXVII (2023),2023-01-27,2023-01-30,Buttermilk Ski Resort,"Aspen, Colorado",USA,big-air | slopestyle | superpipe | other,held,,Knuckle Huck recorded as 'other'.,https://en.wikipedia.org/wiki/X_Games | https://en.wikipedia.org/wiki/Winter_X_Games_XXVII,verified,xgames-dewtour
winter-x-games--2024,winter-x-games,2024,Winter X Games XXVIII (2024),2024-01-26,2024-01-28,Buttermilk Ski Resort,"Aspen, Colorado",USA,big-air | slopestyle | superpipe | other,held,,Women's Knuckle Huck reported as added to the X Games programme for the first time this year (recorded as 'other').,https://en.wikipedia.org/wiki/X_Games | https://en.wikipedia.org/wiki/Winter_X_Games_XXVIII,verified,xgames-dewtour
winter-x-games--2025,winter-x-games,2025,Winter X Games XXIX (2025),2025-01-23,2025-01-25,Buttermilk Ski Resort,"Aspen, Colorado",USA,,held,,Dates confirmed by both the Wikipedia X Games table and the xgames.com past-events listing. Discipline list not confirmed; xgames.com results for this edition are at https://www.xgames.com/results/?event_id=1201 but that page did not render its archive when fetched.,https://en.wikipedia.org/wiki/X_Games | https://www.xgames.com/past-events/,verified,xgames-dewtour
winter-x-games--2026,winter-x-games,2026,Winter X Games XXX (2026),2026-01-23,2026-01-25,Buttermilk Ski Resort,"Aspen, Colorado",USA,,held,,"Listed on xgames.com past-events as 'Aspen 2026, January 23-25, 2026'. Discipline list not confirmed and no results URL was published on the past-events page at time of research.",https://en.wikipedia.org/wiki/X_Games | https://www.xgames.com/past-events/,likely,xgames-dewtour
winter-x-games-europe--2010,winter-x-games-europe,2010,Winter X Games Europe 2010 (Tignes),2010-03-10,2010-03-12,Tignes,Tignes,France,slopestyle | superpipe,held,,First X Games competition held outside the United States. Men's and women's snowboard slopestyle and superpipe.,https://en.wikipedia.org/wiki/Winter_X_Games_Europe | https://www.downdays.eu/events/behind-the-scenes/a-brief-history-of-the-x-games-in-europe/,verified,xgames-dewtour
winter-x-games-europe--2011,winter-x-games-europe,2011,Winter X Games Europe 2011 (Tignes),2011-03-16,2011-03-18,Tignes,Tignes,France,slopestyle | superpipe,held,,Men's and women's snowboard slopestyle and superpipe.,https://en.wikipedia.org/wiki/Winter_X_Games_Europe | https://www.downdays.eu/events/behind-the-scenes/a-brief-history-of-the-x-games-in-europe/,verified,xgames-dewtour
winter-x-games-europe--2012,winter-x-games-europe,2012,Winter X Games Europe 2012 (Tignes),2012-03-14,2012-03-16,Tignes,Tignes,France,slopestyle | superpipe,held,,Men's and women's snowboard slopestyle and superpipe.,https://en.wikipedia.org/wiki/Winter_X_Games_Europe | https://www.downdays.eu/events/behind-the-scenes/a-brief-history-of-the-x-games-in-europe/,verified,xgames-dewtour
winter-x-games-europe--2013,winter-x-games-europe,2013,Winter X Games Europe 2013 (Tignes),2013-03-20,2013-03-22,Tignes,Tignes,France,slopestyle | superpipe,held,,"Final Tignes edition; ESPN cut the event after this year, citing the economics of its international stops. Dates are as stated in the Winter X Games XVII article and not cross-checked against an organiser source. Iouri Podladtchikov landed the first cab double cork 1440 in men's snowboard superpipe at a 2013 X Games edition.",https://en.wikipedia.org/wiki/Winter_X_Games_XVII | https://www.downdays.eu/events/behind-the-scenes/a-brief-history-of-the-x-games-in-europe/ | https://en.wikipedia.org/wiki/X_Games,likely,xgames-dewtour
winter-youth-olympic-snowboarding--2012,winter-youth-olympic-snowboarding,2012,2012 Winter Youth Olympic Games,2012-01-16,2012-01-19,"Nordkette, Innsbruck and Kuehtai",Innsbruck,Austria,halfpipe | slopestyle,held,,"First Winter Youth Olympic Games. Four snowboarding medal events (boys' and girls' halfpipe and slopestyle); 60 competitors from 24 nations. Venue and date detail from the English Wikipedia article, which did not expose citation URLs in the fetch - Olympedia edition id for the 2012 Winter YOG was not located.",https://en.wikipedia.org/wiki/Snowboarding_at_the_2012_Winter_Youth_Olympics | http://www.olympedia.org/definitions/70,likely,olympics-fis
winter-youth-olympic-snowboarding--2016,winter-youth-olympic-snowboarding,2016,2016 Winter Youth Olympic Games,2016-02-14,2016-02-19,"Kanthaugen Freestyle Arena, Lillehammer and Hafjell, Oyer",Lillehammer,Norway,halfpipe | slopestyle | boardercross,held,,"Snowboard cross added for boys and girls, plus a mixed team snowboard/ski cross. 79 competitors from 32 nations. Venue and date detail from the English Wikipedia article, which did not expose citation URLs in the fetch - Olympedia edition id for the 2016 Winter YOG was not located. [v0.2: Olympedia lists only six snowboard events at Lillehammer 2016; the mixed-NOC team cross is filed outside snowboarding.]",https://en.wikipedia.org/wiki/Snowboarding_at_the_2016_Winter_Youth_Olympics | http://www.olympedia.org/definitions/70,likely,olympics-fis
winter-youth-olympic-snowboarding--2020,winter-youth-olympic-snowboarding,2020,2020 Winter Youth Olympic Games,2020-01-18,2020-01-22,"Leysin Park & Pipe, Leysin and Villars Winter Park, Villars",Lausanne,Switzerland,slopestyle | boardercross | halfpipe | big-air,held,,"Eight snowboarding medal events: slopestyle, cross, halfpipe and big air for boys and girls.",https://www.olympedia.org/editions/70/sports/SBD,verified,olympics-fis
winter-youth-olympic-snowboarding--2024,winter-youth-olympic-snowboarding,2024,2024 Winter Youth Olympic Games,2024-01-20,2024-02-01,Welli Hilli Park Ski Resort,"Hoengseong, Gangwon",South Korea,slopestyle | boardercross | halfpipe | big-air | team,held,,"Nine snowboarding medal events; mixed team cross added. Dates given are the full Games window recorded by Olympedia, not the first and last day of snowboarding competition specifically.",https://www.olympedia.org/editions/73/sports/SBD,verified,olympics-fis
world-rookie-finals--2008,world-rookie-finals,2008,"Volkl World Rookie Fest 2008, Ischgl",,,Ischgl,"Ischgl, Tirol",Austria,slopestyle | halfpipe,held,,Over 50 international competitors. Earliest Ischgl edition found in the WSF archive.,https://www.worldsnowboardfederation.org/?s=Ischgl,likely,intl-other
world-rookie-finals--2009,world-rookie-finals,2009,"Protest World Rookie Finals 2009, Ischgl",2009-04-15,2009-04-19,Ischgl,"Ischgl, Tirol",Austria,slopestyle | halfpipe,held,,,https://www.worldsnowboardfederation.org/?s=Ischgl,likely,intl-other
world-rookie-finals--2010,world-rookie-finals,2010,"Protest World Rookie Finals 2010, Ischgl",2010-04-07,2010-04-11,Ischgl,"Ischgl, Tirol",Austria,slopestyle | halfpipe,held,,,https://www.worldsnowboardfederation.org/?s=Ischgl,likely,intl-other
world-rookie-finals--2011,world-rookie-finals,2011,"Protest World Rookie Final 2011, Ischgl",,,Ischgl,"Ischgl, Tirol",Austria,slopestyle | halfpipe,held,,,https://www.worldsnowboardfederation.org/?s=Ischgl,likely,intl-other
world-rookie-finals--2012,world-rookie-finals,2012,"2012 Protest World Rookie Final, Ischgl",2012-04-11,2012-04-15,Ischgl,"Ischgl, Tirol",Austria,slopestyle | halfpipe,held,,"Prizes valued at EUR 30,000.",https://www.worldsnowboardfederation.org/?s=Ischgl,likely,intl-other
world-rookie-finals--2014,world-rookie-finals,2014,"Volkl World Rookie Finals 2014, Ischgl",,,Ischgl,"Ischgl, Tirol",Austria,slopestyle | halfpipe,held,,,https://www.worldsnowboardfederation.org/?s=Ischgl,likely,intl-other
world-rookie-finals--2015,world-rookie-finals,2015,Völkl World Rookie Finals 2015,2015-04,,Ischgl,Ischgl,Austria,slopestyle,held,,3Star TTR event where the World Rookie Champion titles were awarded. Exact dates not given in the source.,https://www.worldrookietour.com/the-tour/ | https://www.worldsnowboardfederation.org/?s=Ischgl,likely,world-tours + intl-other
world-rookie-finals--2017,world-rookie-finals,2017,"2017 World Rookie Finals, Kitzsteinhorn",2017-04-04,2017-04-09,Kitzsteinhorn,Kaprun / Zell am See,Austria,slopestyle | halfpipe,held,,"First World Rookie Finals at the Kitzsteinhorn. Climax of a 2016/17 World Rookie Tour season of eleven qualifying events across Chile, Australia, Bulgaria, Scandinavia, the Alps, Japan and North America. Programme included social dinners, workshops and a final party alongside the contests.",https://www.worldsnowboardfederation.org/2017-world-rookie-finals-kitzsteinhorn-kaprun/,verified,intl-other
world-rookie-finals--2024,world-rookie-finals,2024,World Rookie Snowboard Finals 2024,,,,,,,held,,Confirmed only by a WSF news item dated 27 March 2024; venue and dates not established in this pass.,https://www.worldsnowboardfederation.org/snowboardings-future-stars-at-the-2024-world-rookie-snowboard-finals/,likely,world-tours
world-rookie-finals--2025,world-rookie-finals,2025,World Rookie Snowboard Finals 2025,,,Kitzsteinhorn,Kaprun,Austria,,held,,Reported by WSF on 8 April 2025. Exact dates not established in this pass.,https://www.worldsnowboardfederation.org/world-rookie-snowboard-finals-2025-2/,likely,world-tours
world-rookie-tour--2015,world-rookie-tour,2015,2014/15 World Rookie Tour season,2014-08,2015-04,,,multiple,slopestyle | halfpipe,held,,"Eleven-stop season: South America Rookie Fest, Valle Nevado, Chile (Aug 2014); Australian Rookie Fest, Thredbo (Aug 2014); Iceripper Rookie Fest, Laax (Jan 2015); WSF World Rookie Fest, Livigno (Jan 2015); Bulgarian Rookie Fest, Pamporovo (Jan-Feb 2015); Transilvania Rookie Fest, Arena Platos, Romania (Feb 2015); Hellas Rookie Fest, Greece (Feb 2015); Trentino Rookie Fest, Monte Bondone (Feb-Mar 2015); Oslo Rookie Fest, Oslo Vinterpark (Feb-Mar 2015); Indy Park Rookie Fest, Nekoma, Japan (Mar 2015); and the 3Star Völkl World Rookie Finals, Ischgl (Apr 2015). Rookies were riders born 1997-1999, Groms 2000 and later. Events counted towards the TTR World Snowboard Tour.",https://www.worldrookietour.com/the-tour/,verified,world-tours
world-rookie-tour--2024,world-rookie-tour,2024,Livigno World Rookie Fest 2024 (19th edition),2024-01-14,2024-01-16,Mottolino Snowpark and Snowpark20,Livigno,Italy,slopestyle | rail-jam,held,,"Recorded here as a stop rather than a full season row. Presentation Sunday 14 January, rail jam at the Snowpark20 city park in central Livigno on the Monday afternoon, finals at Mottolino Snowpark on Tuesday 16 January. Described as the nineteenth edition, which implies a first edition in 2006.",https://www.worldsnowboardfederation.org/the-new-snowboard-generation-shines-at-livigno-world-rookie-fest-2024/,verified,world-tours
world-ski-snowboard-festival--1996,world-ski-snowboard-festival,1996,1996 World Ski & Snowboard Festival (inaugural),1996-04,1996-04,"Whistler Village, Whistler Mountain and Blackcomb Mountain",Whistler,Canada,big-air | halfpipe | other,held,,"Inaugural festival, directed by Doug Perry. Ten days, 22 competitions, about 1,500 athletes. Consolidated existing spring events including the WestBeach Classic, the Whistler Cup and the Couloir Ski Race Extreme, and added a snowboard museum exhibit and around a dozen bands. First joint marketing initiative between the two rival mountains and the Whistler Resort Association.",https://whistlermuseum.org/2024/04/09/wssf-the-beginning/ | http://www.watermarkinc.ca/twssfmedia/timecapsule/backgrounder.html | https://en.wikipedia.org/wiki/World_Ski_and_Snowboard_Festival,verified,canada
world-ski-snowboard-festival--1997,world-ski-snowboard-festival,1997,1997 World Ski & Snowboard Festival,1997-04-04,1997-04-13,"Whistler Village, Whistler Mountain and Blackcomb Mountain",Whistler,Canada,big-air | halfpipe | other,held,,"Over 2,000 athletes. More than 8,000 spectators at the WestBeach Invitational Big Air at the base of Whistler Mountain. Added the Moving Pictures film festival, the Backbone Enduro Vertical Challenge and the all-night 'Heaven' event in the Conference Centre ballroom. Record April skier numbers on both mountains.",https://whistlermuseum.org/2024/04/09/wssf-the-beginning/,verified,canada
world-ski-snowboard-festival--2015,world-ski-snowboard-festival,2015,2015 World Ski & Snowboard Festival,2015-04-10,2015-04-19,Whistler Blackcomb and Whistler Village,Whistler,Canada,freeride | other,held,,"Programme included the Bud Light Freeride Club Series, the 72-Hour Filmmaker Showdown, the outdoor concert series and the photography competition. The Showcase Showdown pro men's winner earned a start in the festival's Monster Energy Shred Show.",https://www.straight.com/life/402596/showcase-showdown-and-whistler-ski-and-snowboard-fest-go-far-beyond-rock-n-snow | https://snowboardmag.com/news/whistler-blackcombs-18th-annual-showcase-showdown-returns-march-14,verified,canada
world-ski-snowboard-festival--2018,world-ski-snowboard-festival,2018,2018 World Ski & Snowboard Festival,2018-04-10,2018-04-15,Whistler Blackcomb and Whistler Village,Whistler,Canada,other,held,,"First edition after Vail Resorts' acquisition, shortened to six days. The Saudan Couloir Ski Race Extreme returned after a 20-year break.",https://en.wikipedia.org/wiki/World_Ski_and_Snowboard_Festival,likely,canada
world-ski-snowboard-festival--2019,world-ski-snowboard-festival,2019,2019 World Ski & Snowboard Festival,2019-04-10,2019-04-14,Whistler Blackcomb and Whistler Village,Whistler,Canada,other,held,,Shortened again to five days.,https://en.wikipedia.org/wiki/World_Ski_and_Snowboard_Festival,likely,canada
world-ski-snowboard-festival--2020,world-ski-snowboard-festival,2020,2020 World Ski & Snowboard Festival,,,Whistler Blackcomb,Whistler,Canada,,cancelled,Cancelled due to COVID-19.,,https://en.wikipedia.org/wiki/World_Ski_and_Snowboard_Festival,likely,canada
world-ski-snowboard-festival--2021,world-ski-snowboard-festival,2021,2021 World Ski & Snowboard Festival,,,Whistler Blackcomb,Whistler,Canada,,cancelled,Cancelled due to COVID-19.,,https://en.wikipedia.org/wiki/World_Ski_and_Snowboard_Festival,likely,canada
world-ski-snowboard-festival--2022,world-ski-snowboard-festival,2022,2022 World Ski & Snowboard Festival,,,Whistler Blackcomb and Whistler Village,Whistler,Canada,,held,,Returned after two cancelled years in a scaled-down weekend format under Gibbons Whistler ownership. Exact dates not sourced.,https://en.wikipedia.org/wiki/World_Ski_and_Snowboard_Festival,likely,canada
world-ski-snowboard-festival--2025,world-ski-snowboard-festival,2025,2025 World Ski & Snowboard Festival,,,Whistler Blackcomb and Whistler Village,Whistler,Canada,,held,,Whistler Blackcomb's own 60th anniversary timeline calls 2025 the festival's 30th anniversary; wssf.com calls 2026 the 30-year anniversary. Dates not sourced.,https://www.whistlerblackcomb.com/explore-the-resort/discover/whistler-blackcomb-60-anniversary.aspx,likely,canada
world-ski-snowboard-festival--2026,world-ski-snowboard-festival,2026,2026 World Ski & Snowboard Festival,2026-04-06,2026-04-12,Whistler Blackcomb and Whistler Village,Whistler,Canada,halfpipe | rail-jam | other,held,,"Billed by the organisers as the 30-year anniversary. Snow programme included The Pipe (invited-rider mini pipe session), The Grind ski and snowboard rail jam series, Safety Shred Days, the Powder Puck Classic and the Slush Cup at Glacier Creek; plus Intersection and the 72-Hour Filmmaker Showdown.",https://wssf.com/ | https://www.whistler.com/events/world-ski-snowboard-festival/,verified,canada
world-snowboarding-championship-whistler--2001,world-snowboarding-championship-whistler,2001,2001 World Snowboarding Championships,2001-04-19,2001-04-22,Whistler Blackcomb,Whistler,Canada,slopestyle | jib | superpipe,held,,"Slopestyle, jib jam and superpipe. Pique's year-in-review reported that American riders took most of the wins. Sponsored by WestBeach Sports, which cancelled its own WestBeach Classic to fund it.",https://www.piquenewsmagazine.com/local-sports/whistler-the-year-in-sports-2461092 | https://www.piquenewsmagazine.com/local-sports/westbeach-classic-not-on-2459602,verified,canada
world-snowboarding-championships--2012,world-snowboarding-championships,2012,2012 World Snowboarding Championships,2012-02-10,2012-02-19,,Oslo,Norway,slopestyle | halfpipe,held,,"Organised by Snowboard-VM 2012 AS, owned by The Arctic Challenge, the Norwegian Snowboard Federation and Oslo Vinterpark. Described as the first world championships run by snowboarders since 1999. The Arctic Challenge did not run under its own name in 2012 as far as the sources I opened show.",https://en.wikipedia.org/wiki/2012_World_Snowboarding_Championships | https://www.worldsnowboardfederation.org/ttr-world-snowboarding-championships-2012-highlights/,verified,world-tours + intl-other
world-snowboarding-championships--2016,world-snowboarding-championships,2016,The World Championships of Snowboarding 2016,2016-03-08,2016-03-16,Yabuli,"Yabuli, Heilongjiang",China,halfpipe | slopestyle | big-air,held,,"400 athlete spots across the three disciplines, allocated through national snowboard association quotas. Billed as the pinnacle event of the 2016 tour, and the meeting at which the TTR tour champions were crowned.",https://www.worldsnowboardfederation.org/the-world-championships-of-snowboarding-2016-2/,verified,intl-other
world-snowboarding-championships-sims--1983,world-snowboarding-championships-sims,1983,1983 World Snowboarding Championships,,,Soda Springs Ski Bowl,Soda Springs,USA,halfpipe | slalom | downhill,held,,"The first snowboard halfpipe contest. Organised by Tom Sims with Mike Chantry; the pipe was pushed up with a snowcat and then dug out by hand. Riders on Jake Burton's East Coast team objected to counting halfpipe in the overall standings and reportedly threatened a boycott. No exact date found in any source opened; Sims' USPTO service-mark registration claims first use in commerce on 15 February 1983, which is the closest thing to a contemporaneous date. CONFLICT: a 2014 Snowboard Magazine piece on the Sims Retro World Championships refers to 'the 1982 2nd World Snowboard Championships in Soda Springs', implying a 1981 or 1982 first edition; every other source opened calls 1983 the inaugural year.",https://www.snowboarder.com/transworld-snowboarding-archive/a-complete-history-of-the-snowboard-halfpipe | https://tahoequarterly.com/ski-ride-2016/rebels-with-a-cause | https://www.sierrasun.com/news/super-pipe-dreams-halfpipe-has-come-long-way-since-a-ditch-in-tahoe-city-in-the-70s/ | https://www.sierrasun.com/sports/soda-springs-goes-retro-for-tom-sims/ | https://trademarks.justia.com/736/70/world-snowboarding-championships-73670866.html | https://www.snowboarder.com/news/snowboard-history-timeline-part-21980s,likely,legacy-80s-90s
world-snowboarding-championships-sims--1984,world-snowboarding-championships-sims,1984,1984 World Snowboarding Championships,,,Soda Springs Ski Bowl,Soda Springs,USA,halfpipe,held,,"Tahoe Quarterly states Terry Kidwell won the halfpipe at Soda Springs in 1984 and 1985; the Sierra Sun halfpipe history says Kidwell 'won the following two years' after Eddie Hargraves' 1983 win. No date, no full podium and no other disciplines confirmed.",https://tahoequarterly.com/ski-ride-2016/rebels-with-a-cause | https://www.sierrasun.com/news/super-pipe-dreams-halfpipe-has-come-long-way-since-a-ditch-in-tahoe-city-in-the-70s/,likely,legacy-80s-90s
world-snowboarding-championships-sims--1985,world-snowboarding-championships-sims,1985,1985 World Snowboarding Championships,,,Soda Springs Ski Bowl,Soda Springs,USA,halfpipe,held,,"Second of Terry Kidwell's two Soda Springs halfpipe wins per Tahoe Quarterly. Note that Breckenridge's own history page claims Breckenridge 'hosts the first snowboard World Cup' in 1985 - a different event from this championship, and itself disputed (see open questions).",https://tahoequarterly.com/ski-ride-2016/rebels-with-a-cause | https://www.sierrasun.com/news/super-pipe-dreams-halfpipe-has-come-long-way-since-a-ditch-in-tahoe-city-in-the-70s/,likely,legacy-80s-90s
world-snowboarding-championships-sims--1986,world-snowboarding-championships-sims,1986,1986 World Snowboarding Championships,1986-03,1986-03,Breckenridge Ski Resort,Breckenridge,USA,halfpipe,held,,"First Breckenridge edition, March 1986, on a hand-dug halfpipe on Peak 9. Breckenridge had lifted its snowboarding ban in 1984, the first major Colorado resort to do so. Paul Alden persuaded Breckenridge management to accept the halfpipe as a legitimate competitive format; Swatch was a major sponsor and the event drew national media. Greg Stump filmed it for 'Maltese Flamingo' (1986). Terry Kidwell is reported to have won the halfpipe again in 1986 after the championships moved to Colorado (Tahoe Quarterly) - treated here as unconfirmed, no result row written. No full podium found in any source opened. Sources give only the month, not the days.",https://snowbrains.com/breckenridge-resort-co-marks-40-years-of-snowboarding-history-with-new-worlds-competition/ | https://snowbrains.com/snowboarding-pioneer-paul-alden-dies-aged-89/ | https://www.tetonvalleynews.net/townnews/sport/a-founding-figure-of-organized-competitive-snowboarding-has-passed/article_db455d7f-ed68-46f1-a971-050e55e36410.amp.html | https://www.snowboarder.com/news/snowboard-history-timeline-part-21980s | https://tahoequarterly.com/ski-ride-2016/rebels-with-a-cause,likely,legacy-80s-90s
world-snowboarding-championships-sims--1987,world-snowboarding-championships-sims,1987,1987 World Snowboarding Championships,,,Breckenridge Ski Resort,Breckenridge,USA,halfpipe | giant-slalom | slalom,held,,"DATE CONFLICT. The Snowboarder/TransWorld 1980s timeline and Paul Alden's obituaries put the second Breckenridge Worlds in March 1987 - specifically, NASBA was formed on 8 March 1987, 'the day after' the championships ended, which implies the event finished 7 March 1987. TransWorld's halfpipe history instead dates the 1987 Breckenridge World Championships to 2-5 April 1987 and calls its pipe (about 200 feet long with near-vertical six-foot walls) the best in snowboarding to that point. Dates left null. Jose Fernandes is reported to have won the giant slalom on an asymmetrical board (snowboarding8090.com) - not corroborated, no result row written. Craig Kelly's published timeline lists 'Swatch World Championships' results for 1987 and 1988, which is the strongest indication that the Breckenridge Worlds carried Swatch's name.",https://www.snowboarder.com/news/snowboard-history-timeline-part-21980s | https://snowbrains.com/snowboarding-pioneer-paul-alden-dies-aged-89/ | https://www.tetonvalleynews.net/townnews/sport/a-founding-figure-of-organized-competitive-snowboarding-has-passed/article_db455d7f-ed68-46f1-a971-050e55e36410.amp.html | https://www.snowboarder.com/transworld-snowboarding-archive/a-complete-history-of-the-snowboard-halfpipe | https://snowboarding8090.com/history/ | https://www.snowboarder.com/transworld-snowboarding-archive/three-decades-transworld-snowboarding-part-1-1987-1996,likely,legacy-80s-90s
wsf-south-america-tour--2012,wsf-south-america-tour,2012,WSF South America Tour 2012,2012-07-07,2012-10-26,,,multiple,rail-jam | slopestyle | big-air,held,,"Seven stops: Urban Rail Jam, Parque Arauco, Santiago, Chile (7 Jul); Roxy Snow Jam, Valle Nevado (8 Aug); Columbia Slopestyle, Valle Nevado (11 Aug); Mall Sport South America Rookie Fest, Valle Nevado (26 Aug); Rip Curl The Gump Big Air Show, Valle Nevado (August, exact date not given); Rey del Park, El Colorado (2 Sep); and a 2-Star indoor slopestyle grand finale in Rio de Janeiro, Brazil (24-26 Oct). Counted for TTR and WSF ranking lists.",https://www.worldsnowboardfederation.org/winter-season-in-chile/,verified,intl-other
x-games-norway--2016,x-games-norway,2016,X Games Oslo 2016,2016-02-24,2016-02-28,Oslo Winter Park (snowboard superpipe) and Toyen (big air),Oslo,Norway,superpipe | big-air,held,,First X Games to stage summer and winter disciplines in the same city; skateboard street ran at the Skur 13 warehouse at Filipstad Harbour. Announcement coverage places snowboard superpipe at Oslo Winter Park on 26 February and snowboard/ski big air at Toyen on 27 February. First X Games to include women's ski and snowboard big air.,http://www.labelnetworks.com/x-games-oslo-to-launch-in-february-2016-bringing-together-both-summer-and-winter-sports/ | https://www.firsttracksonline.com/2015/11/09/x-games-expands-to-oslo/ | https://whitelines.com/snowboard-culture/snowboard-events/x-games-oslo-2016-halfpipe-finals-results-photos.html | https://www.downdays.eu/events/behind-the-scenes/a-brief-history-of-the-x-games-in-europe/,verified,xgames-dewtour
x-games-norway--2017,x-games-norway,2017,X Games Norway 2017 (Hafjell),2017-03-08,2017-03-11,Hafjell Alpinsenter,Oyer,Norway,slopestyle | big-air,held,,"Men's and women's snowboard slopestyle and big air. Hafjell Resort reports 17,500 spectators and Norwegian athletes taking 3 gold, 2 silver and 1 bronze of 8 golds. No superpipe.",https://de.wikipedia.org/wiki/X-Games_Norway_2017 | https://www.hafjellresort.no/en/x-games,verified,xgames-dewtour
x-games-norway--2018,x-games-norway,2018,X Games Norway 2018 (Oslo),2018-05-16,2018-05-20,"Telenor Arena, Fornebu",Oslo,Norway,big-air,held,,Indoor/urban big air edition held in May. Dates are taken from the title of an ESPN Press Room release ('SAVE THE DATE: X Games Norway 2018 May 16-20 in Oslo'); espnpressroom.com returned HTTP 403 to this researcher so the body of the release was not read. Venue attribution to Telenor Arena is inferred from the 2019 edition and is NOT confirmed - treat as unverified.,https://espnpressroom.com/us/press-releases/2018/01/save-date-x-games-norway-2018-may-16-20-oslo/ | https://espnpressroom.com/us/press-releases/2018/05/x-games-norway-2018-day-two-news-and-results-rookies-dominate-the-ski-and-snowboard-big-air-competitions/,likely,xgames-dewtour
x-games-norway--2019,x-games-norway,2019,X Games Norway 2019 (Oslo),2019-08-31,,"Telenor Arena, Fornebu",Oslo,Norway,big-air,held,,"Indoor edition combining winter and summer disciplines under one roof: men's and women's snowboard and ski big air, skateboard street, and Moto X. Only 31 August 2019 was confirmed as a competition date; the event ran over more than one day and the full date range was not established.",https://radseason.com/event/x-games-norway-fornebu-norway/ | https://espnpressroom.com/us/press-releases/2019/08/x-games-norway-2019-news-and-results-ski-and-snowboard-big-air-skateboard-street-and-moto-x-best-trick-best-whip-and-quarterpipe-high-air/,likely,xgames-dewtour
x-games-norway--2020,x-games-norway,2020,X Games Norway 2020 (Hafjell),2020-03-07,2020-03-08,Hafjell Alpinsenter,Oyer,Norway,big-air | slopestyle | other,held,,"Big air on the Saturday, slopestyle on the Sunday, including a Knuckle Huck (recorded as 'other'). Final X Games Norway edition. Mark McMorris took his 19th career X Games medal with gold in snowboard big air here, passing Shaun White's winter medal record.",https://www.hafjellresort.no/en/x-games | https://espnpressroom.com/us/press-releases/2020/03/x-games-norway-2020-day-two-news-and-results/ | https://en.wikipedia.org/wiki/X_Games,verified,xgames-dewtour
x-trail-jam--2001-a,x-trail-jam,2001,"X-Trail Jam, January 2001",2001-01,,Tokyo Dome,Tokyo,Japan,quarterpipe | big-air,held,,"Launch edition. Wikipedia's results table lists two 2001 events, January and December, so the contest ran twice in the calendar year as it shifted to a December slot.",https://en.wikipedia.org/wiki/X-Trail_Jam,verified,world-tours + intl-other
x-trail-jam--2001-b,x-trail-jam,2001,"X-Trail Jam, December 2001",2001-12,,Tokyo Dome,Tokyo,Japan,quarterpipe | big-air,held,,Second event of the 2001 calendar year; belongs to the 2001/02 season.,https://en.wikipedia.org/wiki/X-Trail_Jam,verified,world-tours + intl-other
x-trail-jam--2002,x-trail-jam,2002,X-Trail Jam 2002,,,Tokyo Dome,Tokyo,Japan,quarterpipe | big-air,held,,,https://en.wikipedia.org/wiki/X-Trail_Jam,likely,world-tours + intl-other
x-trail-jam--2003,x-trail-jam,2003,X-Trail Jam 2003,,,Tokyo Dome,Tokyo,Japan,quarterpipe | big-air,held,,,https://en.wikipedia.org/wiki/X-Trail_Jam,likely,world-tours + intl-other
x-trail-jam--2004,x-trail-jam,2004,X-Trail Jam 2004,2004-12-11,2004-12-12,Tokyo Dome,Tokyo,Japan,quarterpipe | big-air,held,,Fifth running. Quarterpipe used a jam-session format; straight jump ran best-of-two runs in qualifying and switched to a jam session for the final. Japanese coverage describes the event as the signal that winter has started.,https://en.wikipedia.org/wiki/X-Trail_Jam | https://snowboardnet.jp/x-trail-jam-in-tokyo-dome-3/,likely,world-tours + intl-other
x-trail-jam--2005,x-trail-jam,2005,X-Trail Jam 2005,,,Tokyo Dome,Tokyo,Japan,quarterpipe | big-air,held,,,https://en.wikipedia.org/wiki/X-Trail_Jam,likely,world-tours + intl-other
x-trail-jam--2006,x-trail-jam,2006,Nissan X-Trail Jam 2006,,,Tokyo Dome,Tokyo,Japan,quarterpipe | big-air,held,,,https://en.wikipedia.org/wiki/X-Trail_Jam,likely,world-tours + intl-other
x-trail-jam--2007,x-trail-jam,2007,Nissan X-Trail Jam 2007,,,Tokyo Dome,Tokyo,Japan,quarterpipe | big-air,held,,,https://en.wikipedia.org/wiki/X-Trail_Jam,likely,world-tours + intl-other
x-trail-jam--2008,x-trail-jam,2008,Nissan X-Trail Jam 2008,,,Tokyo Dome,Tokyo,Japan,quarterpipe | big-air,held,,Last year in the Wikipedia results table. Later editions are referenced by Method Mag and WSF but were not confirmed year by year in this pass.,https://en.wikipedia.org/wiki/X-Trail_Jam | https://backside.jp/news-1101/,likely,world-tours + intl-other
x-trail-jam--2023,x-trail-jam,2023,NISSAN X-TRAIL e-4ORCE RAIL JAM 2023,2023-02-18,2023-02-18,Palcall Tsumagoi Ski Resort,"Tsumagoi, Gunma",Japan,rail-jam,held,,"Revival of the X-Trail name after 14 years, moved from the indoor Tokyo Dome format to an outdoor street/rail course at a ski resort.",https://backside.jp/news-1101/,verified,intl-other
zillertal-valley-ralley--2025,zillertal-valley-ralley,2025,Zillertal Vaelley Raelley 2025/26 (13th season),2025-12-20,2026-04-26,,"Zillertal, Tirol",Austria,slopestyle,held,,"13th season, four stops: Hochzillertal-Kaltenbach (20-21 Dec 2025); Action-Park Kreuzwiese, Zillertal Arena (24-25 Jan 2026); PenkenPark Mayrhofen (28 Feb - 1 Mar 2026); Betterpark Hintertux, Hintertux Glacier (25-26 Apr 2026). Results count for the World Snowboard Points List and the World Rookie Ranking. The 2024/25 season was the 12th and also had four events.",https://www.worldsnowboardfederation.org/zillertal-valley-ralley-announces-new-tour-dates-for-2025-2026/,verified,intl-other
