edition_id,discipline,division,division_label,division_age_band,division_class,division_gender,event_name,place,rider_name,nationality,score_or_time,notes,sources,confidence,source_file,citation_status
air-and-style--1994-a,big-air,open,,,open,mixed,,1,Reto Lamm,,,,https://de.wikipedia.org/wiki/Air_%26_Style/Wertungen | https://en.wikipedia.org/wiki/Air_%26_Style,verified,wave2-japan-europe,live-source
air-and-style--1994-a,big-air,open,,,open,mixed,,2,Bryan Iguchi,,,"[tie recorded by the source: Iguchi and Palmer finished punktegleich in 2nd, so the inaugural edition has no 3rd place]",https://de.wikipedia.org/wiki/Air_%26_Style/Wertungen | https://en.wikipedia.org/wiki/Air_%26_Style,verified,wave2-japan-europe,live-source
air-and-style--1994-a,big-air,open,,,open,mixed,,2,Shaun Palmer,,,"[tie recorded by the source: Iguchi and Palmer finished punktegleich in 2nd, so the inaugural edition has no 3rd place]",https://de.wikipedia.org/wiki/Air_%26_Style/Wertungen | https://en.wikipedia.org/wiki/Air_%26_Style,verified,wave2-japan-europe,live-source
air-and-style--1994-b,big-air,open,,,open,mixed,,1,Ingemar Backman,,,,https://de.wikipedia.org/wiki/Air_%26_Style/Wertungen | https://en.wikipedia.org/wiki/Air_%26_Style,verified,wave2-japan-europe,live-source
air-and-style--1994-b,big-air,open,,,open,mixed,,2,Johan Olofsson,,,,https://de.wikipedia.org/wiki/Air_%26_Style/Wertungen | https://en.wikipedia.org/wiki/Air_%26_Style,verified,wave2-japan-europe,live-source
air-and-style--1994-b,big-air,open,,,open,mixed,,3,Terje Håkonsen,,,,https://de.wikipedia.org/wiki/Air_%26_Style/Wertungen | https://en.wikipedia.org/wiki/Air_%26_Style,verified,wave2-japan-europe,live-source
air-and-style--1995,big-air,open,,,open,mixed,,1,Terje Håkonsen,,,,https://de.wikipedia.org/wiki/Air_%26_Style/Wertungen | https://en.wikipedia.org/wiki/Air_%26_Style,verified,wave2-japan-europe,live-source
air-and-style--1995,big-air,open,,,open,mixed,,2,Jamie Lynn,,,,https://de.wikipedia.org/wiki/Air_%26_Style/Wertungen | https://en.wikipedia.org/wiki/Air_%26_Style,verified,wave2-japan-europe,live-source
air-and-style--1995,big-air,open,,,open,mixed,,3,Daniel Franck,,,,https://de.wikipedia.org/wiki/Air_%26_Style/Wertungen | https://en.wikipedia.org/wiki/Air_%26_Style,verified,wave2-japan-europe,live-source
air-and-style--1996,big-air,open,,,open,mixed,,1,Fabien Rohrer,,,,https://de.wikipedia.org/wiki/Air_%26_Style/Wertungen | https://en.wikipedia.org/wiki/Air_%26_Style,verified,wave2-japan-europe,live-source
air-and-style--1996,big-air,open,,,open,mixed,,2,Daniel Franck,,,,https://de.wikipedia.org/wiki/Air_%26_Style/Wertungen | https://en.wikipedia.org/wiki/Air_%26_Style,verified,wave2-japan-europe,live-source
air-and-style--1996,big-air,open,,,open,mixed,,3,Johan Olofsson,,,,https://de.wikipedia.org/wiki/Air_%26_Style/Wertungen | https://en.wikipedia.org/wiki/Air_%26_Style,verified,wave2-japan-europe,live-source
air-and-style--1997,big-air,open,,,open,mixed,,1,Jim Rippey,,,,https://de.wikipedia.org/wiki/Air_%26_Style/Wertungen | https://en.wikipedia.org/wiki/Air_%26_Style,verified,wave2-japan-europe,live-source
air-and-style--1997,big-air,open,,,open,mixed,,2,Jamie Lynn,,,,https://de.wikipedia.org/wiki/Air_%26_Style/Wertungen | https://en.wikipedia.org/wiki/Air_%26_Style,verified,wave2-japan-europe,live-source
air-and-style--1997,big-air,open,,,open,mixed,,3,Michi Albin,,,,https://de.wikipedia.org/wiki/Air_%26_Style/Wertungen | https://en.wikipedia.org/wiki/Air_%26_Style,verified,wave2-japan-europe,live-source
air-and-style--1997,quarterpipe,open,,,open,mixed,,1,Terje Håkonsen,,,,https://de.wikipedia.org/wiki/Air_%26_Style/Wertungen,verified,wave2-japan-europe,live-source
air-and-style--1997,quarterpipe,open,,,open,mixed,,2,Sebu Kuhlberg,,,,https://de.wikipedia.org/wiki/Air_%26_Style/Wertungen,verified,wave2-japan-europe,live-source
air-and-style--1997,quarterpipe,open,,,open,mixed,,3,Michi Albin,,,,https://de.wikipedia.org/wiki/Air_%26_Style/Wertungen,verified,wave2-japan-europe,live-source
air-and-style--1998,big-air,open,,,open,mixed,,1,Ingemar Backman,,,,https://de.wikipedia.org/wiki/Air_%26_Style/Wertungen | https://en.wikipedia.org/wiki/Air_%26_Style,verified,wave2-japan-europe,live-source
air-and-style--1998,big-air,open,,,open,mixed,,2,Michi Albin,,,,https://de.wikipedia.org/wiki/Air_%26_Style/Wertungen | https://en.wikipedia.org/wiki/Air_%26_Style,verified,wave2-japan-europe,live-source
air-and-style--1998,big-air,open,,,open,mixed,,3,Thomas Eberharter,,,,https://de.wikipedia.org/wiki/Air_%26_Style/Wertungen | https://en.wikipedia.org/wiki/Air_%26_Style,verified,wave2-japan-europe,live-source
air-and-style--1999,big-air,mens,,,open,men,,1,Stefan Gimpl,,,,https://de.wikipedia.org/wiki/Air_%26_Style/Wertungen | https://en.wikipedia.org/wiki/Air_%26_Style,verified,wave2-japan-europe,live-source
air-and-style--1999,big-air,mens,,,open,men,,2,Andrew Crawford,,,,https://de.wikipedia.org/wiki/Air_%26_Style/Wertungen | https://en.wikipedia.org/wiki/Air_%26_Style,verified,wave2-japan-europe,live-source
air-and-style--1999,big-air,mens,,,open,men,,3,David Benedek,,,,https://de.wikipedia.org/wiki/Air_%26_Style/Wertungen | https://en.wikipedia.org/wiki/Air_%26_Style,verified,wave2-japan-europe,live-source
air-and-style--1999,quarterpipe,mens,,,open,men,,1,Trevor Andrew,,,,https://de.wikipedia.org/wiki/Air_%26_Style/Wertungen,verified,wave2-japan-europe,live-source
air-and-style--1999,quarterpipe,mens,,,open,men,,2,Joachim Köffler,,,,https://de.wikipedia.org/wiki/Air_%26_Style/Wertungen,verified,wave2-japan-europe,live-source
air-and-style--1999,quarterpipe,mens,,,open,men,,3,Wolfgang Nyvelt,,,,https://de.wikipedia.org/wiki/Air_%26_Style/Wertungen,verified,wave2-japan-europe,live-source
air-and-style--1999,quarterpipe,womens,,,open,women,,1,Pauline Richon,,,,https://de.wikipedia.org/wiki/Air_%26_Style/Wertungen,verified,wave2-japan-europe,live-source
air-and-style--1999,quarterpipe,womens,,,open,women,,2,Nicola Pederzolli,,,,https://de.wikipedia.org/wiki/Air_%26_Style/Wertungen,verified,wave2-japan-europe,live-source
air-and-style--1999,quarterpipe,womens,,,open,women,,3,Anne Molin Kongsgaard,,,,https://de.wikipedia.org/wiki/Air_%26_Style/Wertungen,verified,wave2-japan-europe,live-source
air-and-style--2000,big-air,mens,,,open,men,,1,Stefan Gimpl,,,,https://de.wikipedia.org/wiki/Air_%26_Style/Wertungen | https://en.wikipedia.org/wiki/Air_%26_Style,verified,wave2-japan-europe,live-source
air-and-style--2000,big-air,mens,,,open,men,,2,Roger Hjelmstadstuen,,,,https://de.wikipedia.org/wiki/Air_%26_Style/Wertungen | https://en.wikipedia.org/wiki/Air_%26_Style,verified,wave2-japan-europe,live-source
air-and-style--2000,big-air,mens,,,open,men,,3,Jussi Oksanen,,,,https://de.wikipedia.org/wiki/Air_%26_Style/Wertungen | https://en.wikipedia.org/wiki/Air_%26_Style,verified,wave2-japan-europe,live-source
air-and-style--2000,other,mens,,,open,men,,1,Mike Michaelchuck,,,,https://de.wikipedia.org/wiki/Air_%26_Style/Wertungen,verified,wave2-japan-europe,live-source
air-and-style--2000,other,mens,,,open,men,,2,Wolfgang Nyvelt,,,,https://de.wikipedia.org/wiki/Air_%26_Style/Wertungen,verified,wave2-japan-europe,live-source
air-and-style--2000,other,mens,,,open,men,,3,Romain de Marchi,,,,https://de.wikipedia.org/wiki/Air_%26_Style/Wertungen,verified,wave2-japan-europe,live-source
air-and-style--2000,other,womens,,,open,women,,1,Pauline Richon,,,,https://de.wikipedia.org/wiki/Air_%26_Style/Wertungen,verified,wave2-japan-europe,live-source
air-and-style--2000,other,womens,,,open,women,,2,Tina Birbaum,,,,https://de.wikipedia.org/wiki/Air_%26_Style/Wertungen,verified,wave2-japan-europe,live-source
air-and-style--2000,other,womens,,,open,women,,3,Michelle Taggart,,,,https://de.wikipedia.org/wiki/Air_%26_Style/Wertungen,verified,wave2-japan-europe,live-source
air-and-style--2001,big-air,mens,,,open,men,,1,Stefan Gimpl,,,,https://de.wikipedia.org/wiki/Air_%26_Style/Wertungen | https://en.wikipedia.org/wiki/Air_%26_Style,verified,wave2-japan-europe,live-source
air-and-style--2001,big-air,mens,,,open,men,,2,Darius Heristchian,,,,https://de.wikipedia.org/wiki/Air_%26_Style/Wertungen | https://en.wikipedia.org/wiki/Air_%26_Style,verified,wave2-japan-europe,live-source
air-and-style--2001,big-air,mens,,,open,men,,3,Ingemar Backman,,,,https://de.wikipedia.org/wiki/Air_%26_Style/Wertungen | https://en.wikipedia.org/wiki/Air_%26_Style,verified,wave2-japan-europe,live-source
air-and-style--2001,other,mens,,,open,men,,1,Markku Koski,,,,https://de.wikipedia.org/wiki/Air_%26_Style/Wertungen,verified,wave2-japan-europe,live-source
air-and-style--2001,other,mens,,,open,men,,2,Martin Černík,,,,https://de.wikipedia.org/wiki/Air_%26_Style/Wertungen,verified,wave2-japan-europe,live-source
air-and-style--2001,other,mens,,,open,men,,3,Thomas Rechsi,,,,https://de.wikipedia.org/wiki/Air_%26_Style/Wertungen,likely,wave2-japan-europe,live-source
air-and-style--2001,other,womens,,,open,women,,1,Pauline Richon,,,,https://de.wikipedia.org/wiki/Air_%26_Style/Wertungen,verified,wave2-japan-europe,live-source
air-and-style--2001,other,womens,,,open,women,,2,Nicola Pederzolli,,,,https://de.wikipedia.org/wiki/Air_%26_Style/Wertungen,verified,wave2-japan-europe,live-source
air-and-style--2001,other,womens,,,open,women,,3,Caroline Ehrenstrasser,,,,https://de.wikipedia.org/wiki/Air_%26_Style/Wertungen,verified,wave2-japan-europe,live-source
air-and-style--2002,big-air,open,,,open,mixed,,1,David Benedek,,,,https://de.wikipedia.org/wiki/Air_%26_Style/Wertungen | https://en.wikipedia.org/wiki/Air_%26_Style,verified,wave2-japan-europe,live-source
air-and-style--2002,big-air,open,,,open,mixed,,2,Shaun White,,,,https://de.wikipedia.org/wiki/Air_%26_Style/Wertungen | https://en.wikipedia.org/wiki/Air_%26_Style,verified,wave2-japan-europe,live-source
air-and-style--2002,big-air,open,,,open,mixed,,3,Marc-André Tarte,,,,https://de.wikipedia.org/wiki/Air_%26_Style/Wertungen | https://en.wikipedia.org/wiki/Air_%26_Style,verified,wave2-japan-europe,live-source
air-and-style--2003,big-air,open,,,open,mixed,,1,Shaun White,,,,https://de.wikipedia.org/wiki/Air_%26_Style/Wertungen | https://en.wikipedia.org/wiki/Air_%26_Style,verified,wave2-japan-europe,live-source
air-and-style--2003,big-air,open,,,open,mixed,,2,Joni Malmi,,,,https://de.wikipedia.org/wiki/Air_%26_Style/Wertungen | https://en.wikipedia.org/wiki/Air_%26_Style,verified,wave2-japan-europe,live-source
air-and-style--2003,big-air,open,,,open,mixed,,3,Nicolas Müller,,,,https://de.wikipedia.org/wiki/Air_%26_Style/Wertungen | https://en.wikipedia.org/wiki/Air_%26_Style,verified,wave2-japan-europe,live-source
air-and-style--2004,big-air,mens,,,open,men,,1,Shaun White,,,,https://de.wikipedia.org/wiki/Air_%26_Style/Wertungen | https://en.wikipedia.org/wiki/Air_%26_Style,verified,wave2-japan-europe,live-source
air-and-style--2004,big-air,mens,,,open,men,,2,Nicolas Müller,,,,https://de.wikipedia.org/wiki/Air_%26_Style/Wertungen | https://en.wikipedia.org/wiki/Air_%26_Style,verified,wave2-japan-europe,live-source
air-and-style--2004,big-air,mens,,,open,men,,3,Jussi Oksanen,,,,https://de.wikipedia.org/wiki/Air_%26_Style/Wertungen | https://en.wikipedia.org/wiki/Air_%26_Style,verified,wave2-japan-europe,live-source
air-and-style--2005,big-air,open,,,open,mixed,,1,Hampus Mosesson,,,,https://de.wikipedia.org/wiki/Air_%26_Style/Wertungen | https://en.wikipedia.org/wiki/Air_%26_Style,verified,wave2-japan-europe,live-source
air-and-style--2005,big-air,open,,,open,mixed,,2,Mathieu Crepel,,,,https://de.wikipedia.org/wiki/Air_%26_Style/Wertungen | https://en.wikipedia.org/wiki/Air_%26_Style,verified,wave2-japan-europe,live-source
air-and-style--2005,big-air,open,,,open,mixed,,3,Jussi Oksanen,,,,https://de.wikipedia.org/wiki/Air_%26_Style/Wertungen | https://en.wikipedia.org/wiki/Air_%26_Style,verified,wave2-japan-europe,live-source
air-and-style--2006,big-air,open,,,open,mixed,,1,Travis Rice,,,,https://de.wikipedia.org/wiki/Air_%26_Style/Wertungen | https://en.wikipedia.org/wiki/Air_%26_Style,verified,wave2-japan-europe,live-source
air-and-style--2006,big-air,open,,,open,mixed,,2,Risto Mattila,,,,https://de.wikipedia.org/wiki/Air_%26_Style/Wertungen | https://en.wikipedia.org/wiki/Air_%26_Style,verified,wave2-japan-europe,live-source
air-and-style--2006,big-air,open,,,open,mixed,,3,Antti Autti,,,,https://de.wikipedia.org/wiki/Air_%26_Style/Wertungen | https://en.wikipedia.org/wiki/Air_%26_Style,verified,wave2-japan-europe,live-source
air-and-style--2007,big-air,open,,,open,mixed,,1,Kevin Pearce,,,,https://de.wikipedia.org/wiki/Air_%26_Style/Wertungen | https://en.wikipedia.org/wiki/Air_%26_Style,verified,wave2-japan-europe,live-source
air-and-style--2007,big-air,open,,,open,mixed,,2,Mikkel Bang,,,,https://de.wikipedia.org/wiki/Air_%26_Style/Wertungen | https://en.wikipedia.org/wiki/Air_%26_Style,verified,wave2-japan-europe,live-source
air-and-style--2007,big-air,open,,,open,mixed,,3,Torstein Horgmo,,,,https://de.wikipedia.org/wiki/Air_%26_Style/Wertungen | https://en.wikipedia.org/wiki/Air_%26_Style,verified,wave2-japan-europe,live-source
air-and-style--2008-a,quarterpipe,open,,,open,mixed,,1,Kevin Pearce,,,,https://de.wikipedia.org/wiki/Air_%26_Style/Wertungen | https://en.wikipedia.org/wiki/Air_%26_Style,verified,wave2-japan-europe,live-source
air-and-style--2008-a,quarterpipe,open,,,open,mixed,,2,Scotty Lago,,,,https://de.wikipedia.org/wiki/Air_%26_Style/Wertungen | https://en.wikipedia.org/wiki/Air_%26_Style,verified,wave2-japan-europe,live-source
air-and-style--2008-a,quarterpipe,open,,,open,mixed,,3,Peetu Piiroinen,,,,https://de.wikipedia.org/wiki/Air_%26_Style/Wertungen | https://en.wikipedia.org/wiki/Air_%26_Style,verified,wave2-japan-europe,live-source
air-and-style--2009-a,quarterpipe,open,,,open,mixed,,1,Colin Frei,,,,https://de.wikipedia.org/wiki/Air_%26_Style/Wertungen | https://en.wikipedia.org/wiki/Air_%26_Style,verified,wave2-japan-europe,live-source
air-and-style--2009-a,quarterpipe,open,,,open,mixed,,2,Peetu Piiroinen,,,,https://de.wikipedia.org/wiki/Air_%26_Style/Wertungen | https://en.wikipedia.org/wiki/Air_%26_Style,verified,wave2-japan-europe,live-source
air-and-style--2009-a,quarterpipe,open,,,open,mixed,,3,Olivier Gittler,,,,https://de.wikipedia.org/wiki/Air_%26_Style/Wertungen | https://en.wikipedia.org/wiki/Air_%26_Style,verified,wave2-japan-europe,live-source
air-and-style--2009-b,big-air,open,,,open,mixed,,1,Marko Grilc,,,,https://de.wikipedia.org/wiki/Air_%26_Style/Wertungen | https://en.wikipedia.org/wiki/Air_%26_Style,verified,wave2-japan-europe,live-source
air-and-style--2009-b,big-air,open,,,open,mixed,,2,Peetu Piiroinen,,,,https://de.wikipedia.org/wiki/Air_%26_Style/Wertungen | https://en.wikipedia.org/wiki/Air_%26_Style,verified,wave2-japan-europe,live-source
air-and-style--2009-b,big-air,open,,,open,mixed,,3,Andreas Wiig,,,,https://de.wikipedia.org/wiki/Air_%26_Style/Wertungen | https://en.wikipedia.org/wiki/Air_%26_Style,verified,wave2-japan-europe,live-source
air-and-style--2010,big-air,open,,,open,mixed,,1,Sébastien Toutant,,,,https://de.wikipedia.org/wiki/Air_%26_Style/Wertungen | https://en.wikipedia.org/wiki/Air_%26_Style,verified,wave2-japan-europe,live-source
air-and-style--2010,big-air,open,,,open,mixed,,2,Seppe Smits,,,,https://de.wikipedia.org/wiki/Air_%26_Style/Wertungen | https://en.wikipedia.org/wiki/Air_%26_Style,verified,wave2-japan-europe,live-source
air-and-style--2010,big-air,open,,,open,mixed,,3,Elias Elhardt,,,,https://de.wikipedia.org/wiki/Air_%26_Style/Wertungen | https://en.wikipedia.org/wiki/Air_%26_Style,verified,wave2-japan-europe,live-source
air-and-style--2011-a,big-air,open,,,open,mixed,,1,Mark McMorris,,,,https://de.wikipedia.org/wiki/Air_%26_Style/Wertungen | https://en.wikipedia.org/wiki/Air_%26_Style,verified,wave2-japan-europe,live-source
air-and-style--2011-a,big-air,open,,,open,mixed,,2,Peetu Piiroinen,,,,https://de.wikipedia.org/wiki/Air_%26_Style/Wertungen | https://en.wikipedia.org/wiki/Air_%26_Style,verified,wave2-japan-europe,live-source
air-and-style--2011-a,big-air,open,,,open,mixed,,3,Werner Stock,,,,https://de.wikipedia.org/wiki/Air_%26_Style/Wertungen | https://en.wikipedia.org/wiki/Air_%26_Style,verified,wave2-japan-europe,live-source
air-and-style--2011-b,big-air,open,,,open,mixed,,1,Peetu Piiroinen,,,,https://de.wikipedia.org/wiki/Air_%26_Style/Wertungen | https://en.wikipedia.org/wiki/Air_%26_Style,verified,wave2-japan-europe,live-source
air-and-style--2011-b,big-air,open,,,open,mixed,,2,Seppe Smits,,,,https://de.wikipedia.org/wiki/Air_%26_Style/Wertungen | https://en.wikipedia.org/wiki/Air_%26_Style,verified,wave2-japan-europe,live-source
air-and-style--2011-b,big-air,open,,,open,mixed,,3,Haldor Helgason,,,,https://de.wikipedia.org/wiki/Air_%26_Style/Wertungen | https://en.wikipedia.org/wiki/Air_%26_Style,verified,wave2-japan-europe,live-source
air-and-style--2011-c,big-air,open,,,open,mixed,,1,Ulrik Badertscher,NOR,,,https://www.worldsnowboardfederation.org/air-and-style-norwegian-air-force-conquer-china/ | https://de.wikipedia.org/wiki/Air_%26_Style/Wertungen | https://en.wikipedia.org/wiki/Air_%26_Style,verified,wave2-japan-europe,live-source
air-and-style--2011-c,big-air,open,,,open,mixed,,2,Torstein Horgmo,NOR,,,https://www.worldsnowboardfederation.org/air-and-style-norwegian-air-force-conquer-china/ | https://de.wikipedia.org/wiki/Air_%26_Style/Wertungen | https://en.wikipedia.org/wiki/Air_%26_Style,verified,wave2-japan-europe,live-source
air-and-style--2011-c,big-air,open,,,open,mixed,,3,Ståle Sandbech,NOR,,,https://www.worldsnowboardfederation.org/air-and-style-norwegian-air-force-conquer-china/ | https://de.wikipedia.org/wiki/Air_%26_Style/Wertungen | https://en.wikipedia.org/wiki/Air_%26_Style,verified,wave2-japan-europe,live-source
air-and-style--2012-a,big-air,open,,,open,mixed,,1,Peetu Piiroinen,FIN,,,https://www.worldsnowboardfederation.org/billabong-air-and-style-2012/ | https://de.wikipedia.org/wiki/Air_%26_Style/Wertungen | https://en.wikipedia.org/wiki/Air_%26_Style,verified,wave2-japan-europe,live-source
air-and-style--2012-a,big-air,open,,,open,mixed,,2,Seppe Smits,BEL,,,https://www.worldsnowboardfederation.org/billabong-air-and-style-2012/ | https://de.wikipedia.org/wiki/Air_%26_Style/Wertungen | https://en.wikipedia.org/wiki/Air_%26_Style,verified,wave2-japan-europe,live-source
air-and-style--2012-a,big-air,open,,,open,mixed,,3,Niklas Mattsson,SWE,,,https://www.worldsnowboardfederation.org/billabong-air-and-style-2012/ | https://de.wikipedia.org/wiki/Air_%26_Style/Wertungen | https://en.wikipedia.org/wiki/Air_%26_Style,verified,wave2-japan-europe,live-source
air-and-style--2012-b,big-air,open,,,open,mixed,,1,Yuki Kadono,,,,https://de.wikipedia.org/wiki/Air_%26_Style/Wertungen | https://en.wikipedia.org/wiki/Air_%26_Style,verified,wave2-japan-europe,live-source
air-and-style--2012-b,big-air,open,,,open,mixed,,2,Peetu Piiroinen,,,,https://de.wikipedia.org/wiki/Air_%26_Style/Wertungen | https://en.wikipedia.org/wiki/Air_%26_Style,verified,wave2-japan-europe,live-source
air-and-style--2012-b,big-air,open,,,open,mixed,,3,Ståle Sandbech,,,,https://de.wikipedia.org/wiki/Air_%26_Style/Wertungen | https://en.wikipedia.org/wiki/Air_%26_Style,verified,wave2-japan-europe,live-source
air-and-style--2013-a,big-air,open,,,open,mixed,,1,Eric Willett,,,,https://de.wikipedia.org/wiki/Air_%26_Style/Wertungen | https://en.wikipedia.org/wiki/Air_%26_Style,verified,wave2-japan-europe,live-source
air-and-style--2013-a,big-air,open,,,open,mixed,,2,Sébastien Toutant,,,,https://de.wikipedia.org/wiki/Air_%26_Style/Wertungen | https://en.wikipedia.org/wiki/Air_%26_Style,verified,wave2-japan-europe,live-source
air-and-style--2013-a,big-air,open,,,open,mixed,,3,Aleksander Østreng,,,,https://de.wikipedia.org/wiki/Air_%26_Style/Wertungen | https://en.wikipedia.org/wiki/Air_%26_Style,verified,wave2-japan-europe,live-source
air-and-style--2013-c,big-air,open,,,open,mixed,,1,Sven Thorgren,SWE,,,https://de.wikipedia.org/wiki/Air_%26_Style/Wertungen | https://www.worldsnowboardfederation.org/sven-thorgren-swe-wins-the-6-star-airstyle-beijing/ | https://en.wikipedia.org/wiki/Air_%26_Style,verified,wave2-japan-europe,live-source
air-and-style--2013-c,big-air,open,,,open,mixed,,2,Sage Kotsenburg,,,,https://de.wikipedia.org/wiki/Air_%26_Style/Wertungen | https://www.worldsnowboardfederation.org/sven-thorgren-swe-wins-the-6-star-airstyle-beijing/ | https://en.wikipedia.org/wiki/Air_%26_Style,verified,wave2-japan-europe,live-source
air-and-style--2013-c,big-air,open,,,open,mixed,,3,Kim Rune Hansen,,,,https://de.wikipedia.org/wiki/Air_%26_Style/Wertungen | https://www.worldsnowboardfederation.org/sven-thorgren-swe-wins-the-6-star-airstyle-beijing/ | https://en.wikipedia.org/wiki/Air_%26_Style,verified,wave2-japan-europe,live-source
air-and-style--2014,big-air,open,,,open,mixed,,1,Emil Ulsletten,NOR,,,https://de.wikipedia.org/wiki/Air_%26_Style/Wertungen,verified,wave2-japan-europe,live-source
air-and-style--2014,big-air,open,,,open,mixed,,2,Ståle Sandbech,,,,https://de.wikipedia.org/wiki/Air_%26_Style/Wertungen,verified,wave2-japan-europe,live-source
air-and-style--2014,big-air,open,,,open,mixed,,3,Torgeir Bergrem,,,,https://de.wikipedia.org/wiki/Air_%26_Style/Wertungen,verified,wave2-japan-europe,live-source
air-and-style--2015-a,big-air,open,,,open,mixed,,1,Ståle Sandbech,,,,https://de.wikipedia.org/wiki/Air_%26_Style/Wertungen,verified,wave2-japan-europe,live-source
air-and-style--2015-a,big-air,open,,,open,mixed,,2,Peetu Piiroinen,,,,https://de.wikipedia.org/wiki/Air_%26_Style/Wertungen,verified,wave2-japan-europe,live-source
air-and-style--2015-a,big-air,open,,,open,mixed,,3,Yuki Kadono,,,,https://de.wikipedia.org/wiki/Air_%26_Style/Wertungen,verified,wave2-japan-europe,live-source
air-and-style--2015-b,big-air,open,,,open,mixed,,1,Yuki Kadono,JPN,,,https://www.ibtimes.co.uk/air-style-los-angeles-2015-yuki-kadono-wins-first-switch-backside-triple-cork-1620-1489139 | https://de.wikipedia.org/wiki/Air_%26_Style/Wertungen,verified,wave2-japan-europe,live-source
air-and-style--2015-b,big-air,open,,,open,mixed,,2,Sébastien Toutant,CAN,,,https://www.ibtimes.co.uk/air-style-los-angeles-2015-yuki-kadono-wins-first-switch-backside-triple-cork-1620-1489139 | https://de.wikipedia.org/wiki/Air_%26_Style/Wertungen,verified,wave2-japan-europe,live-source
air-and-style--2015-b,big-air,open,,,open,mixed,,3,Ståle Sandbech,NOR,,,https://www.ibtimes.co.uk/air-style-los-angeles-2015-yuki-kadono-wins-first-switch-backside-triple-cork-1620-1489139 | https://de.wikipedia.org/wiki/Air_%26_Style/Wertungen,verified,wave2-japan-europe,live-source
air-and-style--2016-a,big-air,open,,,open,mixed,,1,Sébastien Toutant,,,,https://de.wikipedia.org/wiki/Air_%26_Style/Wertungen,verified,wave2-japan-europe,live-source
air-and-style--2016-a,big-air,open,,,open,mixed,,2,Marcus Kleveland,,,,https://de.wikipedia.org/wiki/Air_%26_Style/Wertungen,verified,wave2-japan-europe,live-source
air-and-style--2016-a,big-air,open,,,open,mixed,,3,Torgeir Bergrem,,,,https://de.wikipedia.org/wiki/Air_%26_Style/Wertungen,verified,wave2-japan-europe,live-source
air-and-style--2016-b,big-air,open,,,open,mixed,,1,Yuki Kadono,,,,https://www.worldsnowboardfederation.org/sven-thorgren-won-2016-airstyle-tour/ | https://de.wikipedia.org/wiki/Air_%26_Style/Wertungen,verified,wave2-japan-europe,live-source
air-and-style--2016-b,big-air,open,,,open,mixed,,2,Kyle Mack,,,,https://www.worldsnowboardfederation.org/sven-thorgren-won-2016-airstyle-tour/ | https://de.wikipedia.org/wiki/Air_%26_Style/Wertungen,verified,wave2-japan-europe,live-source
air-and-style--2016-b,big-air,open,,,open,mixed,,3,Sven Thorgren,,,,https://www.worldsnowboardfederation.org/sven-thorgren-won-2016-airstyle-tour/ | https://de.wikipedia.org/wiki/Air_%26_Style/Wertungen,verified,wave2-japan-europe,live-source
air-and-style--2017-a,big-air,mens,,,open,men,,1,Max Parrot,CAN,184.32,,https://olympic.ca/2017/02/04/air-style-parrot-wins-big-air-in-innsbruck/ | https://de.wikipedia.org/wiki/Air_%26_Style/Wertungen,verified,wave2-japan-europe,live-source
air-and-style--2017-a,big-air,mens,,,open,men,,2,Marcus Kleveland,NOR,179.99,,https://olympic.ca/2017/02/04/air-style-parrot-wins-big-air-in-innsbruck/ | https://de.wikipedia.org/wiki/Air_%26_Style/Wertungen,verified,wave2-japan-europe,live-source
air-and-style--2017-a,big-air,mens,,,open,men,,3,Sven Thorgren,SWE,176.33,,https://olympic.ca/2017/02/04/air-style-parrot-wins-big-air-in-innsbruck/ | https://de.wikipedia.org/wiki/Air_%26_Style/Wertungen,verified,wave2-japan-europe,live-source
air-and-style--2017-a,big-air,womens,,,open,women,,1,Enni Rukajärvi,FIN,,,https://www.meinbezirk.at/innsbruck/c-lokales/ergebnisse-air-+-style_a2014182,verified,wave2-japan-europe,live-source
air-and-style--2017-a,big-air,womens,,,open,women,,2,Katie Ormerod,GBR,,,https://www.meinbezirk.at/innsbruck/c-lokales/ergebnisse-air-+-style_a2014182,verified,wave2-japan-europe,live-source
air-and-style--2017-a,big-air,womens,,,open,women,,3,Sina Candrian,SUI,,,https://www.meinbezirk.at/innsbruck/c-lokales/ergebnisse-air-+-style_a2014182,verified,wave2-japan-europe,live-source
air-and-style--2017-b,big-air,mens,,,open,men,,1,Mark McMorris,,,,https://de.wikipedia.org/wiki/Air_%26_Style/Wertungen | https://onboardmag.com/news/snowboarding-events/air-and-style-beijing-2017-anna-gasser-mark-mcmorris-win-big-air.html,verified,wave2-japan-europe,live-source
air-and-style--2017-b,big-air,mens,,,open,men,,2,Tiarn Collins,,,,https://de.wikipedia.org/wiki/Air_%26_Style/Wertungen | https://onboardmag.com/news/snowboarding-events/air-and-style-beijing-2017-anna-gasser-mark-mcmorris-win-big-air.html,verified,wave2-japan-europe,live-source
air-and-style--2017-b,big-air,mens,,,open,men,,3,Torgeir Bergrem,,,,https://de.wikipedia.org/wiki/Air_%26_Style/Wertungen | https://onboardmag.com/news/snowboarding-events/air-and-style-beijing-2017-anna-gasser-mark-mcmorris-win-big-air.html,verified,wave2-japan-europe,live-source
air-and-style--2017-b,big-air,womens,,,open,women,,1,Anna Gasser,,,,https://de.wikipedia.org/wiki/Air_%26_Style/Wertungen | https://onboardmag.com/news/snowboarding-events/air-and-style-beijing-2017-anna-gasser-mark-mcmorris-win-big-air.html,verified,wave2-japan-europe,live-source
air-and-style--2017-b,big-air,womens,,,open,women,,2,Miyabi Onitsuka,,,,https://de.wikipedia.org/wiki/Air_%26_Style/Wertungen | https://onboardmag.com/news/snowboarding-events/air-and-style-beijing-2017-anna-gasser-mark-mcmorris-win-big-air.html,verified,wave2-japan-europe,live-source
air-and-style--2017-b,big-air,womens,,,open,women,,3,Enni Rukajärvi,,,,https://de.wikipedia.org/wiki/Air_%26_Style/Wertungen | https://onboardmag.com/news/snowboarding-events/air-and-style-beijing-2017-anna-gasser-mark-mcmorris-win-big-air.html,verified,wave2-japan-europe,live-source
air-and-style--2017-c,big-air,mens,,,open,men,,1,Maxence Parrot,,,,https://de.wikipedia.org/wiki/Air_%26_Style/Wertungen,verified,wave2-japan-europe,live-source
air-and-style--2017-c,big-air,mens,,,open,men,,2,Seppe Smits,,,,https://de.wikipedia.org/wiki/Air_%26_Style/Wertungen,verified,wave2-japan-europe,live-source
air-and-style--2017-c,big-air,mens,,,open,men,,3,Marcus Kleveland,,,,https://de.wikipedia.org/wiki/Air_%26_Style/Wertungen,verified,wave2-japan-europe,live-source
air-and-style--2019,big-air,mens,,,open,men,,1,Maxence Parrot,CAN,,,https://de.wikipedia.org/wiki/Air_%26_Style/Wertungen | https://usskiandsnowboard.org/news/corning-third-air-style-big-air-world-cup,verified,wave2-japan-europe,live-source
air-and-style--2019,big-air,mens,,,open,men,,2,Sven Thorgren,SWE,,,https://de.wikipedia.org/wiki/Air_%26_Style/Wertungen | https://usskiandsnowboard.org/news/corning-third-air-style-big-air-world-cup,verified,wave2-japan-europe,live-source
air-and-style--2019,big-air,mens,,,open,men,,3,Chris Corning,USA,,,https://de.wikipedia.org/wiki/Air_%26_Style/Wertungen | https://usskiandsnowboard.org/news/corning-third-air-style-big-air-world-cup,verified,wave2-japan-europe,live-source
air-and-style--2019,big-air,womens,,,open,women,,1,Miyabi Onitsuka,,,,https://de.wikipedia.org/wiki/Air_%26_Style/Wertungen,verified,wave2-japan-europe,live-source
air-and-style--2019,big-air,womens,,,open,women,,2,Anna Gasser,,,,https://de.wikipedia.org/wiki/Air_%26_Style/Wertungen,verified,wave2-japan-europe,live-source
air-and-style--2019,big-air,womens,,,open,women,,3,Laurie Blouin,,,,https://de.wikipedia.org/wiki/Air_%26_Style/Wertungen,verified,wave2-japan-europe,live-source
burton-european-open--2006,halfpipe,juniors,Junior's Halfpipe Finals,,junior,unspecified,Junior's Halfpipe Finals,1,Daniel Friberg,SUI,,"Source lists finishers in rank order without printed place numbers; place inferred from listed order. [citation pending re-check: the value was verified against the archived page by QA, but the recorded snapshot URL has not been confirmed to resolve]",https://web.archive.org/web/20070817202135/http://www.burtoneuropeanopen.com/History.aspx,verified,wave3-archive,pending-recheck
burton-european-open--2006,halfpipe,juniors,Boy's Halfpipe Finals,,junior,men,Boy's Halfpipe Finals,1,Ben Watts,USA,,"Source prints ""Ben Watts, USA/Nico Kurz, SUI"" on the first line, i.e. a tie for first. [citation pending re-check: the value was verified against the archived page by QA, but the recorded snapshot URL has not been confirmed to resolve]",https://web.archive.org/web/20070817202135/http://www.burtoneuropeanopen.com/History.aspx,likely,wave3-archive,pending-recheck
burton-european-open--2006,halfpipe,juniors,Boy's Halfpipe Finals,,junior,men,Boy's Halfpipe Finals,1,Nico Kurz,SUI,,"Source prints ""Ben Watts, USA/Nico Kurz, SUI"" on the first line, i.e. a tie for first. [citation pending re-check: the value was verified against the archived page by QA, but the recorded snapshot URL has not been confirmed to resolve]",https://web.archive.org/web/20070817202135/http://www.burtoneuropeanopen.com/History.aspx,likely,wave3-archive,pending-recheck
burton-european-open--2006,halfpipe,juniors,Girl's Halfpipe Finals,,junior,women,Girl's Halfpipe Finals,1,Emilie Aubry,SUI,,"Source lists only one finisher for this category. [citation pending re-check: the value was verified against the archived page by QA, but the recorded snapshot URL has not been confirmed to resolve]",https://web.archive.org/web/20070817202135/http://www.burtoneuropeanopen.com/History.aspx,verified,wave3-archive,pending-recheck
burton-european-open--2006,halfpipe,juniors,Junior's Halfpipe Finals,,junior,unspecified,Junior's Halfpipe Finals,2,Christian Haller,SUI,,"Source lists finishers in rank order without printed place numbers; place inferred from listed order. [citation pending re-check: the value was verified against the archived page by QA, but the recorded snapshot URL has not been confirmed to resolve]",https://web.archive.org/web/20070817202135/http://www.burtoneuropeanopen.com/History.aspx,verified,wave3-archive,pending-recheck
burton-european-open--2006,halfpipe,juniors,Boy's Halfpipe Finals,,junior,men,Boy's Halfpipe Finals,2,Hans Mindnich,USA,,"Place inferred from listed order; the first line of the source is a tie for first. [citation pending re-check: the value was verified against the archived page by QA, but the recorded snapshot URL has not been confirmed to resolve]",https://web.archive.org/web/20070817202135/http://www.burtoneuropeanopen.com/History.aspx,likely,wave3-archive,pending-recheck
burton-european-open--2006,halfpipe,juniors,Junior's Halfpipe Finals,,junior,unspecified,Junior's Halfpipe Finals,3,Manuel Pietropoli,ITA,,"Source lists finishers in rank order without printed place numbers; place inferred from listed order. [citation pending re-check: the value was verified against the archived page by QA, but the recorded snapshot URL has not been confirmed to resolve]",https://web.archive.org/web/20070817202135/http://www.burtoneuropeanopen.com/History.aspx,verified,wave3-archive,pending-recheck
burton-european-open--2006,halfpipe,juniors,Boy's Halfpipe Finals,,junior,men,Boy's Halfpipe Finals,3,Nils Mindnich,USA,,"Place inferred from listed order; the first line of the source is a tie for first. [citation pending re-check: the value was verified against the archived page by QA, but the recorded snapshot URL has not been confirmed to resolve]",https://web.archive.org/web/20070817202135/http://www.burtoneuropeanopen.com/History.aspx,likely,wave3-archive,pending-recheck
burton-european-open--2006,halfpipe,mens,Men's Halfpipe Finals,,open,men,Men's Halfpipe Finals,1,Risto Mattila,FIN,,"Source lists finishers in rank order without printed place numbers; place inferred from listed order. [citation pending re-check: the value was verified against the archived page by QA, but the recorded snapshot URL has not been confirmed to resolve]",https://web.archive.org/web/20070817202135/http://www.burtoneuropeanopen.com/History.aspx,verified,wave3-archive,pending-recheck
burton-european-open--2006,halfpipe,mens,Men's Halfpipe Finals,,open,men,Men's Halfpipe Finals,2,Mathieu Crepel,FRA,,"Source lists finishers in rank order without printed place numbers; place inferred from listed order. [citation pending re-check: the value was verified against the archived page by QA, but the recorded snapshot URL has not been confirmed to resolve]",https://web.archive.org/web/20070817202135/http://www.burtoneuropeanopen.com/History.aspx,verified,wave3-archive,pending-recheck
burton-european-open--2006,halfpipe,mens,Men's Halfpipe Finals,,open,men,Men's Halfpipe Finals,3,Vinzenz Lups,GER,,"Source lists finishers in rank order without printed place numbers; place inferred from listed order. [citation pending re-check: the value was verified against the archived page by QA, but the recorded snapshot URL has not been confirmed to resolve]",https://web.archive.org/web/20070817202135/http://www.burtoneuropeanopen.com/History.aspx,verified,wave3-archive,pending-recheck
burton-european-open--2006,halfpipe,womens,Womens's Halfpipe Finals,,open,women,Womens's Halfpipe Finals,1,Doriane Vidal,FRA,,"Source lists finishers in rank order without printed place numbers; place inferred from listed order. [citation pending re-check: the value was verified against the archived page by QA, but the recorded snapshot URL has not been confirmed to resolve]",https://web.archive.org/web/20070817202135/http://www.burtoneuropeanopen.com/History.aspx,verified,wave3-archive,pending-recheck
burton-european-open--2006,halfpipe,womens,Womens's Halfpipe Finals,,open,women,Womens's Halfpipe Finals,2,Manuela Pesko,SUI,,"Source lists finishers in rank order without printed place numbers; place inferred from listed order. [citation pending re-check: the value was verified against the archived page by QA, but the recorded snapshot URL has not been confirmed to resolve]",https://web.archive.org/web/20070817202135/http://www.burtoneuropeanopen.com/History.aspx,verified,wave3-archive,pending-recheck
burton-european-open--2006,halfpipe,womens,Womens's Halfpipe Finals,,open,women,Womens's Halfpipe Finals,3,Cheryl Maas,NED,,"Source lists finishers in rank order without printed place numbers; place inferred from listed order. [citation pending re-check: the value was verified against the archived page by QA, but the recorded snapshot URL has not been confirmed to resolve]",https://web.archive.org/web/20070817202135/http://www.burtoneuropeanopen.com/History.aspx,verified,wave3-archive,pending-recheck
burton-european-open--2006,slopestyle,juniors,Junior's Slopestyle Finals,,junior,unspecified,Junior's Slopestyle Finals,1,Christian Haller,SUI,,"Source lists finishers in rank order without printed place numbers; place inferred from listed order. [citation pending re-check: the value was verified against the archived page by QA, but the recorded snapshot URL has not been confirmed to resolve]",https://web.archive.org/web/20070817202135/http://www.burtoneuropeanopen.com/History.aspx,verified,wave3-archive,pending-recheck
burton-european-open--2006,slopestyle,juniors,Girl's Slopestyle Finals,,junior,women,Girl's Slopestyle Finals,1,Emilie Aubry,SUI,,"Source lists only one finisher for this category. [citation pending re-check: the value was verified against the archived page by QA, but the recorded snapshot URL has not been confirmed to resolve]",https://web.archive.org/web/20070817202135/http://www.burtoneuropeanopen.com/History.aspx,verified,wave3-archive,pending-recheck
burton-european-open--2006,slopestyle,juniors,Junior's Slopestyle Finals,,junior,unspecified,Junior's Slopestyle Finals,2,Bobby Witty,USA,,"Source lists finishers in rank order without printed place numbers; place inferred from listed order. [citation pending re-check: the value was verified against the archived page by QA, but the recorded snapshot URL has not been confirmed to resolve]",https://web.archive.org/web/20070817202135/http://www.burtoneuropeanopen.com/History.aspx,verified,wave3-archive,pending-recheck
burton-european-open--2006,slopestyle,juniors,Junior's Slopestyle Finals,,junior,unspecified,Junior's Slopestyle Finals,3,Carl Yngvar Christensen,NOR,,"Source lists finishers in rank order without printed place numbers; place inferred from listed order. [citation pending re-check: the value was verified against the archived page by QA, but the recorded snapshot URL has not been confirmed to resolve]",https://web.archive.org/web/20070817202135/http://www.burtoneuropeanopen.com/History.aspx,verified,wave3-archive,pending-recheck
burton-european-open--2006,slopestyle,mens,Men's Slopestyle Finals,,open,men,Men's Slopestyle Finals,1,Petu Piiroinen,FIN,,"Source lists finishers in rank order without printed place numbers; place inferred from listed order. [citation pending re-check: the value was verified against the archived page by QA, but the recorded snapshot URL has not been confirmed to resolve]",https://web.archive.org/web/20070817202135/http://www.burtoneuropeanopen.com/History.aspx,verified,wave3-archive,pending-recheck
burton-european-open--2006,slopestyle,mens,Men's Slopestyle Finals,,open,men,Men's Slopestyle Finals,2,Antti Autti,FIN,,"Source lists finishers in rank order without printed place numbers; place inferred from listed order. [citation pending re-check: the value was verified against the archived page by QA, but the recorded snapshot URL has not been confirmed to resolve]",https://web.archive.org/web/20070817202135/http://www.burtoneuropeanopen.com/History.aspx,verified,wave3-archive,pending-recheck
burton-european-open--2006,slopestyle,mens,Men's Slopestyle Finals,,open,men,Men's Slopestyle Finals,3,Janne Korpi,FIN,,"Source lists finishers in rank order without printed place numbers; place inferred from listed order. [citation pending re-check: the value was verified against the archived page by QA, but the recorded snapshot URL has not been confirmed to resolve]",https://web.archive.org/web/20070817202135/http://www.burtoneuropeanopen.com/History.aspx,verified,wave3-archive,pending-recheck
burton-european-open--2006,slopestyle,womens,Women's Slopestyle Finals,,open,women,Women's Slopestyle Finals,1,Natasza Zurek,CAN,,"Source lists finishers in rank order without printed place numbers; place inferred from listed order. [citation pending re-check: the value was verified against the archived page by QA, but the recorded snapshot URL has not been confirmed to resolve]",https://web.archive.org/web/20070817202135/http://www.burtoneuropeanopen.com/History.aspx,verified,wave3-archive,pending-recheck
burton-european-open--2006,slopestyle,womens,Women's Slopestyle Finals,,open,women,Women's Slopestyle Finals,2,Cheryl Maas,NED,,"Source lists finishers in rank order without printed place numbers; place inferred from listed order. [citation pending re-check: the value was verified against the archived page by QA, but the recorded snapshot URL has not been confirmed to resolve]",https://web.archive.org/web/20070817202135/http://www.burtoneuropeanopen.com/History.aspx,verified,wave3-archive,pending-recheck
burton-european-open--2006,slopestyle,womens,Women's Slopestyle Finals,,open,women,Women's Slopestyle Finals,3,Claudia Fliri,AUT,,"Source lists finishers in rank order without printed place numbers; place inferred from listed order. [citation pending re-check: the value was verified against the archived page by QA, but the recorded snapshot URL has not been confirmed to resolve]",https://web.archive.org/web/20070817202135/http://www.burtoneuropeanopen.com/History.aspx,verified,wave3-archive,pending-recheck
burton-european-open--2008,halfpipe,mens,,,open,men,,1,Kevin Pearce,USA,,,https://www.worldsnowboardfederation.org/burton-european-open-08-results/,verified,wave2-us-open,live-source
burton-european-open--2008,halfpipe,mens,,,open,men,,2,Shaun White,USA,,,https://www.worldsnowboardfederation.org/burton-european-open-08-results/,verified,wave2-us-open,live-source
burton-european-open--2008,halfpipe,mens,,,open,men,,3,Peetu Piiroinen,FIN,,,https://www.worldsnowboardfederation.org/burton-european-open-08-results/,verified,wave2-us-open,live-source
burton-european-open--2008,halfpipe,womens,,,open,women,,1,Kelly Clark,USA,,,https://www.worldsnowboardfederation.org/burton-european-open-08-results/,verified,wave2-us-open,live-source
burton-european-open--2008,halfpipe,womens,,,open,women,,2,Torah Bright,AUS,,,https://www.worldsnowboardfederation.org/burton-european-open-08-results/,verified,wave2-us-open,live-source
burton-european-open--2008,halfpipe,womens,,,open,women,,3,Hannah Teter,USA,,,https://www.worldsnowboardfederation.org/burton-european-open-08-results/,verified,wave2-us-open,live-source
burton-european-open--2011,halfpipe,mens,,,open,men,,1,Peetu Piiroinen,FIN,,,https://www.snowboarder.com/news/burton-european-open-halfpipe-2011,verified,wave2-us-open,live-source
burton-european-open--2011,halfpipe,mens,,,open,men,,2,Kazuhiro Kokubo,JPN,,,https://www.snowboarder.com/news/burton-european-open-halfpipe-2011,verified,wave2-us-open,live-source
burton-european-open--2011,halfpipe,mens,,,open,men,,3,Iouri Podlatchikov,SUI,,,https://www.snowboarder.com/news/burton-european-open-halfpipe-2011,verified,wave2-us-open,live-source
burton-european-open--2011,halfpipe,womens,,,open,women,,1,Kelly Clark,USA,,,https://www.snowboarder.com/news/burton-european-open-halfpipe-2011,verified,wave2-us-open,live-source
burton-european-open--2011,halfpipe,womens,,,open,women,,2,Queralt Castellet,ESP,,,https://www.snowboarder.com/news/burton-european-open-halfpipe-2011,verified,wave2-us-open,live-source
burton-european-open--2011,halfpipe,womens,,,open,women,,3,Yuki Furihata,JPN,,,https://www.snowboarder.com/news/burton-european-open-halfpipe-2011,verified,wave2-us-open,live-source
burton-european-open--2012,halfpipe,mens,,,open,men,,1,Iouri Podladchikov,SUI,88.90,,https://www.worldsnowboardfederation.org/world-champions-win-the-burton-european-open-halfpipe-contest/,verified,wave2-us-open,live-source
burton-european-open--2012,halfpipe,mens,,,open,men,,2,Danny Davis,USA,,,https://www.worldsnowboardfederation.org/world-champions-win-the-burton-european-open-halfpipe-contest/,verified,wave2-us-open,live-source
burton-european-open--2012,halfpipe,mens,,,open,men,,3,Ryo Aono,JPN,,,https://www.worldsnowboardfederation.org/world-champions-win-the-burton-european-open-halfpipe-contest/,verified,wave2-us-open,live-source
burton-european-open--2012,halfpipe,womens,,,open,women,,1,Kelly Clark,USA,,,https://www.worldsnowboardfederation.org/world-champions-win-the-burton-european-open-halfpipe-contest/,verified,wave2-us-open,live-source
burton-european-open--2012,halfpipe,womens,,,open,women,,2,Gretchen Bleiler,USA,,,https://www.worldsnowboardfederation.org/world-champions-win-the-burton-european-open-halfpipe-contest/,verified,wave2-us-open,live-source
burton-european-open--2012,halfpipe,womens,,,open,women,,3,Yuki Furihata,JPN,,,https://www.worldsnowboardfederation.org/world-champions-win-the-burton-european-open-halfpipe-contest/,verified,wave2-us-open,live-source
burton-european-open--2012,slopestyle,mens,,,open,men,,1,Alek Ostreng,NOR,,,https://whitelines.com/archive/news/burton-european-open-2012-slopestyle-finals.html | https://www.snowboarder.com/news/2012-burton-european-open-slopestyle-finals,verified,wave2-us-open,live-source
burton-european-open--2012,slopestyle,mens,,,open,men,,2,Roope Tonteri,FIN,,,https://whitelines.com/archive/news/burton-european-open-2012-slopestyle-finals.html | https://www.snowboarder.com/news/2012-burton-european-open-slopestyle-finals,verified,wave2-us-open,live-source
burton-european-open--2012,slopestyle,mens,,,open,men,,3,Peetu Piiroinen,FIN,,,https://whitelines.com/archive/news/burton-european-open-2012-slopestyle-finals.html | https://www.snowboarder.com/news/2012-burton-european-open-slopestyle-finals,verified,wave2-us-open,live-source
burton-european-open--2012,slopestyle,womens,,,open,women,,1,Jamie Anderson,USA,91.98,,https://whitelines.com/archive/news/burton-european-open-2012-slopestyle-finals.html | https://www.snowboarder.com/news/2012-burton-european-open-slopestyle-finals,verified,wave2-us-open,live-source
burton-european-open--2012,slopestyle,womens,,,open,women,,2,Enni Rukajarvi,FIN,,,https://whitelines.com/archive/news/burton-european-open-2012-slopestyle-finals.html | https://www.snowboarder.com/news/2012-burton-european-open-slopestyle-finals,verified,wave2-us-open,live-source
burton-european-open--2012,slopestyle,womens,,,open,women,,3,Isabel Derungs,SUI,,,https://whitelines.com/archive/news/burton-european-open-2012-slopestyle-finals.html | https://www.snowboarder.com/news/2012-burton-european-open-slopestyle-finals,verified,wave2-us-open,live-source
burton-european-open--2014,halfpipe,mens,,,open,men,,1,Iouri Podladtchikov,SUI,86.30,,https://www.worldsnowboardfederation.org/ursina-haller-and-iouri-podladtchikov-win-the-6-star-burton-european-open-halfpi/,verified,wave2-us-open,live-source
burton-european-open--2014,halfpipe,mens,,,open,men,,2,Christian Haller,SUI,84.90,,https://www.worldsnowboardfederation.org/ursina-haller-and-iouri-podladtchikov-win-the-6-star-burton-european-open-halfpi/,verified,wave2-us-open,live-source
burton-european-open--2014,halfpipe,mens,,,open,men,,3,Janne Korpi,FIN,,,https://www.worldsnowboardfederation.org/ursina-haller-and-iouri-podladtchikov-win-the-6-star-burton-european-open-halfpi/,verified,wave2-us-open,live-source
burton-european-open--2014,halfpipe,womens,,,open,women,,1,Ursina Haller,SUI,92.20,,https://www.worldsnowboardfederation.org/ursina-haller-and-iouri-podladtchikov-win-the-6-star-burton-european-open-halfpi/,verified,wave2-us-open,live-source
burton-european-open--2014,halfpipe,womens,,,open,women,,2,Verena Rohrer,SUI,,,https://www.worldsnowboardfederation.org/ursina-haller-and-iouri-podladtchikov-win-the-6-star-burton-european-open-halfpi/,verified,wave2-us-open,live-source
burton-european-open--2014,halfpipe,womens,,,open,women,,3,Carla Somaini,SUI,,,https://www.worldsnowboardfederation.org/ursina-haller-and-iouri-podladtchikov-win-the-6-star-burton-european-open-halfpi/,verified,wave2-us-open,live-source
burton-european-open--2014,slopestyle,mens,,,open,men,,1,Brage Richenburg,NOR,,,https://whitelines.com/snowboard-culture/snowboard-events/burton-european-open-results.html,likely,wave2-us-open,live-source
burton-european-open--2014,slopestyle,mens,,,open,men,,2,Aleks Ostreng,NOR,,,https://whitelines.com/snowboard-culture/snowboard-events/burton-european-open-results.html,likely,wave2-us-open,live-source
burton-european-open--2014,slopestyle,mens,,,open,men,,3,Mons Roisland,NOR,,,https://whitelines.com/snowboard-culture/snowboard-events/burton-european-open-results.html,likely,wave2-us-open,live-source
burton-european-open--2014,slopestyle,womens,,,open,women,,1,Isabel Derungs,SUI,,,https://whitelines.com/snowboard-culture/snowboard-events/burton-european-open-results.html,likely,wave2-us-open,live-source
burton-european-open--2014,slopestyle,womens,,,open,women,,2,Miyabi Onitsuka,JPN,,,https://whitelines.com/snowboard-culture/snowboard-events/burton-european-open-results.html,likely,wave2-us-open,live-source
burton-european-open--2014,slopestyle,womens,,,open,women,,3,Elena Konz,SUI,,,https://whitelines.com/snowboard-culture/snowboard-events/burton-european-open-results.html,likely,wave2-us-open,live-source
burton-european-open--2015,halfpipe,mens,,,open,men,,1,Iouri Podladtchikov,,,,https://www.snowboarder.com/news/burton-european-open-halfpipe-finals-kelly-clark-iouri-podladtchikov,verified,wave2-us-open,live-source
burton-european-open--2015,halfpipe,mens,,,open,men,,2,Ayumu Hirano,,,,https://www.snowboarder.com/news/burton-european-open-halfpipe-finals-kelly-clark-iouri-podladtchikov,verified,wave2-us-open,live-source
burton-european-open--2015,halfpipe,mens,,,open,men,,3,David Habluetzel,,,,https://www.snowboarder.com/news/burton-european-open-halfpipe-finals-kelly-clark-iouri-podladtchikov,verified,wave2-us-open,live-source
burton-european-open--2015,halfpipe,womens,,,open,women,,1,Kelly Clark,,,,https://www.snowboarder.com/news/burton-european-open-halfpipe-finals-kelly-clark-iouri-podladtchikov,verified,wave2-us-open,live-source
burton-european-open--2015,halfpipe,womens,,,open,women,,2,Chloe Kim,,,,https://www.snowboarder.com/news/burton-european-open-halfpipe-finals-kelly-clark-iouri-podladtchikov,verified,wave2-us-open,live-source
burton-european-open--2015,halfpipe,womens,,,open,women,,3,Nadja Purtschert,,,,https://www.snowboarder.com/news/burton-european-open-halfpipe-finals-kelly-clark-iouri-podladtchikov,verified,wave2-us-open,live-source
burton-european-open--2015,slopestyle,mens,,,open,men,,1,Stale Sandbech,NOR,91.4,,https://whitelines.com/snowboard-culture/snowboard-events/burton-european-open-laax-2015-slopestyle-final-results.html,verified,wave2-us-open,live-source
burton-european-open--2015,slopestyle,mens,,,open,men,,2,Mark McMorris,CAN,,,https://whitelines.com/snowboard-culture/snowboard-events/burton-european-open-laax-2015-slopestyle-final-results.html,verified,wave2-us-open,live-source
burton-european-open--2015,slopestyle,mens,,,open,men,,3,Torstein Horgmo,NOR,,,https://whitelines.com/snowboard-culture/snowboard-events/burton-european-open-laax-2015-slopestyle-final-results.html,verified,wave2-us-open,live-source
burton-european-open--2015,slopestyle,womens,,,open,women,,1,Christy Prior,,84.00,,https://www.worldsnowboardfederation.org/stale-sandbech-christy-prior-win-slopestyle-finals-burton-european-open/ | https://whitelines.com/snowboard-culture/snowboard-events/burton-european-open-laax-2015-slopestyle-final-results.html,verified,wave2-us-open,live-source
burton-european-open--2015,slopestyle,womens,,,open,women,,2,Jamie Anderson,USA,,,https://www.worldsnowboardfederation.org/stale-sandbech-christy-prior-win-slopestyle-finals-burton-european-open/ | https://whitelines.com/snowboard-culture/snowboard-events/burton-european-open-laax-2015-slopestyle-final-results.html,verified,wave2-us-open,live-source
burton-european-open--2015,slopestyle,womens,,,open,women,,3,Enni Rukajarvi,FIN,,,https://www.worldsnowboardfederation.org/stale-sandbech-christy-prior-win-slopestyle-finals-burton-european-open/ | https://whitelines.com/snowboard-culture/snowboard-events/burton-european-open-laax-2015-slopestyle-final-results.html,verified,wave2-us-open,live-source
canada-snowboard-national-championships--2001,boardercross,mens,,,open,men,,1,Tom Velisek,CAN,,,https://www.fis-ski.com/DB/general/results.html?sectorcode=SB&raceid=1778,verified,wave2-canada,live-source
canada-snowboard-national-championships--2001,boardercross,mens,,,open,men,,2,Robert Fagan,CAN,,,https://www.fis-ski.com/DB/general/results.html?sectorcode=SB&raceid=1778,verified,wave2-canada,live-source
canada-snowboard-national-championships--2001,boardercross,mens,,,open,men,,3,Francois Boivin,CAN,,,https://www.fis-ski.com/DB/general/results.html?sectorcode=SB&raceid=1778,verified,wave2-canada,live-source
canada-snowboard-national-championships--2001,boardercross,womens,,,open,women,,1,Candice Drouin,CAN,,,https://www.fis-ski.com/DB/general/results.html?sectorcode=SB&raceid=1777,verified,wave2-canada,live-source
canada-snowboard-national-championships--2001,boardercross,womens,,,open,women,,2,Kim Dunn,CAN,,,https://www.fis-ski.com/DB/general/results.html?sectorcode=SB&raceid=1777,verified,wave2-canada,live-source
canada-snowboard-national-championships--2001,boardercross,womens,,,open,women,,3,Helen Schettini,CAN,,,https://www.fis-ski.com/DB/general/results.html?sectorcode=SB&raceid=1777,verified,wave2-canada,live-source
canada-snowboard-national-championships--2001,halfpipe,mens,,,open,men,,1,Justin Lamoureux,CAN,,,https://www.fis-ski.com/DB/general/results.html?sectorcode=SB&raceid=1783,verified,wave2-canada,live-source
canada-snowboard-national-championships--2001,halfpipe,mens,,,open,men,,2,Scott Shaw,CAN,,,https://www.fis-ski.com/DB/general/results.html?sectorcode=SB&raceid=1783,verified,wave2-canada,live-source
canada-snowboard-national-championships--2001,halfpipe,mens,,,open,men,,3,Jesse Kumlea,CAN,,,https://www.fis-ski.com/DB/general/results.html?sectorcode=SB&raceid=1783,verified,wave2-canada,live-source
canada-snowboard-national-championships--2001,halfpipe,womens,,,open,women,,1,Manon Roy,CAN,,,https://www.fis-ski.com/DB/general/results.html?sectorcode=SB&raceid=1784,verified,wave2-canada,live-source
canada-snowboard-national-championships--2001,halfpipe,womens,,,open,women,,2,Lori Glazier,CAN,,,https://www.fis-ski.com/DB/general/results.html?sectorcode=SB&raceid=1784,verified,wave2-canada,live-source
canada-snowboard-national-championships--2001,halfpipe,womens,,,open,women,,3,Mercedes Nicoll,CAN,,,https://www.fis-ski.com/DB/general/results.html?sectorcode=SB&raceid=1784,verified,wave2-canada,live-source
canada-snowboard-national-championships--2001,parallel-giant-slalom,mens,,,open,men,,1,Jerome Sylvestre,CAN,,,https://www.fis-ski.com/DB/general/results.html?sectorcode=SB&raceid=1782,verified,wave2-canada,live-source
canada-snowboard-national-championships--2001,parallel-giant-slalom,mens,,,open,men,,2,Darren Chalmers,CAN,,,https://www.fis-ski.com/DB/general/results.html?sectorcode=SB&raceid=1782,verified,wave2-canada,live-source
canada-snowboard-national-championships--2001,parallel-giant-slalom,mens,,,open,men,,3,David Vaughan,CAN,,,https://www.fis-ski.com/DB/general/results.html?sectorcode=SB&raceid=1782,verified,wave2-canada,live-source
canada-snowboard-national-championships--2001,parallel-giant-slalom,womens,,,open,women,,1,Sarah Plummer,CAN,,,https://www.fis-ski.com/DB/general/results.html?sectorcode=SB&raceid=1781,verified,wave2-canada,live-source
canada-snowboard-national-championships--2001,parallel-giant-slalom,womens,,,open,women,,2,Miho Hasegawa,JPN,,,https://www.fis-ski.com/DB/general/results.html?sectorcode=SB&raceid=1781,verified,wave2-canada,live-source
canada-snowboard-national-championships--2001,parallel-giant-slalom,womens,,,open,women,,3,Lynn Ott,USA,,,https://www.fis-ski.com/DB/general/results.html?sectorcode=SB&raceid=1781,verified,wave2-canada,live-source
canada-snowboard-national-championships--2002,boardercross,mens,,,open,men,,1,Robert Fagan,CAN,,,https://www.fis-ski.com/DB/general/results.html?sectorcode=SB&raceid=2050,verified,wave2-canada,live-source
canada-snowboard-national-championships--2002,boardercross,mens,,,open,men,,2,Tom Velisek,CAN,,,https://www.fis-ski.com/DB/general/results.html?sectorcode=SB&raceid=2050,verified,wave2-canada,live-source
canada-snowboard-national-championships--2002,boardercross,mens,,,open,men,,3,Brody Petersen,CAN,,,https://www.fis-ski.com/DB/general/results.html?sectorcode=SB&raceid=2050,verified,wave2-canada,live-source
canada-snowboard-national-championships--2002,boardercross,womens,,,open,women,,1,Mayumi Fukuda,CAN,,,https://www.fis-ski.com/DB/general/results.html?sectorcode=SB&raceid=2051,verified,wave2-canada,live-source
canada-snowboard-national-championships--2002,boardercross,womens,,,open,women,,2,Zoe Gillings,GBR,,,https://www.fis-ski.com/DB/general/results.html?sectorcode=SB&raceid=2051,verified,wave2-canada,live-source
canada-snowboard-national-championships--2002,boardercross,womens,,,open,women,,3,Carlee Baker,CAN,,,https://www.fis-ski.com/DB/general/results.html?sectorcode=SB&raceid=2051,verified,wave2-canada,live-source
canada-snowboard-national-championships--2002,halfpipe,mens,,,open,men,,1,Hugo Lemay,CAN,,,https://www.fis-ski.com/DB/general/results.html?sectorcode=SB&raceid=2046,verified,wave2-canada,live-source
canada-snowboard-national-championships--2002,halfpipe,mens,,,open,men,,2,Jesse Kumlea,CAN,,,https://www.fis-ski.com/DB/general/results.html?sectorcode=SB&raceid=2046,verified,wave2-canada,live-source
canada-snowboard-national-championships--2002,halfpipe,mens,,,open,men,,3,Dylan Gilmore,CAN,,,https://www.fis-ski.com/DB/general/results.html?sectorcode=SB&raceid=2046,verified,wave2-canada,live-source
canada-snowboard-national-championships--2002,halfpipe,womens,,,open,women,,1,Maelle Ricker,CAN,,,https://www.fis-ski.com/DB/general/results.html?sectorcode=SB&raceid=2047,verified,wave2-canada,live-source
canada-snowboard-national-championships--2002,halfpipe,womens,,,open,women,,2,Mercedes Nicoll,CAN,,,https://www.fis-ski.com/DB/general/results.html?sectorcode=SB&raceid=2047,verified,wave2-canada,live-source
canada-snowboard-national-championships--2002,halfpipe,womens,,,open,women,,3,Lori Glazier,CAN,,,https://www.fis-ski.com/DB/general/results.html?sectorcode=SB&raceid=2047,verified,wave2-canada,live-source
canada-snowboard-national-championships--2003,boardercross,mens,,,open,men,,1,Carl Cowtan,CAN,,,https://www.fis-ski.com/DB/general/results.html?sectorcode=SB&raceid=3233,verified,wave2-canada,live-source
canada-snowboard-national-championships--2003,boardercross,mens,,,open,men,,2,Kevin Allen,CAN,,,https://www.fis-ski.com/DB/general/results.html?sectorcode=SB&raceid=3233,verified,wave2-canada,live-source
canada-snowboard-national-championships--2003,boardercross,mens,,,open,men,,3,Crispin Lipscomb,CAN,,,https://www.fis-ski.com/DB/general/results.html?sectorcode=SB&raceid=3233,verified,wave2-canada,live-source
canada-snowboard-national-championships--2003,boardercross,womens,,,open,women,,1,Dominique Maltais,CAN,,,https://www.fis-ski.com/DB/general/results.html?sectorcode=SB&raceid=3232,verified,wave2-canada,live-source
canada-snowboard-national-championships--2003,boardercross,womens,,,open,women,,2,Alison Clark,CAN,,,https://www.fis-ski.com/DB/general/results.html?sectorcode=SB&raceid=3232,verified,wave2-canada,live-source
canada-snowboard-national-championships--2003,boardercross,womens,,,open,women,,3,Cori Olafson,CAN,,,https://www.fis-ski.com/DB/general/results.html?sectorcode=SB&raceid=3232,verified,wave2-canada,live-source
canada-snowboard-national-championships--2003,halfpipe,mens,,,open,men,,1,Brett Carpentier,CAN,,,https://www.fis-ski.com/DB/general/results.html?sectorcode=SB&raceid=3229,verified,wave2-canada,live-source
canada-snowboard-national-championships--2003,halfpipe,mens,,,open,men,,2,Guillaume Morisset,CAN,,,https://www.fis-ski.com/DB/general/results.html?sectorcode=SB&raceid=3229,verified,wave2-canada,live-source
canada-snowboard-national-championships--2003,halfpipe,mens,,,open,men,,3,Brad Martin,CAN,,,https://www.fis-ski.com/DB/general/results.html?sectorcode=SB&raceid=3229,verified,wave2-canada,live-source
canada-snowboard-national-championships--2003,halfpipe,womens,,,open,women,,1,Maelle Ricker,CAN,,,https://www.fis-ski.com/DB/general/results.html?sectorcode=SB&raceid=3228,verified,wave2-canada,live-source
canada-snowboard-national-championships--2003,halfpipe,womens,,,open,women,,2,Natasza Zurek,CAN,,,https://www.fis-ski.com/DB/general/results.html?sectorcode=SB&raceid=3228,verified,wave2-canada,live-source
canada-snowboard-national-championships--2003,halfpipe,womens,,,open,women,,3,Mercedes Nicoll,CAN,,,https://www.fis-ski.com/DB/general/results.html?sectorcode=SB&raceid=3228,verified,wave2-canada,live-source
canada-snowboard-national-championships--2005,halfpipe,mens,,,open,men,,1,Crispin Lipscomb,CAN,,,https://www.fis-ski.com/DB/general/results.html?sectorcode=SB&raceid=4938,likely,wave2-canada,live-source
canada-snowboard-national-championships--2005,halfpipe,mens,,,open,men,,2,Dan Raymond,CAN,,,https://www.fis-ski.com/DB/general/results.html?sectorcode=SB&raceid=4938,likely,wave2-canada,live-source
canada-snowboard-national-championships--2005,halfpipe,mens,,,open,men,,3,Guillaume Morisset,CAN,,,https://www.fis-ski.com/DB/general/results.html?sectorcode=SB&raceid=4938,likely,wave2-canada,live-source
canada-snowboard-national-championships--2017-a,big-air,mens,,,open,men,,1,Carter Jarvis,CAN,,,https://www.canadasnowboard.ca/en/blog/?id=1180,verified,wave2-canada,live-source
canada-snowboard-national-championships--2017-a,big-air,mens,,,open,men,,2,John MacDougall,CAN,,,https://www.canadasnowboard.ca/en/blog/?id=1180,verified,wave2-canada,live-source
canada-snowboard-national-championships--2017-a,big-air,mens,,,open,men,,3,Keassy Patenaude,CAN,,,https://www.canadasnowboard.ca/en/blog/?id=1180,verified,wave2-canada,live-source
canada-snowboard-national-championships--2017-a,big-air,womens,,,open,women,,1,Samm Denena,CAN,,,https://www.canadasnowboard.ca/en/blog/?id=1180,verified,wave2-canada,live-source
canada-snowboard-national-championships--2017-a,big-air,womens,,,open,women,,2,Jasmine Baird,CAN,,,https://www.canadasnowboard.ca/en/blog/?id=1180,verified,wave2-canada,live-source
canada-snowboard-national-championships--2017-a,big-air,womens,,,open,women,,3,Marguerite Sweeney,CAN,,,https://www.canadasnowboard.ca/en/blog/?id=1180,verified,wave2-canada,live-source
canada-snowboard-national-championships--2017-a,halfpipe,mens,,,open,men,,1,Derek Livingston,CAN,,,https://www.canadasnowboard.ca/en/blog/?id=1180,verified,wave2-canada,live-source
canada-snowboard-national-championships--2017-a,halfpipe,mens,,,open,men,,2,Braeden Adams,CAN,,,https://www.canadasnowboard.ca/en/blog/?id=1180,verified,wave2-canada,live-source
canada-snowboard-national-championships--2017-a,halfpipe,mens,,,open,men,,3,Shawn Fair,CAN,,,https://www.canadasnowboard.ca/en/blog/?id=1180,verified,wave2-canada,live-source
canada-snowboard-national-championships--2017-a,halfpipe,womens,,,open,women,,1,Katie Tsuyuki,CAN,,,https://www.canadasnowboard.ca/en/blog/?id=1180,verified,wave2-canada,live-source
canada-snowboard-national-championships--2017-a,halfpipe,womens,,,open,women,,2,Mercedes Nicoll,CAN,,,https://www.canadasnowboard.ca/en/blog/?id=1180,verified,wave2-canada,live-source
canada-snowboard-national-championships--2017-a,halfpipe,womens,,,open,women,,3,Calynn Irwin,CAN,,,https://www.canadasnowboard.ca/en/blog/?id=1180,verified,wave2-canada,live-source
canada-snowboard-national-championships--2017-a,slopestyle,mens,,,open,men,,1,Carter Jarvis,CAN,,,https://www.canadasnowboard.ca/en/blog/?id=1180,verified,wave2-canada,live-source
canada-snowboard-national-championships--2017-a,slopestyle,mens,,,open,men,,2,William Izzard,CAN,,,https://www.canadasnowboard.ca/en/blog/?id=1180,verified,wave2-canada,live-source
canada-snowboard-national-championships--2017-a,slopestyle,mens,,,open,men,,3,Joshua Reeves,CAN,,,https://www.canadasnowboard.ca/en/blog/?id=1180,verified,wave2-canada,live-source
canada-snowboard-national-championships--2017-a,slopestyle,womens,,,open,women,,1,Baily McDonald,CAN,,,https://www.canadasnowboard.ca/en/blog/?id=1180,verified,wave2-canada,live-source
canada-snowboard-national-championships--2017-a,slopestyle,womens,,,open,women,,2,Marguerite Sweeney,CAN,,,https://www.canadasnowboard.ca/en/blog/?id=1180,verified,wave2-canada,live-source
canada-snowboard-national-championships--2017-a,slopestyle,womens,,,open,women,,3,Jasmine Baird,CAN,,,https://www.canadasnowboard.ca/en/blog/?id=1180,verified,wave2-canada,live-source
canada-snowboard-national-championships--2017-b,boardercross,mens,,,open,men,,1,Chris Robanske,CAN,,,https://www.canadasnowboard.ca/en/news/?id=1191,verified,wave2-canada,live-source
canada-snowboard-national-championships--2017-b,boardercross,mens,,,open,men,,2,Kevin Hill,CAN,,,https://www.canadasnowboard.ca/en/news/?id=1191,verified,wave2-canada,live-source
canada-snowboard-national-championships--2017-b,boardercross,womens,,,open,women,,1,Audrey McManiman,CAN,,,https://www.canadasnowboard.ca/en/news/?id=1191,verified,wave2-canada,live-source
canada-snowboard-national-championships--2017-b,boardercross,womens,,,open,women,,2,Carle Brenneman,CAN,,,https://www.canadasnowboard.ca/en/news/?id=1191,verified,wave2-canada,live-source
canada-snowboard-national-championships--2017-b,boardercross,womens,,,open,women,,3,Tess Critchlow,CAN,,,https://www.canadasnowboard.ca/en/news/?id=1191,verified,wave2-canada,live-source
canada-snowboard-national-championships--2017-b,parallel-giant-slalom,mens,,,open,men,,1,Sebastien Beaulieu,CAN,,,https://www.canadasnowboard.ca/en/news/?id=1191,verified,wave2-canada,live-source
canada-snowboard-national-championships--2017-b,parallel-giant-slalom,mens,,,open,men,,2,Jasey Jay Anderson,CAN,,,https://www.canadasnowboard.ca/en/news/?id=1191,verified,wave2-canada,live-source
canada-snowboard-national-championships--2017-b,parallel-giant-slalom,womens,,,open,women,,1,Katrina Gerencser,CAN,,,https://www.canadasnowboard.ca/en/news/?id=1191,verified,wave2-canada,live-source
canada-snowboard-national-championships--2018-a,big-air,mens,,,open,men,,1,Francis Jobin,CAN,,,https://www.canadasnowboard.ca/en/blog/?id=1245,verified,wave2-canada,live-source
canada-snowboard-national-championships--2018-a,big-air,mens,,,open,men,,2,Jack MacDougall,CAN,,,https://www.canadasnowboard.ca/en/blog/?id=1245,verified,wave2-canada,live-source
canada-snowboard-national-championships--2018-a,big-air,mens,,,open,men,,3,Nicolas Laframboise,CAN,,,https://www.canadasnowboard.ca/en/blog/?id=1245,verified,wave2-canada,live-source
canada-snowboard-national-championships--2018-a,big-air,womens,,,open,women,,1,Sommer Gendron,CAN,,,https://www.canadasnowboard.ca/en/blog/?id=1245,verified,wave2-canada,live-source
canada-snowboard-national-championships--2018-a,big-air,womens,,,open,women,,2,Jasmine Baird,CAN,,,https://www.canadasnowboard.ca/en/blog/?id=1245,verified,wave2-canada,live-source
canada-snowboard-national-championships--2018-a,big-air,womens,,,open,women,,3,Jackie Carlson,CAN,,,https://www.canadasnowboard.ca/en/blog/?id=1245,verified,wave2-canada,live-source
canada-snowboard-national-championships--2018-a,halfpipe,mens,,,open,men,,1,Shawn Fair,CAN,,,https://www.canadasnowboard.ca/en/blog/?id=1245,verified,wave2-canada,live-source
canada-snowboard-national-championships--2018-a,halfpipe,mens,,,open,men,,2,Jason Wolle,CAN,,,https://www.canadasnowboard.ca/en/blog/?id=1245,verified,wave2-canada,live-source
canada-snowboard-national-championships--2018-a,halfpipe,mens,,,open,men,,3,Jack Collins,CAN,,,https://www.canadasnowboard.ca/en/blog/?id=1245,verified,wave2-canada,live-source
canada-snowboard-national-championships--2018-a,halfpipe,womens,,,open,women,,1,Calynn Irwin,CAN,,,https://www.canadasnowboard.ca/en/blog/?id=1245,verified,wave2-canada,live-source
canada-snowboard-national-championships--2018-a,halfpipe,womens,,,open,women,,2,Becca Ballantyne,CAN,,,https://www.canadasnowboard.ca/en/blog/?id=1245,verified,wave2-canada,live-source
canada-snowboard-national-championships--2018-a,halfpipe,womens,,,open,women,,3,Taylor Obregon,CAN,,,https://www.canadasnowboard.ca/en/blog/?id=1245,verified,wave2-canada,live-source
canada-snowboard-national-championships--2018-a,slopestyle,mens,,,open,men,,1,Will Buffey,CAN,,,https://www.canadasnowboard.ca/en/blog/?id=1245,verified,wave2-canada,live-source
canada-snowboard-national-championships--2018-a,slopestyle,mens,,,open,men,,2,Liam Brearley,CAN,,,https://www.canadasnowboard.ca/en/blog/?id=1245,verified,wave2-canada,live-source
canada-snowboard-national-championships--2018-a,slopestyle,mens,,,open,men,,3,Gabriel Gosselin,CAN,,,https://www.canadasnowboard.ca/en/blog/?id=1245,verified,wave2-canada,live-source
canada-snowboard-national-championships--2018-a,slopestyle,womens,,,open,women,,1,Jasmine Baird,CAN,,,https://www.canadasnowboard.ca/en/blog/?id=1245,verified,wave2-canada,live-source
canada-snowboard-national-championships--2018-a,slopestyle,womens,,,open,women,,2,Sommer Gendron,CAN,,,https://www.canadasnowboard.ca/en/blog/?id=1245,verified,wave2-canada,live-source
canada-snowboard-national-championships--2018-a,slopestyle,womens,,,open,women,,3,Baily McDonald,CAN,,,https://www.canadasnowboard.ca/en/blog/?id=1245,verified,wave2-canada,live-source
canada-snowboard-national-championships--2018-c,boardercross,mens,,,open,men,,1,Eliot Grondin,CAN,,,https://www.canadasnowboard.ca/en/blog/?id=1245,verified,wave2-canada,live-source
canada-snowboard-national-championships--2018-c,boardercross,mens,,,open,men,,2,Kevin Hill,CAN,,,https://www.canadasnowboard.ca/en/blog/?id=1245,verified,wave2-canada,live-source
canada-snowboard-national-championships--2018-c,boardercross,womens,,,open,women,,1,Tess Critchlow,CAN,,,https://www.canadasnowboard.ca/en/blog/?id=1245,verified,wave2-canada,live-source
canada-snowboard-national-championships--2018-c,boardercross,womens,,,open,women,,2,Katie Anderson,CAN,,,https://www.canadasnowboard.ca/en/blog/?id=1245,verified,wave2-canada,live-source
canada-snowboard-national-championships--2019-a,big-air,mens,,,open,men,,1,Nic Laframboise,CAN,,,https://www.canadasnowboard.ca/en/news/?id=1282,verified,wave2-canada,live-source
canada-snowboard-national-championships--2019-a,big-air,mens,,,open,men,,2,Will Buffey,CAN,,,https://www.canadasnowboard.ca/en/news/?id=1282,verified,wave2-canada,live-source
canada-snowboard-national-championships--2019-a,big-air,mens,,,open,men,,3,Jack MacDougall,CAN,,,https://www.canadasnowboard.ca/en/news/?id=1282,verified,wave2-canada,live-source
canada-snowboard-national-championships--2019-a,big-air,womens,,,open,women,,1,Jasmine Baird,CAN,,,https://www.canadasnowboard.ca/en/news/?id=1282,verified,wave2-canada,live-source
canada-snowboard-national-championships--2019-a,big-air,womens,,,open,women,,2,Baily McDonald,CAN,,,https://www.canadasnowboard.ca/en/news/?id=1282,verified,wave2-canada,live-source
canada-snowboard-national-championships--2019-a,big-air,womens,,,open,women,,3,Marguerite Sweeney,CAN,,,https://www.canadasnowboard.ca/en/news/?id=1282,verified,wave2-canada,live-source
canada-snowboard-national-championships--2019-a,halfpipe,mens,,,open,men,,1,Shawn Fair,CAN,,,https://www.canadasnowboard.ca/en/news/?id=1282,verified,wave2-canada,live-source
canada-snowboard-national-championships--2019-a,halfpipe,mens,,,open,men,,2,Kiran Pershad,CAN,,,https://www.canadasnowboard.ca/en/news/?id=1282,verified,wave2-canada,live-source
canada-snowboard-national-championships--2019-a,halfpipe,mens,,,open,men,,3,Jack Collins,CAN,,,https://www.canadasnowboard.ca/en/news/?id=1282,verified,wave2-canada,live-source
canada-snowboard-national-championships--2019-a,halfpipe,womens,,,open,women,,1,Brooke D'hondt,CAN,,,https://www.canadasnowboard.ca/en/news/?id=1282,verified,wave2-canada,live-source
canada-snowboard-national-championships--2019-a,halfpipe,womens,,,open,women,,2,Na-Yoon Lee,KOR,,,https://www.canadasnowboard.ca/en/news/?id=1282,verified,wave2-canada,live-source
canada-snowboard-national-championships--2019-a,halfpipe,womens,,,open,women,,3,Kamilla Kozuback,CAN,,,https://www.canadasnowboard.ca/en/news/?id=1282,verified,wave2-canada,live-source
canada-snowboard-national-championships--2019-a,slopestyle,mens,,,open,men,,1,Nic Laframboise,CAN,,,https://www.canadasnowboard.ca/en/news/?id=1282,verified,wave2-canada,live-source
canada-snowboard-national-championships--2019-a,slopestyle,mens,,,open,men,,2,Jack MacDougall,CAN,,,https://www.canadasnowboard.ca/en/news/?id=1282,verified,wave2-canada,live-source
canada-snowboard-national-championships--2019-a,slopestyle,mens,,,open,men,,3,Finn Finestone,CAN,,,https://www.canadasnowboard.ca/en/news/?id=1282,verified,wave2-canada,live-source
canada-snowboard-national-championships--2019-a,slopestyle,womens,,,open,women,,1,Jasmine Baird,CAN,,,https://www.canadasnowboard.ca/en/news/?id=1282,verified,wave2-canada,live-source
canada-snowboard-national-championships--2019-a,slopestyle,womens,,,open,women,,2,Sommer Gendron,CAN,,,https://www.canadasnowboard.ca/en/news/?id=1282,verified,wave2-canada,live-source
canada-snowboard-national-championships--2019-a,slopestyle,womens,,,open,women,,3,Jackie Carlson,CAN,,,https://www.canadasnowboard.ca/en/news/?id=1282,verified,wave2-canada,live-source
canada-snowboard-national-championships--2019-c,boardercross,mens,,,open,men,,1,Danny Bourgeois,CAN,,,https://www.canadasnowboard.ca/en/news/?id=1285,verified,wave2-canada,live-source
canada-snowboard-national-championships--2019-c,boardercross,mens,,,open,men,,2,Liam Moffatt,CAN,,,https://www.canadasnowboard.ca/en/news/?id=1285,verified,wave2-canada,live-source
canada-snowboard-national-championships--2019-c,boardercross,mens,,,open,men,,3,Graham Colby,CAN,,,https://www.canadasnowboard.ca/en/news/?id=1285,verified,wave2-canada,live-source
canada-snowboard-national-championships--2019-c,boardercross,womens,,,open,women,,1,Tess Critchlow,CAN,,,https://www.canadasnowboard.ca/en/news/?id=1285,verified,wave2-canada,live-source
canada-snowboard-national-championships--2019-c,boardercross,womens,,,open,women,,2,Livia Moldyh,USA,,,https://www.canadasnowboard.ca/en/news/?id=1285,verified,wave2-canada,live-source
canada-snowboard-national-championships--2019-c,boardercross,womens,,,open,women,,3,Josie Baff,AUS,,,https://www.canadasnowboard.ca/en/news/?id=1285,verified,wave2-canada,live-source
dirksen-derby--2014,banked-slalom,groms,Groms,,grom,unspecified,,1,Wyatt Foley,,58.18,,https://thesnowboardersjournal.com/blogs/curated-content/chasing-friends-and-chasing-fun-the-8th-annual-dirksen-derby-at-mt-bachelor,verified,wave2-baker-grassroots,live-source
dirksen-derby--2014,banked-slalom,groms,Groms,,grom,unspecified,,2,Parker Giblin,,67.70,,https://thesnowboardersjournal.com/blogs/curated-content/chasing-friends-and-chasing-fun-the-8th-annual-dirksen-derby-at-mt-bachelor,verified,wave2-baker-grassroots,live-source
dirksen-derby--2014,banked-slalom,groms,Groms,,grom,unspecified,,3,Max Jones,,69.36,,https://thesnowboardersjournal.com/blogs/curated-content/chasing-friends-and-chasing-fun-the-8th-annual-dirksen-derby-at-mt-bachelor,verified,wave2-baker-grassroots,live-source
dirksen-derby--2014,banked-slalom,masters,Gentlemen's Snowboard (35-49),,masters,men,,1,Kris Melton,,61.27,,https://thesnowboardersjournal.com/blogs/curated-content/chasing-friends-and-chasing-fun-the-8th-annual-dirksen-derby-at-mt-bachelor,verified,wave2-baker-grassroots,live-source
dirksen-derby--2014,banked-slalom,masters,Older & Wiser (Ages 50+),ages 50+,masters,unspecified,,1,Matt Gadow,,73.44,,https://thesnowboardersjournal.com/blogs/curated-content/chasing-friends-and-chasing-fun-the-8th-annual-dirksen-derby-at-mt-bachelor,verified,wave2-baker-grassroots,live-source
dirksen-derby--2014,banked-slalom,masters,Gentlemen's Snowboard (35-49),,masters,men,,2,Greg Goulet,,61.40,,https://thesnowboardersjournal.com/blogs/curated-content/chasing-friends-and-chasing-fun-the-8th-annual-dirksen-derby-at-mt-bachelor,verified,wave2-baker-grassroots,live-source
dirksen-derby--2014,banked-slalom,masters,Older & Wiser (Ages 50+),ages 50+,masters,unspecified,,2,Gerry Lopez,,77.30,,https://thesnowboardersjournal.com/blogs/curated-content/chasing-friends-and-chasing-fun-the-8th-annual-dirksen-derby-at-mt-bachelor,verified,wave2-baker-grassroots,live-source
dirksen-derby--2014,banked-slalom,masters,Gentlemen's Snowboard (35-49),,masters,men,,3,Ami Voutilainen,,61.48,,https://thesnowboardersjournal.com/blogs/curated-content/chasing-friends-and-chasing-fun-the-8th-annual-dirksen-derby-at-mt-bachelor,verified,wave2-baker-grassroots,live-source
dirksen-derby--2014,banked-slalom,masters,Older & Wiser (Ages 50+),ages 50+,masters,unspecified,,3,Michael Schubert,,81.14,,https://thesnowboardersjournal.com/blogs/curated-content/chasing-friends-and-chasing-fun-the-8th-annual-dirksen-derby-at-mt-bachelor,verified,wave2-baker-grassroots,live-source
dirksen-derby--2014,banked-slalom,mens,Men's Snowboard (13-34),,open,men,,1,Spencer Cordovano,,59.06,,https://thesnowboardersjournal.com/blogs/curated-content/chasing-friends-and-chasing-fun-the-8th-annual-dirksen-derby-at-mt-bachelor,verified,wave2-baker-grassroots,live-source
dirksen-derby--2014,banked-slalom,mens,Men's Snowboard (13-34),,open,men,,2,JD Dennis,,59.63,,https://thesnowboardersjournal.com/blogs/curated-content/chasing-friends-and-chasing-fun-the-8th-annual-dirksen-derby-at-mt-bachelor,verified,wave2-baker-grassroots,live-source
dirksen-derby--2014,banked-slalom,mens,Men's Snowboard (13-34),,open,men,,3,Shane Chappell,,59.82,,https://thesnowboardersjournal.com/blogs/curated-content/chasing-friends-and-chasing-fun-the-8th-annual-dirksen-derby-at-mt-bachelor,verified,wave2-baker-grassroots,live-source
dirksen-derby--2014,banked-slalom,open,Sit-Ski,,para,mixed,,1,Ravi Drugan,,77.95,,https://thesnowboardersjournal.com/blogs/curated-content/chasing-friends-and-chasing-fun-the-8th-annual-dirksen-derby-at-mt-bachelor,verified,wave2-baker-grassroots,live-source
dirksen-derby--2014,banked-slalom,open,Sit-Ski,,para,mixed,,2,Hiromi Tatumi,,80.34,,https://thesnowboardersjournal.com/blogs/curated-content/chasing-friends-and-chasing-fun-the-8th-annual-dirksen-derby-at-mt-bachelor,verified,wave2-baker-grassroots,live-source
dirksen-derby--2014,banked-slalom,open,Sit-Ski,,para,mixed,,3,Gabe Rousseau,,90.82,,https://thesnowboardersjournal.com/blogs/curated-content/chasing-friends-and-chasing-fun-the-8th-annual-dirksen-derby-at-mt-bachelor,verified,wave2-baker-grassroots,live-source
dirksen-derby--2014,banked-slalom,pro,Men's Elites,,pro,men,,1,Harry Kearney,,54.21,,https://thesnowboardersjournal.com/blogs/curated-content/chasing-friends-and-chasing-fun-the-8th-annual-dirksen-derby-at-mt-bachelor,verified,wave2-baker-grassroots,live-source
dirksen-derby--2014,banked-slalom,pro,Women's Elites,,pro,women,,1,Desiree Melancon,,63.07,,https://thesnowboardersjournal.com/blogs/curated-content/chasing-friends-and-chasing-fun-the-8th-annual-dirksen-derby-at-mt-bachelor,verified,wave2-baker-grassroots,live-source
dirksen-derby--2014,banked-slalom,pro,Men's Elites,,pro,men,,2,Austin Smith,,56.90,,https://thesnowboardersjournal.com/blogs/curated-content/chasing-friends-and-chasing-fun-the-8th-annual-dirksen-derby-at-mt-bachelor,verified,wave2-baker-grassroots,live-source
dirksen-derby--2014,banked-slalom,pro,Women's Elites,,pro,women,,2,Colleen Quigley,,63.93,,https://thesnowboardersjournal.com/blogs/curated-content/chasing-friends-and-chasing-fun-the-8th-annual-dirksen-derby-at-mt-bachelor,verified,wave2-baker-grassroots,live-source
dirksen-derby--2014,banked-slalom,pro,Men's Elites,,pro,men,,3,Alex Deibold,,57.00,,https://thesnowboardersjournal.com/blogs/curated-content/chasing-friends-and-chasing-fun-the-8th-annual-dirksen-derby-at-mt-bachelor,verified,wave2-baker-grassroots,live-source
dirksen-derby--2014,banked-slalom,pro,Women's Elites,,pro,women,,3,Stephanie Haines,,63.97,,https://thesnowboardersjournal.com/blogs/curated-content/chasing-friends-and-chasing-fun-the-8th-annual-dirksen-derby-at-mt-bachelor,verified,wave2-baker-grassroots,live-source
dirksen-derby--2014,banked-slalom,womens,Women's Snowboard (14-49),,open,women,,1,Brynn Hayes,,67.65,,https://thesnowboardersjournal.com/blogs/curated-content/chasing-friends-and-chasing-fun-the-8th-annual-dirksen-derby-at-mt-bachelor,verified,wave2-baker-grassroots,live-source
dirksen-derby--2014,banked-slalom,womens,Women's Snowboard (14-49),,open,women,,2,Caley Vanular,,68.59,,https://thesnowboardersjournal.com/blogs/curated-content/chasing-friends-and-chasing-fun-the-8th-annual-dirksen-derby-at-mt-bachelor,verified,wave2-baker-grassroots,live-source
dirksen-derby--2014,banked-slalom,womens,Women's Snowboard (14-49),,open,women,,3,Devyn Schnake,,70.34,,https://thesnowboardersjournal.com/blogs/curated-content/chasing-friends-and-chasing-fun-the-8th-annual-dirksen-derby-at-mt-bachelor,verified,wave2-baker-grassroots,live-source
dirksen-derby--2014,other,open,Men's Splitboard,,open,men,,1,Persing Reid,,14:00,,https://thesnowboardersjournal.com/blogs/curated-content/chasing-friends-and-chasing-fun-the-8th-annual-dirksen-derby-at-mt-bachelor,verified,wave2-baker-grassroots,live-source
dirksen-derby--2014,other,open,Women's Splitboard,,open,women,,1,Maria Debari,,17:35,,https://thesnowboardersjournal.com/blogs/curated-content/chasing-friends-and-chasing-fun-the-8th-annual-dirksen-derby-at-mt-bachelor,verified,wave2-baker-grassroots,live-source
dirksen-derby--2014,other,open,Men's Splitboard,,open,men,,2,Ryland Bell,,14:01,,https://thesnowboardersjournal.com/blogs/curated-content/chasing-friends-and-chasing-fun-the-8th-annual-dirksen-derby-at-mt-bachelor,verified,wave2-baker-grassroots,live-source
dirksen-derby--2014,other,open,Women's Splitboard,,open,women,,2,Allison Lightcap,,19:36,,https://thesnowboardersjournal.com/blogs/curated-content/chasing-friends-and-chasing-fun-the-8th-annual-dirksen-derby-at-mt-bachelor,verified,wave2-baker-grassroots,live-source
dirksen-derby--2014,other,open,Men's Splitboard,,open,men,,3,Adam Haynes,,14:22,,https://thesnowboardersjournal.com/blogs/curated-content/chasing-friends-and-chasing-fun-the-8th-annual-dirksen-derby-at-mt-bachelor,verified,wave2-baker-grassroots,live-source
dirksen-derby--2014,other,open,Women's Splitboard,,open,women,,3,Khai Bhagwandin,,20:40,,https://thesnowboardersjournal.com/blogs/curated-content/chasing-friends-and-chasing-fun-the-8th-annual-dirksen-derby-at-mt-bachelor,verified,wave2-baker-grassroots,live-source
dirksen-derby--2015,banked-slalom,mens,Men,,open,men,,1,Martin Ciszek,,,,https://www.snowboarder.com/featured/eero-niemela-wins-the-9th-annual-dirksen-derby-at-mt-bachelor-oregon/,verified,wave2-baker-grassroots,live-source
dirksen-derby--2015,banked-slalom,mens,Men,,open,men,,2,Logan Beaulieu,,,,https://www.snowboarder.com/featured/eero-niemela-wins-the-9th-annual-dirksen-derby-at-mt-bachelor-oregon/,verified,wave2-baker-grassroots,live-source
dirksen-derby--2015,banked-slalom,mens,Men,,open,men,,3,Chris Luzier,,,,https://www.snowboarder.com/featured/eero-niemela-wins-the-9th-annual-dirksen-derby-at-mt-bachelor-oregon/,verified,wave2-baker-grassroots,live-source
dirksen-derby--2015,banked-slalom,open,Sit-Ski,,para,mixed,,1,Hiromi Tatumi,,,,https://www.snowboarder.com/featured/eero-niemela-wins-the-9th-annual-dirksen-derby-at-mt-bachelor-oregon/,verified,wave2-baker-grassroots,live-source
dirksen-derby--2015,banked-slalom,open,Sit-Ski,,para,mixed,,2,Ravi Drugan,,,,https://www.snowboarder.com/featured/eero-niemela-wins-the-9th-annual-dirksen-derby-at-mt-bachelor-oregon/,verified,wave2-baker-grassroots,live-source
dirksen-derby--2015,banked-slalom,open,Sit-Ski,,para,mixed,,3,Gabe Rousseau,,,,https://www.snowboarder.com/featured/eero-niemela-wins-the-9th-annual-dirksen-derby-at-mt-bachelor-oregon/,verified,wave2-baker-grassroots,live-source
dirksen-derby--2015,banked-slalom,pro,Elite Men,,pro,men,,1,Eero Niemela,,,,https://www.snowboarder.com/featured/eero-niemela-wins-the-9th-annual-dirksen-derby-at-mt-bachelor-oregon/,verified,wave2-baker-grassroots,live-source
dirksen-derby--2015,banked-slalom,pro,Elite Women,,pro,women,,1,Colleen Quigley,,,,https://www.snowboarder.com/featured/eero-niemela-wins-the-9th-annual-dirksen-derby-at-mt-bachelor-oregon/,verified,wave2-baker-grassroots,live-source
dirksen-derby--2015,banked-slalom,pro,Elite Men,,pro,men,,2,Harry Kearney,,,,https://www.snowboarder.com/featured/eero-niemela-wins-the-9th-annual-dirksen-derby-at-mt-bachelor-oregon/,verified,wave2-baker-grassroots,live-source
dirksen-derby--2015,banked-slalom,pro,Elite Women,,pro,women,,2,Yoko Nakamura,,,,https://www.snowboarder.com/featured/eero-niemela-wins-the-9th-annual-dirksen-derby-at-mt-bachelor-oregon/,verified,wave2-baker-grassroots,live-source
dirksen-derby--2015,banked-slalom,pro,Elite Men,,pro,men,,3,Austen Sweetin,,,,https://www.snowboarder.com/featured/eero-niemela-wins-the-9th-annual-dirksen-derby-at-mt-bachelor-oregon/,verified,wave2-baker-grassroots,live-source
dirksen-derby--2015,banked-slalom,pro,Elite Women,,pro,women,,3,Maria Debari,,,,https://www.snowboarder.com/featured/eero-niemela-wins-the-9th-annual-dirksen-derby-at-mt-bachelor-oregon/,verified,wave2-baker-grassroots,live-source
dirksen-derby--2015,banked-slalom,womens,Women,,open,women,,1,Devyn Schnake,,,,https://www.snowboarder.com/featured/eero-niemela-wins-the-9th-annual-dirksen-derby-at-mt-bachelor-oregon/,verified,wave2-baker-grassroots,live-source
dirksen-derby--2015,banked-slalom,womens,Women,,open,women,,2,Tracy Faux,,,,https://www.snowboarder.com/featured/eero-niemela-wins-the-9th-annual-dirksen-derby-at-mt-bachelor-oregon/,verified,wave2-baker-grassroots,live-source
dirksen-derby--2015,banked-slalom,womens,Women,,open,women,,3,Isabella Gomez,,,,https://www.snowboarder.com/featured/eero-niemela-wins-the-9th-annual-dirksen-derby-at-mt-bachelor-oregon/,verified,wave2-baker-grassroots,live-source
dirksen-derby--2017-b,banked-slalom,open,Sit Ski,,open,mixed,,1,Ravi Drugan,,,,https://snowboardmag.com/stories/the-dirksen-derby-10-racing-for-a-cause,verified,wave2-baker-grassroots,live-source
dirksen-derby--2017-b,banked-slalom,open,Sit Ski,,open,mixed,,2,Hiromi Tatumi,,,,https://snowboardmag.com/stories/the-dirksen-derby-10-racing-for-a-cause,verified,wave2-baker-grassroots,live-source
dirksen-derby--2017-b,banked-slalom,open,Sit Ski,,open,mixed,,3,Gabe Rousseau,,,,https://snowboardmag.com/stories/the-dirksen-derby-10-racing-for-a-cause,verified,wave2-baker-grassroots,live-source
dirksen-derby--2017-b,banked-slalom,pro,Elite Men,,pro,men,,1,Phil Jacques,,,,https://snowboardmag.com/stories/the-dirksen-derby-10-racing-for-a-cause,verified,wave2-baker-grassroots,live-source
dirksen-derby--2017-b,banked-slalom,pro,Elite Women,,pro,women,,1,Marie-France Roy,,,,https://snowboardmag.com/stories/the-dirksen-derby-10-racing-for-a-cause,verified,wave2-baker-grassroots,live-source
dirksen-derby--2017-b,banked-slalom,pro,Elite Men,,pro,men,,2,Harry Kearney,,,,https://snowboardmag.com/stories/the-dirksen-derby-10-racing-for-a-cause,verified,wave2-baker-grassroots,live-source
dirksen-derby--2017-b,banked-slalom,pro,Elite Women,,pro,women,,2,Danielle Steinhoff,,,,https://snowboardmag.com/stories/the-dirksen-derby-10-racing-for-a-cause,verified,wave2-baker-grassroots,live-source
dirksen-derby--2017-b,banked-slalom,pro,Elite Men,,pro,men,,3,Jared Elston,,,,https://snowboardmag.com/stories/the-dirksen-derby-10-racing-for-a-cause,verified,wave2-baker-grassroots,live-source
dirksen-derby--2017-b,banked-slalom,pro,Elite Women,,pro,women,,3,Isabella Gomez,,,,https://snowboardmag.com/stories/the-dirksen-derby-10-racing-for-a-cause,verified,wave2-baker-grassroots,live-source
fis-snowboard-junior-world-championships--2021,big-air,mens,,,open,men,,1,HASEGAWA Taiga,JPN,173.25,,https://www.fis-ski.com/DB/general/results.html?sectorcode=SB&raceid=18227,verified,wave2-fis-worlds,live-source
fis-snowboard-junior-world-championships--2021,big-air,mens,,,open,men,,2,BREU Moritz,GER,167.25,,https://www.fis-ski.com/DB/general/results.html?sectorcode=SB&raceid=18227,verified,wave2-fis-worlds,live-source
fis-snowboard-junior-world-championships--2021,big-air,mens,,,open,men,,3,TARAKANOV Igor,RUS,155.00,,https://www.fis-ski.com/DB/general/results.html?sectorcode=SB&raceid=18227,verified,wave2-fis-worlds,live-source
fis-snowboard-junior-world-championships--2021,big-air,womens,,,open,women,,1,MURASE Yura,JPN,169.75,,https://www.fis-ski.com/DB/general/results.html?sectorcode=SB&raceid=18226,verified,wave2-fis-worlds,live-source
fis-snowboard-junior-world-championships--2021,big-air,womens,,,open,women,,2,EDAMATSU Chihiro,JPN,162.00,,https://www.fis-ski.com/DB/general/results.html?sectorcode=SB&raceid=18226,verified,wave2-fis-worlds,live-source
fis-snowboard-junior-world-championships--2021,big-air,womens,,,open,women,,3,POPPE Evy,BEL,158.00,,https://www.fis-ski.com/DB/general/results.html?sectorcode=SB&raceid=18226,verified,wave2-fis-worlds,live-source
fis-snowboard-junior-world-championships--2021,boardercross,mens,,,open,men,,1,GRONDIN Eliot,CAN,,,https://www.fis-ski.com/DB/general/results.html?sectorcode=SB&raceid=18231,verified,wave2-fis-worlds,live-source
fis-snowboard-junior-world-championships--2021,boardercross,mens,,,open,men,,2,POWONDRA Felix,AUT,,,https://www.fis-ski.com/DB/general/results.html?sectorcode=SB&raceid=18231,verified,wave2-fis-worlds,live-source
fis-snowboard-junior-world-championships--2021,boardercross,mens,,,open,men,,3,ROMERO Alvaro,ESP,,,https://www.fis-ski.com/DB/general/results.html?sectorcode=SB&raceid=18231,verified,wave2-fis-worlds,live-source
fis-snowboard-junior-world-championships--2021,boardercross,womens,,,open,women,,1,STRNADOVA Sara,CZE,,,https://www.fis-ski.com/DB/general/results.html?sectorcode=SB&raceid=18230,verified,wave2-fis-worlds,live-source
fis-snowboard-junior-world-championships--2021,boardercross,womens,,,open,women,,2,HERPIN Margaux,FRA,,,https://www.fis-ski.com/DB/general/results.html?sectorcode=SB&raceid=18230,verified,wave2-fis-worlds,live-source
fis-snowboard-junior-world-championships--2021,boardercross,womens,,,open,women,,3,GALLER Anna-Maria,AUT,,,https://www.fis-ski.com/DB/general/results.html?sectorcode=SB&raceid=18230,verified,wave2-fis-worlds,live-source
fis-snowboard-junior-world-championships--2021,halfpipe,mens,,,open,men,,1,NAKAGAWA Kaishu,JPN,94.50,,https://www.fis-ski.com/DB/general/results.html?sectorcode=SB&raceid=18229,verified,wave2-fis-worlds,live-source
fis-snowboard-junior-world-championships--2021,halfpipe,mens,,,open,men,,2,HASLER Jonas,SUI,93.75,,https://www.fis-ski.com/DB/general/results.html?sectorcode=SB&raceid=18229,verified,wave2-fis-worlds,live-source
fis-snowboard-junior-world-championships--2021,halfpipe,mens,,,open,men,,3,LEE Chaeun,KOR,86.75,,https://www.fis-ski.com/DB/general/results.html?sectorcode=SB&raceid=18229,verified,wave2-fis-worlds,live-source
fis-snowboard-junior-world-championships--2021,halfpipe,womens,,,open,women,,1,KAJI Manon,JPN,96.25,,https://www.fis-ski.com/DB/general/results.html?sectorcode=SB&raceid=18228,verified,wave2-fis-worlds,live-source
fis-snowboard-junior-world-championships--2021,halfpipe,womens,,,open,women,,2,LOETSCHER Isabelle,SUI,83.25,,https://www.fis-ski.com/DB/general/results.html?sectorcode=SB&raceid=18228,verified,wave2-fis-worlds,live-source
fis-snowboard-junior-world-championships--2021,halfpipe,womens,,,open,women,,3,SCHUETZ Elena,SUI,79.75,,https://www.fis-ski.com/DB/general/results.html?sectorcode=SB&raceid=18228,verified,wave2-fis-worlds,live-source
fis-snowboard-junior-world-championships--2021,parallel-giant-slalom,mens,,,open,men,"Parallel Giant Slalom (Lachtal, 20 Dec 2020)",1,LOGINOV Dmitry,RUS,,,https://www.fis-ski.com/DB/general/results.html?sectorcode=SB&raceid=18216,verified,wave2-fis-worlds,live-source
fis-snowboard-junior-world-championships--2021,parallel-giant-slalom,mens,,,open,men,"Parallel Giant Slalom (Krasnoyarsk, 25 Mar 2021)",1,STEPANKO Iaroslav,RUS,,,https://www.fis-ski.com/DB/general/results.html?sectorcode=SB&raceid=18234,verified,wave2-fis-worlds,live-source
fis-snowboard-junior-world-championships--2021,parallel-giant-slalom,mens,,,open,men,"Parallel Giant Slalom (Lachtal, 20 Dec 2020)",2,PRANTL Ole-Mikkel,GER,,,https://www.fis-ski.com/DB/general/results.html?sectorcode=SB&raceid=18216,verified,wave2-fis-worlds,live-source
fis-snowboard-junior-world-championships--2021,parallel-giant-slalom,mens,,,open,men,"Parallel Giant Slalom (Krasnoyarsk, 25 Mar 2021)",2,PRANTL Ole-Mikkel,GER,,,https://www.fis-ski.com/DB/general/results.html?sectorcode=SB&raceid=18234,verified,wave2-fis-worlds,live-source
fis-snowboard-junior-world-championships--2021,parallel-giant-slalom,mens,,,open,men,"Parallel Giant Slalom (Lachtal, 20 Dec 2020)",3,GAUDET Arnaud,CAN,,,https://www.fis-ski.com/DB/general/results.html?sectorcode=SB&raceid=18216,verified,wave2-fis-worlds,live-source
fis-snowboard-junior-world-championships--2021,parallel-giant-slalom,mens,,,open,men,"Parallel Giant Slalom (Krasnoyarsk, 25 Mar 2021)",3,MARTYNOV Vsevolod,RUS,,,https://www.fis-ski.com/DB/general/results.html?sectorcode=SB&raceid=18234,verified,wave2-fis-worlds,live-source
fis-snowboard-junior-world-championships--2021,parallel-giant-slalom,womens,,,open,women,"Parallel Giant Slalom (Lachtal, 20 Dec 2020)",1,NADYRSHINA Sofia,RUS,,,https://www.fis-ski.com/DB/general/results.html?sectorcode=SB&raceid=18215,verified,wave2-fis-worlds,live-source
fis-snowboard-junior-world-championships--2021,parallel-giant-slalom,womens,,,open,women,"Parallel Giant Slalom (Krasnoyarsk, 25 Mar 2021)",1,NADYRSHINA Sofia,RUS,,,https://www.fis-ski.com/DB/general/results.html?sectorcode=SB&raceid=18233,verified,wave2-fis-worlds,live-source
fis-snowboard-junior-world-championships--2021,parallel-giant-slalom,womens,,,open,women,"Parallel Giant Slalom (Lachtal, 20 Dec 2020)",2,MIKI Tsubaki,JPN,,,https://www.fis-ski.com/DB/general/results.html?sectorcode=SB&raceid=18215,verified,wave2-fis-worlds,live-source
fis-snowboard-junior-world-championships--2021,parallel-giant-slalom,womens,,,open,women,"Parallel Giant Slalom (Krasnoyarsk, 25 Mar 2021)",2,MIKI Tsubaki,JPN,,,https://www.fis-ski.com/DB/general/results.html?sectorcode=SB&raceid=18233,verified,wave2-fis-worlds,live-source
fis-snowboard-junior-world-championships--2021,parallel-giant-slalom,womens,,,open,women,"Parallel Giant Slalom (Lachtal, 20 Dec 2020)",3,PUKHOVA Victoria,RUS,,,https://www.fis-ski.com/DB/general/results.html?sectorcode=SB&raceid=18215,verified,wave2-fis-worlds,live-source
fis-snowboard-junior-world-championships--2021,parallel-giant-slalom,womens,,,open,women,"Parallel Giant Slalom (Krasnoyarsk, 25 Mar 2021)",3,VOLGINA Maria,RUS,,,https://www.fis-ski.com/DB/general/results.html?sectorcode=SB&raceid=18233,verified,wave2-fis-worlds,live-source
fis-snowboard-junior-world-championships--2021,parallel-slalom,mens,,,open,men,"Parallel Slalom (Lachtal, 19 Dec 2020)",1,LOGINOV Dmitry,RUS,,,https://www.fis-ski.com/DB/general/results.html?sectorcode=SB&raceid=18218,verified,wave2-fis-worlds,live-source
fis-snowboard-junior-world-championships--2021,parallel-slalom,mens,,,open,men,"Parallel Slalom (Krasnoyarsk, 26 Mar 2021)",1,MARTYNOV Vsevolod,RUS,,,https://www.fis-ski.com/DB/general/results.html?sectorcode=SB&raceid=18236,verified,wave2-fis-worlds,live-source
fis-snowboard-junior-world-championships--2021,parallel-slalom,mens,,,open,men,"Parallel Slalom (Lachtal, 19 Dec 2020)",2,WINTERS Cody,USA,,,https://www.fis-ski.com/DB/general/results.html?sectorcode=SB&raceid=18218,verified,wave2-fis-worlds,live-source
fis-snowboard-junior-world-championships--2021,parallel-slalom,mens,,,open,men,"Parallel Slalom (Krasnoyarsk, 26 Mar 2021)",2,STEPANKO Iaroslav,RUS,,,https://www.fis-ski.com/DB/general/results.html?sectorcode=SB&raceid=18236,verified,wave2-fis-worlds,live-source
fis-snowboard-junior-world-championships--2021,parallel-slalom,mens,,,open,men,"Parallel Slalom (Lachtal, 19 Dec 2020)",3,CASANOVA Gian,SUI,,,https://www.fis-ski.com/DB/general/results.html?sectorcode=SB&raceid=18218,verified,wave2-fis-worlds,live-source
fis-snowboard-junior-world-championships--2021,parallel-slalom,mens,,,open,men,"Parallel Slalom (Krasnoyarsk, 26 Mar 2021)",3,PNEV Vladimir,RUS,,,https://www.fis-ski.com/DB/general/results.html?sectorcode=SB&raceid=18236,verified,wave2-fis-worlds,live-source
fis-snowboard-junior-world-championships--2021,parallel-slalom,womens,,,open,women,"Parallel Slalom (Lachtal, 19 Dec 2020)",1,NADYRSHINA Sofia,RUS,,,https://www.fis-ski.com/DB/general/results.html?sectorcode=SB&raceid=18217,verified,wave2-fis-worlds,live-source
fis-snowboard-junior-world-championships--2021,parallel-slalom,womens,,,open,women,"Parallel Slalom (Krasnoyarsk, 26 Mar 2021)",1,NADYRSHINA Sofia,RUS,,,https://www.fis-ski.com/DB/general/results.html?sectorcode=SB&raceid=18235,verified,wave2-fis-worlds,live-source
fis-snowboard-junior-world-championships--2021,parallel-slalom,womens,,,open,women,"Parallel Slalom (Lachtal, 19 Dec 2020)",2,MIKI Tsubaki,JPN,,,https://www.fis-ski.com/DB/general/results.html?sectorcode=SB&raceid=18217,verified,wave2-fis-worlds,live-source
fis-snowboard-junior-world-championships--2021,parallel-slalom,womens,,,open,women,"Parallel Slalom (Krasnoyarsk, 26 Mar 2021)",2,VOLGINA Maria,RUS,,,https://www.fis-ski.com/DB/general/results.html?sectorcode=SB&raceid=18235,verified,wave2-fis-worlds,live-source
fis-snowboard-junior-world-championships--2021,parallel-slalom,womens,,,open,women,"Parallel Slalom (Lachtal, 19 Dec 2020)",3,BUCK Kaylie,CAN,,,https://www.fis-ski.com/DB/general/results.html?sectorcode=SB&raceid=18217,verified,wave2-fis-worlds,live-source
fis-snowboard-junior-world-championships--2021,parallel-slalom,womens,,,open,women,"Parallel Slalom (Krasnoyarsk, 26 Mar 2021)",3,BAETSCHI Flurina Neva,SUI,,,https://www.fis-ski.com/DB/general/results.html?sectorcode=SB&raceid=18235,verified,wave2-fis-worlds,live-source
fis-snowboard-junior-world-championships--2021,slopestyle,mens,,,open,men,,1,WATANABE Rikuto,JPN,92.75,,https://www.fis-ski.com/DB/general/results.html?sectorcode=SB&raceid=18223,verified,wave2-fis-worlds,live-source
fis-snowboard-junior-world-championships--2021,slopestyle,mens,,,open,men,,2,KAWAKAMI Aoto,JPN,89.00,,https://www.fis-ski.com/DB/general/results.html?sectorcode=SB&raceid=18223,verified,wave2-fis-worlds,live-source
fis-snowboard-junior-world-championships--2021,slopestyle,mens,,,open,men,,3,VERMAAT Sam,NED,86.50,,https://www.fis-ski.com/DB/general/results.html?sectorcode=SB&raceid=18223,verified,wave2-fis-worlds,live-source
fis-snowboard-junior-world-championships--2021,slopestyle,womens,,,open,women,,1,POPPE Evy,BEL,88.75,,https://www.fis-ski.com/DB/general/results.html?sectorcode=SB&raceid=18222,verified,wave2-fis-worlds,live-source
fis-snowboard-junior-world-championships--2021,slopestyle,womens,,,open,women,,2,MURASE Yura,JPN,87.00,,https://www.fis-ski.com/DB/general/results.html?sectorcode=SB&raceid=18222,verified,wave2-fis-worlds,live-source
fis-snowboard-junior-world-championships--2021,slopestyle,womens,,,open,women,,3,SARKIPAJU Telma,FIN,85.00,,https://www.fis-ski.com/DB/general/results.html?sectorcode=SB&raceid=18222,verified,wave2-fis-worlds,live-source
fis-snowboard-junior-world-championships--2021,team,open,,,open,mixed,"Parallel Team (Lachtal, 21 Dec 2020)",1,RUSSIA 1,RUS,,,https://www.fis-ski.com/DB/general/results.html?sectorcode=SB&raceid=18219,verified,wave2-fis-worlds,live-source
fis-snowboard-junior-world-championships--2021,team,open,,,open,mixed,Snowboard Cross Team,1,AUSTRIA 1 (POWONDRA Felix / GALLER Anna-Maria),AUT,,,https://www.fis-ski.com/DB/general/results.html?sectorcode=SB&raceid=18232,verified,wave2-fis-worlds,live-source
fis-snowboard-junior-world-championships--2021,team,open,,,open,mixed,"Parallel Team (Lachtal, 21 Dec 2020)",2,JAPAN 1,JPN,,,https://www.fis-ski.com/DB/general/results.html?sectorcode=SB&raceid=18219,verified,wave2-fis-worlds,live-source
fis-snowboard-junior-world-championships--2021,team,open,,,open,mixed,Snowboard Cross Team,2,FRANCE 1 (HERPIN Guillaume / HERPIN Margaux),FRA,,,https://www.fis-ski.com/DB/general/results.html?sectorcode=SB&raceid=18232,verified,wave2-fis-worlds,live-source
fis-snowboard-junior-world-championships--2021,team,open,,,open,mixed,"Parallel Team (Lachtal, 21 Dec 2020)",3,RUSSIA 3,RUS,,,https://www.fis-ski.com/DB/general/results.html?sectorcode=SB&raceid=18219,verified,wave2-fis-worlds,live-source
fis-snowboard-junior-world-championships--2021,team,open,,,open,mixed,Snowboard Cross Team,3,CZECH REPUBLIC 1 (TATARKO Bruno / STRNADOVA Sara),CZE,,,https://www.fis-ski.com/DB/general/results.html?sectorcode=SB&raceid=18232,verified,wave2-fis-worlds,live-source
fis-snowboard-junior-world-championships--2022,big-air,mens,,,open,men,,1,DOVJAK Eric,AUT,,,https://www.fis-ski.com/DB/general/results.html?sectorcode=SB&raceid=18969,verified,wave2-fis-worlds,live-source
fis-snowboard-junior-world-championships--2022,big-air,mens,,,open,men,,2,HASEGAWA Taiga,JPN,,,https://www.fis-ski.com/DB/general/results.html?sectorcode=SB&raceid=18969,verified,wave2-fis-worlds,live-source
fis-snowboard-junior-world-championships--2022,big-air,mens,,,open,men,,3,LEE Chaeun,KOR,,,https://www.fis-ski.com/DB/general/results.html?sectorcode=SB&raceid=18969,verified,wave2-fis-worlds,live-source
fis-snowboard-junior-world-championships--2022,big-air,womens,,,open,women,,1,BROOKES Mia,GBR,,,https://www.fis-ski.com/DB/general/results.html?sectorcode=SB&raceid=18968,verified,wave2-fis-worlds,live-source
fis-snowboard-junior-world-championships--2022,big-air,womens,,,open,women,,2,EDAMATSU Chihiro,JPN,,,https://www.fis-ski.com/DB/general/results.html?sectorcode=SB&raceid=18968,verified,wave2-fis-worlds,live-source
fis-snowboard-junior-world-championships--2022,big-air,womens,,,open,women,,3,PEPERKAMP Melissa,NED,,,https://www.fis-ski.com/DB/general/results.html?sectorcode=SB&raceid=18968,verified,wave2-fis-worlds,live-source
fis-snowboard-junior-world-championships--2022,boardercross,mens,,,open,men,,1,ULBRICHT Leon,GER,,,https://www.fis-ski.com/DB/general/results.html?sectorcode=SB&raceid=18872,verified,wave2-fis-worlds,live-source
fis-snowboard-junior-world-championships--2022,boardercross,mens,,,open,men,,2,COLTURI Niccolo,ITA,,,https://www.fis-ski.com/DB/general/results.html?sectorcode=SB&raceid=18872,verified,wave2-fis-worlds,live-source
fis-snowboard-junior-world-championships--2022,boardercross,mens,,,open,men,,3,CONRADT Niels,GER,,,https://www.fis-ski.com/DB/general/results.html?sectorcode=SB&raceid=18872,verified,wave2-fis-worlds,live-source
fis-snowboard-junior-world-championships--2022,boardercross,womens,,,open,women,,1,COLOMBIER Zoe,FRA,,,https://www.fis-ski.com/DB/general/results.html?sectorcode=SB&raceid=18871,verified,wave2-fis-worlds,live-source
fis-snowboard-junior-world-championships--2022,boardercross,womens,,,open,women,,2,SCHNORRBUSCH Brianna,USA,,,https://www.fis-ski.com/DB/general/results.html?sectorcode=SB&raceid=18871,verified,wave2-fis-worlds,live-source
fis-snowboard-junior-world-championships--2022,boardercross,womens,,,open,women,,3,VALENTIN Anna,FRA,,,https://www.fis-ski.com/DB/general/results.html?sectorcode=SB&raceid=18871,verified,wave2-fis-worlds,live-source
fis-snowboard-junior-world-championships--2022,halfpipe,mens,,,open,men,,1,LEE Chaeun,KOR,,,https://www.fis-ski.com/DB/general/results.html?sectorcode=SB&raceid=18965,verified,wave2-fis-worlds,live-source
fis-snowboard-junior-world-championships--2022,halfpipe,mens,,,open,men,,2,SHIGENO Shuichiro,JPN,,,https://www.fis-ski.com/DB/general/results.html?sectorcode=SB&raceid=18965,verified,wave2-fis-worlds,live-source
fis-snowboard-junior-world-championships--2022,halfpipe,mens,,,open,men,,3,HASLER Jonas,SUI,,,https://www.fis-ski.com/DB/general/results.html?sectorcode=SB&raceid=18965,verified,wave2-fis-worlds,live-source
fis-snowboard-junior-world-championships--2022,halfpipe,womens,,,open,women,,1,CHOI Gaon,KOR,,,https://www.fis-ski.com/DB/general/results.html?sectorcode=SB&raceid=18964,verified,wave2-fis-worlds,live-source
fis-snowboard-junior-world-championships--2022,halfpipe,womens,,,open,women,,2,KIM Bea,USA,,,https://www.fis-ski.com/DB/general/results.html?sectorcode=SB&raceid=18964,verified,wave2-fis-worlds,live-source
fis-snowboard-junior-world-championships--2022,halfpipe,womens,,,open,women,,3,DHONDT Brooke,CAN,,,https://www.fis-ski.com/DB/general/results.html?sectorcode=SB&raceid=18964,verified,wave2-fis-worlds,live-source
fis-snowboard-junior-world-championships--2022,parallel-giant-slalom,mens,,,open,men,,1,HELDMAN Ben,CAN,,,https://www.fis-ski.com/DB/general/results.html?sectorcode=SB&raceid=18867,verified,wave2-fis-worlds,live-source
fis-snowboard-junior-world-championships--2022,parallel-giant-slalom,mens,,,open,men,,2,KUEHNHAUSER Max,GER,,,https://www.fis-ski.com/DB/general/results.html?sectorcode=SB&raceid=18867,verified,wave2-fis-worlds,live-source
fis-snowboard-junior-world-championships--2022,parallel-giant-slalom,mens,,,open,men,,3,MA Junho,KOR,,,https://www.fis-ski.com/DB/general/results.html?sectorcode=SB&raceid=18867,verified,wave2-fis-worlds,live-source
fis-snowboard-junior-world-championships--2022,parallel-giant-slalom,womens,,,open,women,,1,MIKI Tsubaki,JPN,,,https://www.fis-ski.com/DB/general/results.html?sectorcode=SB&raceid=18866,verified,wave2-fis-worlds,live-source
fis-snowboard-junior-world-championships--2022,parallel-giant-slalom,womens,,,open,women,,2,JANG Seo Hee,KOR,,,https://www.fis-ski.com/DB/general/results.html?sectorcode=SB&raceid=18866,verified,wave2-fis-worlds,live-source
fis-snowboard-junior-world-championships--2022,parallel-giant-slalom,womens,,,open,women,,3,BAETSCHI Flurina Neva,SUI,,,https://www.fis-ski.com/DB/general/results.html?sectorcode=SB&raceid=18866,verified,wave2-fis-worlds,live-source
fis-snowboard-junior-world-championships--2022,parallel-slalom,mens,,,open,men,,1,HELDMAN Ben,CAN,,,https://www.fis-ski.com/DB/general/results.html?sectorcode=SB&raceid=18869,verified,wave2-fis-worlds,live-source
fis-snowboard-junior-world-championships--2022,parallel-slalom,mens,,,open,men,,2,LANTSCHNER Fabian,ITA,,,https://www.fis-ski.com/DB/general/results.html?sectorcode=SB&raceid=18869,verified,wave2-fis-worlds,live-source
fis-snowboard-junior-world-championships--2022,parallel-slalom,mens,,,open,men,,3,ZAMFIROV Tervel,BUL,,,https://www.fis-ski.com/DB/general/results.html?sectorcode=SB&raceid=18869,verified,wave2-fis-worlds,live-source
fis-snowboard-junior-world-championships--2022,parallel-slalom,womens,,,open,women,,1,MIKI Tsubaki,JPN,,,https://www.fis-ski.com/DB/general/results.html?sectorcode=SB&raceid=18868,verified,wave2-fis-worlds,live-source
fis-snowboard-junior-world-championships--2022,parallel-slalom,womens,,,open,women,,2,PFLUM Iris,USA,,,https://www.fis-ski.com/DB/general/results.html?sectorcode=SB&raceid=18868,verified,wave2-fis-worlds,live-source
fis-snowboard-junior-world-championships--2022,parallel-slalom,womens,,,open,women,,3,SCHOEFFMANN Pia,AUT,,,https://www.fis-ski.com/DB/general/results.html?sectorcode=SB&raceid=18868,verified,wave2-fis-worlds,live-source
fis-snowboard-junior-world-championships--2022,slopestyle,mens,,,open,men,,1,SPALDING Cameron,CAN,,,https://www.fis-ski.com/DB/general/results.html?sectorcode=SB&raceid=18973,verified,wave2-fis-worlds,live-source
fis-snowboard-junior-world-championships--2022,slopestyle,mens,,,open,men,,2,MELVILLE IVES Campbell,NZL,,,https://www.fis-ski.com/DB/general/results.html?sectorcode=SB&raceid=18973,verified,wave2-fis-worlds,live-source
fis-snowboard-junior-world-championships--2022,slopestyle,mens,,,open,men,,3,BULLOCK-WOMBLE Fynn,USA,,,https://www.fis-ski.com/DB/general/results.html?sectorcode=SB&raceid=18973,verified,wave2-fis-worlds,live-source
fis-snowboard-junior-world-championships--2022,slopestyle,womens,,,open,women,,1,MURASE Yura,JPN,,,https://www.fis-ski.com/DB/general/results.html?sectorcode=SB&raceid=18972,verified,wave2-fis-worlds,live-source
fis-snowboard-junior-world-championships--2022,slopestyle,womens,,,open,women,,2,BROOKES Mia,GBR,,,https://www.fis-ski.com/DB/general/results.html?sectorcode=SB&raceid=18972,verified,wave2-fis-worlds,live-source
fis-snowboard-junior-world-championships--2022,slopestyle,womens,,,open,women,,3,EDAMATSU Chihiro,JPN,,,https://www.fis-ski.com/DB/general/results.html?sectorcode=SB&raceid=18972,verified,wave2-fis-worlds,live-source
fis-snowboard-junior-world-championships--2022,team,open,,,open,mixed,Parallel Team,1,JAPAN,JPN,,,https://www.fis-ski.com/DB/general/results.html?sectorcode=SB&raceid=18870,verified,wave2-fis-worlds,live-source
fis-snowboard-junior-world-championships--2022,team,open,,,open,mixed,Parallel Team,2,ITALY 1,ITA,,,https://www.fis-ski.com/DB/general/results.html?sectorcode=SB&raceid=18870,verified,wave2-fis-worlds,live-source
fis-snowboard-junior-world-championships--2022,team,open,,,open,mixed,Parallel Team,3,GERMANY 1,GER,,,https://www.fis-ski.com/DB/general/results.html?sectorcode=SB&raceid=18870,verified,wave2-fis-worlds,live-source
fis-snowboard-junior-world-championships--2023,big-air,mens,,,open,men,,1,HASEGAWA Taiga,JPN,184.25,,https://www.fis-ski.com/DB/general/results.html?sectorcode=SB&raceid=20878,verified,wave2-fis-worlds,live-source
fis-snowboard-junior-world-championships--2023,big-air,mens,,,open,men,,2,JAMIESON Rocco,NZL,162.00,,https://www.fis-ski.com/DB/general/results.html?sectorcode=SB&raceid=20878,verified,wave2-fis-worlds,live-source
fis-snowboard-junior-world-championships--2023,big-air,mens,,,open,men,,3,MATTEOLI Ian,ITA,157.00,,https://www.fis-ski.com/DB/general/results.html?sectorcode=SB&raceid=20878,verified,wave2-fis-worlds,live-source
fis-snowboard-junior-world-championships--2023,big-air,womens,,,open,women,,1,MAHEUX Emeraude,CAN,169.00,,https://www.fis-ski.com/DB/general/results.html?sectorcode=SB&raceid=20877,verified,wave2-fis-worlds,live-source
fis-snowboard-junior-world-championships--2023,big-air,womens,,,open,women,,2,YU Seoung Eun,KOR,156.50,,https://www.fis-ski.com/DB/general/results.html?sectorcode=SB&raceid=20877,verified,wave2-fis-worlds,live-source
fis-snowboard-junior-world-championships--2023,big-air,womens,,,open,women,,3,MORII Kiara,JPN,150.00,,https://www.fis-ski.com/DB/general/results.html?sectorcode=SB&raceid=20877,verified,wave2-fis-worlds,live-source
fis-snowboard-junior-world-championships--2023,boardercross,mens,,,open,men,,1,ROMERO Alvaro,ESP,,,https://www.fis-ski.com/DB/general/results.html?sectorcode=SB&raceid=20663,verified,wave2-fis-worlds,live-source
fis-snowboard-junior-world-championships--2023,boardercross,mens,,,open,men,,2,CHOLLET Aidan,FRA,,,https://www.fis-ski.com/DB/general/results.html?sectorcode=SB&raceid=20663,verified,wave2-fis-worlds,live-source
fis-snowboard-junior-world-championships--2023,boardercross,mens,,,open,men,,3,LELEU Achille,FRA,,,https://www.fis-ski.com/DB/general/results.html?sectorcode=SB&raceid=20663,verified,wave2-fis-worlds,live-source
fis-snowboard-junior-world-championships--2023,boardercross,womens,,,open,women,,1,CASTA Lea,FRA,,,https://www.fis-ski.com/DB/general/results.html?sectorcode=SB&raceid=20662,verified,wave2-fis-worlds,live-source
fis-snowboard-junior-world-championships--2023,boardercross,womens,,,open,women,,2,BAFF Josie,AUS,,,https://www.fis-ski.com/DB/general/results.html?sectorcode=SB&raceid=20662,verified,wave2-fis-worlds,live-source
fis-snowboard-junior-world-championships--2023,boardercross,womens,,,open,women,,3,TRINKL Celia,GER,,,https://www.fis-ski.com/DB/general/results.html?sectorcode=SB&raceid=20662,verified,wave2-fis-worlds,live-source
fis-snowboard-junior-world-championships--2023,parallel-giant-slalom,mens,,,open,men,,1,ZAMFIROV Tervel,BUL,,,https://www.fis-ski.com/DB/general/results.html?sectorcode=SB&raceid=20365,verified,wave2-fis-worlds,live-source
fis-snowboard-junior-world-championships--2023,parallel-giant-slalom,mens,,,open,men,,2,KRASHNIAK Alexander,BUL,,,https://www.fis-ski.com/DB/general/results.html?sectorcode=SB&raceid=20365,verified,wave2-fis-worlds,live-source
fis-snowboard-junior-world-championships--2023,parallel-giant-slalom,mens,,,open,men,,3,KUEHNHAUSER Max,GER,,,https://www.fis-ski.com/DB/general/results.html?sectorcode=SB&raceid=20365,verified,wave2-fis-worlds,live-source
fis-snowboard-junior-world-championships--2023,parallel-giant-slalom,womens,,,open,women,,1,MIKI Tsubaki,JPN,,,https://www.fis-ski.com/DB/general/results.html?sectorcode=SB&raceid=20364,verified,wave2-fis-worlds,live-source
fis-snowboard-junior-world-championships--2023,parallel-giant-slalom,womens,,,open,women,,2,PFLUM Iris,USA,,,https://www.fis-ski.com/DB/general/results.html?sectorcode=SB&raceid=20364,verified,wave2-fis-worlds,live-source
fis-snowboard-junior-world-championships--2023,parallel-giant-slalom,womens,,,open,women,,3,JANSING Salome,GER,,,https://www.fis-ski.com/DB/general/results.html?sectorcode=SB&raceid=20364,verified,wave2-fis-worlds,live-source
fis-snowboard-junior-world-championships--2023,parallel-slalom,mens,,,open,men,,1,GERGYOVSKI Petar,BUL,,,https://www.fis-ski.com/DB/general/results.html?sectorcode=SB&raceid=20367,verified,wave2-fis-worlds,live-source
fis-snowboard-junior-world-championships--2023,parallel-slalom,mens,,,open,men,,2,KRASHNIAK Alexander,BUL,,,https://www.fis-ski.com/DB/general/results.html?sectorcode=SB&raceid=20367,verified,wave2-fis-worlds,live-source
fis-snowboard-junior-world-championships--2023,parallel-slalom,mens,,,open,men,,3,PIETSCH Werner,AUT,,,https://www.fis-ski.com/DB/general/results.html?sectorcode=SB&raceid=20367,verified,wave2-fis-worlds,live-source
fis-snowboard-junior-world-championships--2023,parallel-slalom,womens,,,open,women,,1,VON SIEBENTHAL Xenia,SUI,,,https://www.fis-ski.com/DB/general/results.html?sectorcode=SB&raceid=20366,verified,wave2-fis-worlds,live-source
fis-snowboard-junior-world-championships--2023,parallel-slalom,womens,,,open,women,,2,PFLUM Iris,USA,,,https://www.fis-ski.com/DB/general/results.html?sectorcode=SB&raceid=20366,verified,wave2-fis-worlds,live-source
fis-snowboard-junior-world-championships--2023,parallel-slalom,womens,,,open,women,,3,MADEROVA Zuzana,CZE,,,https://www.fis-ski.com/DB/general/results.html?sectorcode=SB&raceid=20366,verified,wave2-fis-worlds,live-source
fis-snowboard-junior-world-championships--2023,slopestyle,mens,,,open,men,,1,HASEGAWA Taiga,JPN,90.25,,https://www.fis-ski.com/DB/general/results.html?sectorcode=SB&raceid=20876,verified,wave2-fis-worlds,live-source
fis-snowboard-junior-world-championships--2023,slopestyle,mens,,,open,men,,2,SPALDING Cameron,CAN,87.25,,https://www.fis-ski.com/DB/general/results.html?sectorcode=SB&raceid=20876,verified,wave2-fis-worlds,live-source
fis-snowboard-junior-world-championships--2023,slopestyle,mens,,,open,men,,3,MIYAMURA Yuto,JPN,84.75,,https://www.fis-ski.com/DB/general/results.html?sectorcode=SB&raceid=20876,verified,wave2-fis-worlds,live-source
fis-snowboard-junior-world-championships--2023,slopestyle,womens,,,open,women,,1,GEORGALLI Lucia,NZL,91.00,,https://www.fis-ski.com/DB/general/results.html?sectorcode=SB&raceid=20875,verified,wave2-fis-worlds,live-source
fis-snowboard-junior-world-championships--2023,slopestyle,womens,,,open,women,,2,PIANTANIDA CHIESA Fanny,ITA,77.25,,https://www.fis-ski.com/DB/general/results.html?sectorcode=SB&raceid=20875,verified,wave2-fis-worlds,live-source
fis-snowboard-junior-world-championships--2023,slopestyle,womens,,,open,women,,3,HICKMAN Ally,AUS,66.50,,https://www.fis-ski.com/DB/general/results.html?sectorcode=SB&raceid=20875,verified,wave2-fis-worlds,live-source
fis-snowboard-junior-world-championships--2023,team,open,,,open,mixed,Parallel Team,1,GERMANY 1 (KUEHNHAUSER Max / JANSING Salome),GER,,,https://www.fis-ski.com/DB/general/results.html?sectorcode=SB&raceid=20368,verified,wave2-fis-worlds,live-source
fis-snowboard-junior-world-championships--2023,team,open,,,open,mixed,Snowboard Cross Team,1,AUSTRALIA 1 (JOHNSTONE James / BAFF Josie),AUS,,,https://www.fis-ski.com/DB/general/results.html?sectorcode=SB&raceid=20664,verified,wave2-fis-worlds,live-source
fis-snowboard-junior-world-championships--2023,team,open,,,open,mixed,Parallel Team,2,SWITZERLAND 1 (MEISSER Nicola / BAETSCHI Flurina Neva),SUI,,,https://www.fis-ski.com/DB/general/results.html?sectorcode=SB&raceid=20368,verified,wave2-fis-worlds,live-source
fis-snowboard-junior-world-championships--2023,team,open,,,open,mixed,Snowboard Cross Team,2,FRANCE 2 (LELEU Achille / POULAT Camille),FRA,,,https://www.fis-ski.com/DB/general/results.html?sectorcode=SB&raceid=20664,verified,wave2-fis-worlds,live-source
fis-snowboard-junior-world-championships--2023,team,open,,,open,mixed,Parallel Team,3,CZECHIA 1 (MINARIK Krystof / MADEROVA Zuzana),CZE,,,https://www.fis-ski.com/DB/general/results.html?sectorcode=SB&raceid=20368,verified,wave2-fis-worlds,live-source
fis-snowboard-junior-world-championships--2023,team,open,,,open,mixed,Snowboard Cross Team,3,FRANCE 1 (CHOLLET Aidan / CASTA Lea),FRA,,,https://www.fis-ski.com/DB/general/results.html?sectorcode=SB&raceid=20664,verified,wave2-fis-worlds,live-source
fis-snowboard-junior-world-championships--2024,big-air,mens,,,open,men,,1,MAZET BROWN Txema,NZL,95.00,,https://www.fis-ski.com/DB/general/results.html?sectorcode=SB&raceid=22272,verified,wave2-fis-worlds,live-source
fis-snowboard-junior-world-championships--2024,big-air,mens,,,open,men,,2,LEHNER Elias Lionel,SUI,94.33,,https://www.fis-ski.com/DB/general/results.html?sectorcode=SB&raceid=22272,verified,wave2-fis-worlds,live-source
fis-snowboard-junior-world-championships--2024,big-air,mens,,,open,men,,3,BOUCHARD Eli,CAN,91.66,,https://www.fis-ski.com/DB/general/results.html?sectorcode=SB&raceid=22272,verified,wave2-fis-worlds,live-source
fis-snowboard-junior-world-championships--2024,big-air,womens,,,open,women,,1,FLYNN Rebecca,USA,92.66,,https://www.fis-ski.com/DB/general/results.html?sectorcode=SB&raceid=22271,verified,wave2-fis-worlds,live-source
fis-snowboard-junior-world-championships--2024,big-air,womens,,,open,women,,2,SUZUKI Momo,JPN,90.66,,https://www.fis-ski.com/DB/general/results.html?sectorcode=SB&raceid=22271,verified,wave2-fis-worlds,live-source
fis-snowboard-junior-world-championships--2024,big-air,womens,,,open,women,,3,ROTHNEY Emily,GBR,88.66,,https://www.fis-ski.com/DB/general/results.html?sectorcode=SB&raceid=22271,verified,wave2-fis-worlds,live-source
fis-snowboard-junior-world-championships--2024,boardercross,mens,,,open,men,,1,ULBRICHT Leon,GER,,,https://www.fis-ski.com/DB/general/results.html?sectorcode=SB&raceid=22503,verified,wave2-fis-worlds,live-source
fis-snowboard-junior-world-championships--2024,boardercross,mens,,,open,men,,2,TOMAS Julien,FRA,,,https://www.fis-ski.com/DB/general/results.html?sectorcode=SB&raceid=22503,verified,wave2-fis-worlds,live-source
fis-snowboard-junior-world-championships--2024,boardercross,mens,,,open,men,,3,CHOLLET Aidan,FRA,,,https://www.fis-ski.com/DB/general/results.html?sectorcode=SB&raceid=22503,verified,wave2-fis-worlds,live-source
fis-snowboard-junior-world-championships--2024,boardercross,womens,,,open,women,,1,CASTA Lea,FRA,,,https://www.fis-ski.com/DB/general/results.html?sectorcode=SB&raceid=22502,verified,wave2-fis-worlds,live-source
fis-snowboard-junior-world-championships--2024,boardercross,womens,,,open,women,,2,WIEDMER Noemie,SUI,,,https://www.fis-ski.com/DB/general/results.html?sectorcode=SB&raceid=22502,verified,wave2-fis-worlds,live-source
fis-snowboard-junior-world-championships--2024,boardercross,womens,,,open,women,,3,FRANCESIA BOIRAI Lisa,ITA,,,https://www.fis-ski.com/DB/general/results.html?sectorcode=SB&raceid=22502,verified,wave2-fis-worlds,live-source
fis-snowboard-junior-world-championships--2024,parallel-giant-slalom,mens,,,open,men,,1,VOJTASEK Samuel,GER,,,https://www.fis-ski.com/DB/general/results.html?sectorcode=SB&raceid=22369,verified,wave2-fis-worlds,live-source
fis-snowboard-junior-world-championships--2024,parallel-giant-slalom,mens,,,open,men,,2,ZAMFIROV Tervel,BUL,,,https://www.fis-ski.com/DB/general/results.html?sectorcode=SB&raceid=22369,verified,wave2-fis-worlds,live-source
fis-snowboard-junior-world-championships--2024,parallel-giant-slalom,mens,,,open,men,,3,GERGYOVSKI Petar,BUL,,,https://www.fis-ski.com/DB/general/results.html?sectorcode=SB&raceid=22369,verified,wave2-fis-worlds,live-source
fis-snowboard-junior-world-championships--2024,parallel-giant-slalom,womens,,,open,women,,1,MOISAN Aurelie,CAN,,,https://www.fis-ski.com/DB/general/results.html?sectorcode=SB&raceid=22368,verified,wave2-fis-worlds,live-source
fis-snowboard-junior-world-championships--2024,parallel-giant-slalom,womens,,,open,women,,2,DAWIDEK Weronika,POL,,,https://www.fis-ski.com/DB/general/results.html?sectorcode=SB&raceid=22368,verified,wave2-fis-worlds,live-source
fis-snowboard-junior-world-championships--2024,parallel-giant-slalom,womens,,,open,women,,3,VON SIEBENTHAL Xenia,SUI,,,https://www.fis-ski.com/DB/general/results.html?sectorcode=SB&raceid=22368,verified,wave2-fis-worlds,live-source
fis-snowboard-junior-world-championships--2024,parallel-slalom,mens,,,open,men,,1,GEORGIEV Kristian,BUL,,,https://www.fis-ski.com/DB/general/results.html?sectorcode=SB&raceid=22371,verified,wave2-fis-worlds,live-source
fis-snowboard-junior-world-championships--2024,parallel-slalom,mens,,,open,men,,2,ZAMFIROV Tervel,BUL,,,https://www.fis-ski.com/DB/general/results.html?sectorcode=SB&raceid=22371,verified,wave2-fis-worlds,live-source
fis-snowboard-junior-world-championships--2024,parallel-slalom,mens,,,open,men,,3,GERGYOVSKI Petar,BUL,,,https://www.fis-ski.com/DB/general/results.html?sectorcode=SB&raceid=22371,verified,wave2-fis-worlds,live-source
fis-snowboard-junior-world-championships--2024,parallel-slalom,womens,,,open,women,,1,MOISAN Aurelie,CAN,,,https://www.fis-ski.com/DB/general/results.html?sectorcode=SB&raceid=22370,verified,wave2-fis-worlds,live-source
fis-snowboard-junior-world-championships--2024,parallel-slalom,womens,,,open,women,,2,KECLIKOVA Adela,CZE,,,https://www.fis-ski.com/DB/general/results.html?sectorcode=SB&raceid=22370,verified,wave2-fis-worlds,live-source
fis-snowboard-junior-world-championships--2024,parallel-slalom,womens,,,open,women,,3,GAMS Marie,AUT,,,https://www.fis-ski.com/DB/general/results.html?sectorcode=SB&raceid=22370,verified,wave2-fis-worlds,live-source
fis-snowboard-junior-world-championships--2024,slopestyle,mens,,,open,men,,1,DEPRIEST Brooklyn,USA,91.00,,https://www.fis-ski.com/DB/general/results.html?sectorcode=SB&raceid=22268,verified,wave2-fis-worlds,live-source
fis-snowboard-junior-world-championships--2024,slopestyle,mens,,,open,men,,2,ALLEMAND Romain,FRA,89.00,,https://www.fis-ski.com/DB/general/results.html?sectorcode=SB&raceid=22268,verified,wave2-fis-worlds,live-source
fis-snowboard-junior-world-championships--2024,slopestyle,mens,,,open,men,,3,JAMIESON Rocco,NZL,87.00,,https://www.fis-ski.com/DB/general/results.html?sectorcode=SB&raceid=22268,verified,wave2-fis-worlds,live-source
fis-snowboard-junior-world-championships--2024,slopestyle,womens,,,open,women,,1,ZAVESKA Laura,CZE,89.00,,https://www.fis-ski.com/DB/general/results.html?sectorcode=SB&raceid=22267,verified,wave2-fis-worlds,live-source
fis-snowboard-junior-world-championships--2024,slopestyle,womens,,,open,women,,2,MURASE Yura,JPN,85.66,,https://www.fis-ski.com/DB/general/results.html?sectorcode=SB&raceid=22267,verified,wave2-fis-worlds,live-source
fis-snowboard-junior-world-championships--2024,slopestyle,womens,,,open,women,,3,FLYNN Rebecca,USA,83.66,,https://www.fis-ski.com/DB/general/results.html?sectorcode=SB&raceid=22267,verified,wave2-fis-worlds,live-source
fis-snowboard-junior-world-championships--2024,team,open,,,open,mixed,Parallel Team,1,GERMANY 1 (RIEL Benedikt / JANSING Salome),GER,,,https://www.fis-ski.com/DB/general/results.html?sectorcode=SB&raceid=22372,verified,wave2-fis-worlds,live-source
fis-snowboard-junior-world-championships--2024,team,open,,,open,mixed,Snowboard Cross Team,1,FRANCE 1 (TOMAS Julien / CASTA Lea),FRA,,,https://www.fis-ski.com/DB/general/results.html?sectorcode=SB&raceid=22504,verified,wave2-fis-worlds,live-source
fis-snowboard-junior-world-championships--2024,team,open,,,open,mixed,Parallel Team,2,USA 1 (OVERSTAKE Walker / DOMINO Grace),USA,,,https://www.fis-ski.com/DB/general/results.html?sectorcode=SB&raceid=22372,verified,wave2-fis-worlds,live-source
fis-snowboard-junior-world-championships--2024,team,open,,,open,mixed,Snowboard Cross Team,2,FRANCE 2 (CHOLLET Aidan / COLOMBIER Zoe),FRA,,,https://www.fis-ski.com/DB/general/results.html?sectorcode=SB&raceid=22504,verified,wave2-fis-worlds,live-source
fis-snowboard-junior-world-championships--2024,team,open,,,open,mixed,Parallel Team,3,ITALY 1 (SANTUARI Mike / FACHIN Fabiana),ITA,,,https://www.fis-ski.com/DB/general/results.html?sectorcode=SB&raceid=22372,verified,wave2-fis-worlds,live-source
fis-snowboard-junior-world-championships--2024,team,open,,,open,mixed,Snowboard Cross Team,3,SLOVAKIA 1 (SAKAL Samuel / PITONAKOVA Sara),SVK,,,https://www.fis-ski.com/DB/general/results.html?sectorcode=SB&raceid=22504,verified,wave2-fis-worlds,live-source
fis-snowboard-junior-world-championships--2025,boardercross,mens,,,open,men,,1,CHOLLET Jonas,FRA,,,https://www.fis-ski.com/DB/general/results.html?sectorcode=SB&raceid=23405,verified,wave2-fis-worlds,live-source
fis-snowboard-junior-world-championships--2025,boardercross,mens,,,open,men,,2,PARE Nathan,USA,,,https://www.fis-ski.com/DB/general/results.html?sectorcode=SB&raceid=23405,verified,wave2-fis-worlds,live-source
fis-snowboard-junior-world-championships--2025,boardercross,mens,,,open,men,,3,REICHLE Julius,GER,,,https://www.fis-ski.com/DB/general/results.html?sectorcode=SB&raceid=23405,verified,wave2-fis-worlds,live-source
fis-snowboard-junior-world-championships--2025,boardercross,womens,,,open,women,,1,CASTA Lea,FRA,,,https://www.fis-ski.com/DB/general/results.html?sectorcode=SB&raceid=23404,verified,wave2-fis-worlds,live-source
fis-snowboard-junior-world-championships--2025,boardercross,womens,,,open,women,,2,BILLINGHAM Maya,AUS,,,https://www.fis-ski.com/DB/general/results.html?sectorcode=SB&raceid=23404,verified,wave2-fis-worlds,live-source
fis-snowboard-junior-world-championships--2025,boardercross,womens,,,open,women,,3,LAINE Lyse,FRA,,,https://www.fis-ski.com/DB/general/results.html?sectorcode=SB&raceid=23404,verified,wave2-fis-worlds,live-source
fis-snowboard-junior-world-championships--2025,parallel-giant-slalom,mens,,,open,men,,1,ZAMFIROV Tervel,BUL,,,https://www.fis-ski.com/DB/general/results.html?sectorcode=SB&raceid=23664,verified,wave2-fis-worlds,live-source
fis-snowboard-junior-world-championships--2025,parallel-giant-slalom,mens,,,open,men,,2,RABANSER Tommy,ITA,,,https://www.fis-ski.com/DB/general/results.html?sectorcode=SB&raceid=23664,verified,wave2-fis-worlds,live-source
fis-snowboard-junior-world-championships--2025,parallel-giant-slalom,mens,,,open,men,,3,MINARIK Krystof,CZE,,,https://www.fis-ski.com/DB/general/results.html?sectorcode=SB&raceid=23664,verified,wave2-fis-worlds,live-source
fis-snowboard-junior-world-championships--2025,parallel-giant-slalom,womens,,,open,women,,1,MOISAN Aurelie,CAN,,,https://www.fis-ski.com/DB/general/results.html?sectorcode=SB&raceid=23663,verified,wave2-fis-worlds,live-source
fis-snowboard-junior-world-championships--2025,parallel-giant-slalom,womens,,,open,women,,2,ZAMFIROVA Malena,BUL,,,https://www.fis-ski.com/DB/general/results.html?sectorcode=SB&raceid=23663,verified,wave2-fis-worlds,live-source
fis-snowboard-junior-world-championships--2025,parallel-giant-slalom,womens,,,open,women,,3,TANIGUCHI Yuna,GER,,,https://www.fis-ski.com/DB/general/results.html?sectorcode=SB&raceid=23663,verified,wave2-fis-worlds,live-source
fis-snowboard-junior-world-championships--2025,parallel-slalom,mens,,,open,men,,1,ZAMFIROV Tervel,BUL,,,https://www.fis-ski.com/DB/general/results.html?sectorcode=SB&raceid=23668,verified,wave2-fis-worlds,live-source
fis-snowboard-junior-world-championships--2025,parallel-slalom,mens,,,open,men,,2,RABANSER Tommy,ITA,,,https://www.fis-ski.com/DB/general/results.html?sectorcode=SB&raceid=23668,verified,wave2-fis-worlds,live-source
fis-snowboard-junior-world-championships--2025,parallel-slalom,mens,,,open,men,,3,SANTUARI Mike,ITA,,,https://www.fis-ski.com/DB/general/results.html?sectorcode=SB&raceid=23668,verified,wave2-fis-worlds,live-source
fis-snowboard-junior-world-championships--2025,parallel-slalom,womens,,,open,women,,1,VON SIEBENTHAL Xenia,SUI,,,https://www.fis-ski.com/DB/general/results.html?sectorcode=SB&raceid=23667,verified,wave2-fis-worlds,live-source
fis-snowboard-junior-world-championships--2025,parallel-slalom,womens,,,open,women,,2,ZAMFIROVA Malena,BUL,,,https://www.fis-ski.com/DB/general/results.html?sectorcode=SB&raceid=23667,verified,wave2-fis-worlds,live-source
fis-snowboard-junior-world-championships--2025,parallel-slalom,womens,,,open,women,,3,BUCCIONI Aurelia,GER,,,https://www.fis-ski.com/DB/general/results.html?sectorcode=SB&raceid=23667,verified,wave2-fis-worlds,live-source
fis-snowboard-junior-world-championships--2025,team,open,,,open,mixed,Parallel Team,1,BULGARIA 1 (ZAMFIROV Tervel / ZAMFIROVA Malena),BUL,,,https://www.fis-ski.com/DB/general/results.html?sectorcode=SB&raceid=23669,verified,wave2-fis-worlds,live-source
fis-snowboard-junior-world-championships--2025,team,open,,,open,mixed,Snowboard Cross Team,1,FRANCE 1 (CHOLLET Jonas / CASTA Lea),FRA,,,https://www.fis-ski.com/DB/general/results.html?sectorcode=SB&raceid=23406,verified,wave2-fis-worlds,live-source
fis-snowboard-junior-world-championships--2025,team,open,,,open,mixed,Parallel Team,2,CZECHIA 1 (MINARIK Krystof / KECLIKOVA Adela),CZE,,,https://www.fis-ski.com/DB/general/results.html?sectorcode=SB&raceid=23669,verified,wave2-fis-worlds,live-source
fis-snowboard-junior-world-championships--2025,team,open,,,open,mixed,Snowboard Cross Team,2,AUSTRALIA 1 (TURNER Cameron / BILLINGHAM Maya),AUS,,,https://www.fis-ski.com/DB/general/results.html?sectorcode=SB&raceid=23406,verified,wave2-fis-worlds,live-source
fis-snowboard-junior-world-championships--2025,team,open,,,open,mixed,Parallel Team,3,SWITZERLAND 1 (MOSCA Nuri / VON SIEBENTHAL Xenia),SUI,,,https://www.fis-ski.com/DB/general/results.html?sectorcode=SB&raceid=23669,verified,wave2-fis-worlds,live-source
fis-snowboard-junior-world-championships--2025,team,open,,,open,mixed,Snowboard Cross Team,3,USA 1 (PARE Nathan / SCHNORRBUSCH Brianna),USA,,,https://www.fis-ski.com/DB/general/results.html?sectorcode=SB&raceid=23406,verified,wave2-fis-worlds,live-source
fis-snowboard-junior-world-championships--2026,big-air,mens,,,open,men,,1,KITAYAMA Hakuto,JPN,175.25,,https://www.fis-ski.com/DB/general/results.html?sectorcode=SB&raceid=24327,verified,wave2-fis-worlds,live-source
fis-snowboard-junior-world-championships--2026,big-air,mens,,,open,men,,2,LUCHKIN Dmytro,UKR,174.50,,https://www.fis-ski.com/DB/general/results.html?sectorcode=SB&raceid=24327,verified,wave2-fis-worlds,live-source
fis-snowboard-junior-world-championships--2026,big-air,mens,,,open,men,,3,KAHRSTROM Mille,SWE,172.25,,https://www.fis-ski.com/DB/general/results.html?sectorcode=SB&raceid=24327,verified,wave2-fis-worlds,live-source
fis-snowboard-junior-world-championships--2026,big-air,womens,,,open,women,,1,REMANS Sky,BEL,164.50,,https://www.fis-ski.com/DB/general/results.html?sectorcode=SB&raceid=24326,verified,wave2-fis-worlds,live-source
fis-snowboard-junior-world-championships--2026,big-air,womens,,,open,women,,2,KATO Imari,JPN,155.75,,https://www.fis-ski.com/DB/general/results.html?sectorcode=SB&raceid=24326,verified,wave2-fis-worlds,live-source
fis-snowboard-junior-world-championships--2026,big-air,womens,,,open,women,,3,PERLMUTTER Jessica,USA,155.00,,https://www.fis-ski.com/DB/general/results.html?sectorcode=SB&raceid=24326,verified,wave2-fis-worlds,live-source
fis-snowboard-junior-world-championships--2026,boardercross,mens,,,open,men,,1,TURNER Cameron,AUS,,,https://www.fis-ski.com/DB/general/results.html?sectorcode=SB&raceid=24858,verified,wave2-fis-worlds,live-source
fis-snowboard-junior-world-championships--2026,boardercross,mens,,,open,men,,2,SCHLAEPPI Kenny,SUI,,,https://www.fis-ski.com/DB/general/results.html?sectorcode=SB&raceid=24858,verified,wave2-fis-worlds,live-source
fis-snowboard-junior-world-championships--2026,boardercross,mens,,,open,men,,3,COSTA Tommaso,ITA,,,https://www.fis-ski.com/DB/general/results.html?sectorcode=SB&raceid=24858,verified,wave2-fis-worlds,live-source
fis-snowboard-junior-world-championships--2026,boardercross,womens,,,open,women,,1,FRANCESIA BOIRAI Lisa,ITA,,,https://www.fis-ski.com/DB/general/results.html?sectorcode=SB&raceid=24857,verified,wave2-fis-worlds,live-source
fis-snowboard-junior-world-championships--2026,boardercross,womens,,,open,women,,2,WIEDMER Noemie,SUI,,,https://www.fis-ski.com/DB/general/results.html?sectorcode=SB&raceid=24857,verified,wave2-fis-worlds,live-source
fis-snowboard-junior-world-championships--2026,boardercross,womens,,,open,women,,3,CAIOLO SERRA Fiona,FRA,,,https://www.fis-ski.com/DB/general/results.html?sectorcode=SB&raceid=24857,verified,wave2-fis-worlds,live-source
fis-snowboard-junior-world-championships--2026,halfpipe,mens,,,open,men,,1,MURAKAMI Konosuke,JPN,96.50,,https://www.fis-ski.com/DB/general/results.html?sectorcode=SB&raceid=24329,verified,wave2-fis-worlds,live-source
fis-snowboard-junior-world-championships--2026,halfpipe,mens,,,open,men,,2,SHIMASAKI Haku,JPN,94.50,,https://www.fis-ski.com/DB/general/results.html?sectorcode=SB&raceid=24329,verified,wave2-fis-worlds,live-source
fis-snowboard-junior-world-championships--2026,halfpipe,mens,,,open,men,,3,ZUERCHER Mischa,SUI,84.25,,https://www.fis-ski.com/DB/general/results.html?sectorcode=SB&raceid=24329,verified,wave2-fis-worlds,live-source
fis-snowboard-junior-world-championships--2026,halfpipe,womens,,,open,women,,1,OHASHI Sorana,JPN,86.50,,https://www.fis-ski.com/DB/general/results.html?sectorcode=SB&raceid=24328,verified,wave2-fis-worlds,live-source
fis-snowboard-junior-world-championships--2026,halfpipe,womens,,,open,women,,2,WICK Lura,SUI,74.25,,https://www.fis-ski.com/DB/general/results.html?sectorcode=SB&raceid=24328,verified,wave2-fis-worlds,live-source
fis-snowboard-junior-world-championships--2026,halfpipe,womens,,,open,women,,3,OKADA Aiko,JPN,71.00,,https://www.fis-ski.com/DB/general/results.html?sectorcode=SB&raceid=24328,verified,wave2-fis-worlds,live-source
fis-snowboard-junior-world-championships--2026,jib,mens,,,open,men,Street Style,1,LANGBAKK Stian,CAN,39.25,,https://www.fis-ski.com/DB/general/results.html?sectorcode=SB&raceid=24331,verified,wave2-fis-worlds,live-source
fis-snowboard-junior-world-championships--2026,jib,mens,,,open,men,Street Style,2,POSIO Pyry,FIN,38.25,,https://www.fis-ski.com/DB/general/results.html?sectorcode=SB&raceid=24331,verified,wave2-fis-worlds,live-source
fis-snowboard-junior-world-championships--2026,jib,mens,,,open,men,Street Style,3,LUCHKIN Dmytro,UKR,37.88,,https://www.fis-ski.com/DB/general/results.html?sectorcode=SB&raceid=24331,verified,wave2-fis-worlds,live-source
fis-snowboard-junior-world-championships--2026,jib,womens,,,open,women,Street Style,1,PERLMUTTER Jessica,USA,44.13,,https://www.fis-ski.com/DB/general/results.html?sectorcode=SB&raceid=24330,verified,wave2-fis-worlds,live-source
fis-snowboard-junior-world-championships--2026,jib,womens,,,open,women,Street Style,2,DUTU Katja,NED,37.13,,https://www.fis-ski.com/DB/general/results.html?sectorcode=SB&raceid=24330,verified,wave2-fis-worlds,live-source
fis-snowboard-junior-world-championships--2026,jib,womens,,,open,women,Street Style,3,KUHLMANN Marie,GER,36.63,,https://www.fis-ski.com/DB/general/results.html?sectorcode=SB&raceid=24330,verified,wave2-fis-worlds,live-source
fis-snowboard-junior-world-championships--2026,parallel-giant-slalom,mens,,,open,men,,1,KHURTIN Ilia,AIN,,,https://www.fis-ski.com/DB/general/results.html?sectorcode=SB&raceid=25077,verified,wave2-fis-worlds,live-source
fis-snowboard-junior-world-championships--2026,parallel-giant-slalom,mens,,,open,men,,2,OVERSTAKE Walker,USA,,,https://www.fis-ski.com/DB/general/results.html?sectorcode=SB&raceid=25077,verified,wave2-fis-worlds,live-source
fis-snowboard-junior-world-championships--2026,parallel-giant-slalom,mens,,,open,men,,3,RABANSER Tommy,ITA,,,https://www.fis-ski.com/DB/general/results.html?sectorcode=SB&raceid=25077,verified,wave2-fis-worlds,live-source
fis-snowboard-junior-world-championships--2026,parallel-giant-slalom,womens,,,open,women,,1,TRAVINICHEVA Mariia,AIN,,,https://www.fis-ski.com/DB/general/results.html?sectorcode=SB&raceid=25076,verified,wave2-fis-worlds,live-source
fis-snowboard-junior-world-championships--2026,parallel-giant-slalom,womens,,,open,women,,2,VON SIEBENTHAL Xenia,SUI,,,https://www.fis-ski.com/DB/general/results.html?sectorcode=SB&raceid=25076,verified,wave2-fis-worlds,live-source
fis-snowboard-junior-world-championships--2026,parallel-giant-slalom,womens,,,open,women,,3,WEI Lanxi,CAN,,,https://www.fis-ski.com/DB/general/results.html?sectorcode=SB&raceid=25076,verified,wave2-fis-worlds,live-source
fis-snowboard-junior-world-championships--2026,parallel-slalom,mens,,,open,men,,1,RABANSER Tommy,ITA,,,https://www.fis-ski.com/DB/general/results.html?sectorcode=SB&raceid=25079,verified,wave2-fis-worlds,live-source
fis-snowboard-junior-world-championships--2026,parallel-slalom,mens,,,open,men,,2,OVERSTAKE Walker,USA,,,https://www.fis-ski.com/DB/general/results.html?sectorcode=SB&raceid=25079,verified,wave2-fis-worlds,live-source
fis-snowboard-junior-world-championships--2026,parallel-slalom,mens,,,open,men,,3,KHURTIN Ilia,AIN,,,https://www.fis-ski.com/DB/general/results.html?sectorcode=SB&raceid=25079,verified,wave2-fis-worlds,live-source
fis-snowboard-junior-world-championships--2026,parallel-slalom,womens,,,open,women,,1,VON SIEBENTHAL Xenia,SUI,,,https://www.fis-ski.com/DB/general/results.html?sectorcode=SB&raceid=25078,verified,wave2-fis-worlds,live-source
fis-snowboard-junior-world-championships--2026,parallel-slalom,womens,,,open,women,,2,TRAVINICHEVA Mariia,AIN,,,https://www.fis-ski.com/DB/general/results.html?sectorcode=SB&raceid=25078,verified,wave2-fis-worlds,live-source
fis-snowboard-junior-world-championships--2026,parallel-slalom,womens,,,open,women,,3,JANSING Zoe,GER,,,https://www.fis-ski.com/DB/general/results.html?sectorcode=SB&raceid=25078,verified,wave2-fis-worlds,live-source
fis-snowboard-junior-world-championships--2026,slopestyle,mens,,,open,men,,1,WATANABE Hiromu,JPN,93.25,,https://www.fis-ski.com/DB/general/results.html?sectorcode=SB&raceid=24325,verified,wave2-fis-worlds,live-source
fis-snowboard-junior-world-championships--2026,slopestyle,mens,,,open,men,,2,FRANS Colin,USA,89.25,,https://www.fis-ski.com/DB/general/results.html?sectorcode=SB&raceid=24325,verified,wave2-fis-worlds,live-source
fis-snowboard-junior-world-championships--2026,slopestyle,mens,,,open,men,,3,LUCHKIN Dmytro,UKR,84.50,,https://www.fis-ski.com/DB/general/results.html?sectorcode=SB&raceid=24325,verified,wave2-fis-worlds,live-source
fis-snowboard-junior-world-championships--2026,slopestyle,womens,,,open,women,,1,DHAWORNVEJ Lily,USA,83.75,,https://www.fis-ski.com/DB/general/results.html?sectorcode=SB&raceid=24324,verified,wave2-fis-worlds,live-source
fis-snowboard-junior-world-championships--2026,slopestyle,womens,,,open,women,,2,ISHIMOTO Suzuka,JPN,80.00,,https://www.fis-ski.com/DB/general/results.html?sectorcode=SB&raceid=24324,verified,wave2-fis-worlds,live-source
fis-snowboard-junior-world-championships--2026,slopestyle,womens,,,open,women,,3,PERLMUTTER Jessica,USA,77.00,,https://www.fis-ski.com/DB/general/results.html?sectorcode=SB&raceid=24324,verified,wave2-fis-worlds,live-source
fis-snowboard-junior-world-championships--2026,team,open,,,open,mixed,Snowboard Cross Team,1,ITALY 1 (FRANCESIA BOIRAI Lisa / COSTA Tommaso),ITA,,,https://www.fis-ski.com/DB/general/results.html?sectorcode=SB&raceid=24859,verified,wave2-fis-worlds,live-source
fis-snowboard-junior-world-championships--2026,team,open,,,open,mixed,Parallel Team,1,CZECHIA 2 (TULACH Ondrej / JECHOVA Linda),CZE,,,https://www.fis-ski.com/DB/general/results.html?sectorcode=SB&raceid=25080,verified,wave2-fis-worlds,live-source
fis-snowboard-junior-world-championships--2026,team,open,,,open,mixed,Snowboard Cross Team,2,SWITZERLAND 1 (WIEDMER Noemie / SCHLAEPPI Kenny),SUI,,,https://www.fis-ski.com/DB/general/results.html?sectorcode=SB&raceid=24859,verified,wave2-fis-worlds,live-source
fis-snowboard-junior-world-championships--2026,team,open,,,open,mixed,Parallel Team,2,USA 1 (OVERSTAKE Walker / KIZUKA Akina),USA,,,https://www.fis-ski.com/DB/general/results.html?sectorcode=SB&raceid=25080,verified,wave2-fis-worlds,live-source
fis-snowboard-junior-world-championships--2026,team,open,,,open,mixed,Snowboard Cross Team,3,SWITZERLAND 2 (GUBSER Nuria / LUEDI Etienne),SUI,,,https://www.fis-ski.com/DB/general/results.html?sectorcode=SB&raceid=24859,verified,wave2-fis-worlds,live-source
fis-snowboard-junior-world-championships--2026,team,open,,,open,mixed,Parallel Team,3,GERMANY 1 (SCHWERDT Samuel / SCHEID Mathilda),GER,,,https://www.fis-ski.com/DB/general/results.html?sectorcode=SB&raceid=25080,verified,wave2-fis-worlds,live-source
fis-snowboard-world-championships--1996,giant-slalom,mens,,,open,men,,1,GREENWOOD Jeff,USA,,,https://www.fis-ski.com/DB/general/results.html?sectorcode=SB&raceid=454,verified,wave2-fis-worlds,live-source
fis-snowboard-world-championships--1996,giant-slalom,mens,,,open,men,,2,JACOBY Mike,USA,,,https://www.fis-ski.com/DB/general/results.html?sectorcode=SB&raceid=454,verified,wave2-fis-worlds,live-source
fis-snowboard-world-championships--1996,giant-slalom,mens,,,open,men,,3,PRAMSTALLER Helmut,AUT,,,https://www.fis-ski.com/DB/general/results.html?sectorcode=SB&raceid=454,verified,wave2-fis-worlds,live-source
fis-snowboard-world-championships--1996,giant-slalom,womens,,,open,women,,1,RUBY Karine,FRA,,,https://www.fis-ski.com/DB/general/results.html?sectorcode=SB&raceid=453,verified,wave2-fis-worlds,live-source
fis-snowboard-world-championships--1996,giant-slalom,womens,,,open,women,,2,RIEGLER Manuela,AUT,,,https://www.fis-ski.com/DB/general/results.html?sectorcode=SB&raceid=453,verified,wave2-fis-worlds,live-source
fis-snowboard-world-championships--1996,giant-slalom,womens,,,open,women,,3,VAN ERT Sondra,USA,,,https://www.fis-ski.com/DB/general/results.html?sectorcode=SB&raceid=453,verified,wave2-fis-worlds,live-source
fis-snowboard-world-championships--1996,halfpipe,mens,,,open,men,,1,POWERS Ross,USA,,,https://www.fis-ski.com/DB/general/results.html?sectorcode=SB&raceid=451,verified,wave2-fis-worlds,live-source
fis-snowboard-world-championships--1996,halfpipe,mens,,,open,men,,2,GREGORY Lael,USA,,,https://www.fis-ski.com/DB/general/results.html?sectorcode=SB&raceid=451,verified,wave2-fis-worlds,live-source
fis-snowboard-world-championships--1996,halfpipe,mens,,,open,men,,3,KINGWILL Rob,USA,,,https://www.fis-ski.com/DB/general/results.html?sectorcode=SB&raceid=451,verified,wave2-fis-worlds,live-source
fis-snowboard-world-championships--1996,halfpipe,womens,,,open,women,,1,VAN KILSDONK Carolien,NED,,,https://www.fis-ski.com/DB/general/results.html?sectorcode=SB&raceid=452,verified,wave2-fis-worlds,live-source
fis-snowboard-world-championships--1996,halfpipe,womens,,,open,women,,2,ULIASZ Annemarie,USA,,,https://www.fis-ski.com/DB/general/results.html?sectorcode=SB&raceid=452,verified,wave2-fis-worlds,live-source
fis-snowboard-world-championships--1996,halfpipe,womens,,,open,women,,3,POTTER Cammy,USA,,,https://www.fis-ski.com/DB/general/results.html?sectorcode=SB&raceid=452,verified,wave2-fis-worlds,live-source
fis-snowboard-world-championships--1996,parallel-slalom,mens,,,open,men,,1,RUDIFERIA Ivo,ITA,,,https://www.fis-ski.com/DB/general/results.html?sectorcode=SB&raceid=455,verified,wave2-fis-worlds,live-source
fis-snowboard-world-championships--1996,parallel-slalom,mens,,,open,men,,2,KRUG Rainer,GER,,,https://www.fis-ski.com/DB/general/results.html?sectorcode=SB&raceid=455,verified,wave2-fis-worlds,live-source
fis-snowboard-world-championships--1996,parallel-slalom,mens,,,open,men,,3,PRAMSTALLER Helmut,AUT,,,https://www.fis-ski.com/DB/general/results.html?sectorcode=SB&raceid=455,verified,wave2-fis-worlds,live-source
fis-snowboard-world-championships--1996,parallel-slalom,womens,,,open,women,,1,POSCH Marion,ITA,,,https://www.fis-ski.com/DB/general/results.html?sectorcode=SB&raceid=456,verified,wave2-fis-worlds,live-source
fis-snowboard-world-championships--1996,parallel-slalom,womens,,,open,women,,2,BOERMA Marcella,NED,,,https://www.fis-ski.com/DB/general/results.html?sectorcode=SB&raceid=456,verified,wave2-fis-worlds,live-source
fis-snowboard-world-championships--1996,parallel-slalom,womens,,,open,women,,3,VAN ERT Sondra,USA,,,https://www.fis-ski.com/DB/general/results.html?sectorcode=SB&raceid=456,verified,wave2-fis-worlds,live-source
fis-snowboard-world-championships--1997,boardercross,mens,,,open,men,,1,PRAMSTALLER Helmut,AUT,,,https://www.fis-ski.com/DB/general/results.html?sectorcode=SB&raceid=582,verified,wave2-fis-worlds,live-source
fis-snowboard-world-championships--1997,boardercross,mens,,,open,men,,2,SAMMER Klaus,AUT,,,https://www.fis-ski.com/DB/general/results.html?sectorcode=SB&raceid=582,verified,wave2-fis-worlds,live-source
fis-snowboard-world-championships--1997,boardercross,mens,,,open,men,,3,BERGSTEDT Jakob,SWE,,,https://www.fis-ski.com/DB/general/results.html?sectorcode=SB&raceid=582,verified,wave2-fis-worlds,live-source
fis-snowboard-world-championships--1997,boardercross,womens,,,open,women,,1,RUBY Karine,FRA,,,https://www.fis-ski.com/DB/general/results.html?sectorcode=SB&raceid=581,verified,wave2-fis-worlds,live-source
fis-snowboard-world-championships--1997,boardercross,womens,,,open,women,,2,RIEGLER Manuela,AUT,,,https://www.fis-ski.com/DB/general/results.html?sectorcode=SB&raceid=581,verified,wave2-fis-worlds,live-source
fis-snowboard-world-championships--1997,boardercross,womens,,,open,women,,3,KIRCHGASSER-PICHLER Maria,AUT,,,https://www.fis-ski.com/DB/general/results.html?sectorcode=SB&raceid=581,verified,wave2-fis-worlds,live-source
fis-snowboard-world-championships--1997,giant-slalom,mens,,,open,men,,1,PRUGGER Thomas,ITA,,,https://www.fis-ski.com/DB/general/results.html?sectorcode=SB&raceid=574,verified,wave2-fis-worlds,live-source
fis-snowboard-world-championships--1997,giant-slalom,mens,,,open,men,,2,JACOBY Mike,USA,,,https://www.fis-ski.com/DB/general/results.html?sectorcode=SB&raceid=574,verified,wave2-fis-worlds,live-source
fis-snowboard-world-championships--1997,giant-slalom,mens,,,open,men,,3,PRICE Ian,USA,,,https://www.fis-ski.com/DB/general/results.html?sectorcode=SB&raceid=574,verified,wave2-fis-worlds,live-source
fis-snowboard-world-championships--1997,giant-slalom,womens,,,open,women,,1,VAN ERT Sondra,USA,,,https://www.fis-ski.com/DB/general/results.html?sectorcode=SB&raceid=573,verified,wave2-fis-worlds,live-source
fis-snowboard-world-championships--1997,giant-slalom,womens,,,open,women,,2,RUBY Karine,FRA,,,https://www.fis-ski.com/DB/general/results.html?sectorcode=SB&raceid=573,verified,wave2-fis-worlds,live-source
fis-snowboard-world-championships--1997,giant-slalom,womens,,,open,women,,3,PARINI Margherita,ITA,,,https://www.fis-ski.com/DB/general/results.html?sectorcode=SB&raceid=573,verified,wave2-fis-worlds,live-source
fis-snowboard-world-championships--1997,halfpipe,mens,,,open,men,,1,ROHRER Fabien,SUI,,,https://www.fis-ski.com/DB/general/results.html?sectorcode=SB&raceid=578,verified,wave2-fis-worlds,live-source
fis-snowboard-world-championships--1997,halfpipe,mens,,,open,men,,2,HURME Markus,FIN,,,https://www.fis-ski.com/DB/general/results.html?sectorcode=SB&raceid=578,verified,wave2-fis-worlds,live-source
fis-snowboard-world-championships--1997,halfpipe,mens,,,open,men,,3,HJELMSTADSTUEN Roger,NOR,,,https://www.fis-ski.com/DB/general/results.html?sectorcode=SB&raceid=578,verified,wave2-fis-worlds,live-source
fis-snowboard-world-championships--1997,halfpipe,womens,,,open,women,,1,SCHWALLER Anita,SUI,,,https://www.fis-ski.com/DB/general/results.html?sectorcode=SB&raceid=577,verified,wave2-fis-worlds,live-source
fis-snowboard-world-championships--1997,halfpipe,womens,,,open,women,,2,THORESEN Christel,NOR,,,https://www.fis-ski.com/DB/general/results.html?sectorcode=SB&raceid=577,verified,wave2-fis-worlds,live-source
fis-snowboard-world-championships--1997,halfpipe,womens,,,open,women,,3,WEHR-HASLER Sabine,GER,,,https://www.fis-ski.com/DB/general/results.html?sectorcode=SB&raceid=577,verified,wave2-fis-worlds,live-source
fis-snowboard-world-championships--1997,parallel-slalom,mens,,,open,men,,1,JACOBY Mike,USA,,,https://www.fis-ski.com/DB/general/results.html?sectorcode=SB&raceid=579,verified,wave2-fis-worlds,live-source
fis-snowboard-world-championships--1997,parallel-slalom,mens,,,open,men,,2,MESSNER Elmar,ITA,,,https://www.fis-ski.com/DB/general/results.html?sectorcode=SB&raceid=579,verified,wave2-fis-worlds,live-source
fis-snowboard-world-championships--1997,parallel-slalom,mens,,,open,men,,3,KROSCHEWSKI Bernd,GER,,,https://www.fis-ski.com/DB/general/results.html?sectorcode=SB&raceid=579,verified,wave2-fis-worlds,live-source
fis-snowboard-world-championships--1997,parallel-slalom,womens,,,open,women,,1,MAIR UNTER DER EGGEN Dagmar,ITA,,,https://www.fis-ski.com/DB/general/results.html?sectorcode=SB&raceid=580,verified,wave2-fis-worlds,live-source
fis-snowboard-world-championships--1997,parallel-slalom,womens,,,open,women,,2,RUBY Karine,FRA,,,https://www.fis-ski.com/DB/general/results.html?sectorcode=SB&raceid=580,verified,wave2-fis-worlds,live-source
fis-snowboard-world-championships--1997,parallel-slalom,womens,,,open,women,,3,BIRKL Marie,SWE,,,https://www.fis-ski.com/DB/general/results.html?sectorcode=SB&raceid=580,verified,wave2-fis-worlds,live-source
fis-snowboard-world-championships--1997,slalom,mens,,,open,men,,1,KROSCHEWSKI Bernd,GER,,,https://www.fis-ski.com/DB/general/results.html?sectorcode=SB&raceid=575,verified,wave2-fis-worlds,live-source
fis-snowboard-world-championships--1997,slalom,mens,,,open,men,,2,MOHERNDL Dieter,GER,,,https://www.fis-ski.com/DB/general/results.html?sectorcode=SB&raceid=575,verified,wave2-fis-worlds,live-source
fis-snowboard-world-championships--1997,slalom,mens,,,open,men,,3,POGUE Anton,USA,,,https://www.fis-ski.com/DB/general/results.html?sectorcode=SB&raceid=575,verified,wave2-fis-worlds,live-source
fis-snowboard-world-championships--1997,slalom,womens,,,open,women,,1,RENOTH Heidi,GER,,,https://www.fis-ski.com/DB/general/results.html?sectorcode=SB&raceid=576,verified,wave2-fis-worlds,live-source
fis-snowboard-world-championships--1997,slalom,womens,,,open,women,,2,MAIR UNTER DER EGGEN Dagmar,ITA,,,https://www.fis-ski.com/DB/general/results.html?sectorcode=SB&raceid=576,verified,wave2-fis-worlds,live-source
fis-snowboard-world-championships--1997,slalom,womens,,,open,women,,3,FOURNIER Dorothee,FRA,,,https://www.fis-ski.com/DB/general/results.html?sectorcode=SB&raceid=576,verified,wave2-fis-worlds,live-source
fis-snowboard-world-championships--1999,boardercross,mens,,,open,men,,1,JANSSON Henrik,SWE,,,https://www.fis-ski.com/DB/general/results.html?sectorcode=SB&raceid=1037,verified,wave2-fis-worlds,live-source
fis-snowboard-world-championships--1999,boardercross,mens,,,open,men,,2,STERNER Magnus,SWE,,,https://www.fis-ski.com/DB/general/results.html?sectorcode=SB&raceid=1037,verified,wave2-fis-worlds,live-source
fis-snowboard-world-championships--1999,boardercross,mens,,,open,men,,3,STEGGALL Zeke,AUS,,,https://www.fis-ski.com/DB/general/results.html?sectorcode=SB&raceid=1037,verified,wave2-fis-worlds,live-source
fis-snowboard-world-championships--1999,boardercross,womens,,,open,women,,1,POMAGALSKI Julie,FRA,,,https://www.fis-ski.com/DB/general/results.html?sectorcode=SB&raceid=1036,verified,wave2-fis-worlds,live-source
fis-snowboard-world-championships--1999,boardercross,womens,,,open,women,,2,TIKHVINSKAJA Maria,RUS,,,https://www.fis-ski.com/DB/general/results.html?sectorcode=SB&raceid=1036,verified,wave2-fis-worlds,live-source
fis-snowboard-world-championships--1999,boardercross,womens,,,open,women,,3,GUERRY Olivia,FRA,,,https://www.fis-ski.com/DB/general/results.html?sectorcode=SB&raceid=1036,verified,wave2-fis-worlds,live-source
fis-snowboard-world-championships--1999,giant-slalom,mens,,,open,men,,1,EBNER Markus,GER,,,https://www.fis-ski.com/DB/general/results.html?sectorcode=SB&raceid=1029,verified,wave2-fis-worlds,live-source
fis-snowboard-world-championships--1999,giant-slalom,mens,,,open,men,,2,IDESHEIM Maxence,FRA,,,https://www.fis-ski.com/DB/general/results.html?sectorcode=SB&raceid=1029,verified,wave2-fis-worlds,live-source
fis-snowboard-world-championships--1999,giant-slalom,mens,,,open,men,,3,KALTSCHUETZ Stefan,AUT,,,https://www.fis-ski.com/DB/general/results.html?sectorcode=SB&raceid=1029,verified,wave2-fis-worlds,live-source
fis-snowboard-world-championships--1999,giant-slalom,womens,,,open,women,,1,PARINI Margherita,ITA,,,https://www.fis-ski.com/DB/general/results.html?sectorcode=SB&raceid=1028,verified,wave2-fis-worlds,live-source
fis-snowboard-world-championships--1999,giant-slalom,womens,,,open,women,,2,TRETTEL Lidia,ITA,,,https://www.fis-ski.com/DB/general/results.html?sectorcode=SB&raceid=1028,verified,wave2-fis-worlds,live-source
fis-snowboard-world-championships--1999,giant-slalom,womens,,,open,women,,3,VAN ERT Sondra,USA,,,https://www.fis-ski.com/DB/general/results.html?sectorcode=SB&raceid=1028,verified,wave2-fis-worlds,live-source
fis-snowboard-world-championships--1999,halfpipe,mens,,,open,men,,1,BOWER Ricky,USA,,,https://www.fis-ski.com/DB/general/results.html?sectorcode=SB&raceid=1035,verified,wave2-fis-worlds,live-source
fis-snowboard-world-championships--1999,halfpipe,mens,,,open,men,,2,STERNER Fredrik,SWE,,,https://www.fis-ski.com/DB/general/results.html?sectorcode=SB&raceid=1035,verified,wave2-fis-worlds,live-source
fis-snowboard-world-championships--1999,halfpipe,mens,,,open,men,,3,AHO Timo,FIN,,,https://www.fis-ski.com/DB/general/results.html?sectorcode=SB&raceid=1035,verified,wave2-fis-worlds,live-source
fis-snowboard-world-championships--1999,halfpipe,womens,,,open,women,,1,STACEY Kim,USA,,,https://www.fis-ski.com/DB/general/results.html?sectorcode=SB&raceid=1034,verified,wave2-fis-worlds,live-source
fis-snowboard-world-championships--1999,halfpipe,womens,,,open,women,,2,VIDAL Doriane,FRA,,,https://www.fis-ski.com/DB/general/results.html?sectorcode=SB&raceid=1034,verified,wave2-fis-worlds,live-source
fis-snowboard-world-championships--1999,halfpipe,womens,,,open,women,,3,HELLMAN Anna,SWE,,,https://www.fis-ski.com/DB/general/results.html?sectorcode=SB&raceid=1034,verified,wave2-fis-worlds,live-source
fis-snowboard-world-championships--1999,parallel-giant-slalom,mens,,,open,men,,1,RIKARDSSON Richard,SWE,,,https://www.fis-ski.com/DB/general/results.html?sectorcode=SB&raceid=1030,verified,wave2-fis-worlds,live-source
fis-snowboard-world-championships--1999,parallel-giant-slalom,mens,,,open,men,,2,KALTSCHUETZ Stefan,AUT,,,https://www.fis-ski.com/DB/general/results.html?sectorcode=SB&raceid=1030,verified,wave2-fis-worlds,live-source
fis-snowboard-world-championships--1999,parallel-giant-slalom,mens,,,open,men,,3,WALDER Harald,AUT,,,https://www.fis-ski.com/DB/general/results.html?sectorcode=SB&raceid=1030,verified,wave2-fis-worlds,live-source
fis-snowboard-world-championships--1999,parallel-giant-slalom,womens,,,open,women,,1,BLANC Isabelle,FRA,,,https://www.fis-ski.com/DB/general/results.html?sectorcode=SB&raceid=1031,verified,wave2-fis-worlds,live-source
fis-snowboard-world-championships--1999,parallel-giant-slalom,womens,,,open,women,,2,FLETCHER Rosey,USA,,,https://www.fis-ski.com/DB/general/results.html?sectorcode=SB&raceid=1031,verified,wave2-fis-worlds,live-source
fis-snowboard-world-championships--1999,parallel-giant-slalom,womens,,,open,women,,3,WINDAHL Aasa,SWE,,,https://www.fis-ski.com/DB/general/results.html?sectorcode=SB&raceid=1031,verified,wave2-fis-worlds,live-source
fis-snowboard-world-championships--1999,parallel-slalom,mens,,,open,men,,1,HUET Nicolas,FRA,,,https://www.fis-ski.com/DB/general/results.html?sectorcode=SB&raceid=1032,verified,wave2-fis-worlds,live-source
fis-snowboard-world-championships--1999,parallel-slalom,mens,,,open,men,,2,BOZZETTO Mathieu,FRA,,,https://www.fis-ski.com/DB/general/results.html?sectorcode=SB&raceid=1032,verified,wave2-fis-worlds,live-source
fis-snowboard-world-championships--1999,parallel-slalom,mens,,,open,men,,3,EBENBAUER Werner,AUT,,,https://www.fis-ski.com/DB/general/results.html?sectorcode=SB&raceid=1032,verified,wave2-fis-worlds,live-source
fis-snowboard-world-championships--1999,parallel-slalom,womens,,,open,women,,1,POSCH Marion,ITA,,,https://www.fis-ski.com/DB/general/results.html?sectorcode=SB&raceid=1033,verified,wave2-fis-worlds,live-source
fis-snowboard-world-championships--1999,parallel-slalom,womens,,,open,women,,2,BLANC Isabelle,FRA,,,https://www.fis-ski.com/DB/general/results.html?sectorcode=SB&raceid=1033,verified,wave2-fis-worlds,live-source
fis-snowboard-world-championships--1999,parallel-slalom,womens,,,open,women,,3,FARMAND Sandra,GER,,,https://www.fis-ski.com/DB/general/results.html?sectorcode=SB&raceid=1033,verified,wave2-fis-worlds,live-source
fis-snowboard-world-championships--2001,boardercross,mens,,,open,men,,1,NANTERMOD Guillaume,SUI,,,https://www.fis-ski.com/DB/general/results.html?sectorcode=SB&raceid=1552,verified,wave2-fis-worlds,live-source
fis-snowboard-world-championships--2001,boardercross,mens,,,open,men,,2,EBNER Markus,GER,,,https://www.fis-ski.com/DB/general/results.html?sectorcode=SB&raceid=1552,verified,wave2-fis-worlds,live-source
fis-snowboard-world-championships--2001,boardercross,mens,,,open,men,,3,MAIER Alexander,AUT,,,https://www.fis-ski.com/DB/general/results.html?sectorcode=SB&raceid=1552,verified,wave2-fis-worlds,live-source
fis-snowboard-world-championships--2001,boardercross,womens,,,open,women,,1,RUBY Karine,FRA,,,https://www.fis-ski.com/DB/general/results.html?sectorcode=SB&raceid=1551,verified,wave2-fis-worlds,live-source
fis-snowboard-world-championships--2001,boardercross,womens,,,open,women,,2,DUBOC Emmanuelle,FRA,,,https://www.fis-ski.com/DB/general/results.html?sectorcode=SB&raceid=1551,verified,wave2-fis-worlds,live-source
fis-snowboard-world-championships--2001,boardercross,womens,,,open,women,,3,VALLEE Dominique,CAN,,,https://www.fis-ski.com/DB/general/results.html?sectorcode=SB&raceid=1551,verified,wave2-fis-worlds,live-source
fis-snowboard-world-championships--2001,giant-slalom,mens,,,open,men,,1,ANDERSON Jasey Jay,CAN,,,https://www.fis-ski.com/DB/general/results.html?sectorcode=SB&raceid=1543,verified,wave2-fis-worlds,live-source
fis-snowboard-world-championships--2001,giant-slalom,mens,,,open,men,,2,KOSIR Dejan,SLO,,,https://www.fis-ski.com/DB/general/results.html?sectorcode=SB&raceid=1543,verified,wave2-fis-worlds,live-source
fis-snowboard-world-championships--2001,giant-slalom,mens,,,open,men,,3,FEICHTER Walter,ITA,,,https://www.fis-ski.com/DB/general/results.html?sectorcode=SB&raceid=1543,verified,wave2-fis-worlds,live-source
fis-snowboard-world-championships--2001,giant-slalom,womens,,,open,women,,1,RUBY Karine,FRA,,,https://www.fis-ski.com/DB/general/results.html?sectorcode=SB&raceid=1544,verified,wave2-fis-worlds,live-source
fis-snowboard-world-championships--2001,giant-slalom,womens,,,open,women,,2,BLANC Isabelle,FRA,,,https://www.fis-ski.com/DB/general/results.html?sectorcode=SB&raceid=1544,verified,wave2-fis-worlds,live-source
fis-snowboard-world-championships--2001,giant-slalom,womens,,,open,women,,3,MAIR UNTER DER EGGEN Dagmar,ITA,,,https://www.fis-ski.com/DB/general/results.html?sectorcode=SB&raceid=1544,verified,wave2-fis-worlds,live-source
fis-snowboard-world-championships--2001,halfpipe,mens,,,open,men,,1,CHRISTIANSEN Kim,NOR,,,https://www.fis-ski.com/DB/general/results.html?sectorcode=SB&raceid=1550,verified,wave2-fis-worlds,live-source
fis-snowboard-world-championships--2001,halfpipe,mens,,,open,men,,2,FRANCK Daniel,NOR,,,https://www.fis-ski.com/DB/general/results.html?sectorcode=SB&raceid=1550,verified,wave2-fis-worlds,live-source
fis-snowboard-world-championships--2001,halfpipe,mens,,,open,men,,3,HURME Markus,FIN,,,https://www.fis-ski.com/DB/general/results.html?sectorcode=SB&raceid=1550,verified,wave2-fis-worlds,live-source
fis-snowboard-world-championships--2001,halfpipe,womens,,,open,women,,1,VIDAL Doriane,FRA,,,https://www.fis-ski.com/DB/general/results.html?sectorcode=SB&raceid=1549,verified,wave2-fis-worlds,live-source
fis-snowboard-world-championships--2001,halfpipe,womens,,,open,women,,2,KJELDAAS Stine Brun,NOR,,,https://www.fis-ski.com/DB/general/results.html?sectorcode=SB&raceid=1549,verified,wave2-fis-worlds,live-source
fis-snowboard-world-championships--2001,halfpipe,womens,,,open,women,,3,GRONHOLM Sari,FIN,,,https://www.fis-ski.com/DB/general/results.html?sectorcode=SB&raceid=1549,verified,wave2-fis-worlds,live-source
fis-snowboard-world-championships--2001,parallel-giant-slalom,mens,,,open,men,,1,JAQUET Gilles,SUI,,,https://www.fis-ski.com/DB/general/results.html?sectorcode=SB&raceid=1548,verified,wave2-fis-worlds,live-source
fis-snowboard-world-championships--2001,parallel-giant-slalom,mens,,,open,men,,2,BIVESON Daniel,SWE,,,https://www.fis-ski.com/DB/general/results.html?sectorcode=SB&raceid=1548,verified,wave2-fis-worlds,live-source
fis-snowboard-world-championships--2001,parallel-giant-slalom,mens,,,open,men,,3,KALTSCHUETZ Stefan,AUT,,,https://www.fis-ski.com/DB/general/results.html?sectorcode=SB&raceid=1548,verified,wave2-fis-worlds,live-source
fis-snowboard-world-championships--2001,parallel-giant-slalom,womens,,,open,women,,1,BRUHIN Ursula,SUI,,,https://www.fis-ski.com/DB/general/results.html?sectorcode=SB&raceid=1545,verified,wave2-fis-worlds,live-source
fis-snowboard-world-championships--2001,parallel-giant-slalom,womens,,,open,women,,2,FLETCHER Rosey,USA,,,https://www.fis-ski.com/DB/general/results.html?sectorcode=SB&raceid=1545,verified,wave2-fis-worlds,live-source
fis-snowboard-world-championships--2001,parallel-giant-slalom,womens,,,open,women,,3,RIEGLER Manuela,AUT,,,https://www.fis-ski.com/DB/general/results.html?sectorcode=SB&raceid=1545,verified,wave2-fis-worlds,live-source
fis-snowboard-world-championships--2001,parallel-slalom,mens,,,open,men,,1,HUET Nicolas,FRA,,,https://www.fis-ski.com/DB/general/results.html?sectorcode=SB&raceid=1546,verified,wave2-fis-worlds,live-source
fis-snowboard-world-championships--2001,parallel-slalom,mens,,,open,men,,2,CHIQUET Mathieu,FRA,,,https://www.fis-ski.com/DB/general/results.html?sectorcode=SB&raceid=1546,verified,wave2-fis-worlds,live-source
fis-snowboard-world-championships--2001,parallel-slalom,mens,,,open,men,,3,POGUE Anton,USA,,,https://www.fis-ski.com/DB/general/results.html?sectorcode=SB&raceid=1546,verified,wave2-fis-worlds,live-source
fis-snowboard-world-championships--2001,parallel-slalom,womens,,,open,women,,1,RUBY Karine,FRA,,,https://www.fis-ski.com/DB/general/results.html?sectorcode=SB&raceid=1547,verified,wave2-fis-worlds,live-source
fis-snowboard-world-championships--2001,parallel-slalom,womens,,,open,women,,2,BLANC Isabelle,FRA,,,https://www.fis-ski.com/DB/general/results.html?sectorcode=SB&raceid=1547,verified,wave2-fis-worlds,live-source
fis-snowboard-world-championships--2001,parallel-slalom,womens,,,open,women,,3,RANIGLER Carmen,ITA,,,https://www.fis-ski.com/DB/general/results.html?sectorcode=SB&raceid=1547,verified,wave2-fis-worlds,live-source
fis-snowboard-world-championships--2003,big-air,mens,,,open,men,,1,MATTILA Risto,FIN,,,https://www.fis-ski.com/DB/general/results.html?sectorcode=SB&raceid=3240,verified,wave2-fis-worlds,live-source
fis-snowboard-world-championships--2003,big-air,mens,,,open,men,,2,AX Simon,SWE,,,https://www.fis-ski.com/DB/general/results.html?sectorcode=SB&raceid=3240,verified,wave2-fis-worlds,live-source
fis-snowboard-world-championships--2003,big-air,mens,,,open,men,,3,AUTTI Antti,FIN,,,https://www.fis-ski.com/DB/general/results.html?sectorcode=SB&raceid=3240,verified,wave2-fis-worlds,live-source
fis-snowboard-world-championships--2003,boardercross,mens,,,open,men,,1,DELERUE Xavier,FRA,,,https://www.fis-ski.com/DB/general/results.html?sectorcode=SB&raceid=3242,verified,wave2-fis-worlds,live-source
fis-snowboard-world-championships--2003,boardercross,mens,,,open,men,,2,WESCOTT Seth,USA,,,https://www.fis-ski.com/DB/general/results.html?sectorcode=SB&raceid=3242,verified,wave2-fis-worlds,live-source
fis-snowboard-world-championships--2003,boardercross,mens,,,open,men,,3,NEILSON Drew,CAN,,,https://www.fis-ski.com/DB/general/results.html?sectorcode=SB&raceid=3242,verified,wave2-fis-worlds,live-source
fis-snowboard-world-championships--2003,boardercross,womens,,,open,women,,1,RUBY Karine,FRA,,,https://www.fis-ski.com/DB/general/results.html?sectorcode=SB&raceid=3241,verified,wave2-fis-worlds,live-source
fis-snowboard-world-championships--2003,boardercross,womens,,,open,women,,2,FINGERLOS Ursula,AUT,,,https://www.fis-ski.com/DB/general/results.html?sectorcode=SB&raceid=3241,verified,wave2-fis-worlds,live-source
fis-snowboard-world-championships--2003,boardercross,womens,,,open,women,,3,WICKY Victoria,FRA,,,https://www.fis-ski.com/DB/general/results.html?sectorcode=SB&raceid=3241,verified,wave2-fis-worlds,live-source
fis-snowboard-world-championships--2003,halfpipe,mens,,,open,men,,1,KELLER Markus,SUI,,,https://www.fis-ski.com/DB/general/results.html?sectorcode=SB&raceid=3239,verified,wave2-fis-worlds,live-source
fis-snowboard-world-championships--2003,halfpipe,mens,,,open,men,,2,KARLSSON Stefan,SWE,,,https://www.fis-ski.com/DB/general/results.html?sectorcode=SB&raceid=3239,verified,wave2-fis-worlds,live-source
fis-snowboard-world-championships--2003,halfpipe,mens,,,open,men,,3,FISHER Steven,USA,,,https://www.fis-ski.com/DB/general/results.html?sectorcode=SB&raceid=3239,verified,wave2-fis-worlds,live-source
fis-snowboard-world-championships--2003,halfpipe,womens,,,open,women,,1,VIDAL Doriane,FRA,,,https://www.fis-ski.com/DB/general/results.html?sectorcode=SB&raceid=3238,verified,wave2-fis-worlds,live-source
fis-snowboard-world-championships--2003,halfpipe,womens,,,open,women,,2,PEDERZOLLI Nicola,AUT,,,https://www.fis-ski.com/DB/general/results.html?sectorcode=SB&raceid=3238,verified,wave2-fis-worlds,live-source
fis-snowboard-world-championships--2003,halfpipe,womens,,,open,women,,3,REUTELER Fabienne,SUI,,,https://www.fis-ski.com/DB/general/results.html?sectorcode=SB&raceid=3238,verified,wave2-fis-worlds,live-source
fis-snowboard-world-championships--2003,parallel-giant-slalom,mens,,,open,men,,1,KOSIR Dejan,SLO,,,https://www.fis-ski.com/DB/general/results.html?sectorcode=SB&raceid=3234,verified,wave2-fis-worlds,live-source
fis-snowboard-world-championships--2003,parallel-giant-slalom,mens,,,open,men,,2,SCHOCH Simon,SUI,,,https://www.fis-ski.com/DB/general/results.html?sectorcode=SB&raceid=3234,verified,wave2-fis-worlds,live-source
fis-snowboard-world-championships--2003,parallel-giant-slalom,mens,,,open,men,,3,HUET Nicolas,FRA,,,https://www.fis-ski.com/DB/general/results.html?sectorcode=SB&raceid=3234,verified,wave2-fis-worlds,live-source
fis-snowboard-world-championships--2003,parallel-giant-slalom,womens,,,open,women,,1,BRUHIN Ursula,SUI,,,https://www.fis-ski.com/DB/general/results.html?sectorcode=SB&raceid=3235,verified,wave2-fis-worlds,live-source
fis-snowboard-world-championships--2003,parallel-giant-slalom,womens,,,open,women,,2,POMAGALSKI Julie,FRA,,,https://www.fis-ski.com/DB/general/results.html?sectorcode=SB&raceid=3235,verified,wave2-fis-worlds,live-source
fis-snowboard-world-championships--2003,parallel-giant-slalom,womens,,,open,women,,3,RENOTH Heidi,GER,,,https://www.fis-ski.com/DB/general/results.html?sectorcode=SB&raceid=3235,verified,wave2-fis-worlds,live-source
fis-snowboard-world-championships--2003,parallel-slalom,mens,,,open,men,,1,GRABNER Siegfried,AUT,,,https://www.fis-ski.com/DB/general/results.html?sectorcode=SB&raceid=3236,verified,wave2-fis-worlds,live-source
fis-snowboard-world-championships--2003,parallel-slalom,mens,,,open,men,,2,BOZZETTO Mathieu,FRA,,,https://www.fis-ski.com/DB/general/results.html?sectorcode=SB&raceid=3236,verified,wave2-fis-worlds,live-source
fis-snowboard-world-championships--2003,parallel-slalom,mens,,,open,men,,3,SCHOCH Simon,SUI,,,https://www.fis-ski.com/DB/general/results.html?sectorcode=SB&raceid=3236,verified,wave2-fis-worlds,live-source
fis-snowboard-world-championships--2003,parallel-slalom,womens,,,open,women,,1,BLANC Isabelle,FRA,,,https://www.fis-ski.com/DB/general/results.html?sectorcode=SB&raceid=3237,verified,wave2-fis-worlds,live-source
fis-snowboard-world-championships--2003,parallel-slalom,womens,,,open,women,,2,RUBY Karine,FRA,,,https://www.fis-ski.com/DB/general/results.html?sectorcode=SB&raceid=3237,verified,wave2-fis-worlds,live-source
fis-snowboard-world-championships--2003,parallel-slalom,womens,,,open,women,,3,FISCHER Sara,SWE,,,https://www.fis-ski.com/DB/general/results.html?sectorcode=SB&raceid=3237,verified,wave2-fis-worlds,live-source
fis-snowboard-world-championships--2005,big-air,mens,,,open,men,,1,AUTTI Antti,FIN,,,https://www.fis-ski.com/DB/general/results.html?sectorcode=SB&raceid=4650,verified,wave2-fis-worlds,live-source
fis-snowboard-world-championships--2005,big-air,mens,,,open,men,,2,PETEK Matevz,SLO,,,https://www.fis-ski.com/DB/general/results.html?sectorcode=SB&raceid=4650,verified,wave2-fis-worlds,live-source
fis-snowboard-world-championships--2005,big-air,mens,,,open,men,,3,JAKOBSSON Andreas,SWE,,,https://www.fis-ski.com/DB/general/results.html?sectorcode=SB&raceid=4650,verified,wave2-fis-worlds,live-source
fis-snowboard-world-championships--2005,boardercross,mens,,,open,men,,1,WESCOTT Seth,USA,,,https://www.fis-ski.com/DB/general/results.html?sectorcode=SB&raceid=4643,verified,wave2-fis-worlds,live-source
fis-snowboard-world-championships--2005,boardercross,mens,,,open,men,,2,BOIVIN Francois,CAN,,,https://www.fis-ski.com/DB/general/results.html?sectorcode=SB&raceid=4643,verified,wave2-fis-worlds,live-source
fis-snowboard-world-championships--2005,boardercross,mens,,,open,men,,3,HALE Jayson,USA,,,https://www.fis-ski.com/DB/general/results.html?sectorcode=SB&raceid=4643,verified,wave2-fis-worlds,live-source
fis-snowboard-world-championships--2005,boardercross,womens,,,open,women,,1,JACOBELLIS Lindsey,USA,,,https://www.fis-ski.com/DB/general/results.html?sectorcode=SB&raceid=4642,verified,wave2-fis-worlds,live-source
fis-snowboard-world-championships--2005,boardercross,womens,,,open,women,,2,RUBY Karine,FRA,,,https://www.fis-ski.com/DB/general/results.html?sectorcode=SB&raceid=4642,verified,wave2-fis-worlds,live-source
fis-snowboard-world-championships--2005,boardercross,womens,,,open,women,,3,RICKER Maelle,CAN,,,https://www.fis-ski.com/DB/general/results.html?sectorcode=SB&raceid=4642,verified,wave2-fis-worlds,live-source
fis-snowboard-world-championships--2005,halfpipe,mens,,,open,men,,1,AUTTI Antti,FIN,,,https://www.fis-ski.com/DB/general/results.html?sectorcode=SB&raceid=4649,verified,wave2-fis-worlds,live-source
fis-snowboard-world-championships--2005,halfpipe,mens,,,open,men,,2,LAMOUREUX Justin,CAN,,,https://www.fis-ski.com/DB/general/results.html?sectorcode=SB&raceid=4649,verified,wave2-fis-worlds,live-source
fis-snowboard-world-championships--2005,halfpipe,mens,,,open,men,,3,CHRISTIANSEN Kim,NOR,,,https://www.fis-ski.com/DB/general/results.html?sectorcode=SB&raceid=4649,verified,wave2-fis-worlds,live-source
fis-snowboard-world-championships--2005,halfpipe,womens,,,open,women,,1,VIDAL Doriane,FRA,,,https://www.fis-ski.com/DB/general/results.html?sectorcode=SB&raceid=4648,verified,wave2-fis-worlds,live-source
fis-snowboard-world-championships--2005,halfpipe,womens,,,open,women,,2,PESKO Manuela Laura,SUI,,,https://www.fis-ski.com/DB/general/results.html?sectorcode=SB&raceid=4648,verified,wave2-fis-worlds,live-source
fis-snowboard-world-championships--2005,halfpipe,womens,,,open,women,,3,TETER Hannah,USA,,,https://www.fis-ski.com/DB/general/results.html?sectorcode=SB&raceid=4648,verified,wave2-fis-worlds,live-source
fis-snowboard-world-championships--2005,parallel-giant-slalom,mens,,,open,men,,1,ANDERSON Jasey Jay,CAN,,,https://www.fis-ski.com/DB/general/results.html?sectorcode=SB&raceid=4645,verified,wave2-fis-worlds,live-source
fis-snowboard-world-championships--2005,parallel-giant-slalom,mens,,,open,men,,2,EISELIN Urs,SUI,,,https://www.fis-ski.com/DB/general/results.html?sectorcode=SB&raceid=4645,verified,wave2-fis-worlds,live-source
fis-snowboard-world-championships--2005,parallel-giant-slalom,mens,,,open,men,,3,HUET Nicolas,FRA,,,https://www.fis-ski.com/DB/general/results.html?sectorcode=SB&raceid=4645,verified,wave2-fis-worlds,live-source
fis-snowboard-world-championships--2005,parallel-giant-slalom,womens,,,open,women,,1,RIEGLER Manuela,AUT,,,https://www.fis-ski.com/DB/general/results.html?sectorcode=SB&raceid=4644,verified,wave2-fis-worlds,live-source
fis-snowboard-world-championships--2005,parallel-giant-slalom,womens,,,open,women,,2,BOLDIKOVA Svetlana,RUS,,,https://www.fis-ski.com/DB/general/results.html?sectorcode=SB&raceid=4644,verified,wave2-fis-worlds,live-source
fis-snowboard-world-championships--2005,parallel-giant-slalom,womens,,,open,women,,3,KRINGS Doresia,AUT,,,https://www.fis-ski.com/DB/general/results.html?sectorcode=SB&raceid=4644,verified,wave2-fis-worlds,live-source
fis-snowboard-world-championships--2005,parallel-slalom,mens,,,open,men,,1,ANDERSON Jasey Jay,CAN,,,https://www.fis-ski.com/DB/general/results.html?sectorcode=SB&raceid=4647,verified,wave2-fis-worlds,live-source
fis-snowboard-world-championships--2005,parallel-slalom,mens,,,open,men,,2,HUET Nicolas,FRA,,,https://www.fis-ski.com/DB/general/results.html?sectorcode=SB&raceid=4647,verified,wave2-fis-worlds,live-source
fis-snowboard-world-championships--2005,parallel-slalom,mens,,,open,men,,3,GRABNER Siegfried,AUT,,,https://www.fis-ski.com/DB/general/results.html?sectorcode=SB&raceid=4647,verified,wave2-fis-worlds,live-source
fis-snowboard-world-championships--2005,parallel-slalom,womens,,,open,women,,1,MEULI Daniela,SUI,,,https://www.fis-ski.com/DB/general/results.html?sectorcode=SB&raceid=4646,verified,wave2-fis-worlds,live-source
fis-snowboard-world-championships--2005,parallel-slalom,womens,,,open,women,,2,NEURURER Heidi,AUT,,,https://www.fis-ski.com/DB/general/results.html?sectorcode=SB&raceid=4646,verified,wave2-fis-worlds,live-source
fis-snowboard-world-championships--2005,parallel-slalom,womens,,,open,women,,3,KRINGS Doresia,AUT,,,https://www.fis-ski.com/DB/general/results.html?sectorcode=SB&raceid=4646,verified,wave2-fis-worlds,live-source
fis-snowboard-world-championships--2007,big-air,mens,,,open,men,,1,CREPEL Mathieu,FRA,,,https://www.fis-ski.com/DB/general/results.html?sectorcode=SB&raceid=6466,verified,wave2-fis-worlds,live-source
fis-snowboard-world-championships--2007,big-air,mens,,,open,men,,2,AUTTI Antti,FIN,,,https://www.fis-ski.com/DB/general/results.html?sectorcode=SB&raceid=6466,verified,wave2-fis-worlds,live-source
fis-snowboard-world-championships--2007,big-air,mens,,,open,men,,3,KORPI Janne,FIN,,,https://www.fis-ski.com/DB/general/results.html?sectorcode=SB&raceid=6466,verified,wave2-fis-worlds,live-source
fis-snowboard-world-championships--2007,boardercross,mens,,,open,men,,1,DELERUE Xavier,FRA,,,https://www.fis-ski.com/DB/general/results.html?sectorcode=SB&raceid=6461,verified,wave2-fis-worlds,live-source
fis-snowboard-world-championships--2007,boardercross,mens,,,open,men,,2,WESCOTT Seth,USA,,,https://www.fis-ski.com/DB/general/results.html?sectorcode=SB&raceid=6461,verified,wave2-fis-worlds,live-source
fis-snowboard-world-championships--2007,boardercross,mens,,,open,men,,3,HOLLAND Nate,USA,,,https://www.fis-ski.com/DB/general/results.html?sectorcode=SB&raceid=6461,verified,wave2-fis-worlds,live-source
fis-snowboard-world-championships--2007,boardercross,womens,,,open,women,,1,JACOBELLIS Lindsey,USA,,,https://www.fis-ski.com/DB/general/results.html?sectorcode=SB&raceid=6460,verified,wave2-fis-worlds,live-source
fis-snowboard-world-championships--2007,boardercross,womens,,,open,women,,2,FREI Sandra,SUI,,,https://www.fis-ski.com/DB/general/results.html?sectorcode=SB&raceid=6460,verified,wave2-fis-worlds,live-source
fis-snowboard-world-championships--2007,boardercross,womens,,,open,women,,3,OLAFSEN Helene,NOR,,,https://www.fis-ski.com/DB/general/results.html?sectorcode=SB&raceid=6460,verified,wave2-fis-worlds,live-source
fis-snowboard-world-championships--2007,halfpipe,mens,,,open,men,,1,CREPEL Mathieu,FRA,,,https://www.fis-ski.com/DB/general/results.html?sectorcode=SB&raceid=6468,verified,wave2-fis-worlds,live-source
fis-snowboard-world-championships--2007,halfpipe,mens,,,open,men,,2,KOKUBO Kazuhiro,JPN,,,https://www.fis-ski.com/DB/general/results.html?sectorcode=SB&raceid=6468,verified,wave2-fis-worlds,live-source
fis-snowboard-world-championships--2007,halfpipe,mens,,,open,men,,3,MARTIN Brad,CAN,,,https://www.fis-ski.com/DB/general/results.html?sectorcode=SB&raceid=6468,verified,wave2-fis-worlds,live-source
fis-snowboard-world-championships--2007,halfpipe,womens,,,open,women,,1,PESKO Manuela Laura,SUI,,,https://www.fis-ski.com/DB/general/results.html?sectorcode=SB&raceid=6467,verified,wave2-fis-worlds,live-source
fis-snowboard-world-championships--2007,halfpipe,womens,,,open,women,,2,YAMAOKA Soko,JPN,,,https://www.fis-ski.com/DB/general/results.html?sectorcode=SB&raceid=6467,verified,wave2-fis-worlds,live-source
fis-snowboard-world-championships--2007,halfpipe,womens,,,open,women,,3,LIGOCKA Paulina,POL,,,https://www.fis-ski.com/DB/general/results.html?sectorcode=SB&raceid=6467,verified,wave2-fis-worlds,live-source
fis-snowboard-world-championships--2007,parallel-giant-slalom,mens,,,open,men,,1,FLANDER Rok,SLO,,,https://www.fis-ski.com/DB/general/results.html?sectorcode=SB&raceid=6463,verified,wave2-fis-worlds,live-source
fis-snowboard-world-championships--2007,parallel-giant-slalom,mens,,,open,men,,2,SCHOCH Philipp,SUI,,,https://www.fis-ski.com/DB/general/results.html?sectorcode=SB&raceid=6463,verified,wave2-fis-worlds,live-source
fis-snowboard-world-championships--2007,parallel-giant-slalom,mens,,,open,men,,3,INNIGER Heinz,SUI,,,https://www.fis-ski.com/DB/general/results.html?sectorcode=SB&raceid=6463,verified,wave2-fis-worlds,live-source
fis-snowboard-world-championships--2007,parallel-giant-slalom,womens,,,open,women,,1,TUDIGESCHEVA Ekaterina,RUS,,,https://www.fis-ski.com/DB/general/results.html?sectorcode=SB&raceid=6462,verified,wave2-fis-worlds,live-source
fis-snowboard-world-championships--2007,parallel-giant-slalom,womens,,,open,women,,2,KOBER Amelie,GER,,,https://www.fis-ski.com/DB/general/results.html?sectorcode=SB&raceid=6462,verified,wave2-fis-worlds,live-source
fis-snowboard-world-championships--2007,parallel-giant-slalom,womens,,,open,women,,3,KOHLI Fraenzi,SUI,,,https://www.fis-ski.com/DB/general/results.html?sectorcode=SB&raceid=6462,verified,wave2-fis-worlds,live-source
fis-snowboard-world-championships--2007,parallel-slalom,mens,,,open,men,,1,SCHOCH Simon,SUI,,,https://www.fis-ski.com/DB/general/results.html?sectorcode=SB&raceid=6465,verified,wave2-fis-worlds,live-source
fis-snowboard-world-championships--2007,parallel-slalom,mens,,,open,men,,2,SCHOCH Philipp,SUI,,,https://www.fis-ski.com/DB/general/results.html?sectorcode=SB&raceid=6465,verified,wave2-fis-worlds,live-source
fis-snowboard-world-championships--2007,parallel-slalom,mens,,,open,men,,3,FLANDER Rok,SLO,,,https://www.fis-ski.com/DB/general/results.html?sectorcode=SB&raceid=6465,verified,wave2-fis-worlds,live-source
fis-snowboard-world-championships--2007,parallel-slalom,womens,,,open,women,,1,NEURURER Heidi,AUT,,,https://www.fis-ski.com/DB/general/results.html?sectorcode=SB&raceid=6464,verified,wave2-fis-worlds,live-source
fis-snowboard-world-championships--2007,parallel-slalom,womens,,,open,women,,2,KREINER Marion,AUT,,,https://www.fis-ski.com/DB/general/results.html?sectorcode=SB&raceid=6464,verified,wave2-fis-worlds,live-source
fis-snowboard-world-championships--2007,parallel-slalom,womens,,,open,women,,3,KRINGS Doresia,AUT,,,https://www.fis-ski.com/DB/general/results.html?sectorcode=SB&raceid=6464,verified,wave2-fis-worlds,live-source
fis-snowboard-world-championships--2009,big-air,mens,,,open,men,,1,KOSKI Markku,FIN,,,https://www.fis-ski.com/DB/general/results.html?sectorcode=SB&raceid=7729,verified,wave2-fis-worlds,live-source
fis-snowboard-world-championships--2009,big-air,mens,,,open,men,,2,SMITS Seppe,BEL,,,https://www.fis-ski.com/DB/general/results.html?sectorcode=SB&raceid=7729,verified,wave2-fis-worlds,live-source
fis-snowboard-world-championships--2009,big-air,mens,,,open,men,,3,GIMPL Stefan,AUT,,,https://www.fis-ski.com/DB/general/results.html?sectorcode=SB&raceid=7729,verified,wave2-fis-worlds,live-source
fis-snowboard-world-championships--2009,boardercross,mens,,,open,men,,1,SCHAIRER Markus,AUT,,,https://www.fis-ski.com/DB/general/results.html?sectorcode=SB&raceid=7722,verified,wave2-fis-worlds,live-source
fis-snowboard-world-championships--2009,boardercross,mens,,,open,men,,2,DE LE RUE Xavier,FRA,,,https://www.fis-ski.com/DB/general/results.html?sectorcode=SB&raceid=7722,verified,wave2-fis-worlds,live-source
fis-snowboard-world-championships--2009,boardercross,mens,,,open,men,,3,BAUMGARTNER Nick,USA,,,https://www.fis-ski.com/DB/general/results.html?sectorcode=SB&raceid=7722,verified,wave2-fis-worlds,live-source
fis-snowboard-world-championships--2009,boardercross,womens,,,open,women,,1,OLAFSEN Helene,NOR,,,https://www.fis-ski.com/DB/general/results.html?sectorcode=SB&raceid=7721,verified,wave2-fis-worlds,live-source
fis-snowboard-world-championships--2009,boardercross,womens,,,open,women,,2,NOBS Olivia,SUI,,,https://www.fis-ski.com/DB/general/results.html?sectorcode=SB&raceid=7721,verified,wave2-fis-worlds,live-source
fis-snowboard-world-championships--2009,boardercross,womens,,,open,women,,3,FRANCON Mellie,SUI,,,https://www.fis-ski.com/DB/general/results.html?sectorcode=SB&raceid=7721,verified,wave2-fis-worlds,live-source
fis-snowboard-world-championships--2009,halfpipe,mens,,,open,men,,1,AONO Ryoh,JPN,,,https://www.fis-ski.com/DB/general/results.html?sectorcode=SB&raceid=7728,verified,wave2-fis-worlds,live-source
fis-snowboard-world-championships--2009,halfpipe,mens,,,open,men,,2,BATCHELOR Jeff,CAN,,,https://www.fis-ski.com/DB/general/results.html?sectorcode=SB&raceid=7728,verified,wave2-fis-worlds,live-source
fis-snowboard-world-championships--2009,halfpipe,mens,,,open,men,,3,CREPEL Mathieu,FRA,,,https://www.fis-ski.com/DB/general/results.html?sectorcode=SB&raceid=7728,verified,wave2-fis-worlds,live-source
fis-snowboard-world-championships--2009,halfpipe,womens,,,open,women,,1,LIU Jiayu,CHN,,,https://www.fis-ski.com/DB/general/results.html?sectorcode=SB&raceid=7727,verified,wave2-fis-worlds,live-source
fis-snowboard-world-championships--2009,halfpipe,womens,,,open,women,,2,CRAWFORD Holly,AUS,,,https://www.fis-ski.com/DB/general/results.html?sectorcode=SB&raceid=7727,verified,wave2-fis-worlds,live-source
fis-snowboard-world-championships--2009,halfpipe,womens,,,open,women,,3,LIGOCKA Paulina,POL,,,https://www.fis-ski.com/DB/general/results.html?sectorcode=SB&raceid=7727,verified,wave2-fis-worlds,live-source
fis-snowboard-world-championships--2009,parallel-giant-slalom,mens,,,open,men,,1,ANDERSON Jasey Jay,CAN,,,https://www.fis-ski.com/DB/general/results.html?sectorcode=SB&raceid=7724,verified,wave2-fis-worlds,live-source
fis-snowboard-world-championships--2009,parallel-giant-slalom,mens,,,open,men,,2,DUFOUR Sylvain,FRA,,,https://www.fis-ski.com/DB/general/results.html?sectorcode=SB&raceid=7724,verified,wave2-fis-worlds,live-source
fis-snowboard-world-championships--2009,parallel-giant-slalom,mens,,,open,men,,3,MORISON Matthew,CAN,,,https://www.fis-ski.com/DB/general/results.html?sectorcode=SB&raceid=7724,verified,wave2-fis-worlds,live-source
fis-snowboard-world-championships--2009,parallel-giant-slalom,womens,,,open,women,,1,KREINER Marion,AUT,,,https://www.fis-ski.com/DB/general/results.html?sectorcode=SB&raceid=7723,verified,wave2-fis-worlds,live-source
fis-snowboard-world-championships--2009,parallel-giant-slalom,womens,,,open,women,,2,GUENTHER Doris,AUT,,,https://www.fis-ski.com/DB/general/results.html?sectorcode=SB&raceid=7723,verified,wave2-fis-worlds,live-source
fis-snowboard-world-championships--2009,parallel-giant-slalom,womens,,,open,women,,3,KUMMER Patrizia,SUI,,,https://www.fis-ski.com/DB/general/results.html?sectorcode=SB&raceid=7723,verified,wave2-fis-worlds,live-source
fis-snowboard-world-championships--2009,parallel-slalom,mens,,,open,men,,1,KARL Benjamin,AUT,,,https://www.fis-ski.com/DB/general/results.html?sectorcode=SB&raceid=7726,verified,wave2-fis-worlds,live-source
fis-snowboard-world-championships--2009,parallel-slalom,mens,,,open,men,,2,DUFOUR Sylvain,FRA,,,https://www.fis-ski.com/DB/general/results.html?sectorcode=SB&raceid=7726,verified,wave2-fis-worlds,live-source
fis-snowboard-world-championships--2009,parallel-slalom,mens,,,open,men,,3,BUSSLER Patrick,GER,,,https://www.fis-ski.com/DB/general/results.html?sectorcode=SB&raceid=7726,verified,wave2-fis-worlds,live-source
fis-snowboard-world-championships--2009,parallel-slalom,womens,,,open,women,,1,MAEGERT-KOHLI Fraenzi,SUI,,,https://www.fis-ski.com/DB/general/results.html?sectorcode=SB&raceid=7725,verified,wave2-fis-worlds,live-source
fis-snowboard-world-championships--2009,parallel-slalom,womens,,,open,women,,2,GUENTHER Doris,AUT,,,https://www.fis-ski.com/DB/general/results.html?sectorcode=SB&raceid=7725,verified,wave2-fis-worlds,live-source
fis-snowboard-world-championships--2009,parallel-slalom,womens,,,open,women,,3,TUDEGESHEVA Ekaterina,RUS,,,https://www.fis-ski.com/DB/general/results.html?sectorcode=SB&raceid=7725,verified,wave2-fis-worlds,live-source
fis-snowboard-world-championships--2011,big-air,mens,,,open,men,Big Air Barcelona,1,PIIROINEN Petja,FIN,,,https://www.fis-ski.com/DB/general/results.html?sectorcode=SB&raceid=9086,verified,wave2-fis-worlds,live-source
fis-snowboard-world-championships--2011,big-air,mens,,,open,men,Big Air Barcelona,2,SMITS Seppe,BEL,,,https://www.fis-ski.com/DB/general/results.html?sectorcode=SB&raceid=9086,verified,wave2-fis-worlds,live-source
fis-snowboard-world-championships--2011,big-air,mens,,,open,men,Big Air Barcelona,3,"STRATEN, VAN Rocco",NED,,,https://www.fis-ski.com/DB/general/results.html?sectorcode=SB&raceid=9086,verified,wave2-fis-worlds,live-source
fis-snowboard-world-championships--2011,boardercross,mens,,,open,men,,1,PULLIN Alex,AUS,,,https://www.fis-ski.com/DB/general/results.html?sectorcode=SB&raceid=9088,verified,wave2-fis-worlds,live-source
fis-snowboard-world-championships--2011,boardercross,mens,,,open,men,,2,WESCOTT Seth,USA,,,https://www.fis-ski.com/DB/general/results.html?sectorcode=SB&raceid=9088,verified,wave2-fis-worlds,live-source
fis-snowboard-world-championships--2011,boardercross,mens,,,open,men,,3,HOLLAND Nate,USA,,,https://www.fis-ski.com/DB/general/results.html?sectorcode=SB&raceid=9088,verified,wave2-fis-worlds,live-source
fis-snowboard-world-championships--2011,boardercross,womens,,,open,women,,1,JACOBELLIS Lindsey,USA,,,https://www.fis-ski.com/DB/general/results.html?sectorcode=SB&raceid=9087,verified,wave2-fis-worlds,live-source
fis-snowboard-world-championships--2011,boardercross,womens,,,open,women,,2,MOENNE LOCCOZ Nelly,FRA,,,https://www.fis-ski.com/DB/general/results.html?sectorcode=SB&raceid=9087,verified,wave2-fis-worlds,live-source
fis-snowboard-world-championships--2011,boardercross,womens,,,open,women,,3,MALTAIS Dominique,CAN,,,https://www.fis-ski.com/DB/general/results.html?sectorcode=SB&raceid=9087,verified,wave2-fis-worlds,live-source
fis-snowboard-world-championships--2011,halfpipe,mens,,,open,men,,1,JOHNSTONE Nathan,AUS,,,https://www.fis-ski.com/DB/general/results.html?sectorcode=SB&raceid=9090,verified,wave2-fis-worlds,live-source
fis-snowboard-world-championships--2011,halfpipe,mens,,,open,men,,2,PODLADTCHIKOV Iouri,SUI,,,https://www.fis-ski.com/DB/general/results.html?sectorcode=SB&raceid=9090,verified,wave2-fis-worlds,live-source
fis-snowboard-world-championships--2011,halfpipe,mens,,,open,men,,3,MALIN Markus,FIN,,,https://www.fis-ski.com/DB/general/results.html?sectorcode=SB&raceid=9090,verified,wave2-fis-worlds,live-source
fis-snowboard-world-championships--2011,halfpipe,womens,,,open,women,,1,CRAWFORD Holly,AUS,,,https://www.fis-ski.com/DB/general/results.html?sectorcode=SB&raceid=9089,verified,wave2-fis-worlds,live-source
fis-snowboard-world-championships--2011,halfpipe,womens,,,open,women,,2,HALLER Ursina,SUI,,,https://www.fis-ski.com/DB/general/results.html?sectorcode=SB&raceid=9089,verified,wave2-fis-worlds,live-source
fis-snowboard-world-championships--2011,halfpipe,womens,,,open,women,,3,LIU Jiayu,CHN,,,https://www.fis-ski.com/DB/general/results.html?sectorcode=SB&raceid=9089,verified,wave2-fis-worlds,live-source
fis-snowboard-world-championships--2011,parallel-giant-slalom,mens,,,open,men,,1,KARL Benjamin,AUT,,,https://www.fis-ski.com/DB/general/results.html?sectorcode=SB&raceid=9092,verified,wave2-fis-worlds,live-source
fis-snowboard-world-championships--2011,parallel-giant-slalom,mens,,,open,men,,2,MARGUC Rok,SLO,,,https://www.fis-ski.com/DB/general/results.html?sectorcode=SB&raceid=9092,verified,wave2-fis-worlds,live-source
fis-snowboard-world-championships--2011,parallel-giant-slalom,mens,,,open,men,,3,FISCHNALLER Roland,ITA,,,https://www.fis-ski.com/DB/general/results.html?sectorcode=SB&raceid=9092,verified,wave2-fis-worlds,live-source
fis-snowboard-world-championships--2011,parallel-giant-slalom,womens,,,open,women,,1,ZAVARZINA Alena,RUS,,,https://www.fis-ski.com/DB/general/results.html?sectorcode=SB&raceid=9091,verified,wave2-fis-worlds,live-source
fis-snowboard-world-championships--2011,parallel-giant-slalom,womens,,,open,women,,2,RIEGLER Claudia,AUT,,,https://www.fis-ski.com/DB/general/results.html?sectorcode=SB&raceid=9091,verified,wave2-fis-worlds,live-source
fis-snowboard-world-championships--2011,parallel-giant-slalom,womens,,,open,women,,3,GUENTHER Doris,AUT,,,https://www.fis-ski.com/DB/general/results.html?sectorcode=SB&raceid=9091,verified,wave2-fis-worlds,live-source
fis-snowboard-world-championships--2011,parallel-slalom,mens,,,open,men,,1,KARL Benjamin,AUT,,,https://www.fis-ski.com/DB/general/results.html?sectorcode=SB&raceid=9094,verified,wave2-fis-worlds,live-source
fis-snowboard-world-championships--2011,parallel-slalom,mens,,,open,men,,2,SCHOCH Simon,SUI,,,https://www.fis-ski.com/DB/general/results.html?sectorcode=SB&raceid=9094,verified,wave2-fis-worlds,live-source
fis-snowboard-world-championships--2011,parallel-slalom,mens,,,open,men,,3,MARGUC Rok,SLO,,,https://www.fis-ski.com/DB/general/results.html?sectorcode=SB&raceid=9094,verified,wave2-fis-worlds,live-source
fis-snowboard-world-championships--2011,parallel-slalom,womens,,,open,women,,1,ENGELI Hilde-Katrine,NOR,,,https://www.fis-ski.com/DB/general/results.html?sectorcode=SB&raceid=9093,verified,wave2-fis-worlds,live-source
fis-snowboard-world-championships--2011,parallel-slalom,womens,,,open,women,,2,SAUERBREIJ Nicolien,NED,,,https://www.fis-ski.com/DB/general/results.html?sectorcode=SB&raceid=9093,verified,wave2-fis-worlds,live-source
fis-snowboard-world-championships--2011,parallel-slalom,womens,,,open,women,,3,RIEGLER Claudia,AUT,,,https://www.fis-ski.com/DB/general/results.html?sectorcode=SB&raceid=9093,verified,wave2-fis-worlds,live-source
fis-snowboard-world-championships--2011,slopestyle,mens,,,open,men,,1,SMITS Seppe,BEL,,,https://www.fis-ski.com/DB/general/results.html?sectorcode=SB&raceid=9546,verified,wave2-fis-worlds,live-source
fis-snowboard-world-championships--2011,slopestyle,mens,,,open,men,,2,MATTSSON Niklas,SWE,,,https://www.fis-ski.com/DB/general/results.html?sectorcode=SB&raceid=9546,verified,wave2-fis-worlds,live-source
fis-snowboard-world-championships--2011,slopestyle,mens,,,open,men,,3,PAUMOLA Ville,FIN,,,https://www.fis-ski.com/DB/general/results.html?sectorcode=SB&raceid=9546,verified,wave2-fis-worlds,live-source
fis-snowboard-world-championships--2011,slopestyle,womens,,,open,women,,1,RUKAJARVI Enni,FIN,,,https://www.fis-ski.com/DB/general/results.html?sectorcode=SB&raceid=9545,verified,wave2-fis-worlds,live-source
fis-snowboard-world-championships--2011,slopestyle,womens,,,open,women,,2,PANCOCHOVA Sarka,CZE,,,https://www.fis-ski.com/DB/general/results.html?sectorcode=SB&raceid=9545,verified,wave2-fis-worlds,live-source
fis-snowboard-world-championships--2011,slopestyle,womens,,,open,women,,3,GOTLIEB Shelly,NZL,,,https://www.fis-ski.com/DB/general/results.html?sectorcode=SB&raceid=9545,verified,wave2-fis-worlds,live-source
fis-snowboard-world-championships--2013,big-air,mens,,,open,men,,1,TONTERI Roope,FIN,188.50,,https://www.fis-ski.com/DB/general/results.html?sectorcode=SB&raceid=10385,verified,wave2-fis-worlds,live-source
fis-snowboard-world-championships--2013,big-air,mens,,,open,men,,2,MATTSSON Niklas,SWE,177.75,,https://www.fis-ski.com/DB/general/results.html?sectorcode=SB&raceid=10385,verified,wave2-fis-worlds,live-source
fis-snowboard-world-championships--2013,big-air,mens,,,open,men,,3,SMITS Seppe,BEL,149.50,,https://www.fis-ski.com/DB/general/results.html?sectorcode=SB&raceid=10385,verified,wave2-fis-worlds,live-source
fis-snowboard-world-championships--2013,boardercross,mens,,,open,men,,1,PULLIN Alex,AUS,,,https://www.fis-ski.com/DB/general/results.html?sectorcode=SB&raceid=10391,verified,wave2-fis-worlds,live-source
fis-snowboard-world-championships--2013,boardercross,mens,,,open,men,,2,SCHAIRER Markus,AUT,,,https://www.fis-ski.com/DB/general/results.html?sectorcode=SB&raceid=10391,verified,wave2-fis-worlds,live-source
fis-snowboard-world-championships--2013,boardercross,mens,,,open,men,,3,SIVERTZEN Stian,NOR,,,https://www.fis-ski.com/DB/general/results.html?sectorcode=SB&raceid=10391,verified,wave2-fis-worlds,live-source
fis-snowboard-world-championships--2013,boardercross,womens,,,open,women,,1,RICKER Maelle,CAN,,,https://www.fis-ski.com/DB/general/results.html?sectorcode=SB&raceid=10390,verified,wave2-fis-worlds,live-source
fis-snowboard-world-championships--2013,boardercross,womens,,,open,women,,2,MALTAIS Dominique,CAN,,,https://www.fis-ski.com/DB/general/results.html?sectorcode=SB&raceid=10390,verified,wave2-fis-worlds,live-source
fis-snowboard-world-championships--2013,boardercross,womens,,,open,women,,3,OLAFSEN Helene,NOR,,,https://www.fis-ski.com/DB/general/results.html?sectorcode=SB&raceid=10390,verified,wave2-fis-worlds,live-source
fis-snowboard-world-championships--2013,halfpipe,mens,,,open,men,,1,PODLADTCHIKOV Iouri,SUI,94.25,,https://www.fis-ski.com/DB/general/results.html?sectorcode=SB&raceid=10387,verified,wave2-fis-worlds,live-source
fis-snowboard-world-championships--2013,halfpipe,mens,,,open,men,,2,HIRAOKA Taku,JPN,93.75,,https://www.fis-ski.com/DB/general/results.html?sectorcode=SB&raceid=10387,verified,wave2-fis-worlds,live-source
fis-snowboard-world-championships--2013,halfpipe,mens,,,open,men,,3,MALIN Markus,FIN,86.75,,https://www.fis-ski.com/DB/general/results.html?sectorcode=SB&raceid=10387,verified,wave2-fis-worlds,live-source
fis-snowboard-world-championships--2013,halfpipe,womens,,,open,women,,1,GOLD Arielle,USA,79.00,,https://www.fis-ski.com/DB/general/results.html?sectorcode=SB&raceid=10386,verified,wave2-fis-worlds,live-source
fis-snowboard-world-championships--2013,halfpipe,womens,,,open,women,,2,CRAWFORD Holly,AUS,77.25,,https://www.fis-ski.com/DB/general/results.html?sectorcode=SB&raceid=10386,verified,wave2-fis-worlds,live-source
fis-snowboard-world-championships--2013,halfpipe,womens,,,open,women,,3,RODRIGUEZ Sophie,FRA,72.50,,https://www.fis-ski.com/DB/general/results.html?sectorcode=SB&raceid=10386,verified,wave2-fis-worlds,live-source
fis-snowboard-world-championships--2013,parallel-giant-slalom,mens,,,open,men,,1,KARL Benjamin,AUT,,,https://www.fis-ski.com/DB/general/results.html?sectorcode=SB&raceid=10393,verified,wave2-fis-worlds,live-source
fis-snowboard-world-championships--2013,parallel-giant-slalom,mens,,,open,men,,2,FISCHNALLER Roland,ITA,,,https://www.fis-ski.com/DB/general/results.html?sectorcode=SB&raceid=10393,verified,wave2-fis-worlds,live-source
fis-snowboard-world-championships--2013,parallel-giant-slalom,mens,,,open,men,,3,WILD Vic,RUS,,,https://www.fis-ski.com/DB/general/results.html?sectorcode=SB&raceid=10393,verified,wave2-fis-worlds,live-source
fis-snowboard-world-championships--2013,parallel-giant-slalom,womens,,,open,women,,1,LABOECK Isabella,GER,,,https://www.fis-ski.com/DB/general/results.html?sectorcode=SB&raceid=10392,verified,wave2-fis-worlds,live-source
fis-snowboard-world-championships--2013,parallel-giant-slalom,womens,,,open,women,,2,DUJMOVITS Julia,AUT,,,https://www.fis-ski.com/DB/general/results.html?sectorcode=SB&raceid=10392,verified,wave2-fis-worlds,live-source
fis-snowboard-world-championships--2013,parallel-giant-slalom,womens,,,open,women,,3,KOBER Amelie,GER,,,https://www.fis-ski.com/DB/general/results.html?sectorcode=SB&raceid=10392,verified,wave2-fis-worlds,live-source
fis-snowboard-world-championships--2013,parallel-slalom,mens,,,open,men,,1,MARGUC Rok,SLO,,,https://www.fis-ski.com/DB/general/results.html?sectorcode=SB&raceid=10395,verified,wave2-fis-worlds,live-source
fis-snowboard-world-championships--2013,parallel-slalom,mens,,,open,men,,2,REITER Justin,USA,,,https://www.fis-ski.com/DB/general/results.html?sectorcode=SB&raceid=10395,verified,wave2-fis-worlds,live-source
fis-snowboard-world-championships--2013,parallel-slalom,mens,,,open,men,,3,FISCHNALLER Roland,ITA,,,https://www.fis-ski.com/DB/general/results.html?sectorcode=SB&raceid=10395,verified,wave2-fis-worlds,live-source
fis-snowboard-world-championships--2013,parallel-slalom,womens,,,open,women,,1,TUDEGESHEVA Ekaterina,RUS,,,https://www.fis-ski.com/DB/general/results.html?sectorcode=SB&raceid=10394,verified,wave2-fis-worlds,live-source
fis-snowboard-world-championships--2013,parallel-slalom,womens,,,open,women,,2,KUMMER Patrizia,SUI,,,https://www.fis-ski.com/DB/general/results.html?sectorcode=SB&raceid=10394,verified,wave2-fis-worlds,live-source
fis-snowboard-world-championships--2013,parallel-slalom,womens,,,open,women,,3,KOBER Amelie,GER,,,https://www.fis-ski.com/DB/general/results.html?sectorcode=SB&raceid=10394,verified,wave2-fis-worlds,live-source
fis-snowboard-world-championships--2013,slopestyle,mens,,,open,men,,1,TONTERI Roope,FIN,93.75,,https://www.fis-ski.com/DB/general/results.html?sectorcode=SB&raceid=10384,verified,wave2-fis-worlds,live-source
fis-snowboard-world-championships--2013,slopestyle,mens,,,open,men,,2,MCMORRIS Mark,CAN,92.50,,https://www.fis-ski.com/DB/general/results.html?sectorcode=SB&raceid=10384,verified,wave2-fis-worlds,live-source
fis-snowboard-world-championships--2013,slopestyle,mens,,,open,men,,3,KORPI Janne,FIN,90.75,,https://www.fis-ski.com/DB/general/results.html?sectorcode=SB&raceid=10384,verified,wave2-fis-worlds,live-source
fis-snowboard-world-championships--2013,slopestyle,womens,,,open,women,,1,O'BRIEN Spencer,CAN,93.25,,https://www.fis-ski.com/DB/general/results.html?sectorcode=SB&raceid=10383,verified,wave2-fis-worlds,live-source
fis-snowboard-world-championships--2013,slopestyle,womens,,,open,women,,2,CANDRIAN Sina,SUI,81.50,,https://www.fis-ski.com/DB/general/results.html?sectorcode=SB&raceid=10383,verified,wave2-fis-worlds,live-source
fis-snowboard-world-championships--2013,slopestyle,womens,,,open,women,,3,BRIGHT Torah,AUS,77.50,,https://www.fis-ski.com/DB/general/results.html?sectorcode=SB&raceid=10383,verified,wave2-fis-worlds,live-source
fis-snowboard-world-championships--2015,big-air,mens,,,open,men,,1,TONTERI Roope,FIN,173.75,,https://www.fis-ski.com/DB/general/results.html?sectorcode=SB&raceid=11874,verified,wave2-fis-worlds,live-source
fis-snowboard-world-championships--2015,big-air,mens,,,open,men,,2,SHARPE Darcy,CAN,169.50,,https://www.fis-ski.com/DB/general/results.html?sectorcode=SB&raceid=11874,verified,wave2-fis-worlds,live-source
fis-snowboard-world-championships--2015,big-air,mens,,,open,men,,3,MACK Kyle,USA,163.50,,https://www.fis-ski.com/DB/general/results.html?sectorcode=SB&raceid=11874,verified,wave2-fis-worlds,live-source
fis-snowboard-world-championships--2015,big-air,womens,,,open,women,,1,KOENZ Elena,SUI,157.75,,https://www.fis-ski.com/DB/general/results.html?sectorcode=SB&raceid=12272,verified,wave2-fis-worlds,live-source
fis-snowboard-world-championships--2015,big-air,womens,,,open,women,,2,ENNE Merika,FIN,148.75,,https://www.fis-ski.com/DB/general/results.html?sectorcode=SB&raceid=12272,verified,wave2-fis-worlds,live-source
fis-snowboard-world-championships--2015,big-air,womens,,,open,women,,3,CANDRIAN Sina,SUI,143.25,,https://www.fis-ski.com/DB/general/results.html?sectorcode=SB&raceid=12272,verified,wave2-fis-worlds,live-source
fis-snowboard-world-championships--2015,boardercross,mens,,,open,men,,1,MATTEOTTI Luca,ITA,,,https://www.fis-ski.com/DB/general/results.html?sectorcode=SB&raceid=11705,verified,wave2-fis-worlds,live-source
fis-snowboard-world-championships--2015,boardercross,mens,,,open,men,,2,HILL Kevin,CAN,,,https://www.fis-ski.com/DB/general/results.html?sectorcode=SB&raceid=11705,verified,wave2-fis-worlds,live-source
fis-snowboard-world-championships--2015,boardercross,mens,,,open,men,,3,BAUMGARTNER Nick,USA,,,https://www.fis-ski.com/DB/general/results.html?sectorcode=SB&raceid=11705,verified,wave2-fis-worlds,live-source
fis-snowboard-world-championships--2015,boardercross,womens,,,open,women,,1,JACOBELLIS Lindsey,USA,,,https://www.fis-ski.com/DB/general/results.html?sectorcode=SB&raceid=11704,verified,wave2-fis-worlds,live-source
fis-snowboard-world-championships--2015,boardercross,womens,,,open,women,,2,MOENNE LOCCOZ Nelly,FRA,,,https://www.fis-ski.com/DB/general/results.html?sectorcode=SB&raceid=11704,verified,wave2-fis-worlds,live-source
fis-snowboard-world-championships--2015,boardercross,womens,,,open,women,,3,MOIOLI Michela,ITA,,,https://www.fis-ski.com/DB/general/results.html?sectorcode=SB&raceid=11704,verified,wave2-fis-worlds,live-source
fis-snowboard-world-championships--2015,halfpipe,mens,,,open,men,,1,JAMES Scotty,AUS,91.50,,https://www.fis-ski.com/DB/general/results.html?sectorcode=SB&raceid=11709,verified,wave2-fis-worlds,live-source
fis-snowboard-world-championships--2015,halfpipe,mens,,,open,men,,2,ZHANG Yiwei,CHN,89.50,,https://www.fis-ski.com/DB/general/results.html?sectorcode=SB&raceid=11709,verified,wave2-fis-worlds,live-source
fis-snowboard-world-championships--2015,halfpipe,mens,,,open,men,,3,RAVNJAK Tim-Kevin,SLO,89.25,,https://www.fis-ski.com/DB/general/results.html?sectorcode=SB&raceid=11709,verified,wave2-fis-worlds,live-source
fis-snowboard-world-championships--2015,halfpipe,womens,,,open,women,,1,CAI Xuetong,CHN,94.25,,https://www.fis-ski.com/DB/general/results.html?sectorcode=SB&raceid=11708,verified,wave2-fis-worlds,live-source
fis-snowboard-world-championships--2015,halfpipe,womens,,,open,women,,2,CASTELLET Queralt,ESP,81.25,,https://www.fis-ski.com/DB/general/results.html?sectorcode=SB&raceid=11708,verified,wave2-fis-worlds,live-source
fis-snowboard-world-championships--2015,halfpipe,womens,,,open,women,,3,GRIMAL Clemence,FRA,80.25,,https://www.fis-ski.com/DB/general/results.html?sectorcode=SB&raceid=11708,verified,wave2-fis-worlds,live-source
fis-snowboard-world-championships--2015,parallel-giant-slalom,mens,,,open,men,,1,SOBOLEV Andrey,RUS,,,https://www.fis-ski.com/DB/general/results.html?sectorcode=SB&raceid=11813,verified,wave2-fis-worlds,live-source
fis-snowboard-world-championships--2015,parallel-giant-slalom,mens,,,open,men,,2,KOSIR Zan,SLO,,,https://www.fis-ski.com/DB/general/results.html?sectorcode=SB&raceid=11813,verified,wave2-fis-worlds,live-source
fis-snowboard-world-championships--2015,parallel-giant-slalom,mens,,,open,men,,3,KARL Benjamin,AUT,,,https://www.fis-ski.com/DB/general/results.html?sectorcode=SB&raceid=11813,verified,wave2-fis-worlds,live-source
fis-snowboard-world-championships--2015,parallel-giant-slalom,womens,,,open,women,,1,RIEGLER Claudia,AUT,,,https://www.fis-ski.com/DB/general/results.html?sectorcode=SB&raceid=11812,verified,wave2-fis-worlds,live-source
fis-snowboard-world-championships--2015,parallel-giant-slalom,womens,,,open,women,,2,ZAVARZINA Alena,RUS,,,https://www.fis-ski.com/DB/general/results.html?sectorcode=SB&raceid=11812,verified,wave2-fis-worlds,live-source
fis-snowboard-world-championships--2015,parallel-giant-slalom,womens,,,open,women,,3,TAKEUCHI Tomoka,JPN,,,https://www.fis-ski.com/DB/general/results.html?sectorcode=SB&raceid=11812,verified,wave2-fis-worlds,live-source
fis-snowboard-world-championships--2015,parallel-slalom,mens,,,open,men,,1,FISCHNALLER Roland,ITA,,,https://www.fis-ski.com/DB/general/results.html?sectorcode=SB&raceid=11715,verified,wave2-fis-worlds,live-source
fis-snowboard-world-championships--2015,parallel-slalom,mens,,,open,men,,2,SOBOLEV Andrey,RUS,,,https://www.fis-ski.com/DB/general/results.html?sectorcode=SB&raceid=11715,verified,wave2-fis-worlds,live-source
fis-snowboard-world-championships--2015,parallel-slalom,mens,,,open,men,,3,MARGUC Rok,SLO,,,https://www.fis-ski.com/DB/general/results.html?sectorcode=SB&raceid=11715,verified,wave2-fis-worlds,live-source
fis-snowboard-world-championships--2015,parallel-slalom,womens,,,open,women,,1,LEDECKA Ester,CZE,,,https://www.fis-ski.com/DB/general/results.html?sectorcode=SB&raceid=11714,verified,wave2-fis-worlds,live-source
fis-snowboard-world-championships--2015,parallel-slalom,womens,,,open,women,,2,DUJMOVITS Julia,AUT,,,https://www.fis-ski.com/DB/general/results.html?sectorcode=SB&raceid=11714,verified,wave2-fis-worlds,live-source
fis-snowboard-world-championships--2015,parallel-slalom,womens,,,open,women,,3,KREINER Marion,AUT,,,https://www.fis-ski.com/DB/general/results.html?sectorcode=SB&raceid=11714,verified,wave2-fis-worlds,live-source
fis-snowboard-world-championships--2015,slopestyle,mens,,,open,men,,1,STASSEL Ryan,USA,97.50,,https://www.fis-ski.com/DB/general/results.html?sectorcode=SB&raceid=11713,verified,wave2-fis-worlds,live-source
fis-snowboard-world-championships--2015,slopestyle,mens,,,open,men,,2,TONTERI Roope,FIN,93.75,,https://www.fis-ski.com/DB/general/results.html?sectorcode=SB&raceid=11713,verified,wave2-fis-worlds,live-source
fis-snowboard-world-championships--2015,slopestyle,mens,,,open,men,,3,MACK Kyle,USA,92.75,,https://www.fis-ski.com/DB/general/results.html?sectorcode=SB&raceid=11713,verified,wave2-fis-worlds,live-source
fis-snowboard-world-championships--2015,slopestyle,womens,,,open,women,,1,ONITSUKA Miyabi,JPN,92.50,,https://www.fis-ski.com/DB/general/results.html?sectorcode=SB&raceid=11712,verified,wave2-fis-worlds,live-source
fis-snowboard-world-championships--2015,slopestyle,womens,,,open,women,,2,GASSER Anna,AUT,89.50,,https://www.fis-ski.com/DB/general/results.html?sectorcode=SB&raceid=11712,verified,wave2-fis-worlds,live-source
fis-snowboard-world-championships--2015,slopestyle,womens,,,open,women,,3,MEDLOVA Klaudia,SVK,84.25,,https://www.fis-ski.com/DB/general/results.html?sectorcode=SB&raceid=11712,verified,wave2-fis-worlds,live-source
fis-snowboard-world-championships--2017,big-air,mens,,,open,men,,1,SANDBECH Staale,NOR,188.25,,https://www.fis-ski.com/DB/general/results.html?sectorcode=SB&raceid=13341,verified,wave2-fis-worlds,live-source
fis-snowboard-world-championships--2017,big-air,mens,,,open,men,,2,CORNING Chris,USA,182.75,,https://www.fis-ski.com/DB/general/results.html?sectorcode=SB&raceid=13341,verified,wave2-fis-worlds,live-source
fis-snowboard-world-championships--2017,big-air,mens,,,open,men,,3,KLEVELAND Marcus,NOR,177.25,,https://www.fis-ski.com/DB/general/results.html?sectorcode=SB&raceid=13341,verified,wave2-fis-worlds,live-source
fis-snowboard-world-championships--2017,big-air,womens,,,open,women,,1,GASSER Anna,AUT,189.50,,https://www.fis-ski.com/DB/general/results.html?sectorcode=SB&raceid=13340,verified,wave2-fis-worlds,live-source
fis-snowboard-world-championships--2017,big-air,womens,,,open,women,,2,RUKAJARVI Enni,FIN,165.25,,https://www.fis-ski.com/DB/general/results.html?sectorcode=SB&raceid=13340,verified,wave2-fis-worlds,live-source
fis-snowboard-world-championships--2017,big-air,womens,,,open,women,,3,NORENDAL Silje,NOR,162.75,,https://www.fis-ski.com/DB/general/results.html?sectorcode=SB&raceid=13340,verified,wave2-fis-worlds,live-source
fis-snowboard-world-championships--2017,boardercross,mens,,,open,men,,1,VAULTIER Pierre,FRA,,,https://www.fis-ski.com/DB/general/results.html?sectorcode=SB&raceid=13331,verified,wave2-fis-worlds,live-source
fis-snowboard-world-championships--2017,boardercross,mens,,,open,men,,2,EGUIBAR Lucas,ESP,,,https://www.fis-ski.com/DB/general/results.html?sectorcode=SB&raceid=13331,verified,wave2-fis-worlds,live-source
fis-snowboard-world-championships--2017,boardercross,mens,,,open,men,,3,PULLIN Alex,AUS,,,https://www.fis-ski.com/DB/general/results.html?sectorcode=SB&raceid=13331,verified,wave2-fis-worlds,live-source
fis-snowboard-world-championships--2017,boardercross,womens,,,open,women,,1,JACOBELLIS Lindsey,USA,,,https://www.fis-ski.com/DB/general/results.html?sectorcode=SB&raceid=13330,verified,wave2-fis-worlds,live-source
fis-snowboard-world-championships--2017,boardercross,womens,,,open,women,,2,TRESPEUCH Chloe,FRA,,,https://www.fis-ski.com/DB/general/results.html?sectorcode=SB&raceid=13330,verified,wave2-fis-worlds,live-source
fis-snowboard-world-championships--2017,boardercross,womens,,,open,women,,3,MOIOLI Michela,ITA,,,https://www.fis-ski.com/DB/general/results.html?sectorcode=SB&raceid=13330,verified,wave2-fis-worlds,live-source
fis-snowboard-world-championships--2017,halfpipe,mens,,,open,men,,1,JAMES Scotty,AUS,97.50,,https://www.fis-ski.com/DB/general/results.html?sectorcode=SB&raceid=13327,verified,wave2-fis-worlds,live-source
fis-snowboard-world-championships--2017,halfpipe,mens,,,open,men,,2,PODLADTCHIKOV Iouri,SUI,93.25,,https://www.fis-ski.com/DB/general/results.html?sectorcode=SB&raceid=13327,verified,wave2-fis-worlds,live-source
fis-snowboard-world-championships--2017,halfpipe,mens,,,open,men,,3,BURGENER Patrick,SUI,90.50,,https://www.fis-ski.com/DB/general/results.html?sectorcode=SB&raceid=13327,verified,wave2-fis-worlds,live-source
fis-snowboard-world-championships--2017,halfpipe,womens,,,open,women,,1,CAI Xuetong,CHN,90.75,,https://www.fis-ski.com/DB/general/results.html?sectorcode=SB&raceid=13326,verified,wave2-fis-worlds,live-source
fis-snowboard-world-championships--2017,halfpipe,womens,,,open,women,,2,MATSUMOTO Haruna,JPN,84.75,,https://www.fis-ski.com/DB/general/results.html?sectorcode=SB&raceid=13326,verified,wave2-fis-worlds,live-source
fis-snowboard-world-championships--2017,halfpipe,womens,,,open,women,,3,GRIMAL Clemence,FRA,79.00,,https://www.fis-ski.com/DB/general/results.html?sectorcode=SB&raceid=13326,verified,wave2-fis-worlds,live-source
fis-snowboard-world-championships--2017,parallel-giant-slalom,mens,,,open,men,,1,PROMMEGGER Andreas,AUT,,,https://www.fis-ski.com/DB/general/results.html?sectorcode=SB&raceid=13335,verified,wave2-fis-worlds,live-source
fis-snowboard-world-championships--2017,parallel-giant-slalom,mens,,,open,men,,2,KARL Benjamin,AUT,,,https://www.fis-ski.com/DB/general/results.html?sectorcode=SB&raceid=13335,verified,wave2-fis-worlds,live-source
fis-snowboard-world-championships--2017,parallel-giant-slalom,mens,,,open,men,,3,GALMARINI Nevin,SUI,,,https://www.fis-ski.com/DB/general/results.html?sectorcode=SB&raceid=13335,verified,wave2-fis-worlds,live-source
fis-snowboard-world-championships--2017,parallel-giant-slalom,womens,,,open,women,,1,LEDECKA Ester,CZE,,,https://www.fis-ski.com/DB/general/results.html?sectorcode=SB&raceid=13334,verified,wave2-fis-worlds,live-source
fis-snowboard-world-championships--2017,parallel-giant-slalom,womens,,,open,women,,2,KUMMER Patrizia,SUI,,,https://www.fis-ski.com/DB/general/results.html?sectorcode=SB&raceid=13334,verified,wave2-fis-worlds,live-source
fis-snowboard-world-championships--2017,parallel-giant-slalom,womens,,,open,women,,3,TUDEGESHEVA Ekaterina,RUS,,,https://www.fis-ski.com/DB/general/results.html?sectorcode=SB&raceid=13334,verified,wave2-fis-worlds,live-source
fis-snowboard-world-championships--2017,parallel-slalom,mens,,,open,men,,1,PROMMEGGER Andreas,AUT,,,https://www.fis-ski.com/DB/general/results.html?sectorcode=SB&raceid=13337,verified,wave2-fis-worlds,live-source
fis-snowboard-world-championships--2017,parallel-slalom,mens,,,open,men,,2,KARL Benjamin,AUT,,,https://www.fis-ski.com/DB/general/results.html?sectorcode=SB&raceid=13337,verified,wave2-fis-worlds,live-source
fis-snowboard-world-championships--2017,parallel-slalom,mens,,,open,men,,3,SOBOLEV Andrey,RUS,,,https://www.fis-ski.com/DB/general/results.html?sectorcode=SB&raceid=13337,verified,wave2-fis-worlds,live-source
fis-snowboard-world-championships--2017,parallel-slalom,womens,,,open,women,,1,ULBING Daniela,AUT,,,https://www.fis-ski.com/DB/general/results.html?sectorcode=SB&raceid=13336,verified,wave2-fis-worlds,live-source
fis-snowboard-world-championships--2017,parallel-slalom,womens,,,open,women,,2,LEDECKA Ester,CZE,,,https://www.fis-ski.com/DB/general/results.html?sectorcode=SB&raceid=13336,verified,wave2-fis-worlds,live-source
fis-snowboard-world-championships--2017,parallel-slalom,womens,,,open,women,,3,ZAVARZINA Alena,RUS,,,https://www.fis-ski.com/DB/general/results.html?sectorcode=SB&raceid=13336,verified,wave2-fis-worlds,live-source
fis-snowboard-world-championships--2017,slopestyle,mens,,,open,men,,1,SMITS Seppe,BEL,91.40,,https://www.fis-ski.com/DB/general/results.html?sectorcode=SB&raceid=13325,verified,wave2-fis-worlds,live-source
fis-snowboard-world-championships--2017,slopestyle,mens,,,open,men,,2,HUBER Nicolas,SUI,83.25,,https://www.fis-ski.com/DB/general/results.html?sectorcode=SB&raceid=13325,verified,wave2-fis-worlds,live-source
fis-snowboard-world-championships--2017,slopestyle,mens,,,open,men,,3,CORNING Chris,USA,82.50,,https://www.fis-ski.com/DB/general/results.html?sectorcode=SB&raceid=13325,verified,wave2-fis-worlds,live-source
fis-snowboard-world-championships--2017,slopestyle,womens,,,open,women,,1,BLOUIN Laurie,CAN,78.00,,https://www.fis-ski.com/DB/general/results.html?sectorcode=SB&raceid=13324,verified,wave2-fis-worlds,live-source
fis-snowboard-world-championships--2017,slopestyle,womens,,,open,women,,2,SADOWSKI SYNNOTT Zoi,NZL,77.50,,https://www.fis-ski.com/DB/general/results.html?sectorcode=SB&raceid=13324,verified,wave2-fis-worlds,live-source
fis-snowboard-world-championships--2017,slopestyle,womens,,,open,women,,3,ONITSUKA Miyabi,JPN,77.40,,https://www.fis-ski.com/DB/general/results.html?sectorcode=SB&raceid=13324,verified,wave2-fis-worlds,live-source
fis-snowboard-world-championships--2017,team,mens,,,open,men,Snowboard Cross Team,1,USA 1 (KEARNEY Hagen / BAUMGARTNER Nick),USA,,,https://www.fis-ski.com/DB/general/results.html?sectorcode=SB&raceid=13333,verified,wave2-fis-worlds,live-source
fis-snowboard-world-championships--2017,team,mens,,,open,men,Snowboard Cross Team,2,SPAIN 1 (EGUIBAR Lucas / HERNANDEZ Regino),ESP,,,https://www.fis-ski.com/DB/general/results.html?sectorcode=SB&raceid=13333,verified,wave2-fis-worlds,live-source
fis-snowboard-world-championships--2017,team,mens,,,open,men,Snowboard Cross Team,3,CANADA 1 (HILL Kevin / ROBANSKE Christopher),CAN,,,https://www.fis-ski.com/DB/general/results.html?sectorcode=SB&raceid=13333,verified,wave2-fis-worlds,live-source
fis-snowboard-world-championships--2017,team,womens,,,open,women,Snowboard Cross Team,1,FRANCE 1 (MOENNE LOCCOZ Nelly / TRESPEUCH Chloe),FRA,,,https://www.fis-ski.com/DB/general/results.html?sectorcode=SB&raceid=13332,verified,wave2-fis-worlds,live-source
fis-snowboard-world-championships--2017,team,womens,,,open,women,Snowboard Cross Team,2,FRANCE 2 (PETIT Manon / BANKES Charlotte),FRA,,,https://www.fis-ski.com/DB/general/results.html?sectorcode=SB&raceid=13332,verified,wave2-fis-worlds,live-source
fis-snowboard-world-championships--2017,team,womens,,,open,women,Snowboard Cross Team,3,USA 1 (JACOBELLIS Lindsey / GULINI Faye),USA,,,https://www.fis-ski.com/DB/general/results.html?sectorcode=SB&raceid=13332,verified,wave2-fis-worlds,live-source
fis-snowboard-world-championships--2019,boardercross,mens,,,open,men,,1,DIERDORFF Mick,USA,,,https://www.fis-ski.com/DB/general/results.html?sectorcode=SB&raceid=15328,verified,wave2-fis-worlds,live-source
fis-snowboard-world-championships--2019,boardercross,mens,,,open,men,,2,DOUSCHAN Hanno,AUT,,,https://www.fis-ski.com/DB/general/results.html?sectorcode=SB&raceid=15328,verified,wave2-fis-worlds,live-source
fis-snowboard-world-championships--2019,boardercross,mens,,,open,men,,3,PERATHONER Emanuel,ITA,,,https://www.fis-ski.com/DB/general/results.html?sectorcode=SB&raceid=15328,verified,wave2-fis-worlds,live-source
fis-snowboard-world-championships--2019,boardercross,womens,,,open,women,,1,SAMKOVA Eva,CZE,,,https://www.fis-ski.com/DB/general/results.html?sectorcode=SB&raceid=15327,verified,wave2-fis-worlds,live-source
fis-snowboard-world-championships--2019,boardercross,womens,,,open,women,,2,BANKES Charlotte,GBR,,,https://www.fis-ski.com/DB/general/results.html?sectorcode=SB&raceid=15327,verified,wave2-fis-worlds,live-source
fis-snowboard-world-championships--2019,boardercross,womens,,,open,women,,3,MOIOLI Michela,ITA,,,https://www.fis-ski.com/DB/general/results.html?sectorcode=SB&raceid=15327,verified,wave2-fis-worlds,live-source
fis-snowboard-world-championships--2019,halfpipe,mens,,,open,men,,1,JAMES Scotty,AUS,97.50,,https://www.fis-ski.com/DB/general/results.html?sectorcode=SB&raceid=15340,verified,wave2-fis-worlds,live-source
fis-snowboard-world-championships--2019,halfpipe,mens,,,open,men,,2,TOTSUKA Yuto,JPN,92.25,,https://www.fis-ski.com/DB/general/results.html?sectorcode=SB&raceid=15340,verified,wave2-fis-worlds,live-source
fis-snowboard-world-championships--2019,halfpipe,mens,,,open,men,,3,BURGENER Patrick,SUI,91.25,,https://www.fis-ski.com/DB/general/results.html?sectorcode=SB&raceid=15340,verified,wave2-fis-worlds,live-source
fis-snowboard-world-championships--2019,halfpipe,womens,,,open,women,,1,KIM Chloe,USA,93.50,,https://www.fis-ski.com/DB/general/results.html?sectorcode=SB&raceid=15339,verified,wave2-fis-worlds,live-source
fis-snowboard-world-championships--2019,halfpipe,womens,,,open,women,,2,CAI Xuetong,CHN,84.00,,https://www.fis-ski.com/DB/general/results.html?sectorcode=SB&raceid=15339,verified,wave2-fis-worlds,live-source
fis-snowboard-world-championships--2019,halfpipe,womens,,,open,women,,3,MASTRO Maddie,USA,82.00,,https://www.fis-ski.com/DB/general/results.html?sectorcode=SB&raceid=15339,verified,wave2-fis-worlds,live-source
fis-snowboard-world-championships--2019,parallel-giant-slalom,mens,,,open,men,,1,LOGINOV Dmitry,RUS,,,https://www.fis-ski.com/DB/general/results.html?sectorcode=SB&raceid=15332,verified,wave2-fis-worlds,live-source
fis-snowboard-world-championships--2019,parallel-giant-slalom,mens,,,open,men,,2,MASTNAK Tim,SLO,,,https://www.fis-ski.com/DB/general/results.html?sectorcode=SB&raceid=15332,verified,wave2-fis-worlds,live-source
fis-snowboard-world-championships--2019,parallel-giant-slalom,mens,,,open,men,,3,BAUMEISTER Stefan,GER,,,https://www.fis-ski.com/DB/general/results.html?sectorcode=SB&raceid=15332,verified,wave2-fis-worlds,live-source
fis-snowboard-world-championships--2019,parallel-giant-slalom,womens,,,open,women,,1,JOERG Selina,GER,,,https://www.fis-ski.com/DB/general/results.html?sectorcode=SB&raceid=15331,verified,wave2-fis-worlds,live-source
fis-snowboard-world-championships--2019,parallel-giant-slalom,womens,,,open,women,,2,SOBOLEVA Natalia,RUS,,,https://www.fis-ski.com/DB/general/results.html?sectorcode=SB&raceid=15331,verified,wave2-fis-worlds,live-source
fis-snowboard-world-championships--2019,parallel-giant-slalom,womens,,,open,women,,3,JENNY Ladina,SUI,,,https://www.fis-ski.com/DB/general/results.html?sectorcode=SB&raceid=15331,verified,wave2-fis-worlds,live-source
fis-snowboard-world-championships--2019,parallel-slalom,mens,,,open,men,,1,LOGINOV Dmitry,RUS,,,https://www.fis-ski.com/DB/general/results.html?sectorcode=SB&raceid=15334,verified,wave2-fis-worlds,live-source
fis-snowboard-world-championships--2019,parallel-slalom,mens,,,open,men,,2,FISCHNALLER Roland,ITA,,,https://www.fis-ski.com/DB/general/results.html?sectorcode=SB&raceid=15334,verified,wave2-fis-worlds,live-source
fis-snowboard-world-championships--2019,parallel-slalom,mens,,,open,men,,3,BAUMEISTER Stefan,GER,,,https://www.fis-ski.com/DB/general/results.html?sectorcode=SB&raceid=15334,verified,wave2-fis-worlds,live-source
fis-snowboard-world-championships--2019,parallel-slalom,womens,,,open,women,,1,ZOGG Julie,SUI,,,https://www.fis-ski.com/DB/general/results.html?sectorcode=SB&raceid=15333,verified,wave2-fis-worlds,live-source
fis-snowboard-world-championships--2019,parallel-slalom,womens,,,open,women,,2,DANCHA Annamari,UKR,,,https://www.fis-ski.com/DB/general/results.html?sectorcode=SB&raceid=15333,verified,wave2-fis-worlds,live-source
fis-snowboard-world-championships--2019,parallel-slalom,womens,,,open,women,,3,HOFMEISTER Ramona Theresia,GER,,,https://www.fis-ski.com/DB/general/results.html?sectorcode=SB&raceid=15333,verified,wave2-fis-worlds,live-source
fis-snowboard-world-championships--2019,slopestyle,mens,,,open,men,,1,CORNING Chris,USA,93.25,,https://www.fis-ski.com/DB/general/results.html?sectorcode=SB&raceid=15344,verified,wave2-fis-worlds,live-source
fis-snowboard-world-championships--2019,slopestyle,mens,,,open,men,,2,MCMORRIS Mark,CAN,93.00,,https://www.fis-ski.com/DB/general/results.html?sectorcode=SB&raceid=15344,verified,wave2-fis-worlds,live-source
fis-snowboard-world-championships--2019,slopestyle,mens,,,open,men,,3,HENKES Judd,USA,90.50,,https://www.fis-ski.com/DB/general/results.html?sectorcode=SB&raceid=15344,verified,wave2-fis-worlds,live-source
fis-snowboard-world-championships--2019,slopestyle,womens,,,open,women,,1,SADOWSKI SYNNOTT Zoi,NZL,91.75,,https://www.fis-ski.com/DB/general/results.html?sectorcode=SB&raceid=15343,verified,wave2-fis-worlds,live-source
fis-snowboard-world-championships--2019,slopestyle,womens,,,open,women,,2,NORENDAL Silje,NOR,88.75,,https://www.fis-ski.com/DB/general/results.html?sectorcode=SB&raceid=15343,verified,wave2-fis-worlds,live-source
fis-snowboard-world-championships--2019,slopestyle,womens,,,open,women,,3,ANDERSON Jamie,USA,87.25,,https://www.fis-ski.com/DB/general/results.html?sectorcode=SB&raceid=15343,verified,wave2-fis-worlds,live-source
fis-snowboard-world-championships--2019,team,open,,,open,mixed,Snowboard Cross Team,1,USA 1 (DIERDORFF Mick / JACOBELLIS Lindsey),USA,,,https://www.fis-ski.com/DB/general/results.html?sectorcode=SB&raceid=15329,verified,wave2-fis-worlds,live-source
fis-snowboard-world-championships--2019,team,open,,,open,mixed,Snowboard Cross Team,2,ITALY 1 (VISINTIN Omar / MOIOLI Michela),ITA,,,https://www.fis-ski.com/DB/general/results.html?sectorcode=SB&raceid=15329,verified,wave2-fis-worlds,live-source
fis-snowboard-world-championships--2019,team,open,,,open,mixed,Snowboard Cross Team,3,GERMANY 1 (BERG Paul / IHEDIOHA Hanna),GER,,,https://www.fis-ski.com/DB/general/results.html?sectorcode=SB&raceid=15329,verified,wave2-fis-worlds,live-source
fis-snowboard-world-championships--2021,big-air,mens,,,open,men,,1,MCMORRIS Mark,CAN,179.25,,https://www.fis-ski.com/DB/general/results.html?sectorcode=SB&raceid=17516,verified,wave2-fis-worlds,live-source
fis-snowboard-world-championships--2021,big-air,mens,,,open,men,,2,PARROT Max,CAN,178.25,,https://www.fis-ski.com/DB/general/results.html?sectorcode=SB&raceid=17516,verified,wave2-fis-worlds,live-source
fis-snowboard-world-championships--2021,big-air,mens,,,open,men,,3,KLEVELAND Marcus,NOR,176.25,,https://www.fis-ski.com/DB/general/results.html?sectorcode=SB&raceid=17516,verified,wave2-fis-worlds,live-source
fis-snowboard-world-championships--2021,big-air,womens,,,open,women,,1,BLOUIN Laurie,CAN,177.75,,https://www.fis-ski.com/DB/general/results.html?sectorcode=SB&raceid=17515,verified,wave2-fis-worlds,live-source
fis-snowboard-world-championships--2021,big-air,womens,,,open,women,,2,SADOWSKI SYNNOTT Zoi,NZL,176.75,,https://www.fis-ski.com/DB/general/results.html?sectorcode=SB&raceid=17515,verified,wave2-fis-worlds,live-source
fis-snowboard-world-championships--2021,big-air,womens,,,open,women,,3,ONITSUKA Miyabi,JPN,174.75,,https://www.fis-ski.com/DB/general/results.html?sectorcode=SB&raceid=17515,verified,wave2-fis-worlds,live-source
fis-snowboard-world-championships--2021,boardercross,mens,,,open,men,,1,EGUIBAR Lucas,ESP,,,https://www.fis-ski.com/DB/general/results.html?sectorcode=SB&raceid=17506,verified,wave2-fis-worlds,live-source
fis-snowboard-world-championships--2021,boardercross,mens,,,open,men,,2,HAEMMERLE Alessandro,AUT,,,https://www.fis-ski.com/DB/general/results.html?sectorcode=SB&raceid=17506,verified,wave2-fis-worlds,live-source
fis-snowboard-world-championships--2021,boardercross,mens,,,open,men,,3,GRONDIN Eliot,CAN,,,https://www.fis-ski.com/DB/general/results.html?sectorcode=SB&raceid=17506,verified,wave2-fis-worlds,live-source
fis-snowboard-world-championships--2021,boardercross,womens,,,open,women,,1,BANKES Charlotte,GBR,,,https://www.fis-ski.com/DB/general/results.html?sectorcode=SB&raceid=17505,verified,wave2-fis-worlds,live-source
fis-snowboard-world-championships--2021,boardercross,womens,,,open,women,,2,MOIOLI Michela,ITA,,,https://www.fis-ski.com/DB/general/results.html?sectorcode=SB&raceid=17505,verified,wave2-fis-worlds,live-source
fis-snowboard-world-championships--2021,boardercross,womens,,,open,women,,3,SAMKOVA Eva,CZE,,,https://www.fis-ski.com/DB/general/results.html?sectorcode=SB&raceid=17505,verified,wave2-fis-worlds,live-source
fis-snowboard-world-championships--2021,halfpipe,mens,,,open,men,,1,TOTSUKA Yuto,JPN,96.25,,https://www.fis-ski.com/DB/general/results.html?sectorcode=SB&raceid=17504,verified,wave2-fis-worlds,live-source
fis-snowboard-world-championships--2021,halfpipe,mens,,,open,men,,2,JAMES Scotty,AUS,90.50,,https://www.fis-ski.com/DB/general/results.html?sectorcode=SB&raceid=17504,verified,wave2-fis-worlds,live-source
fis-snowboard-world-championships--2021,halfpipe,mens,,,open,men,,3,SCHERRER Jan,SUI,87.00,,https://www.fis-ski.com/DB/general/results.html?sectorcode=SB&raceid=17504,verified,wave2-fis-worlds,live-source
fis-snowboard-world-championships--2021,halfpipe,womens,,,open,women,,1,KIM Chloe,USA,93.75,,https://www.fis-ski.com/DB/general/results.html?sectorcode=SB&raceid=17503,verified,wave2-fis-worlds,live-source
fis-snowboard-world-championships--2021,halfpipe,womens,,,open,women,,2,MASTRO Maddie,USA,89.00,,https://www.fis-ski.com/DB/general/results.html?sectorcode=SB&raceid=17503,verified,wave2-fis-worlds,live-source
fis-snowboard-world-championships--2021,halfpipe,womens,,,open,women,,3,CASTELLET Queralt,ESP,87.50,,https://www.fis-ski.com/DB/general/results.html?sectorcode=SB&raceid=17503,verified,wave2-fis-worlds,live-source
fis-snowboard-world-championships--2021,parallel-giant-slalom,mens,,,open,men,,1,LOGINOV Dmitry,RSF,,,https://www.fis-ski.com/DB/general/results.html?sectorcode=SB&raceid=17514,verified,wave2-fis-worlds,live-source
fis-snowboard-world-championships--2021,parallel-giant-slalom,mens,,,open,men,,2,FISCHNALLER Roland,ITA,,,https://www.fis-ski.com/DB/general/results.html?sectorcode=SB&raceid=17514,verified,wave2-fis-worlds,live-source
fis-snowboard-world-championships--2021,parallel-giant-slalom,mens,,,open,men,,3,SOBOLEV Andrey,RSF,,,https://www.fis-ski.com/DB/general/results.html?sectorcode=SB&raceid=17514,verified,wave2-fis-worlds,live-source
fis-snowboard-world-championships--2021,parallel-giant-slalom,womens,,,open,women,,1,JOERG Selina,GER,,,https://www.fis-ski.com/DB/general/results.html?sectorcode=SB&raceid=17513,verified,wave2-fis-worlds,live-source
fis-snowboard-world-championships--2021,parallel-giant-slalom,womens,,,open,women,,2,NADYRSHINA Sofia,RSF,,,https://www.fis-ski.com/DB/general/results.html?sectorcode=SB&raceid=17513,verified,wave2-fis-worlds,live-source
fis-snowboard-world-championships--2021,parallel-giant-slalom,womens,,,open,women,,3,DUJMOVITS Julia,AUT,,,https://www.fis-ski.com/DB/general/results.html?sectorcode=SB&raceid=17513,verified,wave2-fis-worlds,live-source
fis-snowboard-world-championships--2021,parallel-slalom,mens,,,open,men,,1,KARL Benjamin,AUT,,,https://www.fis-ski.com/DB/general/results.html?sectorcode=SB&raceid=17518,verified,wave2-fis-worlds,live-source
fis-snowboard-world-championships--2021,parallel-slalom,mens,,,open,men,,2,PROMMEGGER Andreas,AUT,,,https://www.fis-ski.com/DB/general/results.html?sectorcode=SB&raceid=17518,verified,wave2-fis-worlds,live-source
fis-snowboard-world-championships--2021,parallel-slalom,mens,,,open,men,,3,LOGINOV Dmitry,RSF,,,https://www.fis-ski.com/DB/general/results.html?sectorcode=SB&raceid=17518,verified,wave2-fis-worlds,live-source
fis-snowboard-world-championships--2021,parallel-slalom,womens,,,open,women,,1,NADYRSHINA Sofia,RSF,,,https://www.fis-ski.com/DB/general/results.html?sectorcode=SB&raceid=17517,verified,wave2-fis-worlds,live-source
fis-snowboard-world-championships--2021,parallel-slalom,womens,,,open,women,,2,HOFMEISTER Ramona Theresia,GER,,,https://www.fis-ski.com/DB/general/results.html?sectorcode=SB&raceid=17517,verified,wave2-fis-worlds,live-source
fis-snowboard-world-championships--2021,parallel-slalom,womens,,,open,women,,3,JOERG Selina,GER,,,https://www.fis-ski.com/DB/general/results.html?sectorcode=SB&raceid=17517,verified,wave2-fis-worlds,live-source
fis-snowboard-world-championships--2021,slopestyle,mens,,,open,men,,1,KLEVELAND Marcus,NOR,90.66,,https://www.fis-ski.com/DB/general/results.html?sectorcode=SB&raceid=17678,verified,wave2-fis-worlds,live-source
fis-snowboard-world-championships--2021,slopestyle,mens,,,open,men,,2,TOUTANT Sebastien,CAN,82.53,,https://www.fis-ski.com/DB/general/results.html?sectorcode=SB&raceid=17678,verified,wave2-fis-worlds,live-source
fis-snowboard-world-championships--2021,slopestyle,mens,,,open,men,,3,RINNEKANGAS Rene,FIN,82.51,,https://www.fis-ski.com/DB/general/results.html?sectorcode=SB&raceid=17678,verified,wave2-fis-worlds,live-source
fis-snowboard-world-championships--2021,slopestyle,womens,,,open,women,,1,SADOWSKI SYNNOTT Zoi,NZL,85.95,,https://www.fis-ski.com/DB/general/results.html?sectorcode=SB&raceid=17677,verified,wave2-fis-worlds,live-source
fis-snowboard-world-championships--2021,slopestyle,womens,,,open,women,,2,ANDERSON Jamie,USA,81.10,,https://www.fis-ski.com/DB/general/results.html?sectorcode=SB&raceid=17677,verified,wave2-fis-worlds,live-source
fis-snowboard-world-championships--2021,slopestyle,womens,,,open,women,,3,COADY Tess,AUS,78.13,,https://www.fis-ski.com/DB/general/results.html?sectorcode=SB&raceid=17677,verified,wave2-fis-worlds,live-source
fis-snowboard-world-championships--2021,team,open,,,open,mixed,Snowboard Cross Team,1,AUSTRALIA 1 (HUGHES Jarryd / BROCKHOFF Belle),AUS,,,https://www.fis-ski.com/DB/general/results.html?sectorcode=SB&raceid=17508,verified,wave2-fis-worlds,live-source
fis-snowboard-world-championships--2021,team,open,,,open,mixed,Snowboard Cross Team,2,ITALY 1 (SOMMARIVA Lorenzo / MOIOLI Michela),ITA,,,https://www.fis-ski.com/DB/general/results.html?sectorcode=SB&raceid=17508,verified,wave2-fis-worlds,live-source
fis-snowboard-world-championships--2021,team,open,,,open,mixed,Snowboard Cross Team,3,FRANCE 2 (LE BLE JAQUES Leo / PEREIRA DE SOUSA MABILEAU Julia),FRA,,,https://www.fis-ski.com/DB/general/results.html?sectorcode=SB&raceid=17508,verified,wave2-fis-worlds,live-source
fis-snowboard-world-championships--2023,big-air,mens,,,open,men,,1,HASEGAWA Taiga,JPN,177.25,,https://www.fis-ski.com/DB/general/results.html?sectorcode=SB&raceid=19972,verified,wave2-fis-worlds,live-source
fis-snowboard-world-championships--2023,big-air,mens,,,open,men,,2,ROISLAND Mons,NOR,157.25,,https://www.fis-ski.com/DB/general/results.html?sectorcode=SB&raceid=19972,verified,wave2-fis-worlds,live-source
fis-snowboard-world-championships--2023,big-air,mens,,,open,men,,3,HUBER Nicolas,SUI,150.50,,https://www.fis-ski.com/DB/general/results.html?sectorcode=SB&raceid=19972,verified,wave2-fis-worlds,live-source
fis-snowboard-world-championships--2023,big-air,womens,,,open,women,,1,GASSER Anna,AUT,162.50,,https://www.fis-ski.com/DB/general/results.html?sectorcode=SB&raceid=19971,verified,wave2-fis-worlds,live-source
fis-snowboard-world-championships--2023,big-air,womens,,,open,women,,2,ONITSUKA Miyabi,JPN,161.25,,https://www.fis-ski.com/DB/general/results.html?sectorcode=SB&raceid=19971,verified,wave2-fis-worlds,live-source
fis-snowboard-world-championships--2023,big-air,womens,,,open,women,,3,COADY Tess,AUS,153.25,,https://www.fis-ski.com/DB/general/results.html?sectorcode=SB&raceid=19971,verified,wave2-fis-worlds,live-source
fis-snowboard-world-championships--2023,boardercross,mens,,,open,men,,1,DUSEK Jakob,AUT,,,https://www.fis-ski.com/DB/general/results.html?sectorcode=SB&raceid=19967,verified,wave2-fis-worlds,live-source
fis-snowboard-world-championships--2023,boardercross,mens,,,open,men,,2,NOERL Martin,GER,,,https://www.fis-ski.com/DB/general/results.html?sectorcode=SB&raceid=19967,verified,wave2-fis-worlds,live-source
fis-snowboard-world-championships--2023,boardercross,mens,,,open,men,,3,VISINTIN Omar,ITA,,,https://www.fis-ski.com/DB/general/results.html?sectorcode=SB&raceid=19967,verified,wave2-fis-worlds,live-source
fis-snowboard-world-championships--2023,boardercross,womens,,,open,women,,1,ADAMCZYKOVA Eva,CZE,,,https://www.fis-ski.com/DB/general/results.html?sectorcode=SB&raceid=19966,verified,wave2-fis-worlds,live-source
fis-snowboard-world-championships--2023,boardercross,womens,,,open,women,,2,BAFF Josie,AUS,,,https://www.fis-ski.com/DB/general/results.html?sectorcode=SB&raceid=19966,verified,wave2-fis-worlds,live-source
fis-snowboard-world-championships--2023,boardercross,womens,,,open,women,,3,JACOBELLIS Lindsey,USA,,,https://www.fis-ski.com/DB/general/results.html?sectorcode=SB&raceid=19966,verified,wave2-fis-worlds,live-source
fis-snowboard-world-championships--2023,halfpipe,mens,,,open,men,,1,LEE Chaeun,KOR,93.50,,https://www.fis-ski.com/DB/general/results.html?sectorcode=SB&raceid=19965,verified,wave2-fis-worlds,live-source
fis-snowboard-world-championships--2023,halfpipe,mens,,,open,men,,2,GUSELI Valentino,AUS,93.00,,https://www.fis-ski.com/DB/general/results.html?sectorcode=SB&raceid=19965,verified,wave2-fis-worlds,live-source
fis-snowboard-world-championships--2023,halfpipe,mens,,,open,men,,3,SCHERRER Jan,SUI,89.25,,https://www.fis-ski.com/DB/general/results.html?sectorcode=SB&raceid=19965,verified,wave2-fis-worlds,live-source
fis-snowboard-world-championships--2023,halfpipe,womens,,,open,women,,1,CAI Xuetong,CHN,90.50,,https://www.fis-ski.com/DB/general/results.html?sectorcode=SB&raceid=19964,verified,wave2-fis-worlds,live-source
fis-snowboard-world-championships--2023,halfpipe,womens,,,open,women,,2,HOSKING Elizabeth,CAN,85.50,,https://www.fis-ski.com/DB/general/results.html?sectorcode=SB&raceid=19964,verified,wave2-fis-worlds,live-source
fis-snowboard-world-championships--2023,halfpipe,womens,,,open,women,,3,ONO Mitsuki,JPN,83.00,,https://www.fis-ski.com/DB/general/results.html?sectorcode=SB&raceid=19964,verified,wave2-fis-worlds,live-source
fis-snowboard-world-championships--2023,parallel-giant-slalom,mens,,,open,men,,1,KWIATKOWSKI Oskar,POL,,,https://www.fis-ski.com/DB/general/results.html?sectorcode=SB&raceid=19950,verified,wave2-fis-worlds,live-source
fis-snowboard-world-championships--2023,parallel-giant-slalom,mens,,,open,men,,2,CAVIEZEL Dario,SUI,,,https://www.fis-ski.com/DB/general/results.html?sectorcode=SB&raceid=19950,verified,wave2-fis-worlds,live-source
fis-snowboard-world-championships--2023,parallel-giant-slalom,mens,,,open,men,,3,PAYER Alexander,AUT,,,https://www.fis-ski.com/DB/general/results.html?sectorcode=SB&raceid=19950,verified,wave2-fis-worlds,live-source
fis-snowboard-world-championships--2023,parallel-giant-slalom,womens,,,open,women,,1,MIKI Tsubaki,JPN,,,https://www.fis-ski.com/DB/general/results.html?sectorcode=SB&raceid=19949,verified,wave2-fis-worlds,live-source
fis-snowboard-world-championships--2023,parallel-giant-slalom,womens,,,open,women,,2,ULBING Daniela,AUT,,,https://www.fis-ski.com/DB/general/results.html?sectorcode=SB&raceid=19949,verified,wave2-fis-worlds,live-source
fis-snowboard-world-championships--2023,parallel-giant-slalom,womens,,,open,women,,3,KROL Aleksandra,POL,,,https://www.fis-ski.com/DB/general/results.html?sectorcode=SB&raceid=19949,verified,wave2-fis-worlds,live-source
fis-snowboard-world-championships--2023,parallel-slalom,mens,,,open,men,,1,PROMMEGGER Andreas,AUT,,,https://www.fis-ski.com/DB/general/results.html?sectorcode=SB&raceid=19954,verified,wave2-fis-worlds,live-source
fis-snowboard-world-championships--2023,parallel-slalom,mens,,,open,men,,2,AUNER Arvid,AUT,,,https://www.fis-ski.com/DB/general/results.html?sectorcode=SB&raceid=19954,verified,wave2-fis-worlds,live-source
fis-snowboard-world-championships--2023,parallel-slalom,mens,,,open,men,,3,GAUDET Arnaud,CAN,,,https://www.fis-ski.com/DB/general/results.html?sectorcode=SB&raceid=19954,verified,wave2-fis-worlds,live-source
fis-snowboard-world-championships--2023,parallel-slalom,womens,,,open,women,,1,ZOGG Julie,SUI,,,https://www.fis-ski.com/DB/general/results.html?sectorcode=SB&raceid=19953,verified,wave2-fis-worlds,live-source
fis-snowboard-world-championships--2023,parallel-slalom,womens,,,open,women,,2,JENNY Ladina,SUI,,,https://www.fis-ski.com/DB/general/results.html?sectorcode=SB&raceid=19953,verified,wave2-fis-worlds,live-source
fis-snowboard-world-championships--2023,parallel-slalom,womens,,,open,women,,3,SCHOEFFMANN Sabine,AUT,,,https://www.fis-ski.com/DB/general/results.html?sectorcode=SB&raceid=19953,verified,wave2-fis-worlds,live-source
fis-snowboard-world-championships--2023,slopestyle,mens,,,open,men,,1,KLEVELAND Marcus,NOR,87.23,,https://www.fis-ski.com/DB/general/results.html?sectorcode=SB&raceid=19959,verified,wave2-fis-worlds,live-source
fis-snowboard-world-championships--2023,slopestyle,mens,,,open,men,,2,KIMATA Ryoma,JPN,83.45,,https://www.fis-ski.com/DB/general/results.html?sectorcode=SB&raceid=19959,verified,wave2-fis-worlds,live-source
fis-snowboard-world-championships--2023,slopestyle,mens,,,open,men,,3,CORNING Chris,USA,82.18,,https://www.fis-ski.com/DB/general/results.html?sectorcode=SB&raceid=19959,verified,wave2-fis-worlds,live-source
fis-snowboard-world-championships--2023,slopestyle,womens,,,open,women,,1,BROOKES Mia,GBR,91.38,,https://www.fis-ski.com/DB/general/results.html?sectorcode=SB&raceid=19958,verified,wave2-fis-worlds,live-source
fis-snowboard-world-championships--2023,slopestyle,womens,,,open,women,,2,SADOWSKI SYNNOTT Zoi,NZL,88.78,,https://www.fis-ski.com/DB/general/results.html?sectorcode=SB&raceid=19958,verified,wave2-fis-worlds,live-source
fis-snowboard-world-championships--2023,slopestyle,womens,,,open,women,,3,ONITSUKA Miyabi,JPN,83.05,,https://www.fis-ski.com/DB/general/results.html?sectorcode=SB&raceid=19958,verified,wave2-fis-worlds,live-source
fis-snowboard-world-championships--2023,team,open,,,open,mixed,Parallel Team,1,ITALY 2 (MARCH Aaron / OCHNER Nadya),ITA,,,https://www.fis-ski.com/DB/general/results.html?sectorcode=SB&raceid=19955,verified,wave2-fis-worlds,live-source
fis-snowboard-world-championships--2023,team,open,,,open,mixed,Snowboard Cross Team,1,GREAT BRITAIN 1 (NIGHTINGALE Huw / BANKES Charlotte),GBR,,,https://www.fis-ski.com/DB/general/results.html?sectorcode=SB&raceid=19970,verified,wave2-fis-worlds,live-source
fis-snowboard-world-championships--2023,team,open,,,open,mixed,Parallel Team,2,AUSTRIA 1 (PROMMEGGER Andreas / SCHOEFFMANN Sabine),AUT,,,https://www.fis-ski.com/DB/general/results.html?sectorcode=SB&raceid=19955,verified,wave2-fis-worlds,live-source
fis-snowboard-world-championships--2023,team,open,,,open,mixed,Snowboard Cross Team,2,AUSTRIA 1 (DUSEK Jakob / ZERKHOLD Pia),AUT,,,https://www.fis-ski.com/DB/general/results.html?sectorcode=SB&raceid=19970,verified,wave2-fis-worlds,live-source
fis-snowboard-world-championships--2023,team,open,,,open,mixed,Parallel Team,3,SWITZERLAND 1 (CAVIEZEL Dario / ZOGG Julie),SUI,,,https://www.fis-ski.com/DB/general/results.html?sectorcode=SB&raceid=19955,verified,wave2-fis-worlds,live-source
fis-snowboard-world-championships--2023,team,open,,,open,mixed,Snowboard Cross Team,3,FRANCE 1 (SURGET Merlin / TRESPEUCH Chloe),FRA,,,https://www.fis-ski.com/DB/general/results.html?sectorcode=SB&raceid=19970,verified,wave2-fis-worlds,live-source
fis-snowboard-world-championships--2025,big-air,mens,,,open,men,,1,KIMATA Ryoma,JPN,176.75,,https://www.fis-ski.com/DB/general/results.html?sectorcode=SB&raceid=22579,verified,wave2-fis-worlds,live-source
fis-snowboard-world-championships--2025,big-air,mens,,,open,men,,2,HASEGAWA Taiga,JPN,174.50,,https://www.fis-ski.com/DB/general/results.html?sectorcode=SB&raceid=22579,verified,wave2-fis-worlds,live-source
fis-snowboard-world-championships--2025,big-air,mens,,,open,men,,3,MARTIN Oliver,USA,171.75,,https://www.fis-ski.com/DB/general/results.html?sectorcode=SB&raceid=22579,verified,wave2-fis-worlds,live-source
fis-snowboard-world-championships--2025,big-air,womens,,,open,women,,1,MURASE Kokomo,JPN,162.50,,https://www.fis-ski.com/DB/general/results.html?sectorcode=SB&raceid=22578,verified,wave2-fis-worlds,live-source
fis-snowboard-world-championships--2025,big-air,womens,,,open,women,,2,IWABUCHI Reira,JPN,156.00,,https://www.fis-ski.com/DB/general/results.html?sectorcode=SB&raceid=22578,verified,wave2-fis-worlds,live-source
fis-snowboard-world-championships--2025,big-air,womens,,,open,women,,3,FUKADA Mari,JPN,153.25,,https://www.fis-ski.com/DB/general/results.html?sectorcode=SB&raceid=22578,verified,wave2-fis-worlds,live-source
fis-snowboard-world-championships--2025,boardercross,mens,,,open,men,,1,GRONDIN Eliot,CAN,,,https://www.fis-ski.com/DB/general/results.html?sectorcode=SB&raceid=22577,verified,wave2-fis-worlds,live-source
fis-snowboard-world-championships--2025,boardercross,mens,,,open,men,,2,BOZZOLO Loan,FRA,,,https://www.fis-ski.com/DB/general/results.html?sectorcode=SB&raceid=22577,verified,wave2-fis-worlds,live-source
fis-snowboard-world-championships--2025,boardercross,mens,,,open,men,,3,HAEMMERLE Alessandro,AUT,,,https://www.fis-ski.com/DB/general/results.html?sectorcode=SB&raceid=22577,verified,wave2-fis-worlds,live-source
fis-snowboard-world-championships--2025,boardercross,womens,,,open,women,,1,MOIOLI Michela,ITA,,,https://www.fis-ski.com/DB/general/results.html?sectorcode=SB&raceid=22576,verified,wave2-fis-worlds,live-source
fis-snowboard-world-championships--2025,boardercross,womens,,,open,women,,2,BANKES Charlotte,GBR,,,https://www.fis-ski.com/DB/general/results.html?sectorcode=SB&raceid=22576,verified,wave2-fis-worlds,live-source
fis-snowboard-world-championships--2025,boardercross,womens,,,open,women,,3,PEREIRA DE SOUSA Julia,FRA,,,https://www.fis-ski.com/DB/general/results.html?sectorcode=SB&raceid=22576,verified,wave2-fis-worlds,live-source
fis-snowboard-world-championships--2025,halfpipe,mens,,,open,men,,1,JAMES Scotty,AUS,95.00,,https://www.fis-ski.com/DB/general/results.html?sectorcode=SB&raceid=22582,verified,wave2-fis-worlds,live-source
fis-snowboard-world-championships--2025,halfpipe,mens,,,open,men,,2,HIRANO Ruka,JPN,92.25,,https://www.fis-ski.com/DB/general/results.html?sectorcode=SB&raceid=22582,verified,wave2-fis-worlds,live-source
fis-snowboard-world-championships--2025,halfpipe,mens,,,open,men,,3,TOTSUKA Yuto,JPN,92.00,,https://www.fis-ski.com/DB/general/results.html?sectorcode=SB&raceid=22582,verified,wave2-fis-worlds,live-source
fis-snowboard-world-championships--2025,halfpipe,womens,,,open,women,,1,KIM Chloe,USA,93.50,,https://www.fis-ski.com/DB/general/results.html?sectorcode=SB&raceid=22581,verified,wave2-fis-worlds,live-source
fis-snowboard-world-championships--2025,halfpipe,womens,,,open,women,,2,SHIMIZU Sara,JPN,90.75,,https://www.fis-ski.com/DB/general/results.html?sectorcode=SB&raceid=22581,verified,wave2-fis-worlds,live-source
fis-snowboard-world-championships--2025,halfpipe,womens,,,open,women,,3,ONO Mitsuki,JPN,88.50,,https://www.fis-ski.com/DB/general/results.html?sectorcode=SB&raceid=22581,verified,wave2-fis-worlds,live-source
fis-snowboard-world-championships--2025,parallel-giant-slalom,mens,,,open,men,,1,FISCHNALLER Roland,ITA,,,https://www.fis-ski.com/DB/general/results.html?sectorcode=SB&raceid=22560,verified,wave2-fis-worlds,live-source
fis-snowboard-world-championships--2025,parallel-giant-slalom,mens,,,open,men,,2,BAUMEISTER Stefan,GER,,,https://www.fis-ski.com/DB/general/results.html?sectorcode=SB&raceid=22560,verified,wave2-fis-worlds,live-source
fis-snowboard-world-championships--2025,parallel-giant-slalom,mens,,,open,men,,3,LEE Sangho,KOR,,,https://www.fis-ski.com/DB/general/results.html?sectorcode=SB&raceid=22560,verified,wave2-fis-worlds,live-source
fis-snowboard-world-championships--2025,parallel-giant-slalom,womens,,,open,women,,1,LEDECKA Ester,CZE,,,https://www.fis-ski.com/DB/general/results.html?sectorcode=SB&raceid=22559,verified,wave2-fis-worlds,live-source
fis-snowboard-world-championships--2025,parallel-giant-slalom,womens,,,open,women,,2,MIKI Tsubaki,JPN,,,https://www.fis-ski.com/DB/general/results.html?sectorcode=SB&raceid=22559,verified,wave2-fis-worlds,live-source
fis-snowboard-world-championships--2025,parallel-giant-slalom,womens,,,open,women,,3,KROL-WALAS Aleksandra,POL,,,https://www.fis-ski.com/DB/general/results.html?sectorcode=SB&raceid=22559,verified,wave2-fis-worlds,live-source
fis-snowboard-world-championships--2025,parallel-slalom,mens,,,open,men,,1,ZAMFIROV Tervel,BUL,,,https://www.fis-ski.com/DB/general/results.html?sectorcode=SB&raceid=22566,verified,wave2-fis-worlds,live-source
fis-snowboard-world-championships--2025,parallel-slalom,mens,,,open,men,,2,AUNER Arvid,AUT,,,https://www.fis-ski.com/DB/general/results.html?sectorcode=SB&raceid=22566,verified,wave2-fis-worlds,live-source
fis-snowboard-world-championships--2025,parallel-slalom,mens,,,open,men,,3,MARCH Aaron,ITA,,,https://www.fis-ski.com/DB/general/results.html?sectorcode=SB&raceid=22566,verified,wave2-fis-worlds,live-source
fis-snowboard-world-championships--2025,parallel-slalom,womens,,,open,women,,1,MIKI Tsubaki,JPN,,,https://www.fis-ski.com/DB/general/results.html?sectorcode=SB&raceid=22565,verified,wave2-fis-worlds,live-source
fis-snowboard-world-championships--2025,parallel-slalom,womens,,,open,women,,2,LEDECKA Ester,CZE,,,https://www.fis-ski.com/DB/general/results.html?sectorcode=SB&raceid=22565,verified,wave2-fis-worlds,live-source
fis-snowboard-world-championships--2025,parallel-slalom,womens,,,open,women,,3,DEKKER Michelle,NED,,,https://www.fis-ski.com/DB/general/results.html?sectorcode=SB&raceid=22565,verified,wave2-fis-worlds,live-source
fis-snowboard-world-championships--2025,slopestyle,mens,,,open,men,,1,BREARLEY Liam,CAN,90.15,,https://www.fis-ski.com/DB/general/results.html?sectorcode=SB&raceid=22569,verified,wave2-fis-worlds,live-source
fis-snowboard-world-championships--2025,slopestyle,mens,,,open,men,,2,SU Yiming,CHN,85.07,,https://www.fis-ski.com/DB/general/results.html?sectorcode=SB&raceid=22569,verified,wave2-fis-worlds,live-source
fis-snowboard-world-championships--2025,slopestyle,mens,,,open,men,,3,MARTIN Oliver,USA,78.98,,https://www.fis-ski.com/DB/general/results.html?sectorcode=SB&raceid=22569,verified,wave2-fis-worlds,live-source
fis-snowboard-world-championships--2025,slopestyle,womens,,,open,women,,1,SADOWSKI SYNNOTT Zoi,NZL,90.15,,https://www.fis-ski.com/DB/general/results.html?sectorcode=SB&raceid=22568,verified,wave2-fis-worlds,live-source
fis-snowboard-world-championships--2025,slopestyle,womens,,,open,women,,2,MURASE Kokomo,JPN,87.02,,https://www.fis-ski.com/DB/general/results.html?sectorcode=SB&raceid=22568,verified,wave2-fis-worlds,live-source
fis-snowboard-world-championships--2025,slopestyle,womens,,,open,women,,3,IWABUCHI Reira,JPN,83.55,,https://www.fis-ski.com/DB/general/results.html?sectorcode=SB&raceid=22568,verified,wave2-fis-worlds,live-source
fis-snowboard-world-championships--2025,team,open,,,open,mixed,Parallel Team,1,ITALY 1 (BORMOLINI Maurizio / CAFFONT Elisa),ITA,,,https://www.fis-ski.com/DB/general/results.html?sectorcode=SB&raceid=22567,verified,wave2-fis-worlds,live-source
fis-snowboard-world-championships--2025,team,open,,,open,mixed,Snowboard Cross Team,1,FRANCE 1 (BOZZOLO Loan / PEREIRA DE SOUSA Julia),FRA,,,https://www.fis-ski.com/DB/general/results.html?sectorcode=SB&raceid=22580,verified,wave2-fis-worlds,live-source
fis-snowboard-world-championships--2025,team,open,,,open,mixed,Parallel Team,2,ITALY 3 (MESSNER Gabriel / CORATTI Jasmin),ITA,,,https://www.fis-ski.com/DB/general/results.html?sectorcode=SB&raceid=22567,verified,wave2-fis-worlds,live-source
fis-snowboard-world-championships--2025,team,open,,,open,mixed,Snowboard Cross Team,2,AUSTRALIA 2 (BOLTON Cameron / CLIFT Mia),AUS,,,https://www.fis-ski.com/DB/general/results.html?sectorcode=SB&raceid=22580,verified,wave2-fis-worlds,live-source
fis-snowboard-world-championships--2025,team,open,,,open,mixed,Parallel Team,3,AUSTRIA 2 (PAYER Sabine / PROMMEGGER Andreas),AUT,,,https://www.fis-ski.com/DB/general/results.html?sectorcode=SB&raceid=22567,verified,wave2-fis-worlds,live-source
fis-snowboard-world-championships--2025,team,open,,,open,mixed,Snowboard Cross Team,3,SWITZERLAND 1 (JUD Valerio / SIEGENTHALER Sina),SUI,,,https://www.fis-ski.com/DB/general/results.html?sectorcode=SB&raceid=22580,verified,wave2-fis-worlds,live-source
holy-oly-revival--2010,other,open,Holiest of the Oly,,open,mixed,,1,Austin Hironaka,,,,https://www.snowboarder.com/news/7th-annual-holy-oly-the-olympic-hangover-cure,verified,wave2-baker-grassroots,live-source
holy-oly-revival--2010,other,open,Holiest of the Oly,,open,mixed,,2,Nate Farrell,,,,https://www.snowboarder.com/news/7th-annual-holy-oly-the-olympic-hangover-cure,verified,wave2-baker-grassroots,live-source
isf-world-championships--1993,other,mens,,,open,men,,1,Kevin Delaney,USA,,,https://www.snowboarder.com/news/snowboard-history-timeline-part-31990s | https://www.carvers.it/storia-inglese/,likely,v0.1-legacy-80s-90s,live-source
isf-world-championships--1993,other,womens,,,open,women,,1,Michele Taggart,USA,,,https://www.snowboarder.com/news/snowboard-history-timeline-part-31990s | https://www.carvers.it/storia-inglese/,likely,v0.1-legacy-80s-90s,live-source
isf-world-snowboarding-championships--2000,halfpipe,mens,,,open,men,,1,HURME Markus,FIN,,,https://www.snowboarden.de/snowboardnews/ubs-masters-world-cup-davos.html,verified,wave2-fis-worlds,live-source
isf-world-snowboarding-championships--2000,halfpipe,mens,,,open,men,,2,POWERS Ross,USA,,,https://www.snowboarden.de/snowboardnews/ubs-masters-world-cup-davos.html,verified,wave2-fis-worlds,live-source
isf-world-snowboarding-championships--2000,halfpipe,mens,,,open,men,,3,BRUNNER Therry,SUI,,,https://www.snowboarden.de/snowboardnews/ubs-masters-world-cup-davos.html,verified,wave2-fis-worlds,live-source
isf-world-snowboarding-championships--2000,halfpipe,womens,,,open,women,,1,BRUN KJELDAAS Stine,NOR,,,https://www.snowboarden.de/snowboardnews/ubs-masters-world-cup-davos.html,verified,wave2-fis-worlds,live-source
isf-world-snowboarding-championships--2000,halfpipe,womens,,,open,women,,2,TSCHARNER Martina,SUI,,,https://www.snowboarden.de/snowboardnews/ubs-masters-world-cup-davos.html,verified,wave2-fis-worlds,live-source
isf-world-snowboarding-championships--2000,halfpipe,womens,,,open,women,,3,STACEY Kim,USA,,,https://www.snowboarden.de/snowboardnews/ubs-masters-world-cup-davos.html,verified,wave2-fis-worlds,live-source
isf-world-snowboarding-championships--2000,other,mens,,,open,men,,1,KESTENHOLZ Ueli,SUI,,,https://www.snowboarden.de/snowboardnews/ubs-masters-world-cup-davos.html,verified,wave2-fis-worlds,live-source
isf-world-snowboarding-championships--2000,other,mens,,,open,men,,2,GRABNER Siegfried,AUT,,,https://www.snowboarden.de/snowboardnews/ubs-masters-world-cup-davos.html,verified,wave2-fis-worlds,live-source
isf-world-snowboarding-championships--2000,other,mens,,,open,men,,3,JAQUET Gilles,SUI,,,https://www.snowboarden.de/snowboardnews/ubs-masters-world-cup-davos.html,verified,wave2-fis-worlds,live-source
isf-world-snowboarding-championships--2000,other,womens,,,open,women,,1,BRUHIN Ursula,SUI,,,https://www.snowboarden.de/snowboardnews/ubs-masters-world-cup-davos.html,verified,wave2-fis-worlds,live-source
isf-world-snowboarding-championships--2000,other,womens,,,open,women,,2,SEDOVA Jana,SVK,,,https://www.snowboarden.de/snowboardnews/ubs-masters-world-cup-davos.html,verified,wave2-fis-worlds,live-source
isf-world-snowboarding-championships--2000,other,womens,,,open,women,,3,JAUFENTHALER Heidi,AUT,,,https://www.snowboarden.de/snowboardnews/ubs-masters-world-cup-davos.html,verified,wave2-fis-worlds,live-source
jsba-all-japan-snowboard-championships--2022,big-air,mens,,,open,men,,1,吉田 輝樹,JPN,,,https://www.jsba.or.jp/ajsc_site/ajsc43/champion.html,verified,wave2-japan-europe,live-source
jsba-all-japan-snowboard-championships--2022,big-air,womens,,,open,women,,1,石本 鈴花,JPN,,,https://www.jsba.or.jp/ajsc_site/ajsc43/champion.html,verified,wave2-japan-europe,live-source
jsba-all-japan-snowboard-championships--2022,boardercross,mens,,,open,men,,1,川村 隼佑,JPN,,,https://www.jsba.or.jp/ajsc_site/ajsc43/champion.html,verified,wave2-japan-europe,live-source
jsba-all-japan-snowboard-championships--2022,boardercross,womens,,,open,women,,1,西間木 佑姫,JPN,,,https://www.jsba.or.jp/ajsc_site/ajsc43/champion.html,verified,wave2-japan-europe,live-source
jsba-all-japan-snowboard-championships--2022,dual-slalom,mens,,,open,men,,1,大森 厚毅,JPN,,,https://www.jsba.or.jp/ajsc_site/ajsc43/champion.html,verified,wave2-japan-europe,live-source
jsba-all-japan-snowboard-championships--2022,dual-slalom,womens,,,open,women,,1,加藤 舞紘,JPN,,,https://www.jsba.or.jp/ajsc_site/ajsc43/champion.html,verified,wave2-japan-europe,live-source
jsba-all-japan-snowboard-championships--2022,giant-slalom,mens,,,open,men,,1,大森 厚毅,JPN,,,https://www.jsba.or.jp/ajsc_site/ajsc43/champion.html,verified,wave2-japan-europe,live-source
jsba-all-japan-snowboard-championships--2022,giant-slalom,womens,,,open,women,,1,大島 ひなの,JPN,,,https://www.jsba.or.jp/ajsc_site/ajsc43/champion.html,verified,wave2-japan-europe,live-source
jsba-all-japan-snowboard-championships--2022,halfpipe,mens,,,open,men,,1,嶋﨑 珀,JPN,,,https://www.jsba.or.jp/ajsc_site/ajsc43/champion.html,verified,wave2-japan-europe,live-source
jsba-all-japan-snowboard-championships--2022,halfpipe,womens,,,open,women,,1,上村 海音,JPN,,,https://www.jsba.or.jp/ajsc_site/ajsc43/champion.html,verified,wave2-japan-europe,live-source
jsba-all-japan-snowboard-championships--2022,slopestyle,mens,,,open,men,,1,木村 悠斗,JPN,,,https://www.jsba.or.jp/ajsc_site/ajsc43/champion.html,verified,wave2-japan-europe,live-source
jsba-all-japan-snowboard-championships--2022,slopestyle,womens,,,open,women,,1,加藤 瑚羽紅,JPN,,,https://www.jsba.or.jp/ajsc_site/ajsc43/champion.html,verified,wave2-japan-europe,live-source
jsba-all-japan-snowboard-championships--2023,big-air,mens,,,open,men,,1,灰野 寧緒,JPN,,,https://www.jsba.or.jp/ajsc_site/ajsc43/champion.html,verified,wave2-japan-europe,live-source
jsba-all-japan-snowboard-championships--2023,big-air,womens,,,open,women,,1,河野 柑奈,JPN,,,https://www.jsba.or.jp/ajsc_site/ajsc43/champion.html,verified,wave2-japan-europe,live-source
jsba-all-japan-snowboard-championships--2023,boardercross,mens,,,open,men,,1,手賀 堅丈,JPN,,,https://www.jsba.or.jp/ajsc_site/ajsc43/champion.html,verified,wave2-japan-europe,live-source
jsba-all-japan-snowboard-championships--2023,boardercross,womens,,,open,women,,1,石田 莉緒,JPN,,,https://www.jsba.or.jp/ajsc_site/ajsc43/champion.html,verified,wave2-japan-europe,live-source
jsba-all-japan-snowboard-championships--2023,dual-slalom,mens,,,open,men,,1,杉本 志功,JPN,,,https://www.jsba.or.jp/ajsc_site/ajsc43/champion.html,verified,wave2-japan-europe,live-source
jsba-all-japan-snowboard-championships--2023,dual-slalom,womens,,,open,women,,1,片山 唯,JPN,,,https://www.jsba.or.jp/ajsc_site/ajsc43/champion.html,verified,wave2-japan-europe,live-source
jsba-all-japan-snowboard-championships--2023,giant-slalom,mens,,,open,men,,1,大森 厚毅,JPN,,,https://www.jsba.or.jp/ajsc_site/ajsc43/champion.html,verified,wave2-japan-europe,live-source
jsba-all-japan-snowboard-championships--2023,giant-slalom,womens,,,open,women,,1,宮尾 一花,JPN,,,https://www.jsba.or.jp/ajsc_site/ajsc43/champion.html,verified,wave2-japan-europe,live-source
jsba-all-japan-snowboard-championships--2023,halfpipe,mens,,,open,men,,1,竹内 海叶,JPN,,,https://www.jsba.or.jp/ajsc_site/ajsc43/champion.html,verified,wave2-japan-europe,live-source
jsba-all-japan-snowboard-championships--2023,halfpipe,womens,,,open,women,,1,鈴木 遥,JPN,,,https://www.jsba.or.jp/ajsc_site/ajsc43/champion.html,verified,wave2-japan-europe,live-source
jsba-all-japan-snowboard-championships--2023,slopestyle,mens,,,open,men,,1,鈴木 旬,JPN,,,https://www.jsba.or.jp/ajsc_site/ajsc43/champion.html,verified,wave2-japan-europe,live-source
jsba-all-japan-snowboard-championships--2023,slopestyle,womens,,,open,women,,1,中埜 杏美,JPN,,,https://www.jsba.or.jp/ajsc_site/ajsc43/champion.html,verified,wave2-japan-europe,live-source
laax-open--2016,halfpipe,mens,,,open,men,,1,Ayumu Hirano,JPN,91.37,,https://onboardmag.com/news/european-news/laax-open-2016-halfpipe-finals-results-photos.html | https://laaxopen.com/en/hall-of-fame/,verified,wave2-us-open,live-source
laax-open--2016,halfpipe,mens,,,open,men,,2,Patrick Burgener,SUI,88.87,,https://onboardmag.com/news/european-news/laax-open-2016-halfpipe-finals-results-photos.html | https://laaxopen.com/en/hall-of-fame/,verified,wave2-us-open,live-source
laax-open--2016,halfpipe,mens,,,open,men,,3,David Habluetzel,SUI,88.62,,https://onboardmag.com/news/european-news/laax-open-2016-halfpipe-finals-results-photos.html | https://laaxopen.com/en/hall-of-fame/,verified,wave2-us-open,live-source
laax-open--2016,halfpipe,womens,,,open,women,,1,Arielle Gold,USA,90.12,,https://onboardmag.com/news/european-news/laax-open-2016-halfpipe-finals-results-photos.html | https://laaxopen.com/en/hall-of-fame/,verified,wave2-us-open,live-source
laax-open--2016,halfpipe,womens,,,open,women,,2,Torah Bright,AUS,84.12,,https://onboardmag.com/news/european-news/laax-open-2016-halfpipe-finals-results-photos.html | https://laaxopen.com/en/hall-of-fame/,verified,wave2-us-open,live-source
laax-open--2016,halfpipe,womens,,,open,women,,3,Hikaru Oe,JPN,77.74,,https://onboardmag.com/news/european-news/laax-open-2016-halfpipe-finals-results-photos.html | https://laaxopen.com/en/hall-of-fame/,verified,wave2-us-open,live-source
laax-open--2016,slopestyle,mens,,,open,men,,1,Mark McMorris,CAN,91.4,,https://onboardmag.com/news/european-news/laax-open-2016-slopestyle-finals-results-photos.html | https://laaxopen.com/en/hall-of-fame/,verified,wave2-us-open,live-source
laax-open--2016,slopestyle,mens,,,open,men,,2,Tyler Nicholson,CAN,84.35,,https://onboardmag.com/news/european-news/laax-open-2016-slopestyle-finals-results-photos.html | https://laaxopen.com/en/hall-of-fame/,verified,wave2-us-open,live-source
laax-open--2016,slopestyle,mens,,,open,men,,3,Sebastien Toutant,CAN,83.1,,https://onboardmag.com/news/european-news/laax-open-2016-slopestyle-finals-results-photos.html | https://laaxopen.com/en/hall-of-fame/,verified,wave2-us-open,live-source
laax-open--2016,slopestyle,womens,,,open,women,,1,Jamie Anderson,USA,81.1,,https://onboardmag.com/news/european-news/laax-open-2016-slopestyle-finals-results-photos.html | https://laaxopen.com/en/hall-of-fame/,verified,wave2-us-open,live-source
laax-open--2016,slopestyle,womens,,,open,women,,2,Christy Prior,NZL,71.8,,https://onboardmag.com/news/european-news/laax-open-2016-slopestyle-finals-results-photos.html | https://laaxopen.com/en/hall-of-fame/,verified,wave2-us-open,live-source
laax-open--2016,slopestyle,womens,,,open,women,,3,Miyabi Onitsuka,JPN,62.85,,https://onboardmag.com/news/european-news/laax-open-2016-slopestyle-finals-results-photos.html | https://laaxopen.com/en/hall-of-fame/,verified,wave2-us-open,live-source
laax-open--2017,halfpipe,mens,,,open,men,,1,Chase Josey,USA,97.75,,https://www.methodmag.com/news/chase-josey-and-chloe-kim-win-laax-open-2017.html | https://laaxopen.com/en/hall-of-fame/,verified,wave2-us-open,live-source
laax-open--2017,halfpipe,mens,,,open,men,,2,Scotty James,AUS,,,https://www.methodmag.com/news/chase-josey-and-chloe-kim-win-laax-open-2017.html | https://laaxopen.com/en/hall-of-fame/,verified,wave2-us-open,live-source
laax-open--2017,halfpipe,mens,,,open,men,,3,Iouri Podladtchikov,SUI,,,https://www.methodmag.com/news/chase-josey-and-chloe-kim-win-laax-open-2017.html | https://laaxopen.com/en/hall-of-fame/,verified,wave2-us-open,live-source
laax-open--2017,halfpipe,womens,,,open,women,,1,Chloe Kim,USA,90.50,,https://www.methodmag.com/news/chase-josey-and-chloe-kim-win-laax-open-2017.html | https://laaxopen.com/en/hall-of-fame/,verified,wave2-us-open,live-source
laax-open--2017,halfpipe,womens,,,open,women,,2,Arielle Gold,USA,,,https://www.methodmag.com/news/chase-josey-and-chloe-kim-win-laax-open-2017.html | https://laaxopen.com/en/hall-of-fame/,verified,wave2-us-open,live-source
laax-open--2017,halfpipe,womens,,,open,women,,3,Cai Xuetong,CHN,,,https://www.methodmag.com/news/chase-josey-and-chloe-kim-win-laax-open-2017.html | https://laaxopen.com/en/hall-of-fame/,verified,wave2-us-open,live-source
laax-open--2017,slopestyle,mens,,,open,men,,1,Max Parrot,CAN,91.58,,https://www.fis-ski.com/snowboard-park-and-pipe/news/2018-19/articlerukajarvi-and-parrot-top-europe-most-prestigious-snowboard-event,verified,wave2-us-open,live-source
laax-open--2017,slopestyle,mens,,,open,men,,2,Mark McMorris,CAN,88.96,,https://www.fis-ski.com/snowboard-park-and-pipe/news/2018-19/articlerukajarvi-and-parrot-top-europe-most-prestigious-snowboard-event,verified,wave2-us-open,live-source
laax-open--2017,slopestyle,mens,,,open,men,,3,Tyler Nicholson,CAN,,,https://www.fis-ski.com/snowboard-park-and-pipe/news/2018-19/articlerukajarvi-and-parrot-top-europe-most-prestigious-snowboard-event,verified,wave2-us-open,live-source
laax-open--2017,slopestyle,womens,,,open,women,,1,Enni Rukajarvi,FIN,84.83,,https://www.fis-ski.com/snowboard-park-and-pipe/news/2018-19/articlerukajarvi-and-parrot-top-europe-most-prestigious-snowboard-event,verified,wave2-us-open,live-source
laax-open--2017,slopestyle,womens,,,open,women,,2,Anna Gasser,AUT,83.71,,https://www.fis-ski.com/snowboard-park-and-pipe/news/2018-19/articlerukajarvi-and-parrot-top-europe-most-prestigious-snowboard-event,verified,wave2-us-open,live-source
laax-open--2017,slopestyle,womens,,,open,women,,3,Jamie Anderson,USA,81.50,,https://www.fis-ski.com/snowboard-park-and-pipe/news/2018-19/articlerukajarvi-and-parrot-top-europe-most-prestigious-snowboard-event,verified,wave2-us-open,live-source
laax-open--2018,halfpipe,mens,,,open,men,,1,Iouri Podladtchikov,SUI,90.50,,https://www.fis-ski.com/en/snowboard/freestyle-snowboard/news-multimedia/news/article=liu-and-podladtchikov-win-laax-open-halfpipe-event-kim-and-totsuka-win-2018-halfpipe-world-cup-title | https://laaxopen.com/en/hall-of-fame/,verified,wave2-us-open,live-source
laax-open--2018,halfpipe,mens,,,open,men,,2,Yuto Totsuka,JPN,88.25,,https://www.fis-ski.com/en/snowboard/freestyle-snowboard/news-multimedia/news/article=liu-and-podladtchikov-win-laax-open-halfpipe-event-kim-and-totsuka-win-2018-halfpipe-world-cup-title | https://laaxopen.com/en/hall-of-fame/,verified,wave2-us-open,live-source
laax-open--2018,halfpipe,mens,,,open,men,,3,Yiwei Zhang,CHN,87.00,,https://www.fis-ski.com/en/snowboard/freestyle-snowboard/news-multimedia/news/article=liu-and-podladtchikov-win-laax-open-halfpipe-event-kim-and-totsuka-win-2018-halfpipe-world-cup-title | https://laaxopen.com/en/hall-of-fame/,verified,wave2-us-open,live-source
laax-open--2018,halfpipe,womens,,,open,women,,1,Jiayu Liu,CHN,96.25,,https://www.fis-ski.com/en/snowboard/freestyle-snowboard/news-multimedia/news/article=liu-and-podladtchikov-win-laax-open-halfpipe-event-kim-and-totsuka-win-2018-halfpipe-world-cup-title | https://laaxopen.com/en/hall-of-fame/,verified,wave2-us-open,live-source
laax-open--2018,halfpipe,womens,,,open,women,,2,Xuetong Cai,CHN,83.75,,https://www.fis-ski.com/en/snowboard/freestyle-snowboard/news-multimedia/news/article=liu-and-podladtchikov-win-laax-open-halfpipe-event-kim-and-totsuka-win-2018-halfpipe-world-cup-title | https://laaxopen.com/en/hall-of-fame/,verified,wave2-us-open,live-source
laax-open--2018,halfpipe,womens,,,open,women,,3,Queralt Castellet,ESP,81.75,,https://www.fis-ski.com/en/snowboard/freestyle-snowboard/news-multimedia/news/article=liu-and-podladtchikov-win-laax-open-halfpipe-event-kim-and-totsuka-win-2018-halfpipe-world-cup-title | https://laaxopen.com/en/hall-of-fame/,verified,wave2-us-open,live-source
laax-open--2019,halfpipe,mens,,,open,men,,1,Scotty James,AUS,95.85,,https://www.worldsnowboardguide.com/news/halfpipe-night-finals-at-laax-open-2019.html | https://laaxopen.com/en/hall-of-fame/,verified,wave2-us-open,live-source
laax-open--2019,halfpipe,mens,,,open,men,,2,Yuto Totsuka,JPN,,,https://www.worldsnowboardguide.com/news/halfpipe-night-finals-at-laax-open-2019.html | https://laaxopen.com/en/hall-of-fame/,verified,wave2-us-open,live-source
laax-open--2019,halfpipe,mens,,,open,men,,3,Jake Pates,USA,,,https://www.worldsnowboardguide.com/news/halfpipe-night-finals-at-laax-open-2019.html | https://laaxopen.com/en/hall-of-fame/,verified,wave2-us-open,live-source
laax-open--2019,halfpipe,womens,,,open,women,,1,Chloe Kim,USA,93.75,,https://www.worldsnowboardguide.com/news/halfpipe-night-finals-at-laax-open-2019.html | https://laaxopen.com/en/hall-of-fame/,verified,wave2-us-open,live-source
laax-open--2019,halfpipe,womens,,,open,women,,2,Queralt Castellet,ESP,,,https://www.worldsnowboardguide.com/news/halfpipe-night-finals-at-laax-open-2019.html | https://laaxopen.com/en/hall-of-fame/,verified,wave2-us-open,live-source
laax-open--2019,halfpipe,womens,,,open,women,,3,Arielle Gold,USA,,,https://www.worldsnowboardguide.com/news/halfpipe-night-finals-at-laax-open-2019.html | https://laaxopen.com/en/hall-of-fame/,verified,wave2-us-open,live-source
laax-open--2019,slopestyle,mens,,,open,men,,1,Chris Corning,USA,89.10,,https://www.fis-ski.com/snowboard-park-and-pipe/news/2018-19/corning-and-norendal-tops-in-laax-open-slopestyle-world-cup,verified,wave2-us-open,live-source
laax-open--2019,slopestyle,mens,,,open,men,,2,Staale Sandbech,NOR,87.35,,https://www.fis-ski.com/snowboard-park-and-pipe/news/2018-19/corning-and-norendal-tops-in-laax-open-slopestyle-world-cup,verified,wave2-us-open,live-source
laax-open--2019,slopestyle,mens,,,open,men,,3,Moritz Thoenen,SUI,80.55,,https://www.fis-ski.com/snowboard-park-and-pipe/news/2018-19/corning-and-norendal-tops-in-laax-open-slopestyle-world-cup,verified,wave2-us-open,live-source
laax-open--2019,slopestyle,womens,,,open,women,,1,Silje Norendal,NOR,78.35,,https://www.fis-ski.com/snowboard-park-and-pipe/news/2018-19/corning-and-norendal-tops-in-laax-open-slopestyle-world-cup,verified,wave2-us-open,live-source
laax-open--2019,slopestyle,womens,,,open,women,,2,Celia Petrig,SUI,67.60,,https://www.fis-ski.com/snowboard-park-and-pipe/news/2018-19/corning-and-norendal-tops-in-laax-open-slopestyle-world-cup,verified,wave2-us-open,live-source
laax-open--2019,slopestyle,womens,,,open,women,,3,Sina Candrian,SUI,65.42,,https://www.fis-ski.com/snowboard-park-and-pipe/news/2018-19/corning-and-norendal-tops-in-laax-open-slopestyle-world-cup,verified,wave2-us-open,live-source
laax-open--2020,halfpipe,mens,,,open,men,,1,Scotty James,AUS,,,https://www.weissearena.com/medienmitteilungen/laax-open-2020-gipfelten-im-halfpipe-nachtfinale-queralt-castellet-spa-und-scotty-james-aus-gewinnen-die-halfpipe-titel/ | https://laaxopen.com/en/hall-of-fame/,verified,wave2-us-open,live-source
laax-open--2020,halfpipe,mens,,,open,men,,2,Yuto Totsuka,JPN,,,https://www.weissearena.com/medienmitteilungen/laax-open-2020-gipfelten-im-halfpipe-nachtfinale-queralt-castellet-spa-und-scotty-james-aus-gewinnen-die-halfpipe-titel/ | https://laaxopen.com/en/hall-of-fame/,verified,wave2-us-open,live-source
laax-open--2020,halfpipe,mens,,,open,men,,3,Taylor Gold,USA,,,https://www.weissearena.com/medienmitteilungen/laax-open-2020-gipfelten-im-halfpipe-nachtfinale-queralt-castellet-spa-und-scotty-james-aus-gewinnen-die-halfpipe-titel/ | https://laaxopen.com/en/hall-of-fame/,verified,wave2-us-open,live-source
laax-open--2020,halfpipe,womens,,,open,women,,1,Queralt Castellet,ESP,,,https://www.weissearena.com/medienmitteilungen/laax-open-2020-gipfelten-im-halfpipe-nachtfinale-queralt-castellet-spa-und-scotty-james-aus-gewinnen-die-halfpipe-titel/ | https://laaxopen.com/en/hall-of-fame/,verified,wave2-us-open,live-source
laax-open--2020,halfpipe,womens,,,open,women,,2,Xuetong Cai,CHN,,,https://www.weissearena.com/medienmitteilungen/laax-open-2020-gipfelten-im-halfpipe-nachtfinale-queralt-castellet-spa-und-scotty-james-aus-gewinnen-die-halfpipe-titel/ | https://laaxopen.com/en/hall-of-fame/,verified,wave2-us-open,live-source
laax-open--2020,halfpipe,womens,,,open,women,,3,Jiayu Liu,CHN,,,https://www.weissearena.com/medienmitteilungen/laax-open-2020-gipfelten-im-halfpipe-nachtfinale-queralt-castellet-spa-und-scotty-james-aus-gewinnen-die-halfpipe-titel/ | https://laaxopen.com/en/hall-of-fame/,verified,wave2-us-open,live-source
laax-open--2020,slopestyle,mens,,,open,men,,1,Sebastien Toutant,CAN,87.45,,https://www.fis-ski.com/snowboard/park-and-pipe/pipe-and-slope/news-multimedia/news/marino-and-toutant-rise-above-in-epic-laax-slopestyle-season-opener | https://laaxopen.com/en/hall-of-fame/,verified,wave2-us-open,live-source
laax-open--2020,slopestyle,mens,,,open,men,,2,Red Gerard,USA,85.45,,https://www.fis-ski.com/snowboard/park-and-pipe/pipe-and-slope/news-multimedia/news/marino-and-toutant-rise-above-in-epic-laax-slopestyle-season-opener | https://laaxopen.com/en/hall-of-fame/,verified,wave2-us-open,live-source
laax-open--2020,slopestyle,mens,,,open,men,,3,Judd Henkes,USA,82.33,,https://www.fis-ski.com/snowboard/park-and-pipe/pipe-and-slope/news-multimedia/news/marino-and-toutant-rise-above-in-epic-laax-slopestyle-season-opener | https://laaxopen.com/en/hall-of-fame/,verified,wave2-us-open,live-source
laax-open--2020,slopestyle,womens,,,open,women,,1,Julia Marino,USA,81.30,,https://www.fis-ski.com/snowboard/park-and-pipe/pipe-and-slope/news-multimedia/news/marino-and-toutant-rise-above-in-epic-laax-slopestyle-season-opener | https://laaxopen.com/en/hall-of-fame/,verified,wave2-us-open,live-source
laax-open--2020,slopestyle,womens,,,open,women,,2,Reira Iwabuchi,JPN,76.95,,https://www.fis-ski.com/snowboard/park-and-pipe/pipe-and-slope/news-multimedia/news/marino-and-toutant-rise-above-in-epic-laax-slopestyle-season-opener | https://laaxopen.com/en/hall-of-fame/,verified,wave2-us-open,live-source
laax-open--2020,slopestyle,womens,,,open,women,,3,Katie Ormerod,GBR,64.20,,https://www.fis-ski.com/snowboard/park-and-pipe/pipe-and-slope/news-multimedia/news/marino-and-toutant-rise-above-in-epic-laax-slopestyle-season-opener | https://laaxopen.com/en/hall-of-fame/,verified,wave2-us-open,live-source
laax-open--2021,halfpipe,mens,,,open,men,,1,Yuto Totsuka,JPN,,,https://whitelines.com/snowboard-culture/snowboard-events/laax-open-2021.html | https://laaxopen.com/en/hall-of-fame/,verified,wave2-us-open,live-source
laax-open--2021,halfpipe,mens,,,open,men,,2,Scotty James,AUS,,,https://whitelines.com/snowboard-culture/snowboard-events/laax-open-2021.html | https://laaxopen.com/en/hall-of-fame/,verified,wave2-us-open,live-source
laax-open--2021,halfpipe,mens,,,open,men,,3,Ruka Hirano,JPN,,,https://whitelines.com/snowboard-culture/snowboard-events/laax-open-2021.html | https://laaxopen.com/en/hall-of-fame/,verified,wave2-us-open,live-source
laax-open--2021,halfpipe,womens,,,open,women,,1,Chloe Kim,USA,89.75,,https://whitelines.com/snowboard-culture/snowboard-events/laax-open-2021.html | https://laaxopen.com/en/hall-of-fame/,verified,wave2-us-open,live-source
laax-open--2021,halfpipe,womens,,,open,women,,2,Mitsuki Ono,JPN,76.50,,https://whitelines.com/snowboard-culture/snowboard-events/laax-open-2021.html | https://laaxopen.com/en/hall-of-fame/,verified,wave2-us-open,live-source
laax-open--2021,halfpipe,womens,,,open,women,,3,Sena Tomita,JPN,75.75,,https://whitelines.com/snowboard-culture/snowboard-events/laax-open-2021.html | https://laaxopen.com/en/hall-of-fame/,verified,wave2-us-open,live-source
laax-open--2021,slopestyle,mens,,,open,men,,1,Niklas Mattsson,SWE,84.28,,https://whitelines.com/snowboard-culture/snowboard-events/laax-open-2021.html | https://laaxopen.com/en/hall-of-fame/,verified,wave2-us-open,live-source
laax-open--2021,slopestyle,mens,,,open,men,,2,Leon Vockensperger,GER,,,https://whitelines.com/snowboard-culture/snowboard-events/laax-open-2021.html | https://laaxopen.com/en/hall-of-fame/,verified,wave2-us-open,live-source
laax-open--2021,slopestyle,mens,,,open,men,,3,Marcus Kleveland,NOR,,,https://whitelines.com/snowboard-culture/snowboard-events/laax-open-2021.html | https://laaxopen.com/en/hall-of-fame/,verified,wave2-us-open,live-source
laax-open--2021,slopestyle,womens,,,open,women,,1,Jamie Anderson,USA,84.35,,https://whitelines.com/snowboard-culture/snowboard-events/laax-open-2021.html | https://laaxopen.com/en/hall-of-fame/,verified,wave2-us-open,live-source
laax-open--2021,slopestyle,womens,,,open,women,,2,Zoi Sadowski Synnott,NZL,,,https://whitelines.com/snowboard-culture/snowboard-events/laax-open-2021.html | https://laaxopen.com/en/hall-of-fame/,verified,wave2-us-open,live-source
laax-open--2021,slopestyle,womens,,,open,women,,3,Tess Coady,AUS,,,https://whitelines.com/snowboard-culture/snowboard-events/laax-open-2021.html | https://laaxopen.com/en/hall-of-fame/,verified,wave2-us-open,live-source
laax-open--2022,halfpipe,mens,,,open,men,,1,Ayumu Hirano,JPN,93.25,,https://whitelines.com/snowboard-culture/snowboard-events/laax-open-2022-recap.html | https://laaxopen.com/en/hall-of-fame/,verified,wave2-us-open,live-source
laax-open--2022,halfpipe,mens,,,open,men,,2,Jan Scherrer,SUI,90.00,,https://whitelines.com/snowboard-culture/snowboard-events/laax-open-2022-recap.html | https://laaxopen.com/en/hall-of-fame/,verified,wave2-us-open,live-source
laax-open--2022,halfpipe,mens,,,open,men,,3,Shaun White,USA,84.00,,https://whitelines.com/snowboard-culture/snowboard-events/laax-open-2022-recap.html | https://laaxopen.com/en/hall-of-fame/,verified,wave2-us-open,live-source
laax-open--2022,halfpipe,womens,,,open,women,,1,Chloe Kim,USA,90.25,,https://whitelines.com/snowboard-culture/snowboard-events/laax-open-2022-recap.html | https://laaxopen.com/en/hall-of-fame/,verified,wave2-us-open,live-source
laax-open--2022,halfpipe,womens,,,open,women,,2,Mitsuki Ono,JPN,89.00,,https://whitelines.com/snowboard-culture/snowboard-events/laax-open-2022-recap.html | https://laaxopen.com/en/hall-of-fame/,verified,wave2-us-open,live-source
laax-open--2022,halfpipe,womens,,,open,women,,3,Queralt Castellet,ESP,80.00,,https://whitelines.com/snowboard-culture/snowboard-events/laax-open-2022-recap.html | https://laaxopen.com/en/hall-of-fame/,verified,wave2-us-open,live-source
laax-open--2022,slopestyle,mens,,,open,men,,1,Sean Fitzsimons,USA,80.91,,https://whitelines.com/snowboard-culture/snowboard-events/laax-open-2022-recap.html | https://laaxopen.com/en/hall-of-fame/,verified,wave2-us-open,live-source
laax-open--2022,slopestyle,mens,,,open,men,,2,Stale Sandbech,NOR,80.43,,https://whitelines.com/snowboard-culture/snowboard-events/laax-open-2022-recap.html | https://laaxopen.com/en/hall-of-fame/,verified,wave2-us-open,live-source
laax-open--2022,slopestyle,mens,,,open,men,,3,Jake Canter,USA,74.76,,https://whitelines.com/snowboard-culture/snowboard-events/laax-open-2022-recap.html | https://laaxopen.com/en/hall-of-fame/,verified,wave2-us-open,live-source
laax-open--2022,slopestyle,womens,,,open,women,,1,Tess Coady,AUS,,,https://whitelines.com/snowboard-culture/snowboard-events/laax-open-2022-recap.html | https://laaxopen.com/en/hall-of-fame/,verified,wave2-us-open,live-source
laax-open--2022,slopestyle,womens,,,open,women,,2,Anna Gasser,AUT,78.56,,https://whitelines.com/snowboard-culture/snowboard-events/laax-open-2022-recap.html | https://laaxopen.com/en/hall-of-fame/,verified,wave2-us-open,live-source
laax-open--2022,slopestyle,womens,,,open,women,,3,Annika Morgan,GER,76.61,,https://whitelines.com/snowboard-culture/snowboard-events/laax-open-2022-recap.html | https://laaxopen.com/en/hall-of-fame/,verified,wave2-us-open,live-source
laax-open--2023,halfpipe,mens,,,open,men,,1,Ruka Hirano,JPN,,,https://whitelines.com/snowboard-culture/snowboard-events/laax-open-2023-recap.html | https://laaxopen.com/en/hall-of-fame/,verified,wave2-us-open,live-source
laax-open--2023,halfpipe,mens,,,open,men,,2,Scotty James,AUS,,,https://whitelines.com/snowboard-culture/snowboard-events/laax-open-2023-recap.html | https://laaxopen.com/en/hall-of-fame/,verified,wave2-us-open,live-source
laax-open--2023,halfpipe,mens,,,open,men,,3,Yuto Totsuka,JPN,,,https://whitelines.com/snowboard-culture/snowboard-events/laax-open-2023-recap.html | https://laaxopen.com/en/hall-of-fame/,verified,wave2-us-open,live-source
laax-open--2023,halfpipe,womens,,,open,women,,1,Mitsuki Ono,JPN,,,https://whitelines.com/snowboard-culture/snowboard-events/laax-open-2023-recap.html | https://laaxopen.com/en/hall-of-fame/,verified,wave2-us-open,live-source
laax-open--2023,halfpipe,womens,,,open,women,,2,Shaotong Wu,CHN,,,https://whitelines.com/snowboard-culture/snowboard-events/laax-open-2023-recap.html | https://laaxopen.com/en/hall-of-fame/,verified,wave2-us-open,live-source
laax-open--2023,halfpipe,womens,,,open,women,,3,Maddie Mastro,USA,,,https://whitelines.com/snowboard-culture/snowboard-events/laax-open-2023-recap.html | https://laaxopen.com/en/hall-of-fame/,verified,wave2-us-open,live-source
laax-open--2023,slopestyle,mens,,,open,men,,1,Marcus Kleveland,NOR,,,https://whitelines.com/snowboard-culture/snowboard-events/laax-open-2023-recap.html | https://laaxopen.com/en/hall-of-fame/,verified,wave2-us-open,live-source
laax-open--2023,slopestyle,mens,,,open,men,,2,Dusty Henricksen,USA,,,https://whitelines.com/snowboard-culture/snowboard-events/laax-open-2023-recap.html | https://laaxopen.com/en/hall-of-fame/,verified,wave2-us-open,live-source
laax-open--2023,slopestyle,mens,,,open,men,,3,Sven Thorgren,SWE,,,https://whitelines.com/snowboard-culture/snowboard-events/laax-open-2023-recap.html | https://laaxopen.com/en/hall-of-fame/,verified,wave2-us-open,live-source
laax-open--2023,slopestyle,womens,,,open,women,,1,Zoi Sadowski Synnott,NZL,,,https://whitelines.com/snowboard-culture/snowboard-events/laax-open-2023-recap.html | https://laaxopen.com/en/hall-of-fame/,verified,wave2-us-open,live-source
laax-open--2023,slopestyle,womens,,,open,women,,2,Mia Brookes,GBR,,,https://whitelines.com/snowboard-culture/snowboard-events/laax-open-2023-recap.html | https://laaxopen.com/en/hall-of-fame/,verified,wave2-us-open,live-source
laax-open--2023,slopestyle,womens,,,open,women,,3,Anna Gasser,AUT,,,https://whitelines.com/snowboard-culture/snowboard-events/laax-open-2023-recap.html | https://laaxopen.com/en/hall-of-fame/,verified,wave2-us-open,live-source
laax-open--2024,halfpipe,mens,,,open,men,,1,Scotty James,AUS,,,https://laaxopen.com/en/results/ | https://laaxopen.com/en/hall-of-fame/,verified,wave2-us-open,live-source
laax-open--2024,halfpipe,mens,,,open,men,,2,Valentino Guseli,,,,https://laaxopen.com/en/results/ | https://laaxopen.com/en/hall-of-fame/,verified,wave2-us-open,live-source
laax-open--2024,halfpipe,mens,,,open,men,,3,Ruka Hirano,,,,https://laaxopen.com/en/results/ | https://laaxopen.com/en/hall-of-fame/,verified,wave2-us-open,live-source
laax-open--2024,halfpipe,womens,,,open,women,,1,Mitsuki Ono,JPN,,,https://laaxopen.com/en/results/ | https://laaxopen.com/en/hall-of-fame/,verified,wave2-us-open,live-source
laax-open--2024,halfpipe,womens,,,open,women,,2,Bea Kim,,,,https://laaxopen.com/en/results/ | https://laaxopen.com/en/hall-of-fame/,verified,wave2-us-open,live-source
laax-open--2024,halfpipe,womens,,,open,women,,3,Ruki Tomita,,,,https://laaxopen.com/en/results/ | https://laaxopen.com/en/hall-of-fame/,verified,wave2-us-open,live-source
laax-open--2024,slopestyle,mens,,,open,men,,1,Liam Brearley,CAN,,,https://laaxopen.com/en/results/ | https://laaxopen.com/en/hall-of-fame/,verified,wave2-us-open,live-source
laax-open--2024,slopestyle,mens,,,open,men,,2,Ryoma Kimata,,,,https://laaxopen.com/en/results/ | https://laaxopen.com/en/hall-of-fame/,verified,wave2-us-open,live-source
laax-open--2024,slopestyle,mens,,,open,men,,3,Cameron Spalding,,,,https://laaxopen.com/en/results/ | https://laaxopen.com/en/hall-of-fame/,verified,wave2-us-open,live-source
laax-open--2024,slopestyle,womens,,,open,women,,1,Julia Marino,USA,,,https://laaxopen.com/en/results/ | https://laaxopen.com/en/hall-of-fame/,verified,wave2-us-open,live-source
laax-open--2024,slopestyle,womens,,,open,women,,2,Annika Morgan,,,,https://laaxopen.com/en/results/ | https://laaxopen.com/en/hall-of-fame/,verified,wave2-us-open,live-source
laax-open--2024,slopestyle,womens,,,open,women,,3,Anna Gasser,,,,https://laaxopen.com/en/results/ | https://laaxopen.com/en/hall-of-fame/,verified,wave2-us-open,live-source
laax-open--2025,halfpipe,mens,,,open,men,,1,Scotty James,AUS,,,https://laaxopen.com/en/results/ | https://laaxopen.com/en/hall-of-fame/,verified,wave2-us-open,live-source
laax-open--2025,halfpipe,mens,,,open,men,,2,Ruka Hirano,,,,https://laaxopen.com/en/results/ | https://laaxopen.com/en/hall-of-fame/,verified,wave2-us-open,live-source
laax-open--2025,halfpipe,mens,,,open,men,,3,Ayumu Hirano,,,,https://laaxopen.com/en/results/ | https://laaxopen.com/en/hall-of-fame/,verified,wave2-us-open,live-source
laax-open--2025,halfpipe,womens,,,open,women,,1,Chloe Kim,USA,,,https://laaxopen.com/en/results/ | https://laaxopen.com/en/hall-of-fame/,verified,wave2-us-open,live-source
laax-open--2025,halfpipe,womens,,,open,women,,2,Maddie Mastro,,,,https://laaxopen.com/en/results/ | https://laaxopen.com/en/hall-of-fame/,verified,wave2-us-open,live-source
laax-open--2025,halfpipe,womens,,,open,women,,3,Gaon Choi,,,,https://laaxopen.com/en/results/ | https://laaxopen.com/en/hall-of-fame/,verified,wave2-us-open,live-source
laax-open--2025,slopestyle,mens,,,open,men,,1,Cameron Spalding,CAN,,,https://laaxopen.com/en/results/ | https://laaxopen.com/en/hall-of-fame/,verified,wave2-us-open,live-source
laax-open--2025,slopestyle,mens,,,open,men,,2,Redmond Gerard,,,,https://laaxopen.com/en/results/ | https://laaxopen.com/en/hall-of-fame/,verified,wave2-us-open,live-source
laax-open--2025,slopestyle,mens,,,open,men,,3,Noah Vicktor,,,,https://laaxopen.com/en/results/ | https://laaxopen.com/en/hall-of-fame/,verified,wave2-us-open,live-source
laax-open--2025,slopestyle,womens,,,open,women,,1,Mia Brookes,GBR,,,https://laaxopen.com/en/results/ | https://laaxopen.com/en/hall-of-fame/,verified,wave2-us-open,live-source
laax-open--2025,slopestyle,womens,,,open,women,,2,Zoi Sadowski Synnott,,,,https://laaxopen.com/en/results/ | https://laaxopen.com/en/hall-of-fame/,verified,wave2-us-open,live-source
laax-open--2025,slopestyle,womens,,,open,women,,3,Kokomo Murase,,,,https://laaxopen.com/en/results/ | https://laaxopen.com/en/hall-of-fame/,verified,wave2-us-open,live-source
laax-open--2026,halfpipe,mens,,,open,men,,1,Scotty James,AUS,,,https://laaxopen.com/en/results/ | https://laaxopen.com/en/hall-of-fame/,verified,wave2-us-open,live-source
laax-open--2026,halfpipe,mens,,,open,men,,2,Campbell Melville Ives,,,,https://laaxopen.com/en/results/ | https://laaxopen.com/en/hall-of-fame/,verified,wave2-us-open,live-source
laax-open--2026,halfpipe,mens,,,open,men,,3,Valentino Guseli,,,,https://laaxopen.com/en/results/ | https://laaxopen.com/en/hall-of-fame/,verified,wave2-us-open,live-source
laax-open--2026,halfpipe,womens,,,open,women,,1,Gaon Choi,KOR,,,https://laaxopen.com/en/results/ | https://laaxopen.com/en/hall-of-fame/,verified,wave2-us-open,live-source
laax-open--2026,halfpipe,womens,,,open,women,,2,Rise Kudo,,,,https://laaxopen.com/en/results/ | https://laaxopen.com/en/hall-of-fame/,verified,wave2-us-open,live-source
laax-open--2026,halfpipe,womens,,,open,women,,3,Xuetong Cai,,,,https://laaxopen.com/en/results/ | https://laaxopen.com/en/hall-of-fame/,verified,wave2-us-open,live-source
laax-open--2026,slopestyle,mens,,,open,men,,1,Romain Allemand,FRA,,,https://laaxopen.com/en/results/ | https://laaxopen.com/en/hall-of-fame/,verified,wave2-us-open,live-source
laax-open--2026,slopestyle,mens,,,open,men,,2,Yuto Kimura,,,,https://laaxopen.com/en/results/ | https://laaxopen.com/en/hall-of-fame/,verified,wave2-us-open,live-source
laax-open--2026,slopestyle,mens,,,open,men,,3,Yiming Su,,,,https://laaxopen.com/en/results/ | https://laaxopen.com/en/hall-of-fame/,verified,wave2-us-open,live-source
laax-open--2026,slopestyle,womens,,,open,women,,1,Kokomo Murase,JPN,,,https://laaxopen.com/en/results/ | https://laaxopen.com/en/hall-of-fame/,verified,wave2-us-open,live-source
laax-open--2026,slopestyle,womens,,,open,women,,2,Lily Dhawornvej,,,,https://laaxopen.com/en/results/ | https://laaxopen.com/en/hall-of-fame/,verified,wave2-us-open,live-source
laax-open--2026,slopestyle,womens,,,open,women,,3,Anna Gasser,,,,https://laaxopen.com/en/results/ | https://laaxopen.com/en/hall-of-fame/,verified,wave2-us-open,live-source
mt-baker-legendary-banked-slalom--1985,banked-slalom,pro,Pro Men All Ages,,pro,men,,1,Tom Sims,,,,https://lbs.mtbaker.us/results/honor-roll/,verified,wave2-baker-grassroots,live-source
mt-baker-legendary-banked-slalom--1985,banked-slalom,pro,,,pro,unspecified,,1,Tom Sims,USA,,,https://en.wikipedia.org/wiki/Mt._Baker_Legendary_Banked_Slalom | https://localfreshies.com/mt-baker-banked-slalom/ | https://www.snowboarder.com/news/snowboard-history-timeline-part-21980s | https://www.skihall.com/hall-of-famers/tom-sims/,likely,v0.1-legacy-80s-90s,live-source
mt-baker-legendary-banked-slalom--1986,banked-slalom,pro,Pro Men All Ages,,pro,men,,1,Shaun Palmer,,,,https://lbs.mtbaker.us/results/honor-roll/,verified,wave2-baker-grassroots,live-source
mt-baker-legendary-banked-slalom--1987,banked-slalom,pro,Pro Men All Ages,,pro,men,,1,Shaun Palmer,,,,https://lbs.mtbaker.us/results/honor-roll/,verified,wave2-baker-grassroots,live-source
mt-baker-legendary-banked-slalom--1987,banked-slalom,pro,Pro Women All Ages,,pro,women,,1,Amy Howat,,,,https://lbs.mtbaker.us/results/honor-roll/,verified,wave2-baker-grassroots,live-source
mt-baker-legendary-banked-slalom--1988,banked-slalom,am,Amateur Men Ages 16-29 (ages 20-29 from 1994-2020),ages 16-29,amateur,men,,1,Don Schwartz,,,,https://lbs.mtbaker.us/results/honor-roll/,verified,wave2-baker-grassroots,live-source
mt-baker-legendary-banked-slalom--1988,banked-slalom,pro,Pro Men All Ages,,pro,men,,1,Craig Kelly,,,,https://lbs.mtbaker.us/results/honor-roll/,verified,wave2-baker-grassroots,live-source
mt-baker-legendary-banked-slalom--1988,banked-slalom,pro,Pro Women All Ages,,pro,women,,1,Marcella Dobis,,,,https://lbs.mtbaker.us/results/honor-roll/,verified,wave2-baker-grassroots,live-source
mt-baker-legendary-banked-slalom--1989,banked-slalom,am,Amateur Men Ages 16-29 (ages 20-29 from 1994-2020),ages 16-29,amateur,men,,1,Tad Dobson,,,,https://lbs.mtbaker.us/results/honor-roll/,verified,wave2-baker-grassroots,live-source
mt-baker-legendary-banked-slalom--1989,banked-slalom,pro,Pro Men All Ages,,pro,men,,1,Rob Morrow,,,,https://lbs.mtbaker.us/results/honor-roll/,verified,wave2-baker-grassroots,live-source
mt-baker-legendary-banked-slalom--1989,banked-slalom,pro,Pro Women All Ages,,pro,women,,1,Jennifer Dolecki,,,,https://lbs.mtbaker.us/results/honor-roll/,verified,wave2-baker-grassroots,live-source
mt-baker-legendary-banked-slalom--1990,banked-slalom,am,Amateur Men Ages 16-29 (ages 20-29 from 1994-2020),ages 16-29,amateur,men,,1,Matt Remine,,,,https://lbs.mtbaker.us/results/honor-roll/,verified,wave2-baker-grassroots,live-source
mt-baker-legendary-banked-slalom--1990,banked-slalom,juniors,Juniors Ages 12-15,ages 12-15,junior,unspecified,,1,Chris Ankeny,,,,https://lbs.mtbaker.us/results/honor-roll/,verified,wave2-baker-grassroots,live-source
mt-baker-legendary-banked-slalom--1990,banked-slalom,pro,Pro Men All Ages,,pro,men,,1,Don Schwartz,,,,https://lbs.mtbaker.us/results/honor-roll/,verified,wave2-baker-grassroots,live-source
mt-baker-legendary-banked-slalom--1990,banked-slalom,pro,Pro Women All Ages,,pro,women,,1,Amy Howat,,,,https://lbs.mtbaker.us/results/honor-roll/,verified,wave2-baker-grassroots,live-source
mt-baker-legendary-banked-slalom--1991,banked-slalom,pro,Pro Men All Ages,,pro,men,,1,Craig Kelly,,,,https://lbs.mtbaker.us/results/honor-roll/,verified,wave2-baker-grassroots,live-source
mt-baker-legendary-banked-slalom--1991,banked-slalom,pro,Pro Women All Ages,,pro,women,,1,Jean Higgins,,,,https://lbs.mtbaker.us/results/honor-roll/,verified,wave2-baker-grassroots,live-source
mt-baker-legendary-banked-slalom--1992,banked-slalom,am,Amateur Men Ages 16-29 (ages 20-29 from 1994-2020),ages 16-29,amateur,men,,1,Rob Berney,,,,https://lbs.mtbaker.us/results/honor-roll/,verified,wave2-baker-grassroots,live-source
mt-baker-legendary-banked-slalom--1992,banked-slalom,pro,Pro Men All Ages,,pro,men,,1,Ross Rebagliati,,,,https://lbs.mtbaker.us/results/honor-roll/,verified,wave2-baker-grassroots,live-source
mt-baker-legendary-banked-slalom--1992,banked-slalom,pro,Pro Women All Ages,,pro,women,,1,Karleen Jeffery,,,,https://lbs.mtbaker.us/results/honor-roll/,verified,wave2-baker-grassroots,live-source
mt-baker-legendary-banked-slalom--1993,banked-slalom,am,Amateur Men Ages 16-29 (ages 20-29 from 1994-2020),ages 16-29,amateur,men,,1,Jeremy Lichtenwaldt,,,,https://lbs.mtbaker.us/results/honor-roll/,verified,wave2-baker-grassroots,live-source
mt-baker-legendary-banked-slalom--1993,banked-slalom,juniors,Juniors Ages 12-15,ages 12-15,junior,unspecified,,1,Mike Johnson,,,,https://lbs.mtbaker.us/results/honor-roll/,verified,wave2-baker-grassroots,live-source
mt-baker-legendary-banked-slalom--1993,banked-slalom,masters,Masters Men Ages 30-39,ages 30-39,masters,men,,1,Randy Haugen,,,,https://lbs.mtbaker.us/results/honor-roll/,verified,wave2-baker-grassroots,live-source
mt-baker-legendary-banked-slalom--1993,banked-slalom,masters,Grand Masters Men Ages 50+,ages 50+,masters,men,,1,Jim Taylor,,,,https://lbs.mtbaker.us/results/honor-roll/,verified,wave2-baker-grassroots,live-source
mt-baker-legendary-banked-slalom--1993,banked-slalom,pro,Pro Men All Ages,,pro,men,,1,Craig Kelly,,,,https://lbs.mtbaker.us/results/honor-roll/,verified,wave2-baker-grassroots,live-source
mt-baker-legendary-banked-slalom--1993,banked-slalom,pro,Pro Women All Ages,,pro,women,,1,Karleen Jeffery,,,,https://lbs.mtbaker.us/results/honor-roll/,verified,wave2-baker-grassroots,live-source
mt-baker-legendary-banked-slalom--1994,banked-slalom,am,Amateur Men Ages 16-29 (ages 20-29 from 1994-2020),ages 16-29,amateur,men,,1,Andy Weiss,,,,https://lbs.mtbaker.us/results/honor-roll/,verified,wave2-baker-grassroots,live-source
mt-baker-legendary-banked-slalom--1994,banked-slalom,am,Women Amateurs Ages 16-29,ages 16-29,amateur,women,,1,Dawn Fidler,,,,https://lbs.mtbaker.us/results/honor-roll/,verified,wave2-baker-grassroots,live-source
mt-baker-legendary-banked-slalom--1994,banked-slalom,juniors,Younger Amateurs Ages 16-19,ages 16-19,junior,unspecified,,1,Ryan Rowe,,,,https://lbs.mtbaker.us/results/honor-roll/,verified,wave2-baker-grassroots,live-source
mt-baker-legendary-banked-slalom--1994,banked-slalom,juniors,Juniors Ages 12-15,ages 12-15,junior,unspecified,,1,Cullen Brain,,,,https://lbs.mtbaker.us/results/honor-roll/,verified,wave2-baker-grassroots,live-source
mt-baker-legendary-banked-slalom--1994,banked-slalom,masters,Masters Men Ages 30-39,ages 30-39,masters,men,,1,Randy Haugen,,,,https://lbs.mtbaker.us/results/honor-roll/,verified,wave2-baker-grassroots,live-source
mt-baker-legendary-banked-slalom--1994,banked-slalom,masters,Masters Women Ages 30-39 (ages 30-44 from 1993-2020),ages 30-39,masters,women,,1,Bunny Finch,,,,https://lbs.mtbaker.us/results/honor-roll/,verified,wave2-baker-grassroots,live-source
mt-baker-legendary-banked-slalom--1994,banked-slalom,pro,Pro Men All Ages,,pro,men,,1,Paul Ferrel,,,,https://lbs.mtbaker.us/results/honor-roll/,verified,wave2-baker-grassroots,live-source
mt-baker-legendary-banked-slalom--1994,banked-slalom,pro,Pro Women All Ages,,pro,women,,1,Weegee McAuliffe,,,,https://lbs.mtbaker.us/results/honor-roll/,verified,wave2-baker-grassroots,live-source
mt-baker-legendary-banked-slalom--1995,banked-slalom,am,Amateur Men Ages 16-29 (ages 20-29 from 1994-2020),ages 16-29,amateur,men,,1,Drew Peters,,,,https://lbs.mtbaker.us/results/honor-roll/,verified,wave2-baker-grassroots,live-source
mt-baker-legendary-banked-slalom--1995,banked-slalom,am,Women Amateurs Ages 16-29,ages 16-29,amateur,women,,1,Dawn Fidler,,,,https://lbs.mtbaker.us/results/honor-roll/,verified,wave2-baker-grassroots,live-source
mt-baker-legendary-banked-slalom--1995,banked-slalom,groms,Next Gen Ages 11 & Under,ages 11 &,grom,unspecified,,1,Myles Genovese,,,,https://lbs.mtbaker.us/results/honor-roll/,verified,wave2-baker-grassroots,live-source
mt-baker-legendary-banked-slalom--1995,banked-slalom,juniors,Younger Amateurs Ages 16-19,ages 16-19,junior,unspecified,,1,Ryan Rowe,,,,https://lbs.mtbaker.us/results/honor-roll/,verified,wave2-baker-grassroots,live-source
mt-baker-legendary-banked-slalom--1995,banked-slalom,juniors,Juniors Ages 12-15,ages 12-15,junior,unspecified,,1,Cullen Brain,,,,https://lbs.mtbaker.us/results/honor-roll/,verified,wave2-baker-grassroots,live-source
mt-baker-legendary-banked-slalom--1995,banked-slalom,masters,Masters Men Ages 30-39,ages 30-39,masters,men,,1,Luke Edgar,,,,https://lbs.mtbaker.us/results/honor-roll/,verified,wave2-baker-grassroots,live-source
mt-baker-legendary-banked-slalom--1995,banked-slalom,masters,Masters Women Ages 30-39 (ages 30-44 from 1993-2020),ages 30-39,masters,women,,1,Debra Orth,,,,https://lbs.mtbaker.us/results/honor-roll/,verified,wave2-baker-grassroots,live-source
mt-baker-legendary-banked-slalom--1995,banked-slalom,pro,Pro Men All Ages,,pro,men,,1,Terje Haakonsen,,,,https://lbs.mtbaker.us/results/honor-roll/,verified,wave2-baker-grassroots,live-source
mt-baker-legendary-banked-slalom--1995,banked-slalom,pro,Pro Women All Ages,,pro,women,,1,Rachel Deryckx,,,,https://lbs.mtbaker.us/results/honor-roll/,verified,wave2-baker-grassroots,live-source
mt-baker-legendary-banked-slalom--1996,banked-slalom,am,Amateur Men Ages 16-29 (ages 20-29 from 1994-2020),ages 16-29,amateur,men,,1,Akasha Weisgarber,,,,https://lbs.mtbaker.us/results/honor-roll/,verified,wave2-baker-grassroots,live-source
mt-baker-legendary-banked-slalom--1996,banked-slalom,am,Women Amateurs Ages 16-29,ages 16-29,amateur,women,,1,Allison O'Brian,,,,https://lbs.mtbaker.us/results/honor-roll/,verified,wave2-baker-grassroots,live-source
mt-baker-legendary-banked-slalom--1996,banked-slalom,groms,Next Gen Ages 11 & Under,ages 11 &,grom,unspecified,,1,Kenny Neal,,,,https://lbs.mtbaker.us/results/honor-roll/,verified,wave2-baker-grassroots,live-source
mt-baker-legendary-banked-slalom--1996,banked-slalom,juniors,Younger Amateurs Ages 16-19,ages 16-19,junior,unspecified,,1,Kory Klouzer,,,,https://lbs.mtbaker.us/results/honor-roll/,verified,wave2-baker-grassroots,live-source
mt-baker-legendary-banked-slalom--1996,banked-slalom,juniors,Juniors Ages 12-15,ages 12-15,junior,unspecified,,1,Jakob Wilhelmson,,,,https://lbs.mtbaker.us/results/honor-roll/,verified,wave2-baker-grassroots,live-source
mt-baker-legendary-banked-slalom--1996,banked-slalom,masters,Masters Men Ages 30-39,ages 30-39,masters,men,,1,Luke Edgar,,,,https://lbs.mtbaker.us/results/honor-roll/,verified,wave2-baker-grassroots,live-source
mt-baker-legendary-banked-slalom--1996,banked-slalom,masters,Masters Women Ages 30-39 (ages 30-44 from 1993-2020),ages 30-39,masters,women,,1,Debra Orth,,,,https://lbs.mtbaker.us/results/honor-roll/,verified,wave2-baker-grassroots,live-source
mt-baker-legendary-banked-slalom--1996,banked-slalom,pro,Pro Men All Ages,,pro,men,,1,Terje Haakonsen,,,,https://lbs.mtbaker.us/results/honor-roll/,verified,wave2-baker-grassroots,live-source
mt-baker-legendary-banked-slalom--1996,banked-slalom,pro,Pro Women All Ages,,pro,women,,1,Karleen Jeffery,,,,https://lbs.mtbaker.us/results/honor-roll/,verified,wave2-baker-grassroots,live-source
mt-baker-legendary-banked-slalom--1997,banked-slalom,am,Amateur Men Ages 16-29 (ages 20-29 from 1994-2020),ages 16-29,amateur,men,,1,Jode Carlucci,,,,https://lbs.mtbaker.us/results/honor-roll/,verified,wave2-baker-grassroots,live-source
mt-baker-legendary-banked-slalom--1997,banked-slalom,am,Women Amateurs Ages 16-29,ages 16-29,amateur,women,,1,Allison O'Brian,,,,https://lbs.mtbaker.us/results/honor-roll/,verified,wave2-baker-grassroots,live-source
mt-baker-legendary-banked-slalom--1997,banked-slalom,groms,Next Gen Ages 11 & Under,ages 11 &,grom,unspecified,,1,Lucas DeBari,,,,https://lbs.mtbaker.us/results/honor-roll/,verified,wave2-baker-grassroots,live-source
mt-baker-legendary-banked-slalom--1997,banked-slalom,juniors,Younger Amateurs Ages 16-19,ages 16-19,junior,unspecified,,1,Kory Klouzer,,,,https://lbs.mtbaker.us/results/honor-roll/,verified,wave2-baker-grassroots,live-source
mt-baker-legendary-banked-slalom--1997,banked-slalom,juniors,Juniors Ages 12-15,ages 12-15,junior,unspecified,,1,Jakob Wilhelmson,,,,https://lbs.mtbaker.us/results/honor-roll/,verified,wave2-baker-grassroots,live-source
mt-baker-legendary-banked-slalom--1997,banked-slalom,masters,Masters Men Ages 30-39,ages 30-39,masters,men,,1,Jean Nerva,,,,https://lbs.mtbaker.us/results/honor-roll/,verified,wave2-baker-grassroots,live-source
mt-baker-legendary-banked-slalom--1997,banked-slalom,masters,Grand Masters Men Ages 50+,ages 50+,masters,men,,1,Jim Taylor,,,,https://lbs.mtbaker.us/results/honor-roll/,verified,wave2-baker-grassroots,live-source
mt-baker-legendary-banked-slalom--1997,banked-slalom,pro,Pro Men All Ages,,pro,men,,1,Rob Morrow,,,,https://lbs.mtbaker.us/results/honor-roll/,verified,wave2-baker-grassroots,live-source
mt-baker-legendary-banked-slalom--1997,banked-slalom,pro,Pro Women All Ages,,pro,women,,1,Karleen Jeffery,,,,https://lbs.mtbaker.us/results/honor-roll/,verified,wave2-baker-grassroots,live-source
mt-baker-legendary-banked-slalom--1998,banked-slalom,am,Amateur Men Ages 16-29 (ages 20-29 from 1994-2020),ages 16-29,amateur,men,,1,Matt Remine,,,,https://lbs.mtbaker.us/results/honor-roll/,verified,wave2-baker-grassroots,live-source
mt-baker-legendary-banked-slalom--1998,banked-slalom,am,Women Amateurs Ages 16-29,ages 16-29,amateur,women,,1,Jacqui Berg,,,,https://lbs.mtbaker.us/results/honor-roll/,verified,wave2-baker-grassroots,live-source
mt-baker-legendary-banked-slalom--1998,banked-slalom,groms,Next Gen Ages 11 & Under,ages 11 &,grom,unspecified,,1,Shaun White,,,,https://lbs.mtbaker.us/results/honor-roll/,verified,wave2-baker-grassroots,live-source
mt-baker-legendary-banked-slalom--1998,banked-slalom,juniors,Younger Amateurs Ages 16-19,ages 16-19,junior,unspecified,,1,Ryan Kelly,,,,https://lbs.mtbaker.us/results/honor-roll/,verified,wave2-baker-grassroots,live-source
mt-baker-legendary-banked-slalom--1998,banked-slalom,juniors,Juniors Ages 12-15,ages 12-15,junior,unspecified,,1,Javas Lehn,,,,https://lbs.mtbaker.us/results/honor-roll/,verified,wave2-baker-grassroots,live-source
mt-baker-legendary-banked-slalom--1998,banked-slalom,masters,Masters Men Ages 30-39,ages 30-39,masters,men,,1,Jean Nerva,,,,https://lbs.mtbaker.us/results/honor-roll/,verified,wave2-baker-grassroots,live-source
mt-baker-legendary-banked-slalom--1998,banked-slalom,masters,Grand Masters Men Ages 50+,ages 50+,masters,men,,1,Jim Taylor,,,,https://lbs.mtbaker.us/results/honor-roll/,verified,wave2-baker-grassroots,live-source
mt-baker-legendary-banked-slalom--1998,banked-slalom,pro,Pro Men All Ages,,pro,men,,1,Terje Haakonsen,,,,https://lbs.mtbaker.us/results/honor-roll/,verified,wave2-baker-grassroots,live-source
mt-baker-legendary-banked-slalom--1998,banked-slalom,pro,Pro Women All Ages,,pro,women,,1,Karleen Jeffery,,,,https://lbs.mtbaker.us/results/honor-roll/,verified,wave2-baker-grassroots,live-source
mt-baker-legendary-banked-slalom--1999,banked-slalom,am,Amateur Men Ages 16-29 (ages 20-29 from 1994-2020),ages 16-29,amateur,men,,1,J.J. Desormeaux,,,,https://lbs.mtbaker.us/results/honor-roll/,verified,wave2-baker-grassroots,live-source
mt-baker-legendary-banked-slalom--1999,banked-slalom,am,Women Amateurs Ages 16-29,ages 16-29,amateur,women,,1,Natasha Khan,,,,https://lbs.mtbaker.us/results/honor-roll/,verified,wave2-baker-grassroots,live-source
mt-baker-legendary-banked-slalom--1999,banked-slalom,groms,Next Gen Ages 11 & Under,ages 11 &,grom,unspecified,,1,Lucas DeBari,,,,https://lbs.mtbaker.us/results/honor-roll/,verified,wave2-baker-grassroots,live-source
mt-baker-legendary-banked-slalom--1999,banked-slalom,juniors,Younger Amateurs Ages 16-19,ages 16-19,junior,unspecified,,1,Jason Speer,,,,https://lbs.mtbaker.us/results/honor-roll/,verified,wave2-baker-grassroots,live-source
mt-baker-legendary-banked-slalom--1999,banked-slalom,juniors,Juniors Ages 12-15,ages 12-15,junior,unspecified,,1,Jay Kelly,,,,https://lbs.mtbaker.us/results/honor-roll/,verified,wave2-baker-grassroots,live-source
mt-baker-legendary-banked-slalom--1999,banked-slalom,masters,Masters Men Ages 30-39,ages 30-39,masters,men,,1,Dave Wray,,,,https://lbs.mtbaker.us/results/honor-roll/,verified,wave2-baker-grassroots,live-source
mt-baker-legendary-banked-slalom--1999,banked-slalom,masters,Grand Masters Men Ages 50+,ages 50+,masters,men,,1,Jim Taylor,,,,https://lbs.mtbaker.us/results/honor-roll/,verified,wave2-baker-grassroots,live-source
mt-baker-legendary-banked-slalom--1999,banked-slalom,pro,Pro Men All Ages,,pro,men,,1,Matt Goodwill,,,,https://lbs.mtbaker.us/results/honor-roll/,verified,wave2-baker-grassroots,live-source
mt-baker-legendary-banked-slalom--1999,banked-slalom,pro,Pro Women All Ages,,pro,women,,1,Karleen Jeffery,,,,https://lbs.mtbaker.us/results/honor-roll/,verified,wave2-baker-grassroots,live-source
mt-baker-legendary-banked-slalom--2000,banked-slalom,am,Amateur Men Ages 16-29 (ages 20-29 from 1994-2020),ages 16-29,amateur,men,,1,Andy Johnson,,,,https://lbs.mtbaker.us/results/honor-roll/,verified,wave2-baker-grassroots,live-source
mt-baker-legendary-banked-slalom--2000,banked-slalom,am,Women Amateurs Ages 16-29,ages 16-29,amateur,women,,1,Stacy Thomas,,,,https://lbs.mtbaker.us/results/honor-roll/,verified,wave2-baker-grassroots,live-source
mt-baker-legendary-banked-slalom--2000,banked-slalom,groms,Next Gen Ages 11 & Under,ages 11 &,grom,unspecified,,1,Nicky Larson,,,,https://lbs.mtbaker.us/results/honor-roll/,verified,wave2-baker-grassroots,live-source
mt-baker-legendary-banked-slalom--2000,banked-slalom,juniors,Younger Amateurs Ages 16-19,ages 16-19,junior,unspecified,,1,Jason Speer,,,,https://lbs.mtbaker.us/results/honor-roll/,verified,wave2-baker-grassroots,live-source
mt-baker-legendary-banked-slalom--2000,banked-slalom,juniors,Juniors Ages 12-15,ages 12-15,junior,unspecified,,1,Mathieu Crepel,,,,https://lbs.mtbaker.us/results/honor-roll/,verified,wave2-baker-grassroots,live-source
mt-baker-legendary-banked-slalom--2000,banked-slalom,masters,Masters Men Ages 30-39,ages 30-39,masters,men,,1,Garry Pendygrasse,,,,https://lbs.mtbaker.us/results/honor-roll/,verified,wave2-baker-grassroots,live-source
mt-baker-legendary-banked-slalom--2000,banked-slalom,masters,Grand Masters Men Ages 50+,ages 50+,masters,men,,1,Bruce Smith,,,,https://lbs.mtbaker.us/results/honor-roll/,verified,wave2-baker-grassroots,live-source
mt-baker-legendary-banked-slalom--2000,banked-slalom,pro,Pro Men All Ages,,pro,men,,1,Terje Haakonsen,,,,https://lbs.mtbaker.us/results/honor-roll/,verified,wave2-baker-grassroots,live-source
mt-baker-legendary-banked-slalom--2000,banked-slalom,pro,Pro Women All Ages,,pro,women,,1,Victoria Jealouse,,,,https://lbs.mtbaker.us/results/honor-roll/,verified,wave2-baker-grassroots,live-source
mt-baker-legendary-banked-slalom--2001,banked-slalom,am,Amateur Men Ages 16-29 (ages 20-29 from 1994-2020),ages 16-29,amateur,men,,1,Kyle Phillips,,,,https://lbs.mtbaker.us/results/honor-roll/,verified,wave2-baker-grassroots,live-source
mt-baker-legendary-banked-slalom--2001,banked-slalom,am,Women Amateurs Ages 16-29,ages 16-29,amateur,women,,1,Krisi Dill,,,,https://lbs.mtbaker.us/results/honor-roll/,verified,wave2-baker-grassroots,live-source
mt-baker-legendary-banked-slalom--2001,banked-slalom,groms,Next Gen Ages 11 & Under,ages 11 &,grom,unspecified,,1,Roger Carver,,,,https://lbs.mtbaker.us/results/honor-roll/,verified,wave2-baker-grassroots,live-source
mt-baker-legendary-banked-slalom--2001,banked-slalom,juniors,Younger Amateurs Ages 16-19,ages 16-19,junior,unspecified,,1,Blair Habenicht,,,,https://lbs.mtbaker.us/results/honor-roll/,verified,wave2-baker-grassroots,live-source
mt-baker-legendary-banked-slalom--2001,banked-slalom,juniors,Juniors Ages 12-15,ages 12-15,junior,unspecified,,1,Taylor Galt,,,,https://lbs.mtbaker.us/results/honor-roll/,verified,wave2-baker-grassroots,live-source
mt-baker-legendary-banked-slalom--2001,banked-slalom,masters,Masters Men Ages 30-39,ages 30-39,masters,men,,1,Shannon Melhuse,,,,https://lbs.mtbaker.us/results/honor-roll/,verified,wave2-baker-grassroots,live-source
mt-baker-legendary-banked-slalom--2001,banked-slalom,masters,Grand Masters Men Ages 50+,ages 50+,masters,men,,1,Mike Cotes,,,,https://lbs.mtbaker.us/results/honor-roll/,verified,wave2-baker-grassroots,live-source
mt-baker-legendary-banked-slalom--2001,banked-slalom,pro,Pro Men All Ages,,pro,men,,1,Temple Cummins,,,,https://lbs.mtbaker.us/results/honor-roll/,verified,wave2-baker-grassroots,live-source
mt-baker-legendary-banked-slalom--2001,banked-slalom,pro,Pro Women All Ages,,pro,women,,1,Barrett Christy,,,,https://lbs.mtbaker.us/results/honor-roll/,verified,wave2-baker-grassroots,live-source
mt-baker-legendary-banked-slalom--2002,banked-slalom,am,Amateur Men Ages 16-29 (ages 20-29 from 1994-2020),ages 16-29,amateur,men,,1,Bobby Hickman,,,,https://lbs.mtbaker.us/results/honor-roll/,verified,wave2-baker-grassroots,live-source
mt-baker-legendary-banked-slalom--2002,banked-slalom,am,Women Amateurs Ages 16-29,ages 16-29,amateur,women,,1,Mechille Kiss,,,,https://lbs.mtbaker.us/results/honor-roll/,verified,wave2-baker-grassroots,live-source
mt-baker-legendary-banked-slalom--2002,banked-slalom,groms,Next Gen Ages 11 & Under,ages 11 &,grom,unspecified,,1,Blake Eddington,,,,https://lbs.mtbaker.us/results/honor-roll/,verified,wave2-baker-grassroots,live-source
mt-baker-legendary-banked-slalom--2002,banked-slalom,juniors,Younger Amateurs Ages 16-19,ages 16-19,junior,unspecified,,1,Dillon Candelaria,,,,https://lbs.mtbaker.us/results/honor-roll/,verified,wave2-baker-grassroots,live-source
mt-baker-legendary-banked-slalom--2002,banked-slalom,juniors,Juniors Ages 12-15,ages 12-15,junior,unspecified,,1,Lucas DeBari,,,,https://lbs.mtbaker.us/results/honor-roll/,verified,wave2-baker-grassroots,live-source
mt-baker-legendary-banked-slalom--2002,banked-slalom,masters,Pro Men Masters Ages 40-49,ages 40-49,masters,men,,1,Shannon Melhuse,,,,https://lbs.mtbaker.us/results/honor-roll/,verified,wave2-baker-grassroots,live-source
mt-baker-legendary-banked-slalom--2002,banked-slalom,masters,Masters Men Ages 30-39,ages 30-39,masters,men,,1,Mike Cotes,,,,https://lbs.mtbaker.us/results/honor-roll/,verified,wave2-baker-grassroots,live-source
mt-baker-legendary-banked-slalom--2002,banked-slalom,masters,Masters Women Ages 30-39 (ages 30-44 from 1993-2020),ages 30-39,masters,women,,1,Jen Tofte,,,,https://lbs.mtbaker.us/results/honor-roll/,verified,wave2-baker-grassroots,live-source
mt-baker-legendary-banked-slalom--2002,banked-slalom,masters,Grand Masters Men Ages 50+,ages 50+,masters,men,,1,Rob Skala,,,,https://lbs.mtbaker.us/results/honor-roll/,verified,wave2-baker-grassroots,live-source
mt-baker-legendary-banked-slalom--2002,banked-slalom,pro,Pro Men All Ages,,pro,men,,1,Xavier Deleru,,,,https://lbs.mtbaker.us/results/honor-roll/,verified,wave2-baker-grassroots,live-source
mt-baker-legendary-banked-slalom--2002,banked-slalom,pro,Pro Women All Ages,,pro,women,,1,Manuela Pesko,,,,https://lbs.mtbaker.us/results/honor-roll/,verified,wave2-baker-grassroots,live-source
mt-baker-legendary-banked-slalom--2003,banked-slalom,am,Amateur Men Ages 16-29 (ages 20-29 from 1994-2020),ages 16-29,amateur,men,,1,Darin Bryant,,,,https://lbs.mtbaker.us/results/honor-roll/,verified,wave2-baker-grassroots,live-source
mt-baker-legendary-banked-slalom--2003,banked-slalom,am,Women Amateurs Ages 16-29,ages 16-29,amateur,women,,1,Kelsey Galt,,,,https://lbs.mtbaker.us/results/honor-roll/,verified,wave2-baker-grassroots,live-source
mt-baker-legendary-banked-slalom--2003,banked-slalom,groms,Next Gen Ages 11 & Under,ages 11 &,grom,unspecified,,1,Logan Beaulieu,,,,https://lbs.mtbaker.us/results/honor-roll/,verified,wave2-baker-grassroots,live-source
mt-baker-legendary-banked-slalom--2003,banked-slalom,juniors,Younger Amateurs Ages 16-19,ages 16-19,junior,unspecified,,1,Wallace Westfeldt,,,,https://lbs.mtbaker.us/results/honor-roll/,verified,wave2-baker-grassroots,live-source
mt-baker-legendary-banked-slalom--2003,banked-slalom,juniors,Juniors Ages 12-15,ages 12-15,junior,unspecified,,1,Sammy Luebke,,,,https://lbs.mtbaker.us/results/honor-roll/,verified,wave2-baker-grassroots,live-source
mt-baker-legendary-banked-slalom--2003,banked-slalom,masters,Pro Men Masters Ages 40-49,ages 40-49,masters,men,,1,Christian Robertson,,,,https://lbs.mtbaker.us/results/honor-roll/,verified,wave2-baker-grassroots,live-source
mt-baker-legendary-banked-slalom--2003,banked-slalom,masters,Masters Men Ages 30-39,ages 30-39,masters,men,,1,Robert Mann,,,,https://lbs.mtbaker.us/results/honor-roll/,verified,wave2-baker-grassroots,live-source
mt-baker-legendary-banked-slalom--2003,banked-slalom,masters,Masters Women Ages 30-39 (ages 30-44 from 1993-2020),ages 30-39,masters,women,,1,Jen Tofte,,,,https://lbs.mtbaker.us/results/honor-roll/,verified,wave2-baker-grassroots,live-source
mt-baker-legendary-banked-slalom--2003,banked-slalom,masters,Mid Masters Men Ages 40-49,ages 40-49,masters,men,,1,Scott Liska,,,,https://lbs.mtbaker.us/results/honor-roll/,verified,wave2-baker-grassroots,live-source
mt-baker-legendary-banked-slalom--2003,banked-slalom,masters,Grand Masters Men Ages 50+,ages 50+,masters,men,,1,Joe Cummins,,,,https://lbs.mtbaker.us/results/honor-roll/,verified,wave2-baker-grassroots,live-source
mt-baker-legendary-banked-slalom--2003,banked-slalom,pro,Pro Men All Ages,,pro,men,,1,Terje Haakonsen,,,,https://lbs.mtbaker.us/results/honor-roll/,verified,wave2-baker-grassroots,live-source
mt-baker-legendary-banked-slalom--2003,banked-slalom,pro,Pro Women All Ages,,pro,women,,1,Tanja Frieden,,,,https://lbs.mtbaker.us/results/honor-roll/,verified,wave2-baker-grassroots,live-source
mt-baker-legendary-banked-slalom--2004,banked-slalom,am,Amateur Men Ages 16-29 (ages 20-29 from 1994-2020),ages 16-29,amateur,men,,1,Ryan Kelly,,,,https://lbs.mtbaker.us/results/honor-roll/,verified,wave2-baker-grassroots,live-source
mt-baker-legendary-banked-slalom--2004,banked-slalom,am,Women Amateurs Ages 16-29,ages 16-29,amateur,women,,1,Spencer O'Brian,,,,https://lbs.mtbaker.us/results/honor-roll/,verified,wave2-baker-grassroots,live-source
mt-baker-legendary-banked-slalom--2004,banked-slalom,juniors,Younger Amateurs Ages 16-19,ages 16-19,junior,unspecified,,1,Aaron Robinson,,,,https://lbs.mtbaker.us/results/honor-roll/,verified,wave2-baker-grassroots,live-source
mt-baker-legendary-banked-slalom--2004,banked-slalom,juniors,Juniors Ages 12-15,ages 12-15,junior,unspecified,,1,Roger Carver,,,,https://lbs.mtbaker.us/results/honor-roll/,verified,wave2-baker-grassroots,live-source
mt-baker-legendary-banked-slalom--2004,banked-slalom,masters,Pro Men Masters Ages 40-49,ages 40-49,masters,men,,1,Tom Burt,,,,https://lbs.mtbaker.us/results/honor-roll/,verified,wave2-baker-grassroots,live-source
mt-baker-legendary-banked-slalom--2004,banked-slalom,masters,Masters Men Ages 30-39,ages 30-39,masters,men,,1,Jeff Hambelton,,,,https://lbs.mtbaker.us/results/honor-roll/,verified,wave2-baker-grassroots,live-source
mt-baker-legendary-banked-slalom--2004,banked-slalom,masters,Masters Women Ages 30-39 (ages 30-44 from 1993-2020),ages 30-39,masters,women,,1,Dawn Lambert,,,,https://lbs.mtbaker.us/results/honor-roll/,verified,wave2-baker-grassroots,live-source
mt-baker-legendary-banked-slalom--2004,banked-slalom,masters,Mid Masters Men Ages 40-49,ages 40-49,masters,men,,1,Randy Haugen,,,,https://lbs.mtbaker.us/results/honor-roll/,verified,wave2-baker-grassroots,live-source
mt-baker-legendary-banked-slalom--2004,banked-slalom,pro,Pro Men All Ages,,pro,men,,1,Terje Haakonsen,,,,https://lbs.mtbaker.us/results/honor-roll/,verified,wave2-baker-grassroots,live-source
mt-baker-legendary-banked-slalom--2004,banked-slalom,pro,Pro Women All Ages,,pro,women,,1,Stacy Thomas,,,,https://lbs.mtbaker.us/results/honor-roll/,verified,wave2-baker-grassroots,live-source
mt-baker-legendary-banked-slalom--2006,banked-slalom,am,Amateur Men Ages 16-29 (ages 20-29 from 1994-2020),ages 16-29,amateur,men,,1,Skye Allsop,,,,https://lbs.mtbaker.us/results/honor-roll/,verified,wave2-baker-grassroots,live-source
mt-baker-legendary-banked-slalom--2006,banked-slalom,am,Women Amateurs Ages 16-29,ages 16-29,amateur,women,,1,Regina Lind,,,,https://lbs.mtbaker.us/results/honor-roll/,verified,wave2-baker-grassroots,live-source
mt-baker-legendary-banked-slalom--2006,banked-slalom,groms,Next Gen Ages 11 & Under,ages 11 &,grom,unspecified,,1,A.J. Muss,,,,https://lbs.mtbaker.us/results/honor-roll/,verified,wave2-baker-grassroots,live-source
mt-baker-legendary-banked-slalom--2006,banked-slalom,juniors,Younger Amateurs Ages 16-19,ages 16-19,junior,unspecified,,1,Aaron Robinson,,,,https://lbs.mtbaker.us/results/honor-roll/,verified,wave2-baker-grassroots,live-source
mt-baker-legendary-banked-slalom--2006,banked-slalom,juniors,Juniors Ages 12-15,ages 12-15,junior,unspecified,,1,Logan Beaulieu,,,,https://lbs.mtbaker.us/results/honor-roll/,verified,wave2-baker-grassroots,live-source
mt-baker-legendary-banked-slalom--2006,banked-slalom,masters,Pro Men Masters Ages 40-49,ages 40-49,masters,men,,1,Jason Troth,,,,https://lbs.mtbaker.us/results/honor-roll/,verified,wave2-baker-grassroots,live-source
mt-baker-legendary-banked-slalom--2006,banked-slalom,masters,Masters Men Ages 30-39,ages 30-39,masters,men,,1,Brian Bozack,,,,https://lbs.mtbaker.us/results/honor-roll/,verified,wave2-baker-grassroots,live-source
mt-baker-legendary-banked-slalom--2006,banked-slalom,masters,Masters Women Ages 30-39 (ages 30-44 from 1993-2020),ages 30-39,masters,women,,1,Julia Carlson,,,,https://lbs.mtbaker.us/results/honor-roll/,verified,wave2-baker-grassroots,live-source
mt-baker-legendary-banked-slalom--2006,banked-slalom,masters,Mid Masters Men Ages 40-49,ages 40-49,masters,men,,1,Randy Haugen,,,,https://lbs.mtbaker.us/results/honor-roll/,verified,wave2-baker-grassroots,live-source
mt-baker-legendary-banked-slalom--2006,banked-slalom,masters,Grand Masters Men Ages 50+,ages 50+,masters,men,,1,JT Taylor,,,,https://lbs.mtbaker.us/results/honor-roll/,verified,wave2-baker-grassroots,live-source
mt-baker-legendary-banked-slalom--2006,banked-slalom,pro,Pro Men All Ages,,pro,men,,1,Temple Cummins,,,,https://lbs.mtbaker.us/results/honor-roll/,verified,wave2-baker-grassroots,live-source
mt-baker-legendary-banked-slalom--2006,banked-slalom,pro,Pro Women All Ages,,pro,women,,1,Victoria Jealouse,,,,https://lbs.mtbaker.us/results/honor-roll/,verified,wave2-baker-grassroots,live-source
mt-baker-legendary-banked-slalom--2007,banked-slalom,am,Amateur Men Ages 16-29 (ages 20-29 from 1994-2020),ages 16-29,amateur,men,,1,Chris Coralline,,,,https://lbs.mtbaker.us/results/honor-roll/,verified,wave2-baker-grassroots,live-source
mt-baker-legendary-banked-slalom--2007,banked-slalom,am,Women Amateurs Ages 16-29,ages 16-29,amateur,women,,1,Regina Lind,,,,https://lbs.mtbaker.us/results/honor-roll/,verified,wave2-baker-grassroots,live-source
mt-baker-legendary-banked-slalom--2007,banked-slalom,groms,Next Gen Ages 11 & Under,ages 11 &,grom,unspecified,,1,Hanky Kennedy,,,,https://lbs.mtbaker.us/results/honor-roll/,verified,wave2-baker-grassroots,live-source
mt-baker-legendary-banked-slalom--2007,banked-slalom,juniors,Younger Amateurs Ages 16-19,ages 16-19,junior,unspecified,,1,Roger Carver,,,,https://lbs.mtbaker.us/results/honor-roll/,verified,wave2-baker-grassroots,live-source
mt-baker-legendary-banked-slalom--2007,banked-slalom,juniors,Juniors Ages 12-15,ages 12-15,junior,unspecified,,1,Harry Kearney,,,,https://lbs.mtbaker.us/results/honor-roll/,verified,wave2-baker-grassroots,live-source
mt-baker-legendary-banked-slalom--2007,banked-slalom,masters,Pro Men Masters Ages 40-49,ages 40-49,masters,men,,1,Carl Cowtan,,,,https://lbs.mtbaker.us/results/honor-roll/,verified,wave2-baker-grassroots,live-source
mt-baker-legendary-banked-slalom--2007,banked-slalom,masters,Masters Men Ages 30-39,ages 30-39,masters,men,,1,Jeff Caldwell,,,,https://lbs.mtbaker.us/results/honor-roll/,verified,wave2-baker-grassroots,live-source
mt-baker-legendary-banked-slalom--2007,banked-slalom,masters,Masters Women Ages 30-39 (ages 30-44 from 1993-2020),ages 30-39,masters,women,,1,Annie Fast,,,,https://lbs.mtbaker.us/results/honor-roll/,verified,wave2-baker-grassroots,live-source
mt-baker-legendary-banked-slalom--2007,banked-slalom,masters,Mid Masters Men Ages 40-49,ages 40-49,masters,men,,1,Randy Haugen,,,,https://lbs.mtbaker.us/results/honor-roll/,verified,wave2-baker-grassroots,live-source
mt-baker-legendary-banked-slalom--2007,banked-slalom,masters,Grand Masters Men Ages 50+,ages 50+,masters,men,,1,JT Taylor,,,,https://lbs.mtbaker.us/results/honor-roll/,verified,wave2-baker-grassroots,live-source
mt-baker-legendary-banked-slalom--2007,banked-slalom,masters,SUPER MASTERS AGES 60+,ages 60+,masters,unspecified,,1,Larry Freeman,,,"[v0.3 correction: the Honor Roll's masters table renders 7 cells against 8 headers for 18 of its 28 year rows, so the trailing name is shifted one column left. The Mid Masters Women cell is present and empty, which places the omission at Grand Masters Women, making this a Super Masters 60+ win. The archived per-division finals pages for 2008 and 2011 show the same riders in Super Masters, which corroborates the reading.]",https://lbs.mtbaker.us/results/honor-roll/,likely,wave2-baker-grassroots,live-source
mt-baker-legendary-banked-slalom--2007,banked-slalom,pro,Pro Men All Ages,,pro,men,,1,Lucas DeBari,,,,https://lbs.mtbaker.us/results/honor-roll/,verified,wave2-baker-grassroots,live-source
mt-baker-legendary-banked-slalom--2007,banked-slalom,pro,Pro Women All Ages,,pro,women,,1,Maelle Ricker,,,,https://lbs.mtbaker.us/results/honor-roll/,verified,wave2-baker-grassroots,live-source
mt-baker-legendary-banked-slalom--2008,banked-slalom,am,OLDER AMATEURS • ages 20 - 29,ages 20 - 29,amateur,unspecified,Sunday Finals,1,Matthew Berglund,,1:31.63,"Hometown as printed: Crested Butte, Colorado [citation pending re-check: the value was verified against the archived page by QA, but the recorded snapshot URL has not been confirmed to resolve]",https://web.archive.org/web/20080214063621/http://lbs.mtbaker.us/sun_olderamateurs.php,verified,wave3-archive,pending-recheck
mt-baker-legendary-banked-slalom--2008,banked-slalom,am,WOMEN AMATEURS • ages 16 - 29,ages 16 - 29,amateur,women,Sunday Finals,1,Danielle Davis,,1:41.89,"Hometown as printed: Glacier, Washington [citation pending re-check: the value was verified against the archived page by QA, but the recorded snapshot URL has not been confirmed to resolve]",https://web.archive.org/web/20080214063709/http://lbs.mtbaker.us/sun_womenamateurs.php,verified,wave3-archive,pending-recheck
mt-baker-legendary-banked-slalom--2008,banked-slalom,am,OLDER AMATEURS • ages 20 - 29,ages 20 - 29,amateur,unspecified,Sunday Finals,2,Chris Bowlin,,1:31.97,"Hometown as printed: Bellingham, Washington [citation pending re-check: the value was verified against the archived page by QA, but the recorded snapshot URL has not been confirmed to resolve]",https://web.archive.org/web/20080214063621/http://lbs.mtbaker.us/sun_olderamateurs.php,verified,wave3-archive,pending-recheck
mt-baker-legendary-banked-slalom--2008,banked-slalom,am,WOMEN AMATEURS • ages 16 - 29,ages 16 - 29,amateur,women,Sunday Finals,2,Tanya Simonson,,1:43.20,"Hometown as printed: Bellingham, Washington [citation pending re-check: the value was verified against the archived page by QA, but the recorded snapshot URL has not been confirmed to resolve]",https://web.archive.org/web/20080214063709/http://lbs.mtbaker.us/sun_womenamateurs.php,verified,wave3-archive,pending-recheck
mt-baker-legendary-banked-slalom--2008,banked-slalom,am,OLDER AMATEURS • ages 20 - 29,ages 20 - 29,amateur,unspecified,Sunday Finals,3,Kemmeth Parriott,,1:32.02,"Hometown as printed: bellingham, Washington [citation pending re-check: the value was verified against the archived page by QA, but the recorded snapshot URL has not been confirmed to resolve]",https://web.archive.org/web/20080214063621/http://lbs.mtbaker.us/sun_olderamateurs.php,verified,wave3-archive,pending-recheck
mt-baker-legendary-banked-slalom--2008,banked-slalom,am,WOMEN AMATEURS • ages 16 - 29,ages 16 - 29,amateur,women,Sunday Finals,3,Elizabeth Morton,,1:44.98,"Hometown as printed: Bellingham, Washington [citation pending re-check: the value was verified against the archived page by QA, but the recorded snapshot URL has not been confirmed to resolve]",https://web.archive.org/web/20080214063709/http://lbs.mtbaker.us/sun_womenamateurs.php,verified,wave3-archive,pending-recheck
mt-baker-legendary-banked-slalom--2008,banked-slalom,groms,NEXT GENERATION • ages 11 & under,ages 11 &,grom,unspecified,Sunday Finals,1,Nick Wittrock,,1:59.90,"Hometown as printed: Sedro-Woolley, Washington [citation pending re-check: the value was verified against the archived page by QA, but the recorded snapshot URL has not been confirmed to resolve]",https://web.archive.org/web/20080809230633/http://lbs.mtbaker.us/sun_nextgen.php,verified,wave3-archive,pending-recheck
mt-baker-legendary-banked-slalom--2008,banked-slalom,groms,NEXT GENERATION • ages 11 & under,ages 11 &,grom,unspecified,Sunday Finals,2,Hank Kennedy,,2:00.82,"Hometown as printed: Glacier, Washington [citation pending re-check: the value was verified against the archived page by QA, but the recorded snapshot URL has not been confirmed to resolve]",https://web.archive.org/web/20080809230633/http://lbs.mtbaker.us/sun_nextgen.php,verified,wave3-archive,pending-recheck
mt-baker-legendary-banked-slalom--2008,banked-slalom,groms,NEXT GENERATION • ages 11 & under,ages 11 &,grom,unspecified,Sunday Finals,3,Sam Soliday,,2:47.59,"Hometown as printed: Seattle, Washington [citation pending re-check: the value was verified against the archived page by QA, but the recorded snapshot URL has not been confirmed to resolve]",https://web.archive.org/web/20080809230633/http://lbs.mtbaker.us/sun_nextgen.php,verified,wave3-archive,pending-recheck
mt-baker-legendary-banked-slalom--2008,banked-slalom,juniors,JUNIORS • ages 12 - 15,ages 12 - 15,junior,unspecified,Sunday Finals,1,Harry Kearney,,1:31.37,"Hometown as printed: Telluride, Colorado [citation pending re-check: the value was verified against the archived page by QA, but the recorded snapshot URL has not been confirmed to resolve]",https://web.archive.org/web/20080809230518/http://lbs.mtbaker.us/sun_juniors.php,verified,wave3-archive,pending-recheck
mt-baker-legendary-banked-slalom--2008,banked-slalom,juniors,YOUNGER AMATEURS • ages 16 - 19,ages 16 - 19,junior,unspecified,Sunday Finals,1,Trevor Schy,,1:32.96,"Hometown as printed: Lynnwood, Washington [citation pending re-check: the value was verified against the archived page by QA, but the recorded snapshot URL has not been confirmed to resolve]",https://web.archive.org/web/20080809230932/http://lbs.mtbaker.us/sun_youngeramateurs.php,verified,wave3-archive,pending-recheck
mt-baker-legendary-banked-slalom--2008,banked-slalom,juniors,JUNIORS • ages 12 - 15,ages 12 - 15,junior,unspecified,Sunday Finals,2,Max Warbington,,1:34.70,"Hometown as printed: Bend, Oregon [citation pending re-check: the value was verified against the archived page by QA, but the recorded snapshot URL has not been confirmed to resolve]",https://web.archive.org/web/20080809230518/http://lbs.mtbaker.us/sun_juniors.php,verified,wave3-archive,pending-recheck
mt-baker-legendary-banked-slalom--2008,banked-slalom,juniors,YOUNGER AMATEURS • ages 16 - 19,ages 16 - 19,junior,unspecified,Sunday Finals,2,Austen Sweetin,,1:33.59,"Hometown as printed: Lake Forest Park, Washington [citation pending re-check: the value was verified against the archived page by QA, but the recorded snapshot URL has not been confirmed to resolve]",https://web.archive.org/web/20080809230932/http://lbs.mtbaker.us/sun_youngeramateurs.php,verified,wave3-archive,pending-recheck
mt-baker-legendary-banked-slalom--2008,banked-slalom,juniors,JUNIORS • ages 12 - 15,ages 12 - 15,junior,unspecified,Sunday Finals,3,Kadn Fitzgerald,,1:41.40,"Hometown as printed: Camano Island, Washington [citation pending re-check: the value was verified against the archived page by QA, but the recorded snapshot URL has not been confirmed to resolve]",https://web.archive.org/web/20080809230518/http://lbs.mtbaker.us/sun_juniors.php,verified,wave3-archive,pending-recheck
mt-baker-legendary-banked-slalom--2008,banked-slalom,juniors,YOUNGER AMATEURS • ages 16 - 19,ages 16 - 19,junior,unspecified,Sunday Finals,3,Logan Beaulieu,,1:33.63,"Hometown as printed: Bend, Oregon [citation pending re-check: the value was verified against the archived page by QA, but the recorded snapshot URL has not been confirmed to resolve]",https://web.archive.org/web/20080809230932/http://lbs.mtbaker.us/sun_youngeramateurs.php,verified,wave3-archive,pending-recheck
mt-baker-legendary-banked-slalom--2008,banked-slalom,masters,GRAND MASTERS • ages 50 - 59,ages 50 - 59,masters,unspecified,Sunday Finals,1,Kevin Boyce,,1:46.24,"Hometown as printed: Bellingham, Washington [citation pending re-check: the value was verified against the archived page by QA, but the recorded snapshot URL has not been confirmed to resolve]",https://web.archive.org/web/20080214063553/http://lbs.mtbaker.us/sun_grandmasters.php,verified,wave3-archive,pending-recheck
mt-baker-legendary-banked-slalom--2008,banked-slalom,masters,MASTERS • ages 30 - 39,ages 30 - 39,masters,unspecified,Sunday Finals,1,Marcel Dolak,,1:30.96,"Hometown as printed: Redmond, Washington [citation pending re-check: the value was verified against the archived page by QA, but the recorded snapshot URL has not been confirmed to resolve]",https://web.archive.org/web/20080809025348/http://lbs.mtbaker.us/sun_masters.php,verified,wave3-archive,pending-recheck
mt-baker-legendary-banked-slalom--2008,banked-slalom,masters,MID MASTERS • ages 40 - 49,ages 40 - 49,masters,unspecified,Sunday Finals,1,Dave Wray,,1:31.83,"Hometown as printed: Portland, Oregon [citation pending re-check: the value was verified against the archived page by QA, but the recorded snapshot URL has not been confirmed to resolve]",https://web.archive.org/web/20080214063610/http://lbs.mtbaker.us/sun_midmasters.php,verified,wave3-archive,pending-recheck
mt-baker-legendary-banked-slalom--2008,banked-slalom,masters,PRO MASTERS • ages 32 & up,ages 32 &,masters,unspecified,Sunday Finals,1,Jason Troth,,1:30.64,"Hometown as printed: Telluride, Colorado [citation pending re-check: the value was verified against the archived page by QA, but the recorded snapshot URL has not been confirmed to resolve]",https://web.archive.org/web/20080809153306/http://lbs.mtbaker.us/sun_promasters.php,verified,wave3-archive,pending-recheck
mt-baker-legendary-banked-slalom--2008,banked-slalom,masters,SUPER MASTERS • ages 60 & up,ages 60 &,masters,unspecified,Sunday Finals,1,Bob Satushek,,2:04.66,"Hometown as printed: Deming, Washington [citation pending re-check: the value was verified against the archived page by QA, but the recorded snapshot URL has not been confirmed to resolve]",https://web.archive.org/web/20080214063704/http://lbs.mtbaker.us/sun_supermasters.php,verified,wave3-archive,pending-recheck
mt-baker-legendary-banked-slalom--2008,banked-slalom,masters,WOMEN MASTERS • ages 30 - 49,ages 30 - 49,masters,women,Sunday Finals,1,Amy Eichner,,1:36.66,"Hometown as printed: Rochester, New York [citation pending re-check: the value was verified against the archived page by QA, but the recorded snapshot URL has not been confirmed to resolve]",https://web.archive.org/web/20080214063715/http://lbs.mtbaker.us/sun_womenmasters.php,verified,wave3-archive,pending-recheck
mt-baker-legendary-banked-slalom--2008,banked-slalom,masters,GRAND MASTERS • ages 50 - 59,ages 50 - 59,masters,unspecified,Sunday Finals,2,"Jim ""JT"" Taylor",,1:46.45,"Hometown as printed: Burlington, Washington [citation pending re-check: the value was verified against the archived page by QA, but the recorded snapshot URL has not been confirmed to resolve]",https://web.archive.org/web/20080214063553/http://lbs.mtbaker.us/sun_grandmasters.php,verified,wave3-archive,pending-recheck
mt-baker-legendary-banked-slalom--2008,banked-slalom,masters,MASTERS • ages 30 - 39,ages 30 - 39,masters,unspecified,Sunday Finals,2,Willie Freeman,,1:31.58,"Hometown as printed: Bellingham, Washington [citation pending re-check: the value was verified against the archived page by QA, but the recorded snapshot URL has not been confirmed to resolve]",https://web.archive.org/web/20080809025348/http://lbs.mtbaker.us/sun_masters.php,verified,wave3-archive,pending-recheck
mt-baker-legendary-banked-slalom--2008,banked-slalom,masters,MID MASTERS • ages 40 - 49,ages 40 - 49,masters,unspecified,Sunday Finals,2,Randy Haugen,,1:34.38,"Hometown as printed: Bellingham, Washington [citation pending re-check: the value was verified against the archived page by QA, but the recorded snapshot URL has not been confirmed to resolve]",https://web.archive.org/web/20080214063610/http://lbs.mtbaker.us/sun_midmasters.php,verified,wave3-archive,pending-recheck
mt-baker-legendary-banked-slalom--2008,banked-slalom,masters,PRO MASTERS • ages 32 & up,ages 32 &,masters,unspecified,Sunday Finals,2,Tom Burt,,1:32.34,"Hometown as printed: Kings Beach, California [citation pending re-check: the value was verified against the archived page by QA, but the recorded snapshot URL has not been confirmed to resolve]",https://web.archive.org/web/20080809153306/http://lbs.mtbaker.us/sun_promasters.php,verified,wave3-archive,pending-recheck
mt-baker-legendary-banked-slalom--2008,banked-slalom,masters,SUPER MASTERS • ages 60 & up,ages 60 &,masters,unspecified,Sunday Finals,2,Larry Freeman,,2:40.77,"Hometown as printed: Bellingham, Washington [citation pending re-check: the value was verified against the archived page by QA, but the recorded snapshot URL has not been confirmed to resolve]",https://web.archive.org/web/20080214063704/http://lbs.mtbaker.us/sun_supermasters.php,verified,wave3-archive,pending-recheck
mt-baker-legendary-banked-slalom--2008,banked-slalom,masters,WOMEN MASTERS • ages 30 - 49,ages 30 - 49,masters,women,Sunday Finals,2,Weeg Simmons,,1:37.00,"Hometown as printed: Glacier, Washington [citation pending re-check: the value was verified against the archived page by QA, but the recorded snapshot URL has not been confirmed to resolve]",https://web.archive.org/web/20080214063715/http://lbs.mtbaker.us/sun_womenmasters.php,verified,wave3-archive,pending-recheck
mt-baker-legendary-banked-slalom--2008,banked-slalom,masters,GRAND MASTERS • ages 50 - 59,ages 50 - 59,masters,unspecified,Sunday Finals,3,Rob Skala,,1:47.97,"Hometown as printed: Renton, Washington [citation pending re-check: the value was verified against the archived page by QA, but the recorded snapshot URL has not been confirmed to resolve]",https://web.archive.org/web/20080214063553/http://lbs.mtbaker.us/sun_grandmasters.php,verified,wave3-archive,pending-recheck
mt-baker-legendary-banked-slalom--2008,banked-slalom,masters,MASTERS • ages 30 - 39,ages 30 - 39,masters,unspecified,Sunday Finals,3,Adam Haynes,,1:31.90,"Hometown as printed: Bend, Oregon [citation pending re-check: the value was verified against the archived page by QA, but the recorded snapshot URL has not been confirmed to resolve]",https://web.archive.org/web/20080809025348/http://lbs.mtbaker.us/sun_masters.php,verified,wave3-archive,pending-recheck
mt-baker-legendary-banked-slalom--2008,banked-slalom,masters,MID MASTERS • ages 40 - 49,ages 40 - 49,masters,unspecified,Sunday Finals,3,JG Gerndt,,1:35.64,"Hometown as printed: Stowe, Vermont [citation pending re-check: the value was verified against the archived page by QA, but the recorded snapshot URL has not been confirmed to resolve]",https://web.archive.org/web/20080214063610/http://lbs.mtbaker.us/sun_midmasters.php,verified,wave3-archive,pending-recheck
mt-baker-legendary-banked-slalom--2008,banked-slalom,masters,PRO MASTERS • ages 32 & up,ages 32 &,masters,unspecified,Sunday Finals,3,Rob Morrow,,1:32.68,"Hometown as printed: Pacific City, Oregon [citation pending re-check: the value was verified against the archived page by QA, but the recorded snapshot URL has not been confirmed to resolve]",https://web.archive.org/web/20080809153306/http://lbs.mtbaker.us/sun_promasters.php,verified,wave3-archive,pending-recheck
mt-baker-legendary-banked-slalom--2008,banked-slalom,masters,SUPER MASTERS • ages 60 & up,ages 60 &,masters,unspecified,Sunday Finals,3,Bob Rodger,,2:54.92,"Hometown as printed: Mission, British Columbia [citation pending re-check: the value was verified against the archived page by QA, but the recorded snapshot URL has not been confirmed to resolve]",https://web.archive.org/web/20080214063704/http://lbs.mtbaker.us/sun_supermasters.php,verified,wave3-archive,pending-recheck
mt-baker-legendary-banked-slalom--2008,banked-slalom,masters,WOMEN MASTERS • ages 30 - 49,ages 30 - 49,masters,women,Sunday Finals,3,Annie Fast,,1:39.63,"Hometown as printed: Encinitas, California [citation pending re-check: the value was verified against the archived page by QA, but the recorded snapshot URL has not been confirmed to resolve]",https://web.archive.org/web/20080214063715/http://lbs.mtbaker.us/sun_womenmasters.php,verified,wave3-archive,pending-recheck
mt-baker-legendary-banked-slalom--2008,banked-slalom,pro,PRO MEN • all ages,,pro,men,Sunday Finals,1,Temple Cummins,,1:26.84,"Hometown as printed: Gig Harbor, Washington [citation pending re-check: the value was verified against the archived page by QA, but the recorded snapshot URL has not been confirmed to resolve]",https://web.archive.org/web/20080214063646/http://lbs.mtbaker.us/sun_promen.php,verified,wave3-archive,pending-recheck
mt-baker-legendary-banked-slalom--2008,banked-slalom,pro,PRO WOMEN • all ages,,pro,women,Sunday Finals,1,Maelle Ricker,,1:31.78,"Hometown as printed: Whistler, British Columbia [citation pending re-check: the value was verified against the archived page by QA, but the recorded snapshot URL has not been confirmed to resolve]",https://web.archive.org/web/20080214063651/http://lbs.mtbaker.us/sun_prowomen.php,verified,wave3-archive,pending-recheck
mt-baker-legendary-banked-slalom--2008,banked-slalom,pro,PRO MEN • all ages,,pro,men,Sunday Finals,2,Robert Fagan,,1:27.09,"Hometown as printed: squamish, British Columbia [citation pending re-check: the value was verified against the archived page by QA, but the recorded snapshot URL has not been confirmed to resolve]",https://web.archive.org/web/20080214063646/http://lbs.mtbaker.us/sun_promen.php,verified,wave3-archive,pending-recheck
mt-baker-legendary-banked-slalom--2008,banked-slalom,pro,PRO WOMEN • all ages,,pro,women,Sunday Finals,2,Spencer O'Brien,,1:32.95,"Hometown as printed: Courtenay, British Columbia [citation pending re-check: the value was verified against the archived page by QA, but the recorded snapshot URL has not been confirmed to resolve]",https://web.archive.org/web/20080214063651/http://lbs.mtbaker.us/sun_prowomen.php,verified,wave3-archive,pending-recheck
mt-baker-legendary-banked-slalom--2008,banked-slalom,pro,PRO MEN • all ages,,pro,men,Sunday Finals,3,Josh Dirksen,,1:27.89,"Hometown as printed: Bend, Oregon [citation pending re-check: the value was verified against the archived page by QA, but the recorded snapshot URL has not been confirmed to resolve]",https://web.archive.org/web/20080214063646/http://lbs.mtbaker.us/sun_promen.php,verified,wave3-archive,pending-recheck
mt-baker-legendary-banked-slalom--2008,banked-slalom,pro,PRO WOMEN • all ages,,pro,women,Sunday Finals,3,Stacy Thomas,,1:37.07,"Hometown as printed: Seattle, Washington [citation pending re-check: the value was verified against the archived page by QA, but the recorded snapshot URL has not been confirmed to resolve]",https://web.archive.org/web/20080214063651/http://lbs.mtbaker.us/sun_prowomen.php,verified,wave3-archive,pending-recheck
mt-baker-legendary-banked-slalom--2009,banked-slalom,am,Amateur Men Ages 16-29 (ages 20-29 from 1994-2020),ages 16-29,amateur,men,,1,Craig Newbury,,,,https://lbs.mtbaker.us/results/honor-roll/,verified,wave2-baker-grassroots,live-source
mt-baker-legendary-banked-slalom--2009,banked-slalom,am,Women Amateurs Ages 16-29,ages 16-29,amateur,women,,1,Danielle Davis,,,,https://lbs.mtbaker.us/results/honor-roll/,verified,wave2-baker-grassroots,live-source
mt-baker-legendary-banked-slalom--2009,banked-slalom,groms,Next Gen Ages 11 & Under,ages 11 &,grom,unspecified,,1,Hank Kennedy,,,,https://lbs.mtbaker.us/results/honor-roll/,verified,wave2-baker-grassroots,live-source
mt-baker-legendary-banked-slalom--2009,banked-slalom,juniors,Younger Amateurs Ages 16-19,ages 16-19,junior,unspecified,,1,Logan Beaulieu,,,,https://lbs.mtbaker.us/results/honor-roll/,verified,wave2-baker-grassroots,live-source
mt-baker-legendary-banked-slalom--2009,banked-slalom,juniors,Juniors Ages 12-15,ages 12-15,junior,unspecified,,1,Gus Warbington,,,,https://lbs.mtbaker.us/results/honor-roll/,verified,wave2-baker-grassroots,live-source
mt-baker-legendary-banked-slalom--2009,banked-slalom,masters,Pro Men Masters Ages 40-49,ages 40-49,masters,men,,1,Ludovic Strohl,,,,https://lbs.mtbaker.us/results/honor-roll/,verified,wave2-baker-grassroots,live-source
mt-baker-legendary-banked-slalom--2009,banked-slalom,masters,Masters Men Ages 30-39,ages 30-39,masters,men,,1,Marcel Dolak,,,,https://lbs.mtbaker.us/results/honor-roll/,verified,wave2-baker-grassroots,live-source
mt-baker-legendary-banked-slalom--2009,banked-slalom,masters,Masters Women Ages 30-39 (ages 30-44 from 1993-2020),ages 30-39,masters,women,,1,Weeg Simmons,,,,https://lbs.mtbaker.us/results/honor-roll/,verified,wave2-baker-grassroots,live-source
mt-baker-legendary-banked-slalom--2009,banked-slalom,masters,Mid Masters Men Ages 40-49,ages 40-49,masters,men,,1,Dave Wray,,,,https://lbs.mtbaker.us/results/honor-roll/,verified,wave2-baker-grassroots,live-source
mt-baker-legendary-banked-slalom--2009,banked-slalom,masters,Grand Masters Men Ages 50+,ages 50+,masters,men,,1,JT Taylor,,,,https://lbs.mtbaker.us/results/honor-roll/,verified,wave2-baker-grassroots,live-source
mt-baker-legendary-banked-slalom--2009,banked-slalom,masters,SUPER MASTERS AGES 60+,ages 60+,masters,unspecified,,1,Bob Satushek,,,"[v0.3 correction: the Honor Roll's masters table renders 7 cells against 8 headers for 18 of its 28 year rows, so the trailing name is shifted one column left. The Mid Masters Women cell is present and empty, which places the omission at Grand Masters Women, making this a Super Masters 60+ win. The archived per-division finals pages for 2008 and 2011 show the same riders in Super Masters, which corroborates the reading.]",https://lbs.mtbaker.us/results/honor-roll/,likely,wave2-baker-grassroots,live-source
mt-baker-legendary-banked-slalom--2009,banked-slalom,pro,Pro Men All Ages,,pro,men,,1,Nate Holland,,,,https://lbs.mtbaker.us/results/honor-roll/,verified,wave2-baker-grassroots,live-source
mt-baker-legendary-banked-slalom--2009,banked-slalom,pro,Pro Women All Ages,,pro,women,,1,Maelle Ricker,,,,https://lbs.mtbaker.us/results/honor-roll/,verified,wave2-baker-grassroots,live-source
mt-baker-legendary-banked-slalom--2010,banked-slalom,am,Amateur Men Ages 16-29 (ages 20-29 from 1994-2020),ages 16-29,amateur,men,,1,Craig Newbury,,,,https://lbs.mtbaker.us/results/honor-roll/,verified,wave2-baker-grassroots,live-source
mt-baker-legendary-banked-slalom--2010,banked-slalom,am,Women Amateurs Ages 16-29,ages 16-29,amateur,women,,1,Martina Nemcova,,,,https://lbs.mtbaker.us/results/honor-roll/,verified,wave2-baker-grassroots,live-source
mt-baker-legendary-banked-slalom--2010,banked-slalom,groms,Next Gen Ages 11 & Under,ages 11 &,grom,unspecified,,1,Cody Warble,,,,https://lbs.mtbaker.us/results/honor-roll/,verified,wave2-baker-grassroots,live-source
mt-baker-legendary-banked-slalom--2010,banked-slalom,juniors,Younger Amateurs Ages 16-19,ages 16-19,junior,unspecified,,1,Austen Sweetin,,,,https://lbs.mtbaker.us/results/honor-roll/,verified,wave2-baker-grassroots,live-source
mt-baker-legendary-banked-slalom--2010,banked-slalom,juniors,Juniors Ages 12-15,ages 12-15,junior,unspecified,,1,Gus Warbington,,,,https://lbs.mtbaker.us/results/honor-roll/,verified,wave2-baker-grassroots,live-source
mt-baker-legendary-banked-slalom--2010,banked-slalom,masters,Pro Men Masters Ages 40-49,ages 40-49,masters,men,,1,Tim Carlson,,,,https://lbs.mtbaker.us/results/honor-roll/,verified,wave2-baker-grassroots,live-source
mt-baker-legendary-banked-slalom--2010,banked-slalom,masters,Masters Men Ages 30-39,ages 30-39,masters,men,,1,Jonathan Martens,,,,https://lbs.mtbaker.us/results/honor-roll/,verified,wave2-baker-grassroots,live-source
mt-baker-legendary-banked-slalom--2010,banked-slalom,masters,Masters Women Ages 30-39 (ages 30-44 from 1993-2020),ages 30-39,masters,women,,1,Tanya Simonson,,,,https://lbs.mtbaker.us/results/honor-roll/,verified,wave2-baker-grassroots,live-source
mt-baker-legendary-banked-slalom--2010,banked-slalom,masters,Mid Masters Men Ages 40-49,ages 40-49,masters,men,,1,Gorio Bustamente,,,,https://lbs.mtbaker.us/results/honor-roll/,verified,wave2-baker-grassroots,live-source
mt-baker-legendary-banked-slalom--2010,banked-slalom,masters,Grand Masters Men Ages 50+,ages 50+,masters,men,,1,JT Taylor,,,,https://lbs.mtbaker.us/results/honor-roll/,verified,wave2-baker-grassroots,live-source
mt-baker-legendary-banked-slalom--2010,banked-slalom,masters,SUPER MASTERS AGES 60+,ages 60+,masters,unspecified,,1,Bob Satushek,,,"[v0.3 correction: the Honor Roll's masters table renders 7 cells against 8 headers for 18 of its 28 year rows, so the trailing name is shifted one column left. The Mid Masters Women cell is present and empty, which places the omission at Grand Masters Women, making this a Super Masters 60+ win. The archived per-division finals pages for 2008 and 2011 show the same riders in Super Masters, which corroborates the reading.]",https://lbs.mtbaker.us/results/honor-roll/,likely,wave2-baker-grassroots,live-source
mt-baker-legendary-banked-slalom--2010,banked-slalom,pro,Pro Men All Ages,,pro,men,,1,Temple Cummins,,,,https://lbs.mtbaker.us/results/honor-roll/,verified,wave2-baker-grassroots,live-source
mt-baker-legendary-banked-slalom--2010,banked-slalom,pro,Pro Women All Ages,,pro,women,,1,Maelle Ricker,,,,https://lbs.mtbaker.us/results/honor-roll/,verified,wave2-baker-grassroots,live-source
mt-baker-legendary-banked-slalom--2011,banked-slalom,am,OLDER AMATEUR MEN • AGES 20 - 29,ages 20 - 29,amateur,men,Sunday Finals,1,Nate Kewin,,1:32.17,"Hometown as printed: Vancouver, British Columbia [citation pending re-check: the value was verified against the archived page by QA, but the recorded snapshot URL has not been confirmed to resolve]",https://web.archive.org/web/20111107195307/http://lbs.mtbaker.us/index.php/results/2011-results/finals-sunday/older-amateurs,verified,wave3-archive,pending-recheck
mt-baker-legendary-banked-slalom--2011,banked-slalom,am,WOMEN AMATEURS • AGES 16 - 29,ages 16 - 29,amateur,women,Sunday Finals,1,Kari Hoss,,1:38.74,"Hometown as printed: Montgomery, Vermont [citation pending re-check: the value was verified against the archived page by QA, but the recorded snapshot URL has not been confirmed to resolve]",https://web.archive.org/web/20120202161938/http://lbs.mtbaker.us/index.php/results/2011-results/finals-sunday/women-amateurs,verified,wave3-archive,pending-recheck
mt-baker-legendary-banked-slalom--2011,banked-slalom,am,OLDER AMATEUR MEN • AGES 20 - 29,ages 20 - 29,amateur,men,Sunday Finals,2,Jack Freysinger,,1:32.67,"Hometown as printed: Deming, Washington [citation pending re-check: the value was verified against the archived page by QA, but the recorded snapshot URL has not been confirmed to resolve]",https://web.archive.org/web/20111107195307/http://lbs.mtbaker.us/index.php/results/2011-results/finals-sunday/older-amateurs,verified,wave3-archive,pending-recheck
mt-baker-legendary-banked-slalom--2011,banked-slalom,am,WOMEN AMATEURS • AGES 16 - 29,ages 16 - 29,amateur,women,Sunday Finals,2,Martina Nemcova,,1:40.70,"Hometown as printed: Boulder/ Prague, Colorado [citation pending re-check: the value was verified against the archived page by QA, but the recorded snapshot URL has not been confirmed to resolve]",https://web.archive.org/web/20120202161938/http://lbs.mtbaker.us/index.php/results/2011-results/finals-sunday/women-amateurs,verified,wave3-archive,pending-recheck
mt-baker-legendary-banked-slalom--2011,banked-slalom,am,OLDER AMATEUR MEN • AGES 20 - 29,ages 20 - 29,amateur,men,Sunday Finals,3,Adam Drost,,1:32.96,"Hometown as printed: Salt Lake City, Utah [citation pending re-check: the value was verified against the archived page by QA, but the recorded snapshot URL has not been confirmed to resolve]",https://web.archive.org/web/20111107195307/http://lbs.mtbaker.us/index.php/results/2011-results/finals-sunday/older-amateurs,verified,wave3-archive,pending-recheck
mt-baker-legendary-banked-slalom--2011,banked-slalom,am,WOMEN AMATEURS • AGES 16 - 29,ages 16 - 29,amateur,women,Sunday Finals,3,Zoe Vernon,,1:43.02,"Hometown as printed: Bellingham, Washington [citation pending re-check: the value was verified against the archived page by QA, but the recorded snapshot URL has not been confirmed to resolve]",https://web.archive.org/web/20120202161938/http://lbs.mtbaker.us/index.php/results/2011-results/finals-sunday/women-amateurs,verified,wave3-archive,pending-recheck
mt-baker-legendary-banked-slalom--2011,banked-slalom,groms,NEXT GENERATION • AGES 11 & UNDER,ages 11 &,grom,unspecified,Sunday Finals,1,Cody Warble,,1:40.59,"Hometown as printed: Edwards, Colorado [citation pending re-check: the value was verified against the archived page by QA, but the recorded snapshot URL has not been confirmed to resolve]",https://web.archive.org/web/20111107193349/http://lbs.mtbaker.us/index.php/results/2011-results/finals-sunday/next-generation,verified,wave3-archive,pending-recheck
mt-baker-legendary-banked-slalom--2011,banked-slalom,groms,NEXT GENERATION • AGES 11 & UNDER,ages 11 &,grom,unspecified,Sunday Finals,2,Milo Malkoski,,1:43.93,"Hometown as printed: Seattle, Washington [citation pending re-check: the value was verified against the archived page by QA, but the recorded snapshot URL has not been confirmed to resolve]",https://web.archive.org/web/20111107193349/http://lbs.mtbaker.us/index.php/results/2011-results/finals-sunday/next-generation,verified,wave3-archive,pending-recheck
mt-baker-legendary-banked-slalom--2011,banked-slalom,groms,NEXT GENERATION • AGES 11 & UNDER,ages 11 &,grom,unspecified,Sunday Finals,3,Matteo Soltane,,1:55.62,"Hometown as printed: Seattle, Washington [citation pending re-check: the value was verified against the archived page by QA, but the recorded snapshot URL has not been confirmed to resolve]",https://web.archive.org/web/20111107193349/http://lbs.mtbaker.us/index.php/results/2011-results/finals-sunday/next-generation,verified,wave3-archive,pending-recheck
mt-baker-legendary-banked-slalom--2011,banked-slalom,juniors,JUNIORS • AGES 12 - 15,ages 12 - 15,junior,unspecified,Sunday Finals,1,Gus Warbington,,1:34.83,"Hometown as printed: Bend, Oregon [citation pending re-check: the value was verified against the archived page by QA, but the recorded snapshot URL has not been confirmed to resolve]",https://web.archive.org/web/20111107191147/http://lbs.mtbaker.us/index.php/results/2011-results/finals-sunday/juniors,verified,wave3-archive,pending-recheck
mt-baker-legendary-banked-slalom--2011,banked-slalom,juniors,YOUNGER AMATEUR MEN • AGES 16 - 19,ages 16 - 19,junior,men,Sunday Finals,1,Jerry Mark,,1:32.47,"Hometown as printed: Telluride, Colorado [citation pending re-check: the value was verified against the archived page by QA, but the recorded snapshot URL has not been confirmed to resolve]",https://web.archive.org/web/20111107191151/http://lbs.mtbaker.us/index.php/results/2011-results/finals-sunday/younger-amateurs,verified,wave3-archive,pending-recheck
mt-baker-legendary-banked-slalom--2011,banked-slalom,juniors,JUNIORS • AGES 12 - 15,ages 12 - 15,junior,unspecified,Sunday Finals,2,Jacob Krugmire,,1:38.51,"Hometown as printed: University Place, Washington [citation pending re-check: the value was verified against the archived page by QA, but the recorded snapshot URL has not been confirmed to resolve]",https://web.archive.org/web/20111107191147/http://lbs.mtbaker.us/index.php/results/2011-results/finals-sunday/juniors,verified,wave3-archive,pending-recheck
mt-baker-legendary-banked-slalom--2011,banked-slalom,juniors,YOUNGER AMATEUR MEN • AGES 16 - 19,ages 16 - 19,junior,men,Sunday Finals,2,Max Warbington,,1:32.48,"Hometown as printed: Bend, Oregon [citation pending re-check: the value was verified against the archived page by QA, but the recorded snapshot URL has not been confirmed to resolve]",https://web.archive.org/web/20111107191151/http://lbs.mtbaker.us/index.php/results/2011-results/finals-sunday/younger-amateurs,verified,wave3-archive,pending-recheck
mt-baker-legendary-banked-slalom--2011,banked-slalom,juniors,JUNIORS • AGES 12 - 15,ages 12 - 15,junior,unspecified,Sunday Finals,3,Hank Kennedy,,1:42.01,"Hometown as printed: Glacier, Washington [citation pending re-check: the value was verified against the archived page by QA, but the recorded snapshot URL has not been confirmed to resolve]",https://web.archive.org/web/20111107191147/http://lbs.mtbaker.us/index.php/results/2011-results/finals-sunday/juniors,verified,wave3-archive,pending-recheck
mt-baker-legendary-banked-slalom--2011,banked-slalom,juniors,YOUNGER AMATEUR MEN • AGES 16 - 19,ages 16 - 19,junior,men,Sunday Finals,3,Odin Barnett,,1:37.60,"Hometown as printed: Bellingham, Washington [citation pending re-check: the value was verified against the archived page by QA, but the recorded snapshot URL has not been confirmed to resolve]",https://web.archive.org/web/20111107191151/http://lbs.mtbaker.us/index.php/results/2011-results/finals-sunday/younger-amateurs,verified,wave3-archive,pending-recheck
mt-baker-legendary-banked-slalom--2011,banked-slalom,masters,GRAND MASTERS • AGES 50 - 59,ages 50 - 59,masters,unspecified,Sunday Finals,1,Mike Hattrup,,1:48.02,"Hometown as printed: Kent, Washington [citation pending re-check: the value was verified against the archived page by QA, but the recorded snapshot URL has not been confirmed to resolve]",https://web.archive.org/web/20111107190015/http://lbs.mtbaker.us/index.php/results/2011-results/finals-sunday/grand-masters,verified,wave3-archive,pending-recheck
mt-baker-legendary-banked-slalom--2011,banked-slalom,masters,MASTERS • AGES 30 - 39,ages 30 - 39,masters,unspecified,Sunday Finals,1,Ben Wordsworth,,1:32.08,"Hometown as printed: South Melbourne, AUSTRALIA [citation pending re-check: the value was verified against the archived page by QA, but the recorded snapshot URL has not been confirmed to resolve]",https://web.archive.org/web/20111107185307/http://lbs.mtbaker.us/index.php/results/2011-results/finals-sunday/masters,verified,wave3-archive,pending-recheck
mt-baker-legendary-banked-slalom--2011,banked-slalom,masters,MID MASTERS • AGES 40 - 49,ages 40 - 49,masters,unspecified,Sunday Finals,1,Eric Warble,,1:34.81,"Hometown as printed: Edwards, Colorado [citation pending re-check: the value was verified against the archived page by QA, but the recorded snapshot URL has not been confirmed to resolve]",https://web.archive.org/web/20111107190019/http://lbs.mtbaker.us/index.php/results/2011-results/finals-sunday/mid-masters,verified,wave3-archive,pending-recheck
mt-baker-legendary-banked-slalom--2011,banked-slalom,masters,PRO MASTERS • AGES 32 & UP,ages 32 &,masters,unspecified,Sunday Finals,1,Mark Fawcett,,1:28.52,"Hometown as printed: Nelson, British Columbia [citation pending re-check: the value was verified against the archived page by QA, but the recorded snapshot URL has not been confirmed to resolve]",https://web.archive.org/web/20111107190850/http://lbs.mtbaker.us/index.php/results/2011-results/finals-sunday/pro-masters,verified,wave3-archive,pending-recheck
mt-baker-legendary-banked-slalom--2011,banked-slalom,masters,SUPER MASTERS • AGES 60 & UP,ages 60 &,masters,unspecified,Sunday Finals,1,Bob Satushek,,1:54.69,"Hometown as printed: Deming, Washington [citation pending re-check: the value was verified against the archived page by QA, but the recorded snapshot URL has not been confirmed to resolve]",https://web.archive.org/web/20111107194429/http://lbs.mtbaker.us/index.php/results/2011-results/finals-sunday/super-masters,verified,wave3-archive,pending-recheck
mt-baker-legendary-banked-slalom--2011,banked-slalom,masters,WOMEN MASTERS • AGES 30 - 49,ages 30 - 49,masters,women,Sunday Finals,1,Tanya Simonson,,1:36.49,"Hometown as printed: Bozeman, Montana [citation pending re-check: the value was verified against the archived page by QA, but the recorded snapshot URL has not been confirmed to resolve]",https://web.archive.org/web/20120202165327/http://lbs.mtbaker.us/index.php/results/2011-results/finals-sunday/women-masters,verified,wave3-archive,pending-recheck
mt-baker-legendary-banked-slalom--2011,banked-slalom,masters,GRAND MASTERS • AGES 50 - 59,ages 50 - 59,masters,unspecified,Sunday Finals,2,Mike Gagliardi,,1:48.49,"Hometown as printed: Golden, Colorado [citation pending re-check: the value was verified against the archived page by QA, but the recorded snapshot URL has not been confirmed to resolve]",https://web.archive.org/web/20111107190015/http://lbs.mtbaker.us/index.php/results/2011-results/finals-sunday/grand-masters,verified,wave3-archive,pending-recheck
mt-baker-legendary-banked-slalom--2011,banked-slalom,masters,MASTERS • AGES 30 - 39,ages 30 - 39,masters,unspecified,Sunday Finals,2,Adam Haynes,,1:32.78,"Hometown as printed: Bend, Oregon [citation pending re-check: the value was verified against the archived page by QA, but the recorded snapshot URL has not been confirmed to resolve]",https://web.archive.org/web/20111107185307/http://lbs.mtbaker.us/index.php/results/2011-results/finals-sunday/masters,verified,wave3-archive,pending-recheck
mt-baker-legendary-banked-slalom--2011,banked-slalom,masters,MID MASTERS • AGES 40 - 49,ages 40 - 49,masters,unspecified,Sunday Finals,2,Mike Cummins,,1:35.31,"Hometown as printed: Olympia, Washington [citation pending re-check: the value was verified against the archived page by QA, but the recorded snapshot URL has not been confirmed to resolve]",https://web.archive.org/web/20111107190019/http://lbs.mtbaker.us/index.php/results/2011-results/finals-sunday/mid-masters,verified,wave3-archive,pending-recheck
mt-baker-legendary-banked-slalom--2011,banked-slalom,masters,PRO MASTERS • AGES 32 & UP,ages 32 &,masters,unspecified,Sunday Finals,2,Monty Hays,,1:29.78,"Hometown as printed: Edmonds, Washington [citation pending re-check: the value was verified against the archived page by QA, but the recorded snapshot URL has not been confirmed to resolve]",https://web.archive.org/web/20111107190850/http://lbs.mtbaker.us/index.php/results/2011-results/finals-sunday/pro-masters,verified,wave3-archive,pending-recheck
mt-baker-legendary-banked-slalom--2011,banked-slalom,masters,SUPER MASTERS • AGES 60 & UP,ages 60 &,masters,unspecified,Sunday Finals,2,Wendy Longman,,3:37.44,"Hometown as printed: Bellingham, Washington [citation pending re-check: the value was verified against the archived page by QA, but the recorded snapshot URL has not been confirmed to resolve]",https://web.archive.org/web/20111107194429/http://lbs.mtbaker.us/index.php/results/2011-results/finals-sunday/super-masters,verified,wave3-archive,pending-recheck
mt-baker-legendary-banked-slalom--2011,banked-slalom,masters,WOMEN MASTERS • AGES 30 - 49,ages 30 - 49,masters,women,Sunday Finals,2,Marguerite Cossettini,,1:37.09,"Hometown as printed: Khancoban, AUSTRALIA [citation pending re-check: the value was verified against the archived page by QA, but the recorded snapshot URL has not been confirmed to resolve]",https://web.archive.org/web/20120202165327/http://lbs.mtbaker.us/index.php/results/2011-results/finals-sunday/women-masters,verified,wave3-archive,pending-recheck
mt-baker-legendary-banked-slalom--2011,banked-slalom,masters,GRAND MASTERS • AGES 50 - 59,ages 50 - 59,masters,unspecified,Sunday Finals,3,Kevin Boyce,,1:48.55,"Hometown as printed: Bham, Washington [citation pending re-check: the value was verified against the archived page by QA, but the recorded snapshot URL has not been confirmed to resolve]",https://web.archive.org/web/20111107190015/http://lbs.mtbaker.us/index.php/results/2011-results/finals-sunday/grand-masters,verified,wave3-archive,pending-recheck
mt-baker-legendary-banked-slalom--2011,banked-slalom,masters,MASTERS • AGES 30 - 39,ages 30 - 39,masters,unspecified,Sunday Finals,3,Darby Heaney,,1:32.84,"Hometown as printed: New Castle, New Hampshire [citation pending re-check: the value was verified against the archived page by QA, but the recorded snapshot URL has not been confirmed to resolve]",https://web.archive.org/web/20111107185307/http://lbs.mtbaker.us/index.php/results/2011-results/finals-sunday/masters,verified,wave3-archive,pending-recheck
mt-baker-legendary-banked-slalom--2011,banked-slalom,masters,MID MASTERS • AGES 40 - 49,ages 40 - 49,masters,unspecified,Sunday Finals,3,Benjamin Pellegrino,,1:35.99,"Hometown as printed: Cottonwood Heights, Utah [citation pending re-check: the value was verified against the archived page by QA, but the recorded snapshot URL has not been confirmed to resolve]",https://web.archive.org/web/20111107190019/http://lbs.mtbaker.us/index.php/results/2011-results/finals-sunday/mid-masters,verified,wave3-archive,pending-recheck
mt-baker-legendary-banked-slalom--2011,banked-slalom,masters,PRO MASTERS • AGES 32 & UP,ages 32 &,masters,unspecified,Sunday Finals,3,Blue Montgomery,,1:30.11,"Hometown as printed: West Seattle, Washington [citation pending re-check: the value was verified against the archived page by QA, but the recorded snapshot URL has not been confirmed to resolve]",https://web.archive.org/web/20111107190850/http://lbs.mtbaker.us/index.php/results/2011-results/finals-sunday/pro-masters,verified,wave3-archive,pending-recheck
mt-baker-legendary-banked-slalom--2011,banked-slalom,masters,WOMEN MASTERS • AGES 30 - 49,ages 30 - 49,masters,women,Sunday Finals,3,Weeg Simmons,,1:39.30,"Hometown as printed: Glacier, Washington [citation pending re-check: the value was verified against the archived page by QA, but the recorded snapshot URL has not been confirmed to resolve]",https://web.archive.org/web/20120202165327/http://lbs.mtbaker.us/index.php/results/2011-results/finals-sunday/women-masters,verified,wave3-archive,pending-recheck
mt-baker-legendary-banked-slalom--2011,banked-slalom,pro,PRO MEN • ALL AGES,,pro,men,Sunday Finals,1,Harry Kearney,,1:28.07,"Hometown as printed: Norwood, Colorado [citation pending re-check: the value was verified against the archived page by QA, but the recorded snapshot URL has not been confirmed to resolve]",https://web.archive.org/web/20111107194657/http://lbs.mtbaker.us/index.php/results/2011-results/finals-sunday/pro-men,verified,wave3-archive,pending-recheck
mt-baker-legendary-banked-slalom--2011,banked-slalom,pro,PRO WOMEN • ALL AGES,,pro,women,Sunday Finals,1,Maelle Ricker,,1:31.31,"Hometown as printed: Squamish, British Columbia [citation pending re-check: the value was verified against the archived page by QA, but the recorded snapshot URL has not been confirmed to resolve]",https://web.archive.org/web/20120202171838/http://lbs.mtbaker.us/index.php/results/2011-results/finals-sunday/pro-women,verified,wave3-archive,pending-recheck
mt-baker-legendary-banked-slalom--2011,banked-slalom,pro,PRO MEN • ALL AGES,,pro,men,Sunday Finals,2,Josh Dirksen,,1:28.17,"Hometown as printed: Bend, Oregon [citation pending re-check: the value was verified against the archived page by QA, but the recorded snapshot URL has not been confirmed to resolve]",https://web.archive.org/web/20111107194657/http://lbs.mtbaker.us/index.php/results/2011-results/finals-sunday/pro-men,verified,wave3-archive,pending-recheck
mt-baker-legendary-banked-slalom--2011,banked-slalom,pro,PRO WOMEN • ALL AGES,,pro,women,Sunday Finals,2,Maria DeBari,,1:33.88,"Hometown as printed: Glacier, Washington [citation pending re-check: the value was verified against the archived page by QA, but the recorded snapshot URL has not been confirmed to resolve]",https://web.archive.org/web/20120202171838/http://lbs.mtbaker.us/index.php/results/2011-results/finals-sunday/pro-women,verified,wave3-archive,pending-recheck
mt-baker-legendary-banked-slalom--2011,banked-slalom,pro,PRO MEN • ALL AGES,,pro,men,Sunday Finals,3,Mike Robertson,,1:28.20,"Hometown as printed: Canmore, Alberta [citation pending re-check: the value was verified against the archived page by QA, but the recorded snapshot URL has not been confirmed to resolve]",https://web.archive.org/web/20111107194657/http://lbs.mtbaker.us/index.php/results/2011-results/finals-sunday/pro-men,verified,wave3-archive,pending-recheck
mt-baker-legendary-banked-slalom--2011,banked-slalom,pro,PRO WOMEN • ALL AGES,,pro,women,Sunday Finals,3,Marni Yamada,,1:36.21,"Hometown as printed: Shoreline, Washington [citation pending re-check: the value was verified against the archived page by QA, but the recorded snapshot URL has not been confirmed to resolve]",https://web.archive.org/web/20120202171838/http://lbs.mtbaker.us/index.php/results/2011-results/finals-sunday/pro-women,verified,wave3-archive,pending-recheck
mt-baker-legendary-banked-slalom--2012,banked-slalom,am,Older Amateurs,,amateur,unspecified,Sunday Finals,1,Nate Kewin,,1:33.19,"Hometown as printed: Vancouver, British Columbia [citation pending re-check: the value was verified against the archived page by QA, but the recorded snapshot URL has not been confirmed to resolve]",https://web.archive.org/web/20120318015822/http://lbs.mtbaker.us/index.php/results/2012-results/sunday-finals/older-ams,verified,wave3-archive,pending-recheck
mt-baker-legendary-banked-slalom--2012,banked-slalom,am,Women Amateurs,,amateur,women,Sunday Finals,1,Danielle Davis,,1:49.19,"Hometown as printed: Glacier, Washington [citation pending re-check: the value was verified against the archived page by QA, but the recorded snapshot URL has not been confirmed to resolve]",https://web.archive.org/web/20120318212003/http://lbs.mtbaker.us/index.php/results/2012-results/sunday-finals/women-ams,verified,wave3-archive,pending-recheck
mt-baker-legendary-banked-slalom--2012,banked-slalom,am,Older Amateurs,,amateur,unspecified,Sunday Finals,2,Spencer Cordovano,,1:33.81,"Hometown as printed: Hailey, Idaho [citation pending re-check: the value was verified against the archived page by QA, but the recorded snapshot URL has not been confirmed to resolve]",https://web.archive.org/web/20120318015822/http://lbs.mtbaker.us/index.php/results/2012-results/sunday-finals/older-ams,verified,wave3-archive,pending-recheck
mt-baker-legendary-banked-slalom--2012,banked-slalom,am,Women Amateurs,,amateur,women,Sunday Finals,2,Sally Butler,,1:54.79,"Hometown as printed: Welches, Oregon [citation pending re-check: the value was verified against the archived page by QA, but the recorded snapshot URL has not been confirmed to resolve]",https://web.archive.org/web/20120318212003/http://lbs.mtbaker.us/index.php/results/2012-results/sunday-finals/women-ams,verified,wave3-archive,pending-recheck
mt-baker-legendary-banked-slalom--2012,banked-slalom,am,Older Amateurs,,amateur,unspecified,Sunday Finals,3,Daniel Sandberg,,1:33.97,"Hometown as printed: Bellingham, Washington [citation pending re-check: the value was verified against the archived page by QA, but the recorded snapshot URL has not been confirmed to resolve]",https://web.archive.org/web/20120318015822/http://lbs.mtbaker.us/index.php/results/2012-results/sunday-finals/older-ams,verified,wave3-archive,pending-recheck
mt-baker-legendary-banked-slalom--2012,banked-slalom,am,Women Amateurs,,amateur,women,Sunday Finals,3,Martina Nemcova,,1:58.89,"Hometown as printed: Boulder/Prague, Colorado [citation pending re-check: the value was verified against the archived page by QA, but the recorded snapshot URL has not been confirmed to resolve]",https://web.archive.org/web/20120318212003/http://lbs.mtbaker.us/index.php/results/2012-results/sunday-finals/women-ams,verified,wave3-archive,pending-recheck
mt-baker-legendary-banked-slalom--2012,banked-slalom,groms,Next Generation,,grom,unspecified,Sunday Finals,1,Milo Malkoski,,1:44.70,"Hometown as printed: Seattle, Washington [citation pending re-check: the value was verified against the archived page by QA, but the recorded snapshot URL has not been confirmed to resolve]",https://web.archive.org/web/20120318214939/http://lbs.mtbaker.us/index.php/results/2012-results/sunday-finals/next-gen,verified,wave3-archive,pending-recheck
mt-baker-legendary-banked-slalom--2012,banked-slalom,groms,Next Generation,,grom,unspecified,Sunday Finals,2,Keala Cole,,1:53.02,"Hometown as printed: Edmonds, Washington [citation pending re-check: the value was verified against the archived page by QA, but the recorded snapshot URL has not been confirmed to resolve]",https://web.archive.org/web/20120318214939/http://lbs.mtbaker.us/index.php/results/2012-results/sunday-finals/next-gen,verified,wave3-archive,pending-recheck
mt-baker-legendary-banked-slalom--2012,banked-slalom,groms,Next Generation,,grom,unspecified,Sunday Finals,3,Kailani Lauderdale,,1:58.38,"Hometown as printed: Glacier, Washington [citation pending re-check: the value was verified against the archived page by QA, but the recorded snapshot URL has not been confirmed to resolve]",https://web.archive.org/web/20120318214939/http://lbs.mtbaker.us/index.php/results/2012-results/sunday-finals/next-gen,verified,wave3-archive,pending-recheck
mt-baker-legendary-banked-slalom--2012,banked-slalom,juniors,Juniors,,junior,unspecified,Sunday Finals,1,Jacob Krugmire,,1:36.63,"Hometown as printed: University Place, Washington [citation pending re-check: the value was verified against the archived page by QA, but the recorded snapshot URL has not been confirmed to resolve]",https://web.archive.org/web/20120318015816/http://lbs.mtbaker.us/index.php/results/2012-results/sunday-finals/juniors,verified,wave3-archive,pending-recheck
mt-baker-legendary-banked-slalom--2012,banked-slalom,juniors,Younger Ams,,junior,unspecified,Sunday Finals,1,Ryan Roemer,,1:34.33,"Hometown as printed: Bellevue, Idaho [citation pending re-check: the value was verified against the archived page by QA, but the recorded snapshot URL has not been confirmed to resolve]",https://web.archive.org/web/20120318015911/http://lbs.mtbaker.us/index.php/results/2012-results/sunday-finals/younger-ams,verified,wave3-archive,pending-recheck
mt-baker-legendary-banked-slalom--2012,banked-slalom,juniors,Juniors,,junior,unspecified,Sunday Finals,2,Cody Warble,,1:39.69,"Hometown as printed: Edwards, Colorado [citation pending re-check: the value was verified against the archived page by QA, but the recorded snapshot URL has not been confirmed to resolve]",https://web.archive.org/web/20120318015816/http://lbs.mtbaker.us/index.php/results/2012-results/sunday-finals/juniors,verified,wave3-archive,pending-recheck
mt-baker-legendary-banked-slalom--2012,banked-slalom,juniors,Younger Ams,,junior,unspecified,Sunday Finals,2,Gus Warbington,,1:35.15,"Hometown as printed: Bend, Oregon [citation pending re-check: the value was verified against the archived page by QA, but the recorded snapshot URL has not been confirmed to resolve]",https://web.archive.org/web/20120318015911/http://lbs.mtbaker.us/index.php/results/2012-results/sunday-finals/younger-ams,verified,wave3-archive,pending-recheck
mt-baker-legendary-banked-slalom--2012,banked-slalom,juniors,Juniors,,junior,unspecified,Sunday Finals,3,Jonas Harris,,1:42.67,"Hometown as printed: Draper, Utah [citation pending re-check: the value was verified against the archived page by QA, but the recorded snapshot URL has not been confirmed to resolve]",https://web.archive.org/web/20120318015816/http://lbs.mtbaker.us/index.php/results/2012-results/sunday-finals/juniors,verified,wave3-archive,pending-recheck
mt-baker-legendary-banked-slalom--2012,banked-slalom,juniors,Younger Ams,,junior,unspecified,Sunday Finals,3,Travis Claughton,,1:41.57,"Hometown as printed: Woodinville, Washington [citation pending re-check: the value was verified against the archived page by QA, but the recorded snapshot URL has not been confirmed to resolve]",https://web.archive.org/web/20120318015911/http://lbs.mtbaker.us/index.php/results/2012-results/sunday-finals/younger-ams,verified,wave3-archive,pending-recheck
mt-baker-legendary-banked-slalom--2012,banked-slalom,masters,Grand Masters,,masters,unspecified,Sunday Finals,1,Randy Haugen,,1:57.53,"Hometown as printed: Bellingham, Washington [citation pending re-check: the value was verified against the archived page by QA, but the recorded snapshot URL has not been confirmed to resolve]",https://web.archive.org/web/20120318220939/http://lbs.mtbaker.us/index.php/results/2012-results/sunday-finals/grand-masters,verified,wave3-archive,pending-recheck
mt-baker-legendary-banked-slalom--2012,banked-slalom,masters,Masters,,masters,unspecified,Sunday Finals,1,Adam Haynes,,1:31.72,"Hometown as printed: Bend, Oregon [citation pending re-check: the value was verified against the archived page by QA, but the recorded snapshot URL has not been confirmed to resolve]",https://web.archive.org/web/20120419192559/http://lbs.mtbaker.us/index.php/results/2012-results/sunday-finals/masters,verified,wave3-archive,pending-recheck
mt-baker-legendary-banked-slalom--2012,banked-slalom,masters,Mid Masters,,masters,unspecified,Sunday Finals,1,Gorio Bustamante,,1:37.79,"Hometown as printed: Seattle, Washington [citation pending re-check: the value was verified against the archived page by QA, but the recorded snapshot URL has not been confirmed to resolve]",https://web.archive.org/web/20120318220248/http://lbs.mtbaker.us/index.php/results/2012-results/sunday-finals/mid-masters,verified,wave3-archive,pending-recheck
mt-baker-legendary-banked-slalom--2012,banked-slalom,masters,Pro Masters,,masters,unspecified,Sunday Finals,1,Mark Fawcett,,1:31.56,"Hometown as printed: Nelson, British Columbia [citation pending re-check: the value was verified against the archived page by QA, but the recorded snapshot URL has not been confirmed to resolve]",https://web.archive.org/web/20120419193219/http://lbs.mtbaker.us/index.php/results/2012-results/sunday-finals/pro-masters,verified,wave3-archive,pending-recheck
mt-baker-legendary-banked-slalom--2012,banked-slalom,masters,Pro Women Masters,,masters,women,Sunday Finals,1,Barrett Christy,,1:39.43,"Hometown as printed: Gig Harbor, Washington [citation pending re-check: the value was verified against the archived page by QA, but the recorded snapshot URL has not been confirmed to resolve]",https://web.archive.org/web/20120419192136/http://lbs.mtbaker.us/index.php/results/2012-results/sunday-finals/pro-women-masters,verified,wave3-archive,pending-recheck
mt-baker-legendary-banked-slalom--2012,banked-slalom,masters,Women Masters,,masters,women,Sunday Finals,1,Tanya Simonson,,1:53.30,"Hometown as printed: Bozeman, Montana [citation pending re-check: the value was verified against the archived page by QA, but the recorded snapshot URL has not been confirmed to resolve]",https://web.archive.org/web/20120318221012/http://lbs.mtbaker.us/index.php/results/2012-results/sunday-finals/women-masters,verified,wave3-archive,pending-recheck
mt-baker-legendary-banked-slalom--2012,banked-slalom,masters,Grand Masters,,masters,unspecified,Sunday Finals,2,Kevin Boyce,,1:58.29,"Hometown as printed: Bellingham, Washington [citation pending re-check: the value was verified against the archived page by QA, but the recorded snapshot URL has not been confirmed to resolve]",https://web.archive.org/web/20120318220939/http://lbs.mtbaker.us/index.php/results/2012-results/sunday-finals/grand-masters,verified,wave3-archive,pending-recheck
mt-baker-legendary-banked-slalom--2012,banked-slalom,masters,Masters,,masters,unspecified,Sunday Finals,2,John Kaiser,,1:33.01,"Hometown as printed: Seattle, Washington [citation pending re-check: the value was verified against the archived page by QA, but the recorded snapshot URL has not been confirmed to resolve]",https://web.archive.org/web/20120419192559/http://lbs.mtbaker.us/index.php/results/2012-results/sunday-finals/masters,verified,wave3-archive,pending-recheck
mt-baker-legendary-banked-slalom--2012,banked-slalom,masters,Mid Masters,,masters,unspecified,Sunday Finals,2,Mike Cummins,,1:38.14,"Hometown as printed: Olympia, Washington [citation pending re-check: the value was verified against the archived page by QA, but the recorded snapshot URL has not been confirmed to resolve]",https://web.archive.org/web/20120318220248/http://lbs.mtbaker.us/index.php/results/2012-results/sunday-finals/mid-masters,verified,wave3-archive,pending-recheck
mt-baker-legendary-banked-slalom--2012,banked-slalom,masters,Pro Masters,,masters,unspecified,Sunday Finals,2,Marcel Dolak,,1:33.95,"Hometown as printed: Seattle, Washington [citation pending re-check: the value was verified against the archived page by QA, but the recorded snapshot URL has not been confirmed to resolve]",https://web.archive.org/web/20120419193219/http://lbs.mtbaker.us/index.php/results/2012-results/sunday-finals/pro-masters,verified,wave3-archive,pending-recheck
mt-baker-legendary-banked-slalom--2012,banked-slalom,masters,Pro Women Masters,,masters,women,Sunday Finals,2,Amy Eichner,,1:44.83,"Hometown as printed: Portland, Oregon [citation pending re-check: the value was verified against the archived page by QA, but the recorded snapshot URL has not been confirmed to resolve]",https://web.archive.org/web/20120419192136/http://lbs.mtbaker.us/index.php/results/2012-results/sunday-finals/pro-women-masters,verified,wave3-archive,pending-recheck
mt-baker-legendary-banked-slalom--2012,banked-slalom,masters,Women Masters,,masters,women,Sunday Finals,2,Sarah Taylor,,1:54.41,"Hometown as printed: Anchorage, Alaska [citation pending re-check: the value was verified against the archived page by QA, but the recorded snapshot URL has not been confirmed to resolve]",https://web.archive.org/web/20120318221012/http://lbs.mtbaker.us/index.php/results/2012-results/sunday-finals/women-masters,verified,wave3-archive,pending-recheck
mt-baker-legendary-banked-slalom--2012,banked-slalom,masters,Grand Masters,,masters,unspecified,Sunday Finals,3,Mark Hogan,,1:59.76,"Hometown as printed: Snowmass Village, Colorado [citation pending re-check: the value was verified against the archived page by QA, but the recorded snapshot URL has not been confirmed to resolve]",https://web.archive.org/web/20120318220939/http://lbs.mtbaker.us/index.php/results/2012-results/sunday-finals/grand-masters,verified,wave3-archive,pending-recheck
mt-baker-legendary-banked-slalom--2012,banked-slalom,masters,Masters,,masters,unspecified,Sunday Finals,3,Chris Tretwold,,1:34.17,"Hometown as printed: Bellingham, Washington [citation pending re-check: the value was verified against the archived page by QA, but the recorded snapshot URL has not been confirmed to resolve]",https://web.archive.org/web/20120419192559/http://lbs.mtbaker.us/index.php/results/2012-results/sunday-finals/masters,verified,wave3-archive,pending-recheck
mt-baker-legendary-banked-slalom--2012,banked-slalom,masters,Mid Masters,,masters,unspecified,Sunday Finals,3,Waylon Edwards,,1:38.71,"Hometown as printed: N. Vancouver, British Columbia [citation pending re-check: the value was verified against the archived page by QA, but the recorded snapshot URL has not been confirmed to resolve]",https://web.archive.org/web/20120318220248/http://lbs.mtbaker.us/index.php/results/2012-results/sunday-finals/mid-masters,verified,wave3-archive,pending-recheck
mt-baker-legendary-banked-slalom--2012,banked-slalom,masters,Pro Masters,,masters,unspecified,Sunday Finals,3,Blue Montgomery,,1:34.04,"Hometown as printed: West Seattle, Washington [citation pending re-check: the value was verified against the archived page by QA, but the recorded snapshot URL has not been confirmed to resolve]",https://web.archive.org/web/20120419193219/http://lbs.mtbaker.us/index.php/results/2012-results/sunday-finals/pro-masters,verified,wave3-archive,pending-recheck
mt-baker-legendary-banked-slalom--2012,banked-slalom,masters,Pro Women Masters,,masters,women,Sunday Finals,3,Marguerite Cossettini,,1:45.17,"Hometown as printed: South Lake Tahoe, California [citation pending re-check: the value was verified against the archived page by QA, but the recorded snapshot URL has not been confirmed to resolve]",https://web.archive.org/web/20120419192136/http://lbs.mtbaker.us/index.php/results/2012-results/sunday-finals/pro-women-masters,verified,wave3-archive,pending-recheck
mt-baker-legendary-banked-slalom--2012,banked-slalom,masters,Women Masters,,masters,women,Sunday Finals,3,Christine Zander,,1:55.20,"Hometown as printed: Glacier, Washington [citation pending re-check: the value was verified against the archived page by QA, but the recorded snapshot URL has not been confirmed to resolve]",https://web.archive.org/web/20120318221012/http://lbs.mtbaker.us/index.php/results/2012-results/sunday-finals/women-masters,verified,wave3-archive,pending-recheck
mt-baker-legendary-banked-slalom--2012,banked-slalom,pro,Pro Men,,pro,men,Sunday Finals,1,Terje Haakonsen,,1:25.66,"Hometown as printed: Irvine, California [citation pending re-check: the value was verified against the archived page by QA, but the recorded snapshot URL has not been confirmed to resolve]",https://web.archive.org/web/20120417230807/http://lbs.mtbaker.us/index.php/results/2012-results/sunday-finals/pro-men,verified,wave3-archive,pending-recheck
mt-baker-legendary-banked-slalom--2012,banked-slalom,pro,Pro Women,,pro,women,Sunday Finals,1,Maelle Ricker,,1:31.81,"Hometown as printed: Squamish, British Columbia [citation pending re-check: the value was verified against the archived page by QA, but the recorded snapshot URL has not been confirmed to resolve]",https://web.archive.org/web/20120419192952/http://lbs.mtbaker.us/index.php/results/2012-results/sunday-finals/pro-women,verified,wave3-archive,pending-recheck
mt-baker-legendary-banked-slalom--2012,banked-slalom,pro,Pro Men,,pro,men,Sunday Finals,2,Josh Dirksen,,1:26.21,"Hometown as printed: Bend, Oregon [citation pending re-check: the value was verified against the archived page by QA, but the recorded snapshot URL has not been confirmed to resolve]",https://web.archive.org/web/20120417230807/http://lbs.mtbaker.us/index.php/results/2012-results/sunday-finals/pro-men,verified,wave3-archive,pending-recheck
mt-baker-legendary-banked-slalom--2012,banked-slalom,pro,Pro Women,,pro,women,Sunday Finals,2,Laura Hadar,,1:36.40,"Hometown as printed: Carbondale, Colorado [citation pending re-check: the value was verified against the archived page by QA, but the recorded snapshot URL has not been confirmed to resolve]",https://web.archive.org/web/20120419192952/http://lbs.mtbaker.us/index.php/results/2012-results/sunday-finals/pro-women,verified,wave3-archive,pending-recheck
mt-baker-legendary-banked-slalom--2012,banked-slalom,pro,Pro Men,,pro,men,Sunday Finals,3,Temple Cummins,,1:26.27,"Hometown as printed: Agnew, Washington [citation pending re-check: the value was verified against the archived page by QA, but the recorded snapshot URL has not been confirmed to resolve]",https://web.archive.org/web/20120417230807/http://lbs.mtbaker.us/index.php/results/2012-results/sunday-finals/pro-men,verified,wave3-archive,pending-recheck
mt-baker-legendary-banked-slalom--2012,banked-slalom,pro,Pro Women,,pro,women,Sunday Finals,3,Maria DeBari,,1:37.93,"Hometown as printed: Glacier, Washington [citation pending re-check: the value was verified against the archived page by QA, but the recorded snapshot URL has not been confirmed to resolve]",https://web.archive.org/web/20120419192952/http://lbs.mtbaker.us/index.php/results/2012-results/sunday-finals/pro-women,verified,wave3-archive,pending-recheck
mt-baker-legendary-banked-slalom--2013,banked-slalom,am,Older Amateurs,,amateur,unspecified,Sunday Finals,1,Robin Foster,,1:38.959,"Hometown as printed: Glacier, Washington [citation pending re-check: the value was verified against the archived page by QA, but the recorded snapshot URL has not been confirmed to resolve]",https://web.archive.org/web/20130603041309/http://lbs.mtbaker.us/index.php/results/finals/older-amateurs,verified,wave3-archive,pending-recheck
mt-baker-legendary-banked-slalom--2013,banked-slalom,am,Women Amateurs,,amateur,women,Sunday Finals,1,Jennica Lowell,,1:49.510,"Hometown as printed: Couer d Alene, Idaho [citation pending re-check: the value was verified against the archived page by QA, but the recorded snapshot URL has not been confirmed to resolve]",https://web.archive.org/web/20130215111833/http://lbs.mtbaker.us/index.php/results/finals/women-amateurs,verified,wave3-archive,pending-recheck
mt-baker-legendary-banked-slalom--2013,banked-slalom,am,Older Amateurs,,amateur,unspecified,Sunday Finals,2,Spencer Cordovano,,1:39.753,"Hometown as printed: Hailey, Idaho [citation pending re-check: the value was verified against the archived page by QA, but the recorded snapshot URL has not been confirmed to resolve]",https://web.archive.org/web/20130603041309/http://lbs.mtbaker.us/index.php/results/finals/older-amateurs,verified,wave3-archive,pending-recheck
mt-baker-legendary-banked-slalom--2013,banked-slalom,am,Women Amateurs,,amateur,women,Sunday Finals,2,Karla Charlton,,1:50.198,"Hometown as printed: Vernon, British Columbia [citation pending re-check: the value was verified against the archived page by QA, but the recorded snapshot URL has not been confirmed to resolve]",https://web.archive.org/web/20130215111833/http://lbs.mtbaker.us/index.php/results/finals/women-amateurs,verified,wave3-archive,pending-recheck
mt-baker-legendary-banked-slalom--2013,banked-slalom,am,Older Amateurs,,amateur,unspecified,Sunday Finals,3,Jack Freysinger,,1:40.028,"Hometown as printed: Deming, Washington [citation pending re-check: the value was verified against the archived page by QA, but the recorded snapshot URL has not been confirmed to resolve]",https://web.archive.org/web/20130603041309/http://lbs.mtbaker.us/index.php/results/finals/older-amateurs,verified,wave3-archive,pending-recheck
mt-baker-legendary-banked-slalom--2013,banked-slalom,am,Women Amateurs,,amateur,women,Sunday Finals,3,Sydney Bannerman,,1:51.812,"Hometown as printed: Tahoe City, California [citation pending re-check: the value was verified against the archived page by QA, but the recorded snapshot URL has not been confirmed to resolve]",https://web.archive.org/web/20130215111833/http://lbs.mtbaker.us/index.php/results/finals/women-amateurs,verified,wave3-archive,pending-recheck
mt-baker-legendary-banked-slalom--2013,banked-slalom,groms,Next Generation,,grom,unspecified,Sunday Finals,1,Isabella Gomez,,1:52.081,"Hometown as printed: Issaquah, Washington [citation pending re-check: the value was verified against the archived page by QA, but the recorded snapshot URL has not been confirmed to resolve]",https://web.archive.org/web/20130215111727/http://lbs.mtbaker.us/index.php/results/finals/next-gener,verified,wave3-archive,pending-recheck
mt-baker-legendary-banked-slalom--2013,banked-slalom,groms,Next Generation,,grom,unspecified,Sunday Finals,2,Keala Cole,,1:52.452,"Hometown as printed: Edmonds, Washington [citation pending re-check: the value was verified against the archived page by QA, but the recorded snapshot URL has not been confirmed to resolve]",https://web.archive.org/web/20130215111727/http://lbs.mtbaker.us/index.php/results/finals/next-gener,verified,wave3-archive,pending-recheck
mt-baker-legendary-banked-slalom--2013,banked-slalom,groms,Next Generation,,grom,unspecified,Sunday Finals,3,Finn Finestone,,1:53.811,"Hometown as printed: Whistler, British Columbia [citation pending re-check: the value was verified against the archived page by QA, but the recorded snapshot URL has not been confirmed to resolve]",https://web.archive.org/web/20130215111727/http://lbs.mtbaker.us/index.php/results/finals/next-gener,verified,wave3-archive,pending-recheck
mt-baker-legendary-banked-slalom--2013,banked-slalom,juniors,Juniors,,junior,unspecified,Sunday Finals,1,Hank Kennedy,,1:46.428,"Hometown as printed: Glacier, Washington [citation pending re-check: the value was verified against the archived page by QA, but the recorded snapshot URL has not been confirmed to resolve]",https://web.archive.org/web/20130215111640/http://lbs.mtbaker.us/index.php/results/finals/juniors,verified,wave3-archive,pending-recheck
mt-baker-legendary-banked-slalom--2013,banked-slalom,juniors,Younger Amateurs,,junior,unspecified,Sunday Finals,1,Keith Dixon,,1:44.510,"Hometown as printed: Boise, Idaho [citation pending re-check: the value was verified against the archived page by QA, but the recorded snapshot URL has not been confirmed to resolve]",https://web.archive.org/web/20130220121705/http://lbs.mtbaker.us/index.php/results/finals/younger-amateurs,verified,wave3-archive,pending-recheck
mt-baker-legendary-banked-slalom--2013,banked-slalom,juniors,Juniors,,junior,unspecified,Sunday Finals,2,Milo Malkoski,,1:47.414,"Hometown as printed: Seattle, Washington [citation pending re-check: the value was verified against the archived page by QA, but the recorded snapshot URL has not been confirmed to resolve]",https://web.archive.org/web/20130215111640/http://lbs.mtbaker.us/index.php/results/finals/juniors,verified,wave3-archive,pending-recheck
mt-baker-legendary-banked-slalom--2013,banked-slalom,juniors,Younger Amateurs,,junior,unspecified,Sunday Finals,2,Jackson Scanlan,,1:46.078,"Hometown as printed: Bellingham, Washington [citation pending re-check: the value was verified against the archived page by QA, but the recorded snapshot URL has not been confirmed to resolve]",https://web.archive.org/web/20130220121705/http://lbs.mtbaker.us/index.php/results/finals/younger-amateurs,verified,wave3-archive,pending-recheck
mt-baker-legendary-banked-slalom--2013,banked-slalom,juniors,Juniors,,junior,unspecified,Sunday Finals,3,Jonas Harris,,1:48.591,"Hometown as printed: Draper, Utah [citation pending re-check: the value was verified against the archived page by QA, but the recorded snapshot URL has not been confirmed to resolve]",https://web.archive.org/web/20130215111640/http://lbs.mtbaker.us/index.php/results/finals/juniors,verified,wave3-archive,pending-recheck
mt-baker-legendary-banked-slalom--2013,banked-slalom,juniors,Younger Amateurs,,junior,unspecified,Sunday Finals,3,Odin Barnett,,1:46.226,"Hometown as printed: Bellingham, Washington [citation pending re-check: the value was verified against the archived page by QA, but the recorded snapshot URL has not been confirmed to resolve]",https://web.archive.org/web/20130220121705/http://lbs.mtbaker.us/index.php/results/finals/younger-amateurs,verified,wave3-archive,pending-recheck
mt-baker-legendary-banked-slalom--2013,banked-slalom,masters,Grand Masters,,masters,unspecified,Sunday Finals,1,Luke Edgar,,1:44.240,"Hometown as printed: Park City, Utah [citation pending re-check: the value was verified against the archived page by QA, but the recorded snapshot URL has not been confirmed to resolve]",https://web.archive.org/web/20130220121622/http://lbs.mtbaker.us/index.php/results/finals/grand-masters,verified,wave3-archive,pending-recheck
mt-baker-legendary-banked-slalom--2013,banked-slalom,masters,Masters,,masters,unspecified,Sunday Finals,1,Jake Price,,1:35.167,"Hometown as printed: Bend, Oregon [citation pending re-check: the value was verified against the archived page by QA, but the recorded snapshot URL has not been confirmed to resolve]",https://web.archive.org/web/20130215111659/http://lbs.mtbaker.us/index.php/results/finals/masters,verified,wave3-archive,pending-recheck
mt-baker-legendary-banked-slalom--2013,banked-slalom,masters,Mid Masters,,masters,unspecified,Sunday Finals,1,Anthony Martinez,,1:39.299,"Hometown as printed: Salt Lake City, Utah [citation pending re-check: the value was verified against the archived page by QA, but the recorded snapshot URL has not been confirmed to resolve]",https://web.archive.org/web/20130215111704/http://lbs.mtbaker.us/index.php/results/finals/mid-maste,verified,wave3-archive,pending-recheck
mt-baker-legendary-banked-slalom--2013,banked-slalom,masters,Pro Masters,,masters,unspecified,Sunday Finals,1,Marcel Dolak,,1:36.678,"Hometown as printed: Redmond, Washington [citation pending re-check: the value was verified against the archived page by QA, but the recorded snapshot URL has not been confirmed to resolve]",https://web.archive.org/web/20130220121648/http://lbs.mtbaker.us/index.php/results/finals/pro-masters,verified,wave3-archive,pending-recheck
mt-baker-legendary-banked-slalom--2013,banked-slalom,masters,Pro Women Masters,,masters,women,Sunday Finals,1,Marni Yamada,,1:40.269,"Hometown as printed: Seattle, Washington [citation pending re-check: the value was verified against the archived page by QA, but the recorded snapshot URL has not been confirmed to resolve]",https://web.archive.org/web/20130215111802/http://lbs.mtbaker.us/index.php/results/finals/pro-women-maste,verified,wave3-archive,pending-recheck
mt-baker-legendary-banked-slalom--2013,banked-slalom,masters,Women Masters,,masters,women,Sunday Finals,1,Tanya Simonson,,1:45.557,"Hometown as printed: Bozeman, Montana [citation pending re-check: the value was verified against the archived page by QA, but the recorded snapshot URL has not been confirmed to resolve]",https://web.archive.org/web/20130216011858/http://lbs.mtbaker.us/index.php/results/finals/women-master,verified,wave3-archive,pending-recheck
mt-baker-legendary-banked-slalom--2013,banked-slalom,masters,Grand Masters,,masters,unspecified,Sunday Finals,2,Randy Haugen,,1:51.265,"Hometown as printed: Bellingham, Washington [citation pending re-check: the value was verified against the archived page by QA, but the recorded snapshot URL has not been confirmed to resolve]",https://web.archive.org/web/20130220121622/http://lbs.mtbaker.us/index.php/results/finals/grand-masters,verified,wave3-archive,pending-recheck
mt-baker-legendary-banked-slalom--2013,banked-slalom,masters,Masters,,masters,unspecified,Sunday Finals,2,Jonathan Martens,,1:35.523,"Hometown as printed: Bellingham, Washington [citation pending re-check: the value was verified against the archived page by QA, but the recorded snapshot URL has not been confirmed to resolve]",https://web.archive.org/web/20130215111659/http://lbs.mtbaker.us/index.php/results/finals/masters,verified,wave3-archive,pending-recheck
mt-baker-legendary-banked-slalom--2013,banked-slalom,masters,Mid Masters,,masters,unspecified,Sunday Finals,2,Mike Cummins,,1:39.701,"Hometown as printed: Olympia, Washington [citation pending re-check: the value was verified against the archived page by QA, but the recorded snapshot URL has not been confirmed to resolve]",https://web.archive.org/web/20130215111704/http://lbs.mtbaker.us/index.php/results/finals/mid-maste,verified,wave3-archive,pending-recheck
mt-baker-legendary-banked-slalom--2013,banked-slalom,masters,Pro Masters,,masters,unspecified,Sunday Finals,2,Peter Bauer,,1:37.690,"Hometown as printed: Fischbachau, GERMANY [citation pending re-check: the value was verified against the archived page by QA, but the recorded snapshot URL has not been confirmed to resolve]",https://web.archive.org/web/20130220121648/http://lbs.mtbaker.us/index.php/results/finals/pro-masters,verified,wave3-archive,pending-recheck
mt-baker-legendary-banked-slalom--2013,banked-slalom,masters,Pro Women Masters,,masters,women,Sunday Finals,2,Marguerite Cossettini,,1:45.204,"Hometown as printed: Kirkwood, AUSTRALIA [citation pending re-check: the value was verified against the archived page by QA, but the recorded snapshot URL has not been confirmed to resolve]",https://web.archive.org/web/20130215111802/http://lbs.mtbaker.us/index.php/results/finals/pro-women-maste,verified,wave3-archive,pending-recheck
mt-baker-legendary-banked-slalom--2013,banked-slalom,masters,Women Masters,,masters,women,Sunday Finals,2,Jacqui Berg,,1:47.617,"Hometown as printed: Bellingham, Washington [citation pending re-check: the value was verified against the archived page by QA, but the recorded snapshot URL has not been confirmed to resolve]",https://web.archive.org/web/20130216011858/http://lbs.mtbaker.us/index.php/results/finals/women-master,verified,wave3-archive,pending-recheck
mt-baker-legendary-banked-slalom--2013,banked-slalom,masters,Grand Masters,,masters,unspecified,Sunday Finals,3,Mike Cotes,,1:59.232,"Hometown as printed: Spokane, Washington [citation pending re-check: the value was verified against the archived page by QA, but the recorded snapshot URL has not been confirmed to resolve]",https://web.archive.org/web/20130220121622/http://lbs.mtbaker.us/index.php/results/finals/grand-masters,verified,wave3-archive,pending-recheck
mt-baker-legendary-banked-slalom--2013,banked-slalom,masters,Masters,,masters,unspecified,Sunday Finals,3,Scott Reynolds,,1:36.410,"Hometown as printed: Rossland, British Columbia [citation pending re-check: the value was verified against the archived page by QA, but the recorded snapshot URL has not been confirmed to resolve]",https://web.archive.org/web/20130215111659/http://lbs.mtbaker.us/index.php/results/finals/masters,verified,wave3-archive,pending-recheck
mt-baker-legendary-banked-slalom--2013,banked-slalom,masters,Mid Masters,,masters,unspecified,Sunday Finals,3,Erick Vines,,1:39.914,"Hometown as printed: Butte, Montana [citation pending re-check: the value was verified against the archived page by QA, but the recorded snapshot URL has not been confirmed to resolve]",https://web.archive.org/web/20130215111704/http://lbs.mtbaker.us/index.php/results/finals/mid-maste,verified,wave3-archive,pending-recheck
mt-baker-legendary-banked-slalom--2013,banked-slalom,masters,Pro Masters,,masters,unspecified,Sunday Finals,3,Billy Anderson,,1:38.628,"Hometown as printed: Mammoth, California [citation pending re-check: the value was verified against the archived page by QA, but the recorded snapshot URL has not been confirmed to resolve]",https://web.archive.org/web/20130220121648/http://lbs.mtbaker.us/index.php/results/finals/pro-masters,verified,wave3-archive,pending-recheck
mt-baker-legendary-banked-slalom--2013,banked-slalom,masters,Pro Women Masters,,masters,women,Sunday Finals,3,Barrett Christy Cummins,,1:45.331,"Hometown as printed: Sequim, Washington [citation pending re-check: the value was verified against the archived page by QA, but the recorded snapshot URL has not been confirmed to resolve]",https://web.archive.org/web/20130215111802/http://lbs.mtbaker.us/index.php/results/finals/pro-women-maste,verified,wave3-archive,pending-recheck
mt-baker-legendary-banked-slalom--2013,banked-slalom,masters,Women Masters,,masters,women,Sunday Finals,3,Sarah Taylor,,1:48.830,"Hometown as printed: Girdwood, Alaska [citation pending re-check: the value was verified against the archived page by QA, but the recorded snapshot URL has not been confirmed to resolve]",https://web.archive.org/web/20130216011858/http://lbs.mtbaker.us/index.php/results/finals/women-master,verified,wave3-archive,pending-recheck
mt-baker-legendary-banked-slalom--2013,banked-slalom,pro,Pro Men,,pro,men,Sunday Finals,1,Seth Wescott,,1:33.221,"Hometown as printed: Carrabassett, Maine [citation pending re-check: the value was verified against the archived page by QA, but the recorded snapshot URL has not been confirmed to resolve]",https://web.archive.org/web/20130216005405/http://lbs.mtbaker.us/index.php/results/finals/pro-me,verified,wave3-archive,pending-recheck
mt-baker-legendary-banked-slalom--2013,banked-slalom,pro,Pro Women,,pro,women,Sunday Finals,1,Maelle Ricker,,1:37.065,"Hometown as printed: Squamish, British Columbia [citation pending re-check: the value was verified against the archived page by QA, but the recorded snapshot URL has not been confirmed to resolve]",https://web.archive.org/web/20130215111808/http://lbs.mtbaker.us/index.php/results/finals/pro-women,verified,wave3-archive,pending-recheck
mt-baker-legendary-banked-slalom--2013,banked-slalom,pro,Pro Men,,pro,men,Sunday Finals,2,Graham Watanabe,,1:33.801,"Hometown as printed: Hailey, Idaho [citation pending re-check: the value was verified against the archived page by QA, but the recorded snapshot URL has not been confirmed to resolve]",https://web.archive.org/web/20130216005405/http://lbs.mtbaker.us/index.php/results/finals/pro-me,verified,wave3-archive,pending-recheck
mt-baker-legendary-banked-slalom--2013,banked-slalom,pro,Pro Women,,pro,women,Sunday Finals,2,Laura Hadar,,1:40.000,"Hometown as printed: carbondale, Colorado [citation pending re-check: the value was verified against the archived page by QA, but the recorded snapshot URL has not been confirmed to resolve]",https://web.archive.org/web/20130215111808/http://lbs.mtbaker.us/index.php/results/finals/pro-women,verified,wave3-archive,pending-recheck
mt-baker-legendary-banked-slalom--2013,banked-slalom,pro,Pro Men,,pro,men,Sunday Finals,3,Jason Robinson,,1:34.045,"Hometown as printed: Kalispell, Montana [citation pending re-check: the value was verified against the archived page by QA, but the recorded snapshot URL has not been confirmed to resolve]",https://web.archive.org/web/20130216005405/http://lbs.mtbaker.us/index.php/results/finals/pro-me,verified,wave3-archive,pending-recheck
mt-baker-legendary-banked-slalom--2013,banked-slalom,pro,Pro Women,,pro,women,Sunday Finals,3,Dominique Vallee,,1:43.508,"Hometown as printed: Vancouver, British Columbia [citation pending re-check: the value was verified against the archived page by QA, but the recorded snapshot URL has not been confirmed to resolve]",https://web.archive.org/web/20130215111808/http://lbs.mtbaker.us/index.php/results/finals/pro-women,verified,wave3-archive,pending-recheck
mt-baker-legendary-banked-slalom--2014,banked-slalom,am,Older Amateurs,,amateur,unspecified,Sunday Finals,1,Spencer Cordovano,,1:51.20,"[citation pending re-check: the value was verified against the archived page by QA, but the recorded snapshot URL has not been confirmed to resolve]",https://web.archive.org/web/20140309132556/http://lbs.mtbaker.us/index.php/results1/results-2014/finals/older-amateurs,verified,wave3-archive,pending-recheck
mt-baker-legendary-banked-slalom--2014,banked-slalom,am,Women Amateurs,,amateur,women,Sunday Finals,1,Martina Nemcova,,2:03.42,"[citation pending re-check: the value was verified against the archived page by QA, but the recorded snapshot URL has not been confirmed to resolve]",https://web.archive.org/web/20140304094833/http://lbs.mtbaker.us/index.php/results1/results-2014/finals/women-amateurs,verified,wave3-archive,pending-recheck
mt-baker-legendary-banked-slalom--2014,banked-slalom,am,Older Amateurs,,amateur,unspecified,Sunday Finals,2,Chad Cremers,,1:53.37,"[citation pending re-check: the value was verified against the archived page by QA, but the recorded snapshot URL has not been confirmed to resolve]",https://web.archive.org/web/20140309132556/http://lbs.mtbaker.us/index.php/results1/results-2014/finals/older-amateurs,verified,wave3-archive,pending-recheck
mt-baker-legendary-banked-slalom--2014,banked-slalom,am,Women Amateurs,,amateur,women,Sunday Finals,2,Rel Friedman,,2:04.99,"[citation pending re-check: the value was verified against the archived page by QA, but the recorded snapshot URL has not been confirmed to resolve]",https://web.archive.org/web/20140304094833/http://lbs.mtbaker.us/index.php/results1/results-2014/finals/women-amateurs,verified,wave3-archive,pending-recheck
mt-baker-legendary-banked-slalom--2014,banked-slalom,am,Older Amateurs,,amateur,unspecified,Sunday Finals,3,Adam Drost,,1:55.47,"[citation pending re-check: the value was verified against the archived page by QA, but the recorded snapshot URL has not been confirmed to resolve]",https://web.archive.org/web/20140309132556/http://lbs.mtbaker.us/index.php/results1/results-2014/finals/older-amateurs,verified,wave3-archive,pending-recheck
mt-baker-legendary-banked-slalom--2014,banked-slalom,am,Women Amateurs,,amateur,women,Sunday Finals,3,Isabella Gomez,,2:07.71,"[citation pending re-check: the value was verified against the archived page by QA, but the recorded snapshot URL has not been confirmed to resolve]",https://web.archive.org/web/20140304094833/http://lbs.mtbaker.us/index.php/results1/results-2014/finals/women-amateurs,verified,wave3-archive,pending-recheck
mt-baker-legendary-banked-slalom--2014,banked-slalom,groms,Next Generation,,grom,unspecified,Sunday Finals,1,Jaydn Chomlack,,2:07.76,"[citation pending re-check: the value was verified against the archived page by QA, but the recorded snapshot URL has not been confirmed to resolve]",https://web.archive.org/web/20151109153940/http://lbs.mtbaker.us/index.php/results1/results-2014/finals/next-generation,verified,wave3-archive,pending-recheck
mt-baker-legendary-banked-slalom--2014,banked-slalom,groms,Next Generation,,grom,unspecified,Sunday Finals,2,Mac Malkoski,,2:08.99,"[citation pending re-check: the value was verified against the archived page by QA, but the recorded snapshot URL has not been confirmed to resolve]",https://web.archive.org/web/20151109153940/http://lbs.mtbaker.us/index.php/results1/results-2014/finals/next-generation,verified,wave3-archive,pending-recheck
mt-baker-legendary-banked-slalom--2014,banked-slalom,groms,Next Generation,,grom,unspecified,Sunday Finals,3,Zakk Harman,,2:11.15,"[citation pending re-check: the value was verified against the archived page by QA, but the recorded snapshot URL has not been confirmed to resolve]",https://web.archive.org/web/20151109153940/http://lbs.mtbaker.us/index.php/results1/results-2014/finals/next-generation,verified,wave3-archive,pending-recheck
mt-baker-legendary-banked-slalom--2014,banked-slalom,juniors,Juniors,,junior,unspecified,Sunday Finals,1,Hank Kennedy,,1:54.02,"[citation pending re-check: the value was verified against the archived page by QA, but the recorded snapshot URL has not been confirmed to resolve]",https://web.archive.org/web/20151108154529/http://lbs.mtbaker.us/index.php/results1/results-2014/finals/juniors,verified,wave3-archive,pending-recheck
mt-baker-legendary-banked-slalom--2014,banked-slalom,juniors,Younger Amateurs,,junior,unspecified,Sunday Finals,1,Jacob Krugmire,,1:57.66,"[citation pending re-check: the value was verified against the archived page by QA, but the recorded snapshot URL has not been confirmed to resolve]",https://web.archive.org/web/20151109154927/http://lbs.mtbaker.us/index.php/results1/results-2014/finals/younger-amateurs,verified,wave3-archive,pending-recheck
mt-baker-legendary-banked-slalom--2014,banked-slalom,juniors,Juniors,,junior,unspecified,Sunday Finals,2,Cody Warble,,1:55.34,"[citation pending re-check: the value was verified against the archived page by QA, but the recorded snapshot URL has not been confirmed to resolve]",https://web.archive.org/web/20151108154529/http://lbs.mtbaker.us/index.php/results1/results-2014/finals/juniors,verified,wave3-archive,pending-recheck
mt-baker-legendary-banked-slalom--2014,banked-slalom,juniors,Younger Amateurs,,junior,unspecified,Sunday Finals,2,Jackson Scanlan,,2:00.65,"[citation pending re-check: the value was verified against the archived page by QA, but the recorded snapshot URL has not been confirmed to resolve]",https://web.archive.org/web/20151109154927/http://lbs.mtbaker.us/index.php/results1/results-2014/finals/younger-amateurs,verified,wave3-archive,pending-recheck
mt-baker-legendary-banked-slalom--2014,banked-slalom,juniors,Juniors,,junior,unspecified,Sunday Finals,3,Keala Cole,,1:56.70,"[citation pending re-check: the value was verified against the archived page by QA, but the recorded snapshot URL has not been confirmed to resolve]",https://web.archive.org/web/20151108154529/http://lbs.mtbaker.us/index.php/results1/results-2014/finals/juniors,verified,wave3-archive,pending-recheck
mt-baker-legendary-banked-slalom--2014,banked-slalom,juniors,Younger Amateurs,,junior,unspecified,Sunday Finals,3,Odin Barnett,,2:01.50,"[citation pending re-check: the value was verified against the archived page by QA, but the recorded snapshot URL has not been confirmed to resolve]",https://web.archive.org/web/20151109154927/http://lbs.mtbaker.us/index.php/results1/results-2014/finals/younger-amateurs,verified,wave3-archive,pending-recheck
mt-baker-legendary-banked-slalom--2014,banked-slalom,masters,Grand Masters,,masters,unspecified,Sunday Finals,1,Jay Moore,,2:01.01,"[citation pending re-check: the value was verified against the archived page by QA, but the recorded snapshot URL has not been confirmed to resolve]",https://web.archive.org/web/20140304100117/http://lbs.mtbaker.us/index.php/results1/results-2014/finals/grand-masters,verified,wave3-archive,pending-recheck
mt-baker-legendary-banked-slalom--2014,banked-slalom,masters,Masters,,masters,unspecified,Sunday Finals,1,Scott Reynolds,,1:51.67,"[citation pending re-check: the value was verified against the archived page by QA, but the recorded snapshot URL has not been confirmed to resolve]",https://web.archive.org/web/20140304100125/http://lbs.mtbaker.us/index.php/results1/results-2014/finals/masters,verified,wave3-archive,pending-recheck
mt-baker-legendary-banked-slalom--2014,banked-slalom,masters,Mid Masters,,masters,unspecified,Sunday Finals,1,Tim Gallagher,,1:58.35,"[citation pending re-check: the value was verified against the archived page by QA, but the recorded snapshot URL has not been confirmed to resolve]",https://web.archive.org/web/20151109154903/http://lbs.mtbaker.us/index.php/results1/results-2014/finals/mid-masters,verified,wave3-archive,pending-recheck
mt-baker-legendary-banked-slalom--2014,banked-slalom,masters,Pro Masters,,masters,unspecified,Sunday Finals,1,Pat Abramson,,1:50.48,"[citation pending re-check: the value was verified against the archived page by QA, but the recorded snapshot URL has not been confirmed to resolve]",https://web.archive.org/web/20140304094623/http://lbs.mtbaker.us/index.php/results1/results-2014/finals/pro-masters,verified,wave3-archive,pending-recheck
mt-baker-legendary-banked-slalom--2014,banked-slalom,masters,Pro Women Masters,,masters,women,Sunday Finals,1,Marni Yamada,,2:02.64,"[citation pending re-check: the value was verified against the archived page by QA, but the recorded snapshot URL has not been confirmed to resolve]",https://web.archive.org/web/20151107211131/http://lbs.mtbaker.us/index.php/results1/results-2014/finals/pro-women-masters,verified,wave3-archive,pending-recheck
mt-baker-legendary-banked-slalom--2014,banked-slalom,masters,Women Masters,,masters,women,Sunday Finals,1,Kelly Edmonds,,2:09.33,"[citation pending re-check: the value was verified against the archived page by QA, but the recorded snapshot URL has not been confirmed to resolve]",https://web.archive.org/web/20140304100327/http://lbs.mtbaker.us/index.php/results1/results-2014/finals/women-master,verified,wave3-archive,pending-recheck
mt-baker-legendary-banked-slalom--2014,banked-slalom,masters,Grand Masters,,masters,unspecified,Sunday Finals,2,Luke Edgar,,2:05.43,"[citation pending re-check: the value was verified against the archived page by QA, but the recorded snapshot URL has not been confirmed to resolve]",https://web.archive.org/web/20140304100117/http://lbs.mtbaker.us/index.php/results1/results-2014/finals/grand-masters,verified,wave3-archive,pending-recheck
mt-baker-legendary-banked-slalom--2014,banked-slalom,masters,Masters,,masters,unspecified,Sunday Finals,2,Chris Bowlin,,1:51.78,"[citation pending re-check: the value was verified against the archived page by QA, but the recorded snapshot URL has not been confirmed to resolve]",https://web.archive.org/web/20140304100125/http://lbs.mtbaker.us/index.php/results1/results-2014/finals/masters,verified,wave3-archive,pending-recheck
mt-baker-legendary-banked-slalom--2014,banked-slalom,masters,Mid Masters,,masters,unspecified,Sunday Finals,2,Mike Cummins,,1:59.58,"[citation pending re-check: the value was verified against the archived page by QA, but the recorded snapshot URL has not been confirmed to resolve]",https://web.archive.org/web/20151109154903/http://lbs.mtbaker.us/index.php/results1/results-2014/finals/mid-masters,verified,wave3-archive,pending-recheck
mt-baker-legendary-banked-slalom--2014,banked-slalom,masters,Pro Masters,,masters,unspecified,Sunday Finals,2,Blue Montgomery,,1:50.71,"[citation pending re-check: the value was verified against the archived page by QA, but the recorded snapshot URL has not been confirmed to resolve]",https://web.archive.org/web/20140304094623/http://lbs.mtbaker.us/index.php/results1/results-2014/finals/pro-masters,verified,wave3-archive,pending-recheck
mt-baker-legendary-banked-slalom--2014,banked-slalom,masters,Pro Women Masters,,masters,women,Sunday Finals,2,Sarris McComb,,2:04.55,"[citation pending re-check: the value was verified against the archived page by QA, but the recorded snapshot URL has not been confirmed to resolve]",https://web.archive.org/web/20151107211131/http://lbs.mtbaker.us/index.php/results1/results-2014/finals/pro-women-masters,verified,wave3-archive,pending-recheck
mt-baker-legendary-banked-slalom--2014,banked-slalom,masters,Women Masters,,masters,women,Sunday Finals,2,Sarah Taylor,,2:12.94,"[citation pending re-check: the value was verified against the archived page by QA, but the recorded snapshot URL has not been confirmed to resolve]",https://web.archive.org/web/20140304100327/http://lbs.mtbaker.us/index.php/results1/results-2014/finals/women-master,verified,wave3-archive,pending-recheck
mt-baker-legendary-banked-slalom--2014,banked-slalom,masters,Grand Masters,,masters,unspecified,Sunday Finals,3,John Woods,,2:19.71,"[citation pending re-check: the value was verified against the archived page by QA, but the recorded snapshot URL has not been confirmed to resolve]",https://web.archive.org/web/20140304100117/http://lbs.mtbaker.us/index.php/results1/results-2014/finals/grand-masters,verified,wave3-archive,pending-recheck
mt-baker-legendary-banked-slalom--2014,banked-slalom,masters,Masters,,masters,unspecified,Sunday Finals,3,Mathew Galina,,1:51.97,"[citation pending re-check: the value was verified against the archived page by QA, but the recorded snapshot URL has not been confirmed to resolve]",https://web.archive.org/web/20140304100125/http://lbs.mtbaker.us/index.php/results1/results-2014/finals/masters,verified,wave3-archive,pending-recheck
mt-baker-legendary-banked-slalom--2014,banked-slalom,masters,Mid Masters,,masters,unspecified,Sunday Finals,3,Waylon Edwards,,2:00.51,"[citation pending re-check: the value was verified against the archived page by QA, but the recorded snapshot URL has not been confirmed to resolve]",https://web.archive.org/web/20151109154903/http://lbs.mtbaker.us/index.php/results1/results-2014/finals/mid-masters,verified,wave3-archive,pending-recheck
mt-baker-legendary-banked-slalom--2014,banked-slalom,masters,Pro Masters,,masters,unspecified,Sunday Finals,3,Marcel Dolak,,1:52.79,"[citation pending re-check: the value was verified against the archived page by QA, but the recorded snapshot URL has not been confirmed to resolve]",https://web.archive.org/web/20140304094623/http://lbs.mtbaker.us/index.php/results1/results-2014/finals/pro-masters,verified,wave3-archive,pending-recheck
mt-baker-legendary-banked-slalom--2014,banked-slalom,masters,Pro Women Masters,,masters,women,Sunday Finals,3,Barrett Cummins,,2:05.87,"[citation pending re-check: the value was verified against the archived page by QA, but the recorded snapshot URL has not been confirmed to resolve]",https://web.archive.org/web/20151107211131/http://lbs.mtbaker.us/index.php/results1/results-2014/finals/pro-women-masters,verified,wave3-archive,pending-recheck
mt-baker-legendary-banked-slalom--2014,banked-slalom,masters,Women Masters,,masters,women,Sunday Finals,3,Christine Zander,,2:14.39,"[citation pending re-check: the value was verified against the archived page by QA, but the recorded snapshot URL has not been confirmed to resolve]",https://web.archive.org/web/20140304100327/http://lbs.mtbaker.us/index.php/results1/results-2014/finals/women-master,verified,wave3-archive,pending-recheck
mt-baker-legendary-banked-slalom--2014,banked-slalom,pro,Pro Men,,pro,men,Sunday Finals,1,Harry Kearney,,1:43.35,"[citation pending re-check: the value was verified against the archived page by QA, but the recorded snapshot URL has not been confirmed to resolve]",https://web.archive.org/web/20151109145810/http://lbs.mtbaker.us/index.php/results1/results-2014/finals/pro-men,verified,wave3-archive,pending-recheck
mt-baker-legendary-banked-slalom--2014,banked-slalom,pro,Pro Women,,pro,women,Sunday Finals,1,Marie-France Roy,,2:00.78,"[citation pending re-check: the value was verified against the archived page by QA, but the recorded snapshot URL has not been confirmed to resolve]",https://web.archive.org/web/20140304173259/http://lbs.mtbaker.us/index.php/results1/results-2014/finals/pro-women,verified,wave3-archive,pending-recheck
mt-baker-legendary-banked-slalom--2014,banked-slalom,pro,Pro Men,,pro,men,Sunday Finals,2,Sylvain Duclos,,1:44.18,"[citation pending re-check: the value was verified against the archived page by QA, but the recorded snapshot URL has not been confirmed to resolve]",https://web.archive.org/web/20151109145810/http://lbs.mtbaker.us/index.php/results1/results-2014/finals/pro-men,verified,wave3-archive,pending-recheck
mt-baker-legendary-banked-slalom--2014,banked-slalom,pro,Pro Women,,pro,women,Sunday Finals,2,Dominique Vallee,,2:01.15,"[citation pending re-check: the value was verified against the archived page by QA, but the recorded snapshot URL has not been confirmed to resolve]",https://web.archive.org/web/20140304173259/http://lbs.mtbaker.us/index.php/results1/results-2014/finals/pro-women,verified,wave3-archive,pending-recheck
mt-baker-legendary-banked-slalom--2014,banked-slalom,pro,Pro Men,,pro,men,Sunday Finals,3,Seth Wescott,,1:45.87,"[citation pending re-check: the value was verified against the archived page by QA, but the recorded snapshot URL has not been confirmed to resolve]",https://web.archive.org/web/20151109145810/http://lbs.mtbaker.us/index.php/results1/results-2014/finals/pro-men,verified,wave3-archive,pending-recheck
mt-baker-legendary-banked-slalom--2014,banked-slalom,pro,Pro Women,,pro,women,Sunday Finals,3,Naoko Araki,,2:02.33,"[citation pending re-check: the value was verified against the archived page by QA, but the recorded snapshot URL has not been confirmed to resolve]",https://web.archive.org/web/20140304173259/http://lbs.mtbaker.us/index.php/results1/results-2014/finals/pro-women,verified,wave3-archive,pending-recheck
mt-baker-legendary-banked-slalom--2016,banked-slalom,am,Older Amateurs,,amateur,unspecified,Sunday Finals,1,Spencer Cordovano,,2:06.62,"Hometown as printed: Near Sun Valley, ID [citation pending re-check: the value was verified against the archived page by QA, but the recorded snapshot URL has not been confirmed to resolve]",https://web.archive.org/web/20160326193820/http://lbs.mtbaker.us/index.php/results/Finals-results-Sunday/older-amateurs,verified,wave3-archive,pending-recheck
mt-baker-legendary-banked-slalom--2016,banked-slalom,am,Women Amateurs,,amateur,women,Sunday Finals,1,Isabella Gomez,,2:16.88,"Hometown as printed: Issaquah, WA [citation pending re-check: the value was verified against the archived page by QA, but the recorded snapshot URL has not been confirmed to resolve]",https://web.archive.org/web/20160326193053/http://lbs.mtbaker.us/index.php/results/Finals-results-Sunday/women-amateurs,verified,wave3-archive,pending-recheck
mt-baker-legendary-banked-slalom--2016,banked-slalom,am,Older Amateurs,,amateur,unspecified,Sunday Finals,2,Tom Honey,,2:08.18,"Hometown as printed: Kelowna [citation pending re-check: the value was verified against the archived page by QA, but the recorded snapshot URL has not been confirmed to resolve]",https://web.archive.org/web/20160326193820/http://lbs.mtbaker.us/index.php/results/Finals-results-Sunday/older-amateurs,verified,wave3-archive,pending-recheck
mt-baker-legendary-banked-slalom--2016,banked-slalom,am,Women Amateurs,,amateur,women,Sunday Finals,2,Madison Blackley,,2:19.32,"Hometown as printed: Park City, UT [citation pending re-check: the value was verified against the archived page by QA, but the recorded snapshot URL has not been confirmed to resolve]",https://web.archive.org/web/20160326193053/http://lbs.mtbaker.us/index.php/results/Finals-results-Sunday/women-amateurs,verified,wave3-archive,pending-recheck
mt-baker-legendary-banked-slalom--2016,banked-slalom,am,Older Amateurs,,amateur,unspecified,Sunday Finals,3,Tanner McCarty,,2:08.53,"Hometown as printed: Seattle, WA [citation pending re-check: the value was verified against the archived page by QA, but the recorded snapshot URL has not been confirmed to resolve]",https://web.archive.org/web/20160326193820/http://lbs.mtbaker.us/index.php/results/Finals-results-Sunday/older-amateurs,verified,wave3-archive,pending-recheck
mt-baker-legendary-banked-slalom--2016,banked-slalom,am,Women Amateurs,,amateur,women,Sunday Finals,3,Myriam Foster,,2:19.68,"Hometown as printed: Calgary, AB [citation pending re-check: the value was verified against the archived page by QA, but the recorded snapshot URL has not been confirmed to resolve]",https://web.archive.org/web/20160326193053/http://lbs.mtbaker.us/index.php/results/Finals-results-Sunday/women-amateurs,verified,wave3-archive,pending-recheck
mt-baker-legendary-banked-slalom--2016,banked-slalom,groms,Next Generation Boys,,grom,men,Sunday Finals,1,Tosh Krauskopf,,2:18.52,"Hometown as printed: Smithers, BC",https://web.archive.org/web/20160226001055/http://lbs.mtbaker.us/index.php/results/Finals-results-Sunday/next-generation-juniors,verified,wave3-archive,repaired-verified
mt-baker-legendary-banked-slalom--2016,banked-slalom,groms,Next Generation Girls,,grom,women,Sunday Finals,1,Juliette Pelchat,,2:30.73,"Hometown as printed: whistler, BC",https://web.archive.org/web/20160226001055/http://lbs.mtbaker.us/index.php/results/Finals-results-Sunday/next-generation-juniors,verified,wave3-archive,repaired-verified
mt-baker-legendary-banked-slalom--2016,banked-slalom,groms,Next Generation Boys,,grom,men,Sunday Finals,2,Cannon Cummins,,2:19.23,"Hometown as printed: Sequim, WA",https://web.archive.org/web/20160226001055/http://lbs.mtbaker.us/index.php/results/Finals-results-Sunday/next-generation-juniors,verified,wave3-archive,repaired-verified
mt-baker-legendary-banked-slalom--2016,banked-slalom,groms,Next Generation Girls,,grom,women,Sunday Finals,2,Maggie Crompton,,2:31.42,"Hometown as printed: Whistler, BC",https://web.archive.org/web/20160226001055/http://lbs.mtbaker.us/index.php/results/Finals-results-Sunday/next-generation-juniors,verified,wave3-archive,repaired-verified
mt-baker-legendary-banked-slalom--2016,banked-slalom,groms,Next Generation Boys,,grom,men,Sunday Finals,3,Caleb Chomlack,,2:20.34,"Hometown as printed: Whistler, BC",https://web.archive.org/web/20160226001055/http://lbs.mtbaker.us/index.php/results/Finals-results-Sunday/next-generation-juniors,verified,wave3-archive,repaired-verified
mt-baker-legendary-banked-slalom--2016,banked-slalom,groms,Next Generation Girls,,grom,women,Sunday Finals,3,Madrona Raney,,2:39.45,"Hometown as printed: Bainbridge Island, WA",https://web.archive.org/web/20160226001055/http://lbs.mtbaker.us/index.php/results/Finals-results-Sunday/next-generation-juniors,verified,wave3-archive,repaired-verified
mt-baker-legendary-banked-slalom--2016,banked-slalom,juniors,Junior Boys,,junior,men,Sunday Finals,1,Milo Malkoski,,2:11.86,"Hometown as printed: Seattle, WA",https://web.archive.org/web/20160226001055/http://lbs.mtbaker.us/index.php/results/Finals-results-Sunday/next-generation-juniors,verified,wave3-archive,repaired-verified
mt-baker-legendary-banked-slalom--2016,banked-slalom,juniors,Junior Girls,,junior,women,Sunday Finals,1,Kaitlyn Peterson,,2:34.15,"Hometown as printed: Smithers, BC",https://web.archive.org/web/20160226001055/http://lbs.mtbaker.us/index.php/results/Finals-results-Sunday/next-generation-juniors,verified,wave3-archive,repaired-verified
mt-baker-legendary-banked-slalom--2016,banked-slalom,juniors,Younger Amateurs,,junior,unspecified,Sunday Finals,1,Lucas Foster,,2:09.84,"Hometown as printed: Telluride, CO [citation pending re-check: the value was verified against the archived page by QA, but the recorded snapshot URL has not been confirmed to resolve]",https://web.archive.org/web/20160326193820/http://lbs.mtbaker.us/index.php/results/Finals-results-Sunday/older-amateurs,verified,wave3-archive,pending-recheck
mt-baker-legendary-banked-slalom--2016,banked-slalom,juniors,Junior Boys,,junior,men,Sunday Finals,2,Peter Danner,,2:13.79,"Hometown as printed: Telluride, CO",https://web.archive.org/web/20160226001055/http://lbs.mtbaker.us/index.php/results/Finals-results-Sunday/next-generation-juniors,verified,wave3-archive,repaired-verified
mt-baker-legendary-banked-slalom--2016,banked-slalom,juniors,Junior Girls,,junior,women,Sunday Finals,2,Hayley Houston,,2:40.77,"Hometown as printed: Woodinville, WA",https://web.archive.org/web/20160226001055/http://lbs.mtbaker.us/index.php/results/Finals-results-Sunday/next-generation-juniors,verified,wave3-archive,repaired-verified
mt-baker-legendary-banked-slalom--2016,banked-slalom,juniors,Younger Amateurs,,junior,unspecified,Sunday Finals,2,Drayden Gardner,,2:12.24,"Hometown as printed: Big Bear Lake, CA [citation pending re-check: the value was verified against the archived page by QA, but the recorded snapshot URL has not been confirmed to resolve]",https://web.archive.org/web/20160326193820/http://lbs.mtbaker.us/index.php/results/Finals-results-Sunday/older-amateurs,verified,wave3-archive,pending-recheck
mt-baker-legendary-banked-slalom--2016,banked-slalom,juniors,Junior Boys,,junior,men,Sunday Finals,3,Finn Finestone,,2:16.89,"Hometown as printed: Whistler, BC",https://web.archive.org/web/20160226001055/http://lbs.mtbaker.us/index.php/results/Finals-results-Sunday/next-generation-juniors,verified,wave3-archive,repaired-verified
mt-baker-legendary-banked-slalom--2016,banked-slalom,juniors,Junior Girls,,junior,women,Sunday Finals,3,Nina Burt,,2:48.48,"Hometown as printed: Kings Beach, CA",https://web.archive.org/web/20160226001055/http://lbs.mtbaker.us/index.php/results/Finals-results-Sunday/next-generation-juniors,verified,wave3-archive,repaired-verified
mt-baker-legendary-banked-slalom--2016,banked-slalom,juniors,Younger Amateurs,,junior,unspecified,Sunday Finals,3,Hank Kennedy,,2:12.51,"Hometown as printed: Glacier, WA [citation pending re-check: the value was verified against the archived page by QA, but the recorded snapshot URL has not been confirmed to resolve]",https://web.archive.org/web/20160326193820/http://lbs.mtbaker.us/index.php/results/Finals-results-Sunday/older-amateurs,verified,wave3-archive,pending-recheck
mt-baker-legendary-banked-slalom--2016,banked-slalom,masters,Grand Masters,,masters,unspecified,Sunday Finals,1,Pete Saari,,2:18.40,"Hometown as printed: Port Angeles, WA [citation pending re-check: the value was verified against the archived page by QA, but the recorded snapshot URL has not been confirmed to resolve]",https://web.archive.org/web/20160326193402/http://lbs.mtbaker.us/index.php/results/Finals-results-Sunday/grand-masters,verified,wave3-archive,pending-recheck
mt-baker-legendary-banked-slalom--2016,banked-slalom,masters,Masters Men,,masters,men,Sunday Finals,1,Chris Bowlin,,2:05.96,"Hometown as printed: Bellingham, WA [citation pending re-check: the value was verified against the archived page by QA, but the recorded snapshot URL has not been confirmed to resolve]",https://web.archive.org/web/20160326191247/http://lbs.mtbaker.us/index.php/results/Finals-results-Sunday/masters-men,verified,wave3-archive,pending-recheck
mt-baker-legendary-banked-slalom--2016,banked-slalom,masters,Mid Masters,,masters,unspecified,Sunday Finals,1,Chris Ankeny,,2:13.06,"Hometown as printed: Pemberton [citation pending re-check: the value was verified against the archived page by QA, but the recorded snapshot URL has not been confirmed to resolve]",https://web.archive.org/web/20160326192413/http://lbs.mtbaker.us/index.php/results/Finals-results-Sunday/mid-masters,verified,wave3-archive,pending-recheck
mt-baker-legendary-banked-slalom--2016,banked-slalom,masters,Pro Masters Men,,masters,men,Sunday Finals,1,Rob Kingwill,,1:43.77,"Hometown as printed: Jackson [citation pending re-check: the value was verified against the archived page by QA, but the recorded snapshot URL has not been confirmed to resolve]",https://web.archive.org/web/20160326193804/http://lbs.mtbaker.us/index.php/results/Finals-results-Sunday/pro-masters,verified,wave3-archive,pending-recheck
mt-baker-legendary-banked-slalom--2016,banked-slalom,masters,Pro Masters Women,,masters,women,Sunday Finals,1,Marni Yamada,,1:53.96,"Hometown as printed: Shoreline, WA [citation pending re-check: the value was verified against the archived page by QA, but the recorded snapshot URL has not been confirmed to resolve]",https://web.archive.org/web/20160326193804/http://lbs.mtbaker.us/index.php/results/Finals-results-Sunday/pro-masters,verified,wave3-archive,pending-recheck
mt-baker-legendary-banked-slalom--2016,banked-slalom,masters,Super Masters,,masters,unspecified,Sunday Finals,1,Kevin Boyce,,2:42.53,"Hometown as printed: Bellingham, WA [citation pending re-check: the value was verified against the archived page by QA, but the recorded snapshot URL has not been confirmed to resolve]",https://web.archive.org/web/20160326193402/http://lbs.mtbaker.us/index.php/results/Finals-results-Sunday/grand-masters,verified,wave3-archive,pending-recheck
mt-baker-legendary-banked-slalom--2016,banked-slalom,masters,Women Masters,,masters,women,Sunday Finals,1,Tanya Simonson,,2:18.31,"Hometown as printed: Big Sky [citation pending re-check: the value was verified against the archived page by QA, but the recorded snapshot URL has not been confirmed to resolve]",https://web.archive.org/web/20160326193053/http://lbs.mtbaker.us/index.php/results/Finals-results-Sunday/women-amateurs,verified,wave3-archive,pending-recheck
mt-baker-legendary-banked-slalom--2016,banked-slalom,masters,Grand Masters,,masters,unspecified,Sunday Finals,2,Luke Edgar,,2:19.61,"Hometown as printed: Park City, UT [citation pending re-check: the value was verified against the archived page by QA, but the recorded snapshot URL has not been confirmed to resolve]",https://web.archive.org/web/20160326193402/http://lbs.mtbaker.us/index.php/results/Finals-results-Sunday/grand-masters,verified,wave3-archive,pending-recheck
mt-baker-legendary-banked-slalom--2016,banked-slalom,masters,Masters Men,,masters,men,Sunday Finals,2,Mathew Galina,,2:08.27,"Hometown as printed: Whitby, ON [citation pending re-check: the value was verified against the archived page by QA, but the recorded snapshot URL has not been confirmed to resolve]",https://web.archive.org/web/20160326191247/http://lbs.mtbaker.us/index.php/results/Finals-results-Sunday/masters-men,verified,wave3-archive,pending-recheck
mt-baker-legendary-banked-slalom--2016,banked-slalom,masters,Mid Masters,,masters,unspecified,Sunday Finals,2,Gabe Langlois,,2:13.77,"Hometown as printed: Pemberton, BC [citation pending re-check: the value was verified against the archived page by QA, but the recorded snapshot URL has not been confirmed to resolve]",https://web.archive.org/web/20160326192413/http://lbs.mtbaker.us/index.php/results/Finals-results-Sunday/mid-masters,verified,wave3-archive,pending-recheck
mt-baker-legendary-banked-slalom--2016,banked-slalom,masters,Pro Masters Men,,masters,men,Sunday Finals,2,Mark Fawcett,,1:47.25,"Hometown as printed: Nelson [citation pending re-check: the value was verified against the archived page by QA, but the recorded snapshot URL has not been confirmed to resolve]",https://web.archive.org/web/20160326193804/http://lbs.mtbaker.us/index.php/results/Finals-results-Sunday/pro-masters,verified,wave3-archive,pending-recheck
mt-baker-legendary-banked-slalom--2016,banked-slalom,masters,Pro Masters Women,,masters,women,Sunday Finals,2,Sarris McComb,,1:57.04,"Hometown as printed: Missoula, MT [citation pending re-check: the value was verified against the archived page by QA, but the recorded snapshot URL has not been confirmed to resolve]",https://web.archive.org/web/20160326193804/http://lbs.mtbaker.us/index.php/results/Finals-results-Sunday/pro-masters,verified,wave3-archive,pending-recheck
mt-baker-legendary-banked-slalom--2016,banked-slalom,masters,Super Masters,,masters,unspecified,Sunday Finals,2,Bob Satushek,,2:54.57,"Hometown as printed: Deming, WA [citation pending re-check: the value was verified against the archived page by QA, but the recorded snapshot URL has not been confirmed to resolve]",https://web.archive.org/web/20160326193402/http://lbs.mtbaker.us/index.php/results/Finals-results-Sunday/grand-masters,verified,wave3-archive,pending-recheck
mt-baker-legendary-banked-slalom--2016,banked-slalom,masters,Women Masters,,masters,women,Sunday Finals,2,Rel Friedman,,2:19.49,"Hometown as printed: Claremont, CA [citation pending re-check: the value was verified against the archived page by QA, but the recorded snapshot URL has not been confirmed to resolve]",https://web.archive.org/web/20160326193053/http://lbs.mtbaker.us/index.php/results/Finals-results-Sunday/women-amateurs,verified,wave3-archive,pending-recheck
mt-baker-legendary-banked-slalom--2016,banked-slalom,masters,Grand Masters,,masters,unspecified,Sunday Finals,3,Ken Achenbach,,2:19.93,"Hometown as printed: Whistler, BC [citation pending re-check: the value was verified against the archived page by QA, but the recorded snapshot URL has not been confirmed to resolve]",https://web.archive.org/web/20160326193402/http://lbs.mtbaker.us/index.php/results/Finals-results-Sunday/grand-masters,verified,wave3-archive,pending-recheck
mt-baker-legendary-banked-slalom--2016,banked-slalom,masters,Masters Men,,masters,men,Sunday Finals,3,Scott Reynolds,,2:08.69,"Hometown as printed: Rossland, BC [citation pending re-check: the value was verified against the archived page by QA, but the recorded snapshot URL has not been confirmed to resolve]",https://web.archive.org/web/20160326191247/http://lbs.mtbaker.us/index.php/results/Finals-results-Sunday/masters-men,verified,wave3-archive,pending-recheck
mt-baker-legendary-banked-slalom--2016,banked-slalom,masters,Mid Masters,,masters,unspecified,Sunday Finals,3,Brett Tippie,,2:14.66,"Hometown as printed: North Vancouver, BC [citation pending re-check: the value was verified against the archived page by QA, but the recorded snapshot URL has not been confirmed to resolve]",https://web.archive.org/web/20160326192413/http://lbs.mtbaker.us/index.php/results/Finals-results-Sunday/mid-masters,verified,wave3-archive,pending-recheck
mt-baker-legendary-banked-slalom--2016,banked-slalom,masters,Pro Masters Men,,masters,men,Sunday Finals,3,Wes Makepeace,,1:48.07,"Hometown as printed: Whistler, BC [citation pending re-check: the value was verified against the archived page by QA, but the recorded snapshot URL has not been confirmed to resolve]",https://web.archive.org/web/20160326193804/http://lbs.mtbaker.us/index.php/results/Finals-results-Sunday/pro-masters,verified,wave3-archive,pending-recheck
mt-baker-legendary-banked-slalom--2016,banked-slalom,masters,Pro Masters Women,,masters,women,Sunday Finals,3,Amy Eichner,,2:00.93,"Hometown as printed: Portland, OR [citation pending re-check: the value was verified against the archived page by QA, but the recorded snapshot URL has not been confirmed to resolve]",https://web.archive.org/web/20160326193804/http://lbs.mtbaker.us/index.php/results/Finals-results-Sunday/pro-masters,verified,wave3-archive,pending-recheck
mt-baker-legendary-banked-slalom--2016,banked-slalom,masters,Super Masters,,masters,unspecified,Sunday Finals,3,Jeannie DeBari,,2:59.91,"Hometown as printed: Glacier, WA [citation pending re-check: the value was verified against the archived page by QA, but the recorded snapshot URL has not been confirmed to resolve]",https://web.archive.org/web/20160326193402/http://lbs.mtbaker.us/index.php/results/Finals-results-Sunday/grand-masters,verified,wave3-archive,pending-recheck
mt-baker-legendary-banked-slalom--2016,banked-slalom,masters,Women Masters,,masters,women,Sunday Finals,3,Audra Bintz,,2:20.47,"Hometown as printed: Red Lodge, MT [citation pending re-check: the value was verified against the archived page by QA, but the recorded snapshot URL has not been confirmed to resolve]",https://web.archive.org/web/20160326193053/http://lbs.mtbaker.us/index.php/results/Finals-results-Sunday/women-amateurs,verified,wave3-archive,pending-recheck
mt-baker-legendary-banked-slalom--2016,banked-slalom,pro,Pro Men,,pro,men,Sunday Finals,1,Mathieu Crepel,,1:42.77,"Hometown as printed: Bdart [citation pending re-check: the value was verified against the archived page by QA, but the recorded snapshot URL has not been confirmed to resolve]",https://web.archive.org/web/20160326193810/http://lbs.mtbaker.us/index.php/results/Finals-results-Sunday/pro-men,verified,wave3-archive,pending-recheck
mt-baker-legendary-banked-slalom--2016,banked-slalom,pro,Pro Women,,pro,women,Sunday Finals,1,Maelle Ricker,,1:46.83,"Hometown as printed: Squamish [citation pending re-check: the value was verified against the archived page by QA, but the recorded snapshot URL has not been confirmed to resolve]",https://web.archive.org/web/20160326193815/http://lbs.mtbaker.us/index.php/results/Finals-results-Sunday/pro-women,verified,wave3-archive,pending-recheck
mt-baker-legendary-banked-slalom--2016,banked-slalom,pro,Pro Men,,pro,men,Sunday Finals,2,Nate Holland,,1:42.94,"Hometown as printed: Squaw Valley [citation pending re-check: the value was verified against the archived page by QA, but the recorded snapshot URL has not been confirmed to resolve]",https://web.archive.org/web/20160326193810/http://lbs.mtbaker.us/index.php/results/Finals-results-Sunday/pro-men,verified,wave3-archive,pending-recheck
mt-baker-legendary-banked-slalom--2016,banked-slalom,pro,Pro Women,,pro,women,Sunday Finals,2,Lindsey Jacobellis,,1:48.30,"Hometown as printed: Stratton Mtn, VT [citation pending re-check: the value was verified against the archived page by QA, but the recorded snapshot URL has not been confirmed to resolve]",https://web.archive.org/web/20160326193815/http://lbs.mtbaker.us/index.php/results/Finals-results-Sunday/pro-women,verified,wave3-archive,pending-recheck
mt-baker-legendary-banked-slalom--2016,banked-slalom,pro,Pro Men,,pro,men,Sunday Finals,3,Temple Cummins,,1:43.74,"Hometown as printed: Agnew, WA [citation pending re-check: the value was verified against the archived page by QA, but the recorded snapshot URL has not been confirmed to resolve]",https://web.archive.org/web/20160326193810/http://lbs.mtbaker.us/index.php/results/Finals-results-Sunday/pro-men,verified,wave3-archive,pending-recheck
mt-baker-legendary-banked-slalom--2016,banked-slalom,pro,Pro Women,,pro,women,Sunday Finals,3,Stephanie Haines,,1:51.15,"Hometown as printed: Kelowna [citation pending re-check: the value was verified against the archived page by QA, but the recorded snapshot URL has not been confirmed to resolve]",https://web.archive.org/web/20160326193815/http://lbs.mtbaker.us/index.php/results/Finals-results-Sunday/pro-women,verified,wave3-archive,pending-recheck
mt-baker-legendary-banked-slalom--2017,banked-slalom,am,Old Amateur (ages 20-29),ages 20-29,amateur,unspecified,,1,Calvin Patterson,,,,https://snowboardmag.com/stories/the-31st-legendary-banked-slalom-results | https://lbs.mtbaker.us/results/honor-roll/,verified,wave2-baker-grassroots,live-source
mt-baker-legendary-banked-slalom--2017,banked-slalom,am,Women Amateur,,amateur,women,,1,Zoe Vernon,,,,https://snowboardmag.com/stories/the-31st-legendary-banked-slalom-results | https://lbs.mtbaker.us/results/honor-roll/,verified,wave2-baker-grassroots,live-source
mt-baker-legendary-banked-slalom--2017,banked-slalom,am,Old Amateur (ages 20-29),ages 20-29,amateur,unspecified,,2,Trevin Sims,,,,https://snowboardmag.com/stories/the-31st-legendary-banked-slalom-results | https://lbs.mtbaker.us/results/honor-roll/,verified,wave2-baker-grassroots,live-source
mt-baker-legendary-banked-slalom--2017,banked-slalom,am,Women Amateur,,amateur,women,,2,Frederique Joncas,,,,https://snowboardmag.com/stories/the-31st-legendary-banked-slalom-results | https://lbs.mtbaker.us/results/honor-roll/,verified,wave2-baker-grassroots,live-source
mt-baker-legendary-banked-slalom--2017,banked-slalom,am,Old Amateur (ages 20-29),ages 20-29,amateur,unspecified,,3,Sam Trippe,,,,https://snowboardmag.com/stories/the-31st-legendary-banked-slalom-results | https://lbs.mtbaker.us/results/honor-roll/,verified,wave2-baker-grassroots,live-source
mt-baker-legendary-banked-slalom--2017,banked-slalom,am,Women Amateur,,amateur,women,,3,Jacqui Shaffer,,,,https://snowboardmag.com/stories/the-31st-legendary-banked-slalom-results | https://lbs.mtbaker.us/results/honor-roll/,verified,wave2-baker-grassroots,live-source
mt-baker-legendary-banked-slalom--2017,banked-slalom,groms,Next Gen Boys Ages 12 & Under,ages 12 &,grom,men,,1,Wyatt Cline,,,,https://lbs.mtbaker.us/results/honor-roll/,verified,wave2-baker-grassroots,live-source
mt-baker-legendary-banked-slalom--2017,banked-slalom,groms,Next Gen Girls Ages 12 & Under,ages 12 &,grom,women,,1,Megan Fraser,,,,https://lbs.mtbaker.us/results/honor-roll/,verified,wave2-baker-grassroots,live-source
mt-baker-legendary-banked-slalom--2017,banked-slalom,juniors,Junior Boys Ages 13-15,ages 13-15,junior,men,,1,Mac Malkoski,,,,https://lbs.mtbaker.us/results/honor-roll/,verified,wave2-baker-grassroots,live-source
mt-baker-legendary-banked-slalom--2017,banked-slalom,juniors,Junior Girls Ages 13-15,ages 13-15,junior,women,,1,Juliette Pelchat,,,,https://lbs.mtbaker.us/results/honor-roll/,verified,wave2-baker-grassroots,live-source
mt-baker-legendary-banked-slalom--2017,banked-slalom,juniors,Young Amateur (ages 16-19),ages 16-19,amateur,unspecified,,1,Drayden Gardner,,,,https://snowboardmag.com/stories/the-31st-legendary-banked-slalom-results | https://lbs.mtbaker.us/results/honor-roll/,verified,wave2-baker-grassroots,live-source
mt-baker-legendary-banked-slalom--2017,banked-slalom,juniors,Young Amateur (ages 16-19),ages 16-19,amateur,unspecified,,2,Milo Malkoski,,,,https://snowboardmag.com/stories/the-31st-legendary-banked-slalom-results | https://lbs.mtbaker.us/results/honor-roll/,verified,wave2-baker-grassroots,live-source
mt-baker-legendary-banked-slalom--2017,banked-slalom,juniors,Young Amateur (ages 16-19),ages 16-19,amateur,unspecified,,3,Cody Warble,,,,https://snowboardmag.com/stories/the-31st-legendary-banked-slalom-results | https://lbs.mtbaker.us/results/honor-roll/,verified,wave2-baker-grassroots,live-source
mt-baker-legendary-banked-slalom--2017,banked-slalom,masters,Mid Masters Men Ages 40-49,ages 40-49,masters,men,,1,John Kaiser,,,,https://lbs.mtbaker.us/results/honor-roll/,verified,wave2-baker-grassroots,live-source
mt-baker-legendary-banked-slalom--2017,banked-slalom,masters,Grand Masters Men Ages 50+,ages 50+,masters,men,,1,Luke Edgar,,,,https://lbs.mtbaker.us/results/honor-roll/,verified,wave2-baker-grassroots,live-source
mt-baker-legendary-banked-slalom--2017,banked-slalom,masters,Masters Men (ages 30-39),ages 30-39,masters,men,,1,Scott Reynolds,,,,https://snowboardmag.com/stories/the-31st-legendary-banked-slalom-results | https://lbs.mtbaker.us/results/honor-roll/,verified,wave2-baker-grassroots,live-source
mt-baker-legendary-banked-slalom--2017,banked-slalom,masters,Masters Women,,masters,women,,1,Sara Niblock,,,,https://snowboardmag.com/stories/the-31st-legendary-banked-slalom-results | https://lbs.mtbaker.us/results/honor-roll/,verified,wave2-baker-grassroots,live-source
mt-baker-legendary-banked-slalom--2017,banked-slalom,masters,Pro Masters Women,,masters,women,,1,Barrett Cummins,,,,https://snowboardmag.com/stories/the-31st-legendary-banked-slalom-results | https://lbs.mtbaker.us/results/honor-roll/,verified,wave2-baker-grassroots,live-source
mt-baker-legendary-banked-slalom--2017,banked-slalom,masters,Pro Masters Men,,masters,men,,1,Rob Kingwill,,,,https://snowboardmag.com/stories/the-31st-legendary-banked-slalom-results | https://lbs.mtbaker.us/results/honor-roll/,verified,wave2-baker-grassroots,live-source
mt-baker-legendary-banked-slalom--2017,banked-slalom,masters,Masters Men (ages 30-39),ages 30-39,masters,men,,2,Adam Haynes,,,,https://snowboardmag.com/stories/the-31st-legendary-banked-slalom-results | https://lbs.mtbaker.us/results/honor-roll/,verified,wave2-baker-grassroots,live-source
mt-baker-legendary-banked-slalom--2017,banked-slalom,masters,Masters Women,,masters,women,,2,Ashley Thornton,,,,https://snowboardmag.com/stories/the-31st-legendary-banked-slalom-results | https://lbs.mtbaker.us/results/honor-roll/,verified,wave2-baker-grassroots,live-source
mt-baker-legendary-banked-slalom--2017,banked-slalom,masters,Pro Masters Women,,masters,women,,2,Megan Porcheron,,,,https://snowboardmag.com/stories/the-31st-legendary-banked-slalom-results | https://lbs.mtbaker.us/results/honor-roll/,verified,wave2-baker-grassroots,live-source
mt-baker-legendary-banked-slalom--2017,banked-slalom,masters,Pro Masters Men,,masters,men,,2,Ashley Call,,,,https://snowboardmag.com/stories/the-31st-legendary-banked-slalom-results | https://lbs.mtbaker.us/results/honor-roll/,verified,wave2-baker-grassroots,live-source
mt-baker-legendary-banked-slalom--2017,banked-slalom,masters,Masters Men (ages 30-39),ages 30-39,masters,men,,3,Chris Bowlin,,,,https://snowboardmag.com/stories/the-31st-legendary-banked-slalom-results | https://lbs.mtbaker.us/results/honor-roll/,verified,wave2-baker-grassroots,live-source
mt-baker-legendary-banked-slalom--2017,banked-slalom,masters,Masters Women,,masters,women,,3,Anna Bengtson,,,,https://snowboardmag.com/stories/the-31st-legendary-banked-slalom-results | https://lbs.mtbaker.us/results/honor-roll/,verified,wave2-baker-grassroots,live-source
mt-baker-legendary-banked-slalom--2017,banked-slalom,masters,Pro Masters Women,,masters,women,,3,Marguerite Cossettini,,,,https://snowboardmag.com/stories/the-31st-legendary-banked-slalom-results | https://lbs.mtbaker.us/results/honor-roll/,verified,wave2-baker-grassroots,live-source
mt-baker-legendary-banked-slalom--2017,banked-slalom,masters,Pro Masters Men,,masters,men,,3,Deni Bevin,,,,https://snowboardmag.com/stories/the-31st-legendary-banked-slalom-results | https://lbs.mtbaker.us/results/honor-roll/,verified,wave2-baker-grassroots,live-source
mt-baker-legendary-banked-slalom--2017,banked-slalom,pro,Pro Men,,pro,men,,1,Nils Mindnich,,,,https://snowboardmag.com/stories/the-31st-legendary-banked-slalom-results | https://lbs.mtbaker.us/results/honor-roll/,verified,wave2-baker-grassroots,live-source
mt-baker-legendary-banked-slalom--2017,banked-slalom,pro,Pro Women,,pro,women,,1,Stephanie Haines,,,,https://snowboardmag.com/stories/the-31st-legendary-banked-slalom-results | https://lbs.mtbaker.us/results/honor-roll/,verified,wave2-baker-grassroots,live-source
mt-baker-legendary-banked-slalom--2017,banked-slalom,pro,Pro Men,,pro,men,,2,Josh Dirksen,,,,https://snowboardmag.com/stories/the-31st-legendary-banked-slalom-results | https://lbs.mtbaker.us/results/honor-roll/,verified,wave2-baker-grassroots,live-source
mt-baker-legendary-banked-slalom--2017,banked-slalom,pro,Pro Women,,pro,women,,2,Spencer O'Brien,,,,https://snowboardmag.com/stories/the-31st-legendary-banked-slalom-results | https://lbs.mtbaker.us/results/honor-roll/,verified,wave2-baker-grassroots,live-source
mt-baker-legendary-banked-slalom--2017,banked-slalom,pro,Pro Men,,pro,men,,3,Curtis Ciszek,,,,https://snowboardmag.com/stories/the-31st-legendary-banked-slalom-results | https://lbs.mtbaker.us/results/honor-roll/,verified,wave2-baker-grassroots,live-source
mt-baker-legendary-banked-slalom--2017,banked-slalom,pro,Pro Women,,pro,women,,3,Torah Bright,,,,https://snowboardmag.com/stories/the-31st-legendary-banked-slalom-results | https://lbs.mtbaker.us/results/honor-roll/,verified,wave2-baker-grassroots,live-source
mt-baker-legendary-banked-slalom--2018,banked-slalom,am,Older Amateurs (20-29),,amateur,unspecified,Sunday Finals,1,Liam Stevens,,1:18.55,"Hometown as printed: Rossland, BC [citation pending re-check: the value was verified against the archived page by QA, but the recorded snapshot URL has not been confirmed to resolve]",https://web.archive.org/web/20200918104727/http://lbs.mtbaker.us/index.php/results/2018-results/finals-results-Sunday/older-ams,verified,wave3-archive,pending-recheck
mt-baker-legendary-banked-slalom--2018,banked-slalom,am,Women Amateurs (16-29),,amateur,women,Sunday Finals,1,Cali Carlson,,1:27.58,"Hometown as printed: Spokane, WA [citation pending re-check: the value was verified against the archived page by QA, but the recorded snapshot URL has not been confirmed to resolve]",https://web.archive.org/web/20200918105623/http://lbs.mtbaker.us/index.php/results/2018-results/finals-results-Sunday/women-ams,verified,wave3-archive,pending-recheck
mt-baker-legendary-banked-slalom--2018,banked-slalom,am,Older Amateurs (20-29),,amateur,unspecified,Sunday Finals,2,Calvin Patterson,,1:19.16,"Hometown as printed: Bellingham, WA [citation pending re-check: the value was verified against the archived page by QA, but the recorded snapshot URL has not been confirmed to resolve]",https://web.archive.org/web/20200918104727/http://lbs.mtbaker.us/index.php/results/2018-results/finals-results-Sunday/older-ams,verified,wave3-archive,pending-recheck
mt-baker-legendary-banked-slalom--2018,banked-slalom,am,Women Amateurs (16-29),,amateur,women,Sunday Finals,2,Galen Bridgewater,,1:29.95,"Hometown as printed: Bozeman, MT [citation pending re-check: the value was verified against the archived page by QA, but the recorded snapshot URL has not been confirmed to resolve]",https://web.archive.org/web/20200918105623/http://lbs.mtbaker.us/index.php/results/2018-results/finals-results-Sunday/women-ams,verified,wave3-archive,pending-recheck
mt-baker-legendary-banked-slalom--2018,banked-slalom,am,Older Amateurs (20-29),,amateur,unspecified,Sunday Finals,3,Matt Penwell,,1:20.35,"Hometown as printed: Tacoma, WA [citation pending re-check: the value was verified against the archived page by QA, but the recorded snapshot URL has not been confirmed to resolve]",https://web.archive.org/web/20200918104727/http://lbs.mtbaker.us/index.php/results/2018-results/finals-results-Sunday/older-ams,verified,wave3-archive,pending-recheck
mt-baker-legendary-banked-slalom--2018,banked-slalom,am,Women Amateurs (16-29),,amateur,women,Sunday Finals,3,Jacqui Shaffer,,1:30.01,"Hometown as printed: Bellingham, WA [citation pending re-check: the value was verified against the archived page by QA, but the recorded snapshot URL has not been confirmed to resolve]",https://web.archive.org/web/20200918105623/http://lbs.mtbaker.us/index.php/results/2018-results/finals-results-Sunday/women-ams,verified,wave3-archive,pending-recheck
mt-baker-legendary-banked-slalom--2018,banked-slalom,groms,Next Generation Boys (11 & Under),,grom,men,Sunday Finals,1,Noah Avallone,,1:22.56,"Hometown as printed: Montauk, NY [citation pending re-check: the value was verified against the archived page by QA, but the recorded snapshot URL has not been confirmed to resolve]",https://web.archive.org/web/20200918100218/http://lbs.mtbaker.us/index.php/results/2018-results/finals-results-Sunday/next-gen-boys,verified,wave3-archive,pending-recheck
mt-baker-legendary-banked-slalom--2018,banked-slalom,groms,Next Generation Girls (11 & Under),,grom,women,Sunday Finals,1,Amalia Pelchat,,1:33.16,"Hometown as printed: Whistler, BC [citation pending re-check: the value was verified against the archived page by QA, but the recorded snapshot URL has not been confirmed to resolve]",https://web.archive.org/web/20200918105728/http://lbs.mtbaker.us/index.php/results/2018-results/finals-results-Sunday/next-gen-girls,verified,wave3-archive,pending-recheck
mt-baker-legendary-banked-slalom--2018,banked-slalom,groms,Next Generation Boys (11 & Under),,grom,men,Sunday Finals,2,Anthony Shelly,,1:24.64,"Hometown as printed: Whistler, BC [citation pending re-check: the value was verified against the archived page by QA, but the recorded snapshot URL has not been confirmed to resolve]",https://web.archive.org/web/20200918100218/http://lbs.mtbaker.us/index.php/results/2018-results/finals-results-Sunday/next-gen-boys,verified,wave3-archive,pending-recheck
mt-baker-legendary-banked-slalom--2018,banked-slalom,groms,Next Generation Girls (11 & Under),,grom,women,Sunday Finals,2,Avery Simmons,,1:35.60,"Hometown as printed: Glacier, WA [citation pending re-check: the value was verified against the archived page by QA, but the recorded snapshot URL has not been confirmed to resolve]",https://web.archive.org/web/20200918105728/http://lbs.mtbaker.us/index.php/results/2018-results/finals-results-Sunday/next-gen-girls,verified,wave3-archive,pending-recheck
mt-baker-legendary-banked-slalom--2018,banked-slalom,groms,Next Generation Boys (11 & Under),,grom,men,Sunday Finals,3,Toan Krauskopf,,1:24.78,"Hometown as printed: Smithers, BC [citation pending re-check: the value was verified against the archived page by QA, but the recorded snapshot URL has not been confirmed to resolve]",https://web.archive.org/web/20200918100218/http://lbs.mtbaker.us/index.php/results/2018-results/finals-results-Sunday/next-gen-boys,verified,wave3-archive,pending-recheck
mt-baker-legendary-banked-slalom--2018,banked-slalom,groms,Next Generation Girls (11 & Under),,grom,women,Sunday Finals,3,Jade Knox,,1:38.02,"Hometown as printed: Snoqualmie Pass, WA [citation pending re-check: the value was verified against the archived page by QA, but the recorded snapshot URL has not been confirmed to resolve]",https://web.archive.org/web/20200918105728/http://lbs.mtbaker.us/index.php/results/2018-results/finals-results-Sunday/next-gen-girls,verified,wave3-archive,pending-recheck
mt-baker-legendary-banked-slalom--2018,banked-slalom,juniors,Junior Boys (12-15),,junior,men,Sunday Finals,1,Mac Malkoski,,1:20.82,"Hometown as printed: Seattle, WA [citation pending re-check: the value was verified against the archived page by QA, but the recorded snapshot URL has not been confirmed to resolve]",https://web.archive.org/web/20200918100032/http://lbs.mtbaker.us/index.php/results/2018-results/finals-results-Sunday/junior-boys,verified,wave3-archive,pending-recheck
mt-baker-legendary-banked-slalom--2018,banked-slalom,juniors,Junior Girls (12-15),,junior,women,Sunday Finals,1,Juliette Pelchat,,1:26.46,"Hometown as printed: Whistler, BC [citation pending re-check: the value was verified against the archived page by QA, but the recorded snapshot URL has not been confirmed to resolve]",https://web.archive.org/web/20200918094500/http://lbs.mtbaker.us/index.php/results/2018-results/finals-results-Sunday/junior-girls,verified,wave3-archive,pending-recheck
mt-baker-legendary-banked-slalom--2018,banked-slalom,juniors,Younger Amateurs (16-19),,junior,unspecified,Sunday Finals,1,Matteo Soltane,,1:19.07,"Hometown as printed: Seattle, WA [citation pending re-check: the value was verified against the archived page by QA, but the recorded snapshot URL has not been confirmed to resolve]",https://web.archive.org/web/20200918102855/http://lbs.mtbaker.us/index.php/results/2018-results/finals-results-Sunday/younger-ams,verified,wave3-archive,pending-recheck
mt-baker-legendary-banked-slalom--2018,banked-slalom,juniors,Junior Boys (12-15),,junior,men,Sunday Finals,2,Cannon Cummins,,1:21.87,"Hometown as printed: Sequim, WA [citation pending re-check: the value was verified against the archived page by QA, but the recorded snapshot URL has not been confirmed to resolve]",https://web.archive.org/web/20200918100032/http://lbs.mtbaker.us/index.php/results/2018-results/finals-results-Sunday/junior-boys,verified,wave3-archive,pending-recheck
mt-baker-legendary-banked-slalom--2018,banked-slalom,juniors,Junior Girls (12-15),,junior,women,Sunday Finals,2,Zeia Rose,,1:28.61,"Hometown as printed: Mammoth Lakes, CA [citation pending re-check: the value was verified against the archived page by QA, but the recorded snapshot URL has not been confirmed to resolve]",https://web.archive.org/web/20200918094500/http://lbs.mtbaker.us/index.php/results/2018-results/finals-results-Sunday/junior-girls,verified,wave3-archive,pending-recheck
mt-baker-legendary-banked-slalom--2018,banked-slalom,juniors,Younger Amateurs (16-19),,junior,unspecified,Sunday Finals,2,Milo Malkoski,,1:19.15,"Hometown as printed: Seattle, WA [citation pending re-check: the value was verified against the archived page by QA, but the recorded snapshot URL has not been confirmed to resolve]",https://web.archive.org/web/20200918102855/http://lbs.mtbaker.us/index.php/results/2018-results/finals-results-Sunday/younger-ams,verified,wave3-archive,pending-recheck
mt-baker-legendary-banked-slalom--2018,banked-slalom,juniors,Junior Boys (12-15),,junior,men,Sunday Finals,3,Truth Smith,,1:22.20,"Hometown as printed: Whistler, BC [citation pending re-check: the value was verified against the archived page by QA, but the recorded snapshot URL has not been confirmed to resolve]",https://web.archive.org/web/20200918100032/http://lbs.mtbaker.us/index.php/results/2018-results/finals-results-Sunday/junior-boys,verified,wave3-archive,pending-recheck
mt-baker-legendary-banked-slalom--2018,banked-slalom,juniors,Junior Girls (12-15),,junior,women,Sunday Finals,3,Maggie Crompton,,1:29.36,"Hometown as printed: Whistler, BC [citation pending re-check: the value was verified against the archived page by QA, but the recorded snapshot URL has not been confirmed to resolve]",https://web.archive.org/web/20200918094500/http://lbs.mtbaker.us/index.php/results/2018-results/finals-results-Sunday/junior-girls,verified,wave3-archive,pending-recheck
mt-baker-legendary-banked-slalom--2018,banked-slalom,juniors,Younger Amateurs (16-19),,junior,unspecified,Sunday Finals,3,Hank Kennedy,,1:23.60,"Hometown as printed: Glacier, WA [citation pending re-check: the value was verified against the archived page by QA, but the recorded snapshot URL has not been confirmed to resolve]",https://web.archive.org/web/20200918102855/http://lbs.mtbaker.us/index.php/results/2018-results/finals-results-Sunday/younger-ams,verified,wave3-archive,pending-recheck
mt-baker-legendary-banked-slalom--2018,banked-slalom,masters,Grand Masters (50 & Up),,masters,unspecified,Sunday Finals,1,Dave Wray,,1:25.78,"Hometown as printed: Portland, OR [citation pending re-check: the value was verified against the archived page by QA, but the recorded snapshot URL has not been confirmed to resolve]",https://web.archive.org/web/20200918094911/http://lbs.mtbaker.us/index.php/results/2018-results/finals-results-Sunday/grand-mast,verified,wave3-archive,pending-recheck
mt-baker-legendary-banked-slalom--2018,banked-slalom,masters,Masters (30-39),,masters,unspecified,Sunday Finals,1,John Foy,,1:18.93,"Hometown as printed: Truckee, CA [citation pending re-check: the value was verified against the archived page by QA, but the recorded snapshot URL has not been confirmed to resolve]",https://web.archive.org/web/20200918093532/http://lbs.mtbaker.us/index.php/results/2018-results/finals-results-Sunday/masters,verified,wave3-archive,pending-recheck
mt-baker-legendary-banked-slalom--2018,banked-slalom,masters,Pro Legends (50 & Up),,legends,unspecified,Sunday Finals,1,Matt Cummins,,1:22.03,"Hometown as printed: Bainbridge Island, WA [citation pending re-check: the value was verified against the archived page by QA, but the recorded snapshot URL has not been confirmed to resolve]",https://web.archive.org/web/20200918104156/http://lbs.mtbaker.us/index.php/results/2018-results/finals-results-Sunday/pro-legends,verified,wave3-archive,pending-recheck
mt-baker-legendary-banked-slalom--2018,banked-slalom,masters,Pro Masters (35 & 49),,masters,unspecified,Sunday Finals,1,Billy Anderson,,1:17.43,"Hometown as printed: Laguna Beach, CA [citation pending re-check: the value was verified against the archived page by QA, but the recorded snapshot URL has not been confirmed to resolve]",https://web.archive.org/web/20200918113248/http://lbs.mtbaker.us/index.php/results/2018-results/finals-results-Sunday/pro-masters,verified,wave3-archive,pending-recheck
mt-baker-legendary-banked-slalom--2018,banked-slalom,masters,Pro Women Masters (35 & Up),,masters,women,Sunday Finals,1,Marni Yamada,,1:23.13,"Hometown as printed: Seattle, WA [citation pending re-check: the value was verified against the archived page by QA, but the recorded snapshot URL has not been confirmed to resolve]",https://web.archive.org/web/20200918113100/http://lbs.mtbaker.us/index.php/results/2018-results/finals-results-Sunday/pro-women-masters,verified,wave3-archive,pending-recheck
mt-baker-legendary-banked-slalom--2018,banked-slalom,masters,Women Masters (30 - 44),,masters,women,Sunday Finals,1,Rel Friedman,,1:26.09,"Hometown as printed: portland, OR [citation pending re-check: the value was verified against the archived page by QA, but the recorded snapshot URL has not been confirmed to resolve]",https://web.archive.org/web/20200918094251/http://lbs.mtbaker.us/index.php/results/2018-results/finals-results-Sunday/women-masters,verified,wave3-archive,pending-recheck
mt-baker-legendary-banked-slalom--2018,banked-slalom,masters,Women MidGrand (45 & Up),,masters,women,Sunday Finals,1,Christine Zander,,1:41.05,"Hometown as printed: Glacier, WA [citation pending re-check: the value was verified against the archived page by QA, but the recorded snapshot URL has not been confirmed to resolve]",https://web.archive.org/web/20200918102701/http://lbs.mtbaker.us/index.php/results/2018-results/finals-results-Sunday/women-midgrand,verified,wave3-archive,pending-recheck
mt-baker-legendary-banked-slalom--2018,banked-slalom,masters,Grand Masters (50 & Up),,masters,unspecified,Sunday Finals,2,Gregorio Bustamante,,1:26.76,"Hometown as printed: Seattle, WA [citation pending re-check: the value was verified against the archived page by QA, but the recorded snapshot URL has not been confirmed to resolve]",https://web.archive.org/web/20200918094911/http://lbs.mtbaker.us/index.php/results/2018-results/finals-results-Sunday/grand-mast,verified,wave3-archive,pending-recheck
mt-baker-legendary-banked-slalom--2018,banked-slalom,masters,Masters (30-39),,masters,unspecified,Sunday Finals,2,Craig Newbury,,1:19.08,"Hometown as printed: Glacier, WA [citation pending re-check: the value was verified against the archived page by QA, but the recorded snapshot URL has not been confirmed to resolve]",https://web.archive.org/web/20200918093532/http://lbs.mtbaker.us/index.php/results/2018-results/finals-results-Sunday/masters,verified,wave3-archive,pending-recheck
mt-baker-legendary-banked-slalom--2018,banked-slalom,masters,Pro Legends (50 & Up),,legends,unspecified,Sunday Finals,2,Tom Burt,,1:23.15,"Hometown as printed: Kings Beach, CA [citation pending re-check: the value was verified against the archived page by QA, but the recorded snapshot URL has not been confirmed to resolve]",https://web.archive.org/web/20200918104156/http://lbs.mtbaker.us/index.php/results/2018-results/finals-results-Sunday/pro-legends,verified,wave3-archive,pending-recheck
mt-baker-legendary-banked-slalom--2018,banked-slalom,masters,Pro Masters (35 & 49),,masters,unspecified,Sunday Finals,2,Ashley Call,,1:18.96,"Hometown as printed: Douglas, AK [citation pending re-check: the value was verified against the archived page by QA, but the recorded snapshot URL has not been confirmed to resolve]",https://web.archive.org/web/20200918113248/http://lbs.mtbaker.us/index.php/results/2018-results/finals-results-Sunday/pro-masters,verified,wave3-archive,pending-recheck
mt-baker-legendary-banked-slalom--2018,banked-slalom,masters,Pro Women Masters (35 & Up),,masters,women,Sunday Finals,2,Barrett Cummins,,1:26.54,"Hometown as printed: Sequim, WA [citation pending re-check: the value was verified against the archived page by QA, but the recorded snapshot URL has not been confirmed to resolve]",https://web.archive.org/web/20200918113100/http://lbs.mtbaker.us/index.php/results/2018-results/finals-results-Sunday/pro-women-masters,verified,wave3-archive,pending-recheck
mt-baker-legendary-banked-slalom--2018,banked-slalom,masters,Women Masters (30 - 44),,masters,women,Sunday Finals,2,Anna Bengtson,,1:29.67,"Hometown as printed: West Glacier, MT [citation pending re-check: the value was verified against the archived page by QA, but the recorded snapshot URL has not been confirmed to resolve]",https://web.archive.org/web/20200918094251/http://lbs.mtbaker.us/index.php/results/2018-results/finals-results-Sunday/women-masters,verified,wave3-archive,pending-recheck
mt-baker-legendary-banked-slalom--2018,banked-slalom,masters,Women MidGrand (45 & Up),,masters,women,Sunday Finals,2,Julie Brown,,1:42.52,"Hometown as printed: Blaine, WA [citation pending re-check: the value was verified against the archived page by QA, but the recorded snapshot URL has not been confirmed to resolve]",https://web.archive.org/web/20200918102701/http://lbs.mtbaker.us/index.php/results/2018-results/finals-results-Sunday/women-midgrand,verified,wave3-archive,pending-recheck
mt-baker-legendary-banked-slalom--2018,banked-slalom,masters,Grand Masters (50 & Up),,masters,unspecified,Sunday Finals,3,Jay Moore,,1:29.02,"Hometown as printed: Bozeman, MT [citation pending re-check: the value was verified against the archived page by QA, but the recorded snapshot URL has not been confirmed to resolve]",https://web.archive.org/web/20200918094911/http://lbs.mtbaker.us/index.php/results/2018-results/finals-results-Sunday/grand-mast,verified,wave3-archive,pending-recheck
mt-baker-legendary-banked-slalom--2018,banked-slalom,masters,Masters (30-39),,masters,unspecified,Sunday Finals,3,Dan Scanlon,,1:20.23,"Hometown as printed: Glacier, WA [citation pending re-check: the value was verified against the archived page by QA, but the recorded snapshot URL has not been confirmed to resolve]",https://web.archive.org/web/20200918093532/http://lbs.mtbaker.us/index.php/results/2018-results/finals-results-Sunday/masters,verified,wave3-archive,pending-recheck
mt-baker-legendary-banked-slalom--2018,banked-slalom,masters,Pro Legends (50 & Up),,legends,unspecified,Sunday Finals,3,Paul Ferrel,,1:27.61,"Hometown as printed: Bainbridge Island, WA [citation pending re-check: the value was verified against the archived page by QA, but the recorded snapshot URL has not been confirmed to resolve]",https://web.archive.org/web/20200918104156/http://lbs.mtbaker.us/index.php/results/2018-results/finals-results-Sunday/pro-legends,verified,wave3-archive,pending-recheck
mt-baker-legendary-banked-slalom--2018,banked-slalom,masters,Pro Masters (35 & 49),,masters,unspecified,Sunday Finals,3,Rube Goldberg,,1:19.86,"Hometown as printed: Whistler, BC [citation pending re-check: the value was verified against the archived page by QA, but the recorded snapshot URL has not been confirmed to resolve]",https://web.archive.org/web/20200918113248/http://lbs.mtbaker.us/index.php/results/2018-results/finals-results-Sunday/pro-masters,verified,wave3-archive,pending-recheck
mt-baker-legendary-banked-slalom--2018,banked-slalom,masters,Pro Women Masters (35 & Up),,masters,women,Sunday Finals,3,Amy Eichner,,1:26.99,"Hometown as printed: White Salmon, WA [citation pending re-check: the value was verified against the archived page by QA, but the recorded snapshot URL has not been confirmed to resolve]",https://web.archive.org/web/20200918113100/http://lbs.mtbaker.us/index.php/results/2018-results/finals-results-Sunday/pro-women-masters,verified,wave3-archive,pending-recheck
mt-baker-legendary-banked-slalom--2018,banked-slalom,masters,Women Masters (30 - 44),,masters,women,Sunday Finals,3,Kari Hoss,,1:30.00,"Hometown as printed: Glacier, WA [citation pending re-check: the value was verified against the archived page by QA, but the recorded snapshot URL has not been confirmed to resolve]",https://web.archive.org/web/20200918094251/http://lbs.mtbaker.us/index.php/results/2018-results/finals-results-Sunday/women-masters,verified,wave3-archive,pending-recheck
mt-baker-legendary-banked-slalom--2018,banked-slalom,masters,Women MidGrand (45 & Up),,masters,women,Sunday Finals,3,Jenny Tofe,,1:50.81,"Hometown as printed: Bellingham, WA [citation pending re-check: the value was verified against the archived page by QA, but the recorded snapshot URL has not been confirmed to resolve]",https://web.archive.org/web/20200918102701/http://lbs.mtbaker.us/index.php/results/2018-results/finals-results-Sunday/women-midgrand,verified,wave3-archive,pending-recheck
mt-baker-legendary-banked-slalom--2018,banked-slalom,pro,Pro Men,,pro,men,Sunday Finals,1,Joshua Dirksen,,1:13.40,"Hometown as printed: Bend, OR [citation pending re-check: the value was verified against the archived page by QA, but the recorded snapshot URL has not been confirmed to resolve]",https://web.archive.org/web/20200918102252/http://lbs.mtbaker.us/index.php/results/2018-results/finals-results-Sunday/pro-men,verified,wave3-archive,pending-recheck
mt-baker-legendary-banked-slalom--2018,banked-slalom,pro,Pro Women,,pro,women,Sunday Finals,1,Mariah Dugan,,1:22.79,"Hometown as printed: Salt Lake City, UT [citation pending re-check: the value was verified against the archived page by QA, but the recorded snapshot URL has not been confirmed to resolve]",https://web.archive.org/web/20200918111451/http://lbs.mtbaker.us/index.php/results/2018-results/finals-results-Sunday/pro-women,verified,wave3-archive,pending-recheck
mt-baker-legendary-banked-slalom--2018,banked-slalom,pro,Pro Men,,pro,men,Sunday Finals,2,Nate Holland,,1:14.84,"Hometown as printed: Sandpoint, ID [citation pending re-check: the value was verified against the archived page by QA, but the recorded snapshot URL has not been confirmed to resolve]",https://web.archive.org/web/20200918102252/http://lbs.mtbaker.us/index.php/results/2018-results/finals-results-Sunday/pro-men,verified,wave3-archive,pending-recheck
mt-baker-legendary-banked-slalom--2018,banked-slalom,pro,Pro Women,,pro,women,Sunday Finals,2,Sara Niblock,,1:23.46,"Hometown as printed: Whistler, BC [citation pending re-check: the value was verified against the archived page by QA, but the recorded snapshot URL has not been confirmed to resolve]",https://web.archive.org/web/20200918111451/http://lbs.mtbaker.us/index.php/results/2018-results/finals-results-Sunday/pro-women,verified,wave3-archive,pending-recheck
mt-baker-legendary-banked-slalom--2018,banked-slalom,pro,Pro Men,,pro,men,Sunday Finals,3,Phil Jacques,,1:15.30,"Hometown as printed: Montreal, QC [citation pending re-check: the value was verified against the archived page by QA, but the recorded snapshot URL has not been confirmed to resolve]",https://web.archive.org/web/20200918102252/http://lbs.mtbaker.us/index.php/results/2018-results/finals-results-Sunday/pro-men,verified,wave3-archive,pending-recheck
mt-baker-legendary-banked-slalom--2018,banked-slalom,pro,Pro Women,,pro,women,Sunday Finals,3,Colleen Quigley,,1:23.49,"Hometown as printed: Portland, OR [citation pending re-check: the value was verified against the archived page by QA, but the recorded snapshot URL has not been confirmed to resolve]",https://web.archive.org/web/20200918111451/http://lbs.mtbaker.us/index.php/results/2018-results/finals-results-Sunday/pro-women,verified,wave3-archive,pending-recheck
mt-baker-legendary-banked-slalom--2019,banked-slalom,am,Amateur Men Ages 16-29 (ages 20-29 from 1994-2020),ages 16-29,amateur,men,,1,Mitchell Kirby,,,,https://lbs.mtbaker.us/results/honor-roll/,verified,wave2-baker-grassroots,live-source
mt-baker-legendary-banked-slalom--2019,banked-slalom,am,Women Amateurs Ages 16-29,ages 16-29,amateur,women,,1,Shawna Paoli,,,,https://lbs.mtbaker.us/results/honor-roll/,verified,wave2-baker-grassroots,live-source
mt-baker-legendary-banked-slalom--2019,banked-slalom,groms,Next Gen Boys Ages 12 & Under,ages 12 &,grom,men,,1,Noah Avallone,,,,https://lbs.mtbaker.us/results/honor-roll/,verified,wave2-baker-grassroots,live-source
mt-baker-legendary-banked-slalom--2019,banked-slalom,groms,Next Gen Girls Ages 12 & Under,ages 12 &,grom,women,,1,Amalia Pelchat,,,,https://lbs.mtbaker.us/results/honor-roll/,verified,wave2-baker-grassroots,live-source
mt-baker-legendary-banked-slalom--2019,banked-slalom,juniors,Younger Amateurs Ages 16-19,ages 16-19,junior,unspecified,,1,Chad Carlson,,,,https://lbs.mtbaker.us/results/honor-roll/,verified,wave2-baker-grassroots,live-source
mt-baker-legendary-banked-slalom--2019,banked-slalom,juniors,Junior Boys Ages 13-15,ages 13-15,junior,men,,1,Zenta Muraoka,,,,https://lbs.mtbaker.us/results/honor-roll/,verified,wave2-baker-grassroots,live-source
mt-baker-legendary-banked-slalom--2019,banked-slalom,juniors,Junior Girls Ages 13-15,ages 13-15,junior,women,,1,Juliette Pelchat,,,,https://lbs.mtbaker.us/results/honor-roll/,verified,wave2-baker-grassroots,live-source
mt-baker-legendary-banked-slalom--2019,banked-slalom,masters,Pro Men Masters Ages 40-49,ages 40-49,masters,men,,1,Pontus Stahlkloo,,,,https://lbs.mtbaker.us/results/honor-roll/,verified,wave2-baker-grassroots,live-source
mt-baker-legendary-banked-slalom--2019,banked-slalom,masters,Pro Women Masters Ages 40+,ages 40+,masters,women,,1,Marni Yamada,,,,https://lbs.mtbaker.us/results/honor-roll/,verified,wave2-baker-grassroots,live-source
mt-baker-legendary-banked-slalom--2019,banked-slalom,masters,Pro Men Legends Ages 50+,ages 50+,legends,men,,1,Jason Kannon,,,,https://lbs.mtbaker.us/results/honor-roll/,verified,wave2-baker-grassroots,live-source
mt-baker-legendary-banked-slalom--2019,banked-slalom,masters,Masters Men Ages 30-39,ages 30-39,masters,men,,1,Craig Newbury,,,,https://lbs.mtbaker.us/results/honor-roll/,verified,wave2-baker-grassroots,live-source
mt-baker-legendary-banked-slalom--2019,banked-slalom,masters,Masters Women Ages 30-39 (ages 30-44 from 1993-2020),ages 30-39,masters,women,,1,Rel Friedman,,,,https://lbs.mtbaker.us/results/honor-roll/,verified,wave2-baker-grassroots,live-source
mt-baker-legendary-banked-slalom--2019,banked-slalom,masters,Mid Masters Men Ages 40-49,ages 40-49,masters,men,,1,Ross Peterson,,,,https://lbs.mtbaker.us/results/honor-roll/,verified,wave2-baker-grassroots,live-source
mt-baker-legendary-banked-slalom--2019,banked-slalom,masters,Mid Masters Women Ages 40-49 (ages 45+ from 2018-2020),ages 40-49,masters,women,,1,Christine Zander,,,,https://lbs.mtbaker.us/results/honor-roll/,verified,wave2-baker-grassroots,live-source
mt-baker-legendary-banked-slalom--2019,banked-slalom,masters,Grand Masters Men Ages 50+,ages 50+,masters,men,,1,Dave Wray,,,,https://lbs.mtbaker.us/results/honor-roll/,verified,wave2-baker-grassroots,live-source
mt-baker-legendary-banked-slalom--2019,banked-slalom,pro,Pro Men All Ages,,pro,men,,1,Seth Westcott,,,,https://lbs.mtbaker.us/results/honor-roll/,verified,wave2-baker-grassroots,live-source
mt-baker-legendary-banked-slalom--2019,banked-slalom,pro,Pro Women All Ages,,pro,women,,1,Audrey Hebert,,,,https://lbs.mtbaker.us/results/honor-roll/,verified,wave2-baker-grassroots,live-source
mt-baker-legendary-banked-slalom--2020,banked-slalom,am,Amateur Men Ages 16-29 (ages 20-29 from 1994-2020),ages 16-29,amateur,men,,1,Hunter Knoll,,,,https://lbs.mtbaker.us/results/honor-roll/,verified,wave2-baker-grassroots,live-source
mt-baker-legendary-banked-slalom--2020,banked-slalom,am,Women Amateurs Ages 16-29,ages 16-29,amateur,women,,1,Svenja Schallner,,,,https://lbs.mtbaker.us/results/honor-roll/,verified,wave2-baker-grassroots,live-source
mt-baker-legendary-banked-slalom--2020,banked-slalom,groms,Next Gen Boys Ages 12 & Under,ages 12 &,grom,men,,1,Rafe Hudson,,,,https://lbs.mtbaker.us/results/honor-roll/,verified,wave2-baker-grassroots,live-source
mt-baker-legendary-banked-slalom--2020,banked-slalom,groms,Next Gen Girls Ages 12 & Under,ages 12 &,grom,women,,1,Jade Knox,,,,https://lbs.mtbaker.us/results/honor-roll/,verified,wave2-baker-grassroots,live-source
mt-baker-legendary-banked-slalom--2020,banked-slalom,juniors,Younger Amateurs Ages 16-19,ages 16-19,junior,unspecified,,1,Milo Malkoski,,,,https://lbs.mtbaker.us/results/honor-roll/,verified,wave2-baker-grassroots,live-source
mt-baker-legendary-banked-slalom--2020,banked-slalom,juniors,Junior Boys Ages 13-15,ages 13-15,junior,men,,1,Cannon Cummins,,,,https://lbs.mtbaker.us/results/honor-roll/,verified,wave2-baker-grassroots,live-source
mt-baker-legendary-banked-slalom--2020,banked-slalom,juniors,Junior Girls Ages 13-15,ages 13-15,junior,women,,1,Madrona Raney,,,,https://lbs.mtbaker.us/results/honor-roll/,verified,wave2-baker-grassroots,live-source
mt-baker-legendary-banked-slalom--2020,banked-slalom,masters,Pro Men Masters Ages 40-49,ages 40-49,masters,men,,1,Pontus Stahlkloo,,,,https://lbs.mtbaker.us/results/honor-roll/,verified,wave2-baker-grassroots,live-source
mt-baker-legendary-banked-slalom--2020,banked-slalom,masters,Pro Women Masters Ages 40+,ages 40+,masters,women,,1,Murielle Imhof,,,,https://lbs.mtbaker.us/results/honor-roll/,verified,wave2-baker-grassroots,live-source
mt-baker-legendary-banked-slalom--2020,banked-slalom,masters,Pro Men Legends Ages 50+,ages 50+,legends,men,,1,Tom Burt,,,,https://lbs.mtbaker.us/results/honor-roll/,verified,wave2-baker-grassroots,live-source
mt-baker-legendary-banked-slalom--2020,banked-slalom,masters,Masters Men Ages 30-39,ages 30-39,masters,men,,1,Che Contreras,,,,https://lbs.mtbaker.us/results/honor-roll/,verified,wave2-baker-grassroots,live-source
mt-baker-legendary-banked-slalom--2020,banked-slalom,masters,Masters Women Ages 30-39 (ages 30-44 from 1993-2020),ages 30-39,masters,women,,1,Janessa Bork,,,,https://lbs.mtbaker.us/results/honor-roll/,verified,wave2-baker-grassroots,live-source
mt-baker-legendary-banked-slalom--2020,banked-slalom,masters,Mid Masters Men Ages 40-49,ages 40-49,masters,men,,1,Chauncey Sorenson,,,,https://lbs.mtbaker.us/results/honor-roll/,verified,wave2-baker-grassroots,live-source
mt-baker-legendary-banked-slalom--2020,banked-slalom,masters,Mid Masters Women Ages 40-49 (ages 45+ from 2018-2020),ages 40-49,masters,women,,1,Rosanne Lauderdale,,,,https://lbs.mtbaker.us/results/honor-roll/,verified,wave2-baker-grassroots,live-source
mt-baker-legendary-banked-slalom--2020,banked-slalom,masters,Grand Masters Men Ages 50+,ages 50+,masters,men,,1,Mike Cummins,,,,https://lbs.mtbaker.us/results/honor-roll/,verified,wave2-baker-grassroots,live-source
mt-baker-legendary-banked-slalom--2020,banked-slalom,pro,Pro Men All Ages,,pro,men,,1,Seth Westcott,,,,https://lbs.mtbaker.us/results/honor-roll/,verified,wave2-baker-grassroots,live-source
mt-baker-legendary-banked-slalom--2020,banked-slalom,pro,Pro Women All Ages,,pro,women,,1,Audrey Hebert,,,,https://lbs.mtbaker.us/results/honor-roll/,verified,wave2-baker-grassroots,live-source
mt-baker-legendary-banked-slalom--2023,banked-slalom,am,AMATEUR WOMEN (ages 16-29),ages 16-29,amateur,women,,1,Juliette Pelchat,,1:21.72,,https://lbs.mtbaker.us/wp-content/uploads/2023/02/2023-LBS-Final-Results.pdf | https://lbs.mtbaker.us/results/honor-roll/,verified,wave2-baker-grassroots,live-source
mt-baker-legendary-banked-slalom--2023,banked-slalom,am,AMATEUR MEN (ages 16-29),ages 16-29,amateur,men,,1,Milo Malkoski,,1:17.42,,https://lbs.mtbaker.us/wp-content/uploads/2023/02/2023-LBS-Final-Results.pdf | https://lbs.mtbaker.us/results/honor-roll/,verified,wave2-baker-grassroots,live-source
mt-baker-legendary-banked-slalom--2023,banked-slalom,am,AMATEUR WOMEN (ages 16-29),ages 16-29,amateur,women,,2,Maggie Crompton,,1:23.88,,https://lbs.mtbaker.us/wp-content/uploads/2023/02/2023-LBS-Final-Results.pdf | https://lbs.mtbaker.us/results/honor-roll/,verified,wave2-baker-grassroots,live-source
mt-baker-legendary-banked-slalom--2023,banked-slalom,am,AMATEUR MEN (ages 16-29),ages 16-29,amateur,men,,2,Trevin Sims,,1:17.80,,https://lbs.mtbaker.us/wp-content/uploads/2023/02/2023-LBS-Final-Results.pdf | https://lbs.mtbaker.us/results/honor-roll/,verified,wave2-baker-grassroots,live-source
mt-baker-legendary-banked-slalom--2023,banked-slalom,am,AMATEUR WOMEN (ages 16-29),ages 16-29,amateur,women,,3,Rachel Lightner,,1:25.47,,https://lbs.mtbaker.us/wp-content/uploads/2023/02/2023-LBS-Final-Results.pdf | https://lbs.mtbaker.us/results/honor-roll/,verified,wave2-baker-grassroots,live-source
mt-baker-legendary-banked-slalom--2023,banked-slalom,am,AMATEUR MEN (ages 16-29),ages 16-29,amateur,men,,3,Todd Kromer,,1:17.94,,https://lbs.mtbaker.us/wp-content/uploads/2023/02/2023-LBS-Final-Results.pdf | https://lbs.mtbaker.us/results/honor-roll/,verified,wave2-baker-grassroots,live-source
mt-baker-legendary-banked-slalom--2023,banked-slalom,groms,NEXT GEN GIRLS (ages 8-12),ages 8-12,grom,women,,1,Barrett Zwiebel,,1:42.26,,https://lbs.mtbaker.us/wp-content/uploads/2023/02/2023-LBS-Final-Results.pdf | https://lbs.mtbaker.us/results/honor-roll/,verified,wave2-baker-grassroots,live-source
mt-baker-legendary-banked-slalom--2023,banked-slalom,groms,NEXT GEN BOYS (ages 8-12),ages 8-12,grom,men,,1,Kanon Ling,,1:27.76,,https://lbs.mtbaker.us/wp-content/uploads/2023/02/2023-LBS-Final-Results.pdf | https://lbs.mtbaker.us/results/honor-roll/,verified,wave2-baker-grassroots,live-source
mt-baker-legendary-banked-slalom--2023,banked-slalom,groms,NEXT GEN GIRLS (ages 8-12),ages 8-12,grom,women,,2,Alana Dirksen,,1:45.89,,https://lbs.mtbaker.us/wp-content/uploads/2023/02/2023-LBS-Final-Results.pdf | https://lbs.mtbaker.us/results/honor-roll/,verified,wave2-baker-grassroots,live-source
mt-baker-legendary-banked-slalom--2023,banked-slalom,groms,NEXT GEN BOYS (ages 8-12),ages 8-12,grom,men,,2,Owen Jacobs,,1:27.77,,https://lbs.mtbaker.us/wp-content/uploads/2023/02/2023-LBS-Final-Results.pdf | https://lbs.mtbaker.us/results/honor-roll/,verified,wave2-baker-grassroots,live-source
mt-baker-legendary-banked-slalom--2023,banked-slalom,groms,NEXT GEN GIRLS (ages 8-12),ages 8-12,grom,women,,3,Aliya Haley,,2:00.83,,https://lbs.mtbaker.us/wp-content/uploads/2023/02/2023-LBS-Final-Results.pdf | https://lbs.mtbaker.us/results/honor-roll/,verified,wave2-baker-grassroots,live-source
mt-baker-legendary-banked-slalom--2023,banked-slalom,groms,NEXT GEN BOYS (ages 8-12),ages 8-12,grom,men,,3,Oliver Johnson,,1:30.96,,https://lbs.mtbaker.us/wp-content/uploads/2023/02/2023-LBS-Final-Results.pdf | https://lbs.mtbaker.us/results/honor-roll/,verified,wave2-baker-grassroots,live-source
mt-baker-legendary-banked-slalom--2023,banked-slalom,juniors,JUNIOR GIRLS (ages 13-15),ages 13-15,junior,women,,1,Jade Knox,,1:21.85,,https://lbs.mtbaker.us/wp-content/uploads/2023/02/2023-LBS-Final-Results.pdf | https://lbs.mtbaker.us/results/honor-roll/,verified,wave2-baker-grassroots,live-source
mt-baker-legendary-banked-slalom--2023,banked-slalom,juniors,JUNIOR BOYS (ages 13-15),ages 13-15,junior,men,,1,Anthony Shelly,,1:13.47,,https://lbs.mtbaker.us/wp-content/uploads/2023/02/2023-LBS-Final-Results.pdf | https://lbs.mtbaker.us/results/honor-roll/,verified,wave2-baker-grassroots,live-source
mt-baker-legendary-banked-slalom--2023,banked-slalom,juniors,JUNIOR GIRLS (ages 13-15),ages 13-15,junior,women,,2,Avery Simmons,,1:26.33,,https://lbs.mtbaker.us/wp-content/uploads/2023/02/2023-LBS-Final-Results.pdf | https://lbs.mtbaker.us/results/honor-roll/,verified,wave2-baker-grassroots,live-source
mt-baker-legendary-banked-slalom--2023,banked-slalom,juniors,JUNIOR BOYS (ages 13-15),ages 13-15,junior,men,,2,Noah Avallone,,1:17.04,,https://lbs.mtbaker.us/wp-content/uploads/2023/02/2023-LBS-Final-Results.pdf | https://lbs.mtbaker.us/results/honor-roll/,verified,wave2-baker-grassroots,live-source
mt-baker-legendary-banked-slalom--2023,banked-slalom,juniors,JUNIOR GIRLS (ages 13-15),ages 13-15,junior,women,,3,Cora Campos,,1:28.38,,https://lbs.mtbaker.us/wp-content/uploads/2023/02/2023-LBS-Final-Results.pdf | https://lbs.mtbaker.us/results/honor-roll/,verified,wave2-baker-grassroots,live-source
mt-baker-legendary-banked-slalom--2023,banked-slalom,juniors,JUNIOR BOYS (ages 13-15),ages 13-15,junior,men,,3,Cash Cooper,,1:19.19,,https://lbs.mtbaker.us/wp-content/uploads/2023/02/2023-LBS-Final-Results.pdf | https://lbs.mtbaker.us/results/honor-roll/,verified,wave2-baker-grassroots,live-source
mt-baker-legendary-banked-slalom--2023,banked-slalom,masters,MASTERS WOMEN (ages 30-39),ages 30-39,masters,women,,1,Janessa Bork,,1:25.32,,https://lbs.mtbaker.us/wp-content/uploads/2023/02/2023-LBS-Final-Results.pdf | https://lbs.mtbaker.us/results/honor-roll/,verified,wave2-baker-grassroots,live-source
mt-baker-legendary-banked-slalom--2023,banked-slalom,masters,MASTERS MEN (ages 30-39),ages 30-39,masters,men,,1,Che Contreras,,1:17.13,,https://lbs.mtbaker.us/wp-content/uploads/2023/02/2023-LBS-Final-Results.pdf | https://lbs.mtbaker.us/results/honor-roll/,verified,wave2-baker-grassroots,live-source
mt-baker-legendary-banked-slalom--2023,banked-slalom,masters,MID MASTERS WOMEN (ages 40-49),ages 40-49,masters,women,,1,Anna Bengtson,,1:29.63,,https://lbs.mtbaker.us/wp-content/uploads/2023/02/2023-LBS-Final-Results.pdf | https://lbs.mtbaker.us/results/honor-roll/,verified,wave2-baker-grassroots,live-source
mt-baker-legendary-banked-slalom--2023,banked-slalom,masters,MID MASTERS MEN (ages 40-49),ages 40-49,masters,men,,1,Chauncey Sorenson,,1:18.43,,https://lbs.mtbaker.us/wp-content/uploads/2023/02/2023-LBS-Final-Results.pdf | https://lbs.mtbaker.us/results/honor-roll/,verified,wave2-baker-grassroots,live-source
mt-baker-legendary-banked-slalom--2023,banked-slalom,masters,GRAND MASTERS WOMEN (ages 50-59),ages 50-59,masters,women,,1,Corey Saxon,,1:32.86,,https://lbs.mtbaker.us/wp-content/uploads/2023/02/2023-LBS-Final-Results.pdf | https://lbs.mtbaker.us/results/honor-roll/,verified,wave2-baker-grassroots,live-source
mt-baker-legendary-banked-slalom--2023,banked-slalom,masters,GRAND MASTERS MEN (ages 50-59),ages 50-59,masters,men,,1,Peter Vinter,,1:21.05,,https://lbs.mtbaker.us/wp-content/uploads/2023/02/2023-LBS-Final-Results.pdf | https://lbs.mtbaker.us/results/honor-roll/,verified,wave2-baker-grassroots,live-source
mt-baker-legendary-banked-slalom--2023,banked-slalom,masters,SUPER MASTERS MEN (ages 60+),ages 60+,masters,men,,1,Luke Edgar,,1:27.31,,https://lbs.mtbaker.us/wp-content/uploads/2023/02/2023-LBS-Final-Results.pdf | https://lbs.mtbaker.us/results/honor-roll/,verified,wave2-baker-grassroots,live-source
mt-baker-legendary-banked-slalom--2023,banked-slalom,masters,PRO MASTERS WOMEN (ages 40-49),ages 40-49,masters,women,,1,Marni Yamada,,1:23.70,,https://lbs.mtbaker.us/wp-content/uploads/2023/02/2023-LBS-Final-Results.pdf | https://lbs.mtbaker.us/results/honor-roll/,verified,wave2-baker-grassroots,live-source
mt-baker-legendary-banked-slalom--2023,banked-slalom,masters,PRO MASTERS MEN (ages 40-49),ages 40-49,masters,men,,1,Pontus Staahlkloo,,1:17.52,,https://lbs.mtbaker.us/wp-content/uploads/2023/02/2023-LBS-Final-Results.pdf | https://lbs.mtbaker.us/results/honor-roll/,verified,wave2-baker-grassroots,live-source
mt-baker-legendary-banked-slalom--2023,banked-slalom,masters,PRO LEGENDS WOMEN (ages 50+),ages 50+,legends,women,,1,Marguerite Cossettini,,1:29.40,,https://lbs.mtbaker.us/wp-content/uploads/2023/02/2023-LBS-Final-Results.pdf | https://lbs.mtbaker.us/results/honor-roll/,verified,wave2-baker-grassroots,live-source
mt-baker-legendary-banked-slalom--2023,banked-slalom,masters,PRO LEGENDS MEN (ages 50+),ages 50+,legends,men,,1,Mark Fawcett,,1:20.02,,https://lbs.mtbaker.us/wp-content/uploads/2023/02/2023-LBS-Final-Results.pdf | https://lbs.mtbaker.us/results/honor-roll/,verified,wave2-baker-grassroots,live-source
mt-baker-legendary-banked-slalom--2023,banked-slalom,masters,MASTERS WOMEN (ages 30-39),ages 30-39,masters,women,,2,Kari Hoss,,1:27.06,,https://lbs.mtbaker.us/wp-content/uploads/2023/02/2023-LBS-Final-Results.pdf | https://lbs.mtbaker.us/results/honor-roll/,verified,wave2-baker-grassroots,live-source
mt-baker-legendary-banked-slalom--2023,banked-slalom,masters,MASTERS MEN (ages 30-39),ages 30-39,masters,men,,2,Craig Newbury,,1:17.35,,https://lbs.mtbaker.us/wp-content/uploads/2023/02/2023-LBS-Final-Results.pdf | https://lbs.mtbaker.us/results/honor-roll/,verified,wave2-baker-grassroots,live-source
mt-baker-legendary-banked-slalom--2023,banked-slalom,masters,MID MASTERS WOMEN (ages 40-49),ages 40-49,masters,women,,2,Amy Jo Palumbo,,1:30.12,,https://lbs.mtbaker.us/wp-content/uploads/2023/02/2023-LBS-Final-Results.pdf | https://lbs.mtbaker.us/results/honor-roll/,verified,wave2-baker-grassroots,live-source
mt-baker-legendary-banked-slalom--2023,banked-slalom,masters,MID MASTERS MEN (ages 40-49),ages 40-49,masters,men,,2,Dustin Anderson,,1:19.80,,https://lbs.mtbaker.us/wp-content/uploads/2023/02/2023-LBS-Final-Results.pdf | https://lbs.mtbaker.us/results/honor-roll/,verified,wave2-baker-grassroots,live-source
mt-baker-legendary-banked-slalom--2023,banked-slalom,masters,GRAND MASTERS WOMEN (ages 50-59),ages 50-59,masters,women,,2,Christine Zander,,1:33.91,,https://lbs.mtbaker.us/wp-content/uploads/2023/02/2023-LBS-Final-Results.pdf | https://lbs.mtbaker.us/results/honor-roll/,verified,wave2-baker-grassroots,live-source
mt-baker-legendary-banked-slalom--2023,banked-slalom,masters,GRAND MASTERS MEN (ages 50-59),ages 50-59,masters,men,,2,Tim Gallagher,,1:21.50,,https://lbs.mtbaker.us/wp-content/uploads/2023/02/2023-LBS-Final-Results.pdf | https://lbs.mtbaker.us/results/honor-roll/,verified,wave2-baker-grassroots,live-source
mt-baker-legendary-banked-slalom--2023,banked-slalom,masters,SUPER MASTERS MEN (ages 60+),ages 60+,masters,men,,2,Randy Haugen,,1:33.62,,https://lbs.mtbaker.us/wp-content/uploads/2023/02/2023-LBS-Final-Results.pdf | https://lbs.mtbaker.us/results/honor-roll/,verified,wave2-baker-grassroots,live-source
mt-baker-legendary-banked-slalom--2023,banked-slalom,masters,PRO MASTERS WOMEN (ages 40-49),ages 40-49,masters,women,,2,Kiana Putnam,,1:26.94,,https://lbs.mtbaker.us/wp-content/uploads/2023/02/2023-LBS-Final-Results.pdf | https://lbs.mtbaker.us/results/honor-roll/,verified,wave2-baker-grassroots,live-source
mt-baker-legendary-banked-slalom--2023,banked-slalom,masters,PRO MASTERS MEN (ages 40-49),ages 40-49,masters,men,,2,Josh Rosen,,1:20.18,,https://lbs.mtbaker.us/wp-content/uploads/2023/02/2023-LBS-Final-Results.pdf | https://lbs.mtbaker.us/results/honor-roll/,verified,wave2-baker-grassroots,live-source
mt-baker-legendary-banked-slalom--2023,banked-slalom,masters,PRO LEGENDS WOMEN (ages 50+),ages 50+,legends,women,,2,Weeg Simmons,,1:31.10,,https://lbs.mtbaker.us/wp-content/uploads/2023/02/2023-LBS-Final-Results.pdf | https://lbs.mtbaker.us/results/honor-roll/,verified,wave2-baker-grassroots,live-source
mt-baker-legendary-banked-slalom--2023,banked-slalom,masters,PRO LEGENDS MEN (ages 50+),ages 50+,legends,men,,2,Jean-Francois Pelchat,,1:21.203,,https://lbs.mtbaker.us/wp-content/uploads/2023/02/2023-LBS-Final-Results.pdf | https://lbs.mtbaker.us/results/honor-roll/,verified,wave2-baker-grassroots,live-source
mt-baker-legendary-banked-slalom--2023,banked-slalom,masters,MASTERS WOMEN (ages 30-39),ages 30-39,masters,women,,3,Zoë Vernon,,1:27.40,,https://lbs.mtbaker.us/wp-content/uploads/2023/02/2023-LBS-Final-Results.pdf | https://lbs.mtbaker.us/results/honor-roll/,verified,wave2-baker-grassroots,live-source
mt-baker-legendary-banked-slalom--2023,banked-slalom,masters,MASTERS MEN (ages 30-39),ages 30-39,masters,men,,3,Michael Scarfi,,1:17.90,,https://lbs.mtbaker.us/wp-content/uploads/2023/02/2023-LBS-Final-Results.pdf | https://lbs.mtbaker.us/results/honor-roll/,verified,wave2-baker-grassroots,live-source
mt-baker-legendary-banked-slalom--2023,banked-slalom,masters,MID MASTERS WOMEN (ages 40-49),ages 40-49,masters,women,,3,Kerilyn Pitaoulis,,1:31.95,,https://lbs.mtbaker.us/wp-content/uploads/2023/02/2023-LBS-Final-Results.pdf | https://lbs.mtbaker.us/results/honor-roll/,verified,wave2-baker-grassroots,live-source
mt-baker-legendary-banked-slalom--2023,banked-slalom,masters,MID MASTERS MEN (ages 40-49),ages 40-49,masters,men,,3,Adam Haynes,,1:19.97,,https://lbs.mtbaker.us/wp-content/uploads/2023/02/2023-LBS-Final-Results.pdf | https://lbs.mtbaker.us/results/honor-roll/,verified,wave2-baker-grassroots,live-source
mt-baker-legendary-banked-slalom--2023,banked-slalom,masters,GRAND MASTERS WOMEN (ages 50-59),ages 50-59,masters,women,,3,Jen Jones,,1:35.03,,https://lbs.mtbaker.us/wp-content/uploads/2023/02/2023-LBS-Final-Results.pdf | https://lbs.mtbaker.us/results/honor-roll/,verified,wave2-baker-grassroots,live-source
mt-baker-legendary-banked-slalom--2023,banked-slalom,masters,GRAND MASTERS MEN (ages 50-59),ages 50-59,masters,men,,3,Tim Weisser,,1:25.45,,https://lbs.mtbaker.us/wp-content/uploads/2023/02/2023-LBS-Final-Results.pdf | https://lbs.mtbaker.us/results/honor-roll/,verified,wave2-baker-grassroots,live-source
mt-baker-legendary-banked-slalom--2023,banked-slalom,masters,SUPER MASTERS MEN (ages 60+),ages 60+,masters,men,,3,Mike Hattrup,,1:38.37,,https://lbs.mtbaker.us/wp-content/uploads/2023/02/2023-LBS-Final-Results.pdf | https://lbs.mtbaker.us/results/honor-roll/,verified,wave2-baker-grassroots,live-source
mt-baker-legendary-banked-slalom--2023,banked-slalom,masters,PRO MASTERS WOMEN (ages 40-49),ages 40-49,masters,women,,3,Lisa Kosglow,,1:27.80,,https://lbs.mtbaker.us/wp-content/uploads/2023/02/2023-LBS-Final-Results.pdf | https://lbs.mtbaker.us/results/honor-roll/,verified,wave2-baker-grassroots,live-source
mt-baker-legendary-banked-slalom--2023,banked-slalom,masters,PRO MASTERS MEN (ages 40-49),ages 40-49,masters,men,,3,Javas Lehn,,1:20.51,,https://lbs.mtbaker.us/wp-content/uploads/2023/02/2023-LBS-Final-Results.pdf | https://lbs.mtbaker.us/results/honor-roll/,verified,wave2-baker-grassroots,live-source
mt-baker-legendary-banked-slalom--2023,banked-slalom,masters,PRO LEGENDS WOMEN (ages 50+),ages 50+,legends,women,,3,Barrett Cummins,,1:31.93,,https://lbs.mtbaker.us/wp-content/uploads/2023/02/2023-LBS-Final-Results.pdf | https://lbs.mtbaker.us/results/honor-roll/,verified,wave2-baker-grassroots,live-source
mt-baker-legendary-banked-slalom--2023,banked-slalom,masters,PRO LEGENDS MEN (ages 50+),ages 50+,legends,men,,3,Jason Kannon,,1:21.209,,https://lbs.mtbaker.us/wp-content/uploads/2023/02/2023-LBS-Final-Results.pdf | https://lbs.mtbaker.us/results/honor-roll/,verified,wave2-baker-grassroots,live-source
mt-baker-legendary-banked-slalom--2023,banked-slalom,pro,PRO WOMEN (all ages),,pro,women,,1,Tess Critchlow,,1:19.37,,https://lbs.mtbaker.us/wp-content/uploads/2023/02/2023-LBS-Final-Results.pdf | https://lbs.mtbaker.us/results/honor-roll/,verified,wave2-baker-grassroots,live-source
mt-baker-legendary-banked-slalom--2023,banked-slalom,pro,PRO MEN (all ages),,pro,men,,1,Harry Kearney,,1:13.49,,https://lbs.mtbaker.us/wp-content/uploads/2023/02/2023-LBS-Final-Results.pdf | https://lbs.mtbaker.us/results/honor-roll/,verified,wave2-baker-grassroots,live-source
mt-baker-legendary-banked-slalom--2023,banked-slalom,pro,PRO WOMEN (all ages),,pro,women,,2,Audrey Hebert,,1:19.48,,https://lbs.mtbaker.us/wp-content/uploads/2023/02/2023-LBS-Final-Results.pdf | https://lbs.mtbaker.us/results/honor-roll/,verified,wave2-baker-grassroots,live-source
mt-baker-legendary-banked-slalom--2023,banked-slalom,pro,PRO MEN (all ages),,pro,men,,2,Chase Josey,,1:14.317,,https://lbs.mtbaker.us/wp-content/uploads/2023/02/2023-LBS-Final-Results.pdf | https://lbs.mtbaker.us/results/honor-roll/,verified,wave2-baker-grassroots,live-source
mt-baker-legendary-banked-slalom--2023,banked-slalom,pro,PRO WOMEN (all ages),,pro,women,,3,Elena Hight,,1:20.50,,https://lbs.mtbaker.us/wp-content/uploads/2023/02/2023-LBS-Final-Results.pdf | https://lbs.mtbaker.us/results/honor-roll/,verified,wave2-baker-grassroots,live-source
mt-baker-legendary-banked-slalom--2023,banked-slalom,pro,PRO MEN (all ages),,pro,men,,3,Darcy Sharpe,,1:15.01,,https://lbs.mtbaker.us/wp-content/uploads/2023/02/2023-LBS-Final-Results.pdf | https://lbs.mtbaker.us/results/honor-roll/,verified,wave2-baker-grassroots,live-source
mt-baker-legendary-banked-slalom--2025,banked-slalom,am,AMATEUR WOMEN (ages 16-29),ages 16-29,amateur,women,,1,Maggie Crompton,,1:13.02,,http://lbs.mtbaker.us/wp-content/uploads/2025/02/2025-LBS-FINAL-RESULTS.pdf | https://lbs.mtbaker.us/results/honor-roll/,verified,wave2-baker-grassroots,live-source
mt-baker-legendary-banked-slalom--2025,banked-slalom,am,AMATEUR MEN,,amateur,men,,1,Henry Hawkins,,1:12.62,,http://lbs.mtbaker.us/wp-content/uploads/2025/02/2025-LBS-FINAL-RESULTS.pdf | https://lbs.mtbaker.us/results/honor-roll/,verified,wave2-baker-grassroots,live-source
mt-baker-legendary-banked-slalom--2025,banked-slalom,am,AMATEUR WOMEN (ages 16-29),ages 16-29,amateur,women,,2,Tate Harkness,,1:15.25,,http://lbs.mtbaker.us/wp-content/uploads/2025/02/2025-LBS-FINAL-RESULTS.pdf | https://lbs.mtbaker.us/results/honor-roll/,verified,wave2-baker-grassroots,live-source
mt-baker-legendary-banked-slalom--2025,banked-slalom,am,AMATEUR MEN,,amateur,men,,2,Owen Cline,,1:12.84,,http://lbs.mtbaker.us/wp-content/uploads/2025/02/2025-LBS-FINAL-RESULTS.pdf | https://lbs.mtbaker.us/results/honor-roll/,verified,wave2-baker-grassroots,live-source
mt-baker-legendary-banked-slalom--2025,banked-slalom,am,AMATEUR WOMEN (ages 16-29),ages 16-29,amateur,women,,3,Cali Carlson,,1:15.44,,http://lbs.mtbaker.us/wp-content/uploads/2025/02/2025-LBS-FINAL-RESULTS.pdf | https://lbs.mtbaker.us/results/honor-roll/,verified,wave2-baker-grassroots,live-source
mt-baker-legendary-banked-slalom--2025,banked-slalom,am,AMATEUR MEN,,amateur,men,,3,Mac Malkoski,,1:13.20,,http://lbs.mtbaker.us/wp-content/uploads/2025/02/2025-LBS-FINAL-RESULTS.pdf | https://lbs.mtbaker.us/results/honor-roll/,verified,wave2-baker-grassroots,live-source
mt-baker-legendary-banked-slalom--2025,banked-slalom,groms,NEXT GEN GIRLS (ages 8-12),ages 8-12,grom,women,,1,Payten Pitaoulis,,1:18.45,,http://lbs.mtbaker.us/wp-content/uploads/2025/02/2025-LBS-FINAL-RESULTS.pdf | https://lbs.mtbaker.us/results/honor-roll/,verified,wave2-baker-grassroots,live-source
mt-baker-legendary-banked-slalom--2025,banked-slalom,groms,NEXT GEN BOYS (ages 8-12),ages 8-12,grom,men,,1,Torger Frail,,1:13.83,,http://lbs.mtbaker.us/wp-content/uploads/2025/02/2025-LBS-FINAL-RESULTS.pdf | https://lbs.mtbaker.us/results/honor-roll/,verified,wave2-baker-grassroots,live-source
mt-baker-legendary-banked-slalom--2025,banked-slalom,groms,NEXT GEN GIRLS (ages 8-12),ages 8-12,grom,women,,2,Brooklyn Beck,,1:20.59,,http://lbs.mtbaker.us/wp-content/uploads/2025/02/2025-LBS-FINAL-RESULTS.pdf | https://lbs.mtbaker.us/results/honor-roll/,verified,wave2-baker-grassroots,live-source
mt-baker-legendary-banked-slalom--2025,banked-slalom,groms,NEXT GEN BOYS (ages 8-12),ages 8-12,grom,men,,2,AJ Pitaoulis,,1:15.24,,http://lbs.mtbaker.us/wp-content/uploads/2025/02/2025-LBS-FINAL-RESULTS.pdf | https://lbs.mtbaker.us/results/honor-roll/,verified,wave2-baker-grassroots,live-source
mt-baker-legendary-banked-slalom--2025,banked-slalom,groms,NEXT GEN GIRLS (ages 8-12),ages 8-12,grom,women,,3,Sofia Towers,,1:25.17,,http://lbs.mtbaker.us/wp-content/uploads/2025/02/2025-LBS-FINAL-RESULTS.pdf | https://lbs.mtbaker.us/results/honor-roll/,verified,wave2-baker-grassroots,live-source
mt-baker-legendary-banked-slalom--2025,banked-slalom,groms,NEXT GEN BOYS (ages 8-12),ages 8-12,grom,men,,3,Xavier Lamoureux,,1:15.83,,http://lbs.mtbaker.us/wp-content/uploads/2025/02/2025-LBS-FINAL-RESULTS.pdf | https://lbs.mtbaker.us/results/honor-roll/,verified,wave2-baker-grassroots,live-source
mt-baker-legendary-banked-slalom--2025,banked-slalom,juniors,JUNIOR GIRLS,,junior,women,,1,Ilya Cooper,,1:15.52,,http://lbs.mtbaker.us/wp-content/uploads/2025/02/2025-LBS-FINAL-RESULTS.pdf | https://lbs.mtbaker.us/results/honor-roll/,verified,wave2-baker-grassroots,live-source
mt-baker-legendary-banked-slalom--2025,banked-slalom,juniors,JUNIOR BOYS (ages 13-15),ages 13-15,junior,men,,1,Kanon Ling,,1:13.88,,http://lbs.mtbaker.us/wp-content/uploads/2025/02/2025-LBS-FINAL-RESULTS.pdf | https://lbs.mtbaker.us/results/honor-roll/,verified,wave2-baker-grassroots,live-source
mt-baker-legendary-banked-slalom--2025,banked-slalom,juniors,JUNIOR GIRLS,,junior,women,,2,Rumi Cooper,,1:16.37,,http://lbs.mtbaker.us/wp-content/uploads/2025/02/2025-LBS-FINAL-RESULTS.pdf | https://lbs.mtbaker.us/results/honor-roll/,verified,wave2-baker-grassroots,live-source
mt-baker-legendary-banked-slalom--2025,banked-slalom,juniors,JUNIOR BOYS (ages 13-15),ages 13-15,junior,men,,2,Terje Lamont,,1:14.46,,http://lbs.mtbaker.us/wp-content/uploads/2025/02/2025-LBS-FINAL-RESULTS.pdf | https://lbs.mtbaker.us/results/honor-roll/,verified,wave2-baker-grassroots,live-source
mt-baker-legendary-banked-slalom--2025,banked-slalom,juniors,JUNIOR GIRLS,,junior,women,,3,Cora Campos,,1:16.57,,http://lbs.mtbaker.us/wp-content/uploads/2025/02/2025-LBS-FINAL-RESULTS.pdf | https://lbs.mtbaker.us/results/honor-roll/,verified,wave2-baker-grassroots,live-source
mt-baker-legendary-banked-slalom--2025,banked-slalom,juniors,JUNIOR BOYS (ages 13-15),ages 13-15,junior,men,,3,Oliver Johnson,,1:14.98,,http://lbs.mtbaker.us/wp-content/uploads/2025/02/2025-LBS-FINAL-RESULTS.pdf | https://lbs.mtbaker.us/results/honor-roll/,verified,wave2-baker-grassroots,live-source
mt-baker-legendary-banked-slalom--2025,banked-slalom,masters,MASTERS WOMEN (ages 30-39),ages 30-39,masters,women,,1,Crista Copoulos,,1:18.69,,http://lbs.mtbaker.us/wp-content/uploads/2025/02/2025-LBS-FINAL-RESULTS.pdf | https://lbs.mtbaker.us/results/honor-roll/,verified,wave2-baker-grassroots,live-source
mt-baker-legendary-banked-slalom--2025,banked-slalom,masters,MASTERS MEN (ages 30-39),ages 30-39,masters,men,,1,Todd Kromer,,1:09.87,,http://lbs.mtbaker.us/wp-content/uploads/2025/02/2025-LBS-FINAL-RESULTS.pdf | https://lbs.mtbaker.us/results/honor-roll/,verified,wave2-baker-grassroots,live-source
mt-baker-legendary-banked-slalom--2025,banked-slalom,masters,MID MASTERS WOMEN (ages 40-49),ages 40-49,masters,women,,1,Anna Bengtson,,1:18.34,,http://lbs.mtbaker.us/wp-content/uploads/2025/02/2025-LBS-FINAL-RESULTS.pdf | https://lbs.mtbaker.us/results/honor-roll/,verified,wave2-baker-grassroots,live-source
mt-baker-legendary-banked-slalom--2025,banked-slalom,masters,MID MASTERS MEN,,masters,men,,1,Craig Newbury,,1:13.03,,http://lbs.mtbaker.us/wp-content/uploads/2025/02/2025-LBS-FINAL-RESULTS.pdf | https://lbs.mtbaker.us/results/honor-roll/,verified,wave2-baker-grassroots,live-source
mt-baker-legendary-banked-slalom--2025,banked-slalom,masters,GRAND MASTERS WOMEN (ages 50-59),ages 50-59,masters,women,,1,Jen Jones,,1:26.41,,http://lbs.mtbaker.us/wp-content/uploads/2025/02/2025-LBS-FINAL-RESULTS.pdf | https://lbs.mtbaker.us/results/honor-roll/,verified,wave2-baker-grassroots,live-source
mt-baker-legendary-banked-slalom--2025,banked-slalom,masters,GRAND MASTERS MEN (ages 50-59),ages 50-59,masters,men,,1,Tim Gallagher,,1:12.43,,http://lbs.mtbaker.us/wp-content/uploads/2025/02/2025-LBS-FINAL-RESULTS.pdf | https://lbs.mtbaker.us/results/honor-roll/,verified,wave2-baker-grassroots,live-source
mt-baker-legendary-banked-slalom--2025,banked-slalom,masters,SUPER MASTERS (ages 60+),ages 60+,masters,unspecified,,1,Douglas Gundlach,,1:23.40,,http://lbs.mtbaker.us/wp-content/uploads/2025/02/2025-LBS-FINAL-RESULTS.pdf | https://lbs.mtbaker.us/results/honor-roll/,verified,wave2-baker-grassroots,live-source
mt-baker-legendary-banked-slalom--2025,banked-slalom,masters,PRO LEGENDS WOMEN (ages 50+),ages 50+,legends,women,,1,Lisa Kosglow,,1:21.10,,http://lbs.mtbaker.us/wp-content/uploads/2025/02/2025-LBS-FINAL-RESULTS.pdf | https://lbs.mtbaker.us/results/honor-roll/,verified,wave2-baker-grassroots,live-source
mt-baker-legendary-banked-slalom--2025,banked-slalom,masters,PRO LEGENDS MEN (ages 50+),ages 50+,legends,men,,1,Pontus Ståhlkloo,,1:11.45,,http://lbs.mtbaker.us/wp-content/uploads/2025/02/2025-LBS-FINAL-RESULTS.pdf | https://lbs.mtbaker.us/results/honor-roll/,verified,wave2-baker-grassroots,live-source
mt-baker-legendary-banked-slalom--2025,banked-slalom,masters,PRO MASTERS WOMEN (ages 40-49),ages 40-49,masters,women,,1,Marni Yamada,,1:16.63,,http://lbs.mtbaker.us/wp-content/uploads/2025/02/2025-LBS-FINAL-RESULTS.pdf | https://lbs.mtbaker.us/results/honor-roll/,verified,wave2-baker-grassroots,live-source
mt-baker-legendary-banked-slalom--2025,banked-slalom,masters,PRO MASTERS MEN (ages 40-49),ages 40-49,masters,men,,1,Chauncey Sorenson,,1:10.12,,http://lbs.mtbaker.us/wp-content/uploads/2025/02/2025-LBS-FINAL-RESULTS.pdf | https://lbs.mtbaker.us/results/honor-roll/,verified,wave2-baker-grassroots,live-source
mt-baker-legendary-banked-slalom--2025,banked-slalom,masters,MASTERS WOMEN (ages 30-39),ages 30-39,masters,women,,2,Terra Samson,,1:18.82,,http://lbs.mtbaker.us/wp-content/uploads/2025/02/2025-LBS-FINAL-RESULTS.pdf | https://lbs.mtbaker.us/results/honor-roll/,verified,wave2-baker-grassroots,live-source
mt-baker-legendary-banked-slalom--2025,banked-slalom,masters,MASTERS MEN (ages 30-39),ages 30-39,masters,men,,2,Che Contreras,,1:11.13,,http://lbs.mtbaker.us/wp-content/uploads/2025/02/2025-LBS-FINAL-RESULTS.pdf | https://lbs.mtbaker.us/results/honor-roll/,verified,wave2-baker-grassroots,live-source
mt-baker-legendary-banked-slalom--2025,banked-slalom,masters,MID MASTERS WOMEN (ages 40-49),ages 40-49,masters,women,,2,Kimmie Lamoureux,,1:19.27,,http://lbs.mtbaker.us/wp-content/uploads/2025/02/2025-LBS-FINAL-RESULTS.pdf | https://lbs.mtbaker.us/results/honor-roll/,verified,wave2-baker-grassroots,live-source
mt-baker-legendary-banked-slalom--2025,banked-slalom,masters,MID MASTERS MEN,,masters,men,,2,Alex Rufibach,,1:13.90,,http://lbs.mtbaker.us/wp-content/uploads/2025/02/2025-LBS-FINAL-RESULTS.pdf | https://lbs.mtbaker.us/results/honor-roll/,verified,wave2-baker-grassroots,live-source
mt-baker-legendary-banked-slalom--2025,banked-slalom,masters,GRAND MASTERS WOMEN (ages 50-59),ages 50-59,masters,women,,2,Christine Zander,,1:27.49,,http://lbs.mtbaker.us/wp-content/uploads/2025/02/2025-LBS-FINAL-RESULTS.pdf | https://lbs.mtbaker.us/results/honor-roll/,verified,wave2-baker-grassroots,live-source
mt-baker-legendary-banked-slalom--2025,banked-slalom,masters,GRAND MASTERS MEN (ages 50-59),ages 50-59,masters,men,,2,Peter Vinter,,1:12.72,,http://lbs.mtbaker.us/wp-content/uploads/2025/02/2025-LBS-FINAL-RESULTS.pdf | https://lbs.mtbaker.us/results/honor-roll/,verified,wave2-baker-grassroots,live-source
mt-baker-legendary-banked-slalom--2025,banked-slalom,masters,SUPER MASTERS (ages 60+),ages 60+,masters,unspecified,,2,Rick Alden,,1:34.41,,http://lbs.mtbaker.us/wp-content/uploads/2025/02/2025-LBS-FINAL-RESULTS.pdf | https://lbs.mtbaker.us/results/honor-roll/,verified,wave2-baker-grassroots,live-source
mt-baker-legendary-banked-slalom--2025,banked-slalom,masters,PRO LEGENDS WOMEN (ages 50+),ages 50+,legends,women,,2,Weeg Simmons,,1:21.70,,http://lbs.mtbaker.us/wp-content/uploads/2025/02/2025-LBS-FINAL-RESULTS.pdf | https://lbs.mtbaker.us/results/honor-roll/,verified,wave2-baker-grassroots,live-source
mt-baker-legendary-banked-slalom--2025,banked-slalom,masters,PRO LEGENDS MEN (ages 50+),ages 50+,legends,men,,2,Mark Fawcett,,1:13.24,,http://lbs.mtbaker.us/wp-content/uploads/2025/02/2025-LBS-FINAL-RESULTS.pdf | https://lbs.mtbaker.us/results/honor-roll/,verified,wave2-baker-grassroots,live-source
mt-baker-legendary-banked-slalom--2025,banked-slalom,masters,PRO MASTERS WOMEN (ages 40-49),ages 40-49,masters,women,,2,Jes Ford,,1:19.66,,http://lbs.mtbaker.us/wp-content/uploads/2025/02/2025-LBS-FINAL-RESULTS.pdf | https://lbs.mtbaker.us/results/honor-roll/,verified,wave2-baker-grassroots,live-source
mt-baker-legendary-banked-slalom--2025,banked-slalom,masters,PRO MASTERS MEN (ages 40-49),ages 40-49,masters,men,,2,Pascal Imhof,,1:12.13,,http://lbs.mtbaker.us/wp-content/uploads/2025/02/2025-LBS-FINAL-RESULTS.pdf | https://lbs.mtbaker.us/results/honor-roll/,verified,wave2-baker-grassroots,live-source
mt-baker-legendary-banked-slalom--2025,banked-slalom,masters,MASTERS WOMEN (ages 30-39),ages 30-39,masters,women,,3,Sacha Jones,,1:18.85,,http://lbs.mtbaker.us/wp-content/uploads/2025/02/2025-LBS-FINAL-RESULTS.pdf | https://lbs.mtbaker.us/results/honor-roll/,verified,wave2-baker-grassroots,live-source
mt-baker-legendary-banked-slalom--2025,banked-slalom,masters,MASTERS MEN (ages 30-39),ages 30-39,masters,men,,3,Tucker Sargent,,1:11.60,,http://lbs.mtbaker.us/wp-content/uploads/2025/02/2025-LBS-FINAL-RESULTS.pdf | https://lbs.mtbaker.us/results/honor-roll/,verified,wave2-baker-grassroots,live-source
mt-baker-legendary-banked-slalom--2025,banked-slalom,masters,MID MASTERS WOMEN (ages 40-49),ages 40-49,masters,women,,3,Annie Fast,,1:20.65,,http://lbs.mtbaker.us/wp-content/uploads/2025/02/2025-LBS-FINAL-RESULTS.pdf | https://lbs.mtbaker.us/results/honor-roll/,verified,wave2-baker-grassroots,live-source
mt-baker-legendary-banked-slalom--2025,banked-slalom,masters,MID MASTERS MEN,,masters,men,,3,Shawn Freyer,,1:14.79,,http://lbs.mtbaker.us/wp-content/uploads/2025/02/2025-LBS-FINAL-RESULTS.pdf | https://lbs.mtbaker.us/results/honor-roll/,verified,wave2-baker-grassroots,live-source
mt-baker-legendary-banked-slalom--2025,banked-slalom,masters,GRAND MASTERS WOMEN (ages 50-59),ages 50-59,masters,women,,3,Julie Brown,,1:28.45,,http://lbs.mtbaker.us/wp-content/uploads/2025/02/2025-LBS-FINAL-RESULTS.pdf | https://lbs.mtbaker.us/results/honor-roll/,verified,wave2-baker-grassroots,live-source
mt-baker-legendary-banked-slalom--2025,banked-slalom,masters,GRAND MASTERS MEN (ages 50-59),ages 50-59,masters,men,,3,Mark Fankhauser,,1:13.70,,http://lbs.mtbaker.us/wp-content/uploads/2025/02/2025-LBS-FINAL-RESULTS.pdf | https://lbs.mtbaker.us/results/honor-roll/,verified,wave2-baker-grassroots,live-source
mt-baker-legendary-banked-slalom--2025,banked-slalom,masters,SUPER MASTERS (ages 60+),ages 60+,masters,unspecified,,3,Ken Achenbach,,1:34.72,,http://lbs.mtbaker.us/wp-content/uploads/2025/02/2025-LBS-FINAL-RESULTS.pdf | https://lbs.mtbaker.us/results/honor-roll/,verified,wave2-baker-grassroots,live-source
mt-baker-legendary-banked-slalom--2025,banked-slalom,masters,PRO LEGENDS WOMEN (ages 50+),ages 50+,legends,women,,3,Barrett Cummins,,1:23.06,,http://lbs.mtbaker.us/wp-content/uploads/2025/02/2025-LBS-FINAL-RESULTS.pdf | https://lbs.mtbaker.us/results/honor-roll/,verified,wave2-baker-grassroots,live-source
mt-baker-legendary-banked-slalom--2025,banked-slalom,masters,PRO LEGENDS MEN (ages 50+),ages 50+,legends,men,,3,Jason Loeb,,1:14.40,,http://lbs.mtbaker.us/wp-content/uploads/2025/02/2025-LBS-FINAL-RESULTS.pdf | https://lbs.mtbaker.us/results/honor-roll/,verified,wave2-baker-grassroots,live-source
mt-baker-legendary-banked-slalom--2025,banked-slalom,masters,PRO MASTERS WOMEN (ages 40-49),ages 40-49,masters,women,,3,Rel Friedman,,1:21.28,,http://lbs.mtbaker.us/wp-content/uploads/2025/02/2025-LBS-FINAL-RESULTS.pdf | https://lbs.mtbaker.us/results/honor-roll/,verified,wave2-baker-grassroots,live-source
mt-baker-legendary-banked-slalom--2025,banked-slalom,masters,PRO MASTERS MEN (ages 40-49),ages 40-49,masters,men,,3,Hans Jangaard,,1:14.00,,http://lbs.mtbaker.us/wp-content/uploads/2025/02/2025-LBS-FINAL-RESULTS.pdf | https://lbs.mtbaker.us/results/honor-roll/,verified,wave2-baker-grassroots,live-source
mt-baker-legendary-banked-slalom--2025,banked-slalom,open,NON-BINARY (all ages),,open,mixed,,1,Vincent Fava,,1:22.35,,http://lbs.mtbaker.us/wp-content/uploads/2025/02/2025-LBS-FINAL-RESULTS.pdf | https://lbs.mtbaker.us/results/honor-roll/,verified,wave2-baker-grassroots,live-source
mt-baker-legendary-banked-slalom--2025,banked-slalom,open,PARA SNOWBOARD (all ages),,para,mixed,,1,Ben Tudhope,,1:15.66,,http://lbs.mtbaker.us/wp-content/uploads/2025/02/2025-LBS-FINAL-RESULTS.pdf | https://lbs.mtbaker.us/results/honor-roll/,verified,wave2-baker-grassroots,live-source
mt-baker-legendary-banked-slalom--2025,banked-slalom,open,FASTEST TIME OVERALL,,open,mixed,,1,Tucker Andrews,,1:08.67,,http://lbs.mtbaker.us/wp-content/uploads/2025/02/2025-LBS-FINAL-RESULTS.pdf | https://lbs.mtbaker.us/results/honor-roll/,verified,wave2-baker-grassroots,live-source
mt-baker-legendary-banked-slalom--2025,banked-slalom,open,SWITCH WOMEN (all ages),,open,women,,1,Amalia Pelchat,,1:27.86,,http://lbs.mtbaker.us/wp-content/uploads/2025/02/2025-LBS-FINAL-RESULTS.pdf | https://lbs.mtbaker.us/results/honor-roll/,verified,wave2-baker-grassroots,live-source
mt-baker-legendary-banked-slalom--2025,banked-slalom,open,SWITCH MEN (all ages),,open,men,,1,Chase Josey,,1:16.20,,http://lbs.mtbaker.us/wp-content/uploads/2025/02/2025-LBS-FINAL-RESULTS.pdf | https://lbs.mtbaker.us/results/honor-roll/,verified,wave2-baker-grassroots,live-source
mt-baker-legendary-banked-slalom--2025,banked-slalom,open,NON-BINARY (all ages),,open,mixed,,2,T. Max,,1:29.12,,http://lbs.mtbaker.us/wp-content/uploads/2025/02/2025-LBS-FINAL-RESULTS.pdf | https://lbs.mtbaker.us/results/honor-roll/,verified,wave2-baker-grassroots,live-source
mt-baker-legendary-banked-slalom--2025,banked-slalom,open,PARA SNOWBOARD (all ages),,para,mixed,,2,Noah Elliott,,1:19.48,,http://lbs.mtbaker.us/wp-content/uploads/2025/02/2025-LBS-FINAL-RESULTS.pdf | https://lbs.mtbaker.us/results/honor-roll/,verified,wave2-baker-grassroots,live-source
mt-baker-legendary-banked-slalom--2025,banked-slalom,open,SWITCH WOMEN (all ages),,open,women,,2,Maggie Crompton,,1:36.90,,http://lbs.mtbaker.us/wp-content/uploads/2025/02/2025-LBS-FINAL-RESULTS.pdf | https://lbs.mtbaker.us/results/honor-roll/,verified,wave2-baker-grassroots,live-source
mt-baker-legendary-banked-slalom--2025,banked-slalom,open,SWITCH MEN (all ages),,open,men,,2,Hans Mindnich,,1:19.30,,http://lbs.mtbaker.us/wp-content/uploads/2025/02/2025-LBS-FINAL-RESULTS.pdf | https://lbs.mtbaker.us/results/honor-roll/,verified,wave2-baker-grassroots,live-source
mt-baker-legendary-banked-slalom--2025,banked-slalom,open,NON-BINARY (all ages),,open,mixed,,3,Gillian Kelly,,1:39.97,,http://lbs.mtbaker.us/wp-content/uploads/2025/02/2025-LBS-FINAL-RESULTS.pdf | https://lbs.mtbaker.us/results/honor-roll/,verified,wave2-baker-grassroots,live-source
mt-baker-legendary-banked-slalom--2025,banked-slalom,open,PARA SNOWBOARD (all ages),,para,mixed,,3,Jason Walker,,1:31.09,,http://lbs.mtbaker.us/wp-content/uploads/2025/02/2025-LBS-FINAL-RESULTS.pdf | https://lbs.mtbaker.us/results/honor-roll/,verified,wave2-baker-grassroots,live-source
mt-baker-legendary-banked-slalom--2025,banked-slalom,open,SWITCH WOMEN (all ages),,open,women,,3,Kiana Putman,,2:19.43,,http://lbs.mtbaker.us/wp-content/uploads/2025/02/2025-LBS-FINAL-RESULTS.pdf | https://lbs.mtbaker.us/results/honor-roll/,verified,wave2-baker-grassroots,live-source
mt-baker-legendary-banked-slalom--2025,banked-slalom,open,SWITCH MEN (all ages),,open,men,,3,David Faircloth,,1:25.25,,http://lbs.mtbaker.us/wp-content/uploads/2025/02/2025-LBS-FINAL-RESULTS.pdf | https://lbs.mtbaker.us/results/honor-roll/,verified,wave2-baker-grassroots,live-source
mt-baker-legendary-banked-slalom--2025,banked-slalom,pro,PRO WOMEN (all ages),,pro,women,,1,Mary Rand,,1:14.41,,http://lbs.mtbaker.us/wp-content/uploads/2025/02/2025-LBS-FINAL-RESULTS.pdf | https://lbs.mtbaker.us/results/honor-roll/,verified,wave2-baker-grassroots,live-source
mt-baker-legendary-banked-slalom--2025,banked-slalom,pro,PRO MEN (all ages),,pro,men,,1,Harry Kearney,,1:09.19,,http://lbs.mtbaker.us/wp-content/uploads/2025/02/2025-LBS-FINAL-RESULTS.pdf | https://lbs.mtbaker.us/results/honor-roll/,verified,wave2-baker-grassroots,live-source
mt-baker-legendary-banked-slalom--2025,banked-slalom,pro,PRO WOMEN (all ages),,pro,women,,2,Amalia Pelchat,,1:15.52,,http://lbs.mtbaker.us/wp-content/uploads/2025/02/2025-LBS-FINAL-RESULTS.pdf | https://lbs.mtbaker.us/results/honor-roll/,verified,wave2-baker-grassroots,live-source
mt-baker-legendary-banked-slalom--2025,banked-slalom,pro,PRO MEN (all ages),,pro,men,,2,Chase Josey,,1:09.28,,http://lbs.mtbaker.us/wp-content/uploads/2025/02/2025-LBS-FINAL-RESULTS.pdf | https://lbs.mtbaker.us/results/honor-roll/,verified,wave2-baker-grassroots,live-source
mt-baker-legendary-banked-slalom--2025,banked-slalom,pro,PRO WOMEN (all ages),,pro,women,,3,Katie Anderson,,1:15.84,,http://lbs.mtbaker.us/wp-content/uploads/2025/02/2025-LBS-FINAL-RESULTS.pdf | https://lbs.mtbaker.us/results/honor-roll/,verified,wave2-baker-grassroots,live-source
mt-baker-legendary-banked-slalom--2025,banked-slalom,pro,PRO MEN (all ages),,pro,men,,3,Cannon Cummins,,1:09.65,,http://lbs.mtbaker.us/wp-content/uploads/2025/02/2025-LBS-FINAL-RESULTS.pdf | https://lbs.mtbaker.us/results/honor-roll/,verified,wave2-baker-grassroots,live-source
national-snurfing-championships--1968,other,mens,,,open,men,,1,Ted Slater,USA,,,https://www.michigansnowboardmuseum.com/michigan-snowboarding-history-timeline.html,likely,v0.1-legacy-80s-90s,live-source
national-snurfing-championships--1968,other,womens,,,open,women,,1,Sally Waite,USA,,,https://www.michigansnowboardmuseum.com/michigan-snowboarding-history-timeline.html,likely,v0.1-legacy-80s-90s,live-source
national-snurfing-championships--1974,other,open,,,open,mixed,,1,Jon Albaitis,USA,,,https://www.michigansnowboardmuseum.com/michigan-snowboarding-history-timeline.html,likely,v0.1-legacy-80s-90s,live-source
national-snurfing-championships--1976,other,open,,,open,mixed,,1,Bill Pushaw,USA,,,https://www.michigansnowboardmuseum.com/michigan-snowboarding-history-timeline.html,likely,v0.1-legacy-80s-90s,live-source
national-snurfing-championships--1977,other,open,,,open,mixed,,1,James Trim,USA,,,https://www.michigansnowboardmuseum.com/michigan-snowboarding-history-timeline.html,likely,v0.1-legacy-80s-90s,live-source
national-snurfing-championships--1978,other,open,,,open,mixed,,1,Jim Trim,USA,$400 first prize,,https://www.michigansnowboardmuseum.com/michigan-snowboarding-history-timeline.html,likely,v0.1-legacy-80s-90s,live-source
national-snurfing-championships--1979,other,open,,,open,mixed,,1,Ken Campenia,USA,,,https://www.michigansnowboardmuseum.com/michigan-snowboarding-history-timeline.html,likely,v0.1-legacy-80s-90s,live-source
national-snurfing-championships--1980,downhill,open,,,open,mixed,,1,Bill Pushaw,USA,,,https://www.michigansnowboardmuseum.com/michigan-snowboarding-history-timeline.html,likely,v0.1-legacy-80s-90s,live-source
national-snurfing-championships--1980,slalom,open,,,open,mixed,,1,Doug Bouton,USA,,,https://www.michigansnowboardmuseum.com/michigan-snowboarding-history-timeline.html,likely,v0.1-legacy-80s-90s,live-source
national-snurfing-championships--1981,downhill,open,,,open,mixed,,1,Tom Pushaw,USA,,,https://www.michigansnowboardmuseum.com/michigan-snowboarding-history-timeline.html,likely,v0.1-legacy-80s-90s,live-source
national-snurfing-championships--1981,slalom,open,,,open,mixed,,1,Bob Novak,USA,,,https://www.michigansnowboardmuseum.com/michigan-snowboarding-history-timeline.html,likely,v0.1-legacy-80s-90s,live-source
national-snurfing-championships--1984,other,open,,,open,mixed,,1,Bob Novak,USA,,,https://www.michigansnowboardmuseum.com/michigan-snowboarding-history-timeline.html,likely,v0.1-legacy-80s-90s,live-source
neil-edgeworth-memorial-banked-slalom--2017,banked-slalom,mens,,,open,men,,1,Tom Velisek,CAN,1:24:09,,https://www.bigwhite.com/explore-big-white/blog/telus-park/big-white-hosts-20th-annual-neil-edgeworth-banked-slalom,verified,wave2-canada,live-source
neil-edgeworth-memorial-banked-slalom--2017,banked-slalom,womens,,,open,women,,1,Stephanie Haines,CAN,1:29:65,,https://www.bigwhite.com/explore-big-white/blog/telus-park/big-white-hosts-20th-annual-neil-edgeworth-banked-slalom,verified,wave2-canada,live-source
neil-edgeworth-memorial-banked-slalom--2024,banked-slalom,masters,,,masters,unspecified,,1,Dustin Ferris,CAN,01:38.80,,https://www.bcsnowboard.com/wp-content/uploads/NEBS-2024-Final-Results.pdf | https://www.bcsnowboard.com/2024-event-results/,verified,wave2-canada,live-source
neil-edgeworth-memorial-banked-slalom--2024,banked-slalom,masters,,,masters,unspecified,,2,Brett Tippie,CAN,01:41.99,,https://www.bcsnowboard.com/wp-content/uploads/NEBS-2024-Final-Results.pdf | https://www.bcsnowboard.com/2024-event-results/,verified,wave2-canada,live-source
neil-edgeworth-memorial-banked-slalom--2024,banked-slalom,masters,,,masters,unspecified,,3,Michael Orr,CAN,01:42.17,,https://www.bcsnowboard.com/wp-content/uploads/NEBS-2024-Final-Results.pdf | https://www.bcsnowboard.com/2024-event-results/,verified,wave2-canada,live-source
neil-edgeworth-memorial-banked-slalom--2024,banked-slalom,mens,,,open,men,,1,Anthony Shelly,CAN,01:28.50,,https://www.bcsnowboard.com/wp-content/uploads/NEBS-2024-Final-Results.pdf | https://www.bcsnowboard.com/2024-event-results/,verified,wave2-canada,live-source
neil-edgeworth-memorial-banked-slalom--2024,banked-slalom,mens,,,open,men,,2,Kevin Hill,CAN,01:31.27,,https://www.bcsnowboard.com/wp-content/uploads/NEBS-2024-Final-Results.pdf | https://www.bcsnowboard.com/2024-event-results/,verified,wave2-canada,live-source
neil-edgeworth-memorial-banked-slalom--2024,banked-slalom,mens,,,open,men,,3,Dan Barker,CAN,01:31.85,,https://www.bcsnowboard.com/wp-content/uploads/NEBS-2024-Final-Results.pdf | https://www.bcsnowboard.com/2024-event-results/,verified,wave2-canada,live-source
neil-edgeworth-memorial-banked-slalom--2024,banked-slalom,womens,,,open,women,,1,Tess Critchlow,CAN,01:37.36,,https://www.bcsnowboard.com/wp-content/uploads/NEBS-2024-Final-Results.pdf | https://www.bcsnowboard.com/2024-event-results/,verified,wave2-canada,live-source
neil-edgeworth-memorial-banked-slalom--2024,banked-slalom,womens,,,open,women,,2,Tara Hickey,CAN,01:43.83,,https://www.bcsnowboard.com/wp-content/uploads/NEBS-2024-Final-Results.pdf | https://www.bcsnowboard.com/2024-event-results/,verified,wave2-canada,live-source
neil-edgeworth-memorial-banked-slalom--2024,banked-slalom,womens,,,open,women,,3,Carleigh Quiring,CAN,01:45.66,,https://www.bcsnowboard.com/wp-content/uploads/NEBS-2024-Final-Results.pdf | https://www.bcsnowboard.com/2024-event-results/,verified,wave2-canada,live-source
neil-edgeworth-memorial-banked-slalom--2025,banked-slalom,masters,,,masters,unspecified,,1,Carl Cowtan,,1:30.42,,https://www.bcsnowboard.com/wp-content/uploads/NEBS-Final-Results-26th-Annual.March-28-30-2025.pdf | https://www.bcsnowboard.com/2025-event-results/,verified,wave2-canada,live-source
neil-edgeworth-memorial-banked-slalom--2025,banked-slalom,masters,,,masters,unspecified,,2,Brandon Frail,,1:33.92,,https://www.bcsnowboard.com/wp-content/uploads/NEBS-Final-Results-26th-Annual.March-28-30-2025.pdf | https://www.bcsnowboard.com/2025-event-results/,verified,wave2-canada,live-source
neil-edgeworth-memorial-banked-slalom--2025,banked-slalom,masters,,,masters,unspecified,,3,Roland Hould,,1:34.37,,https://www.bcsnowboard.com/wp-content/uploads/NEBS-Final-Results-26th-Annual.March-28-30-2025.pdf | https://www.bcsnowboard.com/2025-event-results/,verified,wave2-canada,live-source
neil-edgeworth-memorial-banked-slalom--2025,banked-slalom,mens,,,open,men,,1,Chris Bradley,,1:26.51,,https://www.bcsnowboard.com/wp-content/uploads/NEBS-Final-Results-26th-Annual.March-28-30-2025.pdf | https://www.bcsnowboard.com/2025-event-results/,verified,wave2-canada,live-source
neil-edgeworth-memorial-banked-slalom--2025,banked-slalom,mens,,,open,men,,2,Kai Hooper,,1:27.10,,https://www.bcsnowboard.com/wp-content/uploads/NEBS-Final-Results-26th-Annual.March-28-30-2025.pdf | https://www.bcsnowboard.com/2025-event-results/,verified,wave2-canada,live-source
neil-edgeworth-memorial-banked-slalom--2025,banked-slalom,mens,,,open,men,,3,Dan Barker,,1:27.51,,https://www.bcsnowboard.com/wp-content/uploads/NEBS-Final-Results-26th-Annual.March-28-30-2025.pdf | https://www.bcsnowboard.com/2025-event-results/,verified,wave2-canada,live-source
neil-edgeworth-memorial-banked-slalom--2025,banked-slalom,womens,,,open,women,,1,Carleigh Quiring,,1:34.28,,https://www.bcsnowboard.com/wp-content/uploads/NEBS-Final-Results-26th-Annual.March-28-30-2025.pdf | https://www.bcsnowboard.com/2025-event-results/,verified,wave2-canada,live-source
neil-edgeworth-memorial-banked-slalom--2025,banked-slalom,womens,,,open,women,,2,Kiana Putman,,1:36.68,,https://www.bcsnowboard.com/wp-content/uploads/NEBS-Final-Results-26th-Annual.March-28-30-2025.pdf | https://www.bcsnowboard.com/2025-event-results/,verified,wave2-canada,live-source
neil-edgeworth-memorial-banked-slalom--2025,banked-slalom,womens,,,open,women,,3,Annie Akehurst,,1:37.10,,https://www.bcsnowboard.com/wp-content/uploads/NEBS-Final-Results-26th-Annual.March-28-30-2025.pdf | https://www.bcsnowboard.com/2025-event-results/,verified,wave2-canada,live-source
nescafe-champs-leysin--2010,halfpipe,mens,,,open,men,,1,Johann Baisamy,FRA,,,https://www.worldsnowboardfederation.org/french-dominate-at-the-4star-nescafe-champs/ | https://www.worldsnowboardfederation.org/world-n2-podlatdtchikov-sui-at-the-4star-nescafe-champs/,verified,wave2-japan-europe,live-source
nescafe-champs-leysin--2010,halfpipe,mens,,,open,men,,2,Patrick Burgener,SUI,,,https://www.worldsnowboardfederation.org/french-dominate-at-the-4star-nescafe-champs/ | https://www.worldsnowboardfederation.org/world-n2-podlatdtchikov-sui-at-the-4star-nescafe-champs/,verified,wave2-japan-europe,live-source
nescafe-champs-leysin--2010,halfpipe,mens,,,open,men,,3,Maxence Tevelle,FRA,,,https://www.worldsnowboardfederation.org/french-dominate-at-the-4star-nescafe-champs/ | https://www.worldsnowboardfederation.org/world-n2-podlatdtchikov-sui-at-the-4star-nescafe-champs/,verified,wave2-japan-europe,live-source
nescafe-champs-leysin--2011,slopestyle,mens,,,open,men,,1,Lucien Koch,SUI,,,https://www.worldsnowboardguide.com/news/cilka-sadar---lucien-koch-win-2011-champ-in-leysin.html | https://www.worldsnowboardfederation.org/5star-nescafe-champ-leysin2011-titles-go-to-cilka-sadar-and-lucien-koch/,verified,wave2-japan-europe,live-source
nescafe-champs-leysin--2011,slopestyle,mens,,,open,men,,2,Risto Mattila,FIN,,,https://www.worldsnowboardguide.com/news/cilka-sadar---lucien-koch-win-2011-champ-in-leysin.html | https://www.worldsnowboardfederation.org/5star-nescafe-champ-leysin2011-titles-go-to-cilka-sadar-and-lucien-koch/,verified,wave2-japan-europe,live-source
nescafe-champs-leysin--2011,slopestyle,mens,,,open,men,,3,Niklas Mattson,SWE,,,https://www.worldsnowboardguide.com/news/cilka-sadar---lucien-koch-win-2011-champ-in-leysin.html | https://www.worldsnowboardfederation.org/5star-nescafe-champ-leysin2011-titles-go-to-cilka-sadar-and-lucien-koch/,verified,wave2-japan-europe,live-source
nescafe-champs-leysin--2011,slopestyle,womens,,,open,women,,1,Cilka Sadar,SLO,,,https://www.worldsnowboardguide.com/news/cilka-sadar---lucien-koch-win-2011-champ-in-leysin.html | https://www.worldsnowboardfederation.org/5star-nescafe-champ-leysin2011-titles-go-to-cilka-sadar-and-lucien-koch/,verified,wave2-japan-europe,live-source
nescafe-champs-leysin--2011,slopestyle,womens,,,open,women,,2,Ursina Haller,SUI,,,https://www.worldsnowboardguide.com/news/cilka-sadar---lucien-koch-win-2011-champ-in-leysin.html | https://www.worldsnowboardfederation.org/5star-nescafe-champ-leysin2011-titles-go-to-cilka-sadar-and-lucien-koch/,verified,wave2-japan-europe,live-source
nescafe-champs-leysin--2011,slopestyle,womens,,,open,women,,3,Isabel Derungs,SUI,,,https://www.worldsnowboardguide.com/news/cilka-sadar---lucien-koch-win-2011-champ-in-leysin.html | https://www.worldsnowboardfederation.org/5star-nescafe-champ-leysin2011-titles-go-to-cilka-sadar-and-lucien-koch/,verified,wave2-japan-europe,live-source
olympic-snowboarding--1998,giant-slalom,mens,,,open,men,,1,Ross Rebagliati,CAN,"2:03.96 - disqualified two days after the event for a positive marijuana test, then reinstated as gold medallist on 12 February 1998 by the Court of Arbitration for Sport",,https://www.olympedia.org/results/1616,verified,wave2-olympics,live-source
olympic-snowboarding--1998,giant-slalom,mens,,,open,men,,2,Thomas Prugger,ITA,2:03.98,,https://www.olympedia.org/results/1616,verified,wave2-olympics,live-source
olympic-snowboarding--1998,giant-slalom,mens,,,open,men,,3,Ueli Kestenholz,SUI,2:04.08,,https://www.olympedia.org/results/1616,verified,wave2-olympics,live-source
olympic-snowboarding--1998,giant-slalom,womens,,,open,women,,1,Karine Ruby,FRA,2:17.34,,https://www.olympedia.org/results/1626,verified,wave2-olympics,live-source
olympic-snowboarding--1998,giant-slalom,womens,,,open,women,,2,Heidi Renoth,GER,2:19.17,,https://www.olympedia.org/results/1626,verified,wave2-olympics,live-source
olympic-snowboarding--1998,giant-slalom,womens,,,open,women,,3,Brigitte Köck,AUT,2:19.42,,https://www.olympedia.org/results/1626,verified,wave2-olympics,live-source
olympic-snowboarding--1998,halfpipe,mens,,,open,men,,1,Gian Simmen,SUI,85.2 points,,https://www.olympedia.org/results/1619,verified,wave2-olympics,live-source
olympic-snowboarding--1998,halfpipe,mens,,,open,men,,2,Daniel Franck,NOR,82.4 points,,https://www.olympedia.org/results/1619,verified,wave2-olympics,live-source
olympic-snowboarding--1998,halfpipe,mens,,,open,men,,3,Ross Powers,USA,82.1 points,,https://www.olympedia.org/results/1619,verified,wave2-olympics,live-source
olympic-snowboarding--1998,halfpipe,womens,,,open,women,,1,Nicola Thost,GER,74.6 points,,https://www.olympedia.org/results/1629,verified,wave2-olympics,live-source
olympic-snowboarding--1998,halfpipe,womens,,,open,women,,2,Stine Brun Kjeldaas,NOR,74.2 points,,https://www.olympedia.org/results/1629,verified,wave2-olympics,live-source
olympic-snowboarding--1998,halfpipe,womens,,,open,women,,3,Shannon Dunn,USA,72.8 points,,https://www.olympedia.org/results/1629,verified,wave2-olympics,live-source
olympic-snowboarding--2002,halfpipe,mens,,,open,men,,1,Ross Powers,USA,46.1 points,,https://www.olympedia.org/results/1657,verified,wave2-olympics,live-source
olympic-snowboarding--2002,halfpipe,mens,,,open,men,,2,Danny Kass,USA,42.5 points,,https://www.olympedia.org/results/1657,verified,wave2-olympics,live-source
olympic-snowboarding--2002,halfpipe,mens,,,open,men,,3,JJ Thomas,USA,42.1 points,,https://www.olympedia.org/results/1657,verified,wave2-olympics,live-source
olympic-snowboarding--2002,halfpipe,womens,,,open,women,,1,Kelly Clark,USA,47.9 points,,https://www.olympedia.org/results/1685,verified,wave2-olympics,live-source
olympic-snowboarding--2002,halfpipe,womens,,,open,women,,2,Doriane Vidal,FRA,43.0 points,,https://www.olympedia.org/results/1685,verified,wave2-olympics,live-source
olympic-snowboarding--2002,halfpipe,womens,,,open,women,,3,Fabienne Reuteler,SUI,39.7 points,,https://www.olympedia.org/results/1685,verified,wave2-olympics,live-source
olympic-snowboarding--2002,parallel-giant-slalom,mens,,,open,men,,1,Philipp Schoch,SUI,,,https://www.olympedia.org/results/1636,verified,wave2-olympics,live-source
olympic-snowboarding--2002,parallel-giant-slalom,mens,,,open,men,,2,Richard Richardsson,SWE,,,https://www.olympedia.org/results/1636,verified,wave2-olympics,live-source
olympic-snowboarding--2002,parallel-giant-slalom,mens,,,open,men,,3,Chris Klug,USA,,,https://www.olympedia.org/results/1636,verified,wave2-olympics,live-source
olympic-snowboarding--2002,parallel-giant-slalom,womens,,,open,women,,1,Isabelle Blanc,FRA,,,https://www.olympedia.org/results/1664,verified,wave2-olympics,live-source
olympic-snowboarding--2002,parallel-giant-slalom,womens,,,open,women,,2,Karine Ruby,FRA,,,https://www.olympedia.org/results/1664,verified,wave2-olympics,live-source
olympic-snowboarding--2002,parallel-giant-slalom,womens,,,open,women,,3,Lidia Trettel,ITA,,,https://www.olympedia.org/results/1664,verified,wave2-olympics,live-source
olympic-snowboarding--2006,boardercross,mens,,,open,men,,1,Seth Wescott,USA,,,https://www.olympedia.org/results/1726,verified,wave2-olympics,live-source
olympic-snowboarding--2006,boardercross,mens,,,open,men,,2,Radoslav Židek,SVK,,,https://www.olympedia.org/results/1726,verified,wave2-olympics,live-source
olympic-snowboarding--2006,boardercross,mens,,,open,men,,3,Paul-Henri De Le Rue,FRA,,,https://www.olympedia.org/results/1726,verified,wave2-olympics,live-source
olympic-snowboarding--2006,boardercross,womens,,,open,women,,1,Tanja Frieden,SUI,,,https://www.olympedia.org/results/1786,verified,wave2-olympics,live-source
olympic-snowboarding--2006,boardercross,womens,,,open,women,,2,Lindsey Jacobellis,USA,,,https://www.olympedia.org/results/1786,verified,wave2-olympics,live-source
olympic-snowboarding--2006,boardercross,womens,,,open,women,,3,Dominique Maltais,CAN,,,https://www.olympedia.org/results/1786,verified,wave2-olympics,live-source
olympic-snowboarding--2006,halfpipe,mens,,,open,men,,1,Shaun White,USA,46.8 points,,https://www.olympedia.org/results/1719,verified,wave2-olympics,live-source
olympic-snowboarding--2006,halfpipe,mens,,,open,men,,2,Danny Kass,USA,44.0 points,,https://www.olympedia.org/results/1719,verified,wave2-olympics,live-source
olympic-snowboarding--2006,halfpipe,mens,,,open,men,,3,Markku Koski,FIN,41.5 points,,https://www.olympedia.org/results/1719,verified,wave2-olympics,live-source
olympic-snowboarding--2006,halfpipe,womens,,,open,women,,1,Hannah Teter,USA,46.4 points,,https://www.olympedia.org/results/1779,verified,wave2-olympics,live-source
olympic-snowboarding--2006,halfpipe,womens,,,open,women,,2,Gretchen Bleiler,USA,43.4 points,,https://www.olympedia.org/results/1779,verified,wave2-olympics,live-source
olympic-snowboarding--2006,halfpipe,womens,,,open,women,,3,Kjersti Buaas,NOR,42.0 points,,https://www.olympedia.org/results/1779,verified,wave2-olympics,live-source
olympic-snowboarding--2006,parallel-giant-slalom,mens,,,open,men,,1,Philipp Schoch,SUI,,,https://www.olympedia.org/results/1692,verified,wave2-olympics,live-source
olympic-snowboarding--2006,parallel-giant-slalom,mens,,,open,men,,2,Simon Schoch,SUI,,,https://www.olympedia.org/results/1692,verified,wave2-olympics,live-source
olympic-snowboarding--2006,parallel-giant-slalom,mens,,,open,men,,3,Sigi Grabner,AUT,,,https://www.olympedia.org/results/1692,verified,wave2-olympics,live-source
olympic-snowboarding--2006,parallel-giant-slalom,womens,,,open,women,,1,Daniela Meuli,SUI,,,https://www.olympedia.org/results/1752,verified,wave2-olympics,live-source
olympic-snowboarding--2006,parallel-giant-slalom,womens,,,open,women,,2,Amelie Kober,GER,,,https://www.olympedia.org/results/1752,verified,wave2-olympics,live-source
olympic-snowboarding--2006,parallel-giant-slalom,womens,,,open,women,,3,Rosey Fletcher,USA,,,https://www.olympedia.org/results/1752,verified,wave2-olympics,live-source
olympic-snowboarding--2010,boardercross,mens,,,open,men,,1,Seth Wescott,USA,,,https://www.olympedia.org/results/924389,verified,wave2-olympics,live-source
olympic-snowboarding--2010,boardercross,mens,,,open,men,,2,Mike Robertson,CAN,,,https://www.olympedia.org/results/924389,verified,wave2-olympics,live-source
olympic-snowboarding--2010,boardercross,mens,,,open,men,,3,Tony Ramoin,FRA,,,https://www.olympedia.org/results/924389,verified,wave2-olympics,live-source
olympic-snowboarding--2010,boardercross,womens,,,open,women,,1,Maëlle Ricker,CAN,,,https://www.olympedia.org/results/924454,verified,wave2-olympics,live-source
olympic-snowboarding--2010,boardercross,womens,,,open,women,,2,Déborah Anthonioz,FRA,,,https://www.olympedia.org/results/924454,verified,wave2-olympics,live-source
olympic-snowboarding--2010,boardercross,womens,,,open,women,,3,Olivia Nobs,SUI,,,https://www.olympedia.org/results/924454,verified,wave2-olympics,live-source
olympic-snowboarding--2010,halfpipe,mens,,,open,men,,1,Shaun White,USA,48.4 points,,https://www.olympedia.org/results/924379,verified,wave2-olympics,live-source
olympic-snowboarding--2010,halfpipe,mens,,,open,men,,2,Peetu Piiroinen,FIN,45.0 points,,https://www.olympedia.org/results/924379,verified,wave2-olympics,live-source
olympic-snowboarding--2010,halfpipe,mens,,,open,men,,3,Scotty Lago,USA,42.8 points,,https://www.olympedia.org/results/924379,verified,wave2-olympics,live-source
olympic-snowboarding--2010,halfpipe,womens,,,open,women,,1,Torah Bright,AUS,45.0 points,,https://www.olympedia.org/results/924444,verified,wave2-olympics,live-source
olympic-snowboarding--2010,halfpipe,womens,,,open,women,,2,Hannah Teter,USA,42.4 points,,https://www.olympedia.org/results/924444,verified,wave2-olympics,live-source
olympic-snowboarding--2010,halfpipe,womens,,,open,women,,3,Kelly Clark,USA,42.2 points,,https://www.olympedia.org/results/924444,verified,wave2-olympics,live-source
olympic-snowboarding--2010,parallel-giant-slalom,mens,,,open,men,,1,Jasey-Jay Anderson,CAN,,,https://www.olympedia.org/results/924350,verified,wave2-olympics,live-source
olympic-snowboarding--2010,parallel-giant-slalom,mens,,,open,men,,2,Benjamin Karl,AUT,,,https://www.olympedia.org/results/924350,verified,wave2-olympics,live-source
olympic-snowboarding--2010,parallel-giant-slalom,mens,,,open,men,,3,Mathieu Bozzetto,FRA,,,https://www.olympedia.org/results/924350,verified,wave2-olympics,live-source
olympic-snowboarding--2010,parallel-giant-slalom,womens,,,open,women,,1,Nicolien Sauerbreij,NED,,,https://www.olympedia.org/results/924415,verified,wave2-olympics,live-source
olympic-snowboarding--2010,parallel-giant-slalom,womens,,,open,women,,2,Yekaterina Ilyukhina,RUS,,,https://www.olympedia.org/results/924415,verified,wave2-olympics,live-source
olympic-snowboarding--2010,parallel-giant-slalom,womens,,,open,women,,3,Doris Günther,AUT,,,https://www.olympedia.org/results/924415,verified,wave2-olympics,live-source
olympic-snowboarding--2014,boardercross,mens,,,open,men,,1,Pierre Vaultier,FRA,,,https://www.olympedia.org/results/350536,verified,wave2-olympics,live-source
olympic-snowboarding--2014,boardercross,mens,,,open,men,,2,Nikolay Olyunin,RUS,,,https://www.olympedia.org/results/350536,verified,wave2-olympics,live-source
olympic-snowboarding--2014,boardercross,mens,,,open,men,,3,Alex Deibold,USA,,,https://www.olympedia.org/results/350536,verified,wave2-olympics,live-source
olympic-snowboarding--2014,boardercross,womens,,,open,women,,1,Eva Samková,CZE,,,https://www.olympedia.org/results/350629,verified,wave2-olympics,live-source
olympic-snowboarding--2014,boardercross,womens,,,open,women,,2,Dominique Maltais,CAN,,,https://www.olympedia.org/results/350629,verified,wave2-olympics,live-source
olympic-snowboarding--2014,boardercross,womens,,,open,women,,3,Chloé Trespeuch,FRA,,,https://www.olympedia.org/results/350629,verified,wave2-olympics,live-source
olympic-snowboarding--2014,halfpipe,mens,,,open,men,,1,Iouri Podladtchikov,SUI,94.75 points,,https://www.olympedia.org/results/350512,verified,wave2-olympics,live-source
olympic-snowboarding--2014,halfpipe,mens,,,open,men,,2,Ayumu Hirano,JPN,93.50 points,,https://www.olympedia.org/results/350512,verified,wave2-olympics,live-source
olympic-snowboarding--2014,halfpipe,mens,,,open,men,,3,Taku Hiraoka,JPN,92.25 points,,https://www.olympedia.org/results/350512,verified,wave2-olympics,live-source
olympic-snowboarding--2014,halfpipe,womens,,,open,women,,1,Kaitlyn Farrington,USA,91.75 points,,https://www.olympedia.org/results/350605,verified,wave2-olympics,live-source
olympic-snowboarding--2014,halfpipe,womens,,,open,women,,2,Torah Bright,AUS,91.50 points,,https://www.olympedia.org/results/350605,verified,wave2-olympics,live-source
olympic-snowboarding--2014,halfpipe,womens,,,open,women,,3,Kelly Clark,USA,90.75 points,,https://www.olympedia.org/results/350605,verified,wave2-olympics,live-source
olympic-snowboarding--2014,parallel-giant-slalom,mens,,,open,men,,1,Vic Wild,RUS,,,https://www.olympedia.org/results/350464,verified,wave2-olympics,live-source
olympic-snowboarding--2014,parallel-giant-slalom,mens,,,open,men,,2,Nevin Galmarini,SUI,,,https://www.olympedia.org/results/350464,verified,wave2-olympics,live-source
olympic-snowboarding--2014,parallel-giant-slalom,mens,,,open,men,,3,Žan Košir,SLO,,,https://www.olympedia.org/results/350464,verified,wave2-olympics,live-source
olympic-snowboarding--2014,parallel-giant-slalom,womens,,,open,women,,1,Patrizia Kummer,SUI,,,https://www.olympedia.org/results/350557,verified,wave2-olympics,live-source
olympic-snowboarding--2014,parallel-giant-slalom,womens,,,open,women,,2,Tomoka Takeuchi,JPN,,,https://www.olympedia.org/results/350557,verified,wave2-olympics,live-source
olympic-snowboarding--2014,parallel-giant-slalom,womens,,,open,women,,3,Alyona Zavarzina,RUS,,,https://www.olympedia.org/results/350557,verified,wave2-olympics,live-source
olympic-snowboarding--2014,parallel-slalom,mens,,,open,men,,1,Vic Wild,RUS,,,https://www.olympedia.org/results/350488,verified,wave2-olympics,live-source
olympic-snowboarding--2014,parallel-slalom,mens,,,open,men,,2,Žan Košir,SLO,,,https://www.olympedia.org/results/350488,verified,wave2-olympics,live-source
olympic-snowboarding--2014,parallel-slalom,mens,,,open,men,,3,Benjamin Karl,AUT,,,https://www.olympedia.org/results/350488,verified,wave2-olympics,live-source
olympic-snowboarding--2014,parallel-slalom,womens,,,open,women,,1,Julia Dujmovits,AUT,,,https://www.olympedia.org/results/350581,verified,wave2-olympics,live-source
olympic-snowboarding--2014,parallel-slalom,womens,,,open,women,,2,Anke Karstens,GER,,,https://www.olympedia.org/results/350581,verified,wave2-olympics,live-source
olympic-snowboarding--2014,parallel-slalom,womens,,,open,women,,3,Amelie Kober,GER,,,https://www.olympedia.org/results/350581,verified,wave2-olympics,live-source
olympic-snowboarding--2014,slopestyle,mens,,,open,men,,1,Sage Kotsenburg,USA,93.50 points,,https://www.olympedia.org/results/350522,verified,wave2-olympics,live-source
olympic-snowboarding--2014,slopestyle,mens,,,open,men,,2,Ståle Sandbech,NOR,91.75 points,,https://www.olympedia.org/results/350522,verified,wave2-olympics,live-source
olympic-snowboarding--2014,slopestyle,mens,,,open,men,,3,Mark McMorris,CAN,88.75 points,,https://www.olympedia.org/results/350522,verified,wave2-olympics,live-source
olympic-snowboarding--2014,slopestyle,womens,,,open,women,,1,Jamie Anderson,USA,95.25 points,,https://www.olympedia.org/results/350615,verified,wave2-olympics,live-source
olympic-snowboarding--2014,slopestyle,womens,,,open,women,,2,Enni Rukajärvi,FIN,92.50 points,,https://www.olympedia.org/results/350615,verified,wave2-olympics,live-source
olympic-snowboarding--2014,slopestyle,womens,,,open,women,,3,Jenny Jones,GBR,87.25 points,,https://www.olympedia.org/results/350615,verified,wave2-olympics,live-source
olympic-snowboarding--2018,big-air,mens,,,open,men,,1,Sébastien Toutant,CAN,174.25 points,,https://www.olympedia.org/results/9000884,verified,wave2-olympics,live-source
olympic-snowboarding--2018,big-air,mens,,,open,men,,2,Kyle Mack,USA,168.75 points,,https://www.olympedia.org/results/9000884,verified,wave2-olympics,live-source
olympic-snowboarding--2018,big-air,mens,,,open,men,,3,Billy Morgan,GBR,168.00 points,,https://www.olympedia.org/results/9000884,verified,wave2-olympics,live-source
olympic-snowboarding--2018,big-air,womens,,,open,women,,1,Anna Gasser,AUT,185.00 points,,https://www.olympedia.org/results/9000964,verified,wave2-olympics,live-source
olympic-snowboarding--2018,big-air,womens,,,open,women,,2,Jamie Anderson,USA,177.25 points,,https://www.olympedia.org/results/9000964,verified,wave2-olympics,live-source
olympic-snowboarding--2018,big-air,womens,,,open,women,,3,Zoi Sadowski-Synnott,NZL,157.50 points,,https://www.olympedia.org/results/9000964,verified,wave2-olympics,live-source
olympic-snowboarding--2018,boardercross,mens,,,open,men,,1,Pierre Vaultier,FRA,,,https://www.olympedia.org/results/9000909,verified,wave2-olympics,live-source
olympic-snowboarding--2018,boardercross,mens,,,open,men,,2,Jarryd Hughes,AUS,,,https://www.olympedia.org/results/9000909,verified,wave2-olympics,live-source
olympic-snowboarding--2018,boardercross,mens,,,open,men,,3,Regino Hernández,ESP,,,https://www.olympedia.org/results/9000909,verified,wave2-olympics,live-source
olympic-snowboarding--2018,boardercross,womens,,,open,women,,1,Michela Moioli,ITA,,,https://www.olympedia.org/results/9000989,verified,wave2-olympics,live-source
olympic-snowboarding--2018,boardercross,womens,,,open,women,,2,Julia Pereira de Sousa Mabileau,FRA,,,https://www.olympedia.org/results/9000989,verified,wave2-olympics,live-source
olympic-snowboarding--2018,boardercross,womens,,,open,women,,3,Eva Samková,CZE,,,https://www.olympedia.org/results/9000989,verified,wave2-olympics,live-source
olympic-snowboarding--2018,halfpipe,mens,,,open,men,,1,Shaun White,USA,97.75 points,,https://www.olympedia.org/results/9000874,verified,wave2-olympics,live-source
olympic-snowboarding--2018,halfpipe,mens,,,open,men,,2,Ayumu Hirano,JPN,95.25 points,,https://www.olympedia.org/results/9000874,verified,wave2-olympics,live-source
olympic-snowboarding--2018,halfpipe,mens,,,open,men,,3,Scotty James,AUS,92.00 points,,https://www.olympedia.org/results/9000874,verified,wave2-olympics,live-source
olympic-snowboarding--2018,halfpipe,womens,,,open,women,,1,Chloe Kim,USA,98.25 points,,https://www.olympedia.org/results/9000954,verified,wave2-olympics,live-source
olympic-snowboarding--2018,halfpipe,womens,,,open,women,,2,Liu Jiayu,CHN,89.75 points,,https://www.olympedia.org/results/9000954,verified,wave2-olympics,live-source
olympic-snowboarding--2018,halfpipe,womens,,,open,women,,3,Arielle Gold,USA,85.75 points,,https://www.olympedia.org/results/9000954,verified,wave2-olympics,live-source
olympic-snowboarding--2018,parallel-giant-slalom,mens,,,open,men,,1,Nevin Galmarini,SUI,,,https://www.olympedia.org/results/9000850,verified,wave2-olympics,live-source
olympic-snowboarding--2018,parallel-giant-slalom,mens,,,open,men,,2,Lee Sang-Ho,KOR,,,https://www.olympedia.org/results/9000850,verified,wave2-olympics,live-source
olympic-snowboarding--2018,parallel-giant-slalom,mens,,,open,men,,3,Žan Košir,SLO,,,https://www.olympedia.org/results/9000850,verified,wave2-olympics,live-source
olympic-snowboarding--2018,parallel-giant-slalom,womens,,,open,women,,1,Ester Ledecká,CZE,,,https://www.olympedia.org/results/9000930,verified,wave2-olympics,live-source
olympic-snowboarding--2018,parallel-giant-slalom,womens,,,open,women,,2,Selina Jörg,GER,,,https://www.olympedia.org/results/9000930,verified,wave2-olympics,live-source
olympic-snowboarding--2018,parallel-giant-slalom,womens,,,open,women,,3,Ramona Hofmeister,GER,,,https://www.olympedia.org/results/9000930,verified,wave2-olympics,live-source
olympic-snowboarding--2018,slopestyle,mens,,,open,men,,1,Red Gerard,USA,87.16 points,,https://www.olympedia.org/results/9000895,verified,wave2-olympics,live-source
olympic-snowboarding--2018,slopestyle,mens,,,open,men,,2,Max Parrot,CAN,86.00 points,,https://www.olympedia.org/results/9000895,verified,wave2-olympics,live-source
olympic-snowboarding--2018,slopestyle,mens,,,open,men,,3,Mark McMorris,CAN,85.20 points,,https://www.olympedia.org/results/9000895,verified,wave2-olympics,live-source
olympic-snowboarding--2018,slopestyle,womens,,,open,women,,1,Jamie Anderson,USA,83.00 points,,https://www.olympedia.org/results/9000975,verified,wave2-olympics,live-source
olympic-snowboarding--2018,slopestyle,womens,,,open,women,,2,Laurie Blouin,CAN,76.33 points,,https://www.olympedia.org/results/9000975,verified,wave2-olympics,live-source
olympic-snowboarding--2018,slopestyle,womens,,,open,women,,3,Enni Rukajärvi,FIN,75.38 points,,https://www.olympedia.org/results/9000975,verified,wave2-olympics,live-source
olympic-snowboarding--2022,big-air,mens,,,open,men,,1,Su Yiming,CHN,182.50 points,,https://www.olympedia.org/results/19020738,verified,wave2-olympics,live-source
olympic-snowboarding--2022,big-air,mens,,,open,men,,2,Mons Røisland,NOR,171.75 points,,https://www.olympedia.org/results/19020738,verified,wave2-olympics,live-source
olympic-snowboarding--2022,big-air,mens,,,open,men,,3,Max Parrot,CAN,170.25 points,,https://www.olympedia.org/results/19020738,verified,wave2-olympics,live-source
olympic-snowboarding--2022,big-air,womens,,,open,women,,1,Anna Gasser,AUT,185.50 points,,https://www.olympedia.org/results/19020805,verified,wave2-olympics,live-source
olympic-snowboarding--2022,big-air,womens,,,open,women,,2,Zoi Sadowski-Synnott,NZL,177.00 points,,https://www.olympedia.org/results/19020805,verified,wave2-olympics,live-source
olympic-snowboarding--2022,big-air,womens,,,open,women,,3,Kokomo Murase,JPN,171.50 points,,https://www.olympedia.org/results/19020805,verified,wave2-olympics,live-source
olympic-snowboarding--2022,boardercross,mens,,,open,men,,1,Alessandro Hämmerle,AUT,,,https://www.olympedia.org/results/19020714,verified,wave2-olympics,live-source
olympic-snowboarding--2022,boardercross,mens,,,open,men,,2,Éliot Grondin,CAN,,,https://www.olympedia.org/results/19020714,verified,wave2-olympics,live-source
olympic-snowboarding--2022,boardercross,mens,,,open,men,,3,Omar Visintin,ITA,,,https://www.olympedia.org/results/19020714,verified,wave2-olympics,live-source
olympic-snowboarding--2022,boardercross,womens,,,open,women,,1,Lindsey Jacobellis,USA,,,https://www.olympedia.org/results/19020790,verified,wave2-olympics,live-source
olympic-snowboarding--2022,boardercross,womens,,,open,women,,2,Chloé Trespeuch,FRA,,,https://www.olympedia.org/results/19020790,verified,wave2-olympics,live-source
olympic-snowboarding--2022,boardercross,womens,,,open,women,,3,Meryeta O'Dine,CAN,,,https://www.olympedia.org/results/19020790,verified,wave2-olympics,live-source
olympic-snowboarding--2022,halfpipe,mens,,,open,men,,1,Ayumu Hirano,JPN,96.00 points,,https://www.olympedia.org/results/19020706,verified,wave2-olympics,live-source
olympic-snowboarding--2022,halfpipe,mens,,,open,men,,2,Scotty James,AUS,92.50 points,,https://www.olympedia.org/results/19020706,verified,wave2-olympics,live-source
olympic-snowboarding--2022,halfpipe,mens,,,open,men,,3,Jan Scherrer,SUI,87.25 points,,https://www.olympedia.org/results/19020706,verified,wave2-olympics,live-source
olympic-snowboarding--2022,halfpipe,womens,,,open,women,,1,Chloe Kim,USA,94.00 points,,https://www.olympedia.org/results/19020782,verified,wave2-olympics,live-source
olympic-snowboarding--2022,halfpipe,womens,,,open,women,,2,Queralt Castellet,ESP,90.25 points,,https://www.olympedia.org/results/19020782,verified,wave2-olympics,live-source
olympic-snowboarding--2022,halfpipe,womens,,,open,women,,3,Sena Tomita,JPN,88.25 points,,https://www.olympedia.org/results/19020782,verified,wave2-olympics,live-source
olympic-snowboarding--2022,parallel-giant-slalom,mens,,,open,men,,1,Benjamin Karl,AUT,,,https://www.olympedia.org/results/19020670,verified,wave2-olympics,live-source
olympic-snowboarding--2022,parallel-giant-slalom,mens,,,open,men,,2,Tim Mastnak,SLO,,,https://www.olympedia.org/results/19020670,verified,wave2-olympics,live-source
olympic-snowboarding--2022,parallel-giant-slalom,mens,,,open,men,,3,Vic Wild,ROC,,,https://www.olympedia.org/results/19020670,verified,wave2-olympics,live-source
olympic-snowboarding--2022,parallel-giant-slalom,womens,,,open,women,,1,Ester Ledecká,CZE,,,https://www.olympedia.org/results/19020750,verified,wave2-olympics,live-source
olympic-snowboarding--2022,parallel-giant-slalom,womens,,,open,women,,2,Daniela Ulbing,AUT,,,https://www.olympedia.org/results/19020750,verified,wave2-olympics,live-source
olympic-snowboarding--2022,parallel-giant-slalom,womens,,,open,women,,3,Gloria Kotnik,SLO,,,https://www.olympedia.org/results/19020750,verified,wave2-olympics,live-source
olympic-snowboarding--2022,slopestyle,mens,,,open,men,,1,Max Parrot,CAN,90.96 points,,https://www.olympedia.org/results/19020694,verified,wave2-olympics,live-source
olympic-snowboarding--2022,slopestyle,mens,,,open,men,,2,Su Yiming,CHN,88.70 points,,https://www.olympedia.org/results/19020694,verified,wave2-olympics,live-source
olympic-snowboarding--2022,slopestyle,mens,,,open,men,,3,Mark McMorris,CAN,88.53 points,,https://www.olympedia.org/results/19020694,verified,wave2-olympics,live-source
olympic-snowboarding--2022,slopestyle,womens,,,open,women,,1,Zoi Sadowski-Synnott,NZL,92.88 points,,https://www.olympedia.org/results/19020774,verified,wave2-olympics,live-source
olympic-snowboarding--2022,slopestyle,womens,,,open,women,,2,Julia Marino,USA,87.68 points,,https://www.olympedia.org/results/19020774,verified,wave2-olympics,live-source
olympic-snowboarding--2022,slopestyle,womens,,,open,women,,3,Tess Coady,AUS,84.15 points,,https://www.olympedia.org/results/19020774,verified,wave2-olympics,live-source
olympic-snowboarding--2022,team,open,,,open,mixed,,1,Nick Baumgartner / Lindsey Jacobellis,USA,Mixed Team Snowboard Cross - no time printed,,https://www.olympedia.org/results/19020813,verified,wave2-olympics,live-source
olympic-snowboarding--2022,team,open,,,open,mixed,,2,Omar Visintin / Michela Moioli,ITA,Mixed Team Snowboard Cross - no time printed,,https://www.olympedia.org/results/19020813,verified,wave2-olympics,live-source
olympic-snowboarding--2022,team,open,,,open,mixed,,3,Éliot Grondin / Meryeta O'Dine,CAN,Mixed Team Snowboard Cross - no time printed,,https://www.olympedia.org/results/19020813,verified,wave2-olympics,live-source
olympic-snowboarding--2026,big-air,mens,,,open,men,,1,Kira Kimura,JPN,179.50 points,,https://www.olympedia.org/results/15001235 | https://en.wikipedia.org/wiki/Snowboarding_at_the_2026_Winter_Olympics,verified,wave2-olympics,live-source
olympic-snowboarding--2026,big-air,mens,,,open,men,,2,Ryoma Kimata,JPN,171.50 points,,https://www.olympedia.org/results/15001235 | https://en.wikipedia.org/wiki/Snowboarding_at_the_2026_Winter_Olympics,verified,wave2-olympics,live-source
olympic-snowboarding--2026,big-air,mens,,,open,men,,3,Su Yiming,CHN,168.50 points,,https://www.olympedia.org/results/15001235 | https://en.wikipedia.org/wiki/Snowboarding_at_the_2026_Winter_Olympics,verified,wave2-olympics,live-source
olympic-snowboarding--2026,big-air,womens,,,open,women,,1,Kokomo Murase,JPN,179.00 points,,https://www.olympedia.org/results/15001308 | https://en.wikipedia.org/wiki/Snowboarding_at_the_2026_Winter_Olympics,verified,wave2-olympics,live-source
olympic-snowboarding--2026,big-air,womens,,,open,women,,2,Zoi Sadowski-Synnott,NZL,172.25 points,,https://www.olympedia.org/results/15001308 | https://en.wikipedia.org/wiki/Snowboarding_at_the_2026_Winter_Olympics,verified,wave2-olympics,live-source
olympic-snowboarding--2026,big-air,womens,,,open,women,,3,Yu Seung-Eun,KOR,171.00 points,,https://www.olympedia.org/results/15001308 | https://en.wikipedia.org/wiki/Snowboarding_at_the_2026_Winter_Olympics,verified,wave2-olympics,live-source
olympic-snowboarding--2026,boardercross,mens,,,open,men,,1,Alessandro Hämmerle,AUT,,,https://www.olympedia.org/results/15001211 | https://en.wikipedia.org/wiki/Snowboarding_at_the_2026_Winter_Olympics,verified,wave2-olympics,live-source
olympic-snowboarding--2026,boardercross,mens,,,open,men,,2,Éliot Grondin,CAN,,,https://www.olympedia.org/results/15001211 | https://en.wikipedia.org/wiki/Snowboarding_at_the_2026_Winter_Olympics,verified,wave2-olympics,live-source
olympic-snowboarding--2026,boardercross,mens,,,open,men,,3,Jakob Dusek,AUT,,,https://www.olympedia.org/results/15001211 | https://en.wikipedia.org/wiki/Snowboarding_at_the_2026_Winter_Olympics,verified,wave2-olympics,live-source
olympic-snowboarding--2026,boardercross,womens,,,open,women,,1,Josie Baff,AUS,,,https://www.olympedia.org/results/15001284 | https://en.wikipedia.org/wiki/Snowboarding_at_the_2026_Winter_Olympics,verified,wave2-olympics,live-source
olympic-snowboarding--2026,boardercross,womens,,,open,women,,2,Eva Adamczyková,CZE,,,https://www.olympedia.org/results/15001284 | https://en.wikipedia.org/wiki/Snowboarding_at_the_2026_Winter_Olympics,verified,wave2-olympics,live-source
olympic-snowboarding--2026,boardercross,womens,,,open,women,,3,Michela Moioli,ITA,,,https://www.olympedia.org/results/15001284 | https://en.wikipedia.org/wiki/Snowboarding_at_the_2026_Winter_Olympics,verified,wave2-olympics,live-source
olympic-snowboarding--2026,halfpipe,mens,,,open,men,,1,Yuto Totsuka,JPN,95.00 points,,https://www.olympedia.org/results/15001203 | https://en.wikipedia.org/wiki/Snowboarding_at_the_2026_Winter_Olympics,verified,wave2-olympics,live-source
olympic-snowboarding--2026,halfpipe,mens,,,open,men,,2,Scotty James,AUS,93.50 points,,https://www.olympedia.org/results/15001203 | https://en.wikipedia.org/wiki/Snowboarding_at_the_2026_Winter_Olympics,verified,wave2-olympics,live-source
olympic-snowboarding--2026,halfpipe,mens,,,open,men,,3,Ryusei Yamada,JPN,92.00 points,,https://www.olympedia.org/results/15001203 | https://en.wikipedia.org/wiki/Snowboarding_at_the_2026_Winter_Olympics,verified,wave2-olympics,live-source
olympic-snowboarding--2026,halfpipe,womens,,,open,women,,1,Choi Ga-On,KOR,90.25 points,,https://www.olympedia.org/results/15001277 | https://en.wikipedia.org/wiki/Snowboarding_at_the_2026_Winter_Olympics,verified,wave2-olympics,live-source
olympic-snowboarding--2026,halfpipe,womens,,,open,women,,2,Chloe Kim,USA,88.00 points,,https://www.olympedia.org/results/15001277 | https://en.wikipedia.org/wiki/Snowboarding_at_the_2026_Winter_Olympics,verified,wave2-olympics,live-source
olympic-snowboarding--2026,halfpipe,womens,,,open,women,,3,Mitsuki Ono,JPN,85.00 points,,https://www.olympedia.org/results/15001277 | https://en.wikipedia.org/wiki/Snowboarding_at_the_2026_Winter_Olympics,verified,wave2-olympics,live-source
olympic-snowboarding--2026,parallel-giant-slalom,mens,,,open,men,,1,Benjamin Karl,AUT,,,https://www.olympedia.org/results/15001170 | https://en.wikipedia.org/wiki/Snowboarding_at_the_2026_Winter_Olympics,verified,wave2-olympics,live-source
olympic-snowboarding--2026,parallel-giant-slalom,mens,,,open,men,,2,Kim Sang-Gyeom,KOR,,,https://www.olympedia.org/results/15001170 | https://en.wikipedia.org/wiki/Snowboarding_at_the_2026_Winter_Olympics,verified,wave2-olympics,live-source
olympic-snowboarding--2026,parallel-giant-slalom,mens,,,open,men,,3,Tervel Zamfirov,BUL,,,https://www.olympedia.org/results/15001170 | https://en.wikipedia.org/wiki/Snowboarding_at_the_2026_Winter_Olympics,verified,wave2-olympics,live-source
olympic-snowboarding--2026,parallel-giant-slalom,womens,,,open,women,,1,Zuzana Maděrová,CZE,,,https://www.olympedia.org/results/15001244 | https://en.wikipedia.org/wiki/Snowboarding_at_the_2026_Winter_Olympics,verified,wave2-olympics,live-source
olympic-snowboarding--2026,parallel-giant-slalom,womens,,,open,women,,2,Sabine Payer,AUT,,,https://www.olympedia.org/results/15001244 | https://en.wikipedia.org/wiki/Snowboarding_at_the_2026_Winter_Olympics,verified,wave2-olympics,live-source
olympic-snowboarding--2026,parallel-giant-slalom,womens,,,open,women,,3,Lucia Dalmasso,ITA,,,https://www.olympedia.org/results/15001244 | https://en.wikipedia.org/wiki/Snowboarding_at_the_2026_Winter_Olympics,verified,wave2-olympics,live-source
olympic-snowboarding--2026,slopestyle,mens,,,open,men,,1,Su Yiming,CHN,82.41 points,,https://www.olympedia.org/results/15001195 | https://en.wikipedia.org/wiki/Snowboarding_at_the_2026_Winter_Olympics,verified,wave2-olympics,live-source
olympic-snowboarding--2026,slopestyle,mens,,,open,men,,2,Taiga Hasegawa,JPN,82.13 points,,https://www.olympedia.org/results/15001195 | https://en.wikipedia.org/wiki/Snowboarding_at_the_2026_Winter_Olympics,verified,wave2-olympics,live-source
olympic-snowboarding--2026,slopestyle,mens,,,open,men,,3,Jake Canter,USA,79.36 points,,https://www.olympedia.org/results/15001195 | https://en.wikipedia.org/wiki/Snowboarding_at_the_2026_Winter_Olympics,verified,wave2-olympics,live-source
olympic-snowboarding--2026,slopestyle,womens,,,open,women,,1,Mari Fukada,JPN,87.83 points,,https://www.olympedia.org/results/15001269 | https://en.wikipedia.org/wiki/Snowboarding_at_the_2026_Winter_Olympics,verified,wave2-olympics,live-source
olympic-snowboarding--2026,slopestyle,womens,,,open,women,,2,Zoi Sadowski-Synnott,NZL,87.48 points,,https://www.olympedia.org/results/15001269 | https://en.wikipedia.org/wiki/Snowboarding_at_the_2026_Winter_Olympics,verified,wave2-olympics,live-source
olympic-snowboarding--2026,slopestyle,womens,,,open,women,,3,Kokomo Murase,JPN,85.80 points,,https://www.olympedia.org/results/15001269 | https://en.wikipedia.org/wiki/Snowboarding_at_the_2026_Winter_Olympics,verified,wave2-olympics,live-source
olympic-snowboarding--2026,team,open,,,open,mixed,,1,Huw Nightingale / Charlotte Bankes,GBR,"Team Cross, Mixed - no time printed",,https://www.olympedia.org/results/15001317 | https://en.wikipedia.org/wiki/Snowboarding_at_the_2026_Winter_Olympics,verified,wave2-olympics,live-source
olympic-snowboarding--2026,team,open,,,open,mixed,,2,Lorenzo Sommariva / Michela Moioli,ITA,"Team Cross, Mixed - no time printed",,https://www.olympedia.org/results/15001317 | https://en.wikipedia.org/wiki/Snowboarding_at_the_2026_Winter_Olympics,verified,wave2-olympics,live-source
olympic-snowboarding--2026,team,open,,,open,mixed,,3,Loan Bozzolo / Léa Casta,FRA,"Team Cross, Mixed - no time printed",,https://www.olympedia.org/results/15001317 | https://en.wikipedia.org/wiki/Snowboarding_at_the_2026_Winter_Olympics,verified,wave2-olympics,live-source
oneill-evolution--2010,halfpipe,mens,,,open,men,,1,Iouri Podladtchikov,SUI,,,https://www.worldsnowboardfederation.org/swiss-dominance-at-6star-oneill-evolution/ | https://whitelines.com/archive/news/ipod-wins-oneill-evolution-halfpipe.html,verified,wave2-japan-europe,live-source
oneill-evolution--2010,halfpipe,mens,,,open,men,,2,Markus Keller,SUI,,,https://www.worldsnowboardfederation.org/swiss-dominance-at-6star-oneill-evolution/ | https://whitelines.com/archive/news/ipod-wins-oneill-evolution-halfpipe.html,verified,wave2-japan-europe,live-source
oneill-evolution--2010,halfpipe,mens,,,open,men,,3,Peetu Piiroinen,FIN,,,https://www.worldsnowboardfederation.org/swiss-dominance-at-6star-oneill-evolution/ | https://whitelines.com/archive/news/ipod-wins-oneill-evolution-halfpipe.html,verified,wave2-japan-europe,live-source
oneill-evolution--2010,slopestyle,mens,,,open,men,,1,Marko Grilc,SLO,,,https://www.worldsnowboardfederation.org/piiroinen-new-swatch-ttr-tour-leader-after-oneill-evolution/,verified,wave2-japan-europe,live-source
oneill-evolution--2011,halfpipe,mens,,,open,men,,1,Christian Haller,SUI,,,https://www.boardshop.de/boardmag/snowboard/news/oneill-evolution-2011-in-davos-results-videos_aid_15723.html,verified,wave2-japan-europe,live-source
oneill-evolution--2011,halfpipe,mens,,,open,men,,2,Iouri Podladtchikov,SUI,,,https://www.boardshop.de/boardmag/snowboard/news/oneill-evolution-2011-in-davos-results-videos_aid_15723.html,verified,wave2-japan-europe,live-source
oneill-evolution--2011,halfpipe,mens,,,open,men,,3,Jan Scherrer,SUI,,,https://www.boardshop.de/boardmag/snowboard/news/oneill-evolution-2011-in-davos-results-videos_aid_15723.html,verified,wave2-japan-europe,live-source
oneill-evolution--2011,halfpipe,womens,,,open,women,,1,Kelly Clark,USA,,,https://www.boardshop.de/boardmag/snowboard/news/oneill-evolution-2011-in-davos-results-videos_aid_15723.html,verified,wave2-japan-europe,live-source
oneill-evolution--2011,halfpipe,womens,,,open,women,,2,Cilka Sadar,SLO,,,https://www.boardshop.de/boardmag/snowboard/news/oneill-evolution-2011-in-davos-results-videos_aid_15723.html,verified,wave2-japan-europe,live-source
oneill-evolution--2011,halfpipe,womens,,,open,women,,3,Kjersti Østgaard Buaas,NOR,,,https://www.boardshop.de/boardmag/snowboard/news/oneill-evolution-2011-in-davos-results-videos_aid_15723.html,verified,wave2-japan-europe,live-source
oneill-evolution--2011,slopestyle,mens,,,open,men,,1,Sebastien Toutant,CAN,,,https://www.boardshop.de/boardmag/snowboard/news/oneill-evolution-2011-in-davos-results-videos_aid_15723.html,verified,wave2-japan-europe,live-source
oneill-evolution--2011,slopestyle,mens,,,open,men,,2,Mark McMorris,CAN,,,https://www.boardshop.de/boardmag/snowboard/news/oneill-evolution-2011-in-davos-results-videos_aid_15723.html,verified,wave2-japan-europe,live-source
oneill-evolution--2011,slopestyle,mens,,,open,men,,3,Eric Willett,USA,,,https://www.boardshop.de/boardmag/snowboard/news/oneill-evolution-2011-in-davos-results-videos_aid_15723.html,verified,wave2-japan-europe,live-source
oneill-evolution--2011,slopestyle,womens,,,open,women,,1,Jamie Anderson,USA,,,https://www.boardshop.de/boardmag/snowboard/news/oneill-evolution-2011-in-davos-results-videos_aid_15723.html,verified,wave2-japan-europe,live-source
oneill-evolution--2011,slopestyle,womens,,,open,women,,2,Šárka Pančochová,CZE,,,https://www.boardshop.de/boardmag/snowboard/news/oneill-evolution-2011-in-davos-results-videos_aid_15723.html,verified,wave2-japan-europe,live-source
oneill-evolution--2011,slopestyle,womens,,,open,women,,3,Enni Rukajärvi,FIN,,,https://www.boardshop.de/boardmag/snowboard/news/oneill-evolution-2011-in-davos-results-videos_aid_15723.html,verified,wave2-japan-europe,live-source
oneill-evolution--2012,big-air,mens,,,open,men,,1,Mark McMorris,CAN,95.60,,https://www.worldsnowboardguide.com/news/o-neill-evolution-results-2012.html | https://whitelines.com/events/oneill-evolution,verified,wave2-japan-europe,live-source
oneill-evolution--2012,big-air,mens,,,open,men,,2,Eric Willett,USA,95.30,,https://www.worldsnowboardguide.com/news/o-neill-evolution-results-2012.html | https://whitelines.com/events/oneill-evolution,verified,wave2-japan-europe,live-source
oneill-evolution--2012,big-air,mens,,,open,men,,3,Seppe Smits,BEL,,,https://www.worldsnowboardguide.com/news/o-neill-evolution-results-2012.html | https://whitelines.com/events/oneill-evolution,verified,wave2-japan-europe,live-source
oneill-evolution--2012,big-air,womens,,,open,women,,1,Spencer O'Brien,CAN,,,https://www.worldsnowboardguide.com/news/o-neill-evolution-results-2012.html | https://whitelines.com/events/oneill-evolution,verified,wave2-japan-europe,live-source
oneill-evolution--2012,big-air,womens,,,open,women,,2,Sina Candrian,SUI,,,https://www.worldsnowboardguide.com/news/o-neill-evolution-results-2012.html | https://whitelines.com/events/oneill-evolution,verified,wave2-japan-europe,live-source
oneill-evolution--2012,big-air,womens,,,open,women,,3,Anna Gasser,AUT,,,https://www.worldsnowboardguide.com/news/o-neill-evolution-results-2012.html | https://whitelines.com/events/oneill-evolution,verified,wave2-japan-europe,live-source
oneill-evolution--2013,big-air,mens,,,open,men,,1,Maxence Parrot,,,,https://snowboardmag.com/videos/oneill-evolution-2013-mens-big-air-winning-runs-from-davos | https://whitelines.com/events/oneill-evolution,verified,wave2-japan-europe,live-source
oneill-evolution--2013,big-air,mens,,,open,men,,2,Kyle Mack,,,,https://snowboardmag.com/videos/oneill-evolution-2013-mens-big-air-winning-runs-from-davos | https://whitelines.com/events/oneill-evolution,verified,wave2-japan-europe,live-source
oneill-evolution--2013,big-air,mens,,,open,men,,3,Kalle Järvilehto,,,,https://snowboardmag.com/videos/oneill-evolution-2013-mens-big-air-winning-runs-from-davos | https://whitelines.com/events/oneill-evolution,verified,wave2-japan-europe,live-source
oneill-evolution--2013,big-air,womens,,,open,women,,1,Miyabi Onitsuka,,,,https://snowboardmag.com/videos/oneill-evolution-womens-winning-runs-from-davos,verified,wave2-japan-europe,live-source
oneill-evolution--2013,big-air,womens,,,open,women,,2,Christine Szumovski,,,,https://snowboardmag.com/videos/oneill-evolution-womens-winning-runs-from-davos,likely,wave2-japan-europe,live-source
oneill-evolution--2013,big-air,womens,,,open,women,,3,Celia Miller,,,,https://snowboardmag.com/videos/oneill-evolution-womens-winning-runs-from-davos,likely,wave2-japan-europe,live-source
oneill-evolution--2013,halfpipe,mens,,,open,men,,1,Jan Scherrer,SUI,,,https://snowboarding.transworld.net/uncategorized/oneill-evolution-2013-halfpipe-finals/,verified,wave2-japan-europe,live-source
oneill-evolution--2013,halfpipe,womens,,,open,women,,1,Verena Rohrer,SUI,,,https://snowboarding.transworld.net/uncategorized/oneill-evolution-2013-halfpipe-finals/,verified,wave2-japan-europe,live-source
oneill-evolution--2013,halfpipe,womens,,,open,women,,2,Clémence Grimal,FRA,,,https://snowboarding.transworld.net/uncategorized/oneill-evolution-2013-halfpipe-finals/,verified,wave2-japan-europe,live-source
oneill-evolution--2013,halfpipe,womens,,,open,women,,3,Akiko Milwa,JPN,,,https://snowboarding.transworld.net/uncategorized/oneill-evolution-2013-halfpipe-finals/,likely,wave2-japan-europe,live-source
op-wintersurf--1991,other,open,,,open,mixed,,1,Gary Elkerton,AUS,,,https://www.snowboarder.com/news/snowboard-history-timeline-part-31990s,likely,v0.1-legacy-80s-90s,live-source
pacwest-banked-slalom--2022,banked-slalom,open,Men's Open,,open,men,,1,Kevin Nolan,,,,https://thesnowboardersjournal.com/blogs/exclusives/pacwest-banked-slalom-2022,verified,wave2-baker-grassroots,live-source
pacwest-banked-slalom--2022,banked-slalom,open,Women's Open,,open,women,,1,Marni Yamada,,,,https://thesnowboardersjournal.com/blogs/exclusives/pacwest-banked-slalom-2022,verified,wave2-baker-grassroots,live-source
shakedown-snowboard-games--2006,big-air,pro,,,pro,unspecified,,1,Sebastien Toutant,CAN,,,https://www.snowboarder.com/news/ride-shakedown-canadas-hottest-snowboarding-event | https://kingsnowboard.com/blogs/uncategorized/timepiece-shakedown,likely,wave2-canada,live-source
shakedown-snowboard-games--2007,big-air,pro,,,pro,unspecified,,1,Dustin Craven,CAN,,,https://www.snowboarder.com/news/ride-shakedown-canadas-hottest-snowboarding-event,likely,wave2-canada,live-source
shakedown-snowboard-games--2008,big-air,pro,,,pro,unspecified,,1,Charles Reid,CAN,,,https://www.snowboarder.com/news/ride-shakedown-canadas-hottest-snowboarding-event,likely,wave2-canada,live-source
shakedown-snowboard-games--2009,big-air,pro,,,pro,unspecified,,1,Sebastien Toutant,CAN,,,https://www.snowboarder.com/news/ride-shakedown-canadas-hottest-snowboarding-event,likely,wave2-canada,live-source
shakedown-snowboard-games--2009,big-air,womens,,,open,women,,1,Hana Beaman,USA,,,https://www.snowboarder.com/news/ride-shakedown-canadas-hottest-snowboarding-event,likely,wave2-canada,live-source
shakedown-snowboard-games--2011,big-air,am,,,amateur,unspecified,,1,Francis Bourgeois,CAN,,,https://www.snowboarder.com/news/ride-shakedown-canada,verified,wave2-canada,live-source
shakedown-snowboard-games--2011,big-air,am,,,amateur,unspecified,,2,Antoine Truchon,CAN,,,https://www.snowboarder.com/news/ride-shakedown-canada,verified,wave2-canada,live-source
shakedown-snowboard-games--2011,big-air,am,,,amateur,unspecified,,3,Michel Gregoire,CAN,,,https://www.snowboarder.com/news/ride-shakedown-canada,verified,wave2-canada,live-source
shakedown-snowboard-games--2011,big-air,pro,,,pro,unspecified,,1,Sebastien Toutant,CAN,"$15,000",,https://www.snowboarder.com/news/ride-shakedown-canada,verified,wave2-canada,live-source
shakedown-snowboard-games--2011,big-air,pro,,,pro,unspecified,,2,Matts Kulisek,,"$8,000",,https://www.snowboarder.com/news/ride-shakedown-canada,verified,wave2-canada,live-source
shakedown-snowboard-games--2011,big-air,pro,,,pro,unspecified,,3,Maxence Parrot,CAN,"$4,000",,https://www.snowboarder.com/news/ride-shakedown-canada,verified,wave2-canada,live-source
shakedown-snowboard-games--2011,rail-jam,pro,,,pro,unspecified,,1,Jeremy Cloutier,CAN,"$5,000",,https://www.snowboarder.com/news/ride-shakedown-canada,verified,wave2-canada,live-source
shakedown-snowboard-games--2011,rail-jam,pro,,,pro,unspecified,,2,Phil Jacques,CAN,"$2,000",,https://www.snowboarder.com/news/ride-shakedown-canada,verified,wave2-canada,live-source
shakedown-snowboard-games--2011,rail-jam,pro,,,pro,unspecified,,3,Frank April,CAN,"$1,000",,https://www.snowboarder.com/news/ride-shakedown-canada,verified,wave2-canada,live-source
shakedown-snowboard-games--2012,big-air,pro,,,pro,unspecified,,1,Sebastien Toutant,CAN,,,https://www.snowboarder.com/news/the-ride-shakedown-is-back-for-a-12th-year/,likely,wave2-canada,live-source
shakedown-snowboard-games--2013,big-air,pro,,,pro,unspecified,,1,Antoine Truchon,CAN,"$20,000",,https://www.snowboardquebec.com/2013/recap-ride-shakedown-2013/,verified,wave2-canada,live-source
shakedown-snowboard-games--2013,big-air,pro,,,pro,unspecified,,2,Sebastien Toutant,CAN,"$10,000",,https://www.snowboardquebec.com/2013/recap-ride-shakedown-2013/,verified,wave2-canada,live-source
shakedown-snowboard-games--2013,big-air,pro,,,pro,unspecified,,3,John Versteeg,,"$5,000",,https://www.snowboardquebec.com/2013/recap-ride-shakedown-2013/,verified,wave2-canada,live-source
shakedown-snowboard-games--2013,rail-jam,pro,,,pro,unspecified,,1,Jeremy Cloutier,CAN,"$5,000",,https://www.snowboardquebec.com/2013/recap-ride-shakedown-2013/,verified,wave2-canada,live-source
shakedown-snowboard-games--2013,rail-jam,pro,,,pro,unspecified,,2,Francis Bourgeois,CAN,"$3,000",,https://www.snowboardquebec.com/2013/recap-ride-shakedown-2013/,verified,wave2-canada,live-source
shakedown-snowboard-games--2013,rail-jam,pro,,,pro,unspecified,,3,Jonathan Truchon,CAN,"$2,000",,https://www.snowboardquebec.com/2013/recap-ride-shakedown-2013/,verified,wave2-canada,live-source
shakedown-snowboard-games--2014,rail-jam,pro,,,pro,unspecified,,1,Jonathan Truchon,CAN,,,https://www.rds.ca/ski/le-spectacle-parrot-et-truchon-1.1130690,verified,wave2-canada,live-source
shakedown-snowboard-games--2015,big-air,am,,,amateur,unspecified,,1,Xavier Boudreau,CAN,,,https://www.snowboarder.com/news/shakedown-maxence-takes-the-cake-for-the-first-time-at-shakedown/,verified,wave2-canada,live-source
shakedown-snowboard-games--2015,big-air,am,,,amateur,unspecified,,2,Benjamin D'Hugues,CAN,,,https://www.snowboarder.com/news/shakedown-maxence-takes-the-cake-for-the-first-time-at-shakedown/,verified,wave2-canada,live-source
shakedown-snowboard-games--2015,big-air,am,,,amateur,unspecified,,3,Nicolas Tremblay,CAN,,,https://www.snowboarder.com/news/shakedown-maxence-takes-the-cake-for-the-first-time-at-shakedown/,verified,wave2-canada,live-source
shakedown-snowboard-games--2015,big-air,pro,,,pro,unspecified,,1,Maxence Parrot,CAN,"$20,000",,https://www.snowboarder.com/news/shakedown-maxence-takes-the-cake-for-the-first-time-at-shakedown/,verified,wave2-canada,live-source
shakedown-snowboard-games--2015,big-air,pro,,,pro,unspecified,,2,Sebastien Toutant,CAN,"$5,000",,https://www.snowboarder.com/news/shakedown-maxence-takes-the-cake-for-the-first-time-at-shakedown/,verified,wave2-canada,live-source
shakedown-snowboard-games--2015,big-air,pro,,,pro,unspecified,,3,Michael Ciccarelli,CAN,"$2,500",,https://www.snowboarder.com/news/shakedown-maxence-takes-the-cake-for-the-first-time-at-shakedown/,verified,wave2-canada,live-source
shakedown-snowboard-games--2015,rail-jam,pro,,,pro,unspecified,,1,Sebastien Toutant,CAN,"$3,000",,https://www.snowboarder.com/news/shakedown-maxence-takes-the-cake-for-the-first-time-at-shakedown/,verified,wave2-canada,live-source
snoboard-shop-north-american-championships--1985,other,open,,,open,mixed,,3,Jose Fernandes,SUI,,,https://snowboarding8090.com/history/ | https://radical.swiss/en/radical-stories-in-conversation-with-jose-fernandes-the-first-snowboard-world-number-1-from-europe/ | https://www.snowboardquebec.com/histoire/,likely,wave2-canada,live-source
snowboard-jamboree--2014,big-air,mens,,,open,men,,1,Petja Piiroinen,FIN,161.75,,https://www.fis-ski.com/DB/general/results.html?sectorcode=SB&raceid=11086,verified,wave2-canada,live-source
snowboard-jamboree--2014,big-air,mens,,,open,men,,2,Mans Hedberg,SWE,161.00,,https://www.fis-ski.com/DB/general/results.html?sectorcode=SB&raceid=11086,verified,wave2-canada,live-source
snowboard-jamboree--2014,big-air,mens,,,open,men,,3,Antoine Truchon,CAN,156.25,,https://www.fis-ski.com/DB/general/results.html?sectorcode=SB&raceid=11086,verified,wave2-canada,live-source
snowboard-jamboree--2014,halfpipe,mens,,,open,men,,1,Ryo Aono,JPN,92.00,,https://www.fis-ski.com/DB/general/results.html?sectorcode=SB&raceid=11088,verified,wave2-canada,live-source
snowboard-jamboree--2014,halfpipe,mens,,,open,men,,2,Jan Scherrer,SUI,85.25,,https://www.fis-ski.com/DB/general/results.html?sectorcode=SB&raceid=11088,verified,wave2-canada,live-source
snowboard-jamboree--2014,halfpipe,mens,,,open,men,,3,Scotty James,AUS,84.50,,https://www.fis-ski.com/DB/general/results.html?sectorcode=SB&raceid=11088,verified,wave2-canada,live-source
snowboard-jamboree--2014,halfpipe,womens,,,open,women,,1,Rana Okada,JPN,86.50,,https://www.fis-ski.com/DB/general/results.html?sectorcode=SB&raceid=11087,verified,wave2-canada,live-source
snowboard-jamboree--2014,halfpipe,womens,,,open,women,,2,Yuki Furihata,JPN,82.25,,https://www.fis-ski.com/DB/general/results.html?sectorcode=SB&raceid=11087,verified,wave2-canada,live-source
snowboard-jamboree--2014,halfpipe,womens,,,open,women,,3,Hikaru Oe,JPN,78.25,,https://www.fis-ski.com/DB/general/results.html?sectorcode=SB&raceid=11087,verified,wave2-canada,live-source
snowboard-jamboree--2014,slopestyle,mens,,,open,men,,1,Maxence Parrot,CAN,94.50,,https://www.fis-ski.com/DB/general/results.html?sectorcode=SB&raceid=11085,verified,wave2-canada,live-source
snowboard-jamboree--2014,slopestyle,mens,,,open,men,,2,Niklas Mattsson,SWE,87.50,,https://www.fis-ski.com/DB/general/results.html?sectorcode=SB&raceid=11085,verified,wave2-canada,live-source
snowboard-jamboree--2014,slopestyle,mens,,,open,men,,3,Torgeir Bergrem,NOR,83.00,,https://www.fis-ski.com/DB/general/results.html?sectorcode=SB&raceid=11085,verified,wave2-canada,live-source
snowboard-jamboree--2014,slopestyle,womens,,,open,women,,1,Christy Prior,NZL,89.75,,https://www.fis-ski.com/DB/general/results.html?sectorcode=SB&raceid=11084,verified,wave2-canada,live-source
snowboard-jamboree--2014,slopestyle,womens,,,open,women,,2,Cheryl Maas,NED,85.25,,https://www.fis-ski.com/DB/general/results.html?sectorcode=SB&raceid=11084,verified,wave2-canada,live-source
snowboard-jamboree--2014,slopestyle,womens,,,open,women,,3,Anna Gasser,AUT,84.25,,https://www.fis-ski.com/DB/general/results.html?sectorcode=SB&raceid=11084,verified,wave2-canada,live-source
snowboard-jamboree--2015,big-air,mens,,,open,men,,1,Darcy Sharpe,CAN,187.75,,https://www.fis-ski.com/DB/general/results.html?sectorcode=SB&raceid=11761,verified,wave2-canada,live-source
snowboard-jamboree--2015,big-air,mens,,,open,men,,2,Tyler Nicholson,CAN,177.25,,https://www.fis-ski.com/DB/general/results.html?sectorcode=SB&raceid=11761,verified,wave2-canada,live-source
snowboard-jamboree--2015,big-air,mens,,,open,men,,3,Eric Beauchemin,USA,169.25,,https://www.fis-ski.com/DB/general/results.html?sectorcode=SB&raceid=11761,verified,wave2-canada,live-source
snowboard-jamboree--2015,big-air,womens,,,open,women,,1,Cheryl Maas,NED,143.25,,https://www.fis-ski.com/DB/general/results.html?sectorcode=SB&raceid=12209,verified,wave2-canada,live-source
snowboard-jamboree--2015,big-air,womens,,,open,women,,2,Lia-Mara Boesch,SUI,137.00,,https://www.fis-ski.com/DB/general/results.html?sectorcode=SB&raceid=12209,verified,wave2-canada,live-source
snowboard-jamboree--2015,big-air,womens,,,open,women,,3,Klaudia Medlova,SVK,135.00,,https://www.fis-ski.com/DB/general/results.html?sectorcode=SB&raceid=12209,verified,wave2-canada,live-source
snowboard-jamboree--2015,slopestyle,mens,,,open,men,,1,Michael Ciccarelli,CAN,95.50,,https://www.fis-ski.com/DB/general/results.html?sectorcode=SB&raceid=11769,verified,wave2-canada,live-source
snowboard-jamboree--2015,slopestyle,mens,,,open,men,,2,Janne Korpi,FIN,91.00,,https://www.fis-ski.com/DB/general/results.html?sectorcode=SB&raceid=11769,verified,wave2-canada,live-source
snowboard-jamboree--2015,slopestyle,mens,,,open,men,,3,Keita Inamura,JPN,88.25,,https://www.fis-ski.com/DB/general/results.html?sectorcode=SB&raceid=11769,verified,wave2-canada,live-source
snowboard-jamboree--2015,slopestyle,womens,,,open,women,,1,Cheryl Maas,NED,95.00,,https://www.fis-ski.com/DB/general/results.html?sectorcode=SB&raceid=11768,verified,wave2-canada,live-source
snowboard-jamboree--2015,slopestyle,womens,,,open,women,,2,Jessika Jenson,USA,90.50,,https://www.fis-ski.com/DB/general/results.html?sectorcode=SB&raceid=11768,verified,wave2-canada,live-source
snowboard-jamboree--2015,slopestyle,womens,,,open,women,,3,Klaudia Medlova,SVK,81.75,,https://www.fis-ski.com/DB/general/results.html?sectorcode=SB&raceid=11768,verified,wave2-canada,live-source
snowboard-jamboree--2016,big-air,mens,,,open,men,,1,Max Parrot,CAN,192.25,,https://www.fis-ski.com/DB/general/results.html?sectorcode=SB&raceid=12440,verified,wave2-canada,live-source
snowboard-jamboree--2016,big-air,mens,,,open,men,,2,Tyler Nicholson,CAN,179.50,,https://www.fis-ski.com/DB/general/results.html?sectorcode=SB&raceid=12440,verified,wave2-canada,live-source
snowboard-jamboree--2016,big-air,mens,,,open,men,,3,Ryan Stassel,USA,175.50,,https://www.fis-ski.com/DB/general/results.html?sectorcode=SB&raceid=12440,verified,wave2-canada,live-source
snowboard-jamboree--2016,big-air,womens,,,open,women,,1,Jamie Anderson,USA,178.75,,https://www.fis-ski.com/DB/general/results.html?sectorcode=SB&raceid=12439,verified,wave2-canada,live-source
snowboard-jamboree--2016,big-air,womens,,,open,women,,2,Katie Ormerod,GBR,126.25,,https://www.fis-ski.com/DB/general/results.html?sectorcode=SB&raceid=12439,verified,wave2-canada,live-source
snowboard-jamboree--2016,big-air,womens,,,open,women,,3,Queralt Castellet,ESP,91.75,,https://www.fis-ski.com/DB/general/results.html?sectorcode=SB&raceid=12439,verified,wave2-canada,live-source
snowboard-jamboree--2018,big-air,mens,,,open,men,,1,Max Parrot,CAN,195.25,,https://www.fis-ski.com/DB/general/results.html?sectorcode=SB&raceid=14297,verified,wave2-canada,live-source
snowboard-jamboree--2018,big-air,mens,,,open,men,,2,Jonas Boesiger,SUI,182.25,,https://www.fis-ski.com/DB/general/results.html?sectorcode=SB&raceid=14297,verified,wave2-canada,live-source
snowboard-jamboree--2018,big-air,mens,,,open,men,,3,Antoine Truchon,CAN,168.00,,https://www.fis-ski.com/DB/general/results.html?sectorcode=SB&raceid=14297,verified,wave2-canada,live-source
snowboard-jamboree--2018,big-air,womens,,,open,women,,1,Julia Marino,USA,168.50,,https://www.fis-ski.com/DB/general/results.html?sectorcode=SB&raceid=14296,verified,wave2-canada,live-source
snowboard-jamboree--2018,big-air,womens,,,open,women,,2,Laurie Blouin,CAN,148.00,,https://www.fis-ski.com/DB/general/results.html?sectorcode=SB&raceid=14296,verified,wave2-canada,live-source
snowboard-jamboree--2018,big-air,womens,,,open,women,,3,Loranne Smans,BEL,137.75,,https://www.fis-ski.com/DB/general/results.html?sectorcode=SB&raceid=14296,verified,wave2-canada,live-source
snowboard-jamboree--2019,big-air,mens,,,open,men,,1,Seppe Smits,BEL,175.75,,https://www.fis-ski.com/DB/general/results.html?sectorcode=SB&raceid=15314,verified,wave2-canada,live-source
snowboard-jamboree--2019,big-air,mens,,,open,men,,2,Kalle Jarvilehto,FIN,171.50,,https://www.fis-ski.com/DB/general/results.html?sectorcode=SB&raceid=15314,verified,wave2-canada,live-source
snowboard-jamboree--2019,big-air,mens,,,open,men,,3,Jonas Boesiger,SUI,161.25,,https://www.fis-ski.com/DB/general/results.html?sectorcode=SB&raceid=15314,verified,wave2-canada,live-source
snowboard-jamboree--2019,big-air,womens,,,open,women,,1,Julia Marino,USA,162.25,,https://www.fis-ski.com/DB/general/results.html?sectorcode=SB&raceid=15313,verified,wave2-canada,live-source
snowboard-jamboree--2019,big-air,womens,,,open,women,,2,Laurie Blouin,CAN,157.50,,https://www.fis-ski.com/DB/general/results.html?sectorcode=SB&raceid=15313,verified,wave2-canada,live-source
snowboard-jamboree--2019,big-air,womens,,,open,women,,3,Klaudia Medlova,SVK,122.50,,https://www.fis-ski.com/DB/general/results.html?sectorcode=SB&raceid=15313,verified,wave2-canada,live-source
the-arctic-challenge--2005,other,mens,,,open,men,,1,Antti Autti,FIN,,,http://www.the-arctic-challenge.com/results.html | https://www.the-arctic-challenge.com/,verified,wave2-japan-europe,live-source
the-arctic-challenge--2005,other,mens,,,open,men,,2,Markku Koski,FIN,,,http://www.the-arctic-challenge.com/results.html | https://www.the-arctic-challenge.com/,verified,wave2-japan-europe,live-source
the-arctic-challenge--2005,other,mens,,,open,men,,3,Risto Mattila,FIN,,,http://www.the-arctic-challenge.com/results.html | https://www.the-arctic-challenge.com/,verified,wave2-japan-europe,live-source
the-arctic-challenge--2005,other,womens,,,open,women,,1,Cheryl Maas,NED,,,http://www.the-arctic-challenge.com/results.html | https://www.the-arctic-challenge.com/,verified,wave2-japan-europe,live-source
the-arctic-challenge--2005,other,womens,,,open,women,,2,Kjersti Buaas,NOR,,,http://www.the-arctic-challenge.com/results.html | https://www.the-arctic-challenge.com/,verified,wave2-japan-europe,live-source
the-arctic-challenge--2005,other,womens,,,open,women,,3,Tora Bright,AUS,,,http://www.the-arctic-challenge.com/results.html | https://www.the-arctic-challenge.com/,verified,wave2-japan-europe,live-source
the-arctic-challenge--2005,quarterpipe,mens,,,open,men,,1,Markus Keller,,,,http://www.the-arctic-challenge.com/results.html | https://www.the-arctic-challenge.com/,verified,wave2-japan-europe,live-source
the-arctic-challenge--2005,quarterpipe,mens,,,open,men,,2,Andy Finch,,,,http://www.the-arctic-challenge.com/results.html | https://www.the-arctic-challenge.com/,verified,wave2-japan-europe,live-source
the-arctic-challenge--2005,quarterpipe,mens,,,open,men,,3,Terje Håkonsen,,,,http://www.the-arctic-challenge.com/results.html | https://www.the-arctic-challenge.com/,verified,wave2-japan-europe,live-source
the-arctic-challenge--2005,quarterpipe,womens,,,open,women,,1,Torah Bright,,,,http://www.the-arctic-challenge.com/results.html | https://www.the-arctic-challenge.com/,verified,wave2-japan-europe,live-source
the-arctic-challenge--2005,quarterpipe,womens,,,open,women,,2,Doriane Vidal,,,,http://www.the-arctic-challenge.com/results.html | https://www.the-arctic-challenge.com/,verified,wave2-japan-europe,live-source
the-arctic-challenge--2005,quarterpipe,womens,,,open,women,,3,Anne Molin Kongsgaard,,,,http://www.the-arctic-challenge.com/results.html | https://www.the-arctic-challenge.com/,verified,wave2-japan-europe,live-source
the-arctic-challenge--2010,slopestyle,mens,,,open,men,,1,Peetu Piiroinen,FIN,,,https://www.worldsnowboardfederation.org/ttr-winner-of-oakley-arctic-challenge-petuu-piiroinen-secures-swatch-ttr-world/,verified,wave2-japan-europe,live-source
the-arctic-challenge--2010,slopestyle,mens,,,open,men,,2,Torstein Horgmo,NOR,,,https://www.worldsnowboardfederation.org/ttr-winner-of-oakley-arctic-challenge-petuu-piiroinen-secures-swatch-ttr-world/,verified,wave2-japan-europe,live-source
the-arctic-challenge--2010,slopestyle,mens,,,open,men,,3,Mikkel Bang,NOR,,,https://www.worldsnowboardfederation.org/ttr-winner-of-oakley-arctic-challenge-petuu-piiroinen-secures-swatch-ttr-world/,verified,wave2-japan-europe,live-source
the-arctic-challenge--2011,slopestyle,mens,,,open,men,,1,Chas Guldemond,USA,,,https://www.worldsnowboardfederation.org/oakley-arctic-challenge/,verified,wave2-japan-europe,live-source
the-arctic-challenge--2011,slopestyle,womens,,,open,women,,1,Jamie Anderson,USA,,,https://www.worldsnowboardfederation.org/oakley-arctic-challenge/,verified,wave2-japan-europe,live-source
the-arctic-challenge--2013,halfpipe,mens,,,open,men,,1,Iouri Podladtchikov,,,,http://www.xgames.com/article/9032074/iouri-podladtchikov-wins-2013-arctic-challenge-peetu-piiroinen-wins-world-snowboard-tour-overall-champion-title,likely,wave2-japan-europe,live-source
the-arctic-challenge--2014,halfpipe,mens,,,open,men,,1,Danny Davis,USA,,,https://whitelines.com/archive/features/debate/the-arctic-challenge-2014-this-smoking-new-pipe-contest-set-imaginations-alight.html,verified,wave2-japan-europe,live-source
the-arctic-challenge--2014,halfpipe,mens,,,open,men,,2,Iouri Podladtchikov,SUI,,,https://whitelines.com/archive/features/debate/the-arctic-challenge-2014-this-smoking-new-pipe-contest-set-imaginations-alight.html,verified,wave2-japan-europe,live-source
the-arctic-challenge--2014,halfpipe,mens,,,open,men,,3,Kent Callister,,,,https://whitelines.com/archive/features/debate/the-arctic-challenge-2014-this-smoking-new-pipe-contest-set-imaginations-alight.html,verified,wave2-japan-europe,live-source
toyota-big-air--1997,big-air,open,,,open,mixed,,1,Fabien Rohrer,SUI,,,https://en.wikipedia.org/wiki/Toyota_Big_Air,verified,wave2-japan-europe,live-source
toyota-big-air--1997,big-air,open,,,open,mixed,,2,Max Ploetzenneder,AUT,,,https://en.wikipedia.org/wiki/Toyota_Big_Air,verified,wave2-japan-europe,live-source
toyota-big-air--1997,big-air,open,,,open,mixed,,3,Michi Albin,SUI,,,https://en.wikipedia.org/wiki/Toyota_Big_Air,verified,wave2-japan-europe,live-source
toyota-big-air--1998,big-air,open,,,open,mixed,,1,Michi Albin,SUI,,,https://en.wikipedia.org/wiki/Toyota_Big_Air,verified,wave2-japan-europe,live-source
toyota-big-air--1998,big-air,open,,,open,mixed,,2,Juha Tenkku,FIN,,,https://en.wikipedia.org/wiki/Toyota_Big_Air,verified,wave2-japan-europe,live-source
toyota-big-air--1998,big-air,open,,,open,mixed,,3,Narufumi Yoshimura,JPN,,,https://en.wikipedia.org/wiki/Toyota_Big_Air,verified,wave2-japan-europe,live-source
toyota-big-air--1999,big-air,open,,,open,mixed,,1,Michi Albin,SUI,,,https://en.wikipedia.org/wiki/Toyota_Big_Air,verified,wave2-japan-europe,live-source
toyota-big-air--1999,big-air,open,,,open,mixed,,2,Stefan Gimpl,AUT,,,https://en.wikipedia.org/wiki/Toyota_Big_Air,verified,wave2-japan-europe,live-source
toyota-big-air--1999,big-air,open,,,open,mixed,,3,Jim Rippey,USA,,,https://en.wikipedia.org/wiki/Toyota_Big_Air,verified,wave2-japan-europe,live-source
toyota-big-air--2000,big-air,open,,,open,mixed,,1,Jonas Emery,SUI,,,https://en.wikipedia.org/wiki/Toyota_Big_Air,verified,wave2-japan-europe,live-source
toyota-big-air--2000,big-air,open,,,open,mixed,,2,Stefan Gimpl,AUT,,,https://en.wikipedia.org/wiki/Toyota_Big_Air,verified,wave2-japan-europe,live-source
toyota-big-air--2000,big-air,open,,,open,mixed,,3,Daniel Franck,NOR,,,https://en.wikipedia.org/wiki/Toyota_Big_Air,verified,wave2-japan-europe,live-source
toyota-big-air--2001,big-air,open,,,open,mixed,,1,Guillaume Morisset,CAN,,,https://en.wikipedia.org/wiki/Toyota_Big_Air,verified,wave2-japan-europe,live-source
toyota-big-air--2001,big-air,open,,,open,mixed,,2,Roger Hjelmstadstuen,NOR,,,https://en.wikipedia.org/wiki/Toyota_Big_Air,verified,wave2-japan-europe,live-source
toyota-big-air--2001,big-air,open,,,open,mixed,,3,Stefan Gimpl,AUT,,,https://en.wikipedia.org/wiki/Toyota_Big_Air,verified,wave2-japan-europe,live-source
toyota-big-air--2002,big-air,open,,,open,mixed,,1,Shaun White,USA,,,https://en.wikipedia.org/wiki/Toyota_Big_Air,verified,wave2-japan-europe,live-source
toyota-big-air--2002,big-air,open,,,open,mixed,,2,Stefan Gimpl,AUT,,,https://en.wikipedia.org/wiki/Toyota_Big_Air,verified,wave2-japan-europe,live-source
toyota-big-air--2002,big-air,open,,,open,mixed,,3,Akifumi Hiraoka,JPN,,,https://en.wikipedia.org/wiki/Toyota_Big_Air,verified,wave2-japan-europe,live-source
toyota-big-air--2003,big-air,open,,,open,mixed,,1,Roger Hjelmstadstuen,NOR,,,https://en.wikipedia.org/wiki/Toyota_Big_Air,verified,wave2-japan-europe,live-source
toyota-big-air--2003,big-air,open,,,open,mixed,,2,Daniel Franck,NOR,,,https://en.wikipedia.org/wiki/Toyota_Big_Air,verified,wave2-japan-europe,live-source
toyota-big-air--2003,big-air,open,,,open,mixed,,3,Stefan Gimpl,AUT,,,https://en.wikipedia.org/wiki/Toyota_Big_Air,verified,wave2-japan-europe,live-source
toyota-big-air--2004,big-air,open,,,open,mixed,,1,Marc-Andre Tarte,CAN,,,https://en.wikipedia.org/wiki/Toyota_Big_Air,verified,wave2-japan-europe,live-source
toyota-big-air--2004,big-air,open,,,open,mixed,,2,Eero Ettala,FIN,,,https://en.wikipedia.org/wiki/Toyota_Big_Air,verified,wave2-japan-europe,live-source
toyota-big-air--2004,big-air,open,,,open,mixed,,3,Daniel Franck,NOR,,,https://en.wikipedia.org/wiki/Toyota_Big_Air,verified,wave2-japan-europe,live-source
toyota-big-air--2005,big-air,open,,,open,mixed,,1,Eero Ettala,FIN,,,https://en.wikipedia.org/wiki/Toyota_Big_Air,verified,wave2-japan-europe,live-source
toyota-big-air--2005,big-air,open,,,open,mixed,,2,Mathieu Crepel,FRA,,,https://en.wikipedia.org/wiki/Toyota_Big_Air,verified,wave2-japan-europe,live-source
toyota-big-air--2005,big-air,open,,,open,mixed,,3,Roger Hjelmstadstuen,NOR,,[tie recorded by the source],https://en.wikipedia.org/wiki/Toyota_Big_Air,verified,wave2-japan-europe,live-source
toyota-big-air--2005,big-air,open,,,open,mixed,,3,Nicolas Müller,SUI,,[tie recorded by the source],https://en.wikipedia.org/wiki/Toyota_Big_Air,verified,wave2-japan-europe,live-source
toyota-big-air--2006,big-air,open,,,open,mixed,,1,Nicolas Muller,SUI,,,https://en.wikipedia.org/wiki/Toyota_Big_Air,verified,wave2-japan-europe,live-source
toyota-big-air--2006,big-air,open,,,open,mixed,,2,Eero Ettala,FIN,,,https://en.wikipedia.org/wiki/Toyota_Big_Air,verified,wave2-japan-europe,live-source
toyota-big-air--2006,big-air,open,,,open,mixed,,3,Trevor Andrew,CAN,,,https://en.wikipedia.org/wiki/Toyota_Big_Air,verified,wave2-japan-europe,live-source
toyota-big-air--2007,big-air,open,,,open,mixed,,1,Kevin Pearce,USA,,,https://en.wikipedia.org/wiki/Toyota_Big_Air,verified,wave2-japan-europe,live-source
toyota-big-air--2007,big-air,open,,,open,mixed,,2,Risto Mattila,FIN,,,https://en.wikipedia.org/wiki/Toyota_Big_Air,verified,wave2-japan-europe,live-source
toyota-big-air--2007,big-air,open,,,open,mixed,,3,Antti Autti,FIN,,[tie recorded by the source],https://en.wikipedia.org/wiki/Toyota_Big_Air,verified,wave2-japan-europe,live-source
toyota-big-air--2007,big-air,open,,,open,mixed,,3,Nicolas Muller,SUI,,[tie recorded by the source],https://en.wikipedia.org/wiki/Toyota_Big_Air,verified,wave2-japan-europe,live-source
toyota-big-air--2008,big-air,open,,,open,mixed,,1,Antti Autti,FIN,,,https://en.wikipedia.org/wiki/Toyota_Big_Air,verified,wave2-japan-europe,live-source
toyota-big-air--2008,big-air,open,,,open,mixed,,2,Risto Mattila,FIN,,,https://en.wikipedia.org/wiki/Toyota_Big_Air,verified,wave2-japan-europe,live-source
toyota-big-air--2008,big-air,open,,,open,mixed,,3,Kevin Pearce,USA,,[tie recorded by the source],https://en.wikipedia.org/wiki/Toyota_Big_Air,verified,wave2-japan-europe,live-source
toyota-big-air--2008,big-air,open,,,open,mixed,,3,Masatake Yamamoto,JPN,,[tie recorded by the source],https://en.wikipedia.org/wiki/Toyota_Big_Air,verified,wave2-japan-europe,live-source
toyota-big-air--2009,big-air,open,,,open,mixed,,1,Eero Ettala,FIN,,,https://en.wikipedia.org/wiki/Toyota_Big_Air,verified,wave2-japan-europe,live-source
toyota-big-air--2009,big-air,open,,,open,mixed,,2,Tim Humphreys,USA,,,https://en.wikipedia.org/wiki/Toyota_Big_Air,verified,wave2-japan-europe,live-source
toyota-big-air--2009,big-air,open,,,open,mixed,,3,Risto Mattila,FIN,,,https://en.wikipedia.org/wiki/Toyota_Big_Air,verified,wave2-japan-europe,live-source
toyota-big-air--2010,big-air,open,,,open,mixed,,1,Peetu Piiroinen,FIN,,,https://en.wikipedia.org/wiki/Toyota_Big_Air,verified,wave2-japan-europe,live-source
toyota-big-air--2010,big-air,open,,,open,mixed,,2,Eero Ettala,FIN,,,https://en.wikipedia.org/wiki/Toyota_Big_Air,verified,wave2-japan-europe,live-source
toyota-big-air--2010,big-air,open,,,open,mixed,,3,Antti Autti,FIN,,[tie recorded by the source],https://en.wikipedia.org/wiki/Toyota_Big_Air,verified,wave2-japan-europe,live-source
toyota-big-air--2010,big-air,open,,,open,mixed,,3,Seppe Smits,BEL,,[tie recorded by the source],https://en.wikipedia.org/wiki/Toyota_Big_Air,verified,wave2-japan-europe,live-source
toyota-big-air--2011,big-air,open,,,open,mixed,,1,Chas Guldemond,USA,,,https://en.wikipedia.org/wiki/Toyota_Big_Air,verified,wave2-japan-europe,live-source
toyota-big-air--2011,big-air,open,,,open,mixed,,2,Sebastien Toutant,CAN,,,https://en.wikipedia.org/wiki/Toyota_Big_Air,verified,wave2-japan-europe,live-source
toyota-big-air--2011,big-air,open,,,open,mixed,,3,Mark McMorris,CAN,,[tie recorded by the source],https://en.wikipedia.org/wiki/Toyota_Big_Air,verified,wave2-japan-europe,live-source
toyota-big-air--2011,big-air,open,,,open,mixed,,3,Seppe Smits,BEL,,[tie recorded by the source],https://en.wikipedia.org/wiki/Toyota_Big_Air,verified,wave2-japan-europe,live-source
toyota-big-air--2012,big-air,open,,,open,mixed,,1,Scotty Lago,USA,,,https://ja.wikipedia.org/wiki/TOYOTA_BIG_AIR,verified,wave2-japan-europe,live-source
toyota-big-air--2013,big-air,open,,,open,mixed,,1,Antoine Truchon,CAN,,,https://ja.wikipedia.org/wiki/TOYOTA_BIG_AIR | https://de.wikipedia.org/wiki/Antoine_Truchon,likely,wave2-japan-europe,live-source
toyota-big-air--2014,big-air,open,,,open,mixed,,1,Maxence Parrot,CAN,,,https://ja.wikipedia.org/wiki/TOYOTA_BIG_AIR,verified,wave2-japan-europe,live-source
ttr-world-snowboard-tour--2003,quarterpipe,mens,,,open,men,Season champion,1,Travis Rice,,,"TTR series title decided at the Arctic Challenge tour final, not a single-event podium. Nationality not given by the source. [citation pending re-check: the value was verified against the archived page by QA, but the recorded snapshot URL has not been confirmed to resolve]",https://web.archive.org/web/20220302222719/https://worldsnowboardtour.com/history/,verified,wave3-archive,pending-recheck
ttr-world-snowboard-tour--2003,slopestyle,mens,,,open,men,Season champion,1,Shaun White,,,"TTR series title decided at the Arctic Challenge tour final, not a single-event podium. Nationality not given by the source. [citation pending re-check: the value was verified against the archived page by QA, but the recorded snapshot URL has not been confirmed to resolve]",https://web.archive.org/web/20220302222719/https://worldsnowboardtour.com/history/,verified,wave3-archive,pending-recheck
ttr-world-snowboard-tour--2004,halfpipe,mens,,,open,men,Season champion,1,Andy Finch,,,"TTR series title decided at the Arctic Challenge tour final, not a single-event podium. Nationality not given by the source. [citation pending re-check: the value was verified against the archived page by QA, but the recorded snapshot URL has not been confirmed to resolve]",https://web.archive.org/web/20220302222719/https://worldsnowboardtour.com/history/,verified,wave3-archive,pending-recheck
ttr-world-snowboard-tour--2004,quarterpipe,mens,,,open,men,Season champion,1,Travis Rice,,,"TTR series title decided at the Arctic Challenge tour final, not a single-event podium. Nationality not given by the source. [citation pending re-check: the value was verified against the archived page by QA, but the recorded snapshot URL has not been confirmed to resolve]",https://web.archive.org/web/20220302222719/https://worldsnowboardtour.com/history/,verified,wave3-archive,pending-recheck
ttr-world-snowboard-tour--2005,quarterpipe,mens,,,open,men,Season champion,1,Markus Keller,,,"TTR series title decided at the Arctic Challenge tour final, not a single-event podium. Nationality not given by the source. [citation pending re-check: the value was verified against the archived page by QA, but the recorded snapshot URL has not been confirmed to resolve]",https://web.archive.org/web/20220302222719/https://worldsnowboardtour.com/history/,verified,wave3-archive,pending-recheck
ttr-world-snowboard-tour--2006,other,mens,,,open,men,Season champion,1,Mathieu Crepel,FRA,,"Overall season tour title (all disciplines combined), not a single-event podium. [citation pending re-check: the value was verified against the archived page by QA, but the recorded snapshot URL has not been confirmed to resolve]",https://web.archive.org/web/20220302222719/https://worldsnowboardtour.com/history/,verified,wave3-archive,pending-recheck
ttr-world-snowboard-tour--2006,other,womens,,,open,women,Season champion,1,Cheryl Maas,NED,,"Overall season tour title (all disciplines combined), not a single-event podium. [citation pending re-check: the value was verified against the archived page by QA, but the recorded snapshot URL has not been confirmed to resolve]",https://web.archive.org/web/20220302222719/https://worldsnowboardtour.com/history/,verified,wave3-archive,pending-recheck
ttr-world-snowboard-tour--2007,other,mens,,,open,men,Season champion,1,Shaun White,USA,,"Overall season tour title (all disciplines combined), not a single-event podium. [citation pending re-check: the value was verified against the archived page by QA, but the recorded snapshot URL has not been confirmed to resolve]",https://web.archive.org/web/20220302222719/https://worldsnowboardtour.com/history/,verified,wave3-archive,pending-recheck
ttr-world-snowboard-tour--2007,other,womens,,,open,women,Season champion,1,Torah Bright,AUS,,"Overall season tour title (all disciplines combined), not a single-event podium. [citation pending re-check: the value was verified against the archived page by QA, but the recorded snapshot URL has not been confirmed to resolve]",https://web.archive.org/web/20220302222719/https://worldsnowboardtour.com/history/,verified,wave3-archive,pending-recheck
ttr-world-snowboard-tour--2008,other,mens,,,open,men,Season champion,1,Kevin Pearce,USA,,"Overall season tour title (all disciplines combined), not a single-event podium. [citation pending re-check: the value was verified against the archived page by QA, but the recorded snapshot URL has not been confirmed to resolve]",https://web.archive.org/web/20220302222719/https://worldsnowboardtour.com/history/,verified,wave3-archive,pending-recheck
ttr-world-snowboard-tour--2008,other,womens,,,open,women,Season champion,1,Jamie Anderson,USA,,"Overall season tour title (all disciplines combined), not a single-event podium. [citation pending re-check: the value was verified against the archived page by QA, but the recorded snapshot URL has not been confirmed to resolve]",https://web.archive.org/web/20220302222719/https://worldsnowboardtour.com/history/,verified,wave3-archive,pending-recheck
ttr-world-snowboard-tour--2009,other,mens,,,open,men,Season champion,1,Peetu Piiroinen,FIN,,"Overall season tour title (all disciplines combined), not a single-event podium. [citation pending re-check: the value was verified against the archived page by QA, but the recorded snapshot URL has not been confirmed to resolve]",https://web.archive.org/web/20220302222719/https://worldsnowboardtour.com/history/,verified,wave3-archive,pending-recheck
ttr-world-snowboard-tour--2009,other,womens,,,open,women,Season champion,1,Kelly Clark,USA,,"Overall season tour title (all disciplines combined), not a single-event podium. [citation pending re-check: the value was verified against the archived page by QA, but the recorded snapshot URL has not been confirmed to resolve]",https://web.archive.org/web/20220302222719/https://worldsnowboardtour.com/history/,verified,wave3-archive,pending-recheck
ttr-world-snowboard-tour--2010,other,mens,,,open,men,Season champion,1,Peetu Piiroinen,FIN,,"Overall season tour title (all disciplines combined), not a single-event podium. [citation pending re-check: the value was verified against the archived page by QA, but the recorded snapshot URL has not been confirmed to resolve]",https://web.archive.org/web/20220302222719/https://worldsnowboardtour.com/history/,verified,wave3-archive,pending-recheck
ttr-world-snowboard-tour--2010,other,womens,,,open,women,Season champion,1,Enni Rukajarvi,FIN,,"Overall season tour title (all disciplines combined), not a single-event podium. [citation pending re-check: the value was verified against the archived page by QA, but the recorded snapshot URL has not been confirmed to resolve]",https://web.archive.org/web/20220302222719/https://worldsnowboardtour.com/history/,verified,wave3-archive,pending-recheck
ttr-world-snowboard-tour--2011,other,mens,,,open,men,Season champion,1,Peetu Piiroinen,FIN,,"Overall season tour title (all disciplines combined), not a single-event podium. [citation pending re-check: the value was verified against the archived page by QA, but the recorded snapshot URL has not been confirmed to resolve]",https://web.archive.org/web/20220302222719/https://worldsnowboardtour.com/history/,verified,wave3-archive,pending-recheck
ttr-world-snowboard-tour--2011,other,womens,,,open,women,Season champion,1,Jamie Anderson,USA,,"Overall season tour title (all disciplines combined), not a single-event podium. [citation pending re-check: the value was verified against the archived page by QA, but the recorded snapshot URL has not been confirmed to resolve]",https://web.archive.org/web/20220302222719/https://worldsnowboardtour.com/history/,verified,wave3-archive,pending-recheck
ttr-world-snowboard-tour--2012,halfpipe,mens,,,open,men,Season champion,1,Iouri Podladtchikov,SUI,,"Season-long tour title, not a single-event podium. [citation pending re-check: the value was verified against the archived page by QA, but the recorded snapshot URL has not been confirmed to resolve]",https://web.archive.org/web/20220302222719/https://worldsnowboardtour.com/history/,verified,wave3-archive,pending-recheck
ttr-world-snowboard-tour--2012,halfpipe,womens,,,open,women,Season champion,1,Kelly Clark,USA,,"Season-long tour title, not a single-event podium. [citation pending re-check: the value was verified against the archived page by QA, but the recorded snapshot URL has not been confirmed to resolve]",https://web.archive.org/web/20220302222719/https://worldsnowboardtour.com/history/,verified,wave3-archive,pending-recheck
ttr-world-snowboard-tour--2012,other,mens,,,open,men,Season champion,1,Stale Sandbech,NOR,,"Overall season tour title (all disciplines combined), not a single-event podium. [citation pending re-check: the value was verified against the archived page by QA, but the recorded snapshot URL has not been confirmed to resolve]",https://web.archive.org/web/20220302222719/https://worldsnowboardtour.com/history/,verified,wave3-archive,pending-recheck
ttr-world-snowboard-tour--2012,other,womens,,,open,women,Season champion,1,Cilka Sadar,SLO,,"Overall season tour title (all disciplines combined), not a single-event podium. [citation pending re-check: the value was verified against the archived page by QA, but the recorded snapshot URL has not been confirmed to resolve]",https://web.archive.org/web/20220302222719/https://worldsnowboardtour.com/history/,verified,wave3-archive,pending-recheck
ttr-world-snowboard-tour--2012,slopestyle,mens,,,open,men,Season champion,1,Sebastien Toutant,CAN,,"Season-long tour title, not a single-event podium. [citation pending re-check: the value was verified against the archived page by QA, but the recorded snapshot URL has not been confirmed to resolve]",https://web.archive.org/web/20220302222719/https://worldsnowboardtour.com/history/,verified,wave3-archive,pending-recheck
ttr-world-snowboard-tour--2012,slopestyle,womens,,,open,women,Season champion,1,Jamie Anderson,USA,,"Season-long tour title, not a single-event podium. [citation pending re-check: the value was verified against the archived page by QA, but the recorded snapshot URL has not been confirmed to resolve]",https://web.archive.org/web/20220302222719/https://worldsnowboardtour.com/history/,verified,wave3-archive,pending-recheck
ttr-world-snowboard-tour--2013,big-air,mens,,,open,men,Season champion,1,Sebastien Toutant,CAN,,"Season-long tour title, not a single-event podium. [citation pending re-check: the value was verified against the archived page by QA, but the recorded snapshot URL has not been confirmed to resolve]",https://web.archive.org/web/20220302222719/https://worldsnowboardtour.com/history/,verified,wave3-archive,pending-recheck
ttr-world-snowboard-tour--2013,halfpipe,mens,,,open,men,Season champion,1,Ayumu Hirano,JPN,,"Season-long tour title, not a single-event podium. [citation pending re-check: the value was verified against the archived page by QA, but the recorded snapshot URL has not been confirmed to resolve]",https://web.archive.org/web/20220302222719/https://worldsnowboardtour.com/history/,verified,wave3-archive,pending-recheck
ttr-world-snowboard-tour--2013,halfpipe,womens,,,open,women,Season champion,1,Kelly Clark,USA,,"Season-long tour title, not a single-event podium. [citation pending re-check: the value was verified against the archived page by QA, but the recorded snapshot URL has not been confirmed to resolve]",https://web.archive.org/web/20220302222719/https://worldsnowboardtour.com/history/,verified,wave3-archive,pending-recheck
ttr-world-snowboard-tour--2013,other,mens,,,open,men,Season champion,1,Peetu Piiroinen,FIN,,"Overall season tour title (all disciplines combined), not a single-event podium. [citation pending re-check: the value was verified against the archived page by QA, but the recorded snapshot URL has not been confirmed to resolve]",https://web.archive.org/web/20220302222719/https://worldsnowboardtour.com/history/,verified,wave3-archive,pending-recheck
ttr-world-snowboard-tour--2013,other,womens,,,open,women,Season champion,1,Sarka Pancochova,CZE,,"Overall season tour title (all disciplines combined), not a single-event podium. [citation pending re-check: the value was verified against the archived page by QA, but the recorded snapshot URL has not been confirmed to resolve]",https://web.archive.org/web/20220302222719/https://worldsnowboardtour.com/history/,verified,wave3-archive,pending-recheck
ttr-world-snowboard-tour--2013,slopestyle,mens,,,open,men,Season champion,1,Mark McMorris,CAN,,"Season-long tour title, not a single-event podium. [citation pending re-check: the value was verified against the archived page by QA, but the recorded snapshot URL has not been confirmed to resolve]",https://web.archive.org/web/20220302222719/https://worldsnowboardtour.com/history/,verified,wave3-archive,pending-recheck
ttr-world-snowboard-tour--2013,slopestyle,womens,,,open,women,Season champion,1,Sarka Pancochova,CZE,,"Season-long tour title, not a single-event podium. [citation pending re-check: the value was verified against the archived page by QA, but the recorded snapshot URL has not been confirmed to resolve]",https://web.archive.org/web/20220302222719/https://worldsnowboardtour.com/history/,verified,wave3-archive,pending-recheck
ttr-world-snowboard-tour--2014,big-air,mens,,,open,men,Season champion,1,Maxence Parrot,CAN,,"Season-long tour title, not a single-event podium. [citation pending re-check: the value was verified against the archived page by QA, but the recorded snapshot URL has not been confirmed to resolve]",https://web.archive.org/web/20220302222719/https://worldsnowboardtour.com/history/,verified,wave3-archive,pending-recheck
ttr-world-snowboard-tour--2014,halfpipe,mens,,,open,men,Season champion,1,Taku Hiraoka,JPN,,"Season-long tour title, not a single-event podium. [citation pending re-check: the value was verified against the archived page by QA, but the recorded snapshot URL has not been confirmed to resolve]",https://web.archive.org/web/20220302222719/https://worldsnowboardtour.com/history/,verified,wave3-archive,pending-recheck
ttr-world-snowboard-tour--2014,halfpipe,womens,,,open,women,Season champion,1,Kelly Clark,USA,,"Season-long tour title, not a single-event podium. [citation pending re-check: the value was verified against the archived page by QA, but the recorded snapshot URL has not been confirmed to resolve]",https://web.archive.org/web/20220302222719/https://worldsnowboardtour.com/history/,verified,wave3-archive,pending-recheck
ttr-world-snowboard-tour--2014,other,mens,,,open,men,Season champion,1,Stale Sandbech,NOR,,"Overall season tour title (all disciplines combined), not a single-event podium. [citation pending re-check: the value was verified against the archived page by QA, but the recorded snapshot URL has not been confirmed to resolve]",https://web.archive.org/web/20220302222719/https://worldsnowboardtour.com/history/,verified,wave3-archive,pending-recheck
ttr-world-snowboard-tour--2014,other,womens,,,open,women,Season champion,1,Chloe Kim,USA,,"Overall season tour title (all disciplines combined), not a single-event podium. [citation pending re-check: the value was verified against the archived page by QA, but the recorded snapshot URL has not been confirmed to resolve]",https://web.archive.org/web/20220302222719/https://worldsnowboardtour.com/history/,verified,wave3-archive,pending-recheck
ttr-world-snowboard-tour--2014,slopestyle,mens,,,open,men,Season champion,1,Stale Sandbech,NOR,,"Season-long tour title, not a single-event podium. [citation pending re-check: the value was verified against the archived page by QA, but the recorded snapshot URL has not been confirmed to resolve]",https://web.archive.org/web/20220302222719/https://worldsnowboardtour.com/history/,verified,wave3-archive,pending-recheck
ttr-world-snowboard-tour--2014,slopestyle,womens,,,open,women,Season champion,1,Jamie Anderson,USA,,"Season-long tour title, not a single-event podium. [citation pending re-check: the value was verified against the archived page by QA, but the recorded snapshot URL has not been confirmed to resolve]",https://web.archive.org/web/20220302222719/https://worldsnowboardtour.com/history/,verified,wave3-archive,pending-recheck
ttr-world-snowboard-tour--2015,halfpipe,mens,,,open,men,Season champion,1,Ayumu Hirano,JPN,,"WST Pro Series season title, awarded at the Burton US Open on 8 March 2015. Not a single-event podium. [citation pending re-check: the value was verified against the archived page by QA, but the recorded snapshot URL has not been confirmed to resolve]",https://web.archive.org/web/20220302222719/https://worldsnowboardtour.com/history/,verified,wave3-archive,pending-recheck
ttr-world-snowboard-tour--2015,halfpipe,womens,,,open,women,Season champion,1,Kelly Clark,USA,,"WST Pro Series season title, awarded at the Burton US Open on 8 March 2015. Not a single-event podium. [citation pending re-check: the value was verified against the archived page by QA, but the recorded snapshot URL has not been confirmed to resolve]",https://web.archive.org/web/20220302222719/https://worldsnowboardtour.com/history/,verified,wave3-archive,pending-recheck
ttr-world-snowboard-tour--2015,slopestyle,mens,,,open,men,Season champion,1,Mark McMorris,CAN,,"WST Pro Series season title, awarded at the Burton US Open on 8 March 2015. Not a single-event podium. [citation pending re-check: the value was verified against the archived page by QA, but the recorded snapshot URL has not been confirmed to resolve]",https://web.archive.org/web/20220302222719/https://worldsnowboardtour.com/history/,verified,wave3-archive,pending-recheck
ttr-world-snowboard-tour--2015,slopestyle,womens,,,open,women,Season champion,1,Jamie Anderson,USA,,"WST Pro Series season title, awarded at the Burton US Open on 8 March 2015. Not a single-event podium. [citation pending re-check: the value was verified against the archived page by QA, but the recorded snapshot URL has not been confirmed to resolve]",https://web.archive.org/web/20220302222719/https://worldsnowboardtour.com/history/,verified,wave3-archive,pending-recheck
us-open-snowboarding--1982,downhill,mens,Men'S Downhill,,open,men,Men'S Downhill,1,Tom Sims,USA,,,https://web.archive.org/web/20021214031222/http://usopen-snowboarding.com/history.asp?yearNum=1982,verified,wave3-archive,repaired-verified
us-open-snowboarding--1982,downhill,open,,,open,mixed,,1,Tom Sims,USA,,"[CONTESTED: another source puts a different rider in this slot; see review/results-slot-conflicts.csv] [QA-confirmed against snowboardinginsouthernvermont.com, which gives Sims the downhill and Bouton the slalom and overall.]",http://www.snowboardinginsouthernvermont.com/woodstock-1982.html | https://www.snowboarder.com/news/snowboard-history-timeline-part-21980s,verified,v0.1-legacy-80s-90s,live-source
us-open-snowboarding--1982,other,open,,,open,mixed,,1,Doug Bouton,USA,,,http://www.snowboardinginsouthernvermont.com/woodstock-1982.html | https://www.snowboarder.com/news/snowboard-history-timeline-part-21980s | https://events.burton.com/burton-us-open/history/,likely,v0.1-legacy-80s-90s,live-source
us-open-snowboarding--1982,other,open,,,open,mixed,Overall,1,Doug Bouton,USA,,Added in v0.2 from the QA pass: the contemporaneous account has Bouton winning the slalom and taking overall honours.,http://www.snowboardinginsouthernvermont.com/woodstock-1982.html,likely,v0.2-qa,live-source
us-open-snowboarding--1982,slalom,mens,Men'S Slalom,,open,men,Men'S Slalom,1,Doug Bouton,USA,,,https://web.archive.org/web/20021214031222/http://usopen-snowboarding.com/history.asp?yearNum=1982,verified,wave3-archive,repaired-verified
us-open-snowboarding--1982,slalom,open,,,open,mixed,,1,Doug Bouton,USA,,,http://www.snowboardinginsouthernvermont.com/woodstock-1982.html,likely,v0.1-legacy-80s-90s,live-source
us-open-snowboarding--1984,downhill,open,,,open,unspecified,,1,Andy Coghlan,,,"[v0.3: two research passes recorded this same placing with different division wording (mens, open); kept the one that asserts least, since the cited page does not state a division.]",https://events.burton.com/burton-us-open/history/,likely,v0.1-legacy-80s-90s,live-source
us-open-snowboarding--1984,downhill,mens,Men'S Downhill,,open,men,Men'S Downhill,1,Andy Coghlan,USA,,,https://web.archive.org/web/20021202102446/http://usopen-snowboarding.com/history.asp?yearNum=1984,verified,wave3-archive,repaired-verified
us-open-snowboarding--1984,downhill,mens,Men'S Downhill,,open,men,Men'S Downhill,2,Steve O'Hara,USA,,,https://web.archive.org/web/20021202102446/http://usopen-snowboarding.com/history.asp?yearNum=1984,verified,wave3-archive,repaired-verified
us-open-snowboarding--1984,downhill,mens,Men'S Downhill,,open,men,Men'S Downhill,3,Jeff Hayes,USA,,,https://web.archive.org/web/20021202102446/http://usopen-snowboarding.com/history.asp?yearNum=1984,verified,wave3-archive,repaired-verified
us-open-snowboarding--1984,downhill,womens,Women'S Downhill,,open,women,Women'S Downhill,1,Holly McDonald,USA,,,https://web.archive.org/web/20021202102446/http://usopen-snowboarding.com/history.asp?yearNum=1984,verified,wave3-archive,repaired-verified
us-open-snowboarding--1984,downhill,womens,Women'S Downhill,,open,women,Women'S Downhill,2,Marianna Furhman,USA,,,https://web.archive.org/web/20021202102446/http://usopen-snowboarding.com/history.asp?yearNum=1984,verified,wave3-archive,repaired-verified
us-open-snowboarding--1984,downhill,womens,Women'S Downhill,,open,women,Women'S Downhill,3,Suzanne Rueck,USA,,,https://web.archive.org/web/20021202102446/http://usopen-snowboarding.com/history.asp?yearNum=1984,verified,wave3-archive,repaired-verified
us-open-snowboarding--1984,slalom,open,,,open,unspecified,,1,Andy Coghlan,,,"[v0.3: two research passes recorded this same placing with different division wording (mens, open); kept the one that asserts least, since the cited page does not state a division.]",https://events.burton.com/burton-us-open/history/,likely,v0.1-legacy-80s-90s,live-source
us-open-snowboarding--1984,slalom,mens,Men'S Slalom,,open,men,Men'S Slalom,1,Andy Coghlan,USA,,,https://web.archive.org/web/20021202102446/http://usopen-snowboarding.com/history.asp?yearNum=1984,verified,wave3-archive,repaired-verified
us-open-snowboarding--1984,slalom,mens,Men'S Slalom,,open,men,Men'S Slalom,2,Tom Sims,USA,,,https://web.archive.org/web/20021202102446/http://usopen-snowboarding.com/history.asp?yearNum=1984,verified,wave3-archive,repaired-verified
us-open-snowboarding--1984,slalom,mens,Men'S Slalom,,open,men,Men'S Slalom,3,Alan Arnbrister,USA,,,https://web.archive.org/web/20021202102446/http://usopen-snowboarding.com/history.asp?yearNum=1984,verified,wave3-archive,repaired-verified
us-open-snowboarding--1984,slalom,womens,Women'S Slalom,,open,women,Women'S Slalom,1,Marianna Furhman,USA,,,https://web.archive.org/web/20021202102446/http://usopen-snowboarding.com/history.asp?yearNum=1984,verified,wave3-archive,repaired-verified
us-open-snowboarding--1984,slalom,womens,Women'S Slalom,,open,women,Women'S Slalom,2,Heather Smith,USA,,,https://web.archive.org/web/20021202102446/http://usopen-snowboarding.com/history.asp?yearNum=1984,verified,wave3-archive,repaired-verified
us-open-snowboarding--1984,slalom,womens,Women'S Slalom,,open,women,Women'S Slalom,3,Sue McGrath,USA,,,https://web.archive.org/web/20021202102446/http://usopen-snowboarding.com/history.asp?yearNum=1984,verified,wave3-archive,repaired-verified
us-open-snowboarding--1985,downhill,mens,Men'S Downhill,,open,men,Men'S Downhill,1,Andy Coghlan,USA,,,https://web.archive.org/web/20021202101659/http://usopen-snowboarding.com/history.asp?yearNum=1985,verified,wave3-archive,repaired-verified
us-open-snowboarding--1985,downhill,mens,Men'S Downhill,,open,men,Men'S Downhill,2,Chris Karol,USA,,,https://web.archive.org/web/20021202101659/http://usopen-snowboarding.com/history.asp?yearNum=1985,verified,wave3-archive,repaired-verified
us-open-snowboarding--1985,downhill,mens,Men'S Downhill,,open,men,Men'S Downhill,3,Mark Heingartner,USA,,,https://web.archive.org/web/20021202101659/http://usopen-snowboarding.com/history.asp?yearNum=1985,verified,wave3-archive,repaired-verified
us-open-snowboarding--1985,slalom,mens,,,open,men,,1,Tom Sims,USA,,,https://events.burton.com/burton-us-open/history/ | https://www.skihall.com/hall-of-famers/tom-sims/,likely,v0.1-legacy-80s-90s,live-source
us-open-snowboarding--1985,slalom,mens,Men'S Slalom,,open,men,Men'S Slalom,1,Tom Sims,USA,,,https://web.archive.org/web/20021202101659/http://usopen-snowboarding.com/history.asp?yearNum=1985,verified,wave3-archive,repaired-verified
us-open-snowboarding--1985,slalom,mens,Men'S Slalom,,open,men,Men'S Slalom,2,Louis Fournier,USA,,,https://web.archive.org/web/20021202101659/http://usopen-snowboarding.com/history.asp?yearNum=1985,verified,wave3-archive,repaired-verified
us-open-snowboarding--1985,slalom,mens,Men'S Slalom,,open,men,Men'S Slalom,3,Chris Forrest,USA,,,https://web.archive.org/web/20021202101659/http://usopen-snowboarding.com/history.asp?yearNum=1985,verified,wave3-archive,repaired-verified
us-open-snowboarding--1986,downhill,mens,Men'S Downhill,,open,men,Men'S Downhill,1,Andy Coghlan,USA,,,https://web.archive.org/web/20021202101735/http://usopen-snowboarding.com/history.asp?yearNum=1986,verified,wave3-archive,repaired-verified
us-open-snowboarding--1986,downhill,mens,Men'S Downhill,,open,men,Men'S Downhill,2,Shaun Palmer,USA,,,https://web.archive.org/web/20021202101735/http://usopen-snowboarding.com/history.asp?yearNum=1986,verified,wave3-archive,repaired-verified
us-open-snowboarding--1986,downhill,mens,Men'S Downhill,,open,men,Men'S Downhill,3,James Klassen,USA,,,https://web.archive.org/web/20021202101735/http://usopen-snowboarding.com/history.asp?yearNum=1986,verified,wave3-archive,repaired-verified
us-open-snowboarding--1986,downhill,womens,Women'S Downhill,,open,women,Women'S Downhill,1,Jenny Hahn,USA,,,https://web.archive.org/web/20021202101735/http://usopen-snowboarding.com/history.asp?yearNum=1986,verified,wave3-archive,repaired-verified
us-open-snowboarding--1986,slalom,mens,Men'S Slalom,,open,men,Men'S Slalom,1,Andy Coghlan,USA,,,https://web.archive.org/web/20021202101735/http://usopen-snowboarding.com/history.asp?yearNum=1986,verified,wave3-archive,repaired-verified
us-open-snowboarding--1986,slalom,mens,Men'S Slalom,,open,men,Men'S Slalom,2,Chris Forrest,USA,,,https://web.archive.org/web/20021202101735/http://usopen-snowboarding.com/history.asp?yearNum=1986,verified,wave3-archive,repaired-verified
us-open-snowboarding--1986,slalom,mens,Men'S Slalom,,open,men,Men'S Slalom,3,Terry Kidwell,USA,,,https://web.archive.org/web/20021202101735/http://usopen-snowboarding.com/history.asp?yearNum=1986,verified,wave3-archive,repaired-verified
us-open-snowboarding--1986,slalom,womens,Women'S Slalom,,open,women,Women'S Slalom,1,Suzanne Rueck,USA,,,https://web.archive.org/web/20021202101735/http://usopen-snowboarding.com/history.asp?yearNum=1986,verified,wave3-archive,repaired-verified
us-open-snowboarding--1987,downhill,juniors,Junior'S Downhill,,junior,unspecified,Junior'S Downhill,1,Mike Hayes,USA,,,https://web.archive.org/web/20021202103432/http://usopen-snowboarding.com/history.asp?yearNum=1987,verified,wave3-archive,repaired-verified
us-open-snowboarding--1987,downhill,juniors,Junior'S Downhill,,junior,unspecified,Junior'S Downhill,2,Mike Reilly,USA,,,https://web.archive.org/web/20021202103432/http://usopen-snowboarding.com/history.asp?yearNum=1987,verified,wave3-archive,repaired-verified
us-open-snowboarding--1987,downhill,juniors,Junior'S Downhill,,junior,unspecified,Junior'S Downhill,3,Noah Brandon,USA,,,https://web.archive.org/web/20021202103432/http://usopen-snowboarding.com/history.asp?yearNum=1987,verified,wave3-archive,repaired-verified
us-open-snowboarding--1987,downhill,mens,Men'S Downhill,,open,men,Men'S Downhill,1,James Klassen,USA,,,https://web.archive.org/web/20021202103432/http://usopen-snowboarding.com/history.asp?yearNum=1987,verified,wave3-archive,repaired-verified
us-open-snowboarding--1987,downhill,mens,Men'S Downhill,,open,men,Men'S Downhill,2,Terry Kidwell,USA,,,https://web.archive.org/web/20021202103432/http://usopen-snowboarding.com/history.asp?yearNum=1987,verified,wave3-archive,repaired-verified
us-open-snowboarding--1987,downhill,mens,Men'S Downhill,,open,men,Men'S Downhill,3,Craig Kelly,USA,,,https://web.archive.org/web/20021202103432/http://usopen-snowboarding.com/history.asp?yearNum=1987,verified,wave3-archive,repaired-verified
us-open-snowboarding--1987,downhill,womens,Women'S Downhill,,open,women,Women'S Downhill,1,Lori Gibbs,USA,,,https://web.archive.org/web/20021202103432/http://usopen-snowboarding.com/history.asp?yearNum=1987,verified,wave3-archive,repaired-verified
us-open-snowboarding--1987,downhill,womens,Women'S Downhill,,open,women,Women'S Downhill,2,Suzanne Rueck,USA,,,https://web.archive.org/web/20021202103432/http://usopen-snowboarding.com/history.asp?yearNum=1987,verified,wave3-archive,repaired-verified
us-open-snowboarding--1987,downhill,womens,Women'S Downhill,,open,women,Women'S Downhill,3,Petra Mussig,GER,,,https://web.archive.org/web/20021202103432/http://usopen-snowboarding.com/history.asp?yearNum=1987,verified,wave3-archive,repaired-verified
us-open-snowboarding--1987,slalom,juniors,Junior'S Slalom,,junior,unspecified,Junior'S Slalom,1,Mike Hayes,USA,,,https://web.archive.org/web/20021202103432/http://usopen-snowboarding.com/history.asp?yearNum=1987,verified,wave3-archive,repaired-verified
us-open-snowboarding--1987,slalom,juniors,Junior'S Slalom,,junior,unspecified,Junior'S Slalom,2,Noah Brandon,USA,,,https://web.archive.org/web/20021202103432/http://usopen-snowboarding.com/history.asp?yearNum=1987,verified,wave3-archive,repaired-verified
us-open-snowboarding--1987,slalom,juniors,Junior'S Slalom,,junior,unspecified,Junior'S Slalom,3,Todd Davidson,USA,,,https://web.archive.org/web/20021202103432/http://usopen-snowboarding.com/history.asp?yearNum=1987,verified,wave3-archive,repaired-verified
us-open-snowboarding--1987,slalom,mens,,,open,men,,1,Craig Kelly,,,,https://events.burton.com/burton-us-open/history/,likely,wave2-us-open,live-source
us-open-snowboarding--1987,slalom,mens,Men'S Slalom,,open,men,Men'S Slalom,1,Craig Kelly,USA,,,https://web.archive.org/web/20021202103432/http://usopen-snowboarding.com/history.asp?yearNum=1987,verified,wave3-archive,repaired-verified
us-open-snowboarding--1987,slalom,mens,Men'S Slalom,,open,men,Men'S Slalom,2,Ricky Fruhamann,USA,,,https://web.archive.org/web/20021202103432/http://usopen-snowboarding.com/history.asp?yearNum=1987,verified,wave3-archive,repaired-verified
us-open-snowboarding--1987,slalom,mens,Men'S Slalom,,open,men,Men'S Slalom,3,Chris Karol,USA,,,https://web.archive.org/web/20021202103432/http://usopen-snowboarding.com/history.asp?yearNum=1987,verified,wave3-archive,repaired-verified
us-open-snowboarding--1987,slalom,womens,Women'S Slalom,,open,women,Women'S Slalom,1,Eveline Wirth,SUI,,,https://web.archive.org/web/20021202103432/http://usopen-snowboarding.com/history.asp?yearNum=1987,verified,wave3-archive,repaired-verified
us-open-snowboarding--1987,slalom,womens,Women'S Slalom,,open,women,Women'S Slalom,2,Lori Gibbs,USA,,,https://web.archive.org/web/20021202103432/http://usopen-snowboarding.com/history.asp?yearNum=1987,verified,wave3-archive,repaired-verified
us-open-snowboarding--1987,slalom,womens,Women'S Slalom,,open,women,Women'S Slalom,3,Tara Eberhard,USA,,,https://web.archive.org/web/20021202103432/http://usopen-snowboarding.com/history.asp?yearNum=1987,verified,wave3-archive,repaired-verified
us-open-snowboarding--1988,downhill,mens,Men'S Downhill,,open,men,Men'S Downhill,1,Andy Coghlan,USA,,,https://web.archive.org/web/20021202103907/http://usopen-snowboarding.com/history.asp?yearNum=1988,verified,wave3-archive,repaired-verified
us-open-snowboarding--1988,downhill,mens,Men'S Downhill,,open,men,Men'S Downhill,2,Peter Bauer,GER,,,https://web.archive.org/web/20021202103907/http://usopen-snowboarding.com/history.asp?yearNum=1988,verified,wave3-archive,repaired-verified
us-open-snowboarding--1988,downhill,mens,Men'S Downhill,,open,men,Men'S Downhill,3,Mike Jacoby,USA,,,https://web.archive.org/web/20021202103907/http://usopen-snowboarding.com/history.asp?yearNum=1988,verified,wave3-archive,repaired-verified
us-open-snowboarding--1988,downhill,womens,Women'S Downhill,,open,women,Women'S Downhill,1,Diane Giuchain,USA,,,https://web.archive.org/web/20021202103907/http://usopen-snowboarding.com/history.asp?yearNum=1988,verified,wave3-archive,repaired-verified
us-open-snowboarding--1988,downhill,womens,Women'S Downhill,,open,women,Women'S Downhill,2,Petra Mussig,GER,,,https://web.archive.org/web/20021202103907/http://usopen-snowboarding.com/history.asp?yearNum=1988,verified,wave3-archive,repaired-verified
us-open-snowboarding--1988,downhill,womens,Women'S Downhill,,open,women,Women'S Downhill,3,Lori Gibbs,USA,,,https://web.archive.org/web/20021202103907/http://usopen-snowboarding.com/history.asp?yearNum=1988,verified,wave3-archive,repaired-verified
us-open-snowboarding--1988,halfpipe,mens,,,open,men,,1,Terry Kidwell,,,,https://www.burton.com/en-us/blogs/the-burton-blog/13-firsts-us-open-snowboarding-championships,likely,wave2-us-open,live-source
us-open-snowboarding--1988,halfpipe,mens,Men'S Halfpipe,,open,men,Men'S Halfpipe,1,Terry Kidwell,USA,,,https://web.archive.org/web/20021202103907/http://usopen-snowboarding.com/history.asp?yearNum=1988,verified,wave3-archive,repaired-verified
us-open-snowboarding--1988,halfpipe,mens,Men'S Halfpipe,,open,men,Men'S Halfpipe,2,Bert Lamar,USA,,,https://web.archive.org/web/20021202103907/http://usopen-snowboarding.com/history.asp?yearNum=1988,verified,wave3-archive,repaired-verified
us-open-snowboarding--1988,halfpipe,mens,Men'S Halfpipe,,open,men,Men'S Halfpipe,3,Craig Kelly,USA,,,https://web.archive.org/web/20021202103907/http://usopen-snowboarding.com/history.asp?yearNum=1988,verified,wave3-archive,repaired-verified
us-open-snowboarding--1988,halfpipe,womens,Women'S Halfpipe,,open,women,Women'S Halfpipe,1,Petra Mussig,GER,,,https://web.archive.org/web/20021202103907/http://usopen-snowboarding.com/history.asp?yearNum=1988,verified,wave3-archive,repaired-verified
us-open-snowboarding--1988,halfpipe,womens,Women'S Halfpipe,,open,women,Women'S Halfpipe,2,Jean Higgins,USA,,,https://web.archive.org/web/20021202103907/http://usopen-snowboarding.com/history.asp?yearNum=1988,verified,wave3-archive,repaired-verified
us-open-snowboarding--1988,halfpipe,womens,Women'S Halfpipe,,open,women,Women'S Halfpipe,3,Gayle Guerin,USA,,,https://web.archive.org/web/20021202103907/http://usopen-snowboarding.com/history.asp?yearNum=1988,verified,wave3-archive,repaired-verified
us-open-snowboarding--1988,other,open,,,open,mixed,,1,Craig Kelly,,,,https://www.burton.com/en-us/blogs/the-burton-blog/13-firsts-us-open-snowboarding-championships,likely,wave2-us-open,live-source
us-open-snowboarding--1988,slalom,mens,Men'S Slalom,,open,men,Men'S Slalom,1,Markus Steininger,GER,,,https://web.archive.org/web/20021202103907/http://usopen-snowboarding.com/history.asp?yearNum=1988,verified,wave3-archive,repaired-verified
us-open-snowboarding--1988,slalom,mens,Men'S Slalom,,open,men,Men'S Slalom,2,Mike Jacoby,USA,,,https://web.archive.org/web/20021202103907/http://usopen-snowboarding.com/history.asp?yearNum=1988,verified,wave3-archive,repaired-verified
us-open-snowboarding--1988,slalom,mens,Men'S Slalom,,open,men,Men'S Slalom,3,Tim Windell,USA,,,https://web.archive.org/web/20021202103907/http://usopen-snowboarding.com/history.asp?yearNum=1988,verified,wave3-archive,repaired-verified
us-open-snowboarding--1988,slalom,womens,Women'S Slalom,,open,women,Women'S Slalom,1,Eveline Wirth,SUI,,,https://web.archive.org/web/20021202103907/http://usopen-snowboarding.com/history.asp?yearNum=1988,verified,wave3-archive,repaired-verified
us-open-snowboarding--1988,slalom,womens,Women'S Slalom,,open,women,Women'S Slalom,2,Lori Gibbs,USA,,,https://web.archive.org/web/20021202103907/http://usopen-snowboarding.com/history.asp?yearNum=1988,verified,wave3-archive,repaired-verified
us-open-snowboarding--1988,slalom,womens,Women'S Slalom,,open,women,Women'S Slalom,3,Petra Mussig,GER,,,https://web.archive.org/web/20021202103907/http://usopen-snowboarding.com/history.asp?yearNum=1988,verified,wave3-archive,repaired-verified
us-open-snowboarding--1989,downhill,mens,Men'S Downhill,,open,men,Men'S Downhill,1,Craig Kelly,USA,,,https://web.archive.org/web/20021202113930/http://usopen-snowboarding.com/history.asp?yearNum=1989,verified,wave3-archive,repaired-verified
us-open-snowboarding--1989,downhill,mens,Men'S Downhill,,open,men,Men'S Downhill,2,Kevin Delaney,USA,,,https://web.archive.org/web/20021202113930/http://usopen-snowboarding.com/history.asp?yearNum=1989,verified,wave3-archive,repaired-verified
us-open-snowboarding--1989,downhill,mens,Men'S Downhill,,open,men,Men'S Downhill,3,Tim Windell,USA,,,https://web.archive.org/web/20021202113930/http://usopen-snowboarding.com/history.asp?yearNum=1989,verified,wave3-archive,repaired-verified
us-open-snowboarding--1989,downhill,womens,Women'S Downhill,,open,women,Women'S Downhill,1,Ashild Lofthus,NOR,,,https://web.archive.org/web/20021202113930/http://usopen-snowboarding.com/history.asp?yearNum=1989,verified,wave3-archive,repaired-verified
us-open-snowboarding--1989,downhill,womens,Women'S Downhill,,open,women,Women'S Downhill,2,Carla Dalpiaz,USA,,,https://web.archive.org/web/20021202113930/http://usopen-snowboarding.com/history.asp?yearNum=1989,verified,wave3-archive,repaired-verified
us-open-snowboarding--1989,downhill,womens,Women'S Downhill,,open,women,Women'S Downhill,3,Jean Higgins,USA,,,https://web.archive.org/web/20021202113930/http://usopen-snowboarding.com/history.asp?yearNum=1989,verified,wave3-archive,repaired-verified
us-open-snowboarding--1989,halfpipe,mens,,,open,men,,1,Craig Kelly,,,,https://snowboarding8090.com/us-open/ | https://events.burton.com/burton-us-open/history/,likely,wave2-us-open,live-source
us-open-snowboarding--1989,halfpipe,mens,Men'S Halfpipe,,open,men,Men'S Halfpipe,1,Craig Kelly,USA,,,https://web.archive.org/web/20021202113930/http://usopen-snowboarding.com/history.asp?yearNum=1989,verified,wave3-archive,repaired-verified
us-open-snowboarding--1989,halfpipe,mens,Men'S Halfpipe,,open,men,Men'S Halfpipe,2,Bert Lamar,USA,,,https://web.archive.org/web/20021202113930/http://usopen-snowboarding.com/history.asp?yearNum=1989,verified,wave3-archive,repaired-verified
us-open-snowboarding--1989,halfpipe,mens,Men'S Halfpipe,,open,men,Men'S Halfpipe,3,Terry Kidwell,USA,,,https://web.archive.org/web/20021202113930/http://usopen-snowboarding.com/history.asp?yearNum=1989,verified,wave3-archive,repaired-verified
us-open-snowboarding--1989,halfpipe,womens,Women'S Halfpipe,,open,women,Women'S Halfpipe,1,Jean Higgins,USA,,,https://web.archive.org/web/20021202113930/http://usopen-snowboarding.com/history.asp?yearNum=1989,verified,wave3-archive,repaired-verified
us-open-snowboarding--1989,halfpipe,womens,Women'S Halfpipe,,open,women,Women'S Halfpipe,2,Tara Eberhard,USA,,,https://web.archive.org/web/20021202113930/http://usopen-snowboarding.com/history.asp?yearNum=1989,verified,wave3-archive,repaired-verified
us-open-snowboarding--1989,halfpipe,womens,Women'S Halfpipe,,open,women,Women'S Halfpipe,3,Ashild Lofthus,NOR,,,https://web.archive.org/web/20021202113930/http://usopen-snowboarding.com/history.asp?yearNum=1989,verified,wave3-archive,repaired-verified
us-open-snowboarding--1989,slalom,mens,Men'S Slalom,,open,men,Men'S Slalom,1,Tim Windell,USA,,,https://web.archive.org/web/20021202113930/http://usopen-snowboarding.com/history.asp?yearNum=1989,verified,wave3-archive,repaired-verified
us-open-snowboarding--1989,slalom,mens,Men'S Slalom,,open,men,Men'S Slalom,2,Jean Nerva,FRA,,,https://web.archive.org/web/20021202113930/http://usopen-snowboarding.com/history.asp?yearNum=1989,verified,wave3-archive,repaired-verified
us-open-snowboarding--1989,slalom,mens,Men'S Slalom,,open,men,Men'S Slalom,3,Kevin Delaney,USA,,,https://web.archive.org/web/20021202113930/http://usopen-snowboarding.com/history.asp?yearNum=1989,verified,wave3-archive,repaired-verified
us-open-snowboarding--1989,slalom,womens,Women'S Slalom,,open,women,Women'S Slalom,1,Carla Dalpiaz,USA,,,https://web.archive.org/web/20021202113930/http://usopen-snowboarding.com/history.asp?yearNum=1989,verified,wave3-archive,repaired-verified
us-open-snowboarding--1989,slalom,womens,Women'S Slalom,,open,women,Women'S Slalom,2,Tara Eberhard,USA,,,https://web.archive.org/web/20021202113930/http://usopen-snowboarding.com/history.asp?yearNum=1989,verified,wave3-archive,repaired-verified
us-open-snowboarding--1989,slalom,womens,Women'S Slalom,,open,women,Women'S Slalom,3,Betsy Shaw,USA,,,https://web.archive.org/web/20021202113930/http://usopen-snowboarding.com/history.asp?yearNum=1989,verified,wave3-archive,repaired-verified
us-open-snowboarding--1990,halfpipe,mens,,,open,men,,1,Craig Kelly,,,,https://snowboarding8090.com/us-open/,verified,wave2-us-open,live-source
us-open-snowboarding--1990,halfpipe,mens,Men'S Halfpipe,,open,men,Men'S Halfpipe,1,Craig Kelly,USA,,,https://web.archive.org/web/20021202114404/http://usopen-snowboarding.com/history.asp?yearNum=1990,verified,wave3-archive,repaired-verified
us-open-snowboarding--1990,halfpipe,mens,,,open,men,,2,Shaun Palmer,,,,https://snowboarding8090.com/us-open/,verified,wave2-us-open,live-source
us-open-snowboarding--1990,halfpipe,mens,Men'S Halfpipe,,open,men,Men'S Halfpipe,2,Shaun Palmer,USA,,,https://web.archive.org/web/20021202114404/http://usopen-snowboarding.com/history.asp?yearNum=1990,verified,wave3-archive,repaired-verified
us-open-snowboarding--1990,halfpipe,mens,,,open,men,,3,Jeff Brushie,,,,https://snowboarding8090.com/us-open/,verified,wave2-us-open,live-source
us-open-snowboarding--1990,halfpipe,mens,Men'S Halfpipe,,open,men,Men'S Halfpipe,3,Jeff Brushie,USA,,,https://web.archive.org/web/20021202114404/http://usopen-snowboarding.com/history.asp?yearNum=1990,verified,wave3-archive,repaired-verified
us-open-snowboarding--1990,halfpipe,womens,,,open,women,,1,Tina Basich,,,,https://snowboarding8090.com/us-open/,verified,wave2-us-open,live-source
us-open-snowboarding--1990,halfpipe,womens,Women'S Halfpipe,,open,women,Women'S Halfpipe,1,Tina Basich,USA,,,https://web.archive.org/web/20021202114404/http://usopen-snowboarding.com/history.asp?yearNum=1990,verified,wave3-archive,repaired-verified
us-open-snowboarding--1990,halfpipe,womens,Women'S Halfpipe,,open,women,Women'S Halfpipe,2,Lisa Vinciguerra,USA,,,https://web.archive.org/web/20021202114404/http://usopen-snowboarding.com/history.asp?yearNum=1990,verified,wave3-archive,repaired-verified
us-open-snowboarding--1990,halfpipe,womens,Women'S Halfpipe,,open,women,Women'S Halfpipe,3,Jean Higgins,USA,,,https://web.archive.org/web/20021202114404/http://usopen-snowboarding.com/history.asp?yearNum=1990,verified,wave3-archive,repaired-verified
us-open-snowboarding--1990,other,mens,Men'S Super-G,,open,men,Men'S Super-G,1,Mario-Paolo Dabbeni,ITA,,Source's own event name: Men'S Super-G,https://web.archive.org/web/20021202114404/http://usopen-snowboarding.com/history.asp?yearNum=1990,verified,wave3-archive,repaired-verified
us-open-snowboarding--1990,other,mens,Men'S Super-G,,open,men,Men'S Super-G,2,Paul Parsons,USA,,Source's own event name: Men'S Super-G,https://web.archive.org/web/20021202114404/http://usopen-snowboarding.com/history.asp?yearNum=1990,verified,wave3-archive,repaired-verified
us-open-snowboarding--1990,other,mens,Men'S Super-G,,open,men,Men'S Super-G,3,Chris Karol,USA,,Source's own event name: Men'S Super-G,https://web.archive.org/web/20021202114404/http://usopen-snowboarding.com/history.asp?yearNum=1990,verified,wave3-archive,repaired-verified
us-open-snowboarding--1990,other,womens,Women'S Super-G,,open,women,Women'S Super-G,1,Ashild Lofthus,NOR,,Source's own event name: Women'S Super-G,https://web.archive.org/web/20021202114404/http://usopen-snowboarding.com/history.asp?yearNum=1990,verified,wave3-archive,repaired-verified
us-open-snowboarding--1990,other,womens,Women'S Super-G,,open,women,Women'S Super-G,2,Gaia Dabbeni,ITA,,Source's own event name: Women'S Super-G,https://web.archive.org/web/20021202114404/http://usopen-snowboarding.com/history.asp?yearNum=1990,verified,wave3-archive,repaired-verified
us-open-snowboarding--1990,other,womens,Women'S Super-G,,open,women,Women'S Super-G,3,Carla Dalpiaz,USA,,Source's own event name: Women'S Super-G,https://web.archive.org/web/20021202114404/http://usopen-snowboarding.com/history.asp?yearNum=1990,verified,wave3-archive,repaired-verified
us-open-snowboarding--1990,slalom,mens,,,open,men,,1,Pietro Colturi,ITA,,,https://snowboarding8090.com/us-open/,verified,wave2-us-open,live-source
us-open-snowboarding--1990,slalom,mens,Men'S Slalom,,open,men,Men'S Slalom,1,Pietro Colturi,ITA,,,https://web.archive.org/web/20021202114404/http://usopen-snowboarding.com/history.asp?yearNum=1990,verified,wave3-archive,repaired-verified
us-open-snowboarding--1990,slalom,mens,Men'S Slalom,,open,men,Men'S Slalom,2,Mario-Paolo Dabbeni,ITA,,,https://web.archive.org/web/20021202114404/http://usopen-snowboarding.com/history.asp?yearNum=1990,verified,wave3-archive,repaired-verified
us-open-snowboarding--1990,slalom,mens,Men'S Slalom,,open,men,Men'S Slalom,3,Jean Nerva,FRA,,,https://web.archive.org/web/20021202114404/http://usopen-snowboarding.com/history.asp?yearNum=1990,verified,wave3-archive,repaired-verified
us-open-snowboarding--1990,slalom,womens,,,open,women,,1,Ashild Loftus,NOR,,,https://snowboarding8090.com/us-open/,verified,wave2-us-open,live-source
us-open-snowboarding--1990,slalom,womens,Women'S Slalom,,open,women,Women'S Slalom,1,Ashild Lofthus,NOR,,,https://web.archive.org/web/20021202114404/http://usopen-snowboarding.com/history.asp?yearNum=1990,verified,wave3-archive,repaired-verified
us-open-snowboarding--1990,slalom,womens,Women'S Slalom,,open,women,Women'S Slalom,2,Tara Eberhard,USA,,,https://web.archive.org/web/20021202114404/http://usopen-snowboarding.com/history.asp?yearNum=1990,verified,wave3-archive,repaired-verified
us-open-snowboarding--1990,slalom,womens,Women'S Slalom,,open,women,Women'S Slalom,3,Evi Strasser,,,,https://web.archive.org/web/20021202114404/http://usopen-snowboarding.com/history.asp?yearNum=1990,verified,wave3-archive,repaired-verified
us-open-snowboarding--1991,halfpipe,mens,,,open,men,,1,Jimi Scott,,,,https://snowboarding8090.com/us-open/,verified,wave2-us-open,live-source
us-open-snowboarding--1991,halfpipe,mens,Men'S Halfpipe,,open,men,Men'S Halfpipe,1,Jimi Scott,USA,,,https://web.archive.org/web/20021202115040/http://usopen-snowboarding.com/history.asp?yearNum=1991,verified,wave3-archive,repaired-verified
us-open-snowboarding--1991,halfpipe,mens,,,open,men,,2,Craig Kelly,,,,https://snowboarding8090.com/us-open/,verified,wave2-us-open,live-source
us-open-snowboarding--1991,halfpipe,mens,Men'S Halfpipe,,open,men,Men'S Halfpipe,2,Craig Kelly,USA,,,https://web.archive.org/web/20021202115040/http://usopen-snowboarding.com/history.asp?yearNum=1991,verified,wave3-archive,repaired-verified
us-open-snowboarding--1991,halfpipe,mens,,,open,men,,3,Shaun Palmer,,,,https://snowboarding8090.com/us-open/,verified,wave2-us-open,live-source
us-open-snowboarding--1991,halfpipe,mens,Men'S Halfpipe,,open,men,Men'S Halfpipe,3,Shaun Palmer,USA,,,https://web.archive.org/web/20021202115040/http://usopen-snowboarding.com/history.asp?yearNum=1991,verified,wave3-archive,repaired-verified
us-open-snowboarding--1991,halfpipe,womens,,,open,women,,1,Janna Meyen,,,,https://snowboarding8090.com/us-open/,verified,wave2-us-open,live-source
us-open-snowboarding--1991,halfpipe,womens,Women'S Halfpipe,,open,women,Women'S Halfpipe,1,Janna Meyen,USA,,,https://web.archive.org/web/20021202115040/http://usopen-snowboarding.com/history.asp?yearNum=1991,verified,wave3-archive,repaired-verified
us-open-snowboarding--1991,halfpipe,womens,,,open,women,,2,Tina Basich,,,,https://snowboarding8090.com/us-open/,verified,wave2-us-open,live-source
us-open-snowboarding--1991,halfpipe,womens,Women'S Halfpipe,,open,women,Women'S Halfpipe,2,Tina Basich,USA,,,https://web.archive.org/web/20021202115040/http://usopen-snowboarding.com/history.asp?yearNum=1991,verified,wave3-archive,repaired-verified
us-open-snowboarding--1991,halfpipe,womens,,,open,women,,3,Michele Taggart,,,,https://snowboarding8090.com/us-open/,verified,wave2-us-open,live-source
us-open-snowboarding--1991,halfpipe,womens,Women'S Halfpipe,,open,women,Women'S Halfpipe,3,Michelle Taggert,USA,,,https://web.archive.org/web/20021202115040/http://usopen-snowboarding.com/history.asp?yearNum=1991,verified,wave3-archive,repaired-verified
us-open-snowboarding--1991,other,mens,Men'S Super-G,,open,men,Men'S Super-G,1,Shannon Melhuse,USA,,Source's own event name: Men'S Super-G,https://web.archive.org/web/20021202115040/http://usopen-snowboarding.com/history.asp?yearNum=1991,verified,wave3-archive,repaired-verified
us-open-snowboarding--1991,other,mens,Men'S Super-G,,open,men,Men'S Super-G,2,Pietro Colturi,ITA,,Source's own event name: Men'S Super-G,https://web.archive.org/web/20021202115040/http://usopen-snowboarding.com/history.asp?yearNum=1991,verified,wave3-archive,repaired-verified
us-open-snowboarding--1991,other,mens,Men'S Super-G,,open,men,Men'S Super-G,3,Mark Fawcett,CAN,,Source's own event name: Men'S Super-G,https://web.archive.org/web/20021202115040/http://usopen-snowboarding.com/history.asp?yearNum=1991,verified,wave3-archive,repaired-verified
us-open-snowboarding--1991,other,womens,Women'S Super-G,,open,women,Women'S Super-G,1,Jean Higgins,USA,,Source's own event name: Women'S Super-G,https://web.archive.org/web/20021202115040/http://usopen-snowboarding.com/history.asp?yearNum=1991,verified,wave3-archive,repaired-verified
us-open-snowboarding--1991,other,womens,Women'S Super-G,,open,women,Women'S Super-G,2,Tara Eberhard,USA,,Source's own event name: Women'S Super-G,https://web.archive.org/web/20021202115040/http://usopen-snowboarding.com/history.asp?yearNum=1991,verified,wave3-archive,repaired-verified
us-open-snowboarding--1991,other,womens,Women'S Super-G,,open,women,Women'S Super-G,3,Betsy Shaw,USA,,Source's own event name: Women'S Super-G,https://web.archive.org/web/20021202115040/http://usopen-snowboarding.com/history.asp?yearNum=1991,verified,wave3-archive,repaired-verified
us-open-snowboarding--1991,slalom,mens,,,open,men,,1,Chris Carol,,,[Name as printed by the source; the rider is normally spelled Chris Karol. Reconcile before entity resolution.],https://snowboarding8090.com/us-open/,verified,wave2-us-open,live-source
us-open-snowboarding--1991,slalom,mens,Men'S Slalom,,open,men,Men'S Slalom,1,Chris Karol,USA,,,https://web.archive.org/web/20021202115040/http://usopen-snowboarding.com/history.asp?yearNum=1991,verified,wave3-archive,repaired-verified
us-open-snowboarding--1991,slalom,mens,Men'S Slalom,,open,men,Men'S Slalom,2,Pietro Colturi,ITA,,,https://web.archive.org/web/20021202115040/http://usopen-snowboarding.com/history.asp?yearNum=1991,verified,wave3-archive,repaired-verified
us-open-snowboarding--1991,slalom,mens,Men'S Slalom,,open,men,Men'S Slalom,3,Mike Kildevaeld,DEN,,,https://web.archive.org/web/20021202115040/http://usopen-snowboarding.com/history.asp?yearNum=1991,verified,wave3-archive,repaired-verified
us-open-snowboarding--1991,slalom,womens,,,open,women,,1,Betsy Shaw,,,,https://snowboarding8090.com/us-open/,verified,wave2-us-open,live-source
us-open-snowboarding--1991,slalom,womens,Women'S Slalom,,open,women,Women'S Slalom,1,Betsy Shaw,USA,,,https://web.archive.org/web/20021202115040/http://usopen-snowboarding.com/history.asp?yearNum=1991,verified,wave3-archive,repaired-verified
us-open-snowboarding--1991,slalom,womens,Women'S Slalom,,open,women,Women'S Slalom,2,Tara Eberhard,USA,,,https://web.archive.org/web/20021202115040/http://usopen-snowboarding.com/history.asp?yearNum=1991,verified,wave3-archive,repaired-verified
us-open-snowboarding--1991,slalom,womens,Women'S Slalom,,open,women,Women'S Slalom,3,Jean Higgins,USA,,,https://web.archive.org/web/20021202115040/http://usopen-snowboarding.com/history.asp?yearNum=1991,verified,wave3-archive,repaired-verified
us-open-snowboarding--1992,halfpipe,mens,,,open,men,,1,Terje Haakonsen,,,,https://snowboarding8090.com/us-open/,verified,wave2-us-open,live-source
us-open-snowboarding--1992,halfpipe,mens,Men'S Halfpipe,,open,men,Men'S Halfpipe,1,Terje Haakonsen,NOR,,,https://web.archive.org/web/20021202223750/http://usopen-snowboarding.com/history.asp?yearNum=1992,verified,wave3-archive,repaired-verified
us-open-snowboarding--1992,halfpipe,mens,,,open,men,,2,Jeff Brushie,,,,https://snowboarding8090.com/us-open/,verified,wave2-us-open,live-source
us-open-snowboarding--1992,halfpipe,mens,Men'S Halfpipe,,open,men,Men'S Halfpipe,2,Jeff Brushie,USA,,,https://web.archive.org/web/20021202223750/http://usopen-snowboarding.com/history.asp?yearNum=1992,verified,wave3-archive,repaired-verified
us-open-snowboarding--1992,halfpipe,mens,,,open,men,,3,Todd Richards,,,,https://snowboarding8090.com/us-open/,verified,wave2-us-open,live-source
us-open-snowboarding--1992,halfpipe,mens,Men'S Halfpipe,,open,men,Men'S Halfpipe,3,Todd Richards,USA,,,https://web.archive.org/web/20021202223750/http://usopen-snowboarding.com/history.asp?yearNum=1992,verified,wave3-archive,repaired-verified
us-open-snowboarding--1992,halfpipe,womens,,,open,women,,1,Tricia Byrnes,,,,https://snowboarding8090.com/us-open/,verified,wave2-us-open,live-source
us-open-snowboarding--1992,halfpipe,womens,Women'S Halfpipe,,open,women,Women'S Halfpipe,1,Tricia Byrnes,USA,,,https://web.archive.org/web/20021202223750/http://usopen-snowboarding.com/history.asp?yearNum=1992,verified,wave3-archive,repaired-verified
us-open-snowboarding--1992,halfpipe,womens,,,open,women,,2,Tina Basich,,,,https://snowboarding8090.com/us-open/,verified,wave2-us-open,live-source
us-open-snowboarding--1992,halfpipe,womens,Women'S Halfpipe,,open,women,Women'S Halfpipe,2,Nicole Angelrath,SUI,,,https://web.archive.org/web/20021202223750/http://usopen-snowboarding.com/history.asp?yearNum=1992,verified,wave3-archive,repaired-verified
us-open-snowboarding--1992,halfpipe,womens,,,open,women,,3,Nicole Angelrath,SUI,,,https://snowboarding8090.com/us-open/,verified,wave2-us-open,live-source
us-open-snowboarding--1992,halfpipe,womens,Women'S Halfpipe,,open,women,Women'S Halfpipe,3,Tina Basich,USA,,,https://web.archive.org/web/20021202223750/http://usopen-snowboarding.com/history.asp?yearNum=1992,verified,wave3-archive,repaired-verified
us-open-snowboarding--1992,other,mens,Men'S Super-G,,open,men,Men'S Super-G,1,Kevin Delaney,USA,,Source's own event name: Men'S Super-G,https://web.archive.org/web/20021202223750/http://usopen-snowboarding.com/history.asp?yearNum=1992,verified,wave3-archive,repaired-verified
us-open-snowboarding--1992,other,mens,Men'S Super-G,,open,men,Men'S Super-G,2,Chris Karol,USA,,Source's own event name: Men'S Super-G,https://web.archive.org/web/20021202223750/http://usopen-snowboarding.com/history.asp?yearNum=1992,verified,wave3-archive,repaired-verified
us-open-snowboarding--1992,other,mens,Men'S Super-G,,open,men,Men'S Super-G,3,Martin Freinadametz,AUT,,Source's own event name: Men'S Super-G,https://web.archive.org/web/20021202223750/http://usopen-snowboarding.com/history.asp?yearNum=1992,verified,wave3-archive,repaired-verified
us-open-snowboarding--1992,other,womens,,,open,women,,1,Ashild Loftus,NOR,,,https://snowboarding8090.com/us-open/,verified,wave2-us-open,live-source
us-open-snowboarding--1992,other,womens,Women'S Super-G,,open,women,Women'S Super-G,1,Ashild Lofthus,NOR,,Source's own event name: Women'S Super-G,https://web.archive.org/web/20021202223750/http://usopen-snowboarding.com/history.asp?yearNum=1992,verified,wave3-archive,repaired-verified
us-open-snowboarding--1992,other,womens,Women'S Super-G,,open,women,Women'S Super-G,2,Victoria Jealouse,CAN,,Source's own event name: Women'S Super-G,https://web.archive.org/web/20021202223750/http://usopen-snowboarding.com/history.asp?yearNum=1992,verified,wave3-archive,repaired-verified
us-open-snowboarding--1992,other,womens,Women'S Super-G,,open,women,Women'S Super-G,3,Tara Eberhard,USA,,Source's own event name: Women'S Super-G,https://web.archive.org/web/20021202223750/http://usopen-snowboarding.com/history.asp?yearNum=1992,verified,wave3-archive,repaired-verified
us-open-snowboarding--1992,slalom,mens,Men'S Slalom,,open,men,Men'S Slalom,1,Peter Bauer,GER,,,https://web.archive.org/web/20021202223750/http://usopen-snowboarding.com/history.asp?yearNum=1992,verified,wave3-archive,repaired-verified
us-open-snowboarding--1992,slalom,mens,Men'S Slalom,,open,men,Men'S Slalom,2,Mike Jacoby,USA,,,https://web.archive.org/web/20021202223750/http://usopen-snowboarding.com/history.asp?yearNum=1992,verified,wave3-archive,repaired-verified
us-open-snowboarding--1992,slalom,mens,Men'S Slalom,,open,men,Men'S Slalom,3,Martin Freinadametz,AUT,,,https://web.archive.org/web/20021202223750/http://usopen-snowboarding.com/history.asp?yearNum=1992,verified,wave3-archive,repaired-verified
us-open-snowboarding--1992,slalom,womens,,,open,women,,1,Ashild Loftus,NOR,,,https://snowboarding8090.com/us-open/,verified,wave2-us-open,live-source
us-open-snowboarding--1992,slalom,womens,Women'S Slalom,,open,women,Women'S Slalom,1,Ashild Lofthus,NOR,,,https://web.archive.org/web/20021202223750/http://usopen-snowboarding.com/history.asp?yearNum=1992,verified,wave3-archive,repaired-verified
us-open-snowboarding--1992,slalom,womens,Women'S Slalom,,open,women,Women'S Slalom,2,Betsy Shaw,USA,,,https://web.archive.org/web/20021202223750/http://usopen-snowboarding.com/history.asp?yearNum=1992,verified,wave3-archive,repaired-verified
us-open-snowboarding--1992,slalom,womens,Women'S Slalom,,open,women,Women'S Slalom,3,Gaia Dabbeni,ITA,,,https://web.archive.org/web/20021202223750/http://usopen-snowboarding.com/history.asp?yearNum=1992,verified,wave3-archive,repaired-verified
us-open-snowboarding--1993,halfpipe,mens,,,open,men,,1,Terje Haakonsen,,,,https://snowboarding8090.com/us-open/,verified,wave2-us-open,live-source
us-open-snowboarding--1993,halfpipe,mens,Men'S Halfpipe,,open,men,Men'S Halfpipe,1,Terje Haakonsen,NOR,,,https://web.archive.org/web/20021012214813/http://usopen-snowboarding.com/history.asp?yearNum=1993,verified,wave3-archive,repaired-verified
us-open-snowboarding--1993,halfpipe,mens,Men'S Halfpipe,,open,men,Men'S Halfpipe,2,Keith Wallace,USA,,,https://web.archive.org/web/20021012214813/http://usopen-snowboarding.com/history.asp?yearNum=1993,verified,wave3-archive,repaired-verified
us-open-snowboarding--1993,halfpipe,mens,,,open,men,,3,Sebu,,,,https://snowboarding8090.com/us-open/,verified,wave2-us-open,live-source
us-open-snowboarding--1993,halfpipe,mens,Men'S Halfpipe,,open,men,Men'S Halfpipe,3,Sebu Kuhlberg,FIN,,,https://web.archive.org/web/20021012214813/http://usopen-snowboarding.com/history.asp?yearNum=1993,verified,wave3-archive,repaired-verified
us-open-snowboarding--1993,halfpipe,womens,,,open,women,,1,Shannon Dunn,,,,https://snowboarding8090.com/us-open/,likely,wave2-us-open,live-source
us-open-snowboarding--1993,halfpipe,womens,Women'S Halfpipe,,open,women,Women'S Halfpipe,1,Shannon Dunn,USA,,,https://web.archive.org/web/20021012214813/http://usopen-snowboarding.com/history.asp?yearNum=1993,verified,wave3-archive,repaired-verified
us-open-snowboarding--1993,halfpipe,womens,,,open,women,,2,Janna Meyen,,,,https://snowboarding8090.com/us-open/,likely,wave2-us-open,live-source
us-open-snowboarding--1993,halfpipe,womens,Women'S Halfpipe,,open,women,Women'S Halfpipe,2,Janna Meyen,USA,,,https://web.archive.org/web/20021012214813/http://usopen-snowboarding.com/history.asp?yearNum=1993,verified,wave3-archive,repaired-verified
us-open-snowboarding--1993,halfpipe,womens,Women'S Halfpipe,,open,women,Women'S Halfpipe,3,Tricia Byrnes,USA,,,https://web.archive.org/web/20021012214813/http://usopen-snowboarding.com/history.asp?yearNum=1993,verified,wave3-archive,repaired-verified
us-open-snowboarding--1993,other,mens,,,open,men,,1,Mark Fawcett,CAN,,,https://snowboarding8090.com/us-open/,verified,wave2-us-open,live-source
us-open-snowboarding--1993,other,mens,Men'S Super-G,,open,men,Men'S Super-G,1,Mark Fawcett,CAN,,Source's own event name: Men'S Super-G,https://web.archive.org/web/20021012214813/http://usopen-snowboarding.com/history.asp?yearNum=1993,verified,wave3-archive,repaired-verified
us-open-snowboarding--1993,other,mens,Men'S Super-G,,open,men,Men'S Super-G,2,Mike Jacoby,USA,,Source's own event name: Men'S Super-G,https://web.archive.org/web/20021012214813/http://usopen-snowboarding.com/history.asp?yearNum=1993,verified,wave3-archive,repaired-verified
us-open-snowboarding--1993,other,mens,Men'S Super-G,,open,men,Men'S Super-G,3,Chris Klug,USA,,Source's own event name: Men'S Super-G,https://web.archive.org/web/20021012214813/http://usopen-snowboarding.com/history.asp?yearNum=1993,verified,wave3-archive,repaired-verified
us-open-snowboarding--1993,other,womens,Women'S Super-G,,open,women,Women'S Super-G,1,Michelle Taggert,USA,,Source's own event name: Women'S Super-G,https://web.archive.org/web/20021012214813/http://usopen-snowboarding.com/history.asp?yearNum=1993,verified,wave3-archive,repaired-verified
us-open-snowboarding--1993,other,womens,Women'S Super-G,,open,women,Women'S Super-G,2,Tara Eberhard-Masterpool,USA,,Source's own event name: Women'S Super-G,https://web.archive.org/web/20021012214813/http://usopen-snowboarding.com/history.asp?yearNum=1993,verified,wave3-archive,repaired-verified
us-open-snowboarding--1993,other,womens,Women'S Super-G,,open,women,Women'S Super-G,3,Victoria Jealouse,CAN,,Source's own event name: Women'S Super-G,https://web.archive.org/web/20021012214813/http://usopen-snowboarding.com/history.asp?yearNum=1993,verified,wave3-archive,repaired-verified
us-open-snowboarding--1993,slalom,mens,Men'S Slalom,,open,men,Men'S Slalom,1,Mario-Paolo Dabbeni,ITA,,,https://web.archive.org/web/20021012214813/http://usopen-snowboarding.com/history.asp?yearNum=1993,verified,wave3-archive,repaired-verified
us-open-snowboarding--1993,slalom,mens,,,open,men,,2,Mark Fawcett,CAN,,,https://snowboarding8090.com/us-open/,verified,wave2-us-open,live-source
us-open-snowboarding--1993,slalom,mens,Men'S Slalom,,open,men,Men'S Slalom,2,Mark Fawcett,CAN,,,https://web.archive.org/web/20021012214813/http://usopen-snowboarding.com/history.asp?yearNum=1993,verified,wave3-archive,repaired-verified
us-open-snowboarding--1993,slalom,mens,Men'S Slalom,,open,men,Men'S Slalom,3,Peter Bauer,GER,,,https://web.archive.org/web/20021012214813/http://usopen-snowboarding.com/history.asp?yearNum=1993,verified,wave3-archive,repaired-verified
us-open-snowboarding--1993,slalom,womens,Women'S Slalom,,open,women,Women'S Slalom,1,Ashild Lofthus,NOR,,,https://web.archive.org/web/20021012214813/http://usopen-snowboarding.com/history.asp?yearNum=1993,verified,wave3-archive,repaired-verified
us-open-snowboarding--1993,slalom,womens,Women'S Slalom,,open,women,Women'S Slalom,2,Victoria Jealouse,CAN,,,https://web.archive.org/web/20021012214813/http://usopen-snowboarding.com/history.asp?yearNum=1993,verified,wave3-archive,repaired-verified
us-open-snowboarding--1993,slalom,womens,Women'S Slalom,,open,women,Women'S Slalom,3,Gaia Dabbeni,ITA,,,https://web.archive.org/web/20021012214813/http://usopen-snowboarding.com/history.asp?yearNum=1993,verified,wave3-archive,repaired-verified
us-open-snowboarding--1994,dual-slalom,mens,Men'S Dual Slalom,,open,men,Men'S Dual Slalom,1,Guido Faessler,SUI,,,https://web.archive.org/web/20021202224040/http://usopen-snowboarding.com/history.asp?yearNum=1994,verified,wave3-archive,repaired-verified
us-open-snowboarding--1994,dual-slalom,mens,Men'S Dual Slalom,,open,men,Men'S Dual Slalom,2,Zeke Steggall,AUS,,,https://web.archive.org/web/20021202224040/http://usopen-snowboarding.com/history.asp?yearNum=1994,verified,wave3-archive,repaired-verified
us-open-snowboarding--1994,dual-slalom,mens,Men'S Dual Slalom,,open,men,Men'S Dual Slalom,3,Martin Freinadametz,AUT,,,https://web.archive.org/web/20021202224040/http://usopen-snowboarding.com/history.asp?yearNum=1994,verified,wave3-archive,repaired-verified
us-open-snowboarding--1994,dual-slalom,womens,Women'S Dual Slalom,,open,women,Women'S Dual Slalom,1,Christine Rauter,AUT,,,https://web.archive.org/web/20021202224040/http://usopen-snowboarding.com/history.asp?yearNum=1994,verified,wave3-archive,repaired-verified
us-open-snowboarding--1994,dual-slalom,womens,Women'S Dual Slalom,,open,women,Women'S Dual Slalom,2,Anja Hagenbucher,GER,,,https://web.archive.org/web/20021202224040/http://usopen-snowboarding.com/history.asp?yearNum=1994,verified,wave3-archive,repaired-verified
us-open-snowboarding--1994,dual-slalom,womens,Women'S Dual Slalom,,open,women,Women'S Dual Slalom,3,Valerie Revaz,SUI,,,https://web.archive.org/web/20021202224040/http://usopen-snowboarding.com/history.asp?yearNum=1994,verified,wave3-archive,repaired-verified
us-open-snowboarding--1994,halfpipe,mens,,,open,men,,1,Todd Richards,,,,https://snowboarding8090.com/us-open/,verified,wave2-us-open,live-source
us-open-snowboarding--1994,halfpipe,mens,Men'S Halfpipe,,open,men,Men'S Halfpipe,1,Todd Richards,USA,,,https://web.archive.org/web/20021202224040/http://usopen-snowboarding.com/history.asp?yearNum=1994,verified,wave3-archive,repaired-verified
us-open-snowboarding--1994,halfpipe,mens,,,open,men,,2,Lael Gregory,,,,https://snowboarding8090.com/us-open/,verified,wave2-us-open,live-source
us-open-snowboarding--1994,halfpipe,mens,Men'S Halfpipe,,open,men,Men'S Halfpipe,2,Lael Gregory,USA,,,https://web.archive.org/web/20021202224040/http://usopen-snowboarding.com/history.asp?yearNum=1994,verified,wave3-archive,repaired-verified
us-open-snowboarding--1994,halfpipe,mens,,,open,men,,3,Jason Evans,,,,https://snowboarding8090.com/us-open/,verified,wave2-us-open,live-source
us-open-snowboarding--1994,halfpipe,mens,Men'S Halfpipe,,open,men,Men'S Halfpipe,3,Jason Evans,USA,,,https://web.archive.org/web/20021202224040/http://usopen-snowboarding.com/history.asp?yearNum=1994,verified,wave3-archive,repaired-verified
us-open-snowboarding--1994,halfpipe,womens,,,open,women,,1,Shannon Dunn,,,,https://snowboarding8090.com/us-open/,verified,wave2-us-open,live-source
us-open-snowboarding--1994,halfpipe,womens,Women'S Halfpipe,,open,women,Women'S Halfpipe,1,Shannon Dunn,USA,,,https://web.archive.org/web/20021202224040/http://usopen-snowboarding.com/history.asp?yearNum=1994,verified,wave3-archive,repaired-verified
us-open-snowboarding--1994,halfpipe,womens,,,open,women,,2,Tina Basich,,,,https://snowboarding8090.com/us-open/,verified,wave2-us-open,live-source
us-open-snowboarding--1994,halfpipe,womens,Women'S Halfpipe,,open,women,Women'S Halfpipe,2,Tina Basich,USA,,,https://web.archive.org/web/20021202224040/http://usopen-snowboarding.com/history.asp?yearNum=1994,verified,wave3-archive,repaired-verified
us-open-snowboarding--1994,halfpipe,womens,,,open,women,,3,Sandra Farmand,GER,,,https://snowboarding8090.com/us-open/,verified,wave2-us-open,live-source
us-open-snowboarding--1994,halfpipe,womens,Women'S Halfpipe,,open,women,Women'S Halfpipe,3,Sandra Farmand,GER,,,https://web.archive.org/web/20021202224040/http://usopen-snowboarding.com/history.asp?yearNum=1994,verified,wave3-archive,repaired-verified
us-open-snowboarding--1995,dual-slalom,mens,Men'S Dual Slalom,,open,men,Men'S Dual Slalom,1,Dieter Happ,AUT,,,https://web.archive.org/web/20021202225609/http://usopen-snowboarding.com/history.asp?yearNum=1995,verified,wave3-archive,repaired-verified
us-open-snowboarding--1995,dual-slalom,mens,Men'S Dual Slalom,,open,men,Men'S Dual Slalom,2,Peter Bauer,GER,,,https://web.archive.org/web/20021202225609/http://usopen-snowboarding.com/history.asp?yearNum=1995,verified,wave3-archive,repaired-verified
us-open-snowboarding--1995,dual-slalom,mens,Men'S Dual Slalom,,open,men,Men'S Dual Slalom,3,Nicolas Conte,FRA,,,https://web.archive.org/web/20021202225609/http://usopen-snowboarding.com/history.asp?yearNum=1995,verified,wave3-archive,repaired-verified
us-open-snowboarding--1995,dual-slalom,womens,Women'S Dual Slalom,,open,women,Women'S Dual Slalom,1,Sandra Farmand,GER,,,https://web.archive.org/web/20021202225609/http://usopen-snowboarding.com/history.asp?yearNum=1995,verified,wave3-archive,repaired-verified
us-open-snowboarding--1995,dual-slalom,womens,Women'S Dual Slalom,,open,women,Women'S Dual Slalom,2,Brigitte Koeck,AUT,,,https://web.archive.org/web/20021202225609/http://usopen-snowboarding.com/history.asp?yearNum=1995,verified,wave3-archive,repaired-verified
us-open-snowboarding--1995,dual-slalom,womens,Women'S Dual Slalom,,open,women,Women'S Dual Slalom,3,Martina Magenta,ITA,,,https://web.archive.org/web/20021202225609/http://usopen-snowboarding.com/history.asp?yearNum=1995,verified,wave3-archive,repaired-verified
us-open-snowboarding--1995,giant-slalom,mens,Men'S Gs,,open,men,Men'S Gs,1,Nicolas Conte,FRA,,,https://web.archive.org/web/20021202225609/http://usopen-snowboarding.com/history.asp?yearNum=1995,verified,wave3-archive,repaired-verified
us-open-snowboarding--1995,giant-slalom,mens,Men'S Gs,,open,men,Men'S Gs,2,Jasey Jay Anderson,CAN,,,https://web.archive.org/web/20021202225609/http://usopen-snowboarding.com/history.asp?yearNum=1995,verified,wave3-archive,repaired-verified
us-open-snowboarding--1995,giant-slalom,mens,Men'S Gs,,open,men,Men'S Gs,3,Gerry Ring,AUT,,,https://web.archive.org/web/20021202225609/http://usopen-snowboarding.com/history.asp?yearNum=1995,verified,wave3-archive,repaired-verified
us-open-snowboarding--1995,halfpipe,mens,,,open,men,,1,Terje Haakonsen,,,,https://snowboarding8090.com/us-open/,verified,wave2-us-open,live-source
us-open-snowboarding--1995,halfpipe,mens,Men'S Halfpipe,,open,men,Men'S Halfpipe,1,Terje Haakonsen,NOR,,,https://web.archive.org/web/20021202225609/http://usopen-snowboarding.com/history.asp?yearNum=1995,verified,wave3-archive,repaired-verified
us-open-snowboarding--1995,halfpipe,mens,Men'S Halfpipe,,open,men,Men'S Halfpipe,2,Jason Evans,USA,,,https://web.archive.org/web/20021202225609/http://usopen-snowboarding.com/history.asp?yearNum=1995,verified,wave3-archive,repaired-verified
us-open-snowboarding--1995,halfpipe,mens,Men'S Halfpipe,,open,men,Men'S Halfpipe,3,J.J. Collier,USA,,,https://web.archive.org/web/20021202225609/http://usopen-snowboarding.com/history.asp?yearNum=1995,verified,wave3-archive,repaired-verified
us-open-snowboarding--1995,halfpipe,womens,,,open,women,,1,Satu Jarvela,FIN,,,https://snowboarding8090.com/us-open/,verified,wave2-us-open,live-source
us-open-snowboarding--1995,halfpipe,womens,Women'S Halfpipe,,open,women,Women'S Halfpipe,1,Satu Jarvela,FIN,,,https://web.archive.org/web/20021202225609/http://usopen-snowboarding.com/history.asp?yearNum=1995,verified,wave3-archive,repaired-verified
us-open-snowboarding--1995,halfpipe,womens,,,open,women,,2,Nicole Angelrath,SUI,,,https://snowboarding8090.com/us-open/,verified,wave2-us-open,live-source
us-open-snowboarding--1995,halfpipe,womens,Women'S Halfpipe,,open,women,Women'S Halfpipe,2,Nicole Angelrath,SUI,,,https://web.archive.org/web/20021202225609/http://usopen-snowboarding.com/history.asp?yearNum=1995,verified,wave3-archive,repaired-verified
us-open-snowboarding--1995,halfpipe,womens,,,open,women,,3,Jennie Warra,SWE,,,https://snowboarding8090.com/us-open/,verified,wave2-us-open,live-source
us-open-snowboarding--1995,halfpipe,womens,Women'S Halfpipe,,open,women,Women'S Halfpipe,3,Jennie Waara,SWE,,,https://web.archive.org/web/20021202225609/http://usopen-snowboarding.com/history.asp?yearNum=1995,verified,wave3-archive,repaired-verified
us-open-snowboarding--1995,other,mens,Men'S Super-G,,open,men,Men'S Super-G,1,Ross Rebagliati,CAN,,Source's own event name: Men'S Super-G,https://web.archive.org/web/20021202225609/http://usopen-snowboarding.com/history.asp?yearNum=1995,verified,wave3-archive,repaired-verified
us-open-snowboarding--1995,other,mens,Men'S Super-G,,open,men,Men'S Super-G,2,Martin Freinadametz,AUT,,Source's own event name: Men'S Super-G,https://web.archive.org/web/20021202225609/http://usopen-snowboarding.com/history.asp?yearNum=1995,verified,wave3-archive,repaired-verified
us-open-snowboarding--1995,other,mens,Men'S Super-G,,open,men,Men'S Super-G,3,Gerry Ring,AUT,,Source's own event name: Men'S Super-G,https://web.archive.org/web/20021202225609/http://usopen-snowboarding.com/history.asp?yearNum=1995,verified,wave3-archive,repaired-verified
us-open-snowboarding--1995,other,womens,,,open,women,,1,Victoria Jealouse,,,,https://snowboarding8090.com/us-open/,verified,wave2-us-open,live-source
us-open-snowboarding--1995,other,womens,Women'S Super-G,,open,women,Women'S Super-G,1,Victoria Jealouse,CAN,,Source's own event name: Women'S Super-G,https://web.archive.org/web/20021202225609/http://usopen-snowboarding.com/history.asp?yearNum=1995,verified,wave3-archive,repaired-verified
us-open-snowboarding--1995,other,womens,Women'S Super-G,,open,women,Women'S Super-G,2,Maria Pichler,AUT,,Source's own event name: Women'S Super-G,https://web.archive.org/web/20021202225609/http://usopen-snowboarding.com/history.asp?yearNum=1995,verified,wave3-archive,repaired-verified
us-open-snowboarding--1995,other,womens,Women'S Super-G,,open,women,Women'S Super-G,3,Christine Rauter,AUT,,Source's own event name: Women'S Super-G,https://web.archive.org/web/20021202225609/http://usopen-snowboarding.com/history.asp?yearNum=1995,verified,wave3-archive,repaired-verified
us-open-snowboarding--1996,big-air,mens,,,open,men,,1,Peter Line,,,,https://snowboarding8090.com/us-open/,verified,wave2-us-open,live-source
us-open-snowboarding--1996,big-air,mens,Men'S Big Air,,open,men,Men'S Big Air,1,Peter Line,USA,,,https://web.archive.org/web/20021202230845/http://usopen-snowboarding.com/history.asp?yearNum=1996,verified,wave3-archive,repaired-verified
us-open-snowboarding--1996,big-air,mens,Men'S Big Air,,open,men,Men'S Big Air,2,Brett Carpentier,CAN,,,https://web.archive.org/web/20021202230845/http://usopen-snowboarding.com/history.asp?yearNum=1996,verified,wave3-archive,repaired-verified
us-open-snowboarding--1996,big-air,mens,Men'S Big Air,,open,men,Men'S Big Air,3,Terje Haakonsen,NOR,,,https://web.archive.org/web/20021202230845/http://usopen-snowboarding.com/history.asp?yearNum=1996,verified,wave3-archive,repaired-verified
us-open-snowboarding--1996,big-air,womens,,,open,women,,1,Cara-Beth Burnside,,,,https://snowboarding8090.com/us-open/,verified,wave2-us-open,live-source
us-open-snowboarding--1996,big-air,womens,Women'S Big Air,,open,women,Women'S Big Air,1,Cara-Beth Burnside,USA,,,https://web.archive.org/web/20021202230845/http://usopen-snowboarding.com/history.asp?yearNum=1996,verified,wave3-archive,repaired-verified
us-open-snowboarding--1996,big-air,womens,Women'S Big Air,,open,women,Women'S Big Air,2,Barrett Christy,USA,,,https://web.archive.org/web/20021202230845/http://usopen-snowboarding.com/history.asp?yearNum=1996,verified,wave3-archive,repaired-verified
us-open-snowboarding--1996,big-air,womens,Women'S Big Air,,open,women,Women'S Big Air,3,Michelle Taggert,USA,,,https://web.archive.org/web/20021202230845/http://usopen-snowboarding.com/history.asp?yearNum=1996,verified,wave3-archive,repaired-verified
us-open-snowboarding--1996,dual-slalom,mens,Men'S Dual Slalom,,open,men,Men'S Dual Slalom,1,Dieter Happ,AUT,,,https://web.archive.org/web/20021202230845/http://usopen-snowboarding.com/history.asp?yearNum=1996,verified,wave3-archive,repaired-verified
us-open-snowboarding--1996,dual-slalom,mens,Men'S Dual Slalom,,open,men,Men'S Dual Slalom,2,Peter Bauer,GER,,,https://web.archive.org/web/20021202230845/http://usopen-snowboarding.com/history.asp?yearNum=1996,verified,wave3-archive,repaired-verified
us-open-snowboarding--1996,dual-slalom,mens,Men'S Dual Slalom,,open,men,Men'S Dual Slalom,3,Matthias Kunz,SUI,,,https://web.archive.org/web/20021202230845/http://usopen-snowboarding.com/history.asp?yearNum=1996,verified,wave3-archive,repaired-verified
us-open-snowboarding--1996,dual-slalom,womens,Women'S Dual Slalom,,open,women,Women'S Dual Slalom,1,Rosey Fletcher,USA,,,https://web.archive.org/web/20021202230845/http://usopen-snowboarding.com/history.asp?yearNum=1996,verified,wave3-archive,repaired-verified
us-open-snowboarding--1996,dual-slalom,womens,Women'S Dual Slalom,,open,women,Women'S Dual Slalom,2,Christine Rauter,AUT,,,https://web.archive.org/web/20021202230845/http://usopen-snowboarding.com/history.asp?yearNum=1996,verified,wave3-archive,repaired-verified
us-open-snowboarding--1996,dual-slalom,womens,Women'S Dual Slalom,,open,women,Women'S Dual Slalom,3,Betsy Shaw,USA,,,https://web.archive.org/web/20021202230845/http://usopen-snowboarding.com/history.asp?yearNum=1996,verified,wave3-archive,repaired-verified
us-open-snowboarding--1996,halfpipe,mens,,,open,men,,1,Jimi Scott,,,,https://snowboarding8090.com/us-open/,verified,wave2-us-open,live-source
us-open-snowboarding--1996,halfpipe,mens,Men'S Halfpipe,,open,men,Men'S Halfpipe,1,Jimi Scott,USA,,,https://web.archive.org/web/20021202230845/http://usopen-snowboarding.com/history.asp?yearNum=1996,verified,wave3-archive,repaired-verified
us-open-snowboarding--1996,halfpipe,mens,Men'S Halfpipe,,open,men,Men'S Halfpipe,2,Sami Hyry,FIN,,,https://web.archive.org/web/20021202230845/http://usopen-snowboarding.com/history.asp?yearNum=1996,verified,wave3-archive,repaired-verified
us-open-snowboarding--1996,halfpipe,mens,Men'S Halfpipe,,open,men,Men'S Halfpipe,3,Max Ploetzender,AUT,,,https://web.archive.org/web/20021202230845/http://usopen-snowboarding.com/history.asp?yearNum=1996,verified,wave3-archive,repaired-verified
us-open-snowboarding--1996,halfpipe,womens,,,open,women,,1,Satu Jarvela,,,,https://snowboarding8090.com/us-open/,verified,wave2-us-open,live-source
us-open-snowboarding--1996,halfpipe,womens,Women'S Halfpipe,,open,women,Women'S Halfpipe,1,Satu Jarvela,FIN,,,https://web.archive.org/web/20021202230845/http://usopen-snowboarding.com/history.asp?yearNum=1996,verified,wave3-archive,repaired-verified
us-open-snowboarding--1996,halfpipe,womens,Women'S Halfpipe,,open,women,Women'S Halfpipe,2,Michelle Taggert,USA,,,https://web.archive.org/web/20021202230845/http://usopen-snowboarding.com/history.asp?yearNum=1996,verified,wave3-archive,repaired-verified
us-open-snowboarding--1996,halfpipe,womens,Women'S Halfpipe,,open,women,Women'S Halfpipe,3,Jennie Waara,SWE,,,https://web.archive.org/web/20021202230845/http://usopen-snowboarding.com/history.asp?yearNum=1996,verified,wave3-archive,repaired-verified
us-open-snowboarding--1996,other,mens,Men'S Super-G,,open,men,Men'S Super-G,1,Ian Price,USA,,Source's own event name: Men'S Super-G,https://web.archive.org/web/20021202230845/http://usopen-snowboarding.com/history.asp?yearNum=1996,verified,wave3-archive,repaired-verified
us-open-snowboarding--1996,other,mens,Men'S Slingshot,,open,men,Men'S Slingshot,1,Jasey Jay Anderson,CAN,,Source's own event name: Men'S Slingshot,https://web.archive.org/web/20021202230845/http://usopen-snowboarding.com/history.asp?yearNum=1996,verified,wave3-archive,repaired-verified
us-open-snowboarding--1996,other,mens,Men'S Super-G,,open,men,Men'S Super-G,2,Stefan Boeck,AUT,,Source's own event name: Men'S Super-G,https://web.archive.org/web/20021202230845/http://usopen-snowboarding.com/history.asp?yearNum=1996,verified,wave3-archive,repaired-verified
us-open-snowboarding--1996,other,mens,Men'S Slingshot,,open,men,Men'S Slingshot,2,Terje Haakonsen,NOR,,Source's own event name: Men'S Slingshot,https://web.archive.org/web/20021202230845/http://usopen-snowboarding.com/history.asp?yearNum=1996,verified,wave3-archive,repaired-verified
us-open-snowboarding--1996,other,mens,Men'S Super-G,,open,men,Men'S Super-G,3,Jasey Jay Anderson,CAN,,Source's own event name: Men'S Super-G,https://web.archive.org/web/20021202230845/http://usopen-snowboarding.com/history.asp?yearNum=1996,verified,wave3-archive,repaired-verified
us-open-snowboarding--1996,other,mens,Men'S Slingshot,,open,men,Men'S Slingshot,3,Sigi Grabner,AUT,,Source's own event name: Men'S Slingshot,https://web.archive.org/web/20021202230845/http://usopen-snowboarding.com/history.asp?yearNum=1996,verified,wave3-archive,repaired-verified
us-open-snowboarding--1996,other,womens,Women'S Super-G,,open,women,Women'S Super-G,1,Polana Zupan,SLO,,Source's own event name: Women'S Super-G,https://web.archive.org/web/20021202230845/http://usopen-snowboarding.com/history.asp?yearNum=1996,verified,wave3-archive,repaired-verified
us-open-snowboarding--1996,other,womens,Women'S Slingshot,,open,women,Women'S Slingshot,1,Michelle Taggert,USA,,Source's own event name: Women'S Slingshot,https://web.archive.org/web/20021202230845/http://usopen-snowboarding.com/history.asp?yearNum=1996,verified,wave3-archive,repaired-verified
us-open-snowboarding--1996,other,womens,Women'S Super-G,,open,women,Women'S Super-G,2,Leslee Olson,USA,,Source's own event name: Women'S Super-G,https://web.archive.org/web/20021202230845/http://usopen-snowboarding.com/history.asp?yearNum=1996,verified,wave3-archive,repaired-verified
us-open-snowboarding--1996,other,womens,Women'S Slingshot,,open,women,Women'S Slingshot,2,Leslee Olson,USA,,Source's own event name: Women'S Slingshot,https://web.archive.org/web/20021202230845/http://usopen-snowboarding.com/history.asp?yearNum=1996,verified,wave3-archive,repaired-verified
us-open-snowboarding--1996,other,womens,Women'S Super-G,,open,women,Women'S Super-G,3,Cecile Plancherel,SUI,,Source's own event name: Women'S Super-G,https://web.archive.org/web/20021202230845/http://usopen-snowboarding.com/history.asp?yearNum=1996,verified,wave3-archive,repaired-verified
us-open-snowboarding--1996,other,womens,Women'S Slingshot,,open,women,Women'S Slingshot,3,Beth Trombly,USA,,Source's own event name: Women'S Slingshot,https://web.archive.org/web/20021202230845/http://usopen-snowboarding.com/history.asp?yearNum=1996,verified,wave3-archive,repaired-verified
us-open-snowboarding--1997,big-air,mens,,,open,men,,1,Jason Borgstede,,,,https://snowboarding8090.com/us-open/,verified,wave2-us-open,live-source
us-open-snowboarding--1997,big-air,mens,Men'S Big Air,,open,men,Men'S Big Air,1,Jason Borgstede,USA,,,https://web.archive.org/web/20021202230651/http://usopen-snowboarding.com/history.asp?yearNum=1997,verified,wave3-archive,repaired-verified
us-open-snowboarding--1997,big-air,mens,Men'S Big Air,,open,men,Men'S Big Air,2,Peter Line,USA,,,https://web.archive.org/web/20021202230651/http://usopen-snowboarding.com/history.asp?yearNum=1997,verified,wave3-archive,repaired-verified
us-open-snowboarding--1997,big-air,mens,Men'S Big Air,,open,men,Men'S Big Air,3,Jamie Lynn,USA,,,https://web.archive.org/web/20021202230651/http://usopen-snowboarding.com/history.asp?yearNum=1997,verified,wave3-archive,repaired-verified
us-open-snowboarding--1997,big-air,womens,,,open,women,,1,Barret Christy,,,,https://snowboarding8090.com/us-open/,verified,wave2-us-open,live-source
us-open-snowboarding--1997,big-air,womens,Women'S Big Air,,open,women,Women'S Big Air,1,Barrett Christy,USA,,,https://web.archive.org/web/20021202230651/http://usopen-snowboarding.com/history.asp?yearNum=1997,verified,wave3-archive,repaired-verified
us-open-snowboarding--1997,big-air,womens,Women'S Big Air,,open,women,Women'S Big Air,2,Jamie Macleod,USA,,,https://web.archive.org/web/20021202230651/http://usopen-snowboarding.com/history.asp?yearNum=1997,verified,wave3-archive,repaired-verified
us-open-snowboarding--1997,big-air,womens,Women'S Big Air,,open,women,Women'S Big Air,3,Cara-Beth Burnside,USA,,,https://web.archive.org/web/20021202230651/http://usopen-snowboarding.com/history.asp?yearNum=1997,verified,wave3-archive,repaired-verified
us-open-snowboarding--1997,dual-slalom,mens,Men'S Dual Slalom,,open,men,Men'S Dual Slalom,1,Chris Klug,USA,,,https://web.archive.org/web/20021202230651/http://usopen-snowboarding.com/history.asp?yearNum=1997,verified,wave3-archive,repaired-verified
us-open-snowboarding--1997,dual-slalom,mens,Men'S Dual Slalom,,open,men,Men'S Dual Slalom,2,Dieter Happ,AUT,,,https://web.archive.org/web/20021202230651/http://usopen-snowboarding.com/history.asp?yearNum=1997,verified,wave3-archive,repaired-verified
us-open-snowboarding--1997,dual-slalom,mens,Men'S Dual Slalom,,open,men,Men'S Dual Slalom,3,Nicolas Conte,FRA,,,https://web.archive.org/web/20021202230651/http://usopen-snowboarding.com/history.asp?yearNum=1997,verified,wave3-archive,repaired-verified
us-open-snowboarding--1997,dual-slalom,womens,Women'S Dual Slalom,,open,women,Women'S Dual Slalom,1,Brigitte Koeck,AUT,,,https://web.archive.org/web/20021202230651/http://usopen-snowboarding.com/history.asp?yearNum=1997,verified,wave3-archive,repaired-verified
us-open-snowboarding--1997,dual-slalom,womens,Women'S Dual Slalom,,open,women,Women'S Dual Slalom,2,Christine Rauter,AUT,,,https://web.archive.org/web/20021202230651/http://usopen-snowboarding.com/history.asp?yearNum=1997,verified,wave3-archive,repaired-verified
us-open-snowboarding--1997,dual-slalom,womens,Women'S Dual Slalom,,open,women,Women'S Dual Slalom,3,Martina Magenta,ITA,,,https://web.archive.org/web/20021202230651/http://usopen-snowboarding.com/history.asp?yearNum=1997,verified,wave3-archive,repaired-verified
us-open-snowboarding--1997,halfpipe,mens,,,open,men,,1,Todd Richards,,,,https://snowboarding8090.com/us-open/,verified,wave2-us-open,live-source
us-open-snowboarding--1997,halfpipe,mens,Men'S Halfpipe,,open,men,Men'S Halfpipe,1,Todd Richards,USA,,,https://web.archive.org/web/20021202230651/http://usopen-snowboarding.com/history.asp?yearNum=1997,verified,wave3-archive,repaired-verified
us-open-snowboarding--1997,halfpipe,mens,,,open,men,,2,Terje Haakonsen,,,,https://snowboarding8090.com/us-open/,verified,wave2-us-open,live-source
us-open-snowboarding--1997,halfpipe,mens,Men'S Halfpipe,,open,men,Men'S Halfpipe,2,Terje Haakonsen,NOR,,,https://web.archive.org/web/20021202230651/http://usopen-snowboarding.com/history.asp?yearNum=1997,verified,wave3-archive,repaired-verified
us-open-snowboarding--1997,halfpipe,mens,Men'S Halfpipe,,open,men,Men'S Halfpipe,3,Sebu Kuhlberg,FIN,,,https://web.archive.org/web/20021202230651/http://usopen-snowboarding.com/history.asp?yearNum=1997,verified,wave3-archive,repaired-verified
us-open-snowboarding--1997,halfpipe,womens,,,open,women,,1,Barret Christy,,,,https://snowboarding8090.com/us-open/,verified,wave2-us-open,live-source
us-open-snowboarding--1997,halfpipe,womens,Women'S Halfpipe,,open,women,Women'S Halfpipe,1,Barrett Christy,USA,,,https://web.archive.org/web/20021202230651/http://usopen-snowboarding.com/history.asp?yearNum=1997,verified,wave3-archive,repaired-verified
us-open-snowboarding--1997,halfpipe,womens,,,open,women,,2,Tricia Byrnes,,,,https://snowboarding8090.com/us-open/,verified,wave2-us-open,live-source
us-open-snowboarding--1997,halfpipe,womens,Women'S Halfpipe,,open,women,Women'S Halfpipe,2,Tricia Byrnes,USA,,,https://web.archive.org/web/20021202230651/http://usopen-snowboarding.com/history.asp?yearNum=1997,verified,wave3-archive,repaired-verified
us-open-snowboarding--1997,halfpipe,womens,Women'S Halfpipe,,open,women,Women'S Halfpipe,3,Michelle Taggert,USA,,,https://web.archive.org/web/20021202230651/http://usopen-snowboarding.com/history.asp?yearNum=1997,verified,wave3-archive,repaired-verified
us-open-snowboarding--1997,other,mens,Men'S Super-G,,open,men,Men'S Super-G,1,Ian Price,USA,,Source's own event name: Men'S Super-G,https://web.archive.org/web/20021202230651/http://usopen-snowboarding.com/history.asp?yearNum=1997,verified,wave3-archive,repaired-verified
us-open-snowboarding--1997,other,mens,Men'S Slingshot,,open,men,Men'S Slingshot,1,Martin Freinadametz,AUT,,Source's own event name: Men'S Slingshot,https://web.archive.org/web/20021202230651/http://usopen-snowboarding.com/history.asp?yearNum=1997,verified,wave3-archive,repaired-verified
us-open-snowboarding--1997,other,mens,Men'S Super-G,,open,men,Men'S Super-G,2,Mark Fawcett,CAN,,Source's own event name: Men'S Super-G,https://web.archive.org/web/20021202230651/http://usopen-snowboarding.com/history.asp?yearNum=1997,verified,wave3-archive,repaired-verified
us-open-snowboarding--1997,other,mens,Men'S Slingshot,,open,men,Men'S Slingshot,2,Jeremy Jones,USA,,Source's own event name: Men'S Slingshot,https://web.archive.org/web/20021202230651/http://usopen-snowboarding.com/history.asp?yearNum=1997,verified,wave3-archive,repaired-verified
us-open-snowboarding--1997,other,mens,Men'S Super-G,,open,men,Men'S Super-G,3,Dieter Happ,AUT,,Source's own event name: Men'S Super-G,https://web.archive.org/web/20021202230651/http://usopen-snowboarding.com/history.asp?yearNum=1997,verified,wave3-archive,repaired-verified
us-open-snowboarding--1997,other,mens,Men'S Slingshot,,open,men,Men'S Slingshot,3,Anton Pogue,USA,,Source's own event name: Men'S Slingshot,https://web.archive.org/web/20021202230651/http://usopen-snowboarding.com/history.asp?yearNum=1997,verified,wave3-archive,repaired-verified
us-open-snowboarding--1997,other,womens,Women'S Super-G,,open,women,Women'S Super-G,1,Lisa Kosglow,USA,,Source's own event name: Women'S Super-G,https://web.archive.org/web/20021202230651/http://usopen-snowboarding.com/history.asp?yearNum=1997,verified,wave3-archive,repaired-verified
us-open-snowboarding--1997,other,womens,Women'S Slingshot,,open,women,Women'S Slingshot,1,Betsy Shaw,USA,,Source's own event name: Women'S Slingshot,https://web.archive.org/web/20021202230651/http://usopen-snowboarding.com/history.asp?yearNum=1997,verified,wave3-archive,repaired-verified
us-open-snowboarding--1997,other,womens,Women'S Super-G,,open,women,Women'S Super-G,2,Brigitte Koeck,AUT,,Source's own event name: Women'S Super-G,https://web.archive.org/web/20021202230651/http://usopen-snowboarding.com/history.asp?yearNum=1997,verified,wave3-archive,repaired-verified
us-open-snowboarding--1997,other,womens,Women'S Slingshot,,open,women,Women'S Slingshot,2,Leslee Olson,USA,,Source's own event name: Women'S Slingshot,https://web.archive.org/web/20021202230651/http://usopen-snowboarding.com/history.asp?yearNum=1997,verified,wave3-archive,repaired-verified
us-open-snowboarding--1997,other,womens,Women'S Super-G,,open,women,Women'S Super-G,3,Betsy Shaw,USA,,Source's own event name: Women'S Super-G,https://web.archive.org/web/20021202230651/http://usopen-snowboarding.com/history.asp?yearNum=1997,verified,wave3-archive,repaired-verified
us-open-snowboarding--1997,other,womens,Women'S Slingshot,,open,women,Women'S Slingshot,3,Maelle Ricker,CAN,,Source's own event name: Women'S Slingshot,https://web.archive.org/web/20021202230651/http://usopen-snowboarding.com/history.asp?yearNum=1997,verified,wave3-archive,repaired-verified
us-open-snowboarding--1998,boardercross,mens,Men'S Bx,,open,men,Men'S Bx,1,Tor Bruserud,NOR,,,https://web.archive.org/web/20021202101813/http://usopen-snowboarding.com/history.asp?yearNum=1998,verified,wave3-archive,repaired-verified
us-open-snowboarding--1998,boardercross,mens,Men'S Bx,,open,men,Men'S Bx,2,Drew Neilson,CAN,,,https://web.archive.org/web/20021202101813/http://usopen-snowboarding.com/history.asp?yearNum=1998,verified,wave3-archive,repaired-verified
us-open-snowboarding--1998,boardercross,mens,Men'S Bx,,open,men,Men'S Bx,3,Fabrizio Bonacina,ITA,,,https://web.archive.org/web/20021202101813/http://usopen-snowboarding.com/history.asp?yearNum=1998,verified,wave3-archive,repaired-verified
us-open-snowboarding--1998,boardercross,womens,Women'S Bx,,open,women,Women'S Bx,1,Aurelie Sayres,USA,,,https://web.archive.org/web/20021202101813/http://usopen-snowboarding.com/history.asp?yearNum=1998,verified,wave3-archive,repaired-verified
us-open-snowboarding--1998,boardercross,womens,Women'S Bx,,open,women,Women'S Bx,2,Nillard Pilavakis,USA,,,https://web.archive.org/web/20021202101813/http://usopen-snowboarding.com/history.asp?yearNum=1998,verified,wave3-archive,repaired-verified
us-open-snowboarding--1998,boardercross,womens,Women'S Bx,,open,women,Women'S Bx,3,StarOfPeace Quinn,CAN,,,https://web.archive.org/web/20021202101813/http://usopen-snowboarding.com/history.asp?yearNum=1998,verified,wave3-archive,repaired-verified
us-open-snowboarding--1998,dual-slalom,mens,Men'S Dual Slalom,,open,men,Men'S Dual Slalom,1,Karl-Heinz Zangerl,AUT,,,https://web.archive.org/web/20021202101813/http://usopen-snowboarding.com/history.asp?yearNum=1998,verified,wave3-archive,repaired-verified
us-open-snowboarding--1998,dual-slalom,mens,Men'S Dual Slalom,,open,men,Men'S Dual Slalom,2,Nicolas Conte,FRA,,,https://web.archive.org/web/20021202101813/http://usopen-snowboarding.com/history.asp?yearNum=1998,verified,wave3-archive,repaired-verified
us-open-snowboarding--1998,dual-slalom,mens,Men'S Dual Slalom,,open,men,Men'S Dual Slalom,3,Mathieu Bozzetto,FRA,,,https://web.archive.org/web/20021202101813/http://usopen-snowboarding.com/history.asp?yearNum=1998,verified,wave3-archive,repaired-verified
us-open-snowboarding--1998,dual-slalom,womens,Women'S Dual Slalom,,open,women,Women'S Dual Slalom,1,Christine Rauter,AUT,,,https://web.archive.org/web/20021202101813/http://usopen-snowboarding.com/history.asp?yearNum=1998,verified,wave3-archive,repaired-verified
us-open-snowboarding--1998,dual-slalom,womens,Women'S Dual Slalom,,open,women,Women'S Dual Slalom,2,Heidi Jaufenthaler,AUT,,,https://web.archive.org/web/20021202101813/http://usopen-snowboarding.com/history.asp?yearNum=1998,verified,wave3-archive,repaired-verified
us-open-snowboarding--1998,dual-slalom,womens,Women'S Dual Slalom,,open,women,Women'S Dual Slalom,3,Steffi von Siebenthal,SUI,,,https://web.archive.org/web/20021202101813/http://usopen-snowboarding.com/history.asp?yearNum=1998,verified,wave3-archive,repaired-verified
us-open-snowboarding--1998,halfpipe,mens,Men'S Halfpipe,,open,men,Men'S Halfpipe,1,Rob Kingwill,USA,,,https://web.archive.org/web/20021202101813/http://usopen-snowboarding.com/history.asp?yearNum=1998,verified,wave3-archive,repaired-verified
us-open-snowboarding--1998,halfpipe,mens,Men'S Halfpipe,,open,men,Men'S Halfpipe,2,Terje Haakonsen,NOR,,,https://web.archive.org/web/20021202101813/http://usopen-snowboarding.com/history.asp?yearNum=1998,verified,wave3-archive,repaired-verified
us-open-snowboarding--1998,halfpipe,mens,Men'S Halfpipe,,open,men,Men'S Halfpipe,3,Todd Richards,USA,,,https://web.archive.org/web/20021202101813/http://usopen-snowboarding.com/history.asp?yearNum=1998,verified,wave3-archive,repaired-verified
us-open-snowboarding--1998,halfpipe,womens,,,open,women,,1,Nicola Thost,,,,https://snowboarding8090.com/us-open/,likely,wave2-us-open,live-source
us-open-snowboarding--1998,halfpipe,womens,Women'S Halfpipe,,open,women,Women'S Halfpipe,1,Nicola Thost,GER,,,https://web.archive.org/web/20021202101813/http://usopen-snowboarding.com/history.asp?yearNum=1998,verified,wave3-archive,repaired-verified
us-open-snowboarding--1998,halfpipe,womens,Women'S Halfpipe,,open,women,Women'S Halfpipe,2,Tricia Byrnes,USA,,,https://web.archive.org/web/20021202101813/http://usopen-snowboarding.com/history.asp?yearNum=1998,verified,wave3-archive,repaired-verified
us-open-snowboarding--1998,halfpipe,womens,Women'S Halfpipe,,open,women,Women'S Halfpipe,3,Tara Teigen,CAN,,,https://web.archive.org/web/20021202101813/http://usopen-snowboarding.com/history.asp?yearNum=1998,verified,wave3-archive,repaired-verified
us-open-snowboarding--1998,other,mens,Men'S Super-G,,open,men,Men'S Super-G,1,Mark Fawcett,CAN,,Source's own event name: Men'S Super-G,https://web.archive.org/web/20021202101813/http://usopen-snowboarding.com/history.asp?yearNum=1998,verified,wave3-archive,repaired-verified
us-open-snowboarding--1998,other,mens,Men'S Super-G,,open,men,Men'S Super-G,2,Ian Price,USA,,Source's own event name: Men'S Super-G,https://web.archive.org/web/20021202101813/http://usopen-snowboarding.com/history.asp?yearNum=1998,verified,wave3-archive,repaired-verified
us-open-snowboarding--1998,other,mens,Men'S Super-G,,open,men,Men'S Super-G,3,Martin Freinadametz,AUT,,Source's own event name: Men'S Super-G,https://web.archive.org/web/20021202101813/http://usopen-snowboarding.com/history.asp?yearNum=1998,verified,wave3-archive,repaired-verified
us-open-snowboarding--1998,other,womens,Women'S Super-G,,open,women,Women'S Super-G,1,Rosey Fletcher,USA,,Source's own event name: Women'S Super-G,https://web.archive.org/web/20021202101813/http://usopen-snowboarding.com/history.asp?yearNum=1998,verified,wave3-archive,repaired-verified
us-open-snowboarding--1998,other,womens,Women'S Super-G,,open,women,Women'S Super-G,2,Leslee Olson,USA,,Source's own event name: Women'S Super-G,https://web.archive.org/web/20021202101813/http://usopen-snowboarding.com/history.asp?yearNum=1998,verified,wave3-archive,repaired-verified
us-open-snowboarding--1998,other,womens,Women'S Super-G,,open,women,Women'S Super-G,3,Stacia Hookum,USA,,Source's own event name: Women'S Super-G,https://web.archive.org/web/20021202101813/http://usopen-snowboarding.com/history.asp?yearNum=1998,verified,wave3-archive,repaired-verified
us-open-snowboarding--1999,big-air,mens,,,open,men,,1,Myles Hallen,,,,https://snowboarding8090.com/us-open/,verified,wave2-us-open,live-source
us-open-snowboarding--1999,big-air,mens,Men'S Big Air,,open,men,Men'S Big Air,1,Myles Hallen,USA,,,https://web.archive.org/web/20021202102229/http://usopen-snowboarding.com/history.asp?yearNum=1999,verified,wave3-archive,repaired-verified
us-open-snowboarding--1999,big-air,mens,Men'S Big Air,,open,men,Men'S Big Air,2,Tom Flocco,USA,,,https://web.archive.org/web/20021202102229/http://usopen-snowboarding.com/history.asp?yearNum=1999,verified,wave3-archive,repaired-verified
us-open-snowboarding--1999,big-air,mens,Men'S Big Air,,open,men,Men'S Big Air,3,Al Traves,USA,,,https://web.archive.org/web/20021202102229/http://usopen-snowboarding.com/history.asp?yearNum=1999,verified,wave3-archive,repaired-verified
us-open-snowboarding--1999,big-air,womens,,,open,women,,1,Tara Dakides,,,,https://snowboarding8090.com/us-open/,verified,wave2-us-open,live-source
us-open-snowboarding--1999,big-air,womens,Women'S Big Air,,open,women,Women'S Big Air,1,Tara Dakides,USA,,,https://web.archive.org/web/20021202102229/http://usopen-snowboarding.com/history.asp?yearNum=1999,verified,wave3-archive,repaired-verified
us-open-snowboarding--1999,big-air,womens,Women'S Big Air,,open,women,Women'S Big Air,2,Barrett Christy,USA,,,https://web.archive.org/web/20021202102229/http://usopen-snowboarding.com/history.asp?yearNum=1999,verified,wave3-archive,repaired-verified
us-open-snowboarding--1999,big-air,womens,Women'S Big Air,,open,women,Women'S Big Air,3,Jamie Macleod,USA,,,https://web.archive.org/web/20021202102229/http://usopen-snowboarding.com/history.asp?yearNum=1999,verified,wave3-archive,repaired-verified
us-open-snowboarding--1999,boardercross,mens,Men'S Bx,,open,men,Men'S Bx,1,Fabrizio Bonacina,ITA,,,https://web.archive.org/web/20021202102229/http://usopen-snowboarding.com/history.asp?yearNum=1999,verified,wave3-archive,repaired-verified
us-open-snowboarding--1999,boardercross,mens,Men'S Bx,,open,men,Men'S Bx,2,Borre Bie-Larsen,NOR,,,https://web.archive.org/web/20021202102229/http://usopen-snowboarding.com/history.asp?yearNum=1999,verified,wave3-archive,repaired-verified
us-open-snowboarding--1999,boardercross,mens,Men'S Bx,,open,men,Men'S Bx,3,Marius Sommer,NOR,,,https://web.archive.org/web/20021202102229/http://usopen-snowboarding.com/history.asp?yearNum=1999,verified,wave3-archive,repaired-verified
us-open-snowboarding--1999,boardercross,womens,Women'S Bx,,open,women,Women'S Bx,1,Mayumi Fukuda,CAN,,,https://web.archive.org/web/20021202102229/http://usopen-snowboarding.com/history.asp?yearNum=1999,verified,wave3-archive,repaired-verified
us-open-snowboarding--1999,boardercross,womens,Women'S Bx,,open,women,Women'S Bx,2,Nillard Pilavakis,USA,,,https://web.archive.org/web/20021202102229/http://usopen-snowboarding.com/history.asp?yearNum=1999,verified,wave3-archive,repaired-verified
us-open-snowboarding--1999,boardercross,womens,Women'S Bx,,open,women,Women'S Bx,3,Alessia Follador,ITA,,,https://web.archive.org/web/20021202102229/http://usopen-snowboarding.com/history.asp?yearNum=1999,verified,wave3-archive,repaired-verified
us-open-snowboarding--1999,halfpipe,mens,,,open,men,,1,Ross Powers,,,,https://snowboarding8090.com/us-open/,verified,wave2-us-open,live-source
us-open-snowboarding--1999,halfpipe,mens,Men'S Halfpipe,,open,men,Men'S Halfpipe,1,Ross Powers,USA,,,https://web.archive.org/web/20021202102229/http://usopen-snowboarding.com/history.asp?yearNum=1999,verified,wave3-archive,repaired-verified
us-open-snowboarding--1999,halfpipe,mens,Men'S Halfpipe,,open,men,Men'S Halfpipe,2,Xavier Hoffman,GER,,,https://web.archive.org/web/20021202102229/http://usopen-snowboarding.com/history.asp?yearNum=1999,verified,wave3-archive,repaired-verified
us-open-snowboarding--1999,halfpipe,mens,Men'S Halfpipe,,open,men,Men'S Halfpipe,3,Tommy Czeschin,USA,,,https://web.archive.org/web/20021202102229/http://usopen-snowboarding.com/history.asp?yearNum=1999,verified,wave3-archive,repaired-verified
us-open-snowboarding--1999,halfpipe,womens,,,open,women,,1,Nicola Thost,,,,https://snowboarding8090.com/us-open/,verified,wave2-us-open,live-source
us-open-snowboarding--1999,halfpipe,womens,Women'S Halfpipe,,open,women,Women'S Halfpipe,1,Nicola Thost,GER,,,https://web.archive.org/web/20021202102229/http://usopen-snowboarding.com/history.asp?yearNum=1999,verified,wave3-archive,repaired-verified
us-open-snowboarding--1999,halfpipe,womens,Women'S Halfpipe,,open,women,Women'S Halfpipe,2,Tricia Byrnes,USA,,,https://web.archive.org/web/20021202102229/http://usopen-snowboarding.com/history.asp?yearNum=1999,verified,wave3-archive,repaired-verified
us-open-snowboarding--1999,halfpipe,womens,Women'S Halfpipe,,open,women,Women'S Halfpipe,3,Shannon Dunn,USA,,,https://web.archive.org/web/20021202102229/http://usopen-snowboarding.com/history.asp?yearNum=1999,verified,wave3-archive,repaired-verified
us-open-snowboarding--1999,other,juniors,Junior'S Junior Jam,,junior,unspecified,Junior'S Junior Jam,1,Shayne Pospisil,USA,,Source's own event name: Junior'S Junior Jam,https://web.archive.org/web/20021202102229/http://usopen-snowboarding.com/history.asp?yearNum=1999,verified,wave3-archive,repaired-verified
us-open-snowboarding--1999,other,juniors,Junior'S Junior Jam,,junior,unspecified,Junior'S Junior Jam,2,Tyler Emond,USA,,Source's own event name: Junior'S Junior Jam,https://web.archive.org/web/20021202102229/http://usopen-snowboarding.com/history.asp?yearNum=1999,verified,wave3-archive,repaired-verified
us-open-snowboarding--1999,other,juniors,Junior'S Junior Jam,,junior,unspecified,Junior'S Junior Jam,3,Adam Pearce,USA,,Source's own event name: Junior'S Junior Jam,https://web.archive.org/web/20021202102229/http://usopen-snowboarding.com/history.asp?yearNum=1999,verified,wave3-archive,repaired-verified
us-open-snowboarding--1999,other,mens,Men'S Super-G,,open,men,Men'S Super-G,1,Mark Fawcett,CAN,,Source's own event name: Men'S Super-G,https://web.archive.org/web/20021202102229/http://usopen-snowboarding.com/history.asp?yearNum=1999,verified,wave3-archive,repaired-verified
us-open-snowboarding--1999,other,mens,Men'S Super-G,,open,men,Men'S Super-G,2,Dieter Happ,AUT,,Source's own event name: Men'S Super-G,https://web.archive.org/web/20021202102229/http://usopen-snowboarding.com/history.asp?yearNum=1999,verified,wave3-archive,repaired-verified
us-open-snowboarding--1999,other,mens,Men'S Super-G,,open,men,Men'S Super-G,3,Christophe Segura,FRA,,Source's own event name: Men'S Super-G,https://web.archive.org/web/20021202102229/http://usopen-snowboarding.com/history.asp?yearNum=1999,verified,wave3-archive,repaired-verified
us-open-snowboarding--1999,other,womens,Women'S Super-G,,open,women,Women'S Super-G,1,Steffi von Siebenthal,SUI,,Source's own event name: Women'S Super-G,https://web.archive.org/web/20021202102229/http://usopen-snowboarding.com/history.asp?yearNum=1999,verified,wave3-archive,repaired-verified
us-open-snowboarding--1999,other,womens,Women'S Super-G,,open,women,Women'S Super-G,2,Brigitte Koeck,AUT,,Source's own event name: Women'S Super-G,https://web.archive.org/web/20021202102229/http://usopen-snowboarding.com/history.asp?yearNum=1999,verified,wave3-archive,repaired-verified
us-open-snowboarding--1999,other,womens,Women'S Super-G,,open,women,Women'S Super-G,3,Bruhin Ursula,SUI,,Source's own event name: Women'S Super-G,https://web.archive.org/web/20021202102229/http://usopen-snowboarding.com/history.asp?yearNum=1999,verified,wave3-archive,repaired-verified
us-open-snowboarding--2000,big-air,mens,Men'S Big Air,,open,men,Men'S Big Air,1,Jussi Oksanen,FIN,,,https://web.archive.org/web/20021202102958/http://usopen-snowboarding.com/history.asp?yearNum=2000,verified,wave3-archive,repaired-verified
us-open-snowboarding--2000,big-air,mens,Men'S Big Air,,open,men,Men'S Big Air,2,Jason Borgstede,USA,,,https://web.archive.org/web/20021202102958/http://usopen-snowboarding.com/history.asp?yearNum=2000,verified,wave3-archive,repaired-verified
us-open-snowboarding--2000,big-air,mens,Men'S Big Air,,open,men,Men'S Big Air,3,Scott Arnold,USA,,,https://web.archive.org/web/20021202102958/http://usopen-snowboarding.com/history.asp?yearNum=2000,verified,wave3-archive,repaired-verified
us-open-snowboarding--2000,big-air,womens,Women'S Big Air,,open,women,Women'S Big Air,1,Jamie Macleod,USA,,,https://web.archive.org/web/20021202102958/http://usopen-snowboarding.com/history.asp?yearNum=2000,verified,wave3-archive,repaired-verified
us-open-snowboarding--2000,big-air,womens,Women'S Big Air,,open,women,Women'S Big Air,2,Tara Dakides,USA,,,https://web.archive.org/web/20021202102958/http://usopen-snowboarding.com/history.asp?yearNum=2000,verified,wave3-archive,repaired-verified
us-open-snowboarding--2000,big-air,womens,Women'S Big Air,,open,women,Women'S Big Air,3,Jessica Dalpiaz,USA,,,https://web.archive.org/web/20021202102958/http://usopen-snowboarding.com/history.asp?yearNum=2000,verified,wave3-archive,repaired-verified
us-open-snowboarding--2000,boardercross,mens,Men'S Bx,,open,men,Men'S Bx,1,Xavier Delerue,FRA,,,https://web.archive.org/web/20021202102958/http://usopen-snowboarding.com/history.asp?yearNum=2000,verified,wave3-archive,repaired-verified
us-open-snowboarding--2000,boardercross,mens,Men'S Bx,,open,men,Men'S Bx,2,Drew Neilson,CAN,,,https://web.archive.org/web/20021202102958/http://usopen-snowboarding.com/history.asp?yearNum=2000,verified,wave3-archive,repaired-verified
us-open-snowboarding--2000,boardercross,mens,Men'S Bx,,open,men,Men'S Bx,3,Jasey Jay Anderson,CAN,,,https://web.archive.org/web/20021202102958/http://usopen-snowboarding.com/history.asp?yearNum=2000,verified,wave3-archive,repaired-verified
us-open-snowboarding--2000,boardercross,womens,Women'S Bx,,open,women,Women'S Bx,1,Catherine Poetzl,AUT,,,https://web.archive.org/web/20021202102958/http://usopen-snowboarding.com/history.asp?yearNum=2000,verified,wave3-archive,repaired-verified
us-open-snowboarding--2000,boardercross,womens,Women'S Bx,,open,women,Women'S Bx,2,Leslee Olson,USA,,,https://web.archive.org/web/20021202102958/http://usopen-snowboarding.com/history.asp?yearNum=2000,verified,wave3-archive,repaired-verified
us-open-snowboarding--2000,boardercross,womens,Women'S Bx,,open,women,Women'S Bx,3,Amy Johnson,USA,,,https://web.archive.org/web/20021202102958/http://usopen-snowboarding.com/history.asp?yearNum=2000,verified,wave3-archive,repaired-verified
us-open-snowboarding--2000,halfpipe,mens,Men'S Halfpipe,,open,men,Men'S Halfpipe,1,Guillaume Morisset,CAN,,,https://web.archive.org/web/20021202102958/http://usopen-snowboarding.com/history.asp?yearNum=2000,verified,wave3-archive,repaired-verified
us-open-snowboarding--2000,halfpipe,mens,Men'S Halfpipe,,open,men,Men'S Halfpipe,2,Ross Powers,USA,,,https://web.archive.org/web/20021202102958/http://usopen-snowboarding.com/history.asp?yearNum=2000,verified,wave3-archive,repaired-verified
us-open-snowboarding--2000,halfpipe,mens,Men'S Halfpipe,,open,men,Men'S Halfpipe,3,Xavier Hoffman,GER,,,https://web.archive.org/web/20021202102958/http://usopen-snowboarding.com/history.asp?yearNum=2000,verified,wave3-archive,repaired-verified
us-open-snowboarding--2000,halfpipe,womens,Women'S Halfpipe,,open,women,Women'S Halfpipe,1,Natasza Zurek,CAN,,,https://web.archive.org/web/20021202102958/http://usopen-snowboarding.com/history.asp?yearNum=2000,verified,wave3-archive,repaired-verified
us-open-snowboarding--2000,halfpipe,womens,Women'S Halfpipe,,open,women,Women'S Halfpipe,2,Shannon Dunn,USA,,,https://web.archive.org/web/20021202102958/http://usopen-snowboarding.com/history.asp?yearNum=2000,verified,wave3-archive,repaired-verified
us-open-snowboarding--2000,halfpipe,womens,Women'S Halfpipe,,open,women,Women'S Halfpipe,3,Barrett Christy,USA,,,https://web.archive.org/web/20021202102958/http://usopen-snowboarding.com/history.asp?yearNum=2000,verified,wave3-archive,repaired-verified
us-open-snowboarding--2000,other,juniors,Boy'S Junior Jam,,junior,men,Boy'S Junior Jam,1,Patrick Moore,USA,,Source's own event name: Boy'S Junior Jam,https://web.archive.org/web/20021202102958/http://usopen-snowboarding.com/history.asp?yearNum=2000,verified,wave3-archive,repaired-verified
us-open-snowboarding--2000,other,juniors,Girl'S Junior Jam,,junior,women,Girl'S Junior Jam,1,Kari White,USA,,Source's own event name: Girl'S Junior Jam,https://web.archive.org/web/20021202102958/http://usopen-snowboarding.com/history.asp?yearNum=2000,verified,wave3-archive,repaired-verified
us-open-snowboarding--2000,other,juniors,Boy'S Junior Jam,,junior,men,Boy'S Junior Jam,2,Renaud Belisle,CAN,,Source's own event name: Boy'S Junior Jam,https://web.archive.org/web/20021202102958/http://usopen-snowboarding.com/history.asp?yearNum=2000,verified,wave3-archive,repaired-verified
us-open-snowboarding--2000,other,juniors,Girl'S Junior Jam,,junior,women,Girl'S Junior Jam,2,Hannah Teter,USA,,Source's own event name: Girl'S Junior Jam,https://web.archive.org/web/20021202102958/http://usopen-snowboarding.com/history.asp?yearNum=2000,verified,wave3-archive,repaired-verified
us-open-snowboarding--2000,other,juniors,Boy'S Junior Jam,,junior,men,Boy'S Junior Jam,3,Cody Rosenthal,USA,,Source's own event name: Boy'S Junior Jam,https://web.archive.org/web/20021202102958/http://usopen-snowboarding.com/history.asp?yearNum=2000,verified,wave3-archive,repaired-verified
us-open-snowboarding--2000,other,juniors,Girl'S Junior Jam,,junior,women,Girl'S Junior Jam,3,Lauren Whalley,USA,,Source's own event name: Girl'S Junior Jam,https://web.archive.org/web/20021202102958/http://usopen-snowboarding.com/history.asp?yearNum=2000,verified,wave3-archive,repaired-verified
us-open-snowboarding--2000,parallel-giant-slalom,mens,Men'S Dual Gs,,open,men,Men'S Dual Gs,1,Jasey Jay Anderson,CAN,,,https://web.archive.org/web/20021202102958/http://usopen-snowboarding.com/history.asp?yearNum=2000,verified,wave3-archive,repaired-verified
us-open-snowboarding--2000,parallel-giant-slalom,mens,Men'S Dual Gs,,open,men,Men'S Dual Gs,2,Ueli Kestenholz,SUI,,,https://web.archive.org/web/20021202102958/http://usopen-snowboarding.com/history.asp?yearNum=2000,verified,wave3-archive,repaired-verified
us-open-snowboarding--2000,parallel-giant-slalom,mens,Men'S Dual Gs,,open,men,Men'S Dual Gs,3,Mark Fawcett,CAN,,,https://web.archive.org/web/20021202102958/http://usopen-snowboarding.com/history.asp?yearNum=2000,verified,wave3-archive,repaired-verified
us-open-snowboarding--2000,parallel-giant-slalom,womens,Women'S Dual Gs,,open,women,Women'S Dual Gs,1,Ursula Bruhin,CAN,,,https://web.archive.org/web/20021202102958/http://usopen-snowboarding.com/history.asp?yearNum=2000,verified,wave3-archive,repaired-verified
us-open-snowboarding--2000,parallel-giant-slalom,womens,Women'S Dual Gs,,open,women,Women'S Dual Gs,2,Brigitte Koeck,AUT,,,https://web.archive.org/web/20021202102958/http://usopen-snowboarding.com/history.asp?yearNum=2000,verified,wave3-archive,repaired-verified
us-open-snowboarding--2000,parallel-giant-slalom,womens,Women'S Dual Gs,,open,women,Women'S Dual Gs,3,Nadja Livers,CAN,,,https://web.archive.org/web/20021202102958/http://usopen-snowboarding.com/history.asp?yearNum=2000,verified,wave3-archive,repaired-verified
us-open-snowboarding--2001,boardercross,mens,Men'S Bx,,open,men,Men'S Bx,1,Scott Gaffney,CAN,,,https://web.archive.org/web/20021202103853/http://usopen-snowboarding.com/history.asp?yearNum=2001,verified,wave3-archive,repaired-verified
us-open-snowboarding--2001,boardercross,mens,Men'S Bx,,open,men,Men'S Bx,2,Robert Fagan,CAN,,,https://web.archive.org/web/20021202103853/http://usopen-snowboarding.com/history.asp?yearNum=2001,verified,wave3-archive,repaired-verified
us-open-snowboarding--2001,boardercross,mens,Men'S Bx,,open,men,Men'S Bx,3,Mathieu Morency,CAN,,,https://web.archive.org/web/20021202103853/http://usopen-snowboarding.com/history.asp?yearNum=2001,verified,wave3-archive,repaired-verified
us-open-snowboarding--2001,boardercross,womens,Women'S Bx,,open,women,Women'S Bx,1,Lind Jacobellis,USA,,,https://web.archive.org/web/20021202103853/http://usopen-snowboarding.com/history.asp?yearNum=2001,verified,wave3-archive,repaired-verified
us-open-snowboarding--2001,boardercross,womens,Women'S Bx,,open,women,Women'S Bx,2,StarOfPeace Quinn,CAN,,,https://web.archive.org/web/20021202103853/http://usopen-snowboarding.com/history.asp?yearNum=2001,verified,wave3-archive,repaired-verified
us-open-snowboarding--2001,boardercross,womens,Women'S Bx,,open,women,Women'S Bx,3,Amy Johnson,USA,,,https://web.archive.org/web/20021202103853/http://usopen-snowboarding.com/history.asp?yearNum=2001,verified,wave3-archive,repaired-verified
us-open-snowboarding--2001,halfpipe,mens,,,open,men,,1,Danny Kass,,,,https://www.burton.com/en-us/blogs/the-burton-blog/13-firsts-us-open-snowboarding-championships,likely,wave2-us-open,live-source
us-open-snowboarding--2001,halfpipe,mens,Men'S Halfpipe,,open,men,Men'S Halfpipe,1,Daniel Kass,USA,,,https://web.archive.org/web/20021202103853/http://usopen-snowboarding.com/history.asp?yearNum=2001,verified,wave3-archive,repaired-verified
us-open-snowboarding--2001,halfpipe,mens,Men'S Halfpipe,,open,men,Men'S Halfpipe,2,Abe Teter,USA,,,https://web.archive.org/web/20021202103853/http://usopen-snowboarding.com/history.asp?yearNum=2001,verified,wave3-archive,repaired-verified
us-open-snowboarding--2001,halfpipe,mens,Men'S Halfpipe,,open,men,Men'S Halfpipe,3,Daniel Franck,NOR,,,https://web.archive.org/web/20021202103853/http://usopen-snowboarding.com/history.asp?yearNum=2001,verified,wave3-archive,repaired-verified
us-open-snowboarding--2001,halfpipe,womens,Women'S Halfpipe,,open,women,Women'S Halfpipe,1,Natasza Zurek,CAN,,,https://web.archive.org/web/20021202103853/http://usopen-snowboarding.com/history.asp?yearNum=2001,verified,wave3-archive,repaired-verified
us-open-snowboarding--2001,halfpipe,womens,Women'S Halfpipe,,open,women,Women'S Halfpipe,2,Shannon Dunn,USA,,,https://web.archive.org/web/20021202103853/http://usopen-snowboarding.com/history.asp?yearNum=2001,verified,wave3-archive,repaired-verified
us-open-snowboarding--2001,halfpipe,womens,Women'S Halfpipe,,open,women,Women'S Halfpipe,3,Gretchen Bleiler,USA,,,https://web.archive.org/web/20021202103853/http://usopen-snowboarding.com/history.asp?yearNum=2001,verified,wave3-archive,repaired-verified
us-open-snowboarding--2001,other,juniors,Boy'S Junior Jam,,junior,men,Boy'S Junior Jam,1,Jake Blauvelt,USA,,Source's own event name: Boy'S Junior Jam,https://web.archive.org/web/20021202103853/http://usopen-snowboarding.com/history.asp?yearNum=2001,verified,wave3-archive,repaired-verified
us-open-snowboarding--2001,other,juniors,Girl'S Junior Jam,,junior,women,Girl'S Junior Jam,1,Lauren Whalley,USA,,Source's own event name: Girl'S Junior Jam,https://web.archive.org/web/20021202103853/http://usopen-snowboarding.com/history.asp?yearNum=2001,verified,wave3-archive,repaired-verified
us-open-snowboarding--2001,other,juniors,Boy'S Junior Jam,,junior,men,Boy'S Junior Jam,2,Adam Dyroff,USA,,Source's own event name: Boy'S Junior Jam,https://web.archive.org/web/20021202103853/http://usopen-snowboarding.com/history.asp?yearNum=2001,verified,wave3-archive,repaired-verified
us-open-snowboarding--2001,other,juniors,Girl'S Junior Jam,,junior,women,Girl'S Junior Jam,2,Hannah Teter,USA,,Source's own event name: Girl'S Junior Jam,https://web.archive.org/web/20021202103853/http://usopen-snowboarding.com/history.asp?yearNum=2001,verified,wave3-archive,repaired-verified
us-open-snowboarding--2001,other,juniors,Boy'S Junior Jam,,junior,men,Boy'S Junior Jam,3,Michael Schwarz,USA,,Source's own event name: Boy'S Junior Jam,https://web.archive.org/web/20021202103853/http://usopen-snowboarding.com/history.asp?yearNum=2001,verified,wave3-archive,repaired-verified
us-open-snowboarding--2001,other,juniors,Girl'S Junior Jam,,junior,women,Girl'S Junior Jam,3,Liza Mitrani,USA,,Source's own event name: Girl'S Junior Jam,https://web.archive.org/web/20021202103853/http://usopen-snowboarding.com/history.asp?yearNum=2001,verified,wave3-archive,repaired-verified
us-open-snowboarding--2001,quarterpipe,mens,Men'S Quarterpipe,,open,men,Men'S Quarterpipe,1,Terje Haakonsen,NOR,,,https://web.archive.org/web/20021202103853/http://usopen-snowboarding.com/history.asp?yearNum=2001,verified,wave3-archive,repaired-verified
us-open-snowboarding--2001,quarterpipe,mens,Men'S Quarterpipe,,open,men,Men'S Quarterpipe,2,Gian Simmen,SUI,,,https://web.archive.org/web/20021202103853/http://usopen-snowboarding.com/history.asp?yearNum=2001,verified,wave3-archive,repaired-verified
us-open-snowboarding--2001,quarterpipe,mens,Men'S Quarterpipe,,open,men,Men'S Quarterpipe,3,James Beach,CAN,,,https://web.archive.org/web/20021202103853/http://usopen-snowboarding.com/history.asp?yearNum=2001,verified,wave3-archive,repaired-verified
us-open-snowboarding--2001,quarterpipe,womens,Women'S Quarterpipe,,open,women,Women'S Quarterpipe,1,Annie Boulanger,CAN,,,https://web.archive.org/web/20021202103853/http://usopen-snowboarding.com/history.asp?yearNum=2001,verified,wave3-archive,repaired-verified
us-open-snowboarding--2001,quarterpipe,womens,Women'S Quarterpipe,,open,women,Women'S Quarterpipe,2,Doriane Vidal,FRA,,,https://web.archive.org/web/20021202103853/http://usopen-snowboarding.com/history.asp?yearNum=2001,verified,wave3-archive,repaired-verified
us-open-snowboarding--2001,quarterpipe,womens,Women'S Quarterpipe,,open,women,Women'S Quarterpipe,3,Pauline Richon,SUI,,,https://web.archive.org/web/20021202103853/http://usopen-snowboarding.com/history.asp?yearNum=2001,verified,wave3-archive,repaired-verified
us-open-snowboarding--2002,halfpipe,mens,,,open,men,,1,Danny Kass,,,,https://www.mountainzone.com/2002/usopen/html/hp_men.html,verified,wave2-us-open,live-source
us-open-snowboarding--2002,halfpipe,mens,,,open,men,,2,Markku Koski,,,,https://www.mountainzone.com/2002/usopen/html/hp_men.html,verified,wave2-us-open,live-source
us-open-snowboarding--2002,halfpipe,mens,,,open,men,,3,Keir Dillon,,,,https://www.mountainzone.com/2002/usopen/html/hp_men.html,verified,wave2-us-open,live-source
us-open-snowboarding--2002,halfpipe,womens,,,open,women,,1,Kelly Clark,,,,https://www.mountainzone.com/2002/usopen/html/hp_women.html,verified,wave2-us-open,live-source
us-open-snowboarding--2002,halfpipe,womens,,,open,women,,2,Tricia Byrnes,,,,https://www.mountainzone.com/2002/usopen/html/hp_women.html,verified,wave2-us-open,live-source
us-open-snowboarding--2002,halfpipe,womens,,,open,women,,3,Stine Brun Kjeldaas,,,,https://www.mountainzone.com/2002/usopen/html/hp_women.html,verified,wave2-us-open,live-source
us-open-snowboarding--2002,slopestyle,mens,,,open,men,,1,Rahm Klampert,,,,https://www.mountainzone.com/2002/usopen/html/ss_men.html,verified,wave2-us-open,live-source
us-open-snowboarding--2002,slopestyle,mens,,,open,men,,2,Travis Rice,,,,https://www.mountainzone.com/2002/usopen/html/ss_men.html,verified,wave2-us-open,live-source
us-open-snowboarding--2002,slopestyle,mens,,,open,men,,3,Ryan Paris,,,,https://www.mountainzone.com/2002/usopen/html/ss_men.html,verified,wave2-us-open,live-source
us-open-snowboarding--2002,slopestyle,womens,,,open,women,,1,Annie Boulanger,,,,https://www.mountainzone.com/2002/usopen/html/ss_women.html,verified,wave2-us-open,live-source
us-open-snowboarding--2002,slopestyle,womens,,,open,women,,2,Hannah Teeter,,,,https://www.mountainzone.com/2002/usopen/html/ss_women.html,verified,wave2-us-open,live-source
us-open-snowboarding--2002,slopestyle,womens,,,open,women,,3,Jaime MacLeod,,,,https://www.mountainzone.com/2002/usopen/html/ss_women.html,verified,wave2-us-open,live-source
us-open-snowboarding--2003,halfpipe,mens,,,open,men,,1,Ross Powers,,,,https://www.mountainzone.com/2003/usopen/html/,verified,wave2-us-open,live-source
us-open-snowboarding--2003,halfpipe,mens,,,open,men,,2,Kazuhiro Kokubo,,,,https://www.mountainzone.com/2003/usopen/html/,verified,wave2-us-open,live-source
us-open-snowboarding--2003,halfpipe,mens,,,open,men,,3,Daniel Franck,,,,https://www.mountainzone.com/2003/usopen/html/,verified,wave2-us-open,live-source
us-open-snowboarding--2003,halfpipe,womens,,,open,women,,1,Gretchen Bleiler,,,,https://www.mountainzone.com/2003/usopen/html/,verified,wave2-us-open,live-source
us-open-snowboarding--2003,halfpipe,womens,,,open,women,,2,Natasza Zurek,,,,https://www.mountainzone.com/2003/usopen/html/,verified,wave2-us-open,live-source
us-open-snowboarding--2003,halfpipe,womens,,,open,women,,3,Hannah Teter,,,,https://www.mountainzone.com/2003/usopen/html/,verified,wave2-us-open,live-source
us-open-snowboarding--2003,rail-jam,open,,,open,mixed,,1,Travis Rice,,,,https://www.mountainzone.com/2003/usopen/html/usopen_railjam.html | https://www.burton.com/en-us/blogs/the-burton-blog/13-firsts-us-open-snowboarding-championships,verified,wave2-us-open,live-source
us-open-snowboarding--2003,rail-jam,open,,,open,mixed,,2,Shaun White,,,,https://www.mountainzone.com/2003/usopen/html/usopen_railjam.html | https://www.burton.com/en-us/blogs/the-burton-blog/13-firsts-us-open-snowboarding-championships,verified,wave2-us-open,live-source
us-open-snowboarding--2003,rail-jam,open,,,open,mixed,,3,Zach Leach,,,,https://www.mountainzone.com/2003/usopen/html/usopen_railjam.html | https://www.burton.com/en-us/blogs/the-burton-blog/13-firsts-us-open-snowboarding-championships,verified,wave2-us-open,live-source
us-open-snowboarding--2004,halfpipe,mens,Men'S Halfpipe,,open,men,Men'S Halfpipe,1,Danny Kass,,,"[citation pending re-check: the value was verified against the archived page by QA, but the recorded snapshot URL has not been confirmed to resolve]",https://web.archive.org/web/20051215203215/http://usopen-snowboarding.com/usopen05/ResultsStatic.aspx,verified,wave3-archive,pending-recheck
us-open-snowboarding--2004,halfpipe,mens,Men'S Halfpipe,,open,men,Men'S Halfpipe,2,Steve Fisher,,,"[citation pending re-check: the value was verified against the archived page by QA, but the recorded snapshot URL has not been confirmed to resolve]",https://web.archive.org/web/20051215203215/http://usopen-snowboarding.com/usopen05/ResultsStatic.aspx,verified,wave3-archive,pending-recheck
us-open-snowboarding--2004,halfpipe,mens,Men'S Halfpipe,,open,men,Men'S Halfpipe,3,Keir Dillon,,,"[citation pending re-check: the value was verified against the archived page by QA, but the recorded snapshot URL has not been confirmed to resolve]",https://web.archive.org/web/20051215203215/http://usopen-snowboarding.com/usopen05/ResultsStatic.aspx,verified,wave3-archive,pending-recheck
us-open-snowboarding--2004,halfpipe,womens,Women'S Halfpipe,,open,women,Women'S Halfpipe,1,Kelly Clark,,,"[citation pending re-check: the value was verified against the archived page by QA, but the recorded snapshot URL has not been confirmed to resolve]",https://web.archive.org/web/20051215203215/http://usopen-snowboarding.com/usopen05/ResultsStatic.aspx,verified,wave3-archive,pending-recheck
us-open-snowboarding--2004,halfpipe,womens,Women'S Halfpipe,,open,women,Women'S Halfpipe,2,Tricia Byrnes,,,"[citation pending re-check: the value was verified against the archived page by QA, but the recorded snapshot URL has not been confirmed to resolve]",https://web.archive.org/web/20051215203215/http://usopen-snowboarding.com/usopen05/ResultsStatic.aspx,verified,wave3-archive,pending-recheck
us-open-snowboarding--2004,halfpipe,womens,Women'S Halfpipe,,open,women,Women'S Halfpipe,3,Stine Kjeldaas,,,"[citation pending re-check: the value was verified against the archived page by QA, but the recorded snapshot URL has not been confirmed to resolve]",https://web.archive.org/web/20051215203215/http://usopen-snowboarding.com/usopen05/ResultsStatic.aspx,verified,wave3-archive,pending-recheck
us-open-snowboarding--2004,other,juniors,Boy'S Junior Jam,,junior,men,Boy'S Junior Jam,1,Ross Baker,,,"Source's own event name: Boy'S Junior Jam [citation pending re-check: the value was verified against the archived page by QA, but the recorded snapshot URL has not been confirmed to resolve]",https://web.archive.org/web/20051215203215/http://usopen-snowboarding.com/usopen05/ResultsStatic.aspx,verified,wave3-archive,pending-recheck
us-open-snowboarding--2004,other,juniors,Girl'S Junior Jam,,junior,women,Girl'S Junior Jam,1,Ellery Hollingsworth,,,"Source's own event name: Girl'S Junior Jam [citation pending re-check: the value was verified against the archived page by QA, but the recorded snapshot URL has not been confirmed to resolve]",https://web.archive.org/web/20051215203215/http://usopen-snowboarding.com/usopen05/ResultsStatic.aspx,verified,wave3-archive,pending-recheck
us-open-snowboarding--2004,other,juniors,Boy'S Junior Jam,,junior,men,Boy'S Junior Jam,2,JJ Tomlinson,,,"Source's own event name: Boy'S Junior Jam [citation pending re-check: the value was verified against the archived page by QA, but the recorded snapshot URL has not been confirmed to resolve]",https://web.archive.org/web/20051215203215/http://usopen-snowboarding.com/usopen05/ResultsStatic.aspx,verified,wave3-archive,pending-recheck
us-open-snowboarding--2004,other,juniors,Girl'S Junior Jam,,junior,women,Girl'S Junior Jam,2,Elizabeth Beerman,,,"Source's own event name: Girl'S Junior Jam [citation pending re-check: the value was verified against the archived page by QA, but the recorded snapshot URL has not been confirmed to resolve]",https://web.archive.org/web/20051215203215/http://usopen-snowboarding.com/usopen05/ResultsStatic.aspx,verified,wave3-archive,pending-recheck
us-open-snowboarding--2004,other,juniors,Boy'S Junior Jam,,junior,men,Boy'S Junior Jam,3,Matthew Ladley,,,"Source's own event name: Boy'S Junior Jam [citation pending re-check: the value was verified against the archived page by QA, but the recorded snapshot URL has not been confirmed to resolve]",https://web.archive.org/web/20051215203215/http://usopen-snowboarding.com/usopen05/ResultsStatic.aspx,verified,wave3-archive,pending-recheck
us-open-snowboarding--2004,other,juniors,Girl'S Junior Jam,,junior,women,Girl'S Junior Jam,3,Brooke Shaw,,,"Source's own event name: Girl'S Junior Jam [citation pending re-check: the value was verified against the archived page by QA, but the recorded snapshot URL has not been confirmed to resolve]",https://web.archive.org/web/20051215203215/http://usopen-snowboarding.com/usopen05/ResultsStatic.aspx,verified,wave3-archive,pending-recheck
us-open-snowboarding--2004,rail-jam,mens,Men'S Rail Jam,,open,men,Men'S Rail Jam,1,Rahm Klampert,,,"[citation pending re-check: the value was verified against the archived page by QA, but the recorded snapshot URL has not been confirmed to resolve]",https://web.archive.org/web/20051215203215/http://usopen-snowboarding.com/usopen05/ResultsStatic.aspx,verified,wave3-archive,pending-recheck
us-open-snowboarding--2004,rail-jam,mens,Men'S Rail Jam,,open,men,Men'S Rail Jam,2,Travis Rice,,,"[citation pending re-check: the value was verified against the archived page by QA, but the recorded snapshot URL has not been confirmed to resolve]",https://web.archive.org/web/20051215203215/http://usopen-snowboarding.com/usopen05/ResultsStatic.aspx,verified,wave3-archive,pending-recheck
us-open-snowboarding--2004,rail-jam,mens,Men'S Rail Jam,,open,men,Men'S Rail Jam,3,Chris Rotax,,,"[citation pending re-check: the value was verified against the archived page by QA, but the recorded snapshot URL has not been confirmed to resolve]",https://web.archive.org/web/20051215203215/http://usopen-snowboarding.com/usopen05/ResultsStatic.aspx,verified,wave3-archive,pending-recheck
us-open-snowboarding--2004,rail-jam,womens,Women'S Rail Jam,,open,women,Women'S Rail Jam,1,Leanne Pelosi,,,"[citation pending re-check: the value was verified against the archived page by QA, but the recorded snapshot URL has not been confirmed to resolve]",https://web.archive.org/web/20051215203215/http://usopen-snowboarding.com/usopen05/ResultsStatic.aspx,verified,wave3-archive,pending-recheck
us-open-snowboarding--2004,rail-jam,womens,Women'S Rail Jam,,open,women,Women'S Rail Jam,2,Erin Comstock,,,"[citation pending re-check: the value was verified against the archived page by QA, but the recorded snapshot URL has not been confirmed to resolve]",https://web.archive.org/web/20051215203215/http://usopen-snowboarding.com/usopen05/ResultsStatic.aspx,verified,wave3-archive,pending-recheck
us-open-snowboarding--2004,rail-jam,womens,Women'S Rail Jam,,open,women,Women'S Rail Jam,3,Natasza Zurek,,,"[citation pending re-check: the value was verified against the archived page by QA, but the recorded snapshot URL has not been confirmed to resolve]",https://web.archive.org/web/20051215203215/http://usopen-snowboarding.com/usopen05/ResultsStatic.aspx,verified,wave3-archive,pending-recheck
us-open-snowboarding--2004,slopestyle,mens,Men'S Slopestyle,,open,men,Men'S Slopestyle,1,Jake Blauvelt,,,"[citation pending re-check: the value was verified against the archived page by QA, but the recorded snapshot URL has not been confirmed to resolve]",https://web.archive.org/web/20051215203215/http://usopen-snowboarding.com/usopen05/ResultsStatic.aspx,verified,wave3-archive,pending-recheck
us-open-snowboarding--2004,slopestyle,mens,Men'S Slopestyle,,open,men,Men'S Slopestyle,2,Travis Rice,,,"[citation pending re-check: the value was verified against the archived page by QA, but the recorded snapshot URL has not been confirmed to resolve]",https://web.archive.org/web/20051215203215/http://usopen-snowboarding.com/usopen05/ResultsStatic.aspx,verified,wave3-archive,pending-recheck
us-open-snowboarding--2004,slopestyle,mens,Men'S Slopestyle,,open,men,Men'S Slopestyle,3,Christophe Schmidt,,,"[citation pending re-check: the value was verified against the archived page by QA, but the recorded snapshot URL has not been confirmed to resolve]",https://web.archive.org/web/20051215203215/http://usopen-snowboarding.com/usopen05/ResultsStatic.aspx,verified,wave3-archive,pending-recheck
us-open-snowboarding--2004,slopestyle,womens,Women'S Slopestyle,,open,women,Women'S Slopestyle,1,Priscilla Levac,,,"[citation pending re-check: the value was verified against the archived page by QA, but the recorded snapshot URL has not been confirmed to resolve]",https://web.archive.org/web/20051215203215/http://usopen-snowboarding.com/usopen05/ResultsStatic.aspx,verified,wave3-archive,pending-recheck
us-open-snowboarding--2004,slopestyle,womens,Women'S Slopestyle,,open,women,Women'S Slopestyle,2,Kelly Clark,,,"[citation pending re-check: the value was verified against the archived page by QA, but the recorded snapshot URL has not been confirmed to resolve]",https://web.archive.org/web/20051215203215/http://usopen-snowboarding.com/usopen05/ResultsStatic.aspx,verified,wave3-archive,pending-recheck
us-open-snowboarding--2004,slopestyle,womens,Women'S Slopestyle,,open,women,Women'S Slopestyle,3,Hana Beaman,,,"[citation pending re-check: the value was verified against the archived page by QA, but the recorded snapshot URL has not been confirmed to resolve]",https://web.archive.org/web/20051215203215/http://usopen-snowboarding.com/usopen05/ResultsStatic.aspx,verified,wave3-archive,pending-recheck
us-open-snowboarding--2005,halfpipe,mens,Men'S Halfpipe,,open,men,Men'S Halfpipe,1,Danny Kass,,,"[citation pending re-check: the value was verified against the archived page by QA, but the recorded snapshot URL has not been confirmed to resolve]",https://web.archive.org/web/20060908094531/http://usopen-snowboarding.com/usopen06/ResultsStatic.aspx,verified,wave3-archive,pending-recheck
us-open-snowboarding--2005,halfpipe,mens,Men'S Halfpipe,,open,men,Men'S Halfpipe,2,Steve Fisher,,,"[citation pending re-check: the value was verified against the archived page by QA, but the recorded snapshot URL has not been confirmed to resolve]",https://web.archive.org/web/20060908094531/http://usopen-snowboarding.com/usopen06/ResultsStatic.aspx,verified,wave3-archive,pending-recheck
us-open-snowboarding--2005,halfpipe,mens,Men'S Halfpipe,,open,men,Men'S Halfpipe,3,Antti Autti,,,"[citation pending re-check: the value was verified against the archived page by QA, but the recorded snapshot URL has not been confirmed to resolve]",https://web.archive.org/web/20060908094531/http://usopen-snowboarding.com/usopen06/ResultsStatic.aspx,verified,wave3-archive,pending-recheck
us-open-snowboarding--2005,halfpipe,womens,Women'S Halfpipe,,open,women,Women'S Halfpipe,1,Gretchen Bleiler,,,"[citation pending re-check: the value was verified against the archived page by QA, but the recorded snapshot URL has not been confirmed to resolve]",https://web.archive.org/web/20060908094531/http://usopen-snowboarding.com/usopen06/ResultsStatic.aspx,verified,wave3-archive,pending-recheck
us-open-snowboarding--2005,halfpipe,womens,Women'S Halfpipe,,open,women,Women'S Halfpipe,2,Torah Bright,,,"[citation pending re-check: the value was verified against the archived page by QA, but the recorded snapshot URL has not been confirmed to resolve]",https://web.archive.org/web/20060908094531/http://usopen-snowboarding.com/usopen06/ResultsStatic.aspx,verified,wave3-archive,pending-recheck
us-open-snowboarding--2005,halfpipe,womens,Women'S Halfpipe,,open,women,Women'S Halfpipe,3,Hannah Teter,,,"[citation pending re-check: the value was verified against the archived page by QA, but the recorded snapshot URL has not been confirmed to resolve]",https://web.archive.org/web/20060908094531/http://usopen-snowboarding.com/usopen06/ResultsStatic.aspx,verified,wave3-archive,pending-recheck
us-open-snowboarding--2005,other,juniors,Girls' Junior Jam,,junior,women,Girls' Junior Jam,1,Ellery Hollingsworth,,,"Source's own event name: Girls' Junior Jam [citation pending re-check: the value was verified against the archived page by QA, but the recorded snapshot URL has not been confirmed to resolve]",https://web.archive.org/web/20060908094531/http://usopen-snowboarding.com/usopen06/ResultsStatic.aspx,verified,wave3-archive,pending-recheck
us-open-snowboarding--2005,other,juniors,Boys' Junior Jam,,junior,men,Boys' Junior Jam,1,Matthew Ladley,,,"Source's own event name: Boys' Junior Jam [citation pending re-check: the value was verified against the archived page by QA, but the recorded snapshot URL has not been confirmed to resolve]",https://web.archive.org/web/20060908094531/http://usopen-snowboarding.com/usopen06/ResultsStatic.aspx,verified,wave3-archive,pending-recheck
us-open-snowboarding--2005,other,juniors,Girls' Junior Jam,,junior,women,Girls' Junior Jam,2,Melina Shaw,,,"Source's own event name: Girls' Junior Jam [citation pending re-check: the value was verified against the archived page by QA, but the recorded snapshot URL has not been confirmed to resolve]",https://web.archive.org/web/20060908094531/http://usopen-snowboarding.com/usopen06/ResultsStatic.aspx,verified,wave3-archive,pending-recheck
us-open-snowboarding--2005,other,juniors,Boys' Junior Jam,,junior,men,Boys' Junior Jam,2,Spencer Shaw,,,"Source's own event name: Boys' Junior Jam [citation pending re-check: the value was verified against the archived page by QA, but the recorded snapshot URL has not been confirmed to resolve]",https://web.archive.org/web/20060908094531/http://usopen-snowboarding.com/usopen06/ResultsStatic.aspx,verified,wave3-archive,pending-recheck
us-open-snowboarding--2005,other,juniors,Girls' Junior Jam,,junior,women,Girls' Junior Jam,3,Brook Shaw,,,"Source's own event name: Girls' Junior Jam [citation pending re-check: the value was verified against the archived page by QA, but the recorded snapshot URL has not been confirmed to resolve]",https://web.archive.org/web/20060908094531/http://usopen-snowboarding.com/usopen06/ResultsStatic.aspx,verified,wave3-archive,pending-recheck
us-open-snowboarding--2005,other,juniors,Boys' Junior Jam,,junior,men,Boys' Junior Jam,3,Broc Waring,,,"Source's own event name: Boys' Junior Jam [citation pending re-check: the value was verified against the archived page by QA, but the recorded snapshot URL has not been confirmed to resolve]",https://web.archive.org/web/20060908094531/http://usopen-snowboarding.com/usopen06/ResultsStatic.aspx,verified,wave3-archive,pending-recheck
us-open-snowboarding--2005,rail-jam,mens,Men'S Rail Jam,,open,men,Men'S Rail Jam,1,Eddie Wall,,,"[citation pending re-check: the value was verified against the archived page by QA, but the recorded snapshot URL has not been confirmed to resolve]",https://web.archive.org/web/20060908094531/http://usopen-snowboarding.com/usopen06/ResultsStatic.aspx,verified,wave3-archive,pending-recheck
us-open-snowboarding--2005,rail-jam,mens,Men'S Rail Jam,,open,men,Men'S Rail Jam,2,Yale Cousino,,,"[citation pending re-check: the value was verified against the archived page by QA, but the recorded snapshot URL has not been confirmed to resolve]",https://web.archive.org/web/20060908094531/http://usopen-snowboarding.com/usopen06/ResultsStatic.aspx,verified,wave3-archive,pending-recheck
us-open-snowboarding--2005,rail-jam,mens,Men'S Rail Jam,,open,men,Men'S Rail Jam,3,Jed Anderson,,,"[citation pending re-check: the value was verified against the archived page by QA, but the recorded snapshot URL has not been confirmed to resolve]",https://web.archive.org/web/20060908094531/http://usopen-snowboarding.com/usopen06/ResultsStatic.aspx,verified,wave3-archive,pending-recheck
us-open-snowboarding--2005,rail-jam,womens,Women'S Rail Jam,,open,women,Women'S Rail Jam,1,Leanne Pelosi,,,"[citation pending re-check: the value was verified against the archived page by QA, but the recorded snapshot URL has not been confirmed to resolve]",https://web.archive.org/web/20060908094531/http://usopen-snowboarding.com/usopen06/ResultsStatic.aspx,verified,wave3-archive,pending-recheck
us-open-snowboarding--2005,rail-jam,womens,Women'S Rail Jam,,open,women,Women'S Rail Jam,2,Hana Beaman,,,"[citation pending re-check: the value was verified against the archived page by QA, but the recorded snapshot URL has not been confirmed to resolve]",https://web.archive.org/web/20060908094531/http://usopen-snowboarding.com/usopen06/ResultsStatic.aspx,verified,wave3-archive,pending-recheck
us-open-snowboarding--2005,rail-jam,womens,Women'S Rail Jam,,open,women,Women'S Rail Jam,3,Spencer O'Brien,,,"[citation pending re-check: the value was verified against the archived page by QA, but the recorded snapshot URL has not been confirmed to resolve]",https://web.archive.org/web/20060908094531/http://usopen-snowboarding.com/usopen06/ResultsStatic.aspx,verified,wave3-archive,pending-recheck
us-open-snowboarding--2005,slopestyle,mens,Men'S Slopestyle,,open,men,Men'S Slopestyle,1,Risto Mattila,,,"[citation pending re-check: the value was verified against the archived page by QA, but the recorded snapshot URL has not been confirmed to resolve]",https://web.archive.org/web/20060908094531/http://usopen-snowboarding.com/usopen06/ResultsStatic.aspx,verified,wave3-archive,pending-recheck
us-open-snowboarding--2005,slopestyle,mens,Men'S Slopestyle,,open,men,Men'S Slopestyle,2,Jussi Oksanen,,,"[citation pending re-check: the value was verified against the archived page by QA, but the recorded snapshot URL has not been confirmed to resolve]",https://web.archive.org/web/20060908094531/http://usopen-snowboarding.com/usopen06/ResultsStatic.aspx,verified,wave3-archive,pending-recheck
us-open-snowboarding--2005,slopestyle,mens,Men'S Slopestyle,,open,men,Men'S Slopestyle,3,Andreas Wiig,,,"[citation pending re-check: the value was verified against the archived page by QA, but the recorded snapshot URL has not been confirmed to resolve]",https://web.archive.org/web/20060908094531/http://usopen-snowboarding.com/usopen06/ResultsStatic.aspx,verified,wave3-archive,pending-recheck
us-open-snowboarding--2005,slopestyle,womens,Women'S Slopestyle,,open,women,Women'S Slopestyle,1,Janna Meyen,,,"[citation pending re-check: the value was verified against the archived page by QA, but the recorded snapshot URL has not been confirmed to resolve]",https://web.archive.org/web/20060908094531/http://usopen-snowboarding.com/usopen06/ResultsStatic.aspx,verified,wave3-archive,pending-recheck
us-open-snowboarding--2005,slopestyle,womens,Women'S Slopestyle,,open,women,Women'S Slopestyle,2,Leanne Pelosi,,,"[citation pending re-check: the value was verified against the archived page by QA, but the recorded snapshot URL has not been confirmed to resolve]",https://web.archive.org/web/20060908094531/http://usopen-snowboarding.com/usopen06/ResultsStatic.aspx,verified,wave3-archive,pending-recheck
us-open-snowboarding--2005,slopestyle,womens,Women'S Slopestyle,,open,women,Women'S Slopestyle,3,Natasza Zurek,,,"[citation pending re-check: the value was verified against the archived page by QA, but the recorded snapshot URL has not been confirmed to resolve]",https://web.archive.org/web/20060908094531/http://usopen-snowboarding.com/usopen06/ResultsStatic.aspx,verified,wave3-archive,pending-recheck
us-open-snowboarding--2006,halfpipe,mens,,,open,men,,1,Shaun White,,,,https://www.burton.com/en-us/blogs/the-burton-blog/13-firsts-us-open-snowboarding-championships,likely,wave2-us-open,live-source
us-open-snowboarding--2006,halfpipe,mens,Men'S Halfpipe,,open,men,Men'S Halfpipe,1,Shaun White,,,"Source lists finishers in rank order without printed place numbers; place inferred from listed order. [citation pending re-check: the value was verified against the archived page by QA, but the recorded snapshot URL has not been confirmed to resolve]",https://web.archive.org/web/20070607013844/http://usopen-snowboarding.com/ResultsStatic.aspx,verified,wave3-archive,pending-recheck
us-open-snowboarding--2006,halfpipe,mens,Men'S Halfpipe,,open,men,Men'S Halfpipe,2,Danny Davis,,,"Source lists finishers in rank order without printed place numbers; place inferred from listed order. [citation pending re-check: the value was verified against the archived page by QA, but the recorded snapshot URL has not been confirmed to resolve]",https://web.archive.org/web/20070607013844/http://usopen-snowboarding.com/ResultsStatic.aspx,verified,wave3-archive,pending-recheck
us-open-snowboarding--2006,halfpipe,mens,Men'S Halfpipe,,open,men,Men'S Halfpipe,3,Mason Aguirre,,,"Source lists finishers in rank order without printed place numbers; place inferred from listed order. [citation pending re-check: the value was verified against the archived page by QA, but the recorded snapshot URL has not been confirmed to resolve]",https://web.archive.org/web/20070607013844/http://usopen-snowboarding.com/ResultsStatic.aspx,verified,wave3-archive,pending-recheck
us-open-snowboarding--2006,halfpipe,womens,Women'S Halfpipe,,open,women,Women'S Halfpipe,1,Torah Bright,,,"Source lists finishers in rank order without printed place numbers; place inferred from listed order. [citation pending re-check: the value was verified against the archived page by QA, but the recorded snapshot URL has not been confirmed to resolve]",https://web.archive.org/web/20070607013844/http://usopen-snowboarding.com/ResultsStatic.aspx,verified,wave3-archive,pending-recheck
us-open-snowboarding--2006,halfpipe,womens,Women'S Halfpipe,,open,women,Women'S Halfpipe,2,Gretchen Bleiler,,,"Source lists finishers in rank order without printed place numbers; place inferred from listed order. [citation pending re-check: the value was verified against the archived page by QA, but the recorded snapshot URL has not been confirmed to resolve]",https://web.archive.org/web/20070607013844/http://usopen-snowboarding.com/ResultsStatic.aspx,verified,wave3-archive,pending-recheck
us-open-snowboarding--2006,halfpipe,womens,Women'S Halfpipe,,open,women,Women'S Halfpipe,3,Elena Hight,,,"Source lists finishers in rank order without printed place numbers; place inferred from listed order. [citation pending re-check: the value was verified against the archived page by QA, but the recorded snapshot URL has not been confirmed to resolve]",https://web.archive.org/web/20070607013844/http://usopen-snowboarding.com/ResultsStatic.aspx,verified,wave3-archive,pending-recheck
us-open-snowboarding--2006,other,juniors,Boys Junior Jam,,junior,men,Boys Junior Jam,1,Broc Waring,,,"Source's own event name: Boys Junior Jam; Source lists finishers in rank order without printed place numbers; place inferred from listed order. [citation pending re-check: the value was verified against the archived page by QA, but the recorded snapshot URL has not been confirmed to resolve]",https://web.archive.org/web/20070607013844/http://usopen-snowboarding.com/ResultsStatic.aspx,verified,wave3-archive,pending-recheck
us-open-snowboarding--2006,other,juniors,Girls Junior Jam,,junior,women,Girls Junior Jam,1,Palmer Taylor,,,"Source's own event name: Girls Junior Jam; Source lists finishers in rank order without printed place numbers; place inferred from listed order. [citation pending re-check: the value was verified against the archived page by QA, but the recorded snapshot URL has not been confirmed to resolve]",https://web.archive.org/web/20070607013844/http://usopen-snowboarding.com/ResultsStatic.aspx,verified,wave3-archive,pending-recheck
us-open-snowboarding--2006,other,juniors,Boys Junior Jam,,junior,men,Boys Junior Jam,2,Ben Watts,,,"Source's own event name: Boys Junior Jam; Source lists finishers in rank order without printed place numbers; place inferred from listed order. [citation pending re-check: the value was verified against the archived page by QA, but the recorded snapshot URL has not been confirmed to resolve]",https://web.archive.org/web/20070607013844/http://usopen-snowboarding.com/ResultsStatic.aspx,verified,wave3-archive,pending-recheck
us-open-snowboarding--2006,other,juniors,Girls Junior Jam,,junior,women,Girls Junior Jam,2,Jennifer Cohen,,,"Source's own event name: Girls Junior Jam; Source lists finishers in rank order without printed place numbers; place inferred from listed order. [citation pending re-check: the value was verified against the archived page by QA, but the recorded snapshot URL has not been confirmed to resolve]",https://web.archive.org/web/20070607013844/http://usopen-snowboarding.com/ResultsStatic.aspx,verified,wave3-archive,pending-recheck
us-open-snowboarding--2006,other,juniors,Boys Junior Jam,,junior,men,Boys Junior Jam,3,Brett Esser,,,"Source's own event name: Boys Junior Jam; Source lists finishers in rank order without printed place numbers; place inferred from listed order. [citation pending re-check: the value was verified against the archived page by QA, but the recorded snapshot URL has not been confirmed to resolve]",https://web.archive.org/web/20070607013844/http://usopen-snowboarding.com/ResultsStatic.aspx,verified,wave3-archive,pending-recheck
us-open-snowboarding--2006,other,juniors,Girls Junior Jam,,junior,women,Girls Junior Jam,3,Jessi Huege,,,"Source's own event name: Girls Junior Jam; Source lists finishers in rank order without printed place numbers; place inferred from listed order. [citation pending re-check: the value was verified against the archived page by QA, but the recorded snapshot URL has not been confirmed to resolve]",https://web.archive.org/web/20070607013844/http://usopen-snowboarding.com/ResultsStatic.aspx,verified,wave3-archive,pending-recheck
us-open-snowboarding--2006,quarterpipe,mens,Men'S Quarterpipe,,open,men,Men'S Quarterpipe,1,Danny Davis,,,"Source lists finishers in rank order without printed place numbers; place inferred from listed order. [citation pending re-check: the value was verified against the archived page by QA, but the recorded snapshot URL has not been confirmed to resolve]",https://web.archive.org/web/20070607013844/http://usopen-snowboarding.com/ResultsStatic.aspx,verified,wave3-archive,pending-recheck
us-open-snowboarding--2006,quarterpipe,mens,Men'S Quarterpipe,,open,men,Men'S Quarterpipe,2,Risto Matilla,,,"Source lists finishers in rank order without printed place numbers; place inferred from listed order. [citation pending re-check: the value was verified against the archived page by QA, but the recorded snapshot URL has not been confirmed to resolve]",https://web.archive.org/web/20070607013844/http://usopen-snowboarding.com/ResultsStatic.aspx,verified,wave3-archive,pending-recheck
us-open-snowboarding--2006,quarterpipe,mens,Men'S Quarterpipe,,open,men,Men'S Quarterpipe,3,Kevin Pearce,,,"Source lists finishers in rank order without printed place numbers; place inferred from listed order. [citation pending re-check: the value was verified against the archived page by QA, but the recorded snapshot URL has not been confirmed to resolve]",https://web.archive.org/web/20070607013844/http://usopen-snowboarding.com/ResultsStatic.aspx,verified,wave3-archive,pending-recheck
us-open-snowboarding--2006,quarterpipe,womens,Women'S Quarterpipe,,open,women,Women'S Quarterpipe,1,Hana Beaman,,,"Source lists finishers in rank order without printed place numbers; place inferred from listed order. [citation pending re-check: the value was verified against the archived page by QA, but the recorded snapshot URL has not been confirmed to resolve]",https://web.archive.org/web/20070607013844/http://usopen-snowboarding.com/ResultsStatic.aspx,verified,wave3-archive,pending-recheck
us-open-snowboarding--2006,quarterpipe,womens,Women'S Quarterpipe,,open,women,Women'S Quarterpipe,2,Junko Asazuma,,,"Source lists finishers in rank order without printed place numbers; place inferred from listed order. [citation pending re-check: the value was verified against the archived page by QA, but the recorded snapshot URL has not been confirmed to resolve]",https://web.archive.org/web/20070607013844/http://usopen-snowboarding.com/ResultsStatic.aspx,verified,wave3-archive,pending-recheck
us-open-snowboarding--2006,quarterpipe,womens,Women'S Quarterpipe,,open,women,Women'S Quarterpipe,3,Molly Aguirre,,,"Source lists finishers in rank order without printed place numbers; place inferred from listed order. [citation pending re-check: the value was verified against the archived page by QA, but the recorded snapshot URL has not been confirmed to resolve]",https://web.archive.org/web/20070607013844/http://usopen-snowboarding.com/ResultsStatic.aspx,verified,wave3-archive,pending-recheck
us-open-snowboarding--2006,slopestyle,mens,,,open,men,,1,Shaun White,,,,https://www.burton.com/en-us/blogs/the-burton-blog/13-firsts-us-open-snowboarding-championships,likely,wave2-us-open,live-source
us-open-snowboarding--2006,slopestyle,mens,Men'S Slopestyle,,open,men,Men'S Slopestyle,1,Shaun White,,,"Source lists finishers in rank order without printed place numbers; place inferred from listed order. [citation pending re-check: the value was verified against the archived page by QA, but the recorded snapshot URL has not been confirmed to resolve]",https://web.archive.org/web/20070607013844/http://usopen-snowboarding.com/ResultsStatic.aspx,verified,wave3-archive,pending-recheck
us-open-snowboarding--2006,slopestyle,mens,Men'S Slopestyle,,open,men,Men'S Slopestyle,2,Chas Guidemond,,,"Source lists finishers in rank order without printed place numbers; place inferred from listed order. [citation pending re-check: the value was verified against the archived page by QA, but the recorded snapshot URL has not been confirmed to resolve]",https://web.archive.org/web/20070607013844/http://usopen-snowboarding.com/ResultsStatic.aspx,verified,wave3-archive,pending-recheck
us-open-snowboarding--2006,slopestyle,mens,Men'S Slopestyle,,open,men,Men'S Slopestyle,3,Jussi Oksanen,,,"Source lists finishers in rank order without printed place numbers; place inferred from listed order. [citation pending re-check: the value was verified against the archived page by QA, but the recorded snapshot URL has not been confirmed to resolve]",https://web.archive.org/web/20070607013844/http://usopen-snowboarding.com/ResultsStatic.aspx,verified,wave3-archive,pending-recheck
us-open-snowboarding--2006,slopestyle,womens,Women'S Slopestyle,,open,women,Women'S Slopestyle,1,Hana Beaman,,,"Source lists finishers in rank order without printed place numbers; place inferred from listed order. [citation pending re-check: the value was verified against the archived page by QA, but the recorded snapshot URL has not been confirmed to resolve]",https://web.archive.org/web/20070607013844/http://usopen-snowboarding.com/ResultsStatic.aspx,verified,wave3-archive,pending-recheck
us-open-snowboarding--2006,slopestyle,womens,Women'S Slopestyle,,open,women,Women'S Slopestyle,2,Spencer O'Brien,,,"Source lists finishers in rank order without printed place numbers; place inferred from listed order. [citation pending re-check: the value was verified against the archived page by QA, but the recorded snapshot URL has not been confirmed to resolve]",https://web.archive.org/web/20070607013844/http://usopen-snowboarding.com/ResultsStatic.aspx,verified,wave3-archive,pending-recheck
us-open-snowboarding--2006,slopestyle,womens,Women'S Slopestyle,,open,women,Women'S Slopestyle,3,Jaime Anderson,,,"Source lists finishers in rank order without printed place numbers; place inferred from listed order. [citation pending re-check: the value was verified against the archived page by QA, but the recorded snapshot URL has not been confirmed to resolve]",https://web.archive.org/web/20070607013844/http://usopen-snowboarding.com/ResultsStatic.aspx,verified,wave3-archive,pending-recheck
us-open-snowboarding--2007,halfpipe,mens,Men'S Halfpipe,,open,men,Men'S Halfpipe,1,Shaun White,,,"[citation pending re-check: the value was verified against the archived page by QA, but the recorded snapshot URL has not been confirmed to resolve]",https://web.archive.org/web/20080220154532/http://opensnowboarding.com/Results.aspx?openid=USO,verified,wave3-archive,pending-recheck
us-open-snowboarding--2007,halfpipe,mens,Men'S Halfpipe,,open,men,Men'S Halfpipe,2,Danny Davis,,,"[citation pending re-check: the value was verified against the archived page by QA, but the recorded snapshot URL has not been confirmed to resolve]",https://web.archive.org/web/20080220154532/http://opensnowboarding.com/Results.aspx?openid=USO,verified,wave3-archive,pending-recheck
us-open-snowboarding--2007,halfpipe,mens,Men'S Halfpipe,,open,men,Men'S Halfpipe,3,Markus Malin,FIN,,"[citation pending re-check: the value was verified against the archived page by QA, but the recorded snapshot URL has not been confirmed to resolve]",https://web.archive.org/web/20080220154532/http://opensnowboarding.com/Results.aspx?openid=USO,verified,wave3-archive,pending-recheck
us-open-snowboarding--2008,slopestyle,mens,,,open,men,,1,Shaun White,USA,,,https://www.worldsnowboardfederation.org/burton-us-open-report/,verified,wave2-us-open,live-source
us-open-snowboarding--2008,slopestyle,mens,,,open,men,,2,Tim Humphreys,USA,,,https://www.worldsnowboardfederation.org/burton-us-open-report/,verified,wave2-us-open,live-source
us-open-snowboarding--2008,slopestyle,mens,,,open,men,,3,Charles Reid,CAN,,,https://www.worldsnowboardfederation.org/burton-us-open-report/,verified,wave2-us-open,live-source
us-open-snowboarding--2008,slopestyle,womens,,,open,women,,1,Kjersti Buaas,NOR,,,https://www.worldsnowboardfederation.org/burton-us-open-report/,verified,wave2-us-open,live-source
us-open-snowboarding--2008,slopestyle,womens,,,open,women,,2,Jamie Anderson,USA,,,https://www.worldsnowboardfederation.org/burton-us-open-report/,verified,wave2-us-open,live-source
us-open-snowboarding--2008,slopestyle,womens,,,open,women,,3,Jenny Jones,GBR,,,https://www.worldsnowboardfederation.org/burton-us-open-report/,verified,wave2-us-open,live-source
us-open-snowboarding--2010,halfpipe,mens,,,open,men,,1,Kazuhiro Kokubo,JPN,,,https://www.snowboarder.com/news/2010-us-open-halfpipe-results-and-photos | https://www.worldsnowboardguide.com/news/kazu-kokubo---k-clark-win-2010-us-open-halfpipe.html,verified,wave2-us-open,live-source
us-open-snowboarding--2010,halfpipe,mens,,,open,men,,2,Louie Vito,USA,,,https://www.snowboarder.com/news/2010-us-open-halfpipe-results-and-photos | https://www.worldsnowboardguide.com/news/kazu-kokubo---k-clark-win-2010-us-open-halfpipe.html,verified,wave2-us-open,live-source
us-open-snowboarding--2010,halfpipe,mens,,,open,men,,3,Iouri Podladtchikov,SUI,,,https://www.snowboarder.com/news/2010-us-open-halfpipe-results-and-photos | https://www.worldsnowboardguide.com/news/kazu-kokubo---k-clark-win-2010-us-open-halfpipe.html,verified,wave2-us-open,live-source
us-open-snowboarding--2010,halfpipe,womens,,,open,women,,1,Kelly Clark,USA,,,https://www.snowboarder.com/news/2010-us-open-halfpipe-results-and-photos | https://www.worldsnowboardguide.com/news/kazu-kokubo---k-clark-win-2010-us-open-halfpipe.html,verified,wave2-us-open,live-source
us-open-snowboarding--2010,halfpipe,womens,,,open,women,,2,Kaitlyn Farrington,USA,,,https://www.snowboarder.com/news/2010-us-open-halfpipe-results-and-photos | https://www.worldsnowboardguide.com/news/kazu-kokubo---k-clark-win-2010-us-open-halfpipe.html,verified,wave2-us-open,live-source
us-open-snowboarding--2010,halfpipe,womens,,,open,women,,3,Ellery Hollingsworth,USA,,,https://www.snowboarder.com/news/2010-us-open-halfpipe-results-and-photos | https://www.worldsnowboardguide.com/news/kazu-kokubo---k-clark-win-2010-us-open-halfpipe.html,verified,wave2-us-open,live-source
us-open-snowboarding--2010,slopestyle,mens,,,open,men,,1,Mikkel Bang,NOR,98.00,,https://whitelines.com/archive/news/mikkel-bang-sina-candrian-win-open-slopestyle.html | https://www.snowboarder.com/news/2010-us-open-slopestyle-results-and-photos,verified,wave2-us-open,live-source
us-open-snowboarding--2010,slopestyle,mens,,,open,men,,2,Ulrik Badertscher,NOR,93.67,,https://whitelines.com/archive/news/mikkel-bang-sina-candrian-win-open-slopestyle.html | https://www.snowboarder.com/news/2010-us-open-slopestyle-results-and-photos,verified,wave2-us-open,live-source
us-open-snowboarding--2010,slopestyle,mens,,,open,men,,3,Sebastien Toutant,CAN,93.33,,https://whitelines.com/archive/news/mikkel-bang-sina-candrian-win-open-slopestyle.html | https://www.snowboarder.com/news/2010-us-open-slopestyle-results-and-photos,verified,wave2-us-open,live-source
us-open-snowboarding--2010,slopestyle,womens,,,open,women,,1,Sina Candrian,SUI,95.50,,https://whitelines.com/archive/news/mikkel-bang-sina-candrian-win-open-slopestyle.html | https://www.snowboarder.com/news/2010-us-open-slopestyle-results-and-photos,verified,wave2-us-open,live-source
us-open-snowboarding--2010,slopestyle,womens,,,open,women,,2,Shelly Gotlieb,NZL,89.33,,https://whitelines.com/archive/news/mikkel-bang-sina-candrian-win-open-slopestyle.html | https://www.snowboarder.com/news/2010-us-open-slopestyle-results-and-photos,verified,wave2-us-open,live-source
us-open-snowboarding--2010,slopestyle,womens,,,open,women,,3,Jamie Anderson,USA,88.00,,https://whitelines.com/archive/news/mikkel-bang-sina-candrian-win-open-slopestyle.html | https://www.snowboarder.com/news/2010-us-open-slopestyle-results-and-photos,verified,wave2-us-open,live-source
us-open-snowboarding--2011,halfpipe,mens,,,open,men,,1,Kazuhiro Kokubo,JPN,90.10,,https://snowboardmag.com/stories/kelly-clark-kazu-kokubo-win-29th-annual-burton-us-open-halfpipe | https://whitelines.com/archive/news/burton-open-2011-halfpipe-kazu-kokubo-kelly-clark-win.html | https://www.worldsnowboardfederation.org/kazuhiro-kokubo-and-kelly-clark-win-6star-burton-us-open-halfpipe-finals/,verified,wave2-us-open,live-source
us-open-snowboarding--2011,halfpipe,mens,,,open,men,,2,Iouri Podladtchikov,SUI,88.60,,https://snowboardmag.com/stories/kelly-clark-kazu-kokubo-win-29th-annual-burton-us-open-halfpipe | https://whitelines.com/archive/news/burton-open-2011-halfpipe-kazu-kokubo-kelly-clark-win.html | https://www.worldsnowboardfederation.org/kazuhiro-kokubo-and-kelly-clark-win-6star-burton-us-open-halfpipe-finals/,verified,wave2-us-open,live-source
us-open-snowboarding--2011,halfpipe,mens,,,open,men,,3,Kohei Kudo,JPN,87.90,,https://snowboardmag.com/stories/kelly-clark-kazu-kokubo-win-29th-annual-burton-us-open-halfpipe | https://whitelines.com/archive/news/burton-open-2011-halfpipe-kazu-kokubo-kelly-clark-win.html | https://www.worldsnowboardfederation.org/kazuhiro-kokubo-and-kelly-clark-win-6star-burton-us-open-halfpipe-finals/,verified,wave2-us-open,live-source
us-open-snowboarding--2011,halfpipe,womens,,,open,women,,1,Kelly Clark,USA,94.95,,https://snowboardmag.com/stories/kelly-clark-kazu-kokubo-win-29th-annual-burton-us-open-halfpipe | https://whitelines.com/archive/news/burton-open-2011-halfpipe-kazu-kokubo-kelly-clark-win.html | https://www.worldsnowboardfederation.org/kazuhiro-kokubo-and-kelly-clark-win-6star-burton-us-open-halfpipe-finals/,verified,wave2-us-open,live-source
us-open-snowboarding--2011,halfpipe,womens,,,open,women,,2,Hannah Teter,USA,88.10,,https://snowboardmag.com/stories/kelly-clark-kazu-kokubo-win-29th-annual-burton-us-open-halfpipe | https://whitelines.com/archive/news/burton-open-2011-halfpipe-kazu-kokubo-kelly-clark-win.html | https://www.worldsnowboardfederation.org/kazuhiro-kokubo-and-kelly-clark-win-6star-burton-us-open-halfpipe-finals/,verified,wave2-us-open,live-source
us-open-snowboarding--2011,halfpipe,womens,,,open,women,,3,Gretchen Bleiler,USA,86.30,,https://snowboardmag.com/stories/kelly-clark-kazu-kokubo-win-29th-annual-burton-us-open-halfpipe | https://whitelines.com/archive/news/burton-open-2011-halfpipe-kazu-kokubo-kelly-clark-win.html | https://www.worldsnowboardfederation.org/kazuhiro-kokubo-and-kelly-clark-win-6star-burton-us-open-halfpipe-finals/,verified,wave2-us-open,live-source
us-open-snowboarding--2011,slopestyle,mens,,,open,men,,1,Eric Willett,USA,,,https://www.worldsnowboardfederation.org/eric-willet-and-enni-rukajarvi-win-first-6star-burton-us-open-ss-titles-of-thier/,verified,wave2-us-open,live-source
us-open-snowboarding--2011,slopestyle,womens,,,open,women,,1,Enni Rukajarvi,FIN,,,https://www.worldsnowboardfederation.org/eric-willet-and-enni-rukajarvi-win-first-6star-burton-us-open-ss-titles-of-thier/,verified,wave2-us-open,live-source
us-open-snowboarding--2011,slopestyle,womens,,,open,women,,2,Jamie Anderson,USA,,,https://www.worldsnowboardfederation.org/eric-willet-and-enni-rukajarvi-win-first-6star-burton-us-open-ss-titles-of-thier/,verified,wave2-us-open,live-source
us-open-snowboarding--2012,halfpipe,mens,,,open,men,,1,Shaun White,USA,,,https://snowboardmag.com/stories/shaun-white-elena-hight-win-2012-burton-us-open-halfpipe,verified,wave2-us-open,live-source
us-open-snowboarding--2012,halfpipe,mens,,,open,men,,2,Louie Vito,USA,,,https://snowboardmag.com/stories/shaun-white-elena-hight-win-2012-burton-us-open-halfpipe,verified,wave2-us-open,live-source
us-open-snowboarding--2012,halfpipe,mens,,,open,men,,3,Benji Farrow,USA,,,https://snowboardmag.com/stories/shaun-white-elena-hight-win-2012-burton-us-open-halfpipe,verified,wave2-us-open,live-source
us-open-snowboarding--2012,halfpipe,womens,,,open,women,,1,Elena Hight,USA,,,https://snowboardmag.com/stories/shaun-white-elena-hight-win-2012-burton-us-open-halfpipe,verified,wave2-us-open,live-source
us-open-snowboarding--2012,halfpipe,womens,,,open,women,,2,Kelly Clark,USA,,,https://snowboardmag.com/stories/shaun-white-elena-hight-win-2012-burton-us-open-halfpipe,verified,wave2-us-open,live-source
us-open-snowboarding--2012,halfpipe,womens,,,open,women,,3,Ellery Hollingsworth,USA,,,https://snowboardmag.com/stories/shaun-white-elena-hight-win-2012-burton-us-open-halfpipe,verified,wave2-us-open,live-source
us-open-snowboarding--2012,slopestyle,mens,,,open,men,,1,Sebastien Toutant,,,,https://www.espn.com/action/snowboarding/story/_/id/7664328/coverage-2012-burton-us-open-slopestyle | http://www.boardforce.net/jamie-anderson-sebastien-toutant-sweep-all-slopestyle-titles-at-the-30th-burton-us-open/,likely,wave2-us-open,live-source
us-open-snowboarding--2012,slopestyle,womens,,,open,women,,1,Jamie Anderson,,,,https://www.espn.com/action/snowboarding/story/_/id/7664328/coverage-2012-burton-us-open-slopestyle | http://www.boardforce.net/jamie-anderson-sebastien-toutant-sweep-all-slopestyle-titles-at-the-30th-burton-us-open/,likely,wave2-us-open,live-source
us-open-snowboarding--2013,halfpipe,mens,,,open,men,,1,Shaun White,,,,https://www.snowboarder.com/featured/2013-us-open-pipe-finals/,verified,wave2-us-open,live-source
us-open-snowboarding--2013,halfpipe,mens,,,open,men,,2,Ayumu Hirano,,,,https://www.snowboarder.com/featured/2013-us-open-pipe-finals/,verified,wave2-us-open,live-source
us-open-snowboarding--2013,halfpipe,mens,,,open,men,,3,Louie Vito,,,,https://www.snowboarder.com/featured/2013-us-open-pipe-finals/,verified,wave2-us-open,live-source
us-open-snowboarding--2013,halfpipe,womens,,,open,women,,1,Kelly Clark,,,,https://www.snowboarder.com/featured/2013-us-open-pipe-finals/,verified,wave2-us-open,live-source
us-open-snowboarding--2013,halfpipe,womens,,,open,women,,2,Hannah Teter,,,,https://www.snowboarder.com/featured/2013-us-open-pipe-finals/,verified,wave2-us-open,live-source
us-open-snowboarding--2013,halfpipe,womens,,,open,women,,3,Arielle Gold,,,,https://www.snowboarder.com/featured/2013-us-open-pipe-finals/,verified,wave2-us-open,live-source
us-open-snowboarding--2014,halfpipe,mens,,,open,men,,1,Taylor Gold,USA,87.63,,https://snowboardmag.com/stories/2014-burton-us-open-halfpipe-results-taylor-gold-takes-first-taku-hiraoka-swoops-second,verified,wave2-us-open,live-source
us-open-snowboarding--2014,halfpipe,mens,,,open,men,,2,Taku Hiraoka,JPN,86.88,,https://snowboardmag.com/stories/2014-burton-us-open-halfpipe-results-taylor-gold-takes-first-taku-hiraoka-swoops-second,verified,wave2-us-open,live-source
us-open-snowboarding--2014,halfpipe,mens,,,open,men,,3,David Habluetzel,SUI,83.23,,https://snowboardmag.com/stories/2014-burton-us-open-halfpipe-results-taylor-gold-takes-first-taku-hiraoka-swoops-second,verified,wave2-us-open,live-source
us-open-snowboarding--2014,halfpipe,womens,,,open,women,,1,Kelly Clark,USA,89.33,,https://snowboardmag.com/stories/kelly-clark-wins-the-2014-burton-us-open-womens-halfpipe-earns-her-7th-us-open-title,verified,wave2-us-open,live-source
us-open-snowboarding--2014,halfpipe,womens,,,open,women,,2,Queralt Castellet,ESP,85.73,,https://snowboardmag.com/stories/kelly-clark-wins-the-2014-burton-us-open-womens-halfpipe-earns-her-7th-us-open-title,verified,wave2-us-open,live-source
us-open-snowboarding--2014,halfpipe,womens,,,open,women,,3,Chloe Kim,USA,83.95,,https://snowboardmag.com/stories/kelly-clark-wins-the-2014-burton-us-open-womens-halfpipe-earns-her-7th-us-open-title,verified,wave2-us-open,live-source
us-open-snowboarding--2014,slopestyle,mens,,,open,men,,1,Mark McMorris,CAN,87.50,,https://shop-eat-surf-outdoor.com/news/2014-03-jamie-anderson-and-mark-mcmorris-win-2014-burton-us-open-slopestyle-titles/27980/,verified,wave2-us-open,live-source
us-open-snowboarding--2014,slopestyle,mens,,,open,men,,2,Stale Sandbech,NOR,87.20,,https://shop-eat-surf-outdoor.com/news/2014-03-jamie-anderson-and-mark-mcmorris-win-2014-burton-us-open-slopestyle-titles/27980/,verified,wave2-us-open,live-source
us-open-snowboarding--2014,slopestyle,mens,,,open,men,,3,Maxence Parrot,CAN,84.30,,https://shop-eat-surf-outdoor.com/news/2014-03-jamie-anderson-and-mark-mcmorris-win-2014-burton-us-open-slopestyle-titles/27980/,verified,wave2-us-open,live-source
us-open-snowboarding--2014,slopestyle,womens,,,open,women,,1,Jamie Anderson,USA,87.55,,https://shop-eat-surf-outdoor.com/news/2014-03-jamie-anderson-and-mark-mcmorris-win-2014-burton-us-open-slopestyle-titles/27980/,verified,wave2-us-open,live-source
us-open-snowboarding--2014,slopestyle,womens,,,open,women,,2,Spencer O'Brien,CAN,80.00,,https://shop-eat-surf-outdoor.com/news/2014-03-jamie-anderson-and-mark-mcmorris-win-2014-burton-us-open-slopestyle-titles/27980/,verified,wave2-us-open,live-source
us-open-snowboarding--2014,slopestyle,womens,,,open,women,,3,Isabel Derungs,SUI,71.90,,https://shop-eat-surf-outdoor.com/news/2014-03-jamie-anderson-and-mark-mcmorris-win-2014-burton-us-open-slopestyle-titles/27980/,verified,wave2-us-open,live-source
us-open-snowboarding--2015,halfpipe,mens,,,open,men,,1,Taku Hiraoka,JPN,90.99,,https://www.snowboarder.com/news/kelly-clark-and-taku-hiraoka-take-first-place-in-halfpipe-finals-33rd-annual-burton-us-open,verified,wave2-us-open,live-source
us-open-snowboarding--2015,halfpipe,mens,,,open,men,,2,Arthur Longo,FRA,,,https://www.snowboarder.com/news/kelly-clark-and-taku-hiraoka-take-first-place-in-halfpipe-finals-33rd-annual-burton-us-open,verified,wave2-us-open,live-source
us-open-snowboarding--2015,halfpipe,mens,,,open,men,,3,Ayumu Hirano,JPN,84.75,,https://www.snowboarder.com/news/kelly-clark-and-taku-hiraoka-take-first-place-in-halfpipe-finals-33rd-annual-burton-us-open,verified,wave2-us-open,live-source
us-open-snowboarding--2015,halfpipe,womens,,,open,women,,1,Kelly Clark,USA,91.00,,https://www.snowboarder.com/news/kelly-clark-and-taku-hiraoka-take-first-place-in-halfpipe-finals-33rd-annual-burton-us-open,verified,wave2-us-open,live-source
us-open-snowboarding--2015,halfpipe,womens,,,open,women,,2,Chloe Kim,USA,88.74,,https://www.snowboarder.com/news/kelly-clark-and-taku-hiraoka-take-first-place-in-halfpipe-finals-33rd-annual-burton-us-open,verified,wave2-us-open,live-source
us-open-snowboarding--2015,halfpipe,womens,,,open,women,,3,Arielle Gold,USA,83.87,,https://www.snowboarder.com/news/kelly-clark-and-taku-hiraoka-take-first-place-in-halfpipe-finals-33rd-annual-burton-us-open,verified,wave2-us-open,live-source
us-open-snowboarding--2015,slopestyle,mens,,,open,men,,1,Yuki Kadono,,,,https://www.snowboarder.com/news/yuki-kadono-wins-burton-us-open-slopestyle-back-back-1620s-jamie-anderson-takes-first-womens-side,verified,wave2-us-open,live-source
us-open-snowboarding--2015,slopestyle,mens,,,open,men,,2,Mark McMorris,,,,https://www.snowboarder.com/news/yuki-kadono-wins-burton-us-open-slopestyle-back-back-1620s-jamie-anderson-takes-first-womens-side,verified,wave2-us-open,live-source
us-open-snowboarding--2015,slopestyle,mens,,,open,men,,3,Tyler Nicholson,,,,https://www.snowboarder.com/news/yuki-kadono-wins-burton-us-open-slopestyle-back-back-1620s-jamie-anderson-takes-first-womens-side,verified,wave2-us-open,live-source
us-open-snowboarding--2015,slopestyle,womens,,,open,women,,1,Jamie Anderson,,,,https://www.snowboarder.com/news/yuki-kadono-wins-burton-us-open-slopestyle-back-back-1620s-jamie-anderson-takes-first-womens-side,verified,wave2-us-open,live-source
us-open-snowboarding--2015,slopestyle,womens,,,open,women,,2,Anna Gasser,,,,https://www.snowboarder.com/news/yuki-kadono-wins-burton-us-open-slopestyle-back-back-1620s-jamie-anderson-takes-first-womens-side,verified,wave2-us-open,live-source
us-open-snowboarding--2015,slopestyle,womens,,,open,women,,3,Spencer O'Brien,,,,https://www.snowboarder.com/news/yuki-kadono-wins-burton-us-open-slopestyle-back-back-1620s-jamie-anderson-takes-first-womens-side,verified,wave2-us-open,live-source
us-open-snowboarding--2016,halfpipe,mens,,,open,men,,1,Shaun White,USA,95.62,,https://www.snowboarder.com/news/2016-burton-us-open-snowboarding-championships-shaun-white-chloe-kim-take-first-place-mens-womens-halfpipe | https://www.adrex.com/en/articles/earth/ski-snowboard/the-34th-annual-us-open-snowboarding-championships-is-a-wrap/,verified,wave2-us-open,live-source
us-open-snowboarding--2016,halfpipe,mens,,,open,men,,2,Ben Ferguson,USA,88.62,,https://www.snowboarder.com/news/2016-burton-us-open-snowboarding-championships-shaun-white-chloe-kim-take-first-place-mens-womens-halfpipe | https://www.adrex.com/en/articles/earth/ski-snowboard/the-34th-annual-us-open-snowboarding-championships-is-a-wrap/,verified,wave2-us-open,live-source
us-open-snowboarding--2016,halfpipe,mens,,,open,men,,3,Taku Hiraoka,JPN,88.25,,https://www.snowboarder.com/news/2016-burton-us-open-snowboarding-championships-shaun-white-chloe-kim-take-first-place-mens-womens-halfpipe | https://www.adrex.com/en/articles/earth/ski-snowboard/the-34th-annual-us-open-snowboarding-championships-is-a-wrap/,verified,wave2-us-open,live-source
us-open-snowboarding--2016,halfpipe,womens,,,open,women,,1,Chloe Kim,USA,89.37,,https://www.snowboarder.com/news/2016-burton-us-open-snowboarding-championships-shaun-white-chloe-kim-take-first-place-mens-womens-halfpipe | https://www.adrex.com/en/articles/earth/ski-snowboard/the-34th-annual-us-open-snowboarding-championships-is-a-wrap/,verified,wave2-us-open,live-source
us-open-snowboarding--2016,halfpipe,womens,,,open,women,,2,Xuetong Cai,CHN,82.99,,https://www.snowboarder.com/news/2016-burton-us-open-snowboarding-championships-shaun-white-chloe-kim-take-first-place-mens-womens-halfpipe | https://www.adrex.com/en/articles/earth/ski-snowboard/the-34th-annual-us-open-snowboarding-championships-is-a-wrap/,verified,wave2-us-open,live-source
us-open-snowboarding--2016,halfpipe,womens,,,open,women,,3,Kelly Clark,USA,79.00,,https://www.snowboarder.com/news/2016-burton-us-open-snowboarding-championships-shaun-white-chloe-kim-take-first-place-mens-womens-halfpipe | https://www.adrex.com/en/articles/earth/ski-snowboard/the-34th-annual-us-open-snowboarding-championships-is-a-wrap/,verified,wave2-us-open,live-source
us-open-snowboarding--2016,slopestyle,mens,,,open,men,,1,Kyle Mack,USA,89.75,,https://snowboardmag.com/stories/burton-us-open-2016-kyle-mack-and-jamie-anderson-land-atop-slopestyle-podium | https://www.adrex.com/en/articles/earth/ski-snowboard/the-34th-annual-us-open-snowboarding-championships-is-a-wrap/,verified,wave2-us-open,live-source
us-open-snowboarding--2016,slopestyle,mens,,,open,men,,2,Eric Beauchemin,USA,83.50,,https://snowboardmag.com/stories/burton-us-open-2016-kyle-mack-and-jamie-anderson-land-atop-slopestyle-podium | https://www.adrex.com/en/articles/earth/ski-snowboard/the-34th-annual-us-open-snowboarding-championships-is-a-wrap/,verified,wave2-us-open,live-source
us-open-snowboarding--2016,slopestyle,mens,,,open,men,,3,Sebastien Toutant,CAN,80.95,,https://snowboardmag.com/stories/burton-us-open-2016-kyle-mack-and-jamie-anderson-land-atop-slopestyle-podium | https://www.adrex.com/en/articles/earth/ski-snowboard/the-34th-annual-us-open-snowboarding-championships-is-a-wrap/,verified,wave2-us-open,live-source
us-open-snowboarding--2016,slopestyle,womens,,,open,women,,1,Jamie Anderson,USA,86.85,,https://snowboardmag.com/stories/burton-us-open-2016-kyle-mack-and-jamie-anderson-land-atop-slopestyle-podium | https://www.adrex.com/en/articles/earth/ski-snowboard/the-34th-annual-us-open-snowboarding-championships-is-a-wrap/,verified,wave2-us-open,live-source
us-open-snowboarding--2016,slopestyle,womens,,,open,women,,2,Karly Shorr,USA,80.40,,https://snowboardmag.com/stories/burton-us-open-2016-kyle-mack-and-jamie-anderson-land-atop-slopestyle-podium | https://www.adrex.com/en/articles/earth/ski-snowboard/the-34th-annual-us-open-snowboarding-championships-is-a-wrap/,verified,wave2-us-open,live-source
us-open-snowboarding--2016,slopestyle,womens,,,open,women,,3,Cheryl Maas,NED,76.35,,https://snowboardmag.com/stories/burton-us-open-2016-kyle-mack-and-jamie-anderson-land-atop-slopestyle-podium | https://www.adrex.com/en/articles/earth/ski-snowboard/the-34th-annual-us-open-snowboarding-championships-is-a-wrap/,verified,wave2-us-open,live-source
us-open-snowboarding--2017,halfpipe,mens,,,open,men,,1,Shaun White,USA,92.74,,https://events.burton.com/burton-us-open/uso-latest/chloe-kim-and-shaun-white-win-2017-burton-us-open-halfpipe-titles/,verified,wave2-us-open,live-source
us-open-snowboarding--2017,halfpipe,mens,,,open,men,,2,Scotty James,AUS,82.87,,https://events.burton.com/burton-us-open/uso-latest/chloe-kim-and-shaun-white-win-2017-burton-us-open-halfpipe-titles/,verified,wave2-us-open,live-source
us-open-snowboarding--2017,halfpipe,mens,,,open,men,,3,Chase Josey,USA,79.87,,https://events.burton.com/burton-us-open/uso-latest/chloe-kim-and-shaun-white-win-2017-burton-us-open-halfpipe-titles/,verified,wave2-us-open,live-source
us-open-snowboarding--2017,halfpipe,womens,,,open,women,,1,Chloe Kim,USA,87.12,,https://events.burton.com/burton-us-open/uso-latest/chloe-kim-and-shaun-white-win-2017-burton-us-open-halfpipe-titles/,verified,wave2-us-open,live-source
us-open-snowboarding--2017,halfpipe,womens,,,open,women,,2,Elena Hight,USA,80.12,,https://events.burton.com/burton-us-open/uso-latest/chloe-kim-and-shaun-white-win-2017-burton-us-open-halfpipe-titles/,verified,wave2-us-open,live-source
us-open-snowboarding--2017,halfpipe,womens,,,open,women,,3,Maddie Mastro,USA,78.25,,https://events.burton.com/burton-us-open/uso-latest/chloe-kim-and-shaun-white-win-2017-burton-us-open-halfpipe-titles/,verified,wave2-us-open,live-source
us-open-snowboarding--2017,slopestyle,mens,,,open,men,,1,Mark McMorris,CAN,86.95,,https://events.burton.com/burton-us-open/uso-latest/slopestyle-finals-recap/,verified,wave2-us-open,live-source
us-open-snowboarding--2017,slopestyle,mens,,,open,men,,2,Michael Ciccarelli,CAN,82.65,,https://events.burton.com/burton-us-open/uso-latest/slopestyle-finals-recap/,verified,wave2-us-open,live-source
us-open-snowboarding--2017,slopestyle,mens,,,open,men,,3,Sven Thorgren,SWE,81.85,,https://events.burton.com/burton-us-open/uso-latest/slopestyle-finals-recap/,verified,wave2-us-open,live-source
us-open-snowboarding--2017,slopestyle,womens,,,open,women,,1,Anna Gasser,AUT,83.85,,https://events.burton.com/burton-us-open/uso-latest/slopestyle-finals-recap/,verified,wave2-us-open,live-source
us-open-snowboarding--2017,slopestyle,womens,,,open,women,,2,Jamie Anderson,USA,81.55,,https://events.burton.com/burton-us-open/uso-latest/slopestyle-finals-recap/,verified,wave2-us-open,live-source
us-open-snowboarding--2017,slopestyle,womens,,,open,women,,3,Spencer O'Brien,CAN,75.65,,https://events.burton.com/burton-us-open/uso-latest/slopestyle-finals-recap/,verified,wave2-us-open,live-source
us-open-snowboarding--2018,halfpipe,mens,,,open,men,,1,Ayumu Hirano,JPN,89.62,,https://events.burton.com/burton-us-open/uso-latest/chloe-kim-ayumu-hirano-win-2018-burton-usopen-halfpipe-titles/,verified,wave2-us-open,live-source
us-open-snowboarding--2018,halfpipe,mens,,,open,men,,2,Raibu Katayama,JPN,86.75,,https://events.burton.com/burton-us-open/uso-latest/chloe-kim-ayumu-hirano-win-2018-burton-usopen-halfpipe-titles/,verified,wave2-us-open,live-source
us-open-snowboarding--2018,halfpipe,mens,,,open,men,,3,Scotty James,AUS,83.62,,https://events.burton.com/burton-us-open/uso-latest/chloe-kim-ayumu-hirano-win-2018-burton-usopen-halfpipe-titles/,verified,wave2-us-open,live-source
us-open-snowboarding--2018,halfpipe,womens,,,open,women,,1,Chloe Kim,USA,85.87,,https://events.burton.com/burton-us-open/uso-latest/chloe-kim-ayumu-hirano-win-2018-burton-usopen-halfpipe-titles/,verified,wave2-us-open,live-source
us-open-snowboarding--2018,halfpipe,womens,,,open,women,,2,Maddie Mastro,USA,82.99,,https://events.burton.com/burton-us-open/uso-latest/chloe-kim-ayumu-hirano-win-2018-burton-usopen-halfpipe-titles/,verified,wave2-us-open,live-source
us-open-snowboarding--2018,halfpipe,womens,,,open,women,,3,Haruna Matsumoto,JPN,78.75,,https://events.burton.com/burton-us-open/uso-latest/chloe-kim-ayumu-hirano-win-2018-burton-usopen-halfpipe-titles/,verified,wave2-us-open,live-source
us-open-snowboarding--2018,slopestyle,mens,,,open,men,,1,Mark McMorris,CAN,88.10,,https://events.burton.com/burton-us-open/uso-latest/mark-mcmorris-and-jamie-anderson-win-2018-burton-usopen-slopestyle-titles/,verified,wave2-us-open,live-source
us-open-snowboarding--2018,slopestyle,mens,,,open,men,,2,Chris Corning,USA,87.95,,https://events.burton.com/burton-us-open/uso-latest/mark-mcmorris-and-jamie-anderson-win-2018-burton-usopen-slopestyle-titles/,verified,wave2-us-open,live-source
us-open-snowboarding--2018,slopestyle,mens,,,open,men,,3,Marcus Kleveland,NOR,87.20,,https://events.burton.com/burton-us-open/uso-latest/mark-mcmorris-and-jamie-anderson-win-2018-burton-usopen-slopestyle-titles/,verified,wave2-us-open,live-source
us-open-snowboarding--2018,slopestyle,womens,,,open,women,,1,Jamie Anderson,USA,83.75,,https://events.burton.com/burton-us-open/uso-latest/mark-mcmorris-and-jamie-anderson-win-2018-burton-usopen-slopestyle-titles/,verified,wave2-us-open,live-source
us-open-snowboarding--2018,slopestyle,womens,,,open,women,,2,Anna Gasser,AUT,80.95,,https://events.burton.com/burton-us-open/uso-latest/mark-mcmorris-and-jamie-anderson-win-2018-burton-usopen-slopestyle-titles/,verified,wave2-us-open,live-source
us-open-snowboarding--2018,slopestyle,womens,,,open,women,,3,Julia Marino,USA,75.85,,https://events.burton.com/burton-us-open/uso-latest/mark-mcmorris-and-jamie-anderson-win-2018-burton-usopen-slopestyle-titles/,verified,wave2-us-open,live-source
us-open-snowboarding--2019,halfpipe,mens,,,open,men,,1,Scotty James,AUS,92.00,,https://whitelines.com/snowboard-culture/snowboard-events/burton-us-open-2019.html | http://www.realvail.com/mastro-james-take-home-2019-burton-u%C2%B7s%C2%B7open-halfpipe-titles-in-vail/a6110/,verified,wave2-us-open,live-source
us-open-snowboarding--2019,halfpipe,mens,,,open,men,,2,Raibu Katayama,JPN,90.49,,https://whitelines.com/snowboard-culture/snowboard-events/burton-us-open-2019.html | http://www.realvail.com/mastro-james-take-home-2019-burton-u%C2%B7s%C2%B7open-halfpipe-titles-in-vail/a6110/,verified,wave2-us-open,live-source
us-open-snowboarding--2019,halfpipe,mens,,,open,men,,3,Yuto Totsuka,JPN,87.12,,https://whitelines.com/snowboard-culture/snowboard-events/burton-us-open-2019.html | http://www.realvail.com/mastro-james-take-home-2019-burton-u%C2%B7s%C2%B7open-halfpipe-titles-in-vail/a6110/,verified,wave2-us-open,live-source
us-open-snowboarding--2019,halfpipe,womens,,,open,women,,1,Maddie Mastro,USA,84.74,,https://whitelines.com/snowboard-culture/snowboard-events/burton-us-open-2019.html | http://www.realvail.com/mastro-james-take-home-2019-burton-u%C2%B7s%C2%B7open-halfpipe-titles-in-vail/a6110/,verified,wave2-us-open,live-source
us-open-snowboarding--2019,halfpipe,womens,,,open,women,,2,Chloe Kim,USA,84.62,,https://whitelines.com/snowboard-culture/snowboard-events/burton-us-open-2019.html | http://www.realvail.com/mastro-james-take-home-2019-burton-u%C2%B7s%C2%B7open-halfpipe-titles-in-vail/a6110/,verified,wave2-us-open,live-source
us-open-snowboarding--2019,halfpipe,womens,,,open,women,,3,Xuetong Cai,CHN,83.75,,https://whitelines.com/snowboard-culture/snowboard-events/burton-us-open-2019.html | http://www.realvail.com/mastro-james-take-home-2019-burton-u%C2%B7s%C2%B7open-halfpipe-titles-in-vail/a6110/,verified,wave2-us-open,live-source
us-open-snowboarding--2019,slopestyle,mens,,,open,men,,1,Redmond Gerard,USA,80.55,,https://whitelines.com/snowboard-culture/snowboard-events/burton-us-open-2019.html,verified,wave2-us-open,live-source
us-open-snowboarding--2019,slopestyle,mens,,,open,men,,2,Sven Thorgren,SWE,79.60,,https://whitelines.com/snowboard-culture/snowboard-events/burton-us-open-2019.html,verified,wave2-us-open,live-source
us-open-snowboarding--2019,slopestyle,mens,,,open,men,,3,Mark McMorris,CAN,79.20,,https://whitelines.com/snowboard-culture/snowboard-events/burton-us-open-2019.html,verified,wave2-us-open,live-source
us-open-snowboarding--2019,slopestyle,womens,,,open,women,,1,Zoi Sadowski-Synnott,NZL,82.55,,https://whitelines.com/snowboard-culture/snowboard-events/burton-us-open-2019.html,verified,wave2-us-open,live-source
us-open-snowboarding--2019,slopestyle,womens,,,open,women,,2,Julia Marino,USA,80.35,,https://whitelines.com/snowboard-culture/snowboard-events/burton-us-open-2019.html,verified,wave2-us-open,live-source
us-open-snowboarding--2019,slopestyle,womens,,,open,women,,3,Miyabi Onitsuka,JPN,78.85,,https://whitelines.com/snowboard-culture/snowboard-events/burton-us-open-2019.html,verified,wave2-us-open,live-source
us-open-snowboarding--2020,halfpipe,mens,,,open,men,,1,Yuto Totsuka,JPN,97.00,,https://events.burton.com/burton-us-open/uso-latest/xuetong-cai-yuto-totsuka-win-2020-burton-usopen-halfpipe-titles/ | https://whitelines.com/snowboard-culture/snowboard-events/burton-us-open-2020.html,verified,wave2-us-open,live-source
us-open-snowboarding--2020,halfpipe,mens,,,open,men,,2,Jan Scherrer,SUI,95.16,,https://events.burton.com/burton-us-open/uso-latest/xuetong-cai-yuto-totsuka-win-2020-burton-usopen-halfpipe-titles/ | https://whitelines.com/snowboard-culture/snowboard-events/burton-us-open-2020.html,verified,wave2-us-open,live-source
us-open-snowboarding--2020,halfpipe,mens,,,open,men,,3,Scotty James,AUS,93.00,,https://events.burton.com/burton-us-open/uso-latest/xuetong-cai-yuto-totsuka-win-2020-burton-usopen-halfpipe-titles/ | https://whitelines.com/snowboard-culture/snowboard-events/burton-us-open-2020.html,verified,wave2-us-open,live-source
us-open-snowboarding--2020,halfpipe,womens,,,open,women,,1,Xuetong Cai,CHN,88.16,,https://events.burton.com/burton-us-open/uso-latest/xuetong-cai-yuto-totsuka-win-2020-burton-usopen-halfpipe-titles/ | https://whitelines.com/snowboard-culture/snowboard-events/burton-us-open-2020.html,verified,wave2-us-open,live-source
us-open-snowboarding--2020,halfpipe,womens,,,open,women,,2,Haruna Matsumoto,JPN,85.50,,https://events.burton.com/burton-us-open/uso-latest/xuetong-cai-yuto-totsuka-win-2020-burton-usopen-halfpipe-titles/ | https://whitelines.com/snowboard-culture/snowboard-events/burton-us-open-2020.html,verified,wave2-us-open,live-source
us-open-snowboarding--2020,halfpipe,womens,,,open,women,,3,Ruki Tomita,JPN,85.00,,https://events.burton.com/burton-us-open/uso-latest/xuetong-cai-yuto-totsuka-win-2020-burton-usopen-halfpipe-titles/ | https://whitelines.com/snowboard-culture/snowboard-events/burton-us-open-2020.html,verified,wave2-us-open,live-source
us-open-snowboarding--2020,slopestyle,mens,,,open,men,,1,Yuki Kadono,JPN,89.30,,https://events.burton.com/burton-us-open/uso-latest/yuki-kadono-and-jamie-anderson-win-2020-burton-usopen-slopestyle/ | https://whitelines.com/snowboard-culture/snowboard-events/burton-us-open-2020.html,verified,wave2-us-open,live-source
us-open-snowboarding--2020,slopestyle,mens,,,open,men,,2,Dusty Henricksen,USA,84.70,,https://events.burton.com/burton-us-open/uso-latest/yuki-kadono-and-jamie-anderson-win-2020-burton-usopen-slopestyle/ | https://whitelines.com/snowboard-culture/snowboard-events/burton-us-open-2020.html,verified,wave2-us-open,live-source
us-open-snowboarding--2020,slopestyle,mens,,,open,men,,3,Redmond Gerard,USA,84.40,,https://events.burton.com/burton-us-open/uso-latest/yuki-kadono-and-jamie-anderson-win-2020-burton-usopen-slopestyle/ | https://whitelines.com/snowboard-culture/snowboard-events/burton-us-open-2020.html,verified,wave2-us-open,live-source
us-open-snowboarding--2020,slopestyle,womens,,,open,women,,1,Jamie Anderson,USA,84.50,,https://events.burton.com/burton-us-open/uso-latest/yuki-kadono-and-jamie-anderson-win-2020-burton-usopen-slopestyle/ | https://whitelines.com/snowboard-culture/snowboard-events/burton-us-open-2020.html,verified,wave2-us-open,live-source
us-open-snowboarding--2020,slopestyle,womens,,,open,women,,2,Anna Gasser,AUT,81.00,,https://events.burton.com/burton-us-open/uso-latest/yuki-kadono-and-jamie-anderson-win-2020-burton-usopen-slopestyle/ | https://whitelines.com/snowboard-culture/snowboard-events/burton-us-open-2020.html,verified,wave2-us-open,live-source
us-open-snowboarding--2020,slopestyle,womens,,,open,women,,3,Miyabi Onitsuka,JPN,76.65,,https://events.burton.com/burton-us-open/uso-latest/yuki-kadono-and-jamie-anderson-win-2020-burton-usopen-slopestyle/ | https://whitelines.com/snowboard-culture/snowboard-events/burton-us-open-2020.html,verified,wave2-us-open,live-source
winter-dew-tour--2011-c,slopestyle,mens,Snowboard Slopestyle (Men),,open,men,Dew Tour Breckenridge 2011 Snowboard Slopestyle (Men),1,Gjermund Braaten,,,"[citation pending re-check: the value was verified against the archived page by QA, but the recorded snapshot URL has not been confirmed to resolve]",https://web.archive.org/web/20151214145153/http://www.dewtour.com/actionsports/event-results/,verified,wave3-archive,pending-recheck
winter-dew-tour--2011-c,slopestyle,mens,Snowboard Slopestyle (Men),,open,men,Dew Tour Breckenridge 2011 Snowboard Slopestyle (Men),2,Sebastien Toutant,,,"[citation pending re-check: the value was verified against the archived page by QA, but the recorded snapshot URL has not been confirmed to resolve]",https://web.archive.org/web/20151214145153/http://www.dewtour.com/actionsports/event-results/,verified,wave3-archive,pending-recheck
winter-dew-tour--2011-c,slopestyle,mens,Snowboard Slopestyle (Men),,open,men,Dew Tour Breckenridge 2011 Snowboard Slopestyle (Men),3,Charles Reid,,,"[citation pending re-check: the value was verified against the archived page by QA, but the recorded snapshot URL has not been confirmed to resolve]",https://web.archive.org/web/20151214145153/http://www.dewtour.com/actionsports/event-results/,verified,wave3-archive,pending-recheck
winter-dew-tour--2011-c,slopestyle,womens,Snowboard Slopestyle (Women),,open,women,Dew Tour Breckenridge 2011 Snowboard Slopestyle (Women),1,Spencer O'Brien,,,"[citation pending re-check: the value was verified against the archived page by QA, but the recorded snapshot URL has not been confirmed to resolve]",https://web.archive.org/web/20151214145153/http://www.dewtour.com/actionsports/event-results/,verified,wave3-archive,pending-recheck
winter-dew-tour--2011-c,slopestyle,womens,Snowboard Slopestyle (Women),,open,women,Dew Tour Breckenridge 2011 Snowboard Slopestyle (Women),2,Enni Rukajarvi,,,"[citation pending re-check: the value was verified against the archived page by QA, but the recorded snapshot URL has not been confirmed to resolve]",https://web.archive.org/web/20151214145153/http://www.dewtour.com/actionsports/event-results/,verified,wave3-archive,pending-recheck
winter-dew-tour--2011-c,slopestyle,womens,Snowboard Slopestyle (Women),,open,women,Dew Tour Breckenridge 2011 Snowboard Slopestyle (Women),3,Sarka Pancochova,,,"[citation pending re-check: the value was verified against the archived page by QA, but the recorded snapshot URL has not been confirmed to resolve]",https://web.archive.org/web/20151214145153/http://www.dewtour.com/actionsports/event-results/,verified,wave3-archive,pending-recheck
winter-dew-tour--2011-c,superpipe,mens,Snowboard Superpipe (Men),,open,men,Dew Tour Breckenridge 2011 Snowboard Superpipe (Men),1,Shaun White,,,"[citation pending re-check: the value was verified against the archived page by QA, but the recorded snapshot URL has not been confirmed to resolve]",https://web.archive.org/web/20151214145153/http://www.dewtour.com/actionsports/event-results/,verified,wave3-archive,pending-recheck
winter-dew-tour--2011-c,superpipe,mens,Snowboard Superpipe (Men),,open,men,Dew Tour Breckenridge 2011 Snowboard Superpipe (Men),2,Louie Vito,,,"[citation pending re-check: the value was verified against the archived page by QA, but the recorded snapshot URL has not been confirmed to resolve]",https://web.archive.org/web/20151214145153/http://www.dewtour.com/actionsports/event-results/,verified,wave3-archive,pending-recheck
winter-dew-tour--2011-c,superpipe,mens,Snowboard Superpipe (Men),,open,men,Dew Tour Breckenridge 2011 Snowboard Superpipe (Men),3,Iouri Podladtchikov,,,"[citation pending re-check: the value was verified against the archived page by QA, but the recorded snapshot URL has not been confirmed to resolve]",https://web.archive.org/web/20151214145153/http://www.dewtour.com/actionsports/event-results/,verified,wave3-archive,pending-recheck
winter-dew-tour--2011-c,superpipe,womens,Snowboard Superpipe (Women),,open,women,Dew Tour Breckenridge 2011 Snowboard Superpipe (Women),1,Kelly Clark,,,"[citation pending re-check: the value was verified against the archived page by QA, but the recorded snapshot URL has not been confirmed to resolve]",https://web.archive.org/web/20151214145153/http://www.dewtour.com/actionsports/event-results/,verified,wave3-archive,pending-recheck
winter-dew-tour--2011-c,superpipe,womens,Snowboard Superpipe (Women),,open,women,Dew Tour Breckenridge 2011 Snowboard Superpipe (Women),2,Gretchen Bleiler,,,"[citation pending re-check: the value was verified against the archived page by QA, but the recorded snapshot URL has not been confirmed to resolve]",https://web.archive.org/web/20151214145153/http://www.dewtour.com/actionsports/event-results/,verified,wave3-archive,pending-recheck
winter-dew-tour--2011-c,superpipe,womens,Snowboard Superpipe (Women),,open,women,Dew Tour Breckenridge 2011 Snowboard Superpipe (Women),3,Xuetong Cai,,,"[citation pending re-check: the value was verified against the archived page by QA, but the recorded snapshot URL has not been confirmed to resolve]",https://web.archive.org/web/20151214145153/http://www.dewtour.com/actionsports/event-results/,verified,wave3-archive,pending-recheck
winter-dew-tour--2012-a,slopestyle,mens,Snowboard Slopestyle (Men),,open,men,Dew Tour Killington 2012 Snowboard Slopestyle (Men),1,Eric Willett,,91.00,"[citation pending re-check: the value was verified against the archived page by QA, but the recorded snapshot URL has not been confirmed to resolve]",https://web.archive.org/web/20151215003821/http://www.dewtour.com/actionsports/event-results/,verified,wave3-archive,pending-recheck
winter-dew-tour--2012-a,slopestyle,mens,Snowboard Slopestyle (Men),,open,men,Dew Tour Killington 2012 Snowboard Slopestyle (Men),2,Sebastien Toutant,,85.50,"[citation pending re-check: the value was verified against the archived page by QA, but the recorded snapshot URL has not been confirmed to resolve]",https://web.archive.org/web/20151215003821/http://www.dewtour.com/actionsports/event-results/,verified,wave3-archive,pending-recheck
winter-dew-tour--2012-a,slopestyle,mens,Snowboard Slopestyle (Men),,open,men,Dew Tour Killington 2012 Snowboard Slopestyle (Men),3,Justin Morgan,,80.25,"[citation pending re-check: the value was verified against the archived page by QA, but the recorded snapshot URL has not been confirmed to resolve]",https://web.archive.org/web/20151215003821/http://www.dewtour.com/actionsports/event-results/,verified,wave3-archive,pending-recheck
winter-dew-tour--2012-a,superpipe,mens,Snowboard Superpipe (Men),,open,men,Dew Tour Killington 2012 Snowboard Superpipe (Men),1,Iouri Podladtchikov,,96.75,"[citation pending re-check: the value was verified against the archived page by QA, but the recorded snapshot URL has not been confirmed to resolve]",https://web.archive.org/web/20151215003821/http://www.dewtour.com/actionsports/event-results/,verified,wave3-archive,pending-recheck
winter-dew-tour--2012-a,superpipe,mens,Snowboard Superpipe (Men),,open,men,Dew Tour Killington 2012 Snowboard Superpipe (Men),2,Louie Vito,,95.25,"[citation pending re-check: the value was verified against the archived page by QA, but the recorded snapshot URL has not been confirmed to resolve]",https://web.archive.org/web/20151215003821/http://www.dewtour.com/actionsports/event-results/,verified,wave3-archive,pending-recheck
winter-dew-tour--2012-a,superpipe,mens,Snowboard Superpipe (Men),,open,men,Dew Tour Killington 2012 Snowboard Superpipe (Men),3,Matt Ladley,,89.00,"[citation pending re-check: the value was verified against the archived page by QA, but the recorded snapshot URL has not been confirmed to resolve]",https://web.archive.org/web/20151215003821/http://www.dewtour.com/actionsports/event-results/,verified,wave3-archive,pending-recheck
winter-dew-tour--2012-b,slopestyle,mens,Snowboard Slopestyle (Men),,open,men,Dew Tour Snowbasin 2012 Snowboard Slopestyle (Men),1,Sebastien Toutant,,94.50,"[citation pending re-check: the value was verified against the archived page by QA, but the recorded snapshot URL has not been confirmed to resolve]",https://web.archive.org/web/20151214145223/http://www.dewtour.com/actionsports/event-results/,verified,wave3-archive,pending-recheck
winter-dew-tour--2012-b,slopestyle,mens,Snowboard Slopestyle (Men),,open,men,Dew Tour Snowbasin 2012 Snowboard Slopestyle (Men),2,Dash Kamp,,83.50,"[citation pending re-check: the value was verified against the archived page by QA, but the recorded snapshot URL has not been confirmed to resolve]",https://web.archive.org/web/20151214145223/http://www.dewtour.com/actionsports/event-results/,verified,wave3-archive,pending-recheck
winter-dew-tour--2012-b,slopestyle,mens,Snowboard Slopestyle (Men),,open,men,Dew Tour Snowbasin 2012 Snowboard Slopestyle (Men),3,Spencer Link,,77.75,"[citation pending re-check: the value was verified against the archived page by QA, but the recorded snapshot URL has not been confirmed to resolve]",https://web.archive.org/web/20151214145223/http://www.dewtour.com/actionsports/event-results/,verified,wave3-archive,pending-recheck
winter-dew-tour--2012-b,slopestyle,womens,Snowboard Slopestyle (Women),,open,women,Dew Tour Snowbasin 2012 Snowboard Slopestyle (Women),1,Spencer O'Brien,,94.50,"[citation pending re-check: the value was verified against the archived page by QA, but the recorded snapshot URL has not been confirmed to resolve]",https://web.archive.org/web/20151214145223/http://www.dewtour.com/actionsports/event-results/,verified,wave3-archive,pending-recheck
winter-dew-tour--2012-b,slopestyle,womens,Snowboard Slopestyle (Women),,open,women,Dew Tour Snowbasin 2012 Snowboard Slopestyle (Women),2,Enni Rukajarvi,,86.50,"[citation pending re-check: the value was verified against the archived page by QA, but the recorded snapshot URL has not been confirmed to resolve]",https://web.archive.org/web/20151214145223/http://www.dewtour.com/actionsports/event-results/,verified,wave3-archive,pending-recheck
winter-dew-tour--2012-b,slopestyle,womens,Snowboard Slopestyle (Women),,open,women,Dew Tour Snowbasin 2012 Snowboard Slopestyle (Women),3,Joanna Dzierzawski,,80.25,"[citation pending re-check: the value was verified against the archived page by QA, but the recorded snapshot URL has not been confirmed to resolve]",https://web.archive.org/web/20151214145223/http://www.dewtour.com/actionsports/event-results/,verified,wave3-archive,pending-recheck
winter-dew-tour--2012-b,superpipe,mens,Snowboard Superpipe (Men),,open,men,Dew Tour Snowbasin 2012 Snowboard Superpipe (Men),1,Louie Vito,,98.00,"[citation pending re-check: the value was verified against the archived page by QA, but the recorded snapshot URL has not been confirmed to resolve]",https://web.archive.org/web/20151214145223/http://www.dewtour.com/actionsports/event-results/,verified,wave3-archive,pending-recheck
winter-dew-tour--2012-b,superpipe,mens,Snowboard Superpipe (Men),,open,men,Dew Tour Snowbasin 2012 Snowboard Superpipe (Men),2,Iouri Podladtchikov,,97.00,"[citation pending re-check: the value was verified against the archived page by QA, but the recorded snapshot URL has not been confirmed to resolve]",https://web.archive.org/web/20151214145223/http://www.dewtour.com/actionsports/event-results/,verified,wave3-archive,pending-recheck
winter-dew-tour--2012-b,superpipe,mens,Snowboard Superpipe (Men),,open,men,Dew Tour Snowbasin 2012 Snowboard Superpipe (Men),3,Spencer Shaw,,90.00,"[citation pending re-check: the value was verified against the archived page by QA, but the recorded snapshot URL has not been confirmed to resolve]",https://web.archive.org/web/20151214145223/http://www.dewtour.com/actionsports/event-results/,verified,wave3-archive,pending-recheck
winter-dew-tour--2012-b,superpipe,womens,Snowboard Superpipe (Women),,open,women,Dew Tour Snowbasin 2012 Snowboard Superpipe (Women),1,Kelly Clark,,95.00,"[citation pending re-check: the value was verified against the archived page by QA, but the recorded snapshot URL has not been confirmed to resolve]",https://web.archive.org/web/20151214145223/http://www.dewtour.com/actionsports/event-results/,verified,wave3-archive,pending-recheck
winter-dew-tour--2012-b,superpipe,womens,Snowboard Superpipe (Women),,open,women,Dew Tour Snowbasin 2012 Snowboard Superpipe (Women),2,Gretchen Bleiler,,94.25,"[citation pending re-check: the value was verified against the archived page by QA, but the recorded snapshot URL has not been confirmed to resolve]",https://web.archive.org/web/20151214145223/http://www.dewtour.com/actionsports/event-results/,verified,wave3-archive,pending-recheck
winter-dew-tour--2012-b,superpipe,womens,Snowboard Superpipe (Women),,open,women,Dew Tour Snowbasin 2012 Snowboard Superpipe (Women),3,Xuetong Cai,,89.75,"[citation pending re-check: the value was verified against the archived page by QA, but the recorded snapshot URL has not been confirmed to resolve]",https://web.archive.org/web/20151214145223/http://www.dewtour.com/actionsports/event-results/,verified,wave3-archive,pending-recheck
winter-dew-tour--2012-c,big-air,open,Snowboard Big Air,,open,mixed,Dew Tour Breckenridge 2012 Snowboard Big Air,1,Mark McMorris,,96.75,"Source does not label the field by gender. [citation pending re-check: the value was verified against the archived page by QA, but the recorded snapshot URL has not been confirmed to resolve]",https://web.archive.org/web/20151025174318/http://www.dewtour.com/actionsports/event-results/,verified,wave3-archive,pending-recheck
winter-dew-tour--2012-c,big-air,open,Snowboard Big Air,,open,mixed,Dew Tour Breckenridge 2012 Snowboard Big Air,2,Sage Kotsenburg,,81.75,"Source does not label the field by gender. [citation pending re-check: the value was verified against the archived page by QA, but the recorded snapshot URL has not been confirmed to resolve]",https://web.archive.org/web/20151025174318/http://www.dewtour.com/actionsports/event-results/,verified,wave3-archive,pending-recheck
winter-dew-tour--2012-c,big-air,open,Snowboard Big Air,,open,mixed,Dew Tour Breckenridge 2012 Snowboard Big Air,3,Staale Sandbech,,69.25,"Source does not label the field by gender. [citation pending re-check: the value was verified against the archived page by QA, but the recorded snapshot URL has not been confirmed to resolve]",https://web.archive.org/web/20151025174318/http://www.dewtour.com/actionsports/event-results/,verified,wave3-archive,pending-recheck
winter-dew-tour--2012-c,slopestyle,mens,Snowboard Slopestyle (Men),,open,men,Dew Tour Breckenridge 2012 Snowboard Slopestyle (Men),1,Mark McMorris,,95.00,"[citation pending re-check: the value was verified against the archived page by QA, but the recorded snapshot URL has not been confirmed to resolve]",https://web.archive.org/web/20151025174318/http://www.dewtour.com/actionsports/event-results/,verified,wave3-archive,pending-recheck
winter-dew-tour--2012-c,slopestyle,mens,Snowboard Slopestyle (Men),,open,men,Dew Tour Breckenridge 2012 Snowboard Slopestyle (Men),2,Chas Guldemond,,90.75,"[citation pending re-check: the value was verified against the archived page by QA, but the recorded snapshot URL has not been confirmed to resolve]",https://web.archive.org/web/20151025174318/http://www.dewtour.com/actionsports/event-results/,verified,wave3-archive,pending-recheck
winter-dew-tour--2012-c,slopestyle,mens,Snowboard Slopestyle (Men),,open,men,Dew Tour Breckenridge 2012 Snowboard Slopestyle (Men),3,Staale Sandbech,,85.75,"[citation pending re-check: the value was verified against the archived page by QA, but the recorded snapshot URL has not been confirmed to resolve]",https://web.archive.org/web/20151025174318/http://www.dewtour.com/actionsports/event-results/,verified,wave3-archive,pending-recheck
winter-dew-tour--2012-c,slopestyle,womens,Snowboard Slopestyle (Women),,open,women,Dew Tour Breckenridge 2012 Snowboard Slopestyle (Women),1,Jamie Anderson,,96.00,"[citation pending re-check: the value was verified against the archived page by QA, but the recorded snapshot URL has not been confirmed to resolve]",https://web.archive.org/web/20151025174318/http://www.dewtour.com/actionsports/event-results/,verified,wave3-archive,pending-recheck
winter-dew-tour--2012-c,slopestyle,womens,Snowboard Slopestyle (Women),,open,women,Dew Tour Breckenridge 2012 Snowboard Slopestyle (Women),2,Spencer O'Brien,,90.00,"[citation pending re-check: the value was verified against the archived page by QA, but the recorded snapshot URL has not been confirmed to resolve]",https://web.archive.org/web/20151025174318/http://www.dewtour.com/actionsports/event-results/,verified,wave3-archive,pending-recheck
winter-dew-tour--2012-c,slopestyle,womens,Snowboard Slopestyle (Women),,open,women,Dew Tour Breckenridge 2012 Snowboard Slopestyle (Women),3,Enni Rukajarvi,,82.75,"[citation pending re-check: the value was verified against the archived page by QA, but the recorded snapshot URL has not been confirmed to resolve]",https://web.archive.org/web/20151025174318/http://www.dewtour.com/actionsports/event-results/,verified,wave3-archive,pending-recheck
winter-dew-tour--2012-c,superpipe,mens,Snowboard Superpipe (Men),,open,men,Dew Tour Breckenridge 2012 Snowboard Superpipe (Men),1,Shaun White,,95.25,"[citation pending re-check: the value was verified against the archived page by QA, but the recorded snapshot URL has not been confirmed to resolve]",https://web.archive.org/web/20151025174318/http://www.dewtour.com/actionsports/event-results/,verified,wave3-archive,pending-recheck
winter-dew-tour--2012-c,superpipe,mens,Snowboard Superpipe (Men),,open,men,Dew Tour Breckenridge 2012 Snowboard Superpipe (Men),2,Louie Vito,,90.00,"[citation pending re-check: the value was verified against the archived page by QA, but the recorded snapshot URL has not been confirmed to resolve]",https://web.archive.org/web/20151025174318/http://www.dewtour.com/actionsports/event-results/,verified,wave3-archive,pending-recheck
winter-dew-tour--2012-c,superpipe,mens,Snowboard Superpipe (Men),,open,men,Dew Tour Breckenridge 2012 Snowboard Superpipe (Men),3,Taku Hiraoka,,81.50,"[citation pending re-check: the value was verified against the archived page by QA, but the recorded snapshot URL has not been confirmed to resolve]",https://web.archive.org/web/20151025174318/http://www.dewtour.com/actionsports/event-results/,verified,wave3-archive,pending-recheck
winter-dew-tour--2012-c,superpipe,womens,Snowboard Superpipe (Women),,open,women,Dew Tour Breckenridge 2012 Snowboard Superpipe (Women),1,Kaitlyn Farrington,,90.00,"[citation pending re-check: the value was verified against the archived page by QA, but the recorded snapshot URL has not been confirmed to resolve]",https://web.archive.org/web/20151025174318/http://www.dewtour.com/actionsports/event-results/,verified,wave3-archive,pending-recheck
winter-dew-tour--2012-c,superpipe,womens,Snowboard Superpipe (Women),,open,women,Dew Tour Breckenridge 2012 Snowboard Superpipe (Women),2,Queralt Castellet,,80.00,"[citation pending re-check: the value was verified against the archived page by QA, but the recorded snapshot URL has not been confirmed to resolve]",https://web.archive.org/web/20151025174318/http://www.dewtour.com/actionsports/event-results/,verified,wave3-archive,pending-recheck
winter-dew-tour--2012-c,superpipe,womens,Snowboard Superpipe (Women),,open,women,Dew Tour Breckenridge 2012 Snowboard Superpipe (Women),3,Maddy Schaffrick,,71.75,"[citation pending re-check: the value was verified against the archived page by QA, but the recorded snapshot URL has not been confirmed to resolve]",https://web.archive.org/web/20151025174318/http://www.dewtour.com/actionsports/event-results/,verified,wave3-archive,pending-recheck
winter-dew-tour--2013,slopestyle,mens,Snowboard Slopestyle (Men),,open,men,Dew Tour Breckenridge 2013 Snowboard Slopestyle (Men),1,Mark McMorris,,97.80,"[citation pending re-check: the value was verified against the archived page by QA, but the recorded snapshot URL has not been confirmed to resolve]",https://web.archive.org/web/20151214145118/http://www.dewtour.com/actionsports/event-results/,verified,wave3-archive,pending-recheck
winter-dew-tour--2013,slopestyle,mens,Snowboard Slopestyle (Men),,open,men,Dew Tour Breckenridge 2013 Snowboard Slopestyle (Men),2,Sven Thorgren,,91.00,"[citation pending re-check: the value was verified against the archived page by QA, but the recorded snapshot URL has not been confirmed to resolve]",https://web.archive.org/web/20151214145118/http://www.dewtour.com/actionsports/event-results/,verified,wave3-archive,pending-recheck
winter-dew-tour--2013,slopestyle,mens,Snowboard Slopestyle (Men),,open,men,Dew Tour Breckenridge 2013 Snowboard Slopestyle (Men),3,Maxence Parrot,,89.00,"[citation pending re-check: the value was verified against the archived page by QA, but the recorded snapshot URL has not been confirmed to resolve]",https://web.archive.org/web/20151214145118/http://www.dewtour.com/actionsports/event-results/,verified,wave3-archive,pending-recheck
winter-dew-tour--2013,slopestyle,womens,Snowboard Slopestyle (Women),,open,women,Dew Tour Breckenridge 2013 Snowboard Slopestyle (Women),1,Jamie Anderson,,96.00,"[citation pending re-check: the value was verified against the archived page by QA, but the recorded snapshot URL has not been confirmed to resolve]",https://web.archive.org/web/20151214145118/http://www.dewtour.com/actionsports/event-results/,verified,wave3-archive,pending-recheck
winter-dew-tour--2013,slopestyle,womens,Snowboard Slopestyle (Women),,open,women,Dew Tour Breckenridge 2013 Snowboard Slopestyle (Women),2,Enni Rukajarvi,,89.40,"[citation pending re-check: the value was verified against the archived page by QA, but the recorded snapshot URL has not been confirmed to resolve]",https://web.archive.org/web/20151214145118/http://www.dewtour.com/actionsports/event-results/,verified,wave3-archive,pending-recheck
winter-dew-tour--2013,slopestyle,womens,Snowboard Slopestyle (Women),,open,women,Dew Tour Breckenridge 2013 Snowboard Slopestyle (Women),3,Silje Norendal,,86.20,"[citation pending re-check: the value was verified against the archived page by QA, but the recorded snapshot URL has not been confirmed to resolve]",https://web.archive.org/web/20151214145118/http://www.dewtour.com/actionsports/event-results/,verified,wave3-archive,pending-recheck
winter-dew-tour--2013,superpipe,mens,Snowboard Superpipe (Men),,open,men,Dew Tour Breckenridge 2013 Snowboard Superpipe (Men),1,Greg Bretz,,91.40,"[citation pending re-check: the value was verified against the archived page by QA, but the recorded snapshot URL has not been confirmed to resolve]",https://web.archive.org/web/20151214145118/http://www.dewtour.com/actionsports/event-results/,verified,wave3-archive,pending-recheck
winter-dew-tour--2013,superpipe,mens,Snowboard Superpipe (Men),,open,men,Dew Tour Breckenridge 2013 Snowboard Superpipe (Men),2,Shaun White,,90.40,"[citation pending re-check: the value was verified against the archived page by QA, but the recorded snapshot URL has not been confirmed to resolve]",https://web.archive.org/web/20151214145118/http://www.dewtour.com/actionsports/event-results/,verified,wave3-archive,pending-recheck
winter-dew-tour--2013,superpipe,mens,Snowboard Superpipe (Men),,open,men,Dew Tour Breckenridge 2013 Snowboard Superpipe (Men),3,Taylor Gold,,89.60,"[citation pending re-check: the value was verified against the archived page by QA, but the recorded snapshot URL has not been confirmed to resolve]",https://web.archive.org/web/20151214145118/http://www.dewtour.com/actionsports/event-results/,verified,wave3-archive,pending-recheck
winter-dew-tour--2013,superpipe,womens,Snowboard Superpipe (Women),,open,women,Dew Tour Breckenridge 2013 Snowboard Superpipe (Women),1,Torah Bright,,95.40,"[citation pending re-check: the value was verified against the archived page by QA, but the recorded snapshot URL has not been confirmed to resolve]",https://web.archive.org/web/20151214145118/http://www.dewtour.com/actionsports/event-results/,verified,wave3-archive,pending-recheck
winter-dew-tour--2013,superpipe,womens,Snowboard Superpipe (Women),,open,women,Dew Tour Breckenridge 2013 Snowboard Superpipe (Women),2,Kelly Clark,,90.60,"[citation pending re-check: the value was verified against the archived page by QA, but the recorded snapshot URL has not been confirmed to resolve]",https://web.archive.org/web/20151214145118/http://www.dewtour.com/actionsports/event-results/,verified,wave3-archive,pending-recheck
winter-dew-tour--2013,superpipe,womens,Snowboard Superpipe (Women),,open,women,Dew Tour Breckenridge 2013 Snowboard Superpipe (Women),3,Chloe Kim,,89.40,"[citation pending re-check: the value was verified against the archived page by QA, but the recorded snapshot URL has not been confirmed to resolve]",https://web.archive.org/web/20151214145118/http://www.dewtour.com/actionsports/event-results/,verified,wave3-archive,pending-recheck
winter-dew-tour--2014,slopestyle,mens,Snowboard Slopestyle (Men),,open,men,Dew Tour Breckenridge 2014 Snowboard Slopestyle (Men),1,Chas Guldemond,,92.00,"[citation pending re-check: the value was verified against the archived page by QA, but the recorded snapshot URL has not been confirmed to resolve]",https://web.archive.org/web/20151214145127/http://www.dewtour.com/actionsports/event-results/,verified,wave3-archive,pending-recheck
winter-dew-tour--2014,slopestyle,mens,Snowboard Slopestyle (Men),,open,men,Dew Tour Breckenridge 2014 Snowboard Slopestyle (Men),2,Sebastien Toutant,,87.75,"[citation pending re-check: the value was verified against the archived page by QA, but the recorded snapshot URL has not been confirmed to resolve]",https://web.archive.org/web/20151214145127/http://www.dewtour.com/actionsports/event-results/,verified,wave3-archive,pending-recheck
winter-dew-tour--2014,slopestyle,mens,Snowboard Slopestyle (Men),,open,men,Dew Tour Breckenridge 2014 Snowboard Slopestyle (Men),3,Tyler Nicholson,,80.00,"[citation pending re-check: the value was verified against the archived page by QA, but the recorded snapshot URL has not been confirmed to resolve]",https://web.archive.org/web/20151214145127/http://www.dewtour.com/actionsports/event-results/,verified,wave3-archive,pending-recheck
winter-dew-tour--2014,slopestyle,womens,Snowboard Slopestyle (Women),,open,women,Dew Tour Breckenridge 2014 Snowboard Slopestyle (Women),1,Jamie Anderson,,96.25,"[citation pending re-check: the value was verified against the archived page by QA, but the recorded snapshot URL has not been confirmed to resolve]",https://web.archive.org/web/20151214145127/http://www.dewtour.com/actionsports/event-results/,verified,wave3-archive,pending-recheck
winter-dew-tour--2014,slopestyle,womens,Snowboard Slopestyle (Women),,open,women,Dew Tour Breckenridge 2014 Snowboard Slopestyle (Women),2,Enni Rukajarvi,,93.25,"[citation pending re-check: the value was verified against the archived page by QA, but the recorded snapshot URL has not been confirmed to resolve]",https://web.archive.org/web/20151214145127/http://www.dewtour.com/actionsports/event-results/,verified,wave3-archive,pending-recheck
winter-dew-tour--2014,slopestyle,womens,Snowboard Slopestyle (Women),,open,women,Dew Tour Breckenridge 2014 Snowboard Slopestyle (Women),3,Christy Prior,,90.00,"[citation pending re-check: the value was verified against the archived page by QA, but the recorded snapshot URL has not been confirmed to resolve]",https://web.archive.org/web/20151214145127/http://www.dewtour.com/actionsports/event-results/,verified,wave3-archive,pending-recheck
winter-dew-tour--2014,superpipe,mens,Snowboard Superpipe (Men),,open,men,Dew Tour Breckenridge 2014 Snowboard Superpipe (Men),1,Taylor Gold,,90.50,"[citation pending re-check: the value was verified against the archived page by QA, but the recorded snapshot URL has not been confirmed to resolve]",https://web.archive.org/web/20151214145127/http://www.dewtour.com/actionsports/event-results/,verified,wave3-archive,pending-recheck
winter-dew-tour--2014,superpipe,mens,Snowboard Superpipe (Men),,open,men,Dew Tour Breckenridge 2014 Snowboard Superpipe (Men),2,Yiwei Zhang,,88.75,"[citation pending re-check: the value was verified against the archived page by QA, but the recorded snapshot URL has not been confirmed to resolve]",https://web.archive.org/web/20151214145127/http://www.dewtour.com/actionsports/event-results/,verified,wave3-archive,pending-recheck
winter-dew-tour--2014,superpipe,mens,Snowboard Superpipe (Men),,open,men,Dew Tour Breckenridge 2014 Snowboard Superpipe (Men),3,Scotty James,,88.25,"[citation pending re-check: the value was verified against the archived page by QA, but the recorded snapshot URL has not been confirmed to resolve]",https://web.archive.org/web/20151214145127/http://www.dewtour.com/actionsports/event-results/,verified,wave3-archive,pending-recheck
winter-dew-tour--2014,superpipe,womens,Snowboard Superpipe (Women),,open,women,Dew Tour Breckenridge 2014 Snowboard Superpipe (Women),1,Kelly Clark,,95.50,"[citation pending re-check: the value was verified against the archived page by QA, but the recorded snapshot URL has not been confirmed to resolve]",https://web.archive.org/web/20151214145127/http://www.dewtour.com/actionsports/event-results/,verified,wave3-archive,pending-recheck
winter-dew-tour--2014,superpipe,womens,Snowboard Superpipe (Women),,open,women,Dew Tour Breckenridge 2014 Snowboard Superpipe (Women),2,Chloe Kim,,95.00,"[citation pending re-check: the value was verified against the archived page by QA, but the recorded snapshot URL has not been confirmed to resolve]",https://web.archive.org/web/20151214145127/http://www.dewtour.com/actionsports/event-results/,verified,wave3-archive,pending-recheck
winter-dew-tour--2014,superpipe,womens,Snowboard Superpipe (Women),,open,women,Dew Tour Breckenridge 2014 Snowboard Superpipe (Women),3,Arielle Gold,,90.50,"[citation pending re-check: the value was verified against the archived page by QA, but the recorded snapshot URL has not been confirmed to resolve]",https://web.archive.org/web/20151214145127/http://www.dewtour.com/actionsports/event-results/,verified,wave3-archive,pending-recheck
winter-dew-tour--2015,slopestyle,mens,Snowboard Slopestyle (Men),,open,men,Dew Tour Breckenridge 2015 Snowboard Slopestyle (Men),1,Mark McMorris,,94.40,"[citation pending re-check: the value was verified against the archived page by QA, but the recorded snapshot URL has not been confirmed to resolve]",https://web.archive.org/web/20151219005930/http://www.dewtour.com/actionsports/event-results/,verified,wave3-archive,pending-recheck
winter-dew-tour--2015,slopestyle,mens,Snowboard Slopestyle (Men),,open,men,Dew Tour Breckenridge 2015 Snowboard Slopestyle (Men),2,Staale Sandbech,,90.00,"[citation pending re-check: the value was verified against the archived page by QA, but the recorded snapshot URL has not been confirmed to resolve]",https://web.archive.org/web/20151219005930/http://www.dewtour.com/actionsports/event-results/,verified,wave3-archive,pending-recheck
winter-dew-tour--2015,slopestyle,mens,Snowboard Slopestyle (Men),,open,men,Dew Tour Breckenridge 2015 Snowboard Slopestyle (Men),3,Darcy Sharpe,,87.00,"[citation pending re-check: the value was verified against the archived page by QA, but the recorded snapshot URL has not been confirmed to resolve]",https://web.archive.org/web/20151219005930/http://www.dewtour.com/actionsports/event-results/,verified,wave3-archive,pending-recheck
winter-dew-tour--2015,slopestyle,womens,Snowboard Slopestyle (Women),,open,women,Dew Tour Breckenridge 2015 Snowboard Slopestyle (Women),1,Anna Gasser,,91.20,"[citation pending re-check: the value was verified against the archived page by QA, but the recorded snapshot URL has not been confirmed to resolve]",https://web.archive.org/web/20151219005930/http://www.dewtour.com/actionsports/event-results/,verified,wave3-archive,pending-recheck
winter-dew-tour--2015,slopestyle,womens,Snowboard Slopestyle (Women),,open,women,Dew Tour Breckenridge 2015 Snowboard Slopestyle (Women),2,Spencer O'Brien,,86.60,"[citation pending re-check: the value was verified against the archived page by QA, but the recorded snapshot URL has not been confirmed to resolve]",https://web.archive.org/web/20151219005930/http://www.dewtour.com/actionsports/event-results/,verified,wave3-archive,pending-recheck
winter-dew-tour--2015,slopestyle,womens,Snowboard Slopestyle (Women),,open,women,Dew Tour Breckenridge 2015 Snowboard Slopestyle (Women),3,Hailey Langland,,85.60,"[citation pending re-check: the value was verified against the archived page by QA, but the recorded snapshot URL has not been confirmed to resolve]",https://web.archive.org/web/20151219005930/http://www.dewtour.com/actionsports/event-results/,verified,wave3-archive,pending-recheck
winter-dew-tour--2015,street-style,open,Snowboard Streetstyle,,open,mixed,Dew Tour Breckenridge 2015 Snowboard Streetstyle,1,Darcy Sharpe,,,"Source does not label the field by gender. [citation pending re-check: the value was verified against the archived page by QA, but the recorded snapshot URL has not been confirmed to resolve]",https://web.archive.org/web/20151219005930/http://www.dewtour.com/actionsports/event-results/,verified,wave3-archive,pending-recheck
winter-dew-tour--2015,street-style,open,Snowboard Streetstyle,,open,mixed,Dew Tour Breckenridge 2015 Snowboard Streetstyle,2,Dylan Alito,,,"Source does not label the field by gender. [citation pending re-check: the value was verified against the archived page by QA, but the recorded snapshot URL has not been confirmed to resolve]",https://web.archive.org/web/20151219005930/http://www.dewtour.com/actionsports/event-results/,verified,wave3-archive,pending-recheck
winter-dew-tour--2015,street-style,open,Snowboard Streetstyle,,open,mixed,Dew Tour Breckenridge 2015 Snowboard Streetstyle,3,Seth Hill,,,"Source does not label the field by gender. [citation pending re-check: the value was verified against the archived page by QA, but the recorded snapshot URL has not been confirmed to resolve]",https://web.archive.org/web/20151219005930/http://www.dewtour.com/actionsports/event-results/,verified,wave3-archive,pending-recheck
winter-dew-tour--2015,superpipe,mens,Snowboard Superpipe (Men),,open,men,Dew Tour Breckenridge 2015 Snowboard Superpipe (Men),1,Shaun White,,92.60,"[citation pending re-check: the value was verified against the archived page by QA, but the recorded snapshot URL has not been confirmed to resolve]",https://web.archive.org/web/20151219005930/http://www.dewtour.com/actionsports/event-results/,verified,wave3-archive,pending-recheck
winter-dew-tour--2015,superpipe,mens,Snowboard Superpipe (Men),,open,men,Dew Tour Breckenridge 2015 Snowboard Superpipe (Men),2,Ayumu Hirano,,89.40,"[citation pending re-check: the value was verified against the archived page by QA, but the recorded snapshot URL has not been confirmed to resolve]",https://web.archive.org/web/20151219005930/http://www.dewtour.com/actionsports/event-results/,verified,wave3-archive,pending-recheck
winter-dew-tour--2015,superpipe,mens,Snowboard Superpipe (Men),,open,men,Dew Tour Breckenridge 2015 Snowboard Superpipe (Men),3,Iouri Podladtchikov,,84.20,"[citation pending re-check: the value was verified against the archived page by QA, but the recorded snapshot URL has not been confirmed to resolve]",https://web.archive.org/web/20151219005930/http://www.dewtour.com/actionsports/event-results/,verified,wave3-archive,pending-recheck
winter-dew-tour--2015,superpipe,womens,Snowboard Superpipe (Women),,open,women,Dew Tour Breckenridge 2015 Snowboard Superpipe (Women),1,Jiayu Liu,,91.00,"[citation pending re-check: the value was verified against the archived page by QA, but the recorded snapshot URL has not been confirmed to resolve]",https://web.archive.org/web/20151219005930/http://www.dewtour.com/actionsports/event-results/,verified,wave3-archive,pending-recheck
winter-dew-tour--2015,superpipe,womens,Snowboard Superpipe (Women),,open,women,Dew Tour Breckenridge 2015 Snowboard Superpipe (Women),2,Chloe Kim,,89.60,"[citation pending re-check: the value was verified against the archived page by QA, but the recorded snapshot URL has not been confirmed to resolve]",https://web.archive.org/web/20151219005930/http://www.dewtour.com/actionsports/event-results/,verified,wave3-archive,pending-recheck
winter-dew-tour--2015,superpipe,womens,Snowboard Superpipe (Women),,open,women,Dew Tour Breckenridge 2015 Snowboard Superpipe (Women),3,Kelly Clark,,84.40,"[citation pending re-check: the value was verified against the archived page by QA, but the recorded snapshot URL has not been confirmed to resolve]",https://web.archive.org/web/20151219005930/http://www.dewtour.com/actionsports/event-results/,verified,wave3-archive,pending-recheck
winter-dew-tour--2018,superpipe,mens,,,open,men,,1,Scotty James,,93.33,Run as Dew Tour 'Modified Superpipe'.,https://www.mensjournal.com/travel/results-from-day-3-of-dew-tour-breckenridge-2018,likely,wave2-xgames,live-source
winter-dew-tour--2018,superpipe,mens,,,open,men,,2,Chase Josey,,88.33,Run as Dew Tour 'Modified Superpipe'.,https://www.mensjournal.com/travel/results-from-day-3-of-dew-tour-breckenridge-2018,likely,wave2-xgames,live-source
winter-dew-tour--2018,superpipe,mens,,,open,men,,3,Toby Miller,,84.33,Run as Dew Tour 'Modified Superpipe'.,https://www.mensjournal.com/travel/results-from-day-3-of-dew-tour-breckenridge-2018,likely,wave2-xgames,live-source
winter-dew-tour--2020,slopestyle,mens,,,open,men,,1,Red Gerard,USA,,,https://www.usskiandsnowboard.org/news/gerard-mastro-hall-podium-dew-tour,likely,wave2-xgames,live-source
winter-dew-tour--2020,slopestyle,mens,,,open,men,,2,Brock Crouch,USA,,,https://www.usskiandsnowboard.org/news/gerard-mastro-hall-podium-dew-tour,likely,wave2-xgames,live-source
winter-dew-tour--2020,slopestyle,mens,,,open,men,,3,Stale Sandbech,NOR,,,https://www.usskiandsnowboard.org/news/gerard-mastro-hall-podium-dew-tour,likely,wave2-xgames,live-source
winter-dew-tour--2020,superpipe,womens,,,open,women,,1,Jiayu Liu,CHN,,Run as Dew Tour 'Modified Superpipe'.,https://www.usskiandsnowboard.org/news/gerard-mastro-hall-podium-dew-tour,likely,wave2-xgames,live-source
winter-dew-tour--2020,superpipe,womens,,,open,women,,2,Maddie Mastro,USA,,Run as Dew Tour 'Modified Superpipe'.,https://www.usskiandsnowboard.org/news/gerard-mastro-hall-podium-dew-tour,likely,wave2-xgames,live-source
winter-dew-tour--2020,superpipe,womens,,,open,women,,3,Queralt Castellet,ESP,,Run as Dew Tour 'Modified Superpipe'.,https://www.usskiandsnowboard.org/news/gerard-mastro-hall-podium-dew-tour,likely,wave2-xgames,live-source
winter-dew-tour--2021,slopestyle,mens,,,open,men,,1,Red Gerard,,,,https://transfermag.com/events/wrapped-up-dew-tour-copper-mountain-whos-hot-on-top/,likely,wave2-xgames,live-source
winter-dew-tour--2021,slopestyle,mens,,,open,men,,2,Chris Corning,,,,https://transfermag.com/events/wrapped-up-dew-tour-copper-mountain-whos-hot-on-top/,likely,wave2-xgames,live-source
winter-dew-tour--2021,slopestyle,mens,,,open,men,,3,Mark McMorris,,,,https://transfermag.com/events/wrapped-up-dew-tour-copper-mountain-whos-hot-on-top/,likely,wave2-xgames,live-source
winter-dew-tour--2021,slopestyle,womens,,,open,women,,1,Zoi Sadowski-Synnott,,,,https://transfermag.com/events/wrapped-up-dew-tour-copper-mountain-whos-hot-on-top/,likely,wave2-xgames,live-source
winter-dew-tour--2021,slopestyle,womens,,,open,women,,2,Enni Rukajarvi,,,,https://transfermag.com/events/wrapped-up-dew-tour-copper-mountain-whos-hot-on-top/,likely,wave2-xgames,live-source
winter-dew-tour--2021,slopestyle,womens,,,open,women,,3,Kokomo Murase,,,,https://transfermag.com/events/wrapped-up-dew-tour-copper-mountain-whos-hot-on-top/,likely,wave2-xgames,live-source
winter-dew-tour--2021,street-style,mens,,,open,men,Snowboard Street Style,1,Luke Winkelmann,,,"X Games / Dew Tour 'Street Style' / 'Streetstyle' rail-and-urban-feature format, mapped to 'jib'. Source names the winner only.",https://transfermag.com/events/wrapped-up-dew-tour-copper-mountain-whos-hot-on-top/,likely,wave2-xgames,live-source
winter-dew-tour--2021,street-style,womens,,,open,women,Snowboard Street Style,1,Alexis Roland,,,"X Games / Dew Tour 'Street Style' / 'Streetstyle' rail-and-urban-feature format, mapped to 'jib'. Source names the winner only.",https://transfermag.com/events/wrapped-up-dew-tour-copper-mountain-whos-hot-on-top/,likely,wave2-xgames,live-source
winter-dew-tour--2021,superpipe,mens,,,open,men,,1,Yuto Totsuka,,,,https://transfermag.com/events/wrapped-up-dew-tour-copper-mountain-whos-hot-on-top/,likely,wave2-xgames,live-source
winter-dew-tour--2021,superpipe,mens,,,open,men,,2,Taylor Gold,,,,https://transfermag.com/events/wrapped-up-dew-tour-copper-mountain-whos-hot-on-top/,likely,wave2-xgames,live-source
winter-dew-tour--2021,superpipe,mens,,,open,men,,3,Ruka Hirano,,,,https://transfermag.com/events/wrapped-up-dew-tour-copper-mountain-whos-hot-on-top/,likely,wave2-xgames,live-source
winter-dew-tour--2021,superpipe,womens,,,open,women,,1,Chloe Kim,,,,https://transfermag.com/events/wrapped-up-dew-tour-copper-mountain-whos-hot-on-top/,likely,wave2-xgames,live-source
winter-dew-tour--2021,superpipe,womens,,,open,women,,2,Queralt Castellet,,,,https://transfermag.com/events/wrapped-up-dew-tour-copper-mountain-whos-hot-on-top/,likely,wave2-xgames,live-source
winter-dew-tour--2021,superpipe,womens,,,open,women,,3,Cai Xuetong,,,,https://transfermag.com/events/wrapped-up-dew-tour-copper-mountain-whos-hot-on-top/,likely,wave2-xgames,live-source
winter-dew-tour--2023,street-style,mens,,,open,men,Snowboard Street Style,1,Nate Haust,USA,91.33,"X Games / Dew Tour 'Street Style' / 'Streetstyle' rail-and-urban-feature format, mapped to 'jib'.",https://slushthemagazine.com/blogs/features/dew-tour-2023-results,likely,wave2-xgames,live-source
winter-dew-tour--2023,street-style,mens,,,open,men,Snowboard Street Style,2,Benny Milam,USA,90.00,"X Games / Dew Tour 'Street Style' / 'Streetstyle' rail-and-urban-feature format, mapped to 'jib'.",https://slushthemagazine.com/blogs/features/dew-tour-2023-results,likely,wave2-xgames,live-source
winter-dew-tour--2023,street-style,mens,,,open,men,Snowboard Street Style,3,Dylan Alito,USA,88.00,"X Games / Dew Tour 'Street Style' / 'Streetstyle' rail-and-urban-feature format, mapped to 'jib'.",https://slushthemagazine.com/blogs/features/dew-tour-2023-results,likely,wave2-xgames,live-source
winter-dew-tour--2023,street-style,womens,,,open,women,Snowboard Street Style,1,Alexis Hernandez-Roland,USA,82.33,"X Games / Dew Tour 'Street Style' / 'Streetstyle' rail-and-urban-feature format, mapped to 'jib'.",https://slushthemagazine.com/blogs/features/dew-tour-2023-results,likely,wave2-xgames,live-source
winter-dew-tour--2023,street-style,womens,,,open,women,Snowboard Street Style,2,Egan Wint,USA,75.66,"X Games / Dew Tour 'Street Style' / 'Streetstyle' rail-and-urban-feature format, mapped to 'jib'.",https://slushthemagazine.com/blogs/features/dew-tour-2023-results,likely,wave2-xgames,live-source
winter-dew-tour--2023,street-style,womens,,,open,women,Snowboard Street Style,3,Maria Thomsen,DEN,64.00,"X Games / Dew Tour 'Street Style' / 'Streetstyle' rail-and-urban-feature format, mapped to 'jib'.",https://slushthemagazine.com/blogs/features/dew-tour-2023-results,likely,wave2-xgames,live-source
winter-dew-tour--2023,superpipe,mens,,,open,men,,1,Ayumu Hirano,JPN,96.66,,https://slushthemagazine.com/blogs/features/dew-tour-2023-results,likely,wave2-xgames,live-source
winter-dew-tour--2023,superpipe,mens,,,open,men,,2,Taylor Gold,USA,91.33,,https://slushthemagazine.com/blogs/features/dew-tour-2023-results,likely,wave2-xgames,live-source
winter-dew-tour--2023,superpipe,mens,,,open,men,,3,Raibu Katayama,JPN,90.00,,https://slushthemagazine.com/blogs/features/dew-tour-2023-results,likely,wave2-xgames,live-source
winter-dew-tour--2023,superpipe,womens,,,open,women,,1,Gaon Choi,KOR,98.33,,https://slushthemagazine.com/blogs/features/dew-tour-2023-results,likely,wave2-xgames,live-source
winter-dew-tour--2023,superpipe,womens,,,open,women,,2,Patti Zhou,CHN,90.66,,https://slushthemagazine.com/blogs/features/dew-tour-2023-results,likely,wave2-xgames,live-source
winter-dew-tour--2023,superpipe,womens,,,open,women,,3,Bea Kim,USA,80.00,,https://slushthemagazine.com/blogs/features/dew-tour-2023-results,likely,wave2-xgames,live-source
winter-dew-tour--2024,street-style,mens,,,open,men,Snowboard Street Style,1,Liam Brearley,,,"X Games / Dew Tour 'Street Style' / 'Streetstyle' rail-and-urban-feature format, mapped to 'jib'. Run as 'Super Street Style'.",https://www.snowboarder.com/news/dew-tour-results-2024,likely,wave2-xgames,live-source
winter-dew-tour--2024,street-style,mens,,,open,men,Snowboard Street Style,2,Luke Winkelmann,,,"X Games / Dew Tour 'Street Style' / 'Streetstyle' rail-and-urban-feature format, mapped to 'jib'. Run as 'Super Street Style'.",https://www.snowboarder.com/news/dew-tour-results-2024,likely,wave2-xgames,live-source
winter-dew-tour--2024,street-style,mens,,,open,men,Snowboard Street Style,3,Darcy Sharpe,,,"X Games / Dew Tour 'Street Style' / 'Streetstyle' rail-and-urban-feature format, mapped to 'jib'. Run as 'Super Street Style'.",https://www.snowboarder.com/news/dew-tour-results-2024,likely,wave2-xgames,live-source
winter-dew-tour--2024,street-style,womens,,,open,women,Snowboard Street Style,1,Mia Brookes,,,"X Games / Dew Tour 'Street Style' / 'Streetstyle' rail-and-urban-feature format, mapped to 'jib'. Run as 'Super Street Style'.",https://www.snowboarder.com/news/dew-tour-results-2024,likely,wave2-xgames,live-source
winter-dew-tour--2024,street-style,womens,,,open,women,Snowboard Street Style,2,Alexis Hernandez Roland,,,"X Games / Dew Tour 'Street Style' / 'Streetstyle' rail-and-urban-feature format, mapped to 'jib'. Run as 'Super Street Style'.",https://www.snowboarder.com/news/dew-tour-results-2024,likely,wave2-xgames,live-source
winter-dew-tour--2024,street-style,womens,,,open,women,Snowboard Street Style,3,Veda Hallen,,,"X Games / Dew Tour 'Street Style' / 'Streetstyle' rail-and-urban-feature format, mapped to 'jib'. Run as 'Super Street Style'.",https://www.snowboarder.com/news/dew-tour-results-2024,likely,wave2-xgames,live-source
winter-dew-tour--2024,superpipe,mens,,,open,men,,1,Ayumu Hirano,,,,https://www.snowboarder.com/news/dew-tour-results-2024,likely,wave2-xgames,live-source
winter-dew-tour--2024,superpipe,mens,,,open,men,,2,Yuto Totsuka,,,,https://www.snowboarder.com/news/dew-tour-results-2024,likely,wave2-xgames,live-source
winter-dew-tour--2024,superpipe,mens,,,open,men,,3,Lucas Foster,,,,https://www.snowboarder.com/news/dew-tour-results-2024,likely,wave2-xgames,live-source
winter-dew-tour--2024,superpipe,womens,,,open,women,,1,Maddie Mastro,,,,https://www.snowboarder.com/news/dew-tour-results-2024,likely,wave2-xgames,live-source
winter-dew-tour--2024,superpipe,womens,,,open,women,,2,Mitsuki Ono,,,,https://www.snowboarder.com/news/dew-tour-results-2024,likely,wave2-xgames,live-source
winter-dew-tour--2024,superpipe,womens,,,open,women,,3,Jiayu Liu,,,,https://www.snowboarder.com/news/dew-tour-results-2024,likely,wave2-xgames,live-source
winter-x-games--1997,big-air,mens,,,open,men,,1,Jimmy Halopoff,,,,https://snowboardmag.com/stories/winter-x-games-14-years-results,likely,wave2-xgames,live-source
winter-x-games--1997,big-air,mens,,,open,men,,2,Steve Adkins,,,,https://snowboardmag.com/stories/winter-x-games-14-years-results,likely,wave2-xgames,live-source
winter-x-games--1997,big-air,mens,,,open,men,,3,Bjorn Leines,,,,https://snowboardmag.com/stories/winter-x-games-14-years-results,likely,wave2-xgames,live-source
winter-x-games--1997,big-air,womens,,,open,women,,1,Barrett Christy,,,,https://snowboardmag.com/stories/winter-x-games-14-years-results,likely,wave2-xgames,live-source
winter-x-games--1997,big-air,womens,,,open,women,,2,Tara Zwink,,,,https://snowboardmag.com/stories/winter-x-games-14-years-results,likely,wave2-xgames,live-source
winter-x-games--1997,big-air,womens,,,open,women,,3,Tina Basich,,,,https://snowboardmag.com/stories/winter-x-games-14-years-results,likely,wave2-xgames,live-source
winter-x-games--1997,halfpipe,mens,,,open,men,,1,Todd Richards,,,,https://snowboardmag.com/stories/winter-x-games-14-years-results,likely,wave2-xgames,live-source
winter-x-games--1997,halfpipe,mens,,,open,men,,2,Daniel Frank,,,,https://snowboardmag.com/stories/winter-x-games-14-years-results,likely,wave2-xgames,live-source
winter-x-games--1997,halfpipe,mens,,,open,men,,3,Fabien Rohrer,,,,https://snowboardmag.com/stories/winter-x-games-14-years-results,likely,wave2-xgames,live-source
winter-x-games--1997,halfpipe,womens,,,open,women,,1,Shannon Dunn-Downing,,,,https://snowboardmag.com/stories/winter-x-games-14-years-results,likely,wave2-xgames,live-source
winter-x-games--1997,halfpipe,womens,,,open,women,,2,Jennie Waara,,,,https://snowboardmag.com/stories/winter-x-games-14-years-results,likely,wave2-xgames,live-source
winter-x-games--1997,halfpipe,womens,,,open,women,,3,Nicole Angelrath,,,,https://snowboardmag.com/stories/winter-x-games-14-years-results,likely,wave2-xgames,live-source
winter-x-games--1997,slopestyle,mens,,,open,men,,1,Daniel Frank,,,,https://snowboardmag.com/stories/winter-x-games-14-years-results,likely,wave2-xgames,live-source
winter-x-games--1997,slopestyle,mens,,,open,men,,2,Jimmy Halopoff,,,,https://snowboardmag.com/stories/winter-x-games-14-years-results,likely,wave2-xgames,live-source
winter-x-games--1997,slopestyle,mens,,,open,men,,3,Bryan Iguchi,,,,https://snowboardmag.com/stories/winter-x-games-14-years-results,likely,wave2-xgames,live-source
winter-x-games--1997,slopestyle,womens,,,open,women,,1,Barrett Christy,,,,https://snowboardmag.com/stories/winter-x-games-14-years-results,likely,wave2-xgames,live-source
winter-x-games--1997,slopestyle,womens,,,open,women,,2,Cara-Beth Burnside,,,,https://snowboardmag.com/stories/winter-x-games-14-years-results,likely,wave2-xgames,live-source
winter-x-games--1997,slopestyle,womens,,,open,women,,3,Jennie Waara,,,,https://snowboardmag.com/stories/winter-x-games-14-years-results,likely,wave2-xgames,live-source
winter-x-games--1998,big-air,mens,,,open,men,,1,Jason Borgstede,,,,https://snowboardmag.com/stories/winter-x-games-14-years-results,likely,wave2-xgames,live-source
winter-x-games--1998,big-air,mens,,,open,men,,2,Ryan Williams,,,,https://snowboardmag.com/stories/winter-x-games-14-years-results,likely,wave2-xgames,live-source
winter-x-games--1998,big-air,mens,,,open,men,,3,Kevin Jones,,,,https://snowboardmag.com/stories/winter-x-games-14-years-results,likely,wave2-xgames,live-source
winter-x-games--1998,big-air,womens,,,open,women,,1,Tina Basich,,,,https://snowboardmag.com/stories/winter-x-games-14-years-results,likely,wave2-xgames,live-source
winter-x-games--1998,big-air,womens,,,open,women,,2,Barrett Christy,,,,https://snowboardmag.com/stories/winter-x-games-14-years-results,likely,wave2-xgames,live-source
winter-x-games--1998,big-air,womens,,,open,women,,3,Tara Zwink,,,,https://snowboardmag.com/stories/winter-x-games-14-years-results,likely,wave2-xgames,live-source
winter-x-games--1998,halfpipe,mens,,,open,men,,1,Ross Powers,,,,https://snowboardmag.com/stories/winter-x-games-14-years-results,likely,wave2-xgames,live-source
winter-x-games--1998,halfpipe,mens,,,open,men,,2,Guillaume Chastagnol,,,,https://snowboardmag.com/stories/winter-x-games-14-years-results,likely,wave2-xgames,live-source
winter-x-games--1998,halfpipe,mens,,,open,men,,3,Todd Richards,,,,https://snowboardmag.com/stories/winter-x-games-14-years-results,likely,wave2-xgames,live-source
winter-x-games--1998,halfpipe,womens,,,open,women,,1,Cara-Beth Burnside,,,,https://snowboardmag.com/stories/winter-x-games-14-years-results,likely,wave2-xgames,live-source
winter-x-games--1998,halfpipe,womens,,,open,women,,2,Michelle Taggart,,,,https://snowboardmag.com/stories/winter-x-games-14-years-results,likely,wave2-xgames,live-source
winter-x-games--1998,halfpipe,womens,,,open,women,,3,Nicola Thost,,,,https://snowboardmag.com/stories/winter-x-games-14-years-results,likely,wave2-xgames,live-source
winter-x-games--1998,slopestyle,mens,,,open,men,,1,Ross Powers,,,,https://snowboardmag.com/stories/winter-x-games-14-years-results,likely,wave2-xgames,live-source
winter-x-games--1998,slopestyle,mens,,,open,men,,2,Kevin Jones,,,,https://snowboardmag.com/stories/winter-x-games-14-years-results,likely,wave2-xgames,live-source
winter-x-games--1998,slopestyle,mens,,,open,men,,3,Rob Kingwill,,,,https://snowboardmag.com/stories/winter-x-games-14-years-results,likely,wave2-xgames,live-source
winter-x-games--1998,slopestyle,womens,,,open,women,,1,Jennie Waara,,,,https://snowboardmag.com/stories/winter-x-games-14-years-results,likely,wave2-xgames,live-source
winter-x-games--1998,slopestyle,womens,,,open,women,,2,Barrett Christy,,,,https://snowboardmag.com/stories/winter-x-games-14-years-results,likely,wave2-xgames,live-source
winter-x-games--1998,slopestyle,womens,,,open,women,,3,Aurelie Sayres,,,,https://snowboardmag.com/stories/winter-x-games-14-years-results,likely,wave2-xgames,live-source
winter-x-games--1999,big-air,mens,,,open,men,,1,Kevin Sansalone,,,,https://snowboardmag.com/stories/winter-x-games-14-years-results,likely,wave2-xgames,live-source
winter-x-games--1999,big-air,mens,,,open,men,,2,Peter Line,,,,https://snowboardmag.com/stories/winter-x-games-14-years-results,likely,wave2-xgames,live-source
winter-x-games--1999,big-air,mens,,,open,men,,3,Kevin Jones,,,,https://snowboardmag.com/stories/winter-x-games-14-years-results,likely,wave2-xgames,live-source
winter-x-games--1999,big-air,womens,,,open,women,,1,Barrett Christy,,,,https://snowboardmag.com/stories/winter-x-games-14-years-results,likely,wave2-xgames,live-source
winter-x-games--1999,big-air,womens,,,open,women,,2,Tara Dakides,,,,https://snowboardmag.com/stories/winter-x-games-14-years-results,likely,wave2-xgames,live-source
winter-x-games--1999,big-air,womens,,,open,women,,3,Janet Matthews,,,,https://snowboardmag.com/stories/winter-x-games-14-years-results,likely,wave2-xgames,live-source
winter-x-games--1999,halfpipe,mens,,,open,men,,1,Jimi Scott,,,,https://snowboardmag.com/stories/winter-x-games-14-years-results,likely,wave2-xgames,live-source
winter-x-games--1999,halfpipe,mens,,,open,men,,2,Mike Michalchuk,,,,https://snowboardmag.com/stories/winter-x-games-14-years-results,likely,wave2-xgames,live-source
winter-x-games--1999,halfpipe,mens,,,open,men,,3,Luke Wynen,,,,https://snowboardmag.com/stories/winter-x-games-14-years-results,likely,wave2-xgames,live-source
winter-x-games--1999,halfpipe,womens,,,open,women,,1,Michele Taggart,,,,https://snowboardmag.com/stories/winter-x-games-14-years-results,likely,wave2-xgames,live-source
winter-x-games--1999,halfpipe,womens,,,open,women,,2,Shannon Dunn-Downing,,,,https://snowboardmag.com/stories/winter-x-games-14-years-results,likely,wave2-xgames,live-source
winter-x-games--1999,halfpipe,womens,,,open,women,,3,Cara-Beth Burnside,,,,https://snowboardmag.com/stories/winter-x-games-14-years-results,likely,wave2-xgames,live-source
winter-x-games--1999,slopestyle,mens,,,open,men,,1,Peter Line,,,,https://snowboardmag.com/stories/winter-x-games-14-years-results,likely,wave2-xgames,live-source
winter-x-games--1999,slopestyle,mens,,,open,men,,2,Kevin Jones,,,,https://snowboardmag.com/stories/winter-x-games-14-years-results,likely,wave2-xgames,live-source
winter-x-games--1999,slopestyle,mens,,,open,men,,3,Jimmy Halopoff,,,,https://snowboardmag.com/stories/winter-x-games-14-years-results,likely,wave2-xgames,live-source
winter-x-games--1999,slopestyle,womens,,,open,women,,1,Tara Dakides,,,,https://snowboardmag.com/stories/winter-x-games-14-years-results,likely,wave2-xgames,live-source
winter-x-games--1999,slopestyle,womens,,,open,women,,2,Barrett Christy,,,,https://snowboardmag.com/stories/winter-x-games-14-years-results,likely,wave2-xgames,live-source
winter-x-games--1999,slopestyle,womens,,,open,women,,3,Jamie MacLeod,,,,https://snowboardmag.com/stories/winter-x-games-14-years-results,likely,wave2-xgames,live-source
winter-x-games--2000,big-air,mens,,,open,men,,1,Peter Line,,,,https://snowboardmag.com/stories/winter-x-games-14-years-results,likely,wave2-xgames,live-source
winter-x-games--2000,big-air,mens,,,open,men,,2,Jason Borgstede,,,,https://snowboardmag.com/stories/winter-x-games-14-years-results,likely,wave2-xgames,live-source
winter-x-games--2000,big-air,mens,,,open,men,,3,Kevin Jones,,,,https://snowboardmag.com/stories/winter-x-games-14-years-results,likely,wave2-xgames,live-source
winter-x-games--2000,big-air,womens,,,open,women,,1,Tara Dakides,,,,https://snowboardmag.com/stories/winter-x-games-14-years-results,likely,wave2-xgames,live-source
winter-x-games--2000,big-air,womens,,,open,women,,2,Leah Wagner,,,,https://snowboardmag.com/stories/winter-x-games-14-years-results,likely,wave2-xgames,live-source
winter-x-games--2000,big-air,womens,,,open,women,,3,Jessica Dalpiaz,,,,https://snowboardmag.com/stories/winter-x-games-14-years-results,likely,wave2-xgames,live-source
winter-x-games--2000,slopestyle,mens,,,open,men,,1,Kevin Jones,,,,https://snowboardmag.com/stories/winter-x-games-14-years-results,likely,wave2-xgames,live-source
winter-x-games--2000,slopestyle,mens,,,open,men,,2,Todd Richards,,,,https://snowboardmag.com/stories/winter-x-games-14-years-results,likely,wave2-xgames,live-source
winter-x-games--2000,slopestyle,mens,,,open,men,,3,Peter Line,,,,https://snowboardmag.com/stories/winter-x-games-14-years-results,likely,wave2-xgames,live-source
winter-x-games--2000,slopestyle,womens,,,open,women,,1,Tara Dakides,,,,https://snowboardmag.com/stories/winter-x-games-14-years-results,likely,wave2-xgames,live-source
winter-x-games--2000,slopestyle,womens,,,open,women,,2,Jamie MacLeod,,,,https://snowboardmag.com/stories/winter-x-games-14-years-results,likely,wave2-xgames,live-source
winter-x-games--2000,slopestyle,womens,,,open,women,,3,Barrett Christy,,,,https://snowboardmag.com/stories/winter-x-games-14-years-results,likely,wave2-xgames,live-source
winter-x-games--2000,superpipe,mens,,,open,men,,1,Todd Richards,,,,https://snowboardmag.com/stories/winter-x-games-14-years-results,likely,wave2-xgames,live-source
winter-x-games--2000,superpipe,mens,,,open,men,,2,Ross Powers,,,,https://snowboardmag.com/stories/winter-x-games-14-years-results,likely,wave2-xgames,live-source
winter-x-games--2000,superpipe,mens,,,open,men,,3,Tommy Czeschin,,,,https://snowboardmag.com/stories/winter-x-games-14-years-results,likely,wave2-xgames,live-source
winter-x-games--2000,superpipe,womens,,,open,women,,1,Stine Brun Kjeldaas,,,,https://snowboardmag.com/stories/winter-x-games-14-years-results,likely,wave2-xgames,live-source
winter-x-games--2000,superpipe,womens,,,open,women,,2,Barrett Christy,,,,https://snowboardmag.com/stories/winter-x-games-14-years-results,likely,wave2-xgames,live-source
winter-x-games--2000,superpipe,womens,,,open,women,,3,Natasza Zurek,,,,https://snowboardmag.com/stories/winter-x-games-14-years-results,likely,wave2-xgames,live-source
winter-x-games--2001,big-air,mens,,,open,men,,1,Jussi Oksanen,,,,https://snowboardmag.com/stories/winter-x-games-14-years-results,likely,wave2-xgames,live-source
winter-x-games--2001,big-air,mens,,,open,men,,2,Todd Richards,,,,https://snowboardmag.com/stories/winter-x-games-14-years-results,likely,wave2-xgames,live-source
winter-x-games--2001,big-air,mens,,,open,men,,3,Josh Dirksen,,,,https://snowboardmag.com/stories/winter-x-games-14-years-results,likely,wave2-xgames,live-source
winter-x-games--2001,big-air,womens,,,open,women,,1,Tara Dakides,,,,https://snowboardmag.com/stories/winter-x-games-14-years-results,likely,wave2-xgames,live-source
winter-x-games--2001,big-air,womens,,,open,women,,2,Barrett Christy,,,,https://snowboardmag.com/stories/winter-x-games-14-years-results,likely,wave2-xgames,live-source
winter-x-games--2001,big-air,womens,,,open,women,,3,Jenna Murano,,,,https://snowboardmag.com/stories/winter-x-games-14-years-results,likely,wave2-xgames,live-source
winter-x-games--2001,slopestyle,mens,,,open,men,,1,Kevin Jones,,,,https://snowboardmag.com/stories/winter-x-games-14-years-results,likely,wave2-xgames,live-source
winter-x-games--2001,slopestyle,mens,,,open,men,,2,Todd Richards,,,,https://snowboardmag.com/stories/winter-x-games-14-years-results,likely,wave2-xgames,live-source
winter-x-games--2001,slopestyle,mens,,,open,men,,3,Jussi Oksanen,,,,https://snowboardmag.com/stories/winter-x-games-14-years-results,likely,wave2-xgames,live-source
winter-x-games--2001,slopestyle,womens,,,open,women,,1,Jaime Macleod,,,,https://snowboardmag.com/stories/winter-x-games-14-years-results,likely,wave2-xgames,live-source
winter-x-games--2001,slopestyle,womens,,,open,women,,2,Shannon Dunn,,,,https://snowboardmag.com/stories/winter-x-games-14-years-results,likely,wave2-xgames,live-source
winter-x-games--2001,slopestyle,womens,,,open,women,,3,Marni Yamada,,,,https://snowboardmag.com/stories/winter-x-games-14-years-results,likely,wave2-xgames,live-source
winter-x-games--2001,superpipe,mens,,,open,men,,1,Dan Kass,,,,https://snowboardmag.com/stories/winter-x-games-14-years-results,likely,wave2-xgames,live-source
winter-x-games--2001,superpipe,mens,,,open,men,,2,Tommy Czeschin,,,,https://snowboardmag.com/stories/winter-x-games-14-years-results,likely,wave2-xgames,live-source
winter-x-games--2001,superpipe,mens,,,open,men,,3,Ross Powers,,,,https://snowboardmag.com/stories/winter-x-games-14-years-results,likely,wave2-xgames,live-source
winter-x-games--2001,superpipe,womens,,,open,women,,1,Shannon Dunn,,,,https://snowboardmag.com/stories/winter-x-games-14-years-results,likely,wave2-xgames,live-source
winter-x-games--2001,superpipe,womens,,,open,women,,2,Natasza Zurek,,,,https://snowboardmag.com/stories/winter-x-games-14-years-results,likely,wave2-xgames,live-source
winter-x-games--2001,superpipe,womens,,,open,women,,3,Fabienne Reuteler,,,,https://snowboardmag.com/stories/winter-x-games-14-years-results,likely,wave2-xgames,live-source
winter-x-games--2002,slopestyle,mens,,,open,men,,1,Travis Rice,,,,https://snowboardmag.com/stories/winter-x-games-14-years-results,likely,wave2-xgames,live-source
winter-x-games--2002,slopestyle,mens,,,open,men,,2,Shaun White,,,,https://snowboardmag.com/stories/winter-x-games-14-years-results,likely,wave2-xgames,live-source
winter-x-games--2002,slopestyle,mens,,,open,men,,3,Todd Richards,,,,https://snowboardmag.com/stories/winter-x-games-14-years-results,likely,wave2-xgames,live-source
winter-x-games--2002,slopestyle,womens,,,open,women,,1,Tara Dakides,,,,https://snowboardmag.com/stories/winter-x-games-14-years-results,likely,wave2-xgames,live-source
winter-x-games--2002,slopestyle,womens,,,open,women,,2,Janna Meyen,,,,https://snowboardmag.com/stories/winter-x-games-14-years-results,likely,wave2-xgames,live-source
winter-x-games--2002,slopestyle,womens,,,open,women,,3,Barrett Christy,,,,https://snowboardmag.com/stories/winter-x-games-14-years-results,likely,wave2-xgames,live-source
winter-x-games--2002,superpipe,mens,,,open,men,,1,J.J. Thomas,,,,https://snowboardmag.com/stories/winter-x-games-14-years-results,likely,wave2-xgames,live-source
winter-x-games--2002,superpipe,mens,,,open,men,,2,Shaun White,,,,https://snowboardmag.com/stories/winter-x-games-14-years-results,likely,wave2-xgames,live-source
winter-x-games--2002,superpipe,mens,,,open,men,,3,Keir Dillon,,,,https://snowboardmag.com/stories/winter-x-games-14-years-results,likely,wave2-xgames,live-source
winter-x-games--2002,superpipe,womens,,,open,women,,1,Kelly Clark,,,,https://snowboardmag.com/stories/winter-x-games-14-years-results,likely,wave2-xgames,live-source
winter-x-games--2002,superpipe,womens,,,open,women,,2,Stine Brun Kjeldaas,,,,https://snowboardmag.com/stories/winter-x-games-14-years-results,likely,wave2-xgames,live-source
winter-x-games--2002,superpipe,womens,,,open,women,,3,Natasza Zurek,,,,https://snowboardmag.com/stories/winter-x-games-14-years-results,likely,wave2-xgames,live-source
winter-x-games--2003,slopestyle,mens,,,open,men,,1,Shaun White,,,,https://snowboardmag.com/stories/winter-x-games-14-years-results,likely,wave2-xgames,live-source
winter-x-games--2003,slopestyle,mens,,,open,men,,2,Jussi Oksanen,,,,https://snowboardmag.com/stories/winter-x-games-14-years-results,likely,wave2-xgames,live-source
winter-x-games--2003,slopestyle,mens,,,open,men,,3,Jimi Tomer,,,,https://snowboardmag.com/stories/winter-x-games-14-years-results,likely,wave2-xgames,live-source
winter-x-games--2003,slopestyle,womens,,,open,women,,1,Janna Meyen,,,,https://snowboardmag.com/stories/winter-x-games-14-years-results,likely,wave2-xgames,live-source
winter-x-games--2003,slopestyle,womens,,,open,women,,2,Hana Beaman,,,,https://snowboardmag.com/stories/winter-x-games-14-years-results,likely,wave2-xgames,live-source
winter-x-games--2003,slopestyle,womens,,,open,women,,3,Lindsey Jacobellis,,,,https://snowboardmag.com/stories/winter-x-games-14-years-results,likely,wave2-xgames,live-source
winter-x-games--2003,superpipe,mens,,,open,men,,1,Shaun White,,,,https://snowboardmag.com/stories/winter-x-games-14-years-results,likely,wave2-xgames,live-source
winter-x-games--2003,superpipe,mens,,,open,men,,2,Dan Kass,,,,https://snowboardmag.com/stories/winter-x-games-14-years-results,likely,wave2-xgames,live-source
winter-x-games--2003,superpipe,mens,,,open,men,,3,Markku Koski,,,,https://snowboardmag.com/stories/winter-x-games-14-years-results,likely,wave2-xgames,live-source
winter-x-games--2003,superpipe,womens,,,open,women,,1,Gretchen Bleiler,,,,https://snowboardmag.com/stories/winter-x-games-14-years-results,likely,wave2-xgames,live-source
winter-x-games--2003,superpipe,womens,,,open,women,,2,Kelly Clark,,,,https://snowboardmag.com/stories/winter-x-games-14-years-results,likely,wave2-xgames,live-source
winter-x-games--2003,superpipe,womens,,,open,women,,3,Hannah Teter,,,,https://snowboardmag.com/stories/winter-x-games-14-years-results,likely,wave2-xgames,live-source
winter-x-games--2004,slopestyle,mens,,,open,men,,1,Shaun White,,,,https://snowboardmag.com/stories/winter-x-games-14-years-results,likely,wave2-xgames,live-source
winter-x-games--2004,slopestyle,mens,,,open,men,,2,Danny Kass,,,,https://snowboardmag.com/stories/winter-x-games-14-years-results,likely,wave2-xgames,live-source
winter-x-games--2004,slopestyle,mens,,,open,men,,3,Andreas Wiig,,,,https://snowboardmag.com/stories/winter-x-games-14-years-results,likely,wave2-xgames,live-source
winter-x-games--2004,slopestyle,womens,,,open,women,,1,Janna Meyen,,,,https://snowboardmag.com/stories/winter-x-games-14-years-results,likely,wave2-xgames,live-source
winter-x-games--2004,slopestyle,womens,,,open,women,,2,Tara Dakides,,,,https://snowboardmag.com/stories/winter-x-games-14-years-results,likely,wave2-xgames,live-source
winter-x-games--2004,slopestyle,womens,,,open,women,,3,Jessica Dalpiaz,,,,https://snowboardmag.com/stories/winter-x-games-14-years-results,likely,wave2-xgames,live-source
winter-x-games--2004,superpipe,mens,,,open,men,,1,Steve Fisher,,,,https://snowboardmag.com/stories/winter-x-games-14-years-results,likely,wave2-xgames,live-source
winter-x-games--2004,superpipe,mens,,,open,men,,2,Dan Kass,,,,https://snowboardmag.com/stories/winter-x-games-14-years-results,likely,wave2-xgames,live-source
winter-x-games--2004,superpipe,mens,,,open,men,,3,Keir Dillon,,,,https://snowboardmag.com/stories/winter-x-games-14-years-results,likely,wave2-xgames,live-source
winter-x-games--2004,superpipe,womens,,,open,women,,1,Hannah Teter,,,,https://snowboardmag.com/stories/winter-x-games-14-years-results,likely,wave2-xgames,live-source
winter-x-games--2004,superpipe,womens,,,open,women,,2,Kelly Clark,,,,https://snowboardmag.com/stories/winter-x-games-14-years-results,likely,wave2-xgames,live-source
winter-x-games--2004,superpipe,womens,,,open,women,,3,Doriane Vidal,,,,https://snowboardmag.com/stories/winter-x-games-14-years-results,likely,wave2-xgames,live-source
winter-x-games--2005,slopestyle,mens,,,open,men,,1,Shaun White,,,,https://snowboardmag.com/stories/winter-x-games-14-years-results,likely,wave2-xgames,live-source
winter-x-games--2005,slopestyle,mens,,,open,men,,2,Danny Kass,,,,https://snowboardmag.com/stories/winter-x-games-14-years-results,likely,wave2-xgames,live-source
winter-x-games--2005,slopestyle,mens,,,open,men,,3,Travis Rice,,,,https://snowboardmag.com/stories/winter-x-games-14-years-results,likely,wave2-xgames,live-source
winter-x-games--2005,slopestyle,womens,,,open,women,,1,Janna Meyen-Weatherby,,,,https://snowboardmag.com/stories/winter-x-games-14-years-results,likely,wave2-xgames,live-source
winter-x-games--2005,slopestyle,womens,,,open,women,,2,Silvia Mittermuller,,,,https://snowboardmag.com/stories/winter-x-games-14-years-results,likely,wave2-xgames,live-source
winter-x-games--2005,slopestyle,womens,,,open,women,,3,Natasza Zurek,,,,https://snowboardmag.com/stories/winter-x-games-14-years-results,likely,wave2-xgames,live-source
winter-x-games--2005,superpipe,mens,,,open,men,,1,Antti Autti,,,,https://snowboardmag.com/stories/winter-x-games-14-years-results,likely,wave2-xgames,live-source
winter-x-games--2005,superpipe,mens,,,open,men,,2,Andy Finch,,,,https://snowboardmag.com/stories/winter-x-games-14-years-results,likely,wave2-xgames,live-source
winter-x-games--2005,superpipe,mens,,,open,men,,3,Danny Kass,,,,https://snowboardmag.com/stories/winter-x-games-14-years-results,likely,wave2-xgames,live-source
winter-x-games--2005,superpipe,womens,,,open,women,,1,Gretchen Bleiler,,,,https://snowboardmag.com/stories/winter-x-games-14-years-results,likely,wave2-xgames,live-source
winter-x-games--2005,superpipe,womens,,,open,women,,2,Doriane Vidal,,,,https://snowboardmag.com/stories/winter-x-games-14-years-results,likely,wave2-xgames,live-source
winter-x-games--2005,superpipe,womens,,,open,women,,3,Hannah Teter,,,,https://snowboardmag.com/stories/winter-x-games-14-years-results,likely,wave2-xgames,live-source
winter-x-games--2006,slopestyle,mens,,,open,men,,1,Shaun White,,,,https://snowboardmag.com/stories/winter-x-games-14-years-results,likely,wave2-xgames,live-source
winter-x-games--2006,slopestyle,mens,,,open,men,,2,Andreas Wiig,,,,https://snowboardmag.com/stories/winter-x-games-14-years-results,likely,wave2-xgames,live-source
winter-x-games--2006,slopestyle,mens,,,open,men,,3,Danny Kass,,,,https://snowboardmag.com/stories/winter-x-games-14-years-results,likely,wave2-xgames,live-source
winter-x-games--2006,slopestyle,womens,,,open,women,,1,Janna Meyen-Weatherby,,,,https://snowboardmag.com/stories/winter-x-games-14-years-results,likely,wave2-xgames,live-source
winter-x-games--2006,slopestyle,womens,,,open,women,,2,Hana Beaman,,,,https://snowboardmag.com/stories/winter-x-games-14-years-results,likely,wave2-xgames,live-source
winter-x-games--2006,slopestyle,womens,,,open,women,,3,Jamie Anderson,,,,https://snowboardmag.com/stories/winter-x-games-14-years-results,likely,wave2-xgames,live-source
winter-x-games--2006,superpipe,mens,,,open,men,,1,Shaun White,,,,https://snowboardmag.com/stories/winter-x-games-14-years-results,likely,wave2-xgames,live-source
winter-x-games--2006,superpipe,mens,,,open,men,,2,Mason Aguirre,,,,https://snowboardmag.com/stories/winter-x-games-14-years-results,likely,wave2-xgames,live-source
winter-x-games--2006,superpipe,mens,,,open,men,,3,Scotty Lago,,,,https://snowboardmag.com/stories/winter-x-games-14-years-results,likely,wave2-xgames,live-source
winter-x-games--2006,superpipe,womens,,,open,women,,1,Kelly Clark,,,,https://snowboardmag.com/stories/winter-x-games-14-years-results,likely,wave2-xgames,live-source
winter-x-games--2006,superpipe,womens,,,open,women,,2,Torah Bright,,,,https://snowboardmag.com/stories/winter-x-games-14-years-results,likely,wave2-xgames,live-source
winter-x-games--2006,superpipe,womens,,,open,women,,3,Soko Yamaoka,,,,https://snowboardmag.com/stories/winter-x-games-14-years-results,likely,wave2-xgames,live-source
winter-x-games--2007,best-trick,mens,,,open,men,Snowboard Best Trick,1,Andreas Wiig,,,"X Games 'Snowboard Best Trick'; no matching term in the discipline vocabulary, recorded as 'other'.",https://snowboardmag.com/stories/winter-x-games-14-years-results,likely,wave2-xgames,live-source
winter-x-games--2007,best-trick,mens,,,open,men,Snowboard Best Trick,2,Travis Rice,,,"X Games 'Snowboard Best Trick'; no matching term in the discipline vocabulary, recorded as 'other'.",https://snowboardmag.com/stories/winter-x-games-14-years-results,likely,wave2-xgames,live-source
winter-x-games--2007,best-trick,mens,,,open,men,Snowboard Best Trick,3,Antti Autti,,,"X Games 'Snowboard Best Trick'; no matching term in the discipline vocabulary, recorded as 'other'.",https://snowboardmag.com/stories/winter-x-games-14-years-results,likely,wave2-xgames,live-source
winter-x-games--2007,slopestyle,mens,,,open,men,,1,Andreas Wiig,,,,https://snowboardmag.com/stories/winter-x-games-14-years-results,likely,wave2-xgames,live-source
winter-x-games--2007,slopestyle,mens,,,open,men,,2,Jussi Oksanen,,,,https://snowboardmag.com/stories/winter-x-games-14-years-results,likely,wave2-xgames,live-source
winter-x-games--2007,slopestyle,mens,,,open,men,,3,Shaun White,,,,https://snowboardmag.com/stories/winter-x-games-14-years-results,likely,wave2-xgames,live-source
winter-x-games--2007,slopestyle,womens,,,open,women,,1,Jamie Anderson,,,,https://snowboardmag.com/stories/winter-x-games-14-years-results,likely,wave2-xgames,live-source
winter-x-games--2007,slopestyle,womens,,,open,women,,2,Hana Beaman,,,,https://snowboardmag.com/stories/winter-x-games-14-years-results,likely,wave2-xgames,live-source
winter-x-games--2007,slopestyle,womens,,,open,women,,3,Chanelle Sladics,,,,https://snowboardmag.com/stories/winter-x-games-14-years-results,likely,wave2-xgames,live-source
winter-x-games--2007,superpipe,mens,,,open,men,,1,Steve Fisher,,,,https://snowboardmag.com/stories/winter-x-games-14-years-results,likely,wave2-xgames,live-source
winter-x-games--2007,superpipe,mens,,,open,men,,2,Shaun White,,,,https://snowboardmag.com/stories/winter-x-games-14-years-results,likely,wave2-xgames,live-source
winter-x-games--2007,superpipe,mens,,,open,men,,3,Mason Aguirre,,,,https://snowboardmag.com/stories/winter-x-games-14-years-results,likely,wave2-xgames,live-source
winter-x-games--2007,superpipe,womens,,,open,women,,1,Torah Bright,,,,https://snowboardmag.com/stories/winter-x-games-14-years-results,likely,wave2-xgames,live-source
winter-x-games--2007,superpipe,womens,,,open,women,,2,Gretchen Bleiler,,,,https://snowboardmag.com/stories/winter-x-games-14-years-results,likely,wave2-xgames,live-source
winter-x-games--2007,superpipe,womens,,,open,women,,3,Elena Hight,,,,https://snowboardmag.com/stories/winter-x-games-14-years-results,likely,wave2-xgames,live-source
winter-x-games--2008,big-air,mens,,,open,men,,1,Torstein Horgmo,,,Source lists a winner only for this event.,https://snowboardmag.com/stories/winter-x-games-14-years-results,likely,wave2-xgames,live-source
winter-x-games--2008,slopestyle,mens,,,open,men,,1,Andreas Wiig,,,,https://snowboardmag.com/stories/winter-x-games-14-years-results,likely,wave2-xgames,live-source
winter-x-games--2008,slopestyle,mens,,,open,men,,2,Kevin Pearce,,,,https://snowboardmag.com/stories/winter-x-games-14-years-results,likely,wave2-xgames,live-source
winter-x-games--2008,slopestyle,mens,,,open,men,,3,Shaun White,,,,https://snowboardmag.com/stories/winter-x-games-14-years-results,likely,wave2-xgames,live-source
winter-x-games--2008,slopestyle,womens,,,open,women,,1,Jamie Anderson,,,,https://snowboardmag.com/stories/winter-x-games-14-years-results,likely,wave2-xgames,live-source
winter-x-games--2008,slopestyle,womens,,,open,women,,2,Claudia Fliri,,,,https://snowboardmag.com/stories/winter-x-games-14-years-results,likely,wave2-xgames,live-source
winter-x-games--2008,slopestyle,womens,,,open,women,,3,Spencer O'Brien,,,,https://snowboardmag.com/stories/winter-x-games-14-years-results,likely,wave2-xgames,live-source
winter-x-games--2008,superpipe,mens,,,open,men,,1,Shaun White,,,,https://snowboardmag.com/stories/winter-x-games-14-years-results,likely,wave2-xgames,live-source
winter-x-games--2008,superpipe,mens,,,open,men,,2,Ryo Aono,,,,https://snowboardmag.com/stories/winter-x-games-14-years-results,likely,wave2-xgames,live-source
winter-x-games--2008,superpipe,mens,,,open,men,,3,Kevin Pearce,,,,https://snowboardmag.com/stories/winter-x-games-14-years-results,likely,wave2-xgames,live-source
winter-x-games--2008,superpipe,womens,,,open,women,,1,Gretchen Bleiler,,,,https://snowboardmag.com/stories/winter-x-games-14-years-results,likely,wave2-xgames,live-source
winter-x-games--2008,superpipe,womens,,,open,women,,2,Torah Bright,,,,https://snowboardmag.com/stories/winter-x-games-14-years-results,likely,wave2-xgames,live-source
winter-x-games--2008,superpipe,womens,,,open,women,,3,Kelly Clark,,,,https://snowboardmag.com/stories/winter-x-games-14-years-results,likely,wave2-xgames,live-source
winter-x-games--2009,big-air,mens,,,open,men,,1,Travis Rice,,,Source lists a winner only for this event.,https://snowboardmag.com/stories/winter-x-games-14-years-results,likely,wave2-xgames,live-source
winter-x-games--2009,slopestyle,mens,,,open,men,,1,Shaun White,,,,https://snowboardmag.com/stories/winter-x-games-14-years-results,likely,wave2-xgames,live-source
winter-x-games--2009,slopestyle,mens,,,open,men,,2,Scotty Lago,,,,https://snowboardmag.com/stories/winter-x-games-14-years-results,likely,wave2-xgames,live-source
winter-x-games--2009,slopestyle,mens,,,open,men,,3,Mikkel Bang,,,,https://snowboardmag.com/stories/winter-x-games-14-years-results,likely,wave2-xgames,live-source
winter-x-games--2009,slopestyle,womens,,,open,women,,1,Jenny Jones,,,,https://snowboardmag.com/stories/winter-x-games-14-years-results,likely,wave2-xgames,live-source
winter-x-games--2009,slopestyle,womens,,,open,women,,2,Spencer O'Brien,,,,https://snowboardmag.com/stories/winter-x-games-14-years-results,likely,wave2-xgames,live-source
winter-x-games--2009,slopestyle,womens,,,open,women,,3,Megan Ginter,,,,https://snowboardmag.com/stories/winter-x-games-14-years-results,likely,wave2-xgames,live-source
winter-x-games--2009,superpipe,mens,,,open,men,,1,Shaun White,,,,https://snowboardmag.com/stories/winter-x-games-14-years-results,likely,wave2-xgames,live-source
winter-x-games--2009,superpipe,mens,,,open,men,,2,Kevin Pearce,,,,https://snowboardmag.com/stories/winter-x-games-14-years-results,likely,wave2-xgames,live-source
winter-x-games--2009,superpipe,mens,,,open,men,,3,Antti Autti,,,,https://snowboardmag.com/stories/winter-x-games-14-years-results,likely,wave2-xgames,live-source
winter-x-games--2009,superpipe,womens,,,open,women,,1,Torah Bright,,,,https://snowboardmag.com/stories/winter-x-games-14-years-results,likely,wave2-xgames,live-source
winter-x-games--2009,superpipe,womens,,,open,women,,2,Kelly Clark,,,,https://snowboardmag.com/stories/winter-x-games-14-years-results,likely,wave2-xgames,live-source
winter-x-games--2009,superpipe,womens,,,open,women,,3,Hannah Teter,,,,https://snowboardmag.com/stories/winter-x-games-14-years-results,likely,wave2-xgames,live-source
winter-x-games--2010,big-air,mens,,,open,men,,1,Halldor Helgason,,,,https://snowboardmag.com/stories/winter-x-games-14-years-results,likely,wave2-xgames,live-source
winter-x-games--2010,big-air,mens,,,open,men,,2,Torstein Horgmo,,,,https://snowboardmag.com/stories/winter-x-games-14-years-results,likely,wave2-xgames,live-source
winter-x-games--2010,big-air,mens,,,open,men,,3,Mikkel Bang,,,,https://snowboardmag.com/stories/winter-x-games-14-years-results,likely,wave2-xgames,live-source
winter-x-games--2010,slopestyle,mens,,,open,men,,1,Eero Ettala,,,,https://snowboardmag.com/stories/winter-x-games-14-years-results,likely,wave2-xgames,live-source
winter-x-games--2010,slopestyle,mens,,,open,men,,2,Eric Willett,,,,https://snowboardmag.com/stories/winter-x-games-14-years-results,likely,wave2-xgames,live-source
winter-x-games--2010,slopestyle,mens,,,open,men,,3,Chas Guldemond,,,,https://snowboardmag.com/stories/winter-x-games-14-years-results,likely,wave2-xgames,live-source
winter-x-games--2010,slopestyle,womens,,,open,women,,1,Jenny Jones,,,,https://snowboardmag.com/stories/winter-x-games-14-years-results,likely,wave2-xgames,live-source
winter-x-games--2010,slopestyle,womens,,,open,women,,2,Jamie Anderson,,,,https://snowboardmag.com/stories/winter-x-games-14-years-results,likely,wave2-xgames,live-source
winter-x-games--2010,slopestyle,womens,,,open,women,,3,Janna Meyen-Wetherby,,,,https://snowboardmag.com/stories/winter-x-games-14-years-results,likely,wave2-xgames,live-source
winter-x-games--2010,superpipe,mens,,,open,men,,1,Shaun White,,,,https://snowboardmag.com/stories/winter-x-games-14-years-results,likely,wave2-xgames,live-source
winter-x-games--2010,superpipe,mens,,,open,men,,2,Iouri Podladtchikov,,,,https://snowboardmag.com/stories/winter-x-games-14-years-results,likely,wave2-xgames,live-source
winter-x-games--2010,superpipe,mens,,,open,men,,3,Kazuhiro Kokubo,,,,https://snowboardmag.com/stories/winter-x-games-14-years-results,likely,wave2-xgames,live-source
winter-x-games--2010,superpipe,womens,,,open,women,,1,Gretchen Bleiler,,,,https://snowboardmag.com/stories/winter-x-games-14-years-results,likely,wave2-xgames,live-source
winter-x-games--2010,superpipe,womens,,,open,women,,2,Kelly Clark,,,,https://snowboardmag.com/stories/winter-x-games-14-years-results,likely,wave2-xgames,live-source
winter-x-games--2010,superpipe,womens,,,open,women,,3,Hannah Teter,,,,https://snowboardmag.com/stories/winter-x-games-14-years-results,likely,wave2-xgames,live-source
winter-x-games--2011,big-air,mens,,,open,men,,1,Torstein Horgmo,NOR,80,,https://en.wikipedia.org/wiki/Winter_X_Games_XV,likely,wave2-xgames,live-source
winter-x-games--2011,big-air,mens,,,open,men,,2,Sebastien Toutant,CAN,79,,https://en.wikipedia.org/wiki/Winter_X_Games_XV,likely,wave2-xgames,live-source
winter-x-games--2011,big-air,mens,,,open,men,,3,Sage Kotsenburg,USA,77,,https://en.wikipedia.org/wiki/Winter_X_Games_XV,likely,wave2-xgames,live-source
winter-x-games--2011,boardercross,mens,,,open,men,,1,Nick Baumgartner,USA,1:29.70,,https://en.wikipedia.org/wiki/Winter_X_Games_XV,likely,wave2-xgames,live-source
winter-x-games--2011,boardercross,mens,,,open,men,,2,Kevin Hill,CAN,1:29.85,,https://en.wikipedia.org/wiki/Winter_X_Games_XV,likely,wave2-xgames,live-source
winter-x-games--2011,boardercross,mens,,,open,men,,3,Nate Holland,USA,1:30.02,,https://en.wikipedia.org/wiki/Winter_X_Games_XV,likely,wave2-xgames,live-source
winter-x-games--2011,boardercross,womens,,,open,women,,1,Lindsey Jacobellis,USA,1:38.94,,https://en.wikipedia.org/wiki/Winter_X_Games_XV,likely,wave2-xgames,live-source
winter-x-games--2011,boardercross,womens,,,open,women,,2,Callan Chythlook-Sifsof,USA,1:39.68,,https://en.wikipedia.org/wiki/Winter_X_Games_XV,likely,wave2-xgames,live-source
winter-x-games--2011,boardercross,womens,,,open,women,,3,Deborah Anthonioz,FRA,1:40.02,,https://en.wikipedia.org/wiki/Winter_X_Games_XV,likely,wave2-xgames,live-source
winter-x-games--2011,slopestyle,mens,,,open,men,,1,Sebastien Toutant,CAN,93.00,,https://en.wikipedia.org/wiki/Winter_X_Games_XV,likely,wave2-xgames,live-source
winter-x-games--2011,slopestyle,mens,,,open,men,,2,Mark McMorris,CAN,90.00,,https://en.wikipedia.org/wiki/Winter_X_Games_XV,likely,wave2-xgames,live-source
winter-x-games--2011,slopestyle,mens,,,open,men,,3,Tyler Flanagan,USA,82.66,,https://en.wikipedia.org/wiki/Winter_X_Games_XV,likely,wave2-xgames,live-source
winter-x-games--2011,slopestyle,womens,,,open,women,,1,Enni Rukajarvi,FIN,92.66,,https://en.wikipedia.org/wiki/Winter_X_Games_XV,likely,wave2-xgames,live-source
winter-x-games--2011,slopestyle,womens,,,open,women,,2,Jenny Jones,GBR,89.33,,https://en.wikipedia.org/wiki/Winter_X_Games_XV,likely,wave2-xgames,live-source
winter-x-games--2011,slopestyle,womens,,,open,women,,3,Jamie Anderson,USA,86.00,,https://en.wikipedia.org/wiki/Winter_X_Games_XV,likely,wave2-xgames,live-source
winter-x-games--2011,superpipe,mens,,,open,men,,1,Shaun White,USA,97.33,,https://en.wikipedia.org/wiki/Winter_X_Games_XV,likely,wave2-xgames,live-source
winter-x-games--2011,superpipe,mens,,,open,men,,2,Scotty Lago,USA,92.00,,https://en.wikipedia.org/wiki/Winter_X_Games_XV,likely,wave2-xgames,live-source
winter-x-games--2011,superpipe,mens,,,open,men,,3,Louie Vito,USA,87.33,,https://en.wikipedia.org/wiki/Winter_X_Games_XV,likely,wave2-xgames,live-source
winter-x-games--2011,superpipe,womens,,,open,women,,1,Kelly Clark,USA,92.33,,https://en.wikipedia.org/wiki/Winter_X_Games_XV,likely,wave2-xgames,live-source
winter-x-games--2011,superpipe,womens,,,open,women,,2,Kaitlyn Farrington,USA,85.66,,https://en.wikipedia.org/wiki/Winter_X_Games_XV,likely,wave2-xgames,live-source
winter-x-games--2011,superpipe,womens,,,open,women,,3,Elena Hight,USA,80.00,,https://en.wikipedia.org/wiki/Winter_X_Games_XV,likely,wave2-xgames,live-source
winter-x-games--2012,big-air,mens,,,open,men,,1,Mark McMorris,,,"Silver and bronze conflict with Wikipedia's Winter X Games XVI Big Air table (Kotsenburg, Piiroinen). McMorris's Big Air win is separately confirmed by an ESPN headline about the first triple cork 1440.",https://www.worldsnowboardguide.com/news/an-incredible-winter-x-games-2012.html,likely,wave2-xgames,live-source
winter-x-games--2012,big-air,mens,,,open,men,,2,Torstein Horgmo,,50.00,"Silver and bronze conflict with Wikipedia's Winter X Games XVI Big Air table (Kotsenburg, Piiroinen). McMorris's Big Air win is separately confirmed by an ESPN headline about the first triple cork 1440.",https://www.worldsnowboardguide.com/news/an-incredible-winter-x-games-2012.html,likely,wave2-xgames,live-source
winter-x-games--2012,big-air,mens,,,open,men,,3,Sebastien Toutant,,,"Silver and bronze conflict with Wikipedia's Winter X Games XVI Big Air table (Kotsenburg, Piiroinen). McMorris's Big Air win is separately confirmed by an ESPN headline about the first triple cork 1440.",https://www.worldsnowboardguide.com/news/an-incredible-winter-x-games-2012.html,likely,wave2-xgames,live-source
winter-x-games--2012,boardercross,mens,,,open,men,,1,Nate Holland,USA,1:27.57,,https://en.wikipedia.org/wiki/Winter_X_Games_XVI | https://www.worldsnowboardguide.com/news/an-incredible-winter-x-games-2012.html,verified,wave2-xgames,live-source
winter-x-games--2012,boardercross,mens,,,open,men,,2,Nick Baumgartner,USA,1:28.10,,https://en.wikipedia.org/wiki/Winter_X_Games_XVI | https://www.worldsnowboardguide.com/news/an-incredible-winter-x-games-2012.html,verified,wave2-xgames,live-source
winter-x-games--2012,boardercross,mens,,,open,men,,3,Jayson Hale,USA,1:33.27,,https://en.wikipedia.org/wiki/Winter_X_Games_XVI | https://www.worldsnowboardguide.com/news/an-incredible-winter-x-games-2012.html,verified,wave2-xgames,live-source
winter-x-games--2012,boardercross,womens,,,open,women,,1,Dominique Maltais,CAN,1:31.61,,https://en.wikipedia.org/wiki/Winter_X_Games_XVI | https://www.worldsnowboardguide.com/news/an-incredible-winter-x-games-2012.html,verified,wave2-xgames,live-source
winter-x-games--2012,boardercross,womens,,,open,women,,2,Alexandra Jekova,BUL,1:33.34,,https://en.wikipedia.org/wiki/Winter_X_Games_XVI | https://www.worldsnowboardguide.com/news/an-incredible-winter-x-games-2012.html,verified,wave2-xgames,live-source
winter-x-games--2012,boardercross,womens,,,open,women,,3,Maelle Ricker,CAN,1:33.64,,https://en.wikipedia.org/wiki/Winter_X_Games_XVI | https://www.worldsnowboardguide.com/news/an-incredible-winter-x-games-2012.html,verified,wave2-xgames,live-source
winter-x-games--2012,slopestyle,mens,,,open,men,,1,Mark McMorris,,93.00,"Sources disagree on which event this podium belongs to: World Snowboard Guide labels it slopestyle, Wikipedia's Winter X Games XVI table labels the same three riders and scores as Big Air. McMorris's slopestyle gold is separately confirmed by an ESPN headline.",https://www.worldsnowboardguide.com/news/an-incredible-winter-x-games-2012.html,likely,wave2-xgames,live-source
winter-x-games--2012,slopestyle,mens,,,open,men,,2,Sage Kotsenburg,,88.00,"Sources disagree on which event this podium belongs to: World Snowboard Guide labels it slopestyle, Wikipedia's Winter X Games XVI table labels the same three riders and scores as Big Air. McMorris's slopestyle gold is separately confirmed by an ESPN headline.",https://www.worldsnowboardguide.com/news/an-incredible-winter-x-games-2012.html,likely,wave2-xgames,live-source
winter-x-games--2012,slopestyle,mens,,,open,men,,3,Peetu Piiroinen,,,"Sources disagree on which event this podium belongs to: World Snowboard Guide labels it slopestyle, Wikipedia's Winter X Games XVI table labels the same three riders and scores as Big Air. McMorris's slopestyle gold is separately confirmed by an ESPN headline.",https://www.worldsnowboardguide.com/news/an-incredible-winter-x-games-2012.html,likely,wave2-xgames,live-source
winter-x-games--2012,slopestyle,womens,,,open,women,,1,Jamie Anderson,USA,95.33,,https://en.wikipedia.org/wiki/Winter_X_Games_XVI,likely,wave2-xgames,live-source
winter-x-games--2012,slopestyle,womens,,,open,women,,2,Enni Rukajarvi,FIN,82.66,,https://en.wikipedia.org/wiki/Winter_X_Games_XVI,likely,wave2-xgames,live-source
winter-x-games--2012,slopestyle,womens,,,open,women,,3,Kjersti Oestgaard Buaas,NOR,78.33,,https://en.wikipedia.org/wiki/Winter_X_Games_XVI,likely,wave2-xgames,live-source
winter-x-games--2012,street-style,open,,,open,mixed,Snowboard Street Style,1,Forest Bailey,USA,88,"X Games 'Snowboard Street', mapped to 'jib'.",https://en.wikipedia.org/wiki/Winter_X_Games_XVI,likely,wave2-xgames,live-source
winter-x-games--2012,street-style,open,,,open,mixed,Snowboard Street Style,2,Ryan Paul,USA,83,"X Games 'Snowboard Street', mapped to 'jib'.",https://en.wikipedia.org/wiki/Winter_X_Games_XVI,likely,wave2-xgames,live-source
winter-x-games--2012,street-style,open,,,open,mixed,Snowboard Street Style,3,Nick Visconti,USA,76,"X Games 'Snowboard Street', mapped to 'jib'.",https://en.wikipedia.org/wiki/Winter_X_Games_XVI,likely,wave2-xgames,live-source
winter-x-games--2012,superpipe,mens,,,open,men,,1,Shaun White,USA,100.00,,https://en.wikipedia.org/wiki/Winter_X_Games_XVI | https://www.worldsnowboardguide.com/news/an-incredible-winter-x-games-2012.html,verified,wave2-xgames,live-source
winter-x-games--2012,superpipe,mens,,,open,men,,2,Iouri Podladtchikov,SUI,93.00,,https://en.wikipedia.org/wiki/Winter_X_Games_XVI | https://www.worldsnowboardguide.com/news/an-incredible-winter-x-games-2012.html,verified,wave2-xgames,live-source
winter-x-games--2012,superpipe,mens,,,open,men,,3,Ryo Aono,JPN,86.00,,https://en.wikipedia.org/wiki/Winter_X_Games_XVI | https://www.worldsnowboardguide.com/news/an-incredible-winter-x-games-2012.html,verified,wave2-xgames,live-source
winter-x-games--2013,big-air,mens,,,open,men,,1,Torstein Horgmo,NOR,94,,https://en.wikipedia.org/wiki/Winter_X_Games_XVII,likely,wave2-xgames,live-source
winter-x-games--2013,big-air,mens,,,open,men,,2,Mark McMorris,CAN,94,,https://en.wikipedia.org/wiki/Winter_X_Games_XVII,likely,wave2-xgames,live-source
winter-x-games--2013,big-air,mens,,,open,men,,3,Stale Sandbech,NOR,91,,https://en.wikipedia.org/wiki/Winter_X_Games_XVII,likely,wave2-xgames,live-source
winter-x-games--2013,slopestyle,mens,,,open,men,,1,Mark McMorris,CAN,98.00,,https://en.wikipedia.org/wiki/Winter_X_Games_XVII,likely,wave2-xgames,live-source
winter-x-games--2013,slopestyle,mens,,,open,men,,2,Max Parrot,CAN,90.00,,https://en.wikipedia.org/wiki/Winter_X_Games_XVII,likely,wave2-xgames,live-source
winter-x-games--2013,slopestyle,mens,,,open,men,,3,Seppe Smits,BEL,85.00,,https://en.wikipedia.org/wiki/Winter_X_Games_XVII,likely,wave2-xgames,live-source
winter-x-games--2013,slopestyle,womens,,,open,women,,1,Jamie Anderson,USA,93.00,,https://en.wikipedia.org/wiki/Winter_X_Games_XVII,likely,wave2-xgames,live-source
winter-x-games--2013,slopestyle,womens,,,open,women,,2,Sarka Pancochova,CZE,90.00,,https://en.wikipedia.org/wiki/Winter_X_Games_XVII,likely,wave2-xgames,live-source
winter-x-games--2013,slopestyle,womens,,,open,women,,3,Spencer O'Brien,CAN,88.66,,https://en.wikipedia.org/wiki/Winter_X_Games_XVII,likely,wave2-xgames,live-source
winter-x-games--2013,street-style,open,,,open,mixed,Snowboard Street Style,1,Louis-Felix Paradis,CAN,75,"X Games 'Snowboard Street', mapped to 'jib'.",https://en.wikipedia.org/wiki/Winter_X_Games_XVII | https://bleacherreport.com/articles/1500129-winter-x-games-2013-results-medal-tracker-and-competition-highlights,verified,wave2-xgames,live-source
winter-x-games--2013,street-style,open,,,open,mixed,Snowboard Street Style,2,Dylan Alito,USA,62,"X Games 'Snowboard Street', mapped to 'jib'.",https://en.wikipedia.org/wiki/Winter_X_Games_XVII | https://bleacherreport.com/articles/1500129-winter-x-games-2013-results-medal-tracker-and-competition-highlights,verified,wave2-xgames,live-source
winter-x-games--2013,street-style,open,,,open,mixed,Snowboard Street Style,3,Dylan Thompson,USA,59,"X Games 'Snowboard Street', mapped to 'jib'.",https://en.wikipedia.org/wiki/Winter_X_Games_XVII | https://bleacherreport.com/articles/1500129-winter-x-games-2013-results-medal-tracker-and-competition-highlights,verified,wave2-xgames,live-source
winter-x-games--2013,superpipe,mens,,,open,men,,1,Shaun White,USA,98.00,,https://en.wikipedia.org/wiki/Winter_X_Games_XVII | https://bleacherreport.com/articles/1500129-winter-x-games-2013-results-medal-tracker-and-competition-highlights,verified,wave2-xgames,live-source
winter-x-games--2013,superpipe,mens,,,open,men,,2,Ayumu Hirano,JPN,92.33,,https://en.wikipedia.org/wiki/Winter_X_Games_XVII | https://bleacherreport.com/articles/1500129-winter-x-games-2013-results-medal-tracker-and-competition-highlights,verified,wave2-xgames,live-source
winter-x-games--2013,superpipe,mens,,,open,men,,3,Markus Malin,FIN,91.33,,https://en.wikipedia.org/wiki/Winter_X_Games_XVII | https://bleacherreport.com/articles/1500129-winter-x-games-2013-results-medal-tracker-and-competition-highlights,verified,wave2-xgames,live-source
winter-x-games--2013,superpipe,womens,,,open,women,,1,Kelly Clark,USA,90.33,,https://en.wikipedia.org/wiki/Winter_X_Games_XVII,likely,wave2-xgames,live-source
winter-x-games--2013,superpipe,womens,,,open,women,,2,Elena Hight,USA,90.00,,https://en.wikipedia.org/wiki/Winter_X_Games_XVII,likely,wave2-xgames,live-source
winter-x-games--2013,superpipe,womens,,,open,women,,3,Arielle Gold,USA,85.00,,https://en.wikipedia.org/wiki/Winter_X_Games_XVII,likely,wave2-xgames,live-source
winter-x-games--2014,big-air,mens,,,open,men,,1,Max Parrot,CAN,47.00,Bronze medallist not given in the source.,https://bleacherreport.com/articles/1934769-winter-x-games-2014-results-medal-winners-trick-highlights-and-more,likely,wave2-xgames,live-source
winter-x-games--2014,big-air,mens,,,open,men,,2,Yuki Kadono,JPN,47.00,Bronze medallist not given in the source.,https://bleacherreport.com/articles/1934769-winter-x-games-2014-results-medal-winners-trick-highlights-and-more,likely,wave2-xgames,live-source
winter-x-games--2014,boardercross,mens,,,open,men,,1,Nate Holland,USA,,,https://bleacherreport.com/articles/1934769-winter-x-games-2014-results-medal-winners-trick-highlights-and-more,likely,wave2-xgames,live-source
winter-x-games--2014,boardercross,mens,,,open,men,,2,Alex Tuttle,USA,,,https://bleacherreport.com/articles/1934769-winter-x-games-2014-results-medal-winners-trick-highlights-and-more,likely,wave2-xgames,live-source
winter-x-games--2014,boardercross,mens,,,open,men,,3,Konstantin Schad,,,,https://bleacherreport.com/articles/1934769-winter-x-games-2014-results-medal-winners-trick-highlights-and-more,likely,wave2-xgames,live-source
winter-x-games--2014,boardercross,womens,,,open,women,,1,Lindsey Jacobellis,USA,,Bronze medallist not given in the source.,https://bleacherreport.com/articles/1934769-winter-x-games-2014-results-medal-winners-trick-highlights-and-more,likely,wave2-xgames,live-source
winter-x-games--2014,boardercross,womens,,,open,women,,2,Eva Samkova,,,Bronze medallist not given in the source.,https://bleacherreport.com/articles/1934769-winter-x-games-2014-results-medal-winners-trick-highlights-and-more,likely,wave2-xgames,live-source
winter-x-games--2014,slopestyle,mens,,,open,men,,1,Max Parrot,CAN,96.33,,https://bleacherreport.com/articles/1934769-winter-x-games-2014-results-medal-winners-trick-highlights-and-more,likely,wave2-xgames,live-source
winter-x-games--2014,slopestyle,mens,,,open,men,,2,Mark McMorris,CAN,95.66,,https://bleacherreport.com/articles/1934769-winter-x-games-2014-results-medal-winners-trick-highlights-and-more,likely,wave2-xgames,live-source
winter-x-games--2014,slopestyle,mens,,,open,men,,3,Stale Sandbech,NOR,90.00,,https://bleacherreport.com/articles/1934769-winter-x-games-2014-results-medal-winners-trick-highlights-and-more,likely,wave2-xgames,live-source
winter-x-games--2014,slopestyle,womens,,,open,women,,1,Silje Norendal,NOR,96.00,,https://bleacherreport.com/articles/1934769-winter-x-games-2014-results-medal-winners-trick-highlights-and-more,likely,wave2-xgames,live-source
winter-x-games--2014,slopestyle,womens,,,open,women,,2,Jamie Anderson,USA,95.66,,https://bleacherreport.com/articles/1934769-winter-x-games-2014-results-medal-winners-trick-highlights-and-more,likely,wave2-xgames,live-source
winter-x-games--2014,slopestyle,womens,,,open,women,,3,Spencer O'Brien,CAN,94.00,,https://bleacherreport.com/articles/1934769-winter-x-games-2014-results-medal-winners-trick-highlights-and-more,likely,wave2-xgames,live-source
winter-x-games--2014,superpipe,mens,,,open,men,,1,Danny Davis,USA,95.00,,https://bleacherreport.com/articles/1934769-winter-x-games-2014-results-medal-winners-trick-highlights-and-more,likely,wave2-xgames,live-source
winter-x-games--2014,superpipe,mens,,,open,men,,2,Louie Vito,USA,93.00,,https://bleacherreport.com/articles/1934769-winter-x-games-2014-results-medal-winners-trick-highlights-and-more,likely,wave2-xgames,live-source
winter-x-games--2014,superpipe,mens,,,open,men,,3,Greg Bretz,USA,89.33,,https://bleacherreport.com/articles/1934769-winter-x-games-2014-results-medal-winners-trick-highlights-and-more,likely,wave2-xgames,live-source
winter-x-games--2014,superpipe,womens,,,open,women,,1,Kelly Clark,USA,95.00,,https://bleacherreport.com/articles/1934769-winter-x-games-2014-results-medal-winners-trick-highlights-and-more,likely,wave2-xgames,live-source
winter-x-games--2014,superpipe,womens,,,open,women,,2,Chloe Kim,USA,94.33,,https://bleacherreport.com/articles/1934769-winter-x-games-2014-results-medal-winners-trick-highlights-and-more,likely,wave2-xgames,live-source
winter-x-games--2014,superpipe,womens,,,open,women,,3,Kaitlyn Farrington,USA,,,https://bleacherreport.com/articles/1934769-winter-x-games-2014-results-medal-winners-trick-highlights-and-more,likely,wave2-xgames,live-source
winter-x-games--2015,big-air,mens,,,open,men,,1,Mark McMorris,CAN,88,,https://bleacherreport.com/articles/2338407-winter-x-games-2015-daily-results-medal-winners-trick-highlights-from-aspen,likely,wave2-xgames,live-source
winter-x-games--2015,big-air,mens,,,open,men,,2,Maxence Parrot,,82,,https://bleacherreport.com/articles/2338407-winter-x-games-2015-daily-results-medal-winners-trick-highlights-from-aspen,likely,wave2-xgames,live-source
winter-x-games--2015,big-air,mens,,,open,men,,3,Yuki Kadono,,66,,https://bleacherreport.com/articles/2338407-winter-x-games-2015-daily-results-medal-winners-trick-highlights-from-aspen,likely,wave2-xgames,live-source
winter-x-games--2015,boardercross,mens,,,open,men,,1,Kevin Hill,,50.306,,https://bleacherreport.com/articles/2338407-winter-x-games-2015-daily-results-medal-winners-trick-highlights-from-aspen,likely,wave2-xgames,live-source
winter-x-games--2015,boardercross,mens,,,open,men,,2,Omar Visintin,,,,https://bleacherreport.com/articles/2338407-winter-x-games-2015-daily-results-medal-winners-trick-highlights-from-aspen,likely,wave2-xgames,live-source
winter-x-games--2015,boardercross,mens,,,open,men,,3,Nate Holland,,,,https://bleacherreport.com/articles/2338407-winter-x-games-2015-daily-results-medal-winners-trick-highlights-from-aspen,likely,wave2-xgames,live-source
winter-x-games--2015,boardercross,womens,,,open,women,,1,Lindsey Jacobellis,USA,,Bronze medallist not given in the source.,https://bleacherreport.com/articles/2338407-winter-x-games-2015-daily-results-medal-winners-trick-highlights-from-aspen,likely,wave2-xgames,live-source
winter-x-games--2015,boardercross,womens,,,open,women,,2,Dominique Maltais,,,Bronze medallist not given in the source.,https://bleacherreport.com/articles/2338407-winter-x-games-2015-daily-results-medal-winners-trick-highlights-from-aspen,likely,wave2-xgames,live-source
winter-x-games--2015,slopestyle,mens,,,open,men,,1,Mark McMorris,CAN,96.00,,https://bleacherreport.com/articles/2338407-winter-x-games-2015-daily-results-medal-winners-trick-highlights-from-aspen,likely,wave2-xgames,live-source
winter-x-games--2015,slopestyle,mens,,,open,men,,2,Stale Sandbech,,95.00,,https://bleacherreport.com/articles/2338407-winter-x-games-2015-daily-results-medal-winners-trick-highlights-from-aspen,likely,wave2-xgames,live-source
winter-x-games--2015,slopestyle,mens,,,open,men,,3,Sven Thorgren,,92.00,,https://bleacherreport.com/articles/2338407-winter-x-games-2015-daily-results-medal-winners-trick-highlights-from-aspen,likely,wave2-xgames,live-source
winter-x-games--2015,slopestyle,womens,,,open,women,,1,Silje Norendal,NOR,93.66,,https://bleacherreport.com/articles/2338407-winter-x-games-2015-daily-results-medal-winners-trick-highlights-from-aspen,likely,wave2-xgames,live-source
winter-x-games--2015,slopestyle,womens,,,open,women,,2,Jamie Anderson,USA,91.33,,https://bleacherreport.com/articles/2338407-winter-x-games-2015-daily-results-medal-winners-trick-highlights-from-aspen,likely,wave2-xgames,live-source
winter-x-games--2015,slopestyle,womens,,,open,women,,3,Christy Prior,NZL,89.33,,https://bleacherreport.com/articles/2338407-winter-x-games-2015-daily-results-medal-winners-trick-highlights-from-aspen,likely,wave2-xgames,live-source
winter-x-games--2015,superpipe,mens,,,open,men,,1,Danny Davis,,93.66,,https://bleacherreport.com/articles/2338407-winter-x-games-2015-daily-results-medal-winners-trick-highlights-from-aspen,likely,wave2-xgames,live-source
winter-x-games--2015,superpipe,mens,,,open,men,,2,Taku Hiraoka,,92.33,,https://bleacherreport.com/articles/2338407-winter-x-games-2015-daily-results-medal-winners-trick-highlights-from-aspen,likely,wave2-xgames,live-source
winter-x-games--2015,superpipe,mens,,,open,men,,3,Iouri Podladtchikov,,89.00,,https://bleacherreport.com/articles/2338407-winter-x-games-2015-daily-results-medal-winners-trick-highlights-from-aspen,likely,wave2-xgames,live-source
winter-x-games--2015,superpipe,womens,,,open,women,,1,Chloe Kim,,92.00,Bronze medallist not given in the source.,https://bleacherreport.com/articles/2338407-winter-x-games-2015-daily-results-medal-winners-trick-highlights-from-aspen,likely,wave2-xgames,live-source
winter-x-games--2015,superpipe,womens,,,open,women,,2,Kelly Clark,,90.00,Bronze medallist not given in the source.,https://bleacherreport.com/articles/2338407-winter-x-games-2015-daily-results-medal-winners-trick-highlights-from-aspen,likely,wave2-xgames,live-source
winter-x-games--2016,big-air,mens,,,open,men,,1,Max Parrot,CAN,93,,https://en.wikipedia.org/wiki/Winter_X_Games_XX,likely,wave2-xgames,live-source
winter-x-games--2016,big-air,mens,,,open,men,,2,Mark McMorris,CAN,91,,https://en.wikipedia.org/wiki/Winter_X_Games_XX,likely,wave2-xgames,live-source
winter-x-games--2016,big-air,mens,,,open,men,,3,Yuki Kadono,JPN,88,,https://en.wikipedia.org/wiki/Winter_X_Games_XX,likely,wave2-xgames,live-source
winter-x-games--2016,boardercross,mens,,,open,men,,1,Jarryd Hughes,AUS,0:59.292,,https://en.wikipedia.org/wiki/Winter_X_Games_XX,likely,wave2-xgames,live-source
winter-x-games--2016,boardercross,mens,,,open,men,,2,Alex Pullin,AUS,0:59.332,,https://en.wikipedia.org/wiki/Winter_X_Games_XX,likely,wave2-xgames,live-source
winter-x-games--2016,boardercross,mens,,,open,men,,3,Konstantin Schad,GER,0:59.522,,https://en.wikipedia.org/wiki/Winter_X_Games_XX,likely,wave2-xgames,live-source
winter-x-games--2016,boardercross,womens,,,open,women,,1,Lindsey Jacobellis,USA,1:00.957,,https://en.wikipedia.org/wiki/Winter_X_Games_XX,likely,wave2-xgames,live-source
winter-x-games--2016,boardercross,womens,,,open,women,,2,Eva Samkova,CZE,1:00.998,,https://en.wikipedia.org/wiki/Winter_X_Games_XX,likely,wave2-xgames,live-source
winter-x-games--2016,boardercross,womens,,,open,women,,3,Nelly Moenne Loccoz,FRA,1:02.943,,https://en.wikipedia.org/wiki/Winter_X_Games_XX,likely,wave2-xgames,live-source
winter-x-games--2016,slopestyle,mens,,,open,men,,1,Mark McMorris,CAN,92.66,,https://bleacherreport.com/articles/2612449-winter-x-games-2016-results-medal-winners-trick-highlights-from-saturday | https://en.wikipedia.org/wiki/Winter_X_Games_XX,verified,wave2-xgames,live-source
winter-x-games--2016,slopestyle,mens,,,open,men,,2,Sebastien Toutant,CAN,90.00,,https://bleacherreport.com/articles/2612449-winter-x-games-2016-results-medal-winners-trick-highlights-from-saturday | https://en.wikipedia.org/wiki/Winter_X_Games_XX,verified,wave2-xgames,live-source
winter-x-games--2016,slopestyle,mens,,,open,men,,3,Mons Roisland,NOR,86.33,,https://bleacherreport.com/articles/2612449-winter-x-games-2016-results-medal-winners-trick-highlights-from-saturday | https://en.wikipedia.org/wiki/Winter_X_Games_XX,verified,wave2-xgames,live-source
winter-x-games--2016,slopestyle,womens,,,open,women,,1,Spencer O'Brien,CAN,91.00,,https://en.wikipedia.org/wiki/Winter_X_Games_XX,likely,wave2-xgames,live-source
winter-x-games--2016,slopestyle,womens,,,open,women,,2,Jamie Anderson,USA,89.00,,https://en.wikipedia.org/wiki/Winter_X_Games_XX,likely,wave2-xgames,live-source
winter-x-games--2016,slopestyle,womens,,,open,women,,3,Hailey Langland,USA,88.00,,https://en.wikipedia.org/wiki/Winter_X_Games_XX,likely,wave2-xgames,live-source
winter-x-games--2016,superpipe,mens,,,open,men,,1,Matt Ladley,USA,82.33,,https://bleacherreport.com/articles/2612449-winter-x-games-2016-results-medal-winners-trick-highlights-from-saturday,verified,wave2-xgames,live-source
winter-x-games--2016,superpipe,mens,,,open,men,,2,Ben Ferguson,USA,79.00,,https://bleacherreport.com/articles/2612449-winter-x-games-2016-results-medal-winners-trick-highlights-from-saturday,verified,wave2-xgames,live-source
winter-x-games--2016,superpipe,mens,,,open,men,,3,Scotty James,AUS,76.00,,https://bleacherreport.com/articles/2612449-winter-x-games-2016-results-medal-winners-trick-highlights-from-saturday,verified,wave2-xgames,live-source
winter-x-games--2016,superpipe,womens,,,open,women,,1,Chloe Kim,USA,95.00,,https://en.wikipedia.org/wiki/Winter_X_Games_XX,likely,wave2-xgames,live-source
winter-x-games--2016,superpipe,womens,,,open,women,,2,Arielle Gold,USA,86.00,,https://en.wikipedia.org/wiki/Winter_X_Games_XX,likely,wave2-xgames,live-source
winter-x-games--2016,superpipe,womens,,,open,women,,3,Cai Xuetong,CHN,80.33,,https://en.wikipedia.org/wiki/Winter_X_Games_XX,likely,wave2-xgames,live-source
winter-x-games--2017,big-air,mens,,,open,men,,1,Max Parrot,CAN,83.00,,https://bleacherreport.com/articles/2689716-winter-x-games-2017-results-medal-winners-trick-highlights-from-friday | https://en.wikipedia.org/wiki/Winter_X_Games_XXI,verified,wave2-xgames,live-source
winter-x-games--2017,big-air,mens,,,open,men,,2,Marcus Kleveland,NOR,82.00,,https://bleacherreport.com/articles/2689716-winter-x-games-2017-results-medal-winners-trick-highlights-from-friday | https://en.wikipedia.org/wiki/Winter_X_Games_XXI,verified,wave2-xgames,live-source
winter-x-games--2017,big-air,mens,,,open,men,,3,Mark McMorris,CAN,73.00,,https://bleacherreport.com/articles/2689716-winter-x-games-2017-results-medal-winners-trick-highlights-from-friday | https://en.wikipedia.org/wiki/Winter_X_Games_XXI,verified,wave2-xgames,live-source
winter-x-games--2017,big-air,womens,,,open,women,,1,Hailey Langland,USA,66.00,,https://bleacherreport.com/articles/2689481-winter-x-games-2017-results-medal-winners-trick-highlights-from-thursday | https://en.wikipedia.org/wiki/Winter_X_Games_XXI,verified,wave2-xgames,live-source
winter-x-games--2017,big-air,womens,,,open,women,,2,Anna Gasser,AUT,64.00,,https://bleacherreport.com/articles/2689481-winter-x-games-2017-results-medal-winners-trick-highlights-from-thursday | https://en.wikipedia.org/wiki/Winter_X_Games_XXI,verified,wave2-xgames,live-source
winter-x-games--2017,big-air,womens,,,open,women,,3,Julia Marino,USA,61.00,,https://bleacherreport.com/articles/2689481-winter-x-games-2017-results-medal-winners-trick-highlights-from-thursday | https://en.wikipedia.org/wiki/Winter_X_Games_XXI,verified,wave2-xgames,live-source
winter-x-games--2017,slopestyle,mens,,,open,men,,1,Marcus Kleveland,NOR,91.66,,https://bleacherreport.com/articles/2689918-winter-x-games-2017-results-medal-winners-trick-highlights-from-sunday | https://en.wikipedia.org/wiki/Winter_X_Games_XXI,verified,wave2-xgames,live-source
winter-x-games--2017,slopestyle,mens,,,open,men,,2,Tyler Nicholson,CAN,89.00,,https://bleacherreport.com/articles/2689918-winter-x-games-2017-results-medal-winners-trick-highlights-from-sunday | https://en.wikipedia.org/wiki/Winter_X_Games_XXI,verified,wave2-xgames,live-source
winter-x-games--2017,slopestyle,mens,,,open,men,,3,Mark McMorris,CAN,87.33,,https://bleacherreport.com/articles/2689918-winter-x-games-2017-results-medal-winners-trick-highlights-from-sunday | https://en.wikipedia.org/wiki/Winter_X_Games_XXI,verified,wave2-xgames,live-source
winter-x-games--2017,slopestyle,womens,,,open,women,,1,Julia Marino,USA,94.66,,https://bleacherreport.com/articles/2689844-winter-x-games-2017-results-medal-winners-trick-highlights-from-saturday | https://en.wikipedia.org/wiki/Winter_X_Games_XXI,verified,wave2-xgames,live-source
winter-x-games--2017,slopestyle,womens,,,open,women,,2,Jamie Anderson,USA,91.33,,https://bleacherreport.com/articles/2689844-winter-x-games-2017-results-medal-winners-trick-highlights-from-saturday | https://en.wikipedia.org/wiki/Winter_X_Games_XXI,verified,wave2-xgames,live-source
winter-x-games--2017,slopestyle,womens,,,open,women,,3,Katie Ormerod,GBR,80.33,,https://bleacherreport.com/articles/2689844-winter-x-games-2017-results-medal-winners-trick-highlights-from-saturday | https://en.wikipedia.org/wiki/Winter_X_Games_XXI,verified,wave2-xgames,live-source
winter-x-games--2017,superpipe,mens,,,open,men,,1,Scotty James,AUS,90.00,,https://bleacherreport.com/articles/2689481-winter-x-games-2017-results-medal-winners-trick-highlights-from-thursday | https://en.wikipedia.org/wiki/Winter_X_Games_XXI,verified,wave2-xgames,live-source
winter-x-games--2017,superpipe,mens,,,open,men,,2,Matt Ladley,USA,80.00,,https://bleacherreport.com/articles/2689481-winter-x-games-2017-results-medal-winners-trick-highlights-from-thursday | https://en.wikipedia.org/wiki/Winter_X_Games_XXI,verified,wave2-xgames,live-source
winter-x-games--2017,superpipe,mens,,,open,men,,3,Taylor Gold,USA,79.00,,https://bleacherreport.com/articles/2689481-winter-x-games-2017-results-medal-winners-trick-highlights-from-thursday | https://en.wikipedia.org/wiki/Winter_X_Games_XXI,verified,wave2-xgames,live-source
winter-x-games--2017,superpipe,womens,,,open,women,,1,Elena Hight,USA,87.33,"Bronze omitted: Bleacher Report gives Kelly Clark 72.66, Wikipedia gives Chloe Kim 81.00. Unresolved - see open questions.",https://bleacherreport.com/articles/2689844-winter-x-games-2017-results-medal-winners-trick-highlights-from-saturday | https://en.wikipedia.org/wiki/Winter_X_Games_XXI,verified,wave2-xgames,live-source
winter-x-games--2017,superpipe,womens,,,open,women,,2,Cai Xuetong,CHN,85.00,"Bronze omitted: Bleacher Report gives Kelly Clark 72.66, Wikipedia gives Chloe Kim 81.00. Unresolved - see open questions.",https://bleacherreport.com/articles/2689844-winter-x-games-2017-results-medal-winners-trick-highlights-from-saturday | https://en.wikipedia.org/wiki/Winter_X_Games_XXI,verified,wave2-xgames,live-source
winter-x-games--2018,big-air,mens,,,open,men,,1,Max Parrot,CAN,75.00,Wikipedia's Winter X Games XXII medal table gives Parrot 74.00; score here follows the contemporaneous report.,https://bleacherreport.com/articles/2756468-winter-x-games-2018-full-results-medal-winners-and-best-trick-highlights,verified,wave2-xgames,live-source
winter-x-games--2018,big-air,mens,,,open,men,,2,Marcus Kleveland,NOR,73.00,Wikipedia's Winter X Games XXII medal table gives Parrot 74.00; score here follows the contemporaneous report.,https://bleacherreport.com/articles/2756468-winter-x-games-2018-full-results-medal-winners-and-best-trick-highlights,verified,wave2-xgames,live-source
winter-x-games--2018,big-air,mens,,,open,men,,3,Yuki Kadono,JPN,68.00,Wikipedia's Winter X Games XXII medal table gives Parrot 74.00; score here follows the contemporaneous report.,https://bleacherreport.com/articles/2756468-winter-x-games-2018-full-results-medal-winners-and-best-trick-highlights,verified,wave2-xgames,live-source
winter-x-games--2018,big-air,womens,,,open,women,,1,Anna Gasser,AUT,86.00,,https://bleacherreport.com/articles/2756468-winter-x-games-2018-full-results-medal-winners-and-best-trick-highlights,verified,wave2-xgames,live-source
winter-x-games--2018,big-air,womens,,,open,women,,2,Reira Iwabuchi,JPN,71.00,,https://bleacherreport.com/articles/2756468-winter-x-games-2018-full-results-medal-winners-and-best-trick-highlights,verified,wave2-xgames,live-source
winter-x-games--2018,big-air,womens,,,open,women,,3,Jamie Anderson,USA,71.00,,https://bleacherreport.com/articles/2756468-winter-x-games-2018-full-results-medal-winners-and-best-trick-highlights,verified,wave2-xgames,live-source
winter-x-games--2018,slopestyle,mens,,,open,men,,1,Marcus Kleveland,NOR,93.66,,https://bleacherreport.com/articles/2756468-winter-x-games-2018-full-results-medal-winners-and-best-trick-highlights,verified,wave2-xgames,live-source
winter-x-games--2018,slopestyle,mens,,,open,men,,2,Darcy Sharpe,CAN,91.00,,https://bleacherreport.com/articles/2756468-winter-x-games-2018-full-results-medal-winners-and-best-trick-highlights,verified,wave2-xgames,live-source
winter-x-games--2018,slopestyle,mens,,,open,men,,3,Mark McMorris,CAN,90.00,,https://bleacherreport.com/articles/2756468-winter-x-games-2018-full-results-medal-winners-and-best-trick-highlights,verified,wave2-xgames,live-source
winter-x-games--2018,slopestyle,womens,,,open,women,,1,Jamie Anderson,USA,94.00,,https://bleacherreport.com/articles/2756468-winter-x-games-2018-full-results-medal-winners-and-best-trick-highlights,verified,wave2-xgames,live-source
winter-x-games--2018,slopestyle,womens,,,open,women,,2,Julia Marino,USA,92.00,,https://bleacherreport.com/articles/2756468-winter-x-games-2018-full-results-medal-winners-and-best-trick-highlights,verified,wave2-xgames,live-source
winter-x-games--2018,slopestyle,womens,,,open,women,,3,Enni Rukajarvi,FIN,87.33,,https://bleacherreport.com/articles/2756468-winter-x-games-2018-full-results-medal-winners-and-best-trick-highlights,verified,wave2-xgames,live-source
winter-x-games--2018,superpipe,mens,,,open,men,,1,Ayumu Hirano,JPN,99.00,,https://bleacherreport.com/articles/2756468-winter-x-games-2018-full-results-medal-winners-and-best-trick-highlights,verified,wave2-xgames,live-source
winter-x-games--2018,superpipe,mens,,,open,men,,2,Scotty James,AUS,98.00,,https://bleacherreport.com/articles/2756468-winter-x-games-2018-full-results-medal-winners-and-best-trick-highlights,verified,wave2-xgames,live-source
winter-x-games--2018,superpipe,mens,,,open,men,,3,Ben Ferguson,USA,95.00,,https://bleacherreport.com/articles/2756468-winter-x-games-2018-full-results-medal-winners-and-best-trick-highlights,verified,wave2-xgames,live-source
winter-x-games--2018,superpipe,womens,,,open,women,,1,Chloe Kim,USA,93.33,,https://bleacherreport.com/articles/2756468-winter-x-games-2018-full-results-medal-winners-and-best-trick-highlights,verified,wave2-xgames,live-source
winter-x-games--2018,superpipe,womens,,,open,women,,2,Arielle Gold,USA,92.33,,https://bleacherreport.com/articles/2756468-winter-x-games-2018-full-results-medal-winners-and-best-trick-highlights,verified,wave2-xgames,live-source
winter-x-games--2018,superpipe,womens,,,open,women,,3,Maddie Mastro,USA,89.33,,https://bleacherreport.com/articles/2756468-winter-x-games-2018-full-results-medal-winners-and-best-trick-highlights,verified,wave2-xgames,live-source
winter-x-games--2019,big-air,mens,,,open,men,,1,Takeru Otsuka,JPN,,,https://espnpressroom.com/us/press-releases/2019/01/x-games-aspen-2019-day-two-news-and-results/,verified,wave2-xgames,live-source
winter-x-games--2019,big-air,mens,,,open,men,,2,Mark McMorris,CAN,,,https://espnpressroom.com/us/press-releases/2019/01/x-games-aspen-2019-day-two-news-and-results/,verified,wave2-xgames,live-source
winter-x-games--2019,big-air,mens,,,open,men,,3,Sven Thorgren,SWE,,,https://espnpressroom.com/us/press-releases/2019/01/x-games-aspen-2019-day-two-news-and-results/,verified,wave2-xgames,live-source
winter-x-games--2019,big-air,womens,,,open,women,,1,Laurie Blouin,CAN,77.00,,https://espnpressroom.com/us/press-releases/2019/01/x-games-aspen-2019-day-one-news-and-results/,verified,wave2-xgames,live-source
winter-x-games--2019,big-air,womens,,,open,women,,2,Zoi Sadowski-Synnott,NZL,,,https://espnpressroom.com/us/press-releases/2019/01/x-games-aspen-2019-day-one-news-and-results/,verified,wave2-xgames,live-source
winter-x-games--2019,big-air,womens,,,open,women,,3,Jamie Anderson,USA,,,https://espnpressroom.com/us/press-releases/2019/01/x-games-aspen-2019-day-one-news-and-results/,verified,wave2-xgames,live-source
winter-x-games--2019,knuckle-huck,open,,,open,mixed,Knuckle Huck,1,Fridtjof Saether Tischendorf,NOR,,"X Games 'Knuckle Huck'; no matching term in the brief's discipline vocabulary, recorded as 'other'. Source names the winner only.",https://espnpressroom.com/us/press-releases/2019/01/x-games-aspen-2019-day-three-news-and-results/,verified,wave2-xgames,live-source
winter-x-games--2019,slopestyle,mens,,,open,men,,1,Mark McMorris,CAN,,,https://espnpressroom.com/us/press-releases/2019/01/x-games-aspen-2019-day-three-news-and-results/,verified,wave2-xgames,live-source
winter-x-games--2019,slopestyle,mens,,,open,men,,2,Rene Rinnekangas,FIN,,,https://espnpressroom.com/us/press-releases/2019/01/x-games-aspen-2019-day-three-news-and-results/,verified,wave2-xgames,live-source
winter-x-games--2019,slopestyle,mens,,,open,men,,3,Mons Roisland,NOR,,,https://espnpressroom.com/us/press-releases/2019/01/x-games-aspen-2019-day-three-news-and-results/,verified,wave2-xgames,live-source
winter-x-games--2019,slopestyle,womens,,,open,women,,1,Zoi Sadowski-Synnott,NZL,,,https://espnpressroom.com/us/press-releases/2019/01/x-games-aspen-2019-day-three-news-and-results/,verified,wave2-xgames,live-source
winter-x-games--2019,slopestyle,womens,,,open,women,,2,Hailey Langland,USA,,,https://espnpressroom.com/us/press-releases/2019/01/x-games-aspen-2019-day-three-news-and-results/,verified,wave2-xgames,live-source
winter-x-games--2019,slopestyle,womens,,,open,women,,3,Enni Rukajarvi,FIN,,,https://espnpressroom.com/us/press-releases/2019/01/x-games-aspen-2019-day-three-news-and-results/,verified,wave2-xgames,live-source
winter-x-games--2019,superpipe,mens,,,open,men,,1,Scotty James,AUS,94.00,,https://espnpressroom.com/us/press-releases/2019/01/x-games-aspen-2019-day-four-news-and-results/,verified,wave2-xgames,live-source
winter-x-games--2019,superpipe,mens,,,open,men,,2,Yuto Totsuka,JPN,90.00,,https://espnpressroom.com/us/press-releases/2019/01/x-games-aspen-2019-day-four-news-and-results/,verified,wave2-xgames,live-source
winter-x-games--2019,superpipe,mens,,,open,men,,3,Danny Davis,USA,83.66,,https://espnpressroom.com/us/press-releases/2019/01/x-games-aspen-2019-day-four-news-and-results/,verified,wave2-xgames,live-source
winter-x-games--2019,superpipe,womens,,,open,women,,1,Chloe Kim,USA,84.00,,https://espnpressroom.com/us/press-releases/2019/01/x-games-aspen-2019-day-three-news-and-results/,verified,wave2-xgames,live-source
winter-x-games--2019,superpipe,womens,,,open,women,,2,Queralt Castellet,ESP,80.00,,https://espnpressroom.com/us/press-releases/2019/01/x-games-aspen-2019-day-three-news-and-results/,verified,wave2-xgames,live-source
winter-x-games--2019,superpipe,womens,,,open,women,,3,Cai Xuetong,CHN,,,https://espnpressroom.com/us/press-releases/2019/01/x-games-aspen-2019-day-three-news-and-results/,verified,wave2-xgames,live-source
winter-x-games--2020,big-air,mens,,,open,men,,1,Maxence Parrot,CAN,,,https://en.wikipedia.org/wiki/Winter_X_Games_XXIV,likely,wave2-xgames,live-source
winter-x-games--2020,big-air,mens,,,open,men,,2,Mark McMorris,CAN,,,https://en.wikipedia.org/wiki/Winter_X_Games_XXIV,likely,wave2-xgames,live-source
winter-x-games--2020,big-air,mens,,,open,men,,3,Sven Thorgren,SWE,,,https://en.wikipedia.org/wiki/Winter_X_Games_XXIV,likely,wave2-xgames,live-source
winter-x-games--2020,big-air,womens,,,open,women,,1,Miyabi Onitsuka,JPN,,,https://en.wikipedia.org/wiki/Winter_X_Games_XXIV,likely,wave2-xgames,live-source
winter-x-games--2020,big-air,womens,,,open,women,,2,Kokomo Murase,JPN,,,https://en.wikipedia.org/wiki/Winter_X_Games_XXIV,likely,wave2-xgames,live-source
winter-x-games--2020,big-air,womens,,,open,women,,3,Reira Iwabuchi,JPN,,,https://en.wikipedia.org/wiki/Winter_X_Games_XXIV,likely,wave2-xgames,live-source
winter-x-games--2020,knuckle-huck,mens,,,open,men,Knuckle Huck,1,Zeb Powell,USA,,"X Games 'Knuckle Huck'; no matching term in the brief's discipline vocabulary, recorded as 'other'. Source shows a gold medallist only.",https://en.wikipedia.org/wiki/Winter_X_Games_XXIV,likely,wave2-xgames,live-source
winter-x-games--2020,rail-jam,mens,,,open,men,,1,Jesse Paul,USA,,,https://en.wikipedia.org/wiki/Winter_X_Games_XXIV,likely,wave2-xgames,live-source
winter-x-games--2020,rail-jam,mens,,,open,men,,2,Darcy Sharpe,CAN,,,https://en.wikipedia.org/wiki/Winter_X_Games_XXIV,likely,wave2-xgames,live-source
winter-x-games--2020,rail-jam,mens,,,open,men,,3,Sven Thorgren,SWE,,,https://en.wikipedia.org/wiki/Winter_X_Games_XXIV,likely,wave2-xgames,live-source
winter-x-games--2020,slopestyle,mens,,,open,men,,1,Darcy Sharpe,CAN,,,https://en.wikipedia.org/wiki/Winter_X_Games_XXIV,likely,wave2-xgames,live-source
winter-x-games--2020,slopestyle,mens,,,open,men,,2,Mons Roisland,NOR,,,https://en.wikipedia.org/wiki/Winter_X_Games_XXIV,likely,wave2-xgames,live-source
winter-x-games--2020,slopestyle,mens,,,open,men,,3,Redmond Gerard,USA,,,https://en.wikipedia.org/wiki/Winter_X_Games_XXIV,likely,wave2-xgames,live-source
winter-x-games--2020,slopestyle,womens,,,open,women,,1,Jamie Anderson,USA,,,https://en.wikipedia.org/wiki/Winter_X_Games_XXIV,likely,wave2-xgames,live-source
winter-x-games--2020,slopestyle,womens,,,open,women,,2,Laurie Blouin,CAN,,,https://en.wikipedia.org/wiki/Winter_X_Games_XXIV,likely,wave2-xgames,live-source
winter-x-games--2020,slopestyle,womens,,,open,women,,3,Kokomo Murase,JPN,,,https://en.wikipedia.org/wiki/Winter_X_Games_XXIV,likely,wave2-xgames,live-source
winter-x-games--2020,superpipe,mens,,,open,men,,1,Scotty James,AUS,,,https://en.wikipedia.org/wiki/Winter_X_Games_XXIV,likely,wave2-xgames,live-source
winter-x-games--2020,superpipe,mens,,,open,men,,2,Yuto Totsuka,JPN,,,https://en.wikipedia.org/wiki/Winter_X_Games_XXIV,likely,wave2-xgames,live-source
winter-x-games--2020,superpipe,mens,,,open,men,,3,Jan Scherrer,SUI,,,https://en.wikipedia.org/wiki/Winter_X_Games_XXIV,likely,wave2-xgames,live-source
winter-x-games--2020,superpipe,womens,,,open,women,,1,Queralt Castellet,ESP,,,https://en.wikipedia.org/wiki/Winter_X_Games_XXIV,likely,wave2-xgames,live-source
winter-x-games--2020,superpipe,womens,,,open,women,,2,Kurumi Imai,JPN,,,https://en.wikipedia.org/wiki/Winter_X_Games_XXIV,likely,wave2-xgames,live-source
winter-x-games--2020,superpipe,womens,,,open,women,,3,Haruna Matsumoto,JPN,,,https://en.wikipedia.org/wiki/Winter_X_Games_XXIV,likely,wave2-xgames,live-source
winter-x-games--2021,big-air,mens,,,open,men,,1,Marcus Kleveland,NOR,,,https://en.wikipedia.org/wiki/Winter_X_Games_XXV,likely,wave2-xgames,live-source
winter-x-games--2021,big-air,mens,,,open,men,,2,Sven Thorgren,SWE,,,https://en.wikipedia.org/wiki/Winter_X_Games_XXV,likely,wave2-xgames,live-source
winter-x-games--2021,big-air,mens,,,open,men,,3,Mons Roisland,NOR,,,https://en.wikipedia.org/wiki/Winter_X_Games_XXV,likely,wave2-xgames,live-source
winter-x-games--2021,big-air,womens,,,open,women,,1,Jamie Anderson,USA,,,https://en.wikipedia.org/wiki/Winter_X_Games_XXV,likely,wave2-xgames,live-source
winter-x-games--2021,big-air,womens,,,open,women,,2,Miyabi Onitsuka,JPN,,,https://en.wikipedia.org/wiki/Winter_X_Games_XXV,likely,wave2-xgames,live-source
winter-x-games--2021,big-air,womens,,,open,women,,3,Zoi Sadowski-Synnott,NZL,,,https://en.wikipedia.org/wiki/Winter_X_Games_XXV,likely,wave2-xgames,live-source
winter-x-games--2021,knuckle-huck,mens,,,open,men,Knuckle Huck,1,Dusty Henricksen,USA,,"X Games 'Knuckle Huck'; no matching term in the brief's discipline vocabulary, recorded as 'other'. Source shows a gold medallist only; no silver or bronze listed.",https://en.wikipedia.org/wiki/Winter_X_Games_XXV,likely,wave2-xgames,live-source
winter-x-games--2021,slopestyle,mens,,,open,men,,1,Dusty Henricksen,USA,,,https://en.wikipedia.org/wiki/Winter_X_Games_XXV,likely,wave2-xgames,live-source
winter-x-games--2021,slopestyle,mens,,,open,men,,2,Mons Roisland,NOR,,,https://en.wikipedia.org/wiki/Winter_X_Games_XXV,likely,wave2-xgames,live-source
winter-x-games--2021,slopestyle,mens,,,open,men,,3,Rene Rinnekangas,FIN,,,https://en.wikipedia.org/wiki/Winter_X_Games_XXV,likely,wave2-xgames,live-source
winter-x-games--2021,slopestyle,womens,,,open,women,,1,Jamie Anderson,USA,,,https://en.wikipedia.org/wiki/Winter_X_Games_XXV,likely,wave2-xgames,live-source
winter-x-games--2021,slopestyle,womens,,,open,women,,2,Zoi Sadowski-Synnott,NZL,,,https://en.wikipedia.org/wiki/Winter_X_Games_XXV,likely,wave2-xgames,live-source
winter-x-games--2021,slopestyle,womens,,,open,women,,3,Laurie Blouin,CAN,,,https://en.wikipedia.org/wiki/Winter_X_Games_XXV,likely,wave2-xgames,live-source
winter-x-games--2021,superpipe,mens,,,open,men,,1,Yuto Totsuka,JPN,,,https://en.wikipedia.org/wiki/Winter_X_Games_XXV,likely,wave2-xgames,live-source
winter-x-games--2021,superpipe,mens,,,open,men,,2,Scotty James,AUS,,,https://en.wikipedia.org/wiki/Winter_X_Games_XXV,likely,wave2-xgames,live-source
winter-x-games--2021,superpipe,mens,,,open,men,,3,Ruka Hirano,JPN,,,https://en.wikipedia.org/wiki/Winter_X_Games_XXV,likely,wave2-xgames,live-source
winter-x-games--2021,superpipe,womens,,,open,women,,1,Chloe Kim,USA,,,https://en.wikipedia.org/wiki/Winter_X_Games_XXV,likely,wave2-xgames,live-source
winter-x-games--2021,superpipe,womens,,,open,women,,2,Maddie Mastro,USA,,,https://en.wikipedia.org/wiki/Winter_X_Games_XXV,likely,wave2-xgames,live-source
winter-x-games--2021,superpipe,womens,,,open,women,,3,Haruna Matsumoto,JPN,,,https://en.wikipedia.org/wiki/Winter_X_Games_XXV,likely,wave2-xgames,live-source
winter-x-games--2022,big-air,mens,,,open,men,,1,Marcus Kleveland,NOR,,,https://en.wikipedia.org/wiki/Winter_X_Games_XXVI,likely,wave2-xgames,live-source
winter-x-games--2022,big-air,mens,,,open,men,,2,Max Parrot,CAN,,,https://en.wikipedia.org/wiki/Winter_X_Games_XXVI,likely,wave2-xgames,live-source
winter-x-games--2022,big-air,mens,,,open,men,,3,Rene Rinnekangas,FIN,,,https://en.wikipedia.org/wiki/Winter_X_Games_XXVI,likely,wave2-xgames,live-source
winter-x-games--2022,big-air,womens,,,open,women,,1,Zoi Sadowski-Synnott,NZL,,,https://en.wikipedia.org/wiki/Winter_X_Games_XXVI,likely,wave2-xgames,live-source
winter-x-games--2022,big-air,womens,,,open,women,,2,Jamie Anderson,USA,,,https://en.wikipedia.org/wiki/Winter_X_Games_XXVI,likely,wave2-xgames,live-source
winter-x-games--2022,big-air,womens,,,open,women,,3,Miyabi Onitsuka,JPN,,,https://en.wikipedia.org/wiki/Winter_X_Games_XXVI,likely,wave2-xgames,live-source
winter-x-games--2022,knuckle-huck,open,,,open,mixed,Knuckle Huck,1,Marcus Kleveland,NOR,,"X Games 'Knuckle Huck'; no matching term in the brief's discipline vocabulary, recorded as 'other'.",https://en.wikipedia.org/wiki/Winter_X_Games_XXVI,likely,wave2-xgames,live-source
winter-x-games--2022,knuckle-huck,open,,,open,mixed,Knuckle Huck,2,Fridtjof Tischendorf,NOR,,"X Games 'Knuckle Huck'; no matching term in the brief's discipline vocabulary, recorded as 'other'.",https://en.wikipedia.org/wiki/Winter_X_Games_XXVI,likely,wave2-xgames,live-source
winter-x-games--2022,knuckle-huck,open,,,open,mixed,Knuckle Huck,3,Dusty Henricksen,USA,,"X Games 'Knuckle Huck'; no matching term in the brief's discipline vocabulary, recorded as 'other'.",https://en.wikipedia.org/wiki/Winter_X_Games_XXVI,likely,wave2-xgames,live-source
winter-x-games--2022,slopestyle,mens,,,open,men,,1,Mark McMorris,CAN,,,https://en.wikipedia.org/wiki/Winter_X_Games_XXVI,likely,wave2-xgames,live-source
winter-x-games--2022,slopestyle,mens,,,open,men,,2,Marcus Kleveland,NOR,,,https://en.wikipedia.org/wiki/Winter_X_Games_XXVI,likely,wave2-xgames,live-source
winter-x-games--2022,slopestyle,mens,,,open,men,,3,Sven Thorgren,SWE,,,https://en.wikipedia.org/wiki/Winter_X_Games_XXVI,likely,wave2-xgames,live-source
winter-x-games--2022,slopestyle,womens,,,open,women,,1,Zoi Sadowski-Synnott,NZL,,,https://en.wikipedia.org/wiki/Winter_X_Games_XXVI,likely,wave2-xgames,live-source
winter-x-games--2022,slopestyle,womens,,,open,women,,2,Jamie Anderson,USA,,,https://en.wikipedia.org/wiki/Winter_X_Games_XXVI,likely,wave2-xgames,live-source
winter-x-games--2022,slopestyle,womens,,,open,women,,3,Laurie Blouin,CAN,,,https://en.wikipedia.org/wiki/Winter_X_Games_XXVI,likely,wave2-xgames,live-source
winter-x-games--2022,superpipe,mens,,,open,men,,1,Scotty James,AUS,,,https://en.wikipedia.org/wiki/Winter_X_Games_XXVI,likely,wave2-xgames,live-source
winter-x-games--2022,superpipe,mens,,,open,men,,2,Ayumu Hirano,JPN,,,https://en.wikipedia.org/wiki/Winter_X_Games_XXVI,likely,wave2-xgames,live-source
winter-x-games--2022,superpipe,mens,,,open,men,,3,Kaishu Hirano,JPN,,,https://en.wikipedia.org/wiki/Winter_X_Games_XXVI,likely,wave2-xgames,live-source
winter-x-games--2022,superpipe,womens,,,open,women,,1,Sena Tomita,JPN,,,https://en.wikipedia.org/wiki/Winter_X_Games_XXVI,likely,wave2-xgames,live-source
winter-x-games--2022,superpipe,womens,,,open,women,,2,Queralt Castellet,ESP,,,https://en.wikipedia.org/wiki/Winter_X_Games_XXVI,likely,wave2-xgames,live-source
winter-x-games--2022,superpipe,womens,,,open,women,,3,Haruna Matsumoto,JPN,,,https://en.wikipedia.org/wiki/Winter_X_Games_XXVI,likely,wave2-xgames,live-source
winter-x-games--2023,big-air,mens,,,open,men,,1,Marcus Kleveland,NOR,,,https://en.wikipedia.org/wiki/Winter_X_Games_XXVII | https://bleacherreport.com/articles/10063420-winter-x-games-2023-full-results-medal-winners-and-best-trick-highlights,verified,wave2-xgames,live-source
winter-x-games--2023,big-air,mens,,,open,men,,2,Takeru Otsuka,JPN,,,https://en.wikipedia.org/wiki/Winter_X_Games_XXVII | https://bleacherreport.com/articles/10063420-winter-x-games-2023-full-results-medal-winners-and-best-trick-highlights,verified,wave2-xgames,live-source
winter-x-games--2023,big-air,mens,,,open,men,,3,Su Yiming,CHN,,,https://en.wikipedia.org/wiki/Winter_X_Games_XXVII | https://bleacherreport.com/articles/10063420-winter-x-games-2023-full-results-medal-winners-and-best-trick-highlights,verified,wave2-xgames,live-source
winter-x-games--2023,big-air,womens,,,open,women,,1,Reira Iwabuchi,JPN,,,https://en.wikipedia.org/wiki/Winter_X_Games_XXVII | https://bleacherreport.com/articles/10063420-winter-x-games-2023-full-results-medal-winners-and-best-trick-highlights,verified,wave2-xgames,live-source
winter-x-games--2023,big-air,womens,,,open,women,,2,Zoi Sadowski-Synnott,NZL,,,https://en.wikipedia.org/wiki/Winter_X_Games_XXVII | https://bleacherreport.com/articles/10063420-winter-x-games-2023-full-results-medal-winners-and-best-trick-highlights,verified,wave2-xgames,live-source
winter-x-games--2023,big-air,womens,,,open,women,,3,Laurie Blouin,CAN,,,https://en.wikipedia.org/wiki/Winter_X_Games_XXVII | https://bleacherreport.com/articles/10063420-winter-x-games-2023-full-results-medal-winners-and-best-trick-highlights,verified,wave2-xgames,live-source
winter-x-games--2023,knuckle-huck,open,,,open,mixed,Knuckle Huck,1,Marcus Kleveland,NOR,,"X Games 'Knuckle Huck'; no matching term in the brief's discipline vocabulary, recorded as 'other'. Run as a single open/mixed event.",https://en.wikipedia.org/wiki/Winter_X_Games_XXVII | https://bleacherreport.com/articles/10063420-winter-x-games-2023-full-results-medal-winners-and-best-trick-highlights,verified,wave2-xgames,live-source
winter-x-games--2023,knuckle-huck,open,,,open,mixed,Knuckle Huck,2,Halldor Helgason,ISL,,"X Games 'Knuckle Huck'; no matching term in the brief's discipline vocabulary, recorded as 'other'. Run as a single open/mixed event.",https://en.wikipedia.org/wiki/Winter_X_Games_XXVII | https://bleacherreport.com/articles/10063420-winter-x-games-2023-full-results-medal-winners-and-best-trick-highlights,verified,wave2-xgames,live-source
winter-x-games--2023,knuckle-huck,open,,,open,mixed,Knuckle Huck,3,Dusty Henricksen,USA,,"X Games 'Knuckle Huck'; no matching term in the brief's discipline vocabulary, recorded as 'other'. Run as a single open/mixed event.",https://en.wikipedia.org/wiki/Winter_X_Games_XXVII | https://bleacherreport.com/articles/10063420-winter-x-games-2023-full-results-medal-winners-and-best-trick-highlights,verified,wave2-xgames,live-source
winter-x-games--2023,slopestyle,mens,,,open,men,,1,Mark McMorris,CAN,,,https://en.wikipedia.org/wiki/Winter_X_Games_XXVII | https://bleacherreport.com/articles/10063420-winter-x-games-2023-full-results-medal-winners-and-best-trick-highlights,verified,wave2-xgames,live-source
winter-x-games--2023,slopestyle,mens,,,open,men,,2,Marcus Kleveland,NOR,,,https://en.wikipedia.org/wiki/Winter_X_Games_XXVII | https://bleacherreport.com/articles/10063420-winter-x-games-2023-full-results-medal-winners-and-best-trick-highlights,verified,wave2-xgames,live-source
winter-x-games--2023,slopestyle,mens,,,open,men,,3,Mons Roisland,NOR,,,https://en.wikipedia.org/wiki/Winter_X_Games_XXVII | https://bleacherreport.com/articles/10063420-winter-x-games-2023-full-results-medal-winners-and-best-trick-highlights,verified,wave2-xgames,live-source
winter-x-games--2023,slopestyle,womens,,,open,women,,1,Zoi Sadowski-Synnott,NZL,,,https://en.wikipedia.org/wiki/Winter_X_Games_XXVII | https://bleacherreport.com/articles/10063420-winter-x-games-2023-full-results-medal-winners-and-best-trick-highlights,verified,wave2-xgames,live-source
winter-x-games--2023,slopestyle,womens,,,open,women,,2,Tess Coady,AUS,,,https://en.wikipedia.org/wiki/Winter_X_Games_XXVII | https://bleacherreport.com/articles/10063420-winter-x-games-2023-full-results-medal-winners-and-best-trick-highlights,verified,wave2-xgames,live-source
winter-x-games--2023,slopestyle,womens,,,open,women,,3,Kokomo Murase,JPN,,,https://en.wikipedia.org/wiki/Winter_X_Games_XXVII | https://bleacherreport.com/articles/10063420-winter-x-games-2023-full-results-medal-winners-and-best-trick-highlights,verified,wave2-xgames,live-source
winter-x-games--2023,superpipe,mens,,,open,men,,1,Scotty James,AUS,,,https://en.wikipedia.org/wiki/Winter_X_Games_XXVII | https://bleacherreport.com/articles/10063420-winter-x-games-2023-full-results-medal-winners-and-best-trick-highlights,verified,wave2-xgames,live-source
winter-x-games--2023,superpipe,mens,,,open,men,,2,Jan Scherrer,SUI,,,https://en.wikipedia.org/wiki/Winter_X_Games_XXVII | https://bleacherreport.com/articles/10063420-winter-x-games-2023-full-results-medal-winners-and-best-trick-highlights,verified,wave2-xgames,live-source
winter-x-games--2023,superpipe,mens,,,open,men,,3,Valentino Guseli,AUS,,,https://en.wikipedia.org/wiki/Winter_X_Games_XXVII | https://bleacherreport.com/articles/10063420-winter-x-games-2023-full-results-medal-winners-and-best-trick-highlights,verified,wave2-xgames,live-source
winter-x-games--2023,superpipe,womens,,,open,women,,1,Gaon Choi,KOR,,,https://en.wikipedia.org/wiki/Winter_X_Games_XXVII | https://bleacherreport.com/articles/10063420-winter-x-games-2023-full-results-medal-winners-and-best-trick-highlights,verified,wave2-xgames,live-source
winter-x-games--2023,superpipe,womens,,,open,women,,2,Maddie Mastro,USA,,,https://en.wikipedia.org/wiki/Winter_X_Games_XXVII | https://bleacherreport.com/articles/10063420-winter-x-games-2023-full-results-medal-winners-and-best-trick-highlights,verified,wave2-xgames,live-source
winter-x-games--2023,superpipe,womens,,,open,women,,3,Cai Xuetong,CHN,,,https://en.wikipedia.org/wiki/Winter_X_Games_XXVII | https://bleacherreport.com/articles/10063420-winter-x-games-2023-full-results-medal-winners-and-best-trick-highlights,verified,wave2-xgames,live-source
winter-x-games--2024,big-air,mens,,,open,men,,1,Taiga Hasegawa,JPN,,,https://en.wikipedia.org/wiki/Winter_X_Games_XXVIII,likely,wave2-xgames,live-source
winter-x-games--2024,big-air,mens,,,open,men,,2,Hiroaki Kunitake,JPN,,,https://en.wikipedia.org/wiki/Winter_X_Games_XXVIII,likely,wave2-xgames,live-source
winter-x-games--2024,big-air,mens,,,open,men,,3,Mons Roisland,NOR,,,https://en.wikipedia.org/wiki/Winter_X_Games_XXVIII,likely,wave2-xgames,live-source
winter-x-games--2024,big-air,womens,,,open,women,,1,Kokomo Murase,JPN,,,https://en.wikipedia.org/wiki/Winter_X_Games_XXVIII,likely,wave2-xgames,live-source
winter-x-games--2024,big-air,womens,,,open,women,,2,Reira Iwabuchi,JPN,,,https://en.wikipedia.org/wiki/Winter_X_Games_XXVIII,likely,wave2-xgames,live-source
winter-x-games--2024,big-air,womens,,,open,women,,3,Anna Gasser,AUT,,,https://en.wikipedia.org/wiki/Winter_X_Games_XXVIII,likely,wave2-xgames,live-source
winter-x-games--2024,knuckle-huck,mens,,,open,men,Knuckle Huck,1,Liam Brearley,CAN,,"X Games 'Knuckle Huck'; no matching term in the brief's discipline vocabulary, recorded as 'other'.",https://en.wikipedia.org/wiki/Winter_X_Games_XXVIII,likely,wave2-xgames,live-source
winter-x-games--2024,knuckle-huck,mens,,,open,men,Knuckle Huck,2,Zeb Powell,USA,,"X Games 'Knuckle Huck'; no matching term in the brief's discipline vocabulary, recorded as 'other'.",https://en.wikipedia.org/wiki/Winter_X_Games_XXVIII,likely,wave2-xgames,live-source
winter-x-games--2024,knuckle-huck,mens,,,open,men,Knuckle Huck,3,Darcy Sharpe,CAN,,"X Games 'Knuckle Huck'; no matching term in the brief's discipline vocabulary, recorded as 'other'.",https://en.wikipedia.org/wiki/Winter_X_Games_XXVIII,likely,wave2-xgames,live-source
winter-x-games--2024,knuckle-huck,womens,,,open,women,Knuckle Huck,1,Kokomo Murase,JPN,,"X Games 'Knuckle Huck'; no matching term in the brief's discipline vocabulary, recorded as 'other'. Source gave Egan Wint's nationality as Colombia; a 2023 Dew Tour results page gives USA, so nationality left null.",https://en.wikipedia.org/wiki/Winter_X_Games_XXVIII,likely,wave2-xgames,live-source
winter-x-games--2024,knuckle-huck,womens,,,open,women,Knuckle Huck,2,Annika Morgan,GER,,"X Games 'Knuckle Huck'; no matching term in the brief's discipline vocabulary, recorded as 'other'. Source gave Egan Wint's nationality as Colombia; a 2023 Dew Tour results page gives USA, so nationality left null.",https://en.wikipedia.org/wiki/Winter_X_Games_XXVIII,likely,wave2-xgames,live-source
winter-x-games--2024,knuckle-huck,womens,,,open,women,Knuckle Huck,3,Egan Wint,,,"X Games 'Knuckle Huck'; no matching term in the brief's discipline vocabulary, recorded as 'other'. Source gave Egan Wint's nationality as Colombia; a 2023 Dew Tour results page gives USA, so nationality left null.",https://en.wikipedia.org/wiki/Winter_X_Games_XXVIII,likely,wave2-xgames,live-source
winter-x-games--2024,slopestyle,mens,,,open,men,,1,Red Gerard,USA,,,https://en.wikipedia.org/wiki/Winter_X_Games_XXVIII,likely,wave2-xgames,live-source
winter-x-games--2024,slopestyle,mens,,,open,men,,2,Mark McMorris,CAN,,,https://en.wikipedia.org/wiki/Winter_X_Games_XXVIII,likely,wave2-xgames,live-source
winter-x-games--2024,slopestyle,mens,,,open,men,,3,Mons Roisland,NOR,,,https://en.wikipedia.org/wiki/Winter_X_Games_XXVIII,likely,wave2-xgames,live-source
winter-x-games--2024,slopestyle,womens,,,open,women,,1,Mia Brookes,GBR,,,https://en.wikipedia.org/wiki/Winter_X_Games_XXVIII,likely,wave2-xgames,live-source
winter-x-games--2024,slopestyle,womens,,,open,women,,2,Kokomo Murase,JPN,,,https://en.wikipedia.org/wiki/Winter_X_Games_XXVIII,likely,wave2-xgames,live-source
winter-x-games--2024,slopestyle,womens,,,open,women,,3,Reira Iwabuchi,JPN,,,https://en.wikipedia.org/wiki/Winter_X_Games_XXVIII,likely,wave2-xgames,live-source
winter-x-games--2024,superpipe,mens,,,open,men,,1,Scotty James,AUS,,,https://en.wikipedia.org/wiki/Winter_X_Games_XXVIII,likely,wave2-xgames,live-source
winter-x-games--2024,superpipe,mens,,,open,men,,2,Ruka Hirano,JPN,,,https://en.wikipedia.org/wiki/Winter_X_Games_XXVIII,likely,wave2-xgames,live-source
winter-x-games--2024,superpipe,mens,,,open,men,,3,Kaishu Hirano,JPN,,,https://en.wikipedia.org/wiki/Winter_X_Games_XXVIII,likely,wave2-xgames,live-source
winter-x-games--2024,superpipe,womens,,,open,women,,1,Chloe Kim,USA,,,https://en.wikipedia.org/wiki/Winter_X_Games_XXVIII,likely,wave2-xgames,live-source
winter-x-games--2024,superpipe,womens,,,open,women,,2,Mitsuki Ono,JPN,,,https://en.wikipedia.org/wiki/Winter_X_Games_XXVIII,likely,wave2-xgames,live-source
winter-x-games--2024,superpipe,womens,,,open,women,,3,Cai Xuetong,CHN,,,https://en.wikipedia.org/wiki/Winter_X_Games_XXVIII,likely,wave2-xgames,live-source
winter-x-games--2025,big-air,mens,,,open,men,,1,Hiroto Ogiwara,JPN,97.33,,https://bleacherreport.com/articles/10152214-winter-x-games-2025-full-results-medal-winners-and-best-trick-highlights,likely,wave2-xgames,live-source
winter-x-games--2025,big-air,mens,,,open,men,,2,Taiga Hasegawa,JPN,94.66,,https://bleacherreport.com/articles/10152214-winter-x-games-2025-full-results-medal-winners-and-best-trick-highlights,likely,wave2-xgames,live-source
winter-x-games--2025,big-air,mens,,,open,men,,3,Rocco Jamieson,NZL,91.33,,https://bleacherreport.com/articles/10152214-winter-x-games-2025-full-results-medal-winners-and-best-trick-highlights,likely,wave2-xgames,live-source
winter-x-games--2025,big-air,womens,,,open,women,,1,Anna Gasser,AUT,93.66,,https://bleacherreport.com/articles/10152214-winter-x-games-2025-full-results-medal-winners-and-best-trick-highlights,likely,wave2-xgames,live-source
winter-x-games--2025,big-air,womens,,,open,women,,2,Reira Iwabuchi,JPN,93.00,,https://bleacherreport.com/articles/10152214-winter-x-games-2025-full-results-medal-winners-and-best-trick-highlights,likely,wave2-xgames,live-source
winter-x-games--2025,big-air,womens,,,open,women,,3,Zoi Sadowski-Synnott,NZL,92.66,,https://bleacherreport.com/articles/10152214-winter-x-games-2025-full-results-medal-winners-and-best-trick-highlights,likely,wave2-xgames,live-source
winter-x-games--2025,knuckle-huck,mens,,,open,men,Knuckle Huck,1,Ziyang Wang,CHN,,"X Games 'Knuckle Huck'; no matching term in the brief's discipline vocabulary, recorded as 'other'.",https://bleacherreport.com/articles/10152214-winter-x-games-2025-full-results-medal-winners-and-best-trick-highlights,likely,wave2-xgames,live-source
winter-x-games--2025,knuckle-huck,mens,,,open,men,Knuckle Huck,2,Patrick Hofmann,SUI,,"X Games 'Knuckle Huck'; no matching term in the brief's discipline vocabulary, recorded as 'other'.",https://bleacherreport.com/articles/10152214-winter-x-games-2025-full-results-medal-winners-and-best-trick-highlights,likely,wave2-xgames,live-source
winter-x-games--2025,knuckle-huck,mens,,,open,men,Knuckle Huck,3,Dusty Henricksen,USA,,"X Games 'Knuckle Huck'; no matching term in the brief's discipline vocabulary, recorded as 'other'.",https://bleacherreport.com/articles/10152214-winter-x-games-2025-full-results-medal-winners-and-best-trick-highlights,likely,wave2-xgames,live-source
winter-x-games--2025,knuckle-huck,womens,,,open,women,Knuckle Huck,1,Kokomo Murase,JPN,,"X Games 'Knuckle Huck'; no matching term in the brief's discipline vocabulary, recorded as 'other'.",https://bleacherreport.com/articles/10152214-winter-x-games-2025-full-results-medal-winners-and-best-trick-highlights,likely,wave2-xgames,live-source
winter-x-games--2025,knuckle-huck,womens,,,open,women,Knuckle Huck,2,Mia Brookes,GBR,,"X Games 'Knuckle Huck'; no matching term in the brief's discipline vocabulary, recorded as 'other'.",https://bleacherreport.com/articles/10152214-winter-x-games-2025-full-results-medal-winners-and-best-trick-highlights,likely,wave2-xgames,live-source
winter-x-games--2025,knuckle-huck,womens,,,open,women,Knuckle Huck,3,Lily Dhawornvej,USA,,"X Games 'Knuckle Huck'; no matching term in the brief's discipline vocabulary, recorded as 'other'.",https://bleacherreport.com/articles/10152214-winter-x-games-2025-full-results-medal-winners-and-best-trick-highlights,likely,wave2-xgames,live-source
winter-x-games--2025,slopestyle,mens,,,open,men,,1,Red Gerard,USA,92.66,,https://bleacherreport.com/articles/10152214-winter-x-games-2025-full-results-medal-winners-and-best-trick-highlights,likely,wave2-xgames,live-source
winter-x-games--2025,slopestyle,mens,,,open,men,,2,Mark McMorris,CAN,90.33,,https://bleacherreport.com/articles/10152214-winter-x-games-2025-full-results-medal-winners-and-best-trick-highlights,likely,wave2-xgames,live-source
winter-x-games--2025,slopestyle,mens,,,open,men,,3,Taiga Hasegawa,JPN,81.00,,https://bleacherreport.com/articles/10152214-winter-x-games-2025-full-results-medal-winners-and-best-trick-highlights,likely,wave2-xgames,live-source
winter-x-games--2025,slopestyle,womens,,,open,women,,1,Zoi Sadowski-Synnott,NZL,94.66,,https://bleacherreport.com/articles/10152214-winter-x-games-2025-full-results-medal-winners-and-best-trick-highlights,likely,wave2-xgames,live-source
winter-x-games--2025,slopestyle,womens,,,open,women,,2,Kokomo Murase,JPN,90.33,,https://bleacherreport.com/articles/10152214-winter-x-games-2025-full-results-medal-winners-and-best-trick-highlights,likely,wave2-xgames,live-source
winter-x-games--2025,slopestyle,womens,,,open,women,,3,Mia Brookes,GBR,88.33,,https://bleacherreport.com/articles/10152214-winter-x-games-2025-full-results-medal-winners-and-best-trick-highlights,likely,wave2-xgames,live-source
winter-x-games--2025,street-style,mens,,,open,men,Snowboard Street Style,1,Frank Jobin,CAN,,"X Games / Dew Tour 'Street Style' / 'Streetstyle' rail-and-urban-feature format, mapped to 'jib'.",https://bleacherreport.com/articles/10152214-winter-x-games-2025-full-results-medal-winners-and-best-trick-highlights,likely,wave2-xgames,live-source
winter-x-games--2025,street-style,mens,,,open,men,Snowboard Street Style,2,Nate Haust,USA,,"X Games / Dew Tour 'Street Style' / 'Streetstyle' rail-and-urban-feature format, mapped to 'jib'.",https://bleacherreport.com/articles/10152214-winter-x-games-2025-full-results-medal-winners-and-best-trick-highlights,likely,wave2-xgames,live-source
winter-x-games--2025,street-style,mens,,,open,men,Snowboard Street Style,3,Benny Milam,USA,,"X Games / Dew Tour 'Street Style' / 'Streetstyle' rail-and-urban-feature format, mapped to 'jib'.",https://bleacherreport.com/articles/10152214-winter-x-games-2025-full-results-medal-winners-and-best-trick-highlights,likely,wave2-xgames,live-source
winter-x-games--2025,street-style,womens,,,open,women,Snowboard Street Style,1,Iris Pham,USA,,"X Games / Dew Tour 'Street Style' / 'Streetstyle' rail-and-urban-feature format, mapped to 'jib'.",https://bleacherreport.com/articles/10152214-winter-x-games-2025-full-results-medal-winners-and-best-trick-highlights,likely,wave2-xgames,live-source
winter-x-games--2025,street-style,womens,,,open,women,Snowboard Street Style,2,Telma Sarkipaju,FIN,,"X Games / Dew Tour 'Street Style' / 'Streetstyle' rail-and-urban-feature format, mapped to 'jib'.",https://bleacherreport.com/articles/10152214-winter-x-games-2025-full-results-medal-winners-and-best-trick-highlights,likely,wave2-xgames,live-source
winter-x-games--2025,street-style,womens,,,open,women,Snowboard Street Style,3,Jaylen Hanson,USA,,"X Games / Dew Tour 'Street Style' / 'Streetstyle' rail-and-urban-feature format, mapped to 'jib'.",https://bleacherreport.com/articles/10152214-winter-x-games-2025-full-results-medal-winners-and-best-trick-highlights,likely,wave2-xgames,live-source
winter-x-games--2025,superpipe,mens,,,open,men,,1,Scotty James,AUS,96.33,,https://bleacherreport.com/articles/10152214-winter-x-games-2025-full-results-medal-winners-and-best-trick-highlights,likely,wave2-xgames,live-source
winter-x-games--2025,superpipe,mens,,,open,men,,2,Yuto Totsuka,JPN,93.66,,https://bleacherreport.com/articles/10152214-winter-x-games-2025-full-results-medal-winners-and-best-trick-highlights,likely,wave2-xgames,live-source
winter-x-games--2025,superpipe,mens,,,open,men,,3,Ayumu Hirano,JPN,92.33,,https://bleacherreport.com/articles/10152214-winter-x-games-2025-full-results-medal-winners-and-best-trick-highlights,likely,wave2-xgames,live-source
winter-x-games--2025,superpipe,womens,,,open,women,,1,Chloe Kim,USA,93.33,,https://bleacherreport.com/articles/10152214-winter-x-games-2025-full-results-medal-winners-and-best-trick-highlights,likely,wave2-xgames,live-source
winter-x-games--2025,superpipe,womens,,,open,women,,2,Maddie Mastro,USA,89.66,,https://bleacherreport.com/articles/10152214-winter-x-games-2025-full-results-medal-winners-and-best-trick-highlights,likely,wave2-xgames,live-source
winter-x-games--2025,superpipe,womens,,,open,women,,3,Sara Shimizu,JPN,87.33,,https://bleacherreport.com/articles/10152214-winter-x-games-2025-full-results-medal-winners-and-best-trick-highlights,likely,wave2-xgames,live-source
winter-x-games--2026,big-air,mens,,,open,men,,1,Hiroto Ogiwara,JPN,93.66,,https://www.xgames.com/news/x-games-aspen-2026-driven-by-jeep-day-two-results/,verified,wave2-xgames,live-source
winter-x-games--2026,big-air,mens,,,open,men,,2,Rocco Jamieson,NZL,,,https://www.xgames.com/news/x-games-aspen-2026-driven-by-jeep-day-two-results/,verified,wave2-xgames,live-source
winter-x-games--2026,big-air,mens,,,open,men,,3,Kira Kimura,JPN,,,https://www.xgames.com/news/x-games-aspen-2026-driven-by-jeep-day-two-results/,verified,wave2-xgames,live-source
winter-x-games--2026,big-air,womens,,,open,women,,1,Kokomo Murase,JPN,96.66,,https://www.xgames.com/news/x-games-aspen-2026-driven-by-jeep-day-two-results/,verified,wave2-xgames,live-source
winter-x-games--2026,big-air,womens,,,open,women,,2,Zoi Sadowski-Synnott,NZL,93.33,,https://www.xgames.com/news/x-games-aspen-2026-driven-by-jeep-day-two-results/,verified,wave2-xgames,live-source
winter-x-games--2026,big-air,womens,,,open,women,,3,Mia Brookes,GBR,,,https://www.xgames.com/news/x-games-aspen-2026-driven-by-jeep-day-two-results/,verified,wave2-xgames,live-source
winter-x-games--2026,knuckle-huck,mens,,,open,men,Knuckle Huck,1,Rene Rinnekangas,FIN,,"X Games 'Knuckle Huck'; no matching term in the brief's discipline vocabulary, recorded as 'other'.",https://www.xgames.com/news/x-games-aspen-2026-driven-by-jeep-day-three-results/,verified,wave2-xgames,live-source
winter-x-games--2026,knuckle-huck,mens,,,open,men,Knuckle Huck,2,Halldor Helgason,ISL,,"X Games 'Knuckle Huck'; no matching term in the brief's discipline vocabulary, recorded as 'other'.",https://www.xgames.com/news/x-games-aspen-2026-driven-by-jeep-day-three-results/,verified,wave2-xgames,live-source
winter-x-games--2026,knuckle-huck,mens,,,open,men,Knuckle Huck,3,Marcus Kleveland,NOR,,"X Games 'Knuckle Huck'; no matching term in the brief's discipline vocabulary, recorded as 'other'.",https://www.xgames.com/news/x-games-aspen-2026-driven-by-jeep-day-three-results/,verified,wave2-xgames,live-source
winter-x-games--2026,knuckle-huck,womens,,,open,women,Knuckle Huck,1,Jessica Perlmutter,USA,,"X Games 'Knuckle Huck'; no matching term in the brief's discipline vocabulary, recorded as 'other'.",https://www.xgames.com/news/x-games-aspen-2026-driven-by-jeep-day-three-results/,verified,wave2-xgames,live-source
winter-x-games--2026,knuckle-huck,womens,,,open,women,Knuckle Huck,2,Kokomo Murase,JPN,,"X Games 'Knuckle Huck'; no matching term in the brief's discipline vocabulary, recorded as 'other'.",https://www.xgames.com/news/x-games-aspen-2026-driven-by-jeep-day-three-results/,verified,wave2-xgames,live-source
winter-x-games--2026,knuckle-huck,womens,,,open,women,Knuckle Huck,3,Jasmine Baird,CAN,,"X Games 'Knuckle Huck'; no matching term in the brief's discipline vocabulary, recorded as 'other'.",https://www.xgames.com/news/x-games-aspen-2026-driven-by-jeep-day-three-results/,verified,wave2-xgames,live-source
winter-x-games--2026,slopestyle,mens,,,open,men,,1,Mark McMorris,CAN,,,https://www.xgames.com/news/x-games-aspen-2026-driven-by-jeep-day-three-results/,verified,wave2-xgames,live-source
winter-x-games--2026,slopestyle,mens,,,open,men,,2,Marcus Kleveland,NOR,,,https://www.xgames.com/news/x-games-aspen-2026-driven-by-jeep-day-three-results/,verified,wave2-xgames,live-source
winter-x-games--2026,slopestyle,mens,,,open,men,,3,Red Gerard,USA,,,https://www.xgames.com/news/x-games-aspen-2026-driven-by-jeep-day-three-results/,verified,wave2-xgames,live-source
winter-x-games--2026,slopestyle,womens,,,open,women,,1,Mia Brookes,GBR,96.33,,https://www.xgames.com/news/x-games-aspen-2026-driven-by-jeep-day-one-results/,verified,wave2-xgames,live-source
winter-x-games--2026,slopestyle,womens,,,open,women,,2,Zoi Sadowski-Synnott,NZL,,,https://www.xgames.com/news/x-games-aspen-2026-driven-by-jeep-day-one-results/,verified,wave2-xgames,live-source
winter-x-games--2026,slopestyle,womens,,,open,women,,3,Kokomo Murase,JPN,,,https://www.xgames.com/news/x-games-aspen-2026-driven-by-jeep-day-one-results/,verified,wave2-xgames,live-source
winter-x-games--2026,superpipe,mens,,,open,men,,1,Scotty James,AUS,95.00,,https://www.xgames.com/news/x-games-aspen-2026-driven-by-jeep-day-two-results/,verified,wave2-xgames,live-source
winter-x-games--2026,superpipe,mens,,,open,men,,2,Haku Shimasaki,JPN,,,https://www.xgames.com/news/x-games-aspen-2026-driven-by-jeep-day-two-results/,verified,wave2-xgames,live-source
winter-x-games--2026,superpipe,mens,,,open,men,,3,Shuichiro Shigeno,JPN,,,https://www.xgames.com/news/x-games-aspen-2026-driven-by-jeep-day-two-results/,verified,wave2-xgames,live-source
winter-x-games--2026,superpipe,womens,,,open,women,,1,Sara Shimizu,JPN,95.33,Second-place name transcribed as 'Rise Kudo'; spelling unconfirmed against a second source.,https://www.xgames.com/news/x-games-aspen-2026-driven-by-jeep-day-one-results/,likely,wave2-xgames,live-source
winter-x-games--2026,superpipe,womens,,,open,women,,2,Rise Kudo,JPN,,Second-place name transcribed as 'Rise Kudo'; spelling unconfirmed against a second source.,https://www.xgames.com/news/x-games-aspen-2026-driven-by-jeep-day-one-results/,likely,wave2-xgames,live-source
winter-x-games--2026,superpipe,womens,,,open,women,,3,Queralt Castellet,ESP,,Second-place name transcribed as 'Rise Kudo'; spelling unconfirmed against a second source.,https://www.xgames.com/news/x-games-aspen-2026-driven-by-jeep-day-one-results/,likely,wave2-xgames,live-source
winter-x-games-europe--2010,superpipe,mens,,,open,men,,1,Iouri Podladtchikov,SUI,98.00,,https://en.wikipedia.org/wiki/Winter_X_Games_Europe,likely,wave2-xgames,live-source
winter-x-games-europe--2010,superpipe,mens,,,open,men,,2,Mathieu Crepel,FRA,95.00,,https://en.wikipedia.org/wiki/Winter_X_Games_Europe,likely,wave2-xgames,live-source
winter-x-games-europe--2010,superpipe,mens,,,open,men,,3,Louie Vito,USA,92.33,,https://en.wikipedia.org/wiki/Winter_X_Games_Europe,likely,wave2-xgames,live-source
winter-x-games-europe--2010,superpipe,womens,,,open,women,,1,Kaitlyn Farrington,USA,97.00,,https://en.wikipedia.org/wiki/Winter_X_Games_Europe,likely,wave2-xgames,live-source
winter-x-games-europe--2010,superpipe,womens,,,open,women,,2,Torah Bright,AUS,95.00,,https://en.wikipedia.org/wiki/Winter_X_Games_Europe,likely,wave2-xgames,live-source
winter-x-games-europe--2010,superpipe,womens,,,open,women,,3,Sophie Rodriguez,FRA,87.00,,https://en.wikipedia.org/wiki/Winter_X_Games_Europe,likely,wave2-xgames,live-source
winter-x-games-europe--2013,slopestyle,mens,,,open,men,,1,Sebastien Toutant,,,,https://www.snowboarder.com/featured/x-games-tignes-2013-slopestyle/,likely,wave2-xgames,live-source
winter-x-games-europe--2013,slopestyle,mens,,,open,men,,2,Mark McMorris,,,,https://www.snowboarder.com/featured/x-games-tignes-2013-slopestyle/,likely,wave2-xgames,live-source
winter-x-games-europe--2013,slopestyle,mens,,,open,men,,3,Peetu Piiroinen,,,,https://www.snowboarder.com/featured/x-games-tignes-2013-slopestyle/,likely,wave2-xgames,live-source
winter-x-games-europe--2013,slopestyle,womens,,,open,women,,1,Silje Norendal,,,,https://www.snowboarder.com/featured/x-games-tignes-2013-slopestyle/,likely,wave2-xgames,live-source
winter-x-games-europe--2013,slopestyle,womens,,,open,women,,2,Jamie Anderson,,,,https://www.snowboarder.com/featured/x-games-tignes-2013-slopestyle/,likely,wave2-xgames,live-source
winter-x-games-europe--2013,slopestyle,womens,,,open,women,,3,Kjersti Buaas,,,,https://www.snowboarder.com/featured/x-games-tignes-2013-slopestyle/,likely,wave2-xgames,live-source
winter-x-games-europe--2013,superpipe,mens,,,open,men,,1,Louie Vito,,92.66,,https://whitelines.com/snowboard-culture/snowboard-events/x-games-2013-tignes-mens-halfpipe-finals-live-blog.html,likely,wave2-xgames,live-source
winter-x-games-europe--2013,superpipe,mens,,,open,men,,2,Arthur Longo,,92.00,,https://whitelines.com/snowboard-culture/snowboard-events/x-games-2013-tignes-mens-halfpipe-finals-live-blog.html,likely,wave2-xgames,live-source
winter-x-games-europe--2013,superpipe,mens,,,open,men,,3,Taku Hiraoka,,86.00,,https://whitelines.com/snowboard-culture/snowboard-events/x-games-2013-tignes-mens-halfpipe-finals-live-blog.html,likely,wave2-xgames,live-source
winter-youth-olympic-snowboarding--2012,halfpipe,mens,,,open,men,,1,Ben Ferguson,USA,93.25 points,,https://www.olympedia.org/results/9002285,verified,wave2-olympics,live-source
winter-youth-olympic-snowboarding--2012,halfpipe,mens,,,open,men,,2,Tim-Kevin Ravnjak,SLO,86.75 points,,https://www.olympedia.org/results/9002285,verified,wave2-olympics,live-source
winter-youth-olympic-snowboarding--2012,halfpipe,mens,,,open,men,,3,Taku Hiraoka,JPN,84.25 points,,https://www.olympedia.org/results/9002285,verified,wave2-olympics,live-source
winter-youth-olympic-snowboarding--2012,halfpipe,womens,,,open,women,,1,Hikaru Oe,JPN,96.25 points,,https://www.olympedia.org/results/9002275,verified,wave2-olympics,live-source
winter-youth-olympic-snowboarding--2012,halfpipe,womens,,,open,women,,2,Arielle Gold,USA,90.00 points,,https://www.olympedia.org/results/9002275,verified,wave2-olympics,live-source
winter-youth-olympic-snowboarding--2012,halfpipe,womens,,,open,women,,3,Lucile Lefèvre,FRA,82.25 points,,https://www.olympedia.org/results/9002275,verified,wave2-olympics,live-source
winter-youth-olympic-snowboarding--2012,slopestyle,mens,,,open,men,,1,Michael Ciccarelli,CAN,94.25 points,,https://www.olympedia.org/results/9002302,verified,wave2-olympics,live-source
winter-youth-olympic-snowboarding--2012,slopestyle,mens,,,open,men,,2,Ben Ferguson,USA,90.25 points,,https://www.olympedia.org/results/9002302,verified,wave2-olympics,live-source
winter-youth-olympic-snowboarding--2012,slopestyle,mens,,,open,men,,3,David Hablützel,SUI,87.50 points,,https://www.olympedia.org/results/9002302,verified,wave2-olympics,live-source
winter-youth-olympic-snowboarding--2012,slopestyle,womens,,,open,women,,1,Audrey McManiman,CAN,84.25 points,,https://www.olympedia.org/results/9002295,verified,wave2-olympics,live-source
winter-youth-olympic-snowboarding--2012,slopestyle,womens,,,open,women,,2,Arielle Gold,USA,71.75 points,,https://www.olympedia.org/results/9002295,verified,wave2-olympics,live-source
winter-youth-olympic-snowboarding--2012,slopestyle,womens,,,open,women,,3,Alexandra Fitch,AUS,69.75 points,,https://www.olympedia.org/results/9002295,verified,wave2-olympics,live-source
winter-youth-olympic-snowboarding--2016,boardercross,mens,,,open,men,,1,Jake Vedder,USA,,,https://www.olympedia.org/results/9002913,verified,wave2-olympics,live-source
winter-youth-olympic-snowboarding--2016,boardercross,mens,,,open,men,,2,Alex Dickson,AUS,,,https://www.olympedia.org/results/9002913,verified,wave2-olympics,live-source
winter-youth-olympic-snowboarding--2016,boardercross,mens,,,open,men,,3,Sebastian Pietrzykowski,GER,,,https://www.olympedia.org/results/9002913,verified,wave2-olympics,live-source
winter-youth-olympic-snowboarding--2016,boardercross,womens,,,open,women,,1,Manon Petit-Lenoir,FRA,,,https://www.olympedia.org/results/9002884,verified,wave2-olympics,live-source
winter-youth-olympic-snowboarding--2016,boardercross,womens,,,open,women,,2,Sophie Hediger,SUI,,,https://www.olympedia.org/results/9002884,verified,wave2-olympics,live-source
winter-youth-olympic-snowboarding--2016,boardercross,womens,,,open,women,,3,Caterina Carpano,ITA,,,https://www.olympedia.org/results/9002884,verified,wave2-olympics,live-source
winter-youth-olympic-snowboarding--2016,halfpipe,mens,,,open,men,,1,Jake Pates,USA,93.00 points,,https://www.olympedia.org/results/9002948,verified,wave2-olympics,live-source
winter-youth-olympic-snowboarding--2016,halfpipe,mens,,,open,men,,2,Nik Baden,USA,85.25 points,,https://www.olympedia.org/results/9002948,verified,wave2-olympics,live-source
winter-youth-olympic-snowboarding--2016,halfpipe,mens,,,open,men,,3,Tit Štante,SLO,80.25 points,,https://www.olympedia.org/results/9002948,verified,wave2-olympics,live-source
winter-youth-olympic-snowboarding--2016,halfpipe,womens,,,open,women,,1,Chloe Kim,USA,96.50 points,,https://www.olympedia.org/results/9002942,verified,wave2-olympics,live-source
winter-youth-olympic-snowboarding--2016,halfpipe,womens,,,open,women,,2,Emily Arthur,AUS,90.00 points,,https://www.olympedia.org/results/9002942,verified,wave2-olympics,live-source
winter-youth-olympic-snowboarding--2016,halfpipe,womens,,,open,women,,3,Jeong Yu-Rim,KOR,84.50 points,,https://www.olympedia.org/results/9002942,verified,wave2-olympics,live-source
winter-youth-olympic-snowboarding--2016,slopestyle,mens,,,open,men,,1,Jake Pates,USA,94.75 points,,https://www.olympedia.org/results/9002955,verified,wave2-olympics,live-source
winter-youth-olympic-snowboarding--2016,slopestyle,mens,,,open,men,,2,Vladislav Khadarin,RUS,90.25 points,,https://www.olympedia.org/results/9002955,verified,wave2-olympics,live-source
winter-youth-olympic-snowboarding--2016,slopestyle,mens,,,open,men,,3,Rene Rinnekangas,FIN,87.75 points,,https://www.olympedia.org/results/9002955,verified,wave2-olympics,live-source
winter-youth-olympic-snowboarding--2016,slopestyle,womens,,,open,women,,1,Chloe Kim,USA,88.25 points,,https://www.olympedia.org/results/9002952,verified,wave2-olympics,live-source
winter-youth-olympic-snowboarding--2016,slopestyle,womens,,,open,women,,2,Elli Pikkujämsä,FIN,81.25 points,,https://www.olympedia.org/results/9002952,verified,wave2-olympics,live-source
winter-youth-olympic-snowboarding--2016,slopestyle,womens,,,open,women,,3,Henna Ikola,FIN,79.25 points,,https://www.olympedia.org/results/9002952,verified,wave2-olympics,live-source
winter-youth-olympic-snowboarding--2020,big-air,mens,,,open,men,,1,Ryoma Kimata,JPN,195.00 points,,https://www.olympedia.org/results/19006883,verified,wave2-olympics,live-source
winter-youth-olympic-snowboarding--2020,big-air,mens,,,open,men,,2,Aoto Kawakami,JPN,191.75 points,,https://www.olympedia.org/results/19006883,verified,wave2-olympics,live-source
winter-youth-olympic-snowboarding--2020,big-air,mens,,,open,men,,3,Liam Brearley,CAN,183.25 points,,https://www.olympedia.org/results/19006883,verified,wave2-olympics,live-source
winter-youth-olympic-snowboarding--2020,big-air,womens,,,open,women,,1,Hinari Asanuma,JPN,172.50 points,,https://www.olympedia.org/results/19006875,verified,wave2-olympics,live-source
winter-youth-olympic-snowboarding--2020,big-air,womens,,,open,women,,2,Annika Morgan,GER,160.50 points,,https://www.olympedia.org/results/19006875,verified,wave2-olympics,live-source
winter-youth-olympic-snowboarding--2020,big-air,womens,,,open,women,,3,Melissa Peperkamp,NED,150.00 points,,https://www.olympedia.org/results/19006875,verified,wave2-olympics,live-source
winter-youth-olympic-snowboarding--2020,boardercross,mens,,,open,men,,1,Valerio Jud,SUI,,,https://www.olympedia.org/results/19006704,verified,wave2-olympics,live-source
winter-youth-olympic-snowboarding--2020,boardercross,mens,,,open,men,,2,Niels Conradt,GER,,,https://www.olympedia.org/results/19006704,verified,wave2-olympics,live-source
winter-youth-olympic-snowboarding--2020,boardercross,mens,,,open,men,,3,Álvaro Romero,ESP,,,https://www.olympedia.org/results/19006704,verified,wave2-olympics,live-source
winter-youth-olympic-snowboarding--2020,boardercross,womens,,,open,women,,1,Josie Baff,AUS,,,https://www.olympedia.org/results/19006654,verified,wave2-olympics,live-source
winter-youth-olympic-snowboarding--2020,boardercross,womens,,,open,women,,2,Margaux Herpin,FRA,,,https://www.olympedia.org/results/19006654,verified,wave2-olympics,live-source
winter-youth-olympic-snowboarding--2020,boardercross,womens,,,open,women,,3,Anouk Dörig,SUI,,,https://www.olympedia.org/results/19006654,verified,wave2-olympics,live-source
winter-youth-olympic-snowboarding--2020,halfpipe,mens,,,open,men,,1,Ruka Hirano,JPN,97.33 points,,https://www.olympedia.org/results/19006867,verified,wave2-olympics,live-source
winter-youth-olympic-snowboarding--2020,halfpipe,mens,,,open,men,,2,Kaishu Hirano,JPN,95.66 points,,https://www.olympedia.org/results/19006867,verified,wave2-olympics,live-source
winter-youth-olympic-snowboarding--2020,halfpipe,mens,,,open,men,,3,Liam Brearley,CAN,82.00 points,,https://www.olympedia.org/results/19006867,verified,wave2-olympics,live-source
winter-youth-olympic-snowboarding--2020,halfpipe,womens,,,open,women,,1,Mitsuki Ono,JPN,95.33 points,,https://www.olympedia.org/results/19006754,verified,wave2-olympics,live-source
winter-youth-olympic-snowboarding--2020,halfpipe,womens,,,open,women,,2,Manon Kaji,JPN,85.33 points,,https://www.olympedia.org/results/19006754,verified,wave2-olympics,live-source
winter-youth-olympic-snowboarding--2020,halfpipe,womens,,,open,women,,3,Berenice Wicki,SUI,81.33 points,,https://www.olympedia.org/results/19006754,verified,wave2-olympics,live-source
winter-youth-olympic-snowboarding--2020,slopestyle,mens,,,open,men,,1,Dusty Henricksen,USA,96.33 points,,https://www.olympedia.org/results/19006762,verified,wave2-olympics,live-source
winter-youth-olympic-snowboarding--2020,slopestyle,mens,,,open,men,,2,Liam Brearley,CAN,85.33 points,,https://www.olympedia.org/results/19006762,verified,wave2-olympics,live-source
winter-youth-olympic-snowboarding--2020,slopestyle,mens,,,open,men,,3,Nick Pünter,SUI,66.33 points,,https://www.olympedia.org/results/19006762,verified,wave2-olympics,live-source
winter-youth-olympic-snowboarding--2020,slopestyle,womens,,,open,women,,1,Evy Poppe,BEL,94.00 points,,https://www.olympedia.org/results/19006570,verified,wave2-olympics,live-source
winter-youth-olympic-snowboarding--2020,slopestyle,womens,,,open,women,,2,Melissa Peperkamp,NED,91.75 points,,https://www.olympedia.org/results/19006570,verified,wave2-olympics,live-source
winter-youth-olympic-snowboarding--2020,slopestyle,womens,,,open,women,,3,Bianca Gisler,SUI,78.25 points,,https://www.olympedia.org/results/19006570,verified,wave2-olympics,live-source
winter-youth-olympic-snowboarding--2024,big-air,mens,,,open,men,,1,Eli Bouchard,CAN,183.25 points,,https://www.olympedia.org/results/9018916,verified,wave2-olympics,live-source
winter-youth-olympic-snowboarding--2024,big-air,mens,,,open,men,,2,Oliver Martin,USA,179.50 points,,https://www.olympedia.org/results/9018916,verified,wave2-olympics,live-source
winter-youth-olympic-snowboarding--2024,big-air,mens,,,open,men,,3,Campbell Melville Ives,NZL,153.00 points,,https://www.olympedia.org/results/9018916,verified,wave2-olympics,live-source
winter-youth-olympic-snowboarding--2024,big-air,womens,,,open,women,,1,Yura Murase,JPN,154.25 points,,https://www.olympedia.org/results/9018990,verified,wave2-olympics,live-source
winter-youth-olympic-snowboarding--2024,big-air,womens,,,open,women,,2,Becca Flynn,USA,153.00 points,,https://www.olympedia.org/results/9018990,verified,wave2-olympics,live-source
winter-youth-olympic-snowboarding--2024,big-air,womens,,,open,women,,3,Lucia Georgalli,NZL,152.00 points,,https://www.olympedia.org/results/9018990,verified,wave2-olympics,live-source
winter-youth-olympic-snowboarding--2024,boardercross,mens,,,open,men,,1,Jonas Chollet,FRA,,,https://www.olympedia.org/results/9018858,verified,wave2-olympics,live-source
winter-youth-olympic-snowboarding--2024,boardercross,mens,,,open,men,,2,Anthony Shelly,CAN,,,https://www.olympedia.org/results/9018858,verified,wave2-olympics,live-source
winter-youth-olympic-snowboarding--2024,boardercross,mens,,,open,men,,3,Zion Bethônico,BRA,,,https://www.olympedia.org/results/9018858,verified,wave2-olympics,live-source
winter-youth-olympic-snowboarding--2024,boardercross,womens,,,open,women,,1,Noémie Wiedmer,SUI,,,https://www.olympedia.org/results/9018932,verified,wave2-olympics,live-source
winter-youth-olympic-snowboarding--2024,boardercross,womens,,,open,women,,2,Maja-Li Iafrate Danielsson,FRA,,,https://www.olympedia.org/results/9018932,verified,wave2-olympics,live-source
winter-youth-olympic-snowboarding--2024,boardercross,womens,,,open,women,,3,Léa Casta,FRA,,,https://www.olympedia.org/results/9018932,verified,wave2-olympics,live-source
winter-youth-olympic-snowboarding--2024,halfpipe,mens,,,open,men,,1,Lee Chae-Eun,KOR,88.50 points,,https://www.olympedia.org/results/9018908,verified,wave2-olympics,live-source
winter-youth-olympic-snowboarding--2024,halfpipe,mens,,,open,men,,2,Alessandro Barbieri,USA,84.75 points,,https://www.olympedia.org/results/9018908,verified,wave2-olympics,live-source
winter-youth-olympic-snowboarding--2024,halfpipe,mens,,,open,men,,3,Ryusei Yamada,JPN,83.00 points,,https://www.olympedia.org/results/9018908,verified,wave2-olympics,live-source
winter-youth-olympic-snowboarding--2024,halfpipe,womens,,,open,women,,1,Rise Kudo,JPN,90.75 points,,https://www.olympedia.org/results/9018982,verified,wave2-olympics,live-source
winter-youth-olympic-snowboarding--2024,halfpipe,womens,,,open,women,,2,Sara Shimizu,JPN,84.50 points,,https://www.olympedia.org/results/9018982,verified,wave2-olympics,live-source
winter-youth-olympic-snowboarding--2024,halfpipe,womens,,,open,women,,3,Lura Wick,SUI,78.00 points,,https://www.olympedia.org/results/9018982,verified,wave2-olympics,live-source
winter-youth-olympic-snowboarding--2024,slopestyle,mens,,,open,men,,1,Lee Chae-Eun,KOR,96.00 points,,https://www.olympedia.org/results/9018850,verified,wave2-olympics,live-source
winter-youth-olympic-snowboarding--2024,slopestyle,mens,,,open,men,,2,Eli Bouchard,CAN,90.00 points,,https://www.olympedia.org/results/9018850,verified,wave2-olympics,live-source
winter-youth-olympic-snowboarding--2024,slopestyle,mens,,,open,men,,3,Romain Allemand,FRA,89.25 points,,https://www.olympedia.org/results/9018850,verified,wave2-olympics,live-source
winter-youth-olympic-snowboarding--2024,slopestyle,womens,,,open,women,,1,Hanna Karrer,AUT,89.00 points,,https://www.olympedia.org/results/9018924,verified,wave2-olympics,live-source
winter-youth-olympic-snowboarding--2024,slopestyle,womens,,,open,women,,2,Lucia Georgalli,NZL,88.25 points,,https://www.olympedia.org/results/9018924,verified,wave2-olympics,live-source
winter-youth-olympic-snowboarding--2024,slopestyle,womens,,,open,women,,3,Vanessa Volopichová,CZE,87.00 points,,https://www.olympedia.org/results/9018924,verified,wave2-olympics,live-source
winter-youth-olympic-snowboarding--2024,team,open,,,open,mixed,,1,Jonas Chollet / Léa Casta,FRA,"Team Cross, Mixed Youth - France 1, winning team, no time printed",,https://www.olympedia.org/results/9018998,verified,wave2-olympics,live-source
winter-youth-olympic-snowboarding--2024,team,open,,,open,mixed,,2,Benjamin Niel / Maja-Li Iafrate Danielsson,FRA,"Team Cross, Mixed Youth - France 2, +2.11",,https://www.olympedia.org/results/9018998,verified,wave2-olympics,live-source
winter-youth-olympic-snowboarding--2024,team,open,,,open,mixed,,3,William Martin / Abbey Wilson,AUS,"Team Cross, Mixed Youth - Australia 1, +2.37",,https://www.olympedia.org/results/9018998,verified,wave2-olympics,live-source
world-snowboarding-championship-whistler--2001,jib,mens,,,open,men,,1,Kevin Jones,,,,https://www.piquenewsmagazine.com/local-sports/whistler-the-year-in-sports-2461092,likely,wave2-fis-worlds,live-source
world-snowboarding-championship-whistler--2001,slopestyle,mens,,,open,men,,1,Todd Richards,,,,https://www.piquenewsmagazine.com/local-sports/whistler-the-year-in-sports-2461092,likely,wave2-fis-worlds,live-source
world-snowboarding-championship-whistler--2001,slopestyle,womens,,,open,women,,1,Tara Dakides,,,,https://www.piquenewsmagazine.com/local-sports/whistler-the-year-in-sports-2461092,likely,wave2-fis-worlds,live-source
world-snowboarding-championship-whistler--2001,superpipe,mens,,,open,men,,1,Ross Powers,,,,https://www.piquenewsmagazine.com/local-sports/whistler-the-year-in-sports-2461092,likely,wave2-fis-worlds,live-source
world-snowboarding-championship-whistler--2001,superpipe,womens,,,open,women,,1,Doriane Vidal,FRA,,,https://www.piquenewsmagazine.com/local-sports/whistler-the-year-in-sports-2461092,likely,wave2-fis-worlds,live-source
world-snowboarding-championships--2012,halfpipe,mens,,,open,men,,1,Iouri Podladtchikov,SUI,,,https://www.tnp.no/norway/sport/2701-iouri-podladtchikov-and-kelly-clark-crowned-halfpipe-world-champions/,verified,wave2-fis-worlds,live-source
world-snowboarding-championships--2012,halfpipe,mens,,,open,men,,2,Matt Ladley,USA,,,https://www.tnp.no/norway/sport/2701-iouri-podladtchikov-and-kelly-clark-crowned-halfpipe-world-champions/,verified,wave2-fis-worlds,live-source
world-snowboarding-championships--2012,halfpipe,mens,,,open,men,,3,Louie Vito,USA,,,https://www.tnp.no/norway/sport/2701-iouri-podladtchikov-and-kelly-clark-crowned-halfpipe-world-champions/,verified,wave2-fis-worlds,live-source
world-snowboarding-championships--2012,halfpipe,womens,,,open,women,,1,Kelly Clark,USA,,,https://www.tnp.no/norway/sport/2701-iouri-podladtchikov-and-kelly-clark-crowned-halfpipe-world-champions/,verified,wave2-fis-worlds,live-source
world-snowboarding-championships--2012,halfpipe,womens,,,open,women,,2,Queralt Castellet,ESP,,,https://www.tnp.no/norway/sport/2701-iouri-podladtchikov-and-kelly-clark-crowned-halfpipe-world-champions/,verified,wave2-fis-worlds,live-source
world-snowboarding-championships--2012,halfpipe,womens,,,open,women,,3,Gretchen Bleiler,USA,,,https://www.tnp.no/norway/sport/2701-iouri-podladtchikov-and-kelly-clark-crowned-halfpipe-world-champions/,verified,wave2-fis-worlds,live-source
world-snowboarding-championships--2012,slopestyle,mens,,,open,men,,1,Chas Guldemond,USA,,,https://snowboardmag.com/stories/wsc-2012-chas-guldemond-spencer-obrien-crowned-world-slopestyle-champions,verified,wave2-fis-worlds,live-source
world-snowboarding-championships--2012,slopestyle,mens,,,open,men,,2,Sebastien Toutant,CAN,,,https://snowboardmag.com/stories/wsc-2012-chas-guldemond-spencer-obrien-crowned-world-slopestyle-champions,verified,wave2-fis-worlds,live-source
world-snowboarding-championships--2012,slopestyle,mens,,,open,men,,3,Seppe Smits,BEL,,,https://snowboardmag.com/stories/wsc-2012-chas-guldemond-spencer-obrien-crowned-world-slopestyle-champions,verified,wave2-fis-worlds,live-source
world-snowboarding-championships--2012,slopestyle,womens,,,open,women,,1,Spencer O'Brien,CAN,,,https://snowboardmag.com/stories/wsc-2012-chas-guldemond-spencer-obrien-crowned-world-slopestyle-champions,verified,wave2-fis-worlds,live-source
world-snowboarding-championships--2012,slopestyle,womens,,,open,women,,2,Jamie Anderson,USA,,,https://snowboardmag.com/stories/wsc-2012-chas-guldemond-spencer-obrien-crowned-world-slopestyle-champions,verified,wave2-fis-worlds,live-source
world-snowboarding-championships--2012,slopestyle,womens,,,open,women,,3,Enni Rukajarvi,FIN,,,https://snowboardmag.com/stories/wsc-2012-chas-guldemond-spencer-obrien-crowned-world-slopestyle-champions,verified,wave2-fis-worlds,live-source
world-snowboarding-championships--2016,big-air,mens,,,open,men,,1,Peetu Piiroinen,FIN,88.80,,https://snowboarding.transworld.net/news/what-really-happened-at-the-world-snowboarding-championships-in-yabuli/,likely,wave2-fis-worlds,live-source
world-snowboarding-championships--2016,big-air,mens,,,open,men,,2,Kyle Mack,,87.00,,https://snowboarding.transworld.net/news/what-really-happened-at-the-world-snowboarding-championships-in-yabuli/,likely,wave2-fis-worlds,live-source
world-snowboarding-championships--2016,big-air,womens,,,open,women,,1,Jamie Anderson,,,,https://snowboarding.transworld.net/news/what-really-happened-at-the-world-snowboarding-championships-in-yabuli/,likely,wave2-fis-worlds,live-source
world-snowboarding-championships--2016,big-air,womens,,,open,women,,2,Enni Rukajarvi,FIN,,,https://snowboarding.transworld.net/news/what-really-happened-at-the-world-snowboarding-championships-in-yabuli/,likely,wave2-fis-worlds,live-source
world-snowboarding-championships--2016,big-air,womens,,,open,women,,3,Jessika Jensen,,,,https://snowboarding.transworld.net/news/what-really-happened-at-the-world-snowboarding-championships-in-yabuli/,likely,wave2-fis-worlds,live-source
world-snowboarding-championships--2016,slopestyle,mens,,,open,men,,1,Brandon Davis,,88.65,,https://snowboarding.transworld.net/news/what-really-happened-at-the-world-snowboarding-championships-in-yabuli/,likely,wave2-fis-worlds,live-source
world-snowboarding-championships--2016,slopestyle,mens,,,open,men,,2,Max Parrot,,,,https://snowboarding.transworld.net/news/what-really-happened-at-the-world-snowboarding-championships-in-yabuli/,likely,wave2-fis-worlds,live-source
world-snowboarding-championships--2016,slopestyle,mens,,,open,men,,3,Stale Sandbech,NOR,80.10,,https://snowboarding.transworld.net/news/what-really-happened-at-the-world-snowboarding-championships-in-yabuli/,likely,wave2-fis-worlds,live-source
world-snowboarding-championships--2016,slopestyle,womens,,,open,women,,1,Jamie Anderson,,90.25,,https://snowboarding.transworld.net/news/what-really-happened-at-the-world-snowboarding-championships-in-yabuli/,likely,wave2-fis-worlds,live-source
world-snowboarding-championships--2016,slopestyle,womens,,,open,women,,2,Enni Rukajarvi,FIN,,,https://snowboarding.transworld.net/news/what-really-happened-at-the-world-snowboarding-championships-in-yabuli/,likely,wave2-fis-worlds,live-source
world-snowboarding-championships--2016,slopestyle,womens,,,open,women,,3,Julia Marino,,82.3,,https://snowboarding.transworld.net/news/what-really-happened-at-the-world-snowboarding-championships-in-yabuli/,likely,wave2-fis-worlds,live-source
world-snowboarding-championships-sims--1983,halfpipe,open,,,open,mixed,,1,Eddie Hargraves,USA,,,https://tahoequarterly.com/ski-ride-2016/rebels-with-a-cause | https://www.sierrasun.com/news/super-pipe-dreams-halfpipe-has-come-long-way-since-a-ditch-in-tahoe-city-in-the-70s/,likely,v0.1-legacy-80s-90s,live-source
world-snowboarding-championships-sims--1983,other,open,,,open,mixed,,1,Tom Sims,USA,,,https://www.skihall.com/hall-of-famers/tom-sims/,likely,v0.1-legacy-80s-90s,live-source
world-snowboarding-championships-sims--1984,halfpipe,open,,,open,mixed,,1,Terry Kidwell,USA,,,https://tahoequarterly.com/ski-ride-2016/rebels-with-a-cause | https://www.sierrasun.com/news/super-pipe-dreams-halfpipe-has-come-long-way-since-a-ditch-in-tahoe-city-in-the-70s/,likely,v0.1-legacy-80s-90s,live-source
world-snowboarding-championships-sims--1985,halfpipe,open,,,open,mixed,,1,Terry Kidwell,USA,,,https://tahoequarterly.com/ski-ride-2016/rebels-with-a-cause | https://www.sierrasun.com/news/super-pipe-dreams-halfpipe-has-come-long-way-since-a-ditch-in-tahoe-city-in-the-70s/,likely,v0.1-legacy-80s-90s,live-source
x-games-norway--2016,superpipe,mens,,,open,men,,1,Ayumu Hirano,,94.66,,https://whitelines.com/snowboard-culture/snowboard-events/x-games-oslo-2016-halfpipe-finals-results-photos.html,likely,wave2-xgames,live-source
x-games-norway--2016,superpipe,mens,,,open,men,,2,Iouri Podladtchikov,,88.00,,https://whitelines.com/snowboard-culture/snowboard-events/x-games-oslo-2016-halfpipe-finals-results-photos.html,likely,wave2-xgames,live-source
x-games-norway--2016,superpipe,mens,,,open,men,,3,Chase Josey,,85.66,,https://whitelines.com/snowboard-culture/snowboard-events/x-games-oslo-2016-halfpipe-finals-results-photos.html,likely,wave2-xgames,live-source
x-games-norway--2016,superpipe,womens,,,open,women,,1,Chloe Kim,,98.00,,https://whitelines.com/snowboard-culture/snowboard-events/x-games-oslo-2016-halfpipe-finals-results-photos.html,likely,wave2-xgames,live-source
x-games-norway--2016,superpipe,womens,,,open,women,,2,Kelly Clark,,82.33,,https://whitelines.com/snowboard-culture/snowboard-events/x-games-oslo-2016-halfpipe-finals-results-photos.html,likely,wave2-xgames,live-source
x-games-norway--2016,superpipe,womens,,,open,women,,3,Arielle Gold,,82.00,,https://whitelines.com/snowboard-culture/snowboard-events/x-games-oslo-2016-halfpipe-finals-results-photos.html,likely,wave2-xgames,live-source
x-games-norway--2018,big-air,mens,,,open,men,,1,Takeru Otsuka,JPN,91.00,,https://espnpressroom.com/us/press-releases/2018/05/x-games-norway-2018-day-two-news-and-results-rookies-dominate-the-ski-and-snowboard-big-air-competitions/,verified,wave2-xgames,live-source
x-games-norway--2018,big-air,mens,,,open,men,,2,Marcus Kleveland,NOR,86.33,,https://espnpressroom.com/us/press-releases/2018/05/x-games-norway-2018-day-two-news-and-results-rookies-dominate-the-ski-and-snowboard-big-air-competitions/,verified,wave2-xgames,live-source
x-games-norway--2018,big-air,mens,,,open,men,,3,Chris Corning,USA,83.66,,https://espnpressroom.com/us/press-releases/2018/05/x-games-norway-2018-day-two-news-and-results-rookies-dominate-the-ski-and-snowboard-big-air-competitions/,verified,wave2-xgames,live-source
x-games-norway--2018,big-air,womens,,,open,women,,1,Kokomo Murase,JPN,78.66,,https://espnpressroom.com/us/press-releases/2018/05/x-games-norway-2018-day-two-news-and-results-rookies-dominate-the-ski-and-snowboard-big-air-competitions/,verified,wave2-xgames,live-source
x-games-norway--2018,big-air,womens,,,open,women,,2,Julia Marino,USA,72.99,,https://espnpressroom.com/us/press-releases/2018/05/x-games-norway-2018-day-two-news-and-results-rookies-dominate-the-ski-and-snowboard-big-air-competitions/,verified,wave2-xgames,live-source
x-games-norway--2018,big-air,womens,,,open,women,,3,Enni Rukajarvi,FIN,66.99,,https://espnpressroom.com/us/press-releases/2018/05/x-games-norway-2018-day-two-news-and-results-rookies-dominate-the-ski-and-snowboard-big-air-competitions/,verified,wave2-xgames,live-source
x-games-norway--2019,big-air,mens,,,open,men,,1,Max Parrot,CAN,,,https://espnpressroom.com/us/press-releases/2019/08/x-games-norway-2019-news-and-results-ski-and-snowboard-big-air-skateboard-street-and-moto-x-best-trick-best-whip-and-quarterpipe-high-air/,verified,wave2-xgames,live-source
x-games-norway--2019,big-air,mens,,,open,men,,2,Sven Thorgren,SWE,,,https://espnpressroom.com/us/press-releases/2019/08/x-games-norway-2019-news-and-results-ski-and-snowboard-big-air-skateboard-street-and-moto-x-best-trick-best-whip-and-quarterpipe-high-air/,verified,wave2-xgames,live-source
x-games-norway--2019,big-air,mens,,,open,men,,3,Yuki Kadono,JPN,,,https://espnpressroom.com/us/press-releases/2019/08/x-games-norway-2019-news-and-results-ski-and-snowboard-big-air-skateboard-street-and-moto-x-best-trick-best-whip-and-quarterpipe-high-air/,verified,wave2-xgames,live-source
x-games-norway--2019,big-air,womens,,,open,women,,1,Anna Gasser,AUT,,Source text gives Gasser's country as Switzerland; corrected to AUT.,https://espnpressroom.com/us/press-releases/2019/08/x-games-norway-2019-news-and-results-ski-and-snowboard-big-air-skateboard-street-and-moto-x-best-trick-best-whip-and-quarterpipe-high-air/,verified,wave2-xgames,live-source
x-games-norway--2019,big-air,womens,,,open,women,,2,Kokomo Murase,JPN,,Source text gives Gasser's country as Switzerland; corrected to AUT.,https://espnpressroom.com/us/press-releases/2019/08/x-games-norway-2019-news-and-results-ski-and-snowboard-big-air-skateboard-street-and-moto-x-best-trick-best-whip-and-quarterpipe-high-air/,verified,wave2-xgames,live-source
x-games-norway--2019,big-air,womens,,,open,women,,3,Julia Marino,USA,,Source text gives Gasser's country as Switzerland; corrected to AUT.,https://espnpressroom.com/us/press-releases/2019/08/x-games-norway-2019-news-and-results-ski-and-snowboard-big-air-skateboard-street-and-moto-x-best-trick-best-whip-and-quarterpipe-high-air/,verified,wave2-xgames,live-source
x-games-norway--2020,big-air,mens,,,open,men,,1,Mark McMorris,CAN,,,https://espnpressroom.com/us/press-releases/2020/03/x-games-norway-2020-day-one-news-and-results/,verified,wave2-xgames,live-source
x-games-norway--2020,big-air,mens,,,open,men,,2,Max Parrot,CAN,,,https://espnpressroom.com/us/press-releases/2020/03/x-games-norway-2020-day-one-news-and-results/,verified,wave2-xgames,live-source
x-games-norway--2020,big-air,mens,,,open,men,,3,Darcy Sharpe,CAN,,,https://espnpressroom.com/us/press-releases/2020/03/x-games-norway-2020-day-one-news-and-results/,verified,wave2-xgames,live-source
x-games-norway--2020,big-air,womens,,,open,women,,1,Anna Gasser,AUT,,,https://espnpressroom.com/us/press-releases/2020/03/x-games-norway-2020-day-one-news-and-results/,verified,wave2-xgames,live-source
x-games-norway--2020,big-air,womens,,,open,women,,2,Miyabi Onitsuka,JPN,,,https://espnpressroom.com/us/press-releases/2020/03/x-games-norway-2020-day-one-news-and-results/,verified,wave2-xgames,live-source
x-games-norway--2020,big-air,womens,,,open,women,,3,Laurie Blouin,CAN,,,https://espnpressroom.com/us/press-releases/2020/03/x-games-norway-2020-day-one-news-and-results/,verified,wave2-xgames,live-source
x-games-norway--2020,knuckle-huck,open,,,open,mixed,Knuckle Huck,1,Marcus Kleveland,NOR,,"X Games 'Knuckle Huck'; no matching term in the brief's discipline vocabulary, recorded as 'other'. Source names the winner only.",https://espnpressroom.com/us/press-releases/2020/03/x-games-norway-2020-day-one-news-and-results/,verified,wave2-xgames,live-source
x-games-norway--2020,slopestyle,mens,,,open,men,,1,Max Parrot,CAN,,,https://espnpressroom.com/us/press-releases/2020/03/x-games-norway-2020-day-two-news-and-results/,verified,wave2-xgames,live-source
x-games-norway--2020,slopestyle,mens,,,open,men,,2,Mark McMorris,CAN,,,https://espnpressroom.com/us/press-releases/2020/03/x-games-norway-2020-day-two-news-and-results/,verified,wave2-xgames,live-source
x-games-norway--2020,slopestyle,mens,,,open,men,,3,Stale Sandbech,NOR,,,https://espnpressroom.com/us/press-releases/2020/03/x-games-norway-2020-day-two-news-and-results/,verified,wave2-xgames,live-source
x-games-norway--2020,slopestyle,womens,,,open,women,,1,Zoi Sadowski-Synnott,NZL,,,https://espnpressroom.com/us/press-releases/2020/03/x-games-norway-2020-day-two-news-and-results/,verified,wave2-xgames,live-source
x-games-norway--2020,slopestyle,womens,,,open,women,,2,Kokomo Murase,JPN,,,https://espnpressroom.com/us/press-releases/2020/03/x-games-norway-2020-day-two-news-and-results/,verified,wave2-xgames,live-source
x-games-norway--2020,slopestyle,womens,,,open,women,,3,Brooke Voigt,CAN,,,https://espnpressroom.com/us/press-releases/2020/03/x-games-norway-2020-day-two-news-and-results/,verified,wave2-xgames,live-source
x-trail-jam--2001-a,big-air,open,,,open,mixed,,1,Michi Albin,,,,https://en.wikipedia.org/wiki/X-Trail_Jam,verified,wave2-japan-europe,live-source
x-trail-jam--2001-a,quarterpipe,open,,,open,mixed,,1,Terje Håkonsen,,,,https://en.wikipedia.org/wiki/X-Trail_Jam,verified,wave2-japan-europe,live-source
x-trail-jam--2001-b,big-air,open,,,open,mixed,,1,Jonas Emery,,,,https://en.wikipedia.org/wiki/X-Trail_Jam,verified,wave2-japan-europe,live-source
x-trail-jam--2001-b,quarterpipe,open,,,open,mixed,,1,Terje Håkonsen,,,,https://en.wikipedia.org/wiki/X-Trail_Jam,verified,wave2-japan-europe,live-source
x-trail-jam--2002,big-air,open,,,open,mixed,,1,Travis Rice,,,,https://en.wikipedia.org/wiki/X-Trail_Jam,verified,wave2-japan-europe,live-source
x-trail-jam--2002,quarterpipe,open,,,open,mixed,,1,Heikki Sorsa,,,,https://en.wikipedia.org/wiki/X-Trail_Jam,verified,wave2-japan-europe,live-source
x-trail-jam--2003,big-air,open,,,open,mixed,,1,Gian Simmen,SUI,,,https://snowboardnet.jp/x-trail-jam-in-tokyo-dome-2003/ | https://en.wikipedia.org/wiki/X-Trail_Jam,verified,wave2-japan-europe,live-source
x-trail-jam--2003,big-air,open,,,open,mixed,,2,Hiroshi Suzuki,JPN,,,https://snowboardnet.jp/x-trail-jam-in-tokyo-dome-2003/ | https://en.wikipedia.org/wiki/X-Trail_Jam,likely,wave2-japan-europe,live-source
x-trail-jam--2003,big-air,open,,,open,mixed,,3,David Carrier-Porcheron,CAN,,,https://snowboardnet.jp/x-trail-jam-in-tokyo-dome-2003/ | https://en.wikipedia.org/wiki/X-Trail_Jam,likely,wave2-japan-europe,live-source
x-trail-jam--2003,quarterpipe,open,,,open,mixed,,1,Terje Håkonsen,NOR,,,https://snowboardnet.jp/x-trail-jam-in-tokyo-dome-2003/ | https://en.wikipedia.org/wiki/X-Trail_Jam,verified,wave2-japan-europe,live-source
x-trail-jam--2003,quarterpipe,open,,,open,mixed,,2,Travis Rice,USA,,,https://snowboardnet.jp/x-trail-jam-in-tokyo-dome-2003/ | https://en.wikipedia.org/wiki/X-Trail_Jam,verified,wave2-japan-europe,live-source
x-trail-jam--2003,quarterpipe,open,,,open,mixed,,3,Markku Koski,FIN,,,https://snowboardnet.jp/x-trail-jam-in-tokyo-dome-2003/ | https://en.wikipedia.org/wiki/X-Trail_Jam,likely,wave2-japan-europe,live-source
x-trail-jam--2004,big-air,open,,,open,mixed,,1,Heikki Sorsa,FIN,,,https://snowboardnet.jp/x-trail-jam-in-tokyo-dome-3/ | https://en.wikipedia.org/wiki/X-Trail_Jam,verified,wave2-japan-europe,live-source
x-trail-jam--2004,big-air,open,,,open,mixed,,2,Andy Finch,USA,,,https://snowboardnet.jp/x-trail-jam-in-tokyo-dome-3/ | https://en.wikipedia.org/wiki/X-Trail_Jam,verified,wave2-japan-europe,live-source
x-trail-jam--2004,big-air,open,,,open,mixed,,3,Travis Rice,USA,,,https://snowboardnet.jp/x-trail-jam-in-tokyo-dome-3/ | https://en.wikipedia.org/wiki/X-Trail_Jam,verified,wave2-japan-europe,live-source
x-trail-jam--2004,quarterpipe,open,,,open,mixed,,1,Andy Finch,USA,,,https://snowboardnet.jp/x-trail-jam-in-tokyo-dome-3/ | https://en.wikipedia.org/wiki/X-Trail_Jam,verified,wave2-japan-europe,live-source
x-trail-jam--2004,quarterpipe,open,,,open,mixed,,2,Travis Rice,USA,,,https://snowboardnet.jp/x-trail-jam-in-tokyo-dome-3/ | https://en.wikipedia.org/wiki/X-Trail_Jam,verified,wave2-japan-europe,live-source
x-trail-jam--2004,quarterpipe,open,,,open,mixed,,3,Terje Håkonsen,NOR,,,https://snowboardnet.jp/x-trail-jam-in-tokyo-dome-3/ | https://en.wikipedia.org/wiki/X-Trail_Jam,verified,wave2-japan-europe,live-source
x-trail-jam--2005,big-air,open,,,open,mixed,,1,Jonas Emery,,,,https://en.wikipedia.org/wiki/X-Trail_Jam,verified,wave2-japan-europe,live-source
x-trail-jam--2005,quarterpipe,open,,,open,mixed,,1,Terje Håkonsen,,,,https://en.wikipedia.org/wiki/X-Trail_Jam,verified,wave2-japan-europe,live-source
x-trail-jam--2006,big-air,open,,,open,mixed,,1,Travis Rice,,,,https://en.wikipedia.org/wiki/X-Trail_Jam,verified,wave2-japan-europe,live-source
x-trail-jam--2006,quarterpipe,open,,,open,mixed,,1,Shaun White,,,,https://en.wikipedia.org/wiki/X-Trail_Jam,verified,wave2-japan-europe,live-source
x-trail-jam--2007,big-air,open,,,open,mixed,,1,Risto Mattila,FIN,,,https://snowboardnet.jp/x-trail-jam-in-tokyo-dome-2007/ | https://en.wikipedia.org/wiki/X-Trail_Jam,verified,wave2-japan-europe,live-source
x-trail-jam--2007,big-air,open,,,open,mixed,,2,Travis Rice,USA,,,https://snowboardnet.jp/x-trail-jam-in-tokyo-dome-2007/ | https://en.wikipedia.org/wiki/X-Trail_Jam,verified,wave2-japan-europe,live-source
x-trail-jam--2007,big-air,open,,,open,mixed,,3,Mathieu Crepel,,,,https://snowboardnet.jp/x-trail-jam-in-tokyo-dome-2007/ | https://en.wikipedia.org/wiki/X-Trail_Jam,verified,wave2-japan-europe,live-source
x-trail-jam--2007,quarterpipe,open,,,open,mixed,,1,Travis Rice,USA,,,https://snowboardnet.jp/x-trail-jam-in-tokyo-dome-2007/ | https://en.wikipedia.org/wiki/X-Trail_Jam,verified,wave2-japan-europe,live-source
x-trail-jam--2007,quarterpipe,open,,,open,mixed,,2,Andy Finch,USA,,,https://snowboardnet.jp/x-trail-jam-in-tokyo-dome-2007/ | https://en.wikipedia.org/wiki/X-Trail_Jam,verified,wave2-japan-europe,live-source
x-trail-jam--2007,quarterpipe,open,,,open,mixed,,3,Kevin Pearce,USA,,,https://snowboardnet.jp/x-trail-jam-in-tokyo-dome-2007/ | https://en.wikipedia.org/wiki/X-Trail_Jam,verified,wave2-japan-europe,live-source
x-trail-jam--2008,big-air,open,,,open,mixed,,1,Torstein Horgmo,,,,https://en.wikipedia.org/wiki/X-Trail_Jam,verified,wave2-japan-europe,live-source
x-trail-jam--2008,quarterpipe,open,,,open,mixed,,1,Shaun White,,,,https://en.wikipedia.org/wiki/X-Trail_Jam,verified,wave2-japan-europe,live-source
