model_id,brand_id,brand_name,model_name,first_year,year_basis,last_year,year_note,category,pro_rider,series_or_family,confidence,notes,sources
aggression--tr60,aggression,Aggression,TR60,1992,introduced,1993,,freestyle,,,verified,'Tarquin TR 60' in the Oct 1992 guide; Boulder-built.,https://retrosnow.com/shop/aggression/92-aggression/aggression-tr60/ | https://archive.org/details/tws-89-93
aggression--assault,aggression,Aggression,Assault,1993,introduced,1993,TWS buyer's guide issue dated Oct of the prior calendar year (Oct 1989 issue = model year 1990).,freestyle,,,likely,,https://archive.org/details/tws-89-93
aggression--stealth,aggression,Aggression,Stealth,1993,introduced,1993,TWS buyer's guide issue dated Oct of the prior calendar year (Oct 1989 issue = model year 1990).,alpine,,,likely,Stealth 165 (Oct 1992 guide).,https://archive.org/details/tws-89-93
airwalk--a-1,airwalk,Airwalk,A-1,2000,introduced,2000,,all-mountain,,,likely,"Snowboard Life Top 25, 1999/2000.",https://www.snowboarder.com/news/snowboard-lifes-top-25-board-test-2000 | https://www.snowboarder.com/news/board-test-board-specs
amplid--singular,amplid,Amplid,Singular,2024,introduced,,,all-mountain,,Singular Series,verified,,https://thegoodride.com/snowboard-reviews/?brand=jones | https://www.amplid.com/collections/snowboards
amplid--snommelier,amplid,Amplid,Snommelier,2024,introduced,2025,,freeride,,,likely,,https://thegoodride.com/snowboard-reviews/amplid-snommelier-snowboard-review/
amplid--soulmate,amplid,Amplid,Soulmate,2024,introduced,,,freeride,,,verified,,https://thegoodride.com/snowboard-reviews/amplid-soulmate-snowboard-review/ | https://www.amplid.com/collections/snowboards
amplid--souly-grail,amplid,Amplid,Souly Grail,2024,introduced,,,freeride,,,verified,,https://thegoodride.com/snowboard-reviews/amplid-souly-grail-snowboard-review/ | https://www.amplid.com/collections/snowboards
amplid--surfari,amplid,Amplid,Surfari,2025,introduced,,Redesigned 2027; earlier 2025 version noted,powder,,,verified,,https://thegoodride.com/snowboard-reviews/amplid-surfari-snowboard-review/ | https://www.amplid.com/collections/snowboards
amplid--time-machine,amplid,Amplid,Time Machine,2026,introduced,,,all-mountain,,,verified,,https://thegoodride.com/snowboard-reviews/amplid-time-machine-snowboard-review/ | https://www.amplid.com/collections/snowboards
amplid--milligram,amplid,Amplid,Milligram,,unknown,,Milligram Split in current lineup; carbon split awarded 2015,splitboard,,,likely,,https://www.amplid.com/collections/snowboards | https://splitboard.com/amplids-carbon-split-awarded-most-innovative-by-splitboard-magazine-for-2015/
arbor--heritage,arbor,Arbor,Heritage,2001,earliest_sourced,2007,Listed on brand site (Wayback) for MY2001; slug pages continue to 200610 (MY2007),unknown,,,verified,"Listed as a board line on the Oct 2000 snowboard selector (MY2001); site slugs 'heritage', 'heritage_03', 'h' run through 200610.",https://web.archive.org/web/20001018175925/http://www.arborsports.com/sitefiles/boards/snowboards_select.html | https://web.archive.org/web/200610/http://www.arborsports.com/
arbor--signature,arbor,Arbor,Signature,2001,earliest_sourced,2001,Listed on brand site (Wayback) for MY2001,unknown,,,verified,Listed as a board line on the Oct 2000 snowboard selector (MY2001); site slug 'signature'.,https://web.archive.org/web/20001018175925/http://www.arborsports.com/sitefiles/boards/snowboards_select.html
arbor--woodie,arbor,Arbor,Woodie,2001,earliest_sourced,2007,Listed on brand site (Wayback) for MY2001; slug pages continue to 200610 (MY2007),unknown,,,verified,"Listed as a board line on the Oct 2000 snowboard selector (MY2001); site slugs 'woodie', 'woodie_03', 'w' run through 200610. Wood-topsheet line.",https://web.archive.org/web/20001018175925/http://www.arborsports.com/sitefiles/boards/snowboards_select.html | https://web.archive.org/web/200610/http://www.arborsports.com/
arbor--progression,arbor,Arbor,Progression,2002,earliest_sourced,2007,Seen on brand site (Wayback) 200111-200610; may predate,unknown,,,likely,Site slug 'progression_board / progression_03 / p'.,https://web.archive.org/web/200111/http://www.arborsports.com/ | https://web.archive.org/web/200610/http://www.arborsports.com/
arbor--cross,arbor,Arbor,Cross,2003,earliest_sourced,2004,Seen on brand site (Wayback) 200210-200311; may predate,unknown,,,likely,Site slug 'cross_03 / c'.,https://web.archive.org/web/200210/http://www.arborsports.com/ | https://web.archive.org/web/200311/http://www.arborsports.com/
arbor--mystic,arbor,Arbor,Mystic,2003,earliest_sourced,2008,Confirmed in SnowDB catalog archive for model years 2008-2008 (archive covers 2008-2012 only; run may extend outside that window). | Seen on brand site (Wayback) 200210-200610; may predate,unknown,,,verified,Site slug 'mystic_03 / m / mystic_04 / mystic / 05_mystic'.,https://www.snowdb.com/catalog/arbor | https://web.archive.org/web/200210/http://www.arborsports.com/ | https://web.archive.org/web/200610/http://www.arborsports.com/
arbor--s-series,arbor,Arbor,S Series,2003,earliest_sourced,2007,Seen on brand site (Wayback) 200302-200610; may predate,unknown,,,likely,Site slug 'ss / sseries_03'.,https://web.archive.org/web/200302/http://www.arborsports.com/ | https://web.archive.org/web/200610/http://www.arborsports.com/
arbor--a-frame,arbor,Arbor,A-Frame,2004,earliest_sourced,2007,"Earliest confirmed appearance 2008 (SnowDB catalog archive covers 2008-2012 only); in current lineup, so last_year null. | Earliest sourced (Good Ride 2027 review); A-Frame is a long-running model | Seen on brand site (Wayback) 200309-200701; may predate",freeride,,,verified,Arbor's long-running directional freeride board with wood topsheet; in 2027 line. | Site slug 'aframe_04 / aframe / 05_aframe'.,https://www.snowdb.com/catalog/arbor | https://www.evo.com/shop/snowboard/snowboards/arbor | https://thegoodride.com/snowboard-reviews/?brand=jones | https://web.archive.org/web/200309/http://www.arborsports.com/ | https://web.archive.org/web/200701/http://www.arborsports.com/
arbor--crossbow,arbor,Arbor,Crossbow,2004,earliest_sourced,2009,Confirmed in SnowDB catalog archive for model years 2008-2009 (archive covers 2008-2012 only; run may extend outside that window). | Seen on brand site (Wayback) 200309-200610; may predate,unknown,,,verified,Site slug 'crossbow_04 / crossbow / 05_crossbow'.,https://www.snowdb.com/catalog/arbor | https://web.archive.org/web/200309/http://www.arborsports.com/ | https://web.archive.org/web/200610/http://www.arborsports.com/
arbor--draft,arbor,Arbor,Draft,2004,earliest_sourced,2007,"Earliest confirmed appearance 2008 (SnowDB catalog archive covers 2008-2012 only); in current lineup, so last_year null. | Earliest sourced | Seen on brand site (Wayback) 200308-200610; may predate",freestyle,,,verified,Park board; in 2026-27 line. | Site slug 'draft_04 / draft / 05_draft'.,https://www.snowdb.com/catalog/arbor | https://www.evo.com/shop/snowboard/snowboards/arbor | https://web.archive.org/web/200308/http://www.arborsports.com/ | https://web.archive.org/web/200610/http://www.arborsports.com/
arbor--element,arbor,Arbor,Element,2004,earliest_sourced,2007,"Earliest confirmed appearance 2008 (SnowDB catalog archive covers 2008-2012 only); in current lineup, so last_year null. | Earliest sourced 2026; Element is a long-running Arbor model | Seen on brand site (Wayback) 200308-200701; may predate",all-mountain,,,verified,Element / Element RX / CX; Element and Element Decon in 2026-27. | Decon variant. | Site slug 'element_04 / element / 05_element'. Element Wide page (slug 'element_wide') 200411-200701 folded in as a width variant.,https://www.snowdb.com/catalog/arbor | https://www.evo.com/shop/snowboard/snowboards/arbor | https://web.archive.org/web/200308/http://www.arborsports.com/ | https://web.archive.org/web/200701/http://www.arborsports.com/
arbor--formula,arbor,Arbor,Formula,2004,earliest_sourced,2007,"Earliest confirmed appearance 2008 (SnowDB catalog archive covers 2008-2012 only); in current lineup, so last_year null. | Earliest sourced | Seen on brand site (Wayback) 200310-200610; may predate",all-mountain,,,verified,Formula and Formula Decon in 2026-27. | Decon variant. | Site slug 'formula / formula_04 / 05_formula'.,https://www.snowdb.com/catalog/arbor | https://www.evo.com/shop/snowboard/snowboards/arbor | https://web.archive.org/web/200310/http://www.arborsports.com/ | https://web.archive.org/web/200610/http://www.arborsports.com/
arbor--abacus,arbor,Arbor,Abacus,2008,earliest_sourced,2011,Confirmed in SnowDB catalog archive for model years 2008-2011 (archive covers 2008-2012 only; run may extend outside that window).,unknown,,,likely,,https://www.snowdb.com/catalog/arbor
arbor--alt,arbor,Arbor,Alt,2008,earliest_sourced,2008,Confirmed in SnowDB catalog archive for model years 2008-2008 (archive covers 2008-2012 only; run may extend outside that window).,unknown,,,likely,,https://www.snowdb.com/catalog/arbor
arbor--cadence,arbor,Arbor,Cadence,2008,earliest_sourced,,"Earliest confirmed appearance 2008 (SnowDB catalog archive covers 2008-2012 only); in current lineup, so last_year null. | Earliest sourced",all-mountain,,,verified,Women's; in 2026-27 line. | Women's.,https://www.snowdb.com/catalog/arbor | https://www.evo.com/shop/snowboard/snowboards/arbor
arbor--push,arbor,Arbor,Push,2008,earliest_sourced,2012,Confirmed in SnowDB catalog archive for model years 2008-2012 (archive covers 2008-2012 only; run may extend outside that window).,unknown,,,likely,,https://www.snowdb.com/catalog/arbor
arbor--roundhouse,arbor,Arbor,Roundhouse,2008,earliest_sourced,2012,Confirmed in SnowDB catalog archive for model years 2008-2012 (archive covers 2008-2012 only; run may extend outside that window).,unknown,,,likely,Roundhouse RX/CX 2012.,https://www.snowdb.com/catalog/arbor
arbor--wasteland,arbor,Arbor,Wasteland,2008,earliest_sourced,2012,Confirmed in SnowDB catalog archive for model years 2008-2012 (archive covers 2008-2012 only; run may extend outside that window).,unknown,,,likely,,https://www.snowdb.com/catalog/arbor
arbor--westmark,arbor,Arbor,Westmark,2008,earliest_sourced,2012,Confirmed in SnowDB catalog archive for model years 2008-2012 (archive covers 2008-2012 only; run may extend outside that window).,freestyle,,,likely,,https://www.snowdb.com/catalog/arbor
arbor--coda,arbor,Arbor,Coda,2009,earliest_sourced,,"Earliest confirmed appearance 2009 (SnowDB catalog archive covers 2008-2012 only); in current lineup, so last_year null. | Earliest sourced; Carbon Coda variant",all-mountain,,,verified,Coda and Carbon Coda in 2027.,https://www.snowdb.com/catalog/arbor | https://www.evo.com/shop/snowboard/snowboards/arbor
arbor--del-rey,arbor,Arbor,Del Rey,2009,earliest_sourced,2012,Confirmed in SnowDB catalog archive for model years 2009-2012 (archive covers 2008-2012 only; run may extend outside that window).,unknown,,,likely,,https://www.snowdb.com/catalog/arbor
arbor--eden,arbor,Arbor,Eden,2009,earliest_sourced,2011,Confirmed in SnowDB catalog archive for model years 2009-2011 (archive covers 2008-2012 only; run may extend outside that window).,unknown,,,likely,,https://www.snowdb.com/catalog/arbor
arbor--nightrain,arbor,Arbor,Nightrain,2010,earliest_sourced,2011,Confirmed in SnowDB catalog archive for model years 2010-2011 (archive covers 2008-2012 only; run may extend outside that window).,unknown,,,likely,,https://www.snowdb.com/catalog/arbor
arbor--blacklist,arbor,Arbor,Blacklist,2012,earliest_sourced,2012,Confirmed in SnowDB catalog archive for model years 2012-2012 (archive covers 2008-2012 only; run may extend outside that window).,unknown,,,likely,,https://www.snowdb.com/catalog/arbor
arbor--poparazzi,arbor,Arbor,Poparazzi,2012,earliest_sourced,2012,Confirmed in SnowDB catalog archive for model years 2012-2012 (archive covers 2008-2012 only; run may extend outside that window).,unknown,,,likely,,https://www.snowdb.com/catalog/arbor
arbor--relapse,arbor,Arbor,Relapse,2012,earliest_sourced,2012,Confirmed in SnowDB catalog archive for model years 2012-2012 (archive covers 2008-2012 only; run may extend outside that window).,unknown,,,likely,,https://www.snowdb.com/catalog/arbor
arbor--swoon,arbor,Arbor,Swoon,2012,earliest_sourced,,"Earliest confirmed appearance 2012 (SnowDB catalog archive covers 2008-2012 only); in current lineup, so last_year null. | Earliest sourced",all-mountain,,,verified,Women's; Swoon and Swoon Decon 2027. | Women's.,https://www.snowdb.com/catalog/arbor | https://www.evo.com/shop/snowboard/snowboards/arbor
arbor--rain,arbor,Arbor,Rain,2026,earliest_sourced,,Earliest confirmed 2026 (evo listing); still in production.,unknown,,,likely,,https://www.evo.com/shop/snowboard/snowboards/arbor
arbor--astrowaste,arbor,Arbor,Astrowaste,2027,earliest_sourced,,Earliest confirmed 2027 (evo listing); still in production.,unknown,,,likely,,https://www.evo.com/shop/snowboard/snowboards/arbor
arbor--bryan-iguchi-pro,arbor,Arbor,Bryan Iguchi Pro,2027,earliest_sourced,,Earliest confirmed 2027 (evo listing); still in production. | Earliest sourced; long-running pro model,freeride,Bryan Iguchi,,likely,,https://www.evo.com/shop/snowboard/snowboards/arbor
arbor--danny-kass-park-pro,arbor,Arbor,Danny Kass Park Pro,2027,earliest_sourced,,Earliest confirmed 2027 (evo listing); still in production. | Earliest sourced,freestyle,Danny Kass,,likely,,https://www.evo.com/shop/snowboard/snowboards/arbor
arbor--el-camino,arbor,Arbor,El Camino,2027,earliest_sourced,,Earliest confirmed 2027 (evo listing); still in production. | Earliest sourced,all-mountain,,,likely,,https://www.evo.com/shop/snowboard/snowboards/arbor
arbor--kuro-neko,arbor,Arbor,Kuro Neko,2027,earliest_sourced,,Earliest confirmed 2027 (evo listing); still in production.,unknown,,,likely,Women's model.,https://www.evo.com/shop/snowboard/snowboards/arbor
arbor--madre,arbor,Arbor,Madre,2027,earliest_sourced,,Earliest confirmed 2027 (evo listing); still in production.,unknown,,,likely,Women's model.,https://www.evo.com/shop/snowboard/snowboards/arbor
arbor--mantra,arbor,Arbor,Mantra,2027,earliest_sourced,,Earliest confirmed 2027 (evo listing); still in production.,unknown,,,likely,Women's model.,https://www.evo.com/shop/snowboard/snowboards/arbor
arbor--metal-machine,arbor,Arbor,Metal Machine,2027,earliest_sourced,,Earliest confirmed 2027 (evo listing); still in production. | Earliest sourced,freestyle,,,likely,,https://www.evo.com/shop/snowboard/snowboards/arbor
arbor--padre,arbor,Arbor,Padre,2027,earliest_sourced,,Earliest confirmed 2027 (evo listing); still in production. | Earliest sourced,freeride,,,likely,,https://www.evo.com/shop/snowboard/snowboards/arbor
arbor--red-gerard-pro,arbor,Arbor,Red Gerard Pro,2027,earliest_sourced,,Earliest confirmed 2027 (evo listing); still in production. | Earliest sourced,freestyle,Red Gerard,,likely,,https://www.evo.com/shop/snowboard/snowboards/arbor
arbor--rooster-fish,arbor,Arbor,Rooster Fish,2027,earliest_sourced,,Earliest confirmed 2027 (evo listing); still in production. | Earliest sourced,powder,,,likely,,https://www.evo.com/shop/snowboard/snowboards/arbor
arbor--scion,arbor,Arbor,Scion,2027,earliest_sourced,,Earliest confirmed 2027 (evo listing); still in production.,kids,,,likely,,https://www.evo.com/shop/snowboard/snowboards/arbor
arbor--seedling,arbor,Arbor,Seedling,2027,earliest_sourced,,Earliest confirmed 2027 (evo listing); still in production.,kids,,,likely,,https://www.evo.com/shop/snowboard/snowboards/arbor
arbor--sin-cara,arbor,Arbor,Sin Cara,2027,earliest_sourced,,Earliest confirmed 2027 (evo listing); still in production.,unknown,,,likely,Women's model.,https://www.evo.com/shop/snowboard/snowboards/arbor
arbor--sin-nombre,arbor,Arbor,Sin Nombre,2027,earliest_sourced,,Earliest confirmed 2027 (evo listing); still in production.,freeride,,,verified,,https://www.evo.com/shop/snowboard/snowboards/arbor | https://thegoodride.com/snowboard-reviews/ | https://thegoodride.com/snowboard-reviews/?brand=jones
arbor--terrapin,arbor,Arbor,Terrapin,2027,earliest_sourced,,Earliest confirmed 2027 (evo listing); still in production. | Earliest sourced (Terrapin PFD),powder,,,likely,,https://www.evo.com/shop/snowboard/snowboards/arbor
arbor--veda,arbor,Arbor,Veda,2027,earliest_sourced,,Earliest confirmed 2027 (evo listing); still in production. | Earliest sourced,freeride,,,likely,Women's model. | Women's.,https://www.evo.com/shop/snowboard/snowboards/arbor
atomic--alibi,atomic,Atomic,Alibi,2004,earliest_sourced,2012,Confirmed in SnowDB catalog archive for model years 2010-2012 (archive covers 2008-2012 only; run may extend outside that window). | Listed on brand site (Wayback) for MY2004; may predate,unknown,,,verified,Alibi RENU 2011. | Listed on both the Sept 2003 and Feb 2004 board pages (MY2004).,https://www.snowdb.com/catalog/atomic | https://web.archive.org/web/20030925214647/http://www.atomicsnowboarding.com/product.boards.php | https://web.archive.org/web/20040207030807/http://www.atomicsnowboarding.com/product.boards.php
atomic--bond,atomic,Atomic,Bond,2004,earliest_sourced,,Listed on brand site (Wayback) for MY2004; may predate,unknown,,,verified,Listed on both the Sept 2003 and Feb 2004 board pages (MY2004).,https://web.archive.org/web/20030925214647/http://www.atomicsnowboarding.com/product.boards.php | https://web.archive.org/web/20040207030807/http://www.atomicsnowboarding.com/product.boards.php
atomic--don,atomic,Atomic,Don,2004,earliest_sourced,,Listed on brand site (Wayback) for MY2004; may predate,unknown,,,verified,Listed on both the Sept 2003 and Feb 2004 board pages (MY2004).,https://web.archive.org/web/20030925214647/http://www.atomicsnowboarding.com/product.boards.php | https://web.archive.org/web/20040207030807/http://www.atomicsnowboarding.com/product.boards.php
atomic--don-sr,atomic,Atomic,Don Sr.,2004,earliest_sourced,,Listed on brand site (Wayback) for MY2004; may predate,unknown,,,verified,Listed on both the Sept 2003 and Feb 2004 board pages (MY2004).,https://web.archive.org/web/20030925214647/http://www.atomicsnowboarding.com/product.boards.php | https://web.archive.org/web/20040207030807/http://www.atomicsnowboarding.com/product.boards.php
atomic--hatchet,atomic,Atomic,Hatchet,2004,earliest_sourced,2012,Confirmed in SnowDB catalog archive for model years 2010-2012 (archive covers 2008-2012 only; run may extend outside that window). | Listed on brand site (Wayback) for MY2004; may predate,unknown,,,verified,Listed on both the Sept 2003 and Feb 2004 board pages (MY2004).,https://www.snowdb.com/catalog/atomic | https://web.archive.org/web/20030925214647/http://www.atomicsnowboarding.com/product.boards.php | https://web.archive.org/web/20040207030807/http://www.atomicsnowboarding.com/product.boards.php
atomic--kumicho,atomic,Atomic,Kumicho,2004,earliest_sourced,,Listed on brand site (Wayback) for MY2004; may predate,unknown,,,verified,Listed on both the Sept 2003 and Feb 2004 board pages (MY2004).,https://web.archive.org/web/20030925214647/http://www.atomicsnowboarding.com/product.boards.php | https://web.archive.org/web/20040207030807/http://www.atomicsnowboarding.com/product.boards.php
atomic--kung-pow,atomic,Atomic,Kung Pow,2004,earliest_sourced,,Listed on brand site (Wayback) for MY2004; may predate,unknown,,,verified,Listed on the Feb 2004 board page (MY2004).,https://web.archive.org/web/20040207030807/http://www.atomicsnowboarding.com/product.boards.php
atomic--mighty-d,atomic,Atomic,Mighty D,2004,earliest_sourced,2010,Confirmed in SnowDB catalog archive for model years 2010-2010 (archive covers 2008-2012 only; run may extend outside that window). | Listed on brand site (Wayback) for MY2004; may predate,unknown,,,verified,Listed on both the Sept 2003 and Feb 2004 board pages (MY2004).,https://www.snowdb.com/catalog/atomic | https://web.archive.org/web/20030925214647/http://www.atomicsnowboarding.com/product.boards.php | https://web.archive.org/web/20040207030807/http://www.atomicsnowboarding.com/product.boards.php
atomic--mini-d,atomic,Atomic,Mini D,2004,earliest_sourced,,Listed on brand site (Wayback) for MY2004; may predate,unknown,,,verified,Listed on both the Sept 2003 and Feb 2004 board pages (MY2004).,https://web.archive.org/web/20030925214647/http://www.atomicsnowboarding.com/product.boards.php | https://web.archive.org/web/20040207030807/http://www.atomicsnowboarding.com/product.boards.php
atomic--mugshot,atomic,Atomic,Mugshot,2004,earliest_sourced,,Listed on brand site (Wayback) for MY2004; may predate,unknown,,,verified,Listed on both the Sept 2003 and Feb 2004 board pages (MY2004).,https://web.archive.org/web/20030925214647/http://www.atomicsnowboarding.com/product.boards.php | https://web.archive.org/web/20040207030807/http://www.atomicsnowboarding.com/product.boards.php
atomic--polarity,atomic,Atomic,Polarity,2004,earliest_sourced,2012,Confirmed in SnowDB catalog archive for model years 2010-2012 (archive covers 2008-2012 only; run may extend outside that window). | Listed on brand site (Wayback) for MY2004; may predate,unknown,,,verified,Women's. | Listed on both the Sept 2003 and Feb 2004 board pages (MY2004).,https://www.snowdb.com/catalog/atomic | https://web.archive.org/web/20030925214647/http://www.atomicsnowboarding.com/product.boards.php | https://web.archive.org/web/20040207030807/http://www.atomicsnowboarding.com/product.boards.php
atomic--radon,atomic,Atomic,Radon,2004,earliest_sourced,,Listed on brand site (Wayback) for MY2004; may predate,unknown,,,verified,Listed on both the Sept 2003 and Feb 2004 board pages (MY2004).,https://web.archive.org/web/20030925214647/http://www.atomicsnowboarding.com/product.boards.php | https://web.archive.org/web/20040207030807/http://www.atomicsnowboarding.com/product.boards.php
atomic--rapture,atomic,Atomic,Rapture,2004,earliest_sourced,,Listed on brand site (Wayback) for MY2004; may predate,unknown,,,verified,Listed on the Feb 2004 board page (MY2004).,https://web.archive.org/web/20040207030807/http://www.atomicsnowboarding.com/product.boards.php
atomic--tika,atomic,Atomic,Tika,2004,earliest_sourced,2012,Confirmed in SnowDB catalog archive for model years 2010-2012 (archive covers 2008-2012 only; run may extend outside that window). | Listed on brand site (Wayback) for MY2004; may predate,unknown,,,verified,Women's. | Listed on both the Sept 2003 and Feb 2004 board pages (MY2004).,https://www.snowdb.com/catalog/atomic | https://web.archive.org/web/20030925214647/http://www.atomicsnowboarding.com/product.boards.php | https://web.archive.org/web/20040207030807/http://www.atomicsnowboarding.com/product.boards.php
atomic--triarc,atomic,Atomic,Triarc,2004,earliest_sourced,,Listed on brand site (Wayback) for MY2004; may predate,unknown,,,verified,Listed on both the Sept 2003 and Feb 2004 board pages (MY2004).,https://web.archive.org/web/20030925214647/http://www.atomicsnowboarding.com/product.boards.php | https://web.archive.org/web/20040207030807/http://www.atomicsnowboarding.com/product.boards.php
atomic--vantage,atomic,Atomic,Vantage,2004,earliest_sourced,2012,Confirmed in SnowDB catalog archive for model years 2010-2012 (archive covers 2008-2012 only; run may extend outside that window). | Listed on brand site (Wayback) for MY2004; may predate,unknown,,,verified,Listed on both the Sept 2003 and Feb 2004 board pages (MY2004).,https://www.snowdb.com/catalog/atomic | https://web.archive.org/web/20030925214647/http://www.atomicsnowboarding.com/product.boards.php | https://web.archive.org/web/20040207030807/http://www.atomicsnowboarding.com/product.boards.php
atomic--axum,atomic,Atomic,Axum,2010,earliest_sourced,2012,Confirmed in SnowDB catalog archive for model years 2010-2012 (archive covers 2008-2012 only; run may extend outside that window).,unknown,,,likely,,https://www.snowdb.com/catalog/atomic
atomic--banger,atomic,Atomic,Banger,2010,earliest_sourced,2012,Confirmed in SnowDB catalog archive for model years 2010-2012 (archive covers 2008-2012 only; run may extend outside that window).,unknown,,,likely,,https://www.snowdb.com/catalog/atomic
atomic--fallen-angel,atomic,Atomic,Fallen Angel,2010,earliest_sourced,2012,Confirmed in SnowDB catalog archive for model years 2010-2012 (archive covers 2008-2012 only; run may extend outside that window).,unknown,,,likely,Women's.,https://www.snowdb.com/catalog/atomic
atomic--pivot,atomic,Atomic,Pivot,2010,earliest_sourced,2012,Confirmed in SnowDB catalog archive for model years 2010-2012 (archive covers 2008-2012 only; run may extend outside that window).,unknown,,,likely,Pivot Jr. also.,https://www.snowdb.com/catalog/atomic
atomic--poacher,atomic,Atomic,Poacher,2010,earliest_sourced,2012,Confirmed in SnowDB catalog archive for model years 2010-2012 (archive covers 2008-2012 only; run may extend outside that window).,unknown,,,likely,Poacher Premium RENU 2011.,https://www.snowdb.com/catalog/atomic
atomic--terminal,atomic,Atomic,Terminal,2010,earliest_sourced,2012,Confirmed in SnowDB catalog archive for model years 2010-2012 (archive covers 2008-2012 only; run may extend outside that window).,unknown,,,likely,,https://www.snowdb.com/catalog/atomic
atomic--stasher,atomic,Atomic,Stasher,2011,earliest_sourced,2012,Confirmed in SnowDB catalog archive for model years 2011-2012 (archive covers 2008-2012 only; run may extend outside that window).,unknown,,,likely,,https://www.snowdb.com/catalog/atomic
avalanche--rfx-slalom,avalanche,Avalanche,RFX Slalom,1985,introduced,1987,,alpine,,,verified,"Square tail with slight tail-kick, quick-release plates, $399.95 (ISM 1987). Michigan museum: Slalom RFX Reflex 1985.",https://www.michigansnowboardmuseum.com/the-neon-era--other-80s-decks.html | https://archive.org/details/ISM-87-91
avalanche--accel,avalanche,Avalanche,Accel,1988,introduced,1989,,alpine,,,verified,"Accel 180 made in Austria, high-speed board for larger riders.",https://archive.org/details/ISM-87-91 | https://retrosnow.com/shop/avalanche/avalanche-88/avalanche-accel-180/
avalanche--flex,avalanche,Avalanche,Flex,1988,introduced,1988,ISM buyer's guide (issue for the following winter season).,all-mountain,,,likely,"Flex 160, Austria-made, $389.95.",https://archive.org/details/ISM-87-91
avalanche--kick,avalanche,Avalanche,Kick,1988,introduced,1990,,freestyle,,,verified,Kick 165 Damian pipe board (ISM 1989); Kick Freestyle 165 (1988) and Kick 165 (1990) at Retro Snow.,https://archive.org/details/ISM-87-91 | https://retrosnow.com/shop/avalanche/avalanche-88/avalanche-kick-freestyle-165/ | https://retrosnow.com/shop/avalanche/90-avalanche/avalanche-kick-165/
avalanche--sport,avalanche,Avalanche,Sport,1988,introduced,1988,ISM buyer's guide (issue for the following winter season).,kids,,,likely,"Sport-Mini 140 / Sport 150 for smaller riders, $289.95.",https://archive.org/details/ISM-87-91
avalanche--damian,avalanche,Avalanche,Damian,1990,introduced,1993,,freestyle,Damian Sanders,,verified,Damian 175 (ISM 1990); Damian Dagger 175 (TWS Oct 1992).,https://archive.org/details/ISM-87-91 | https://archive.org/details/tws-89-93
avalanche--rat,avalanche,Avalanche,Rat,1993,introduced,1993,TWS buyer's guide issue dated Oct of the prior calendar year (Oct 1989 issue = model year 1990).,freestyle,,,likely,Rat 167 (TWS Oct 1992).,https://archive.org/details/tws-89-93
avalanche--standard,avalanche,Avalanche,Standard,2000,introduced,2000,,kids,,,likely,"Kids board, 2000 board test specs.",https://www.snowboarder.com/news/board-test-board-specs
avalanche--x-elles,avalanche,Avalanche,X-Elles,2000,introduced,2000,,freestyle,,,likely,"Women's board, 2000 board test specs.",https://www.snowboarder.com/news/board-test-board-specs
barfoot--freestyle,barfoot,Barfoot,Freestyle,1986,introduced,1988,,freestyle,,,verified,Freestyle 141/151/161 all-terrain board (ISM 1988); Retro Snow has a 1986 wooden 'Freestyle Woody'.,https://archive.org/details/ISM-87-91 | https://retrosnow.com/shop/barfoot/barfoot-86/barfoot-freestyle-155/
barfoot--161-graphite,barfoot,Barfoot,161 Graphite,1987,introduced,1987,ISM buyer's guide (issue for the following winter season).,freeride,,,likely,"Square tail, highback bindings, $350 (ISM Jan 1987).",https://archive.org/details/ISM-87-91
barfoot--twin-tip,barfoot,Barfoot,Twin Tip,1987,introduced,1989,,freestyle,,,verified,"Twintip 161/171 (1988), 161 TwinTip Freestyle with 2/3 camber (1989). Chuck Barfoot's twin-tip freestyle shape debuted 1987.",https://archive.org/details/ISM-87-91 | https://www.snowboarder.com/news/snowboard-history-timeline-part-21980s | https://retrosnow.com/shop/barfoot/87/barfoot-twin-tip-freestyle/
barfoot--freakstyle,barfoot,Barfoot,Freakstyle,1989,introduced,1989,Retro Snow collector catalog dates the board by two-digit year category; treated as model year.,freestyle,,,likely,Tahoe Quarterly notes the Freakstyle being re-introduced.,https://retrosnow.com/shop/barfoot/89/barfoot-freakstyle/ | https://tahoequarterly.com/ski-ride-2019/the-shape-of-snowboarding
barfoot--mike-estes,barfoot,Barfoot,Mike Estes,1990,introduced,1992,,freestyle,Mike Estes,,verified,"Estes Pro Model 166 (1990), Estes (ISM 1991), Barfoot Mike Estes (TWS Oct 1991).",https://retrosnow.com/shop/barfoot/90-barfoot/barfoot-estes-pro-model-166/ | https://archive.org/details/ISM-87-91 | https://archive.org/details/tws-89-93 | https://retrosnow.com/shop/barfoot/92-barfoot/barfoot-mike-estes/
barfoot--team,barfoot,Barfoot,Team,1991,introduced,1993,,freestyle,,,verified,"Team Freestyle (ISM 1991), Team Model 166 (TWS Oct 1992).",https://archive.org/details/ISM-87-91 | https://archive.org/details/tws-89-93
barfoot--jon-boyer,barfoot,Barfoot,Jon Boyer,1992,introduced,1994,,freestyle,Jon Boyer,,verified,Jon Boyer Pro Model 162 (1993); 'Barfoot Boyer' still listed in 1994.,https://archive.org/details/tws-89-93 | https://retrosnow.com/shop/barfoot/92-barfoot/barfoot-jon-boyer/
bataleon--enemy,bataleon,Bataleon,Enemy,2005,introduced,2013,Enemy+++ from 2009-10,freestyle,,,verified,,https://bataleon.com/pages/board-archive
bataleon--goliath,bataleon,Bataleon,Goliath,2005,introduced,,,all-mountain,,,verified,All-mountain directional twin; Goliath+ variant.,https://bataleon.com/pages/board-archive | https://thegoodride.com/snowboard-reviews/bataleon-goliath-snowboard-review/
bataleon--the-hero,bataleon,Bataleon,The Hero,2005,introduced,2007,,unknown,,,verified,,https://bataleon.com/pages/board-archive
bataleon--evil-twin,bataleon,Bataleon,Evil Twin,2006,introduced,,,freestyle,,,verified,Bataleon's best-selling 3BT twin; Evil Twin+ variant later.,https://bataleon.com/pages/board-archive | https://whitelines.com/snowboard-gear/bataleon-evil-twin-snowboard.html
bataleon--undisputed,bataleon,Bataleon,Undisputed,2006,introduced,2013,,freeride,,,verified,,https://bataleon.com/pages/board-archive
bataleon--violenza,bataleon,Bataleon,Violenza,2007,introduced,2013,,unknown,,,verified,,https://bataleon.com/pages/board-archive
bataleon--distortia,bataleon,Bataleon,Distortia,2008,introduced,,,freestyle,,,verified,Women's twin.,https://bataleon.com/pages/board-archive
bataleon--fun-kink,bataleon,Bataleon,Fun.Kink,2008,introduced,,,freestyle,,,verified,,https://bataleon.com/pages/board-archive
bataleon--riot,bataleon,Bataleon,Riot,2008,introduced,2014,,freestyle,,,verified,,https://bataleon.com/pages/board-archive
bataleon--the-jam,bataleon,Bataleon,The Jam,2008,introduced,2022,Listed as 'Jam' in later years,all-mountain,,,verified,,https://bataleon.com/pages/board-archive
bataleon--airobic,bataleon,Bataleon,Airobic,2009,introduced,2017,,freestyle,,,verified,,https://bataleon.com/pages/board-archive
bataleon--feelbetter,bataleon,Bataleon,Feelbetter,2009,introduced,,,all-mountain,,,verified,Women's.,https://bataleon.com/pages/board-archive | https://bataleon.com/collections/all-snowboards
bataleon--omni,bataleon,Bataleon,Omni,2010,introduced,2020,,all-mountain,,,verified,,https://bataleon.com/pages/board-archive
bataleon--disaster,bataleon,Bataleon,Disaster,2012,introduced,,,freestyle,,,verified,Jib board; Disaster+ variant.,https://bataleon.com/pages/board-archive
bataleon--whatever,bataleon,Bataleon,Whatever,2012,introduced,,,all-mountain,,,verified,,https://bataleon.com/pages/board-archive
bataleon--camel-toe,bataleon,Bataleon,Camel Toe,2013,introduced,2023,,powder,,,verified,Double-camber powder shape; Camel Two/Camel 2 variants.,https://bataleon.com/pages/board-archive
bataleon--global-warmer,bataleon,Bataleon,Global Warmer,2013,introduced,2021,,all-mountain,,,verified,QA-corrected.,https://bataleon.com/pages/board-archive
bataleon--push-up,bataleon,Bataleon,Push Up,2013,introduced,,,all-mountain,,,verified,Women's; Push Up+ variant.,https://bataleon.com/pages/board-archive | https://bataleon.com/collections/all-snowboards
bataleon--boss,bataleon,Bataleon,Boss,2014,introduced,2022,,all-mountain,,,verified,,https://bataleon.com/pages/board-archive
bataleon--evil-twin-asymmetrical,bataleon,Bataleon,Evil Twin Asymmetrical,2015,introduced,2016,Aka ETA,freestyle,,,verified,QA-corrected.,https://bataleon.com/pages/board-archive | https://thegoodride.com/snowboard-reviews/bataleon-evil-twin-asymetrical-snowboard-review/
bataleon--love-powder,bataleon,Bataleon,Love Powder,2015,introduced,2023,,powder,,,verified,,https://bataleon.com/pages/board-archive
bataleon--magic-carpet,bataleon,Bataleon,Magic Carpet,2016,introduced,2022,,powder,,,verified,,https://bataleon.com/pages/board-archive
bataleon--carver,bataleon,Bataleon,Carver,2017,introduced,2023,,all-mountain,,,verified,,https://bataleon.com/pages/board-archive
bataleon--surfer,bataleon,Bataleon,Surfer,2017,introduced,,Surfer E.S. in 2017-18,powder,,,verified,,https://bataleon.com/pages/board-archive | https://bataleon.com/collections/all-snowboards
bataleon--wallie,bataleon,Bataleon,Wallie,2017,introduced,2025,,freestyle,,,verified,,https://bataleon.com/pages/board-archive
bataleon--blow,bataleon,Bataleon,Blow,2018,introduced,2025,,freestyle,,,verified,,https://bataleon.com/pages/board-archive
bataleon--spirit,bataleon,Bataleon,Spirit,2018,introduced,2025,Bataleon archive: first listed 2017/18 season.,all-mountain,,,verified,Women's. | QA-corrected.,https://bataleon.com/pages/board-archive
bataleon--stallion,bataleon,Bataleon,Stallion,2018,introduced,2022,,freeride,,,verified,,https://bataleon.com/pages/board-archive
bataleon--chaser,bataleon,Bataleon,Chaser,2019,introduced,2025,,all-mountain,,,verified,,https://bataleon.com/pages/board-archive
bataleon--party-wave,bataleon,Bataleon,Party Wave,2019,introduced,,,powder,,,verified,Short wide powder board; Party Wave+ and Party Wave Twin variants.,https://bataleon.com/pages/board-archive | https://thegoodride.com/snowboard-reviews/bataleon-party-wave-2020-snowboard-review/
bataleon--thunder,bataleon,Bataleon,Thunder,2021,introduced,2023,ThunderStorm from 2023-24,freeride,,,verified,,https://bataleon.com/pages/board-archive
bataleon--cruiser,bataleon,Bataleon,Cruiser,2023,introduced,2025,,all-mountain,,,verified,,https://bataleon.com/pages/board-archive
bataleon--cameleon,bataleon,Bataleon,Cameleon,2025,introduced,,,all-mountain,,,verified,,https://bataleon.com/pages/board-archive | https://bataleon.com/collections/all-snowboards
bataleon--turbo,bataleon,Bataleon,Turbo,2025,introduced,,,all-mountain,,,verified,,https://bataleon.com/pages/board-archive | https://bataleon.com/collections/all-snowboards
bataleon--placebo,bataleon,Bataleon,Placebo,,unknown,,In current brand shop; first year not sourced,unknown,,,likely,,https://bataleon.com/collections/all-snowboards
bataleon--stereo,bataleon,Bataleon,Stereo,,unknown,,In current brand shop; first year not sourced,freestyle,,,likely,,https://bataleon.com/collections/all-snowboards
bc-stream--hammerhead-nw,bc-stream,BC Stream,Hammerhead NW,2026,introduced,,Released April 2025 per brand news (assumed 2025-26 season),unknown,,,likely,,https://bc-stream.com/
burton--fiberglass-prototype,burton,Burton,Fiberglass Prototype,1977,earliest_sourced,1977,Board Vault lists model years 1977,unknown,,,likely,,https://boardvault.net/snowboards/year/1977 | https://boardvault.net/snowboards/1977/fiberglass-prototype
burton--backhill-bb1,burton,Burton,Backhill (BB1),1978,introduced,1985,Board Vault lists model years 1979-1985 | 1977 prototypes; Burton timeline lists BBI under 1978; last wooden Backhill 1985 (Michigan Snowboard Museum).,other,,,verified,"Board Vault entries folded into this row: Backhill. | Burton's first production board (BBI/'Backhill'): polyurethane-coated hardwood, twin-fin, rope handle and leash. 1979-80 Londonderry-shaped versions; 1982-83 boards hand-signed by Jake; 1985 blue-on-blue was the last wooden Backhill.",https://boardvault.net/snowboards/year/1979 | https://boardvault.net/snowboards/year/1982 | https://boardvault.net/snowboards/year/1985 | https://boardvault.net/snowboards/1979/backhill-1979 | https://www.burton.com/en-us/blogs/the-burton-blog/burton-snowboards-history | https://www.michigansnowboardmuseum.com/burton---early-years-to-the-modern-twin.html | https://www.vintagewinter.com/blogs/blog/4555102-vintage-burton-snowboards | https://www.vintagewinter.com/collections/vintage-snowboards
burton--prototype,burton,Burton,Prototype,1978,earliest_sourced,1978,Board Vault lists model years 1978,unknown,,,likely,,https://boardvault.net/snowboards/year/1978 | https://boardvault.net/snowboards/1978/prototype
burton--backyard-bbii,burton,Burton,Backyard (BBII),1979,earliest_sourced,1984,"Board Vault lists model years 1979, 1981-1984 | First dated examples 1981 (museum/VintageWinter); Retro Snow and VintageWinter show 1984 examples.",other,,,verified,"Board Vault entries folded into this row: Backyard. Not listed in every year of the span (see year_note). | Wider, thinner, round-tail wood board with urethane base; hand-signed 'JAKE'. Burton's timeline lists a BBII 'Backyard' under 1978 alongside the BBI.",https://boardvault.net/snowboards/year/1979 | https://boardvault.net/snowboards/year/1982 | https://boardvault.net/snowboards/year/1984 | https://boardvault.net/snowboards/1979/backyard-1979 | https://www.michigansnowboardmuseum.com/burton---early-years-to-the-modern-twin.html | https://www.vintagewinter.com/blogs/blog/4555102-vintage-burton-snowboards | https://retrosnow.com/product-category/burton/ | https://snowboarding8090.com/boards-1980-1995/ | https://www.burton.com/en-us/blogs/the-burton-blog/burton-snowboards-history
burton--performer,burton,Burton,Performer,1983,earliest_sourced,1986,"Board Vault lists model years 1983-1986 | Retro Snow shows 1983, 1984 and 1985 Performers.",other,,,verified,Wooden board with three fins ('triple fins') and adjustable ankle-strap bindings; 1984 'Competition Performer' offered steel edges and the first P-tex base as special order.,https://boardvault.net/snowboards/year/1983 | https://boardvault.net/snowboards/year/1985 | https://boardvault.net/snowboards/year/1986 | https://boardvault.net/snowboards/1983/performer-1983 | https://retrosnow.com/product-category/burton/ | https://www.michigansnowboardmuseum.com/burton---early-years-to-the-modern-twin.html | https://snowboarding8090.com/boards-1980-1995/ | https://www.burton.com/en-us/blogs/the-burton-blog/burton-innovation | https://www.burton.com/en-us/blogs/the-burton-blog/burton-snowboards-history | https://www.vintagewinter.com/blogs/blog/4555102-vintage-burton-snowboards
burton--powder-gun,burton,Burton,Powder Gun,1983,earliest_sourced,1983,Board Vault lists model years 1983,powder,,,verified,Board Vault entries folded into this row: Powdergun. | 'Powdergun Performer' powder variant of the Performer.,https://boardvault.net/snowboards/year/1983 | https://boardvault.net/snowboards/1983/powdergun-1983 | https://www.vintagewinter.com/blogs/blog/4555102-vintage-burton-snowboards | https://snowboarding8090.com/boards-1980-1995/
burton--performer-competition,burton,Burton,Performer Competition,1984,earliest_sourced,1984,Board Vault lists model years 1984,unknown,,,likely,,https://boardvault.net/snowboards/year/1984 | https://boardvault.net/snowboards/1984/performer-competition-1984
burton--cruzer,burton,Burton,Cruzer,1985,introduced,2009,"Board Vault lists model years 1986-1987, 2001-2006, 2009 | snowboarding8090 dates a 'Cruizer' to 1985; museum and VintageWinter to 1986; 1988 catalog lists Cruzer 162.",other,,,verified,"Board Vault entries folded into this row: Cruiser. 1986 page also lists a 'Cruiser' entry, folded as spelling variant. Not listed in every year of the span (see year_note). CAUTION: 1986-1987 Cruzer and 2001-2009 Cruzer (entry-level board) are different boards sharing a name. | Fiberglass/urethane sandwich, elliptical sidecut, swallow tail; Burton's first mass-produced sintered P-Tex base (1986). Sizes 162/165. Spelled Cruiser/Cruizer on some sources.",https://boardvault.net/snowboards/year/1986 | https://boardvault.net/snowboards/year/2003 | https://boardvault.net/snowboards/year/2009 | https://boardvault.net/snowboards/1986/cruzer-1986 | https://www.michigansnowboardmuseum.com/burton---early-years-to-the-modern-twin.html | https://snowboarding8090.com/boards-1980-1995/ | https://retrosnow.com/product-category/burton/ | https://archive.org/details/burton-snowboards-1988 | https://www.vintagewinter.com/blogs/blog/4555102-vintage-burton-snowboards
burton--performer-elite,burton,Burton,Performer Elite,1985,earliest_sourced,1986,Board Vault lists model years 1985-1986,other,,,verified,Upgraded Performer; VintageWinter and Retro Snow both date it to 1985.,https://boardvault.net/snowboards/year/1985 | https://boardvault.net/snowboards/year/1986 | https://boardvault.net/snowboards/1985/performer-elite-1985 | https://retrosnow.com/product-category/burton/ | https://www.vintagewinter.com/blogs/blog/4555102-vintage-burton-snowboards | https://www.vintagewinter.com/collections/vintage-snowboards
burton--air,burton,Burton,Air,1987,earliest_sourced,2008,"Board Vault lists model years 1987, 1989-1996, 2005-2008 | Continuous 1988-1995 in sources consulted.",all-mountain,,Air,verified,"Board Vault entries folded into this row: Air 2.0, Air 3.0. 1992 listed as 'Air 2.0' 1993 listed as 'Air 3.0'. Not listed in every year of the span (see year_note). CAUTION: 1987-1996 Air is the classic Air line; 2005-2008 Air is a later reissue/retro model under the same name. | Burton Air (1988): directional laminated wood core, ABS sidewalls, sintered base, 3cm tail kick. Became a numbered series (Air 2.1/3.0/4.1/5.1/6.1 in 1992-93 catalogs; Air 1.1 kids board 1994). Still a directional model in 1995. A retro 'Air' appeared in the 2008 line.",https://boardvault.net/snowboards/year/1987 | https://boardvault.net/snowboards/year/1994 | https://boardvault.net/snowboards/year/2008 | https://boardvault.net/snowboards/1987/air-1987 | https://archive.org/details/burton-snowboards-1988 | https://www.burton.com/en-us/blogs/the-burton-blog/burton-snowboards-history | https://retrosnow.com/product-category/burton/ | https://snowboarding8090.com/boards-1980-1995/ | https://archive.org/details/burton-1993-catalog-advanced-snowboard-science | https://www.michigansnowboardmuseum.com/burton---firsts--unique-decks.html | https://snowboardmag.com/stories/lineage-the-infallible-burton-custom | https://www.burton.com/en-us/blogs/the-burton-blog/burton-archives-team-rider-favorites
burton--elite,burton,Burton,Elite,1987,earliest_sourced,2008,"Board Vault lists model years 1987-1988, 2007-2008",other,,,verified,"Not listed in every year of the span (see year_note). CAUTION: 1987-1988 Elite (wood-core early board) and 2007-2008 Elite are probably unrelated boards sharing a name; merged only because of the one-row-per-name rule. | Lightweight progression board in blue or black (Elite 140 in 1987, Elite 150 in 1988; 1988 catalog lists the 150 with reinforced swallow tail). Reissued by Burton as the '1987 Elite' retro board (2024 line).",https://boardvault.net/snowboards/year/1987 | https://boardvault.net/snowboards/year/2007 | https://boardvault.net/snowboards/year/2008 | https://boardvault.net/snowboards/1987/elite-1987 | https://retrosnow.com/product-category/burton/ | https://snowboarding8090.com/boards-1980-1995/ | https://www.burton.com/en-us/blogs/the-burton-blog/iconic-burton-snowboards | https://archive.org/details/burton-snowboards-1988 | https://www.vintagewinter.com/collections/vintage-snowboards
burton--woody,burton,Burton,Woody,1987,earliest_sourced,1988,Board Vault lists model years 1987-1988,other,,,verified,Wood board with two bolt patterns for different binding types; Woody 135 and 145 sizes.,https://boardvault.net/snowboards/year/1987 | https://boardvault.net/snowboards/year/1988 | https://boardvault.net/snowboards/1987/woody-1987 | https://www.michigansnowboardmuseum.com/burton---early-years-to-the-modern-twin.html | https://retrosnow.com/product-category/burton/ | https://www.vintagewinter.com/blogs/blog/4555102-vintage-burton-snowboards | https://www.vintagewinter.com/collections/vintage-snowboards
burton--safari,burton,Burton,Safari,1988,earliest_sourced,1989,Board Vault lists model years 1988-1989,freeride,,,verified,1988 'Safari Elite Split Tail' with neon graphics and split tail (135); 1989 Safari and Safari Comp / Comp II.,https://boardvault.net/snowboards/year/1988 | https://boardvault.net/snowboards/year/1989 | https://boardvault.net/snowboards/1988/safari-1988 | https://www.michigansnowboardmuseum.com/burton---early-years-to-the-modern-twin.html | https://www.vintagewinter.com/blogs/blog/4555102-vintage-burton-snowboards | https://snowboarding8090.com/boards-1980-1995/ | https://retrosnow.com/product-category/burton/
burton--cruise,burton,Burton,Cruise,1989,earliest_sourced,1989,Board Vault lists model years 1989,other,,,verified,"1989 Burton Cruise, per Retro Snow collector museum.",https://boardvault.net/snowboards/year/1989 | https://boardvault.net/snowboards/1989/cruise-1989 | https://retrosnow.com/product-category/burton/
burton--mystery-air,burton,Burton,Mystery Air,1989,earliest_sourced,1991,Board Vault lists model years 1989-1990 | snowboarding8090 shows 'Mystery Air / Craig Kelly' and 'Pro II' in 1991.,freeride,Craig Kelly,Air,verified,Board Vault entries folded into this row: Mystery. 1989 listed as 'Mystery'. | Craig Kelly's first signature board; symmetrical twin shipped in a 'top secret' coffin box (1989). 1990 version had new quadratic sidecut; 'ketchup and mustard' graphic. Five 1989 boards had Kelly's handwritten signature pressed in.,https://boardvault.net/snowboards/year/1989 | https://boardvault.net/snowboards/year/1990 | https://boardvault.net/snowboards/1989/mystery-1989 | https://www.michigansnowboardmuseum.com/burton---early-years-to-the-modern-twin.html | https://retrosnow.com/product-category/burton/ | https://www.burton.com/blogs/the-burton-blog/what-are-burtons-rarest-snowboards/ | https://www.burton.com/en-us/blogs/the-burton-blog/burton-snowboards-history | https://snowboarding8090.com/boards-1980-1995/ | https://www.vintagewinter.com/blogs/blog/4555102-vintage-burton-snowboards
burton--safari-comp,burton,Burton,Safari Comp,1989,introduced,1989,,freeride,,Safari,verified,Competition version of the Safari (Retro Snow: 1989 Safari Comp; snowboarding8090: Safari Comp II 1989).,https://retrosnow.com/product-category/burton/ | https://snowboarding8090.com/boards-1980-1995/
burton--free,burton,Burton,Free,1990,earliest_sourced,1991,Board Vault lists model years 1990,freestyle,,,verified,'Free 6' shown for 1990 (snowboarding8090) and 1991 (Retro Snow).,https://boardvault.net/snowboards/year/1990 | https://boardvault.net/snowboards/1990/free-1990 | https://snowboarding8090.com/boards-1980-1995/ | https://retrosnow.com/product-category/burton/
burton--kelly-air,burton,Burton,Kelly Air,1990,introduced,1995,Board Vault lists model years 1991-1995 | Museum dates 'Craig Kelley AIR' to 1990; catalogs/collector sites through 1995.,freeride,Craig Kelly,Air,verified,"Board Vault entries folded into this row: Kelly. 1995 listed as 'Kelly'. | Craig Kelly Air ('CK Air'): quadratic sidecuts, balanced stances (1990). 1993 catalog: 2000-grade sintered base, low-profile nose. 1994 'Barbwire' graphic; 1995 'Screaming Tree' graphic by Douglas Smith. Reissued as 'Kelly Air' (2016) and '1995 Kelly Air' (2024).",https://boardvault.net/snowboards/year/1991 | https://boardvault.net/snowboards/year/1993 | https://boardvault.net/snowboards/year/1995 | https://boardvault.net/snowboards/1991/kelly-air-1991 | https://www.michigansnowboardmuseum.com/burton---early-years-to-the-modern-twin.html | https://retrosnow.com/product-category/burton/ | https://snowboarding8090.com/boards-1980-1995/ | https://archive.org/details/burton-1993-catalog-advanced-snowboard-science | https://www.burton.com/en-us/blogs/the-burton-blog/iconic-burton-snowboards | https://www.agnarchy.com/burton-reissues-4-iconic-snowboards-for-2016/
burton--micro-air,burton,Burton,Micro Air,1990,earliest_sourced,1990,Board Vault lists model years 1990,unknown,,,likely,,https://boardvault.net/snowboards/year/1990 | https://boardvault.net/snowboards/1990/micro-air-1990
burton--m-series,burton,Burton,M Series,1991,earliest_sourced,1994,Board Vault lists model years 1991-1994,alpine,,,verified,"M6 (1991): Burton's first asymmetrical race board, cut for goofy or regular. 1993 catalog lists M5.0 and M6.0 with 5cm asym offset and 70mm tail kick.",https://boardvault.net/snowboards/year/1991 | https://boardvault.net/snowboards/year/1993 | https://boardvault.net/snowboards/year/1994 | https://boardvault.net/snowboards/1991/m-series-1991 | https://www.michigansnowboardmuseum.com/burton---early-years-to-the-modern-twin.html | https://www.vintagewinter.com/blogs/blog/4555102-vintage-burton-snowboards | https://archive.org/details/burton-1993-catalog-advanced-snowboard-science
burton--asym-air,burton,Burton,Asym Air,1992,earliest_sourced,1995,Board Vault lists model years 1992-1995,all-mountain,,Air,verified,"Asymmetrical construction with angled tail cut; 1993 catalog lists Asym Air 5 and Asym Air 6 (3cm offset, quadratic sidecut).",https://boardvault.net/snowboards/year/1992 | https://boardvault.net/snowboards/year/1994 | https://boardvault.net/snowboards/year/1995 | https://boardvault.net/snowboards/1992/asym-air-1992 | https://www.michigansnowboardmuseum.com/burton---early-years-to-the-modern-twin.html | https://retrosnow.com/product-category/burton/ | https://snowboarding8090.com/boards-1980-1995/ | https://archive.org/details/burton-1993-catalog-advanced-snowboard-science
burton--pj,burton,Burton,PJ,1992,earliest_sourced,1994,Board Vault lists model years 1992-1994,alpine,Peter Bauer / Jean Nerva,,verified,"Alpine race series designed with Peter Bauer and Jean Nerva: PJ 4.95, 5.6, 6.3, 7.3 (dual offset, rotated quadratic sidecut).",https://boardvault.net/snowboards/year/1992 | https://boardvault.net/snowboards/year/1993 | https://boardvault.net/snowboards/year/1994 | https://boardvault.net/snowboards/1992/pj-1992 | https://archive.org/details/burton-1993-catalog-advanced-snowboard-science
burton--rental-twin,burton,Burton,Rental Twin,1992,introduced,1992,,other,,,likely,"Burton's first rental board, with swivel binding for regular or goofy.",https://www.michigansnowboardmuseum.com/burton---firsts--unique-decks.html
burton--brushie,burton,Burton,Brushie,1993,earliest_sourced,1996,Board Vault lists model years 1993-1996,freestyle,Jeff Brushie,,verified,"Jeff Brushie pro model; first production board with the 3D binding hole pattern. 1993 'Trout' and 'DJ' graphics; halfpipe-specific nose/tail, Flyweight tip/tail. Reissued as 'The Brushie' in 2017.",https://boardvault.net/snowboards/year/1993 | https://boardvault.net/snowboards/year/1995 | https://boardvault.net/snowboards/year/1996 | https://boardvault.net/snowboards/1993/brushie-1993 | https://www.michigansnowboardmuseum.com/burton---early-years-to-the-modern-twin.html | https://retrosnow.com/product-category/burton/ | https://archive.org/details/burton-1993-catalog-advanced-snowboard-science | https://www.burton.com/en-us/blogs/the-burton-blog/burton-snowboards-history | https://www.burton.com/en-us/blogs/the-burton-blog/burton-innovation | https://snowboarding8090.com/boards-1980-1995/
burton--kelly-slopestyle,burton,Burton,Kelly Slopestyle,1993,earliest_sourced,1994,Board Vault lists model years 1993-1994,powder,Craig Kelly,Air,verified,Listed in the 1993 catalog OCR next to the Kelly Air: powder-specific design with tapered tail. Name taken from OCR text and may be imperfect.,https://boardvault.net/snowboards/year/1993 | https://boardvault.net/snowboards/year/1994 | https://boardvault.net/snowboards/1993/kelly-slopestyle-1993 | https://archive.org/details/burton-1993-catalog-advanced-snowboard-science
burton--blacktop,burton,Burton,Blacktop,1994,introduced,1994,,freestyle,,,verified,Mid-season 1994 limited release; Burton's first true twin ('Blacktop Twin 153').,https://retrosnow.com/product-category/burton/ | https://www.michigansnowboardmuseum.com/burton---firsts--unique-decks.html
burton--haakon-air,burton,Burton,Haakon Air,1994,earliest_sourced,1995,Board Vault lists model years 1994,all-mountain,Terje Haakonsen,Air,verified,"Terje Haakonsen pro model based on the Air 5.1 (1994). Graphics: 'Sword' (1994), 'Sprocking Cat' (1995); 1995 board known as 'The 152'. Reissued 2016.",https://boardvault.net/snowboards/year/1994 | https://boardvault.net/snowboards/1994/haakon-air-1994 | https://www.burton.com/en-us/blogs/the-burton-blog/burton-snowboards-history | https://snowboarding8090.com/boards-1980-1995/ | https://retrosnow.com/product-category/burton/ | https://www.agnarchy.com/burton-reissues-4-iconic-snowboards-for-2016/
burton--ouija,burton,Burton,Ouija,1994,introduced,1994,,freestyle,,,verified,Burton's first mass-produced park board; symmetrical twin with glow-in-the-dark base ('Ouija Twin 158').,https://retrosnow.com/product-category/burton/ | https://www.michigansnowboardmuseum.com/burton---early-years-to-the-modern-twin.html | https://www.burton.com/en-us/blogs/the-burton-blog/burton-snowboards-history | https://www.michigansnowboardmuseum.com/burton---firsts--unique-decks.html
burton--stat,burton,Burton,Stat,1994,earliest_sourced,1994,Board Vault lists model years 1994,unknown,,,likely,,https://boardvault.net/snowboards/year/1994 | https://boardvault.net/snowboards/1994/stat-1994
burton--twin,burton,Burton,Twin,1994,earliest_sourced,2010,"Board Vault lists model years 1994-1998, 2007-2009 | Coverage gap 1997-2007 in sources consulted. | Seen on brand site (Wayback) 199610-199706; may predate first snapshot",freestyle,,,verified,"Board Vault entries folded into this row: Twin Martini. 1995 'Twin Martini' graphic variant folded. Not listed in every year of the span (see year_note). | True twin freestyle line (Twin 153, Twin 39 in 1995; Twin 54 in 1996). Twin '07 designed by Martin Kvamme is in the National Museum of Norway. Listed in 2007/08-2009/10 seasons on SnowDB. | 1996-97 burton.com family index page 'twins_main' with per-size pages. Sizes 39/44/49/53/56.",https://boardvault.net/snowboards/year/1994 | https://boardvault.net/snowboards/year/1998 | https://boardvault.net/snowboards/year/2009 | https://boardvault.net/snowboards/1994/twin-1994 | https://retrosnow.com/product-category/burton/ | https://snowboarding8090.com/boards-1980-1995/ | https://snowboardmag.com/stories/lineage-the-infallible-burton-custom | https://snowboarding8090.com/burton-2/ | https://www.snowdb.com/catalog/burton | https://en.wikipedia.org/wiki/Burton_Snowboards | https://web.archive.org/web/199610/http://www.burton.com/ | https://web.archive.org/web/199706/http://www.burton.com/
burton--alp,burton,Burton,Alp,1995,earliest_sourced,1999,Board Vault lists model years 1995-1999 | Seen on brand site (Wayback) 199610-199802; may predate first snapshot,alpine,,,verified,Board Vault entries folded into this row: Alps. | 1996-97 burton.com family index page 'alps_main' with per-size pages. Sizes 5.0/5.6/6.3/6.9; lofi pages alp45..alp71 also seen 199710-199802 (MY1998).,https://boardvault.net/snowboards/year/1995 | https://boardvault.net/snowboards/year/1997 | https://boardvault.net/snowboards/year/1999 | https://boardvault.net/snowboards/1995/alp-1995 | https://web.archive.org/web/199610/http://www.burton.com/ | https://web.archive.org/web/199802/http://www.burton.com/
burton--amp,burton,Burton,Amp,1995,earliest_sourced,1996,Board Vault lists model years 1995-1996,unknown,,,likely,,https://boardvault.net/snowboards/year/1995 | https://boardvault.net/snowboards/year/1996 | https://boardvault.net/snowboards/1995/amp-1995
burton--contact,burton,Burton,Contact,1995,earliest_sourced,1997,Board Vault lists model years 1995-1997,unknown,,,likely,,https://boardvault.net/snowboards/year/1995 | https://boardvault.net/snowboards/year/1996 | https://boardvault.net/snowboards/year/1997 | https://boardvault.net/snowboards/1995/contact-1995
burton--factory-prime,burton,Burton,Factory Prime,1995,earliest_sourced,2001,Board Vault lists model years 1995-2001 | Seen on brand site (Wayback) 199610-199706; may predate first snapshot,alpine,,,verified,1996-97 burton.com family index page 'FP_main' with per-size pages. Sizes 3.5-7.3.,https://boardvault.net/snowboards/year/1995 | https://boardvault.net/snowboards/year/1998 | https://boardvault.net/snowboards/year/2001 | https://boardvault.net/snowboards/1995/factory-prime-1995 | https://web.archive.org/web/199610/http://www.burton.com/ | https://web.archive.org/web/199706/http://www.burton.com/
burton--iguchi,burton,Burton,Iguchi,1995,earliest_sourced,1996,Board Vault lists model years 1995-1996,freestyle,Bryan Iguchi,,verified,Bryan Iguchi pro model shown for 1995.,https://boardvault.net/snowboards/year/1995 | https://boardvault.net/snowboards/year/1996 | https://boardvault.net/snowboards/1995/iguchi-1995 | https://snowboarding8090.com/boards-1980-1995/
burton--the-152,burton,Burton,The 152,1995,earliest_sourced,1995,Board Vault lists model years 1995,unknown,,,likely,,https://boardvault.net/snowboards/year/1995 | https://boardvault.net/snowboards/1995/152-1995
burton--a-deck,burton,Burton,A Deck,1996,earliest_sourced,1998,Board Vault lists model years 1996-1997 | Seen on brand site (Wayback) 199610-199802; may predate first snapshot,kids,,,verified,1996-97 burton.com family index page 'adecks_main' with per-size pages. Sizes A39/A45/A49/A55/A59; lofi pages a39..a59 also seen 199710-199802 (MY1998).,https://boardvault.net/snowboards/year/1996 | https://boardvault.net/snowboards/year/1997 | https://boardvault.net/snowboards/1996/deck-1996 | https://web.archive.org/web/199610/http://www.burton.com/ | https://web.archive.org/web/199802/http://www.burton.com/
burton--balance,burton,Burton,Balance,1996,earliest_sourced,2002,"Board Vault lists model years 1996, 1999-2002",unknown,,,likely,Not listed in every year of the span (see year_note).,https://boardvault.net/snowboards/year/1996 | https://boardvault.net/snowboards/year/2000 | https://boardvault.net/snowboards/year/2002 | https://boardvault.net/snowboards/1996/balance-1996
burton--custom,burton,Burton,Custom,1996,earliest_sourced,2013,Board Vault lists model years 1996-2013 | Listed on burton.com as of Sept 2026 (current line). | Seen on brand site (Wayback) 199610-199706; may predate first snapshot,all-mountain,,,verified,"Board Vault entries folded into this row: Custom Flying V, Custom Flying V Twin, Custom ICS, Custom ICS Japan, Custom ICS Wide, Custom V Rocker, Custom Wide, Custom Wide ICS, Restricted Custom. | Burton's longest-running model: pro-level tech in a non-pro board. First-year 'Pegasus' graphic. Redesigned for 2000 with Dave Downing input. Variants over time: Custom Wide, Custom V-Rocker (2010), Custom Flying V (2011-), Custom Smalls, Custom Restricted, Custom Twin (2017), Custom Mystery, Custom 20th Anniversary (2016). Over 500,000 sold. | 1996-97 burton.com family index page 'customs_main' with per-size pages. Sizes 43/47/51/55/59/64.",https://boardvault.net/snowboards/year/1996 | https://boardvault.net/snowboards/year/2005 | https://boardvault.net/snowboards/year/2013 | https://boardvault.net/snowboards/1996/custom-1996 | https://www.burton.com/en-us/blogs/the-burton-blog/burton-snowboards-history | https://www.michigansnowboardmuseum.com/burton---firsts--unique-decks.html | https://snowboardmag.com/stories/lineage-the-infallible-burton-custom | https://snowboarder.com/transworld-snowboarding-archive/snowboarding-photos/snowboard-reviews-1999 | https://www.snowdb.com/catalog/burton | https://www.snowboard-review.com/snowboard_reviews/c/burton/2021/ | https://www.burton.com/en-us/collections/snowboards | https://web.archive.org/web/199610/http://www.burton.com/ | https://web.archive.org/web/199706/http://www.burton.com/
burton--dolphin,burton,Burton,Dolphin,1996,earliest_sourced,1996,Board Vault lists model years 1996,freestyle,Shannon Dunn,,verified,Shannon Dunn pro model; first pro model designed by a female rider (Dolphin 144). Blue/pink with glow-in-the-dark graphics; in the Smithsonian.,https://boardvault.net/snowboards/year/1996 | https://boardvault.net/snowboards/1996/dolphin-1996 | https://www.michigansnowboardmuseum.com/burton---firsts--unique-decks.html | https://www.burton.com/en-us/blogs/the-burton-blog/burton-snowboards-history | https://www.burton.com/en-us/blogs/the-burton-blog/iconic-burton-snowboards
burton--micro-deck,burton,Burton,Micro Deck,1996,earliest_sourced,1996,Board Vault lists model years 1996,unknown,,,likely,,https://boardvault.net/snowboards/year/1996 | https://boardvault.net/snowboards/1996/micro-deck-1996
burton--rippey,burton,Burton,Rippey,1996,earliest_sourced,2002,"Board Vault lists model years 1996, 1999-2002",unknown,,,likely,Not listed in every year of the span (see year_note).,https://boardvault.net/snowboards/year/1996 | https://boardvault.net/snowboards/year/2000 | https://boardvault.net/snowboards/year/2002 | https://boardvault.net/snowboards/1996/rippey-1996
burton--t-deck,burton,Burton,T Deck,1996,earliest_sourced,1997,Board Vault lists model years 1996-1997 | Seen on brand site (Wayback) 199610-199706; may predate first snapshot,unknown,,,verified,Board Vault entries folded into this row: T Decks. | 1996-97 burton.com family index page 'tdecks_main' with per-size pages. Sizes T38/T43/T48/T53.,https://boardvault.net/snowboards/year/1996 | https://boardvault.net/snowboards/year/1997 | https://boardvault.net/snowboards/1996/t-deck-1996 | https://web.archive.org/web/199610/http://www.burton.com/ | https://web.archive.org/web/199706/http://www.burton.com/
burton--twisted,burton,Burton,Twisted,1996,earliest_sourced,1996,Board Vault lists model years 1996,unknown,,,likely,,https://boardvault.net/snowboards/year/1996 | https://boardvault.net/snowboards/1996/twisted-1996
burton--chopper,burton,Burton,Chopper,1997,earliest_sourced,2021,"Board Vault lists model years 1997-2009, 2011-2013 | last_year = last model year seen in sources consulted; may have run longer. | Seen on brand site (Wayback) 199610-199706; may predate first snapshot",kids,,,verified,"Board Vault entries folded into this row: Chopper Star Wars, Chopper Toy tory, Mini Shred Chopper. Not listed in every year of the span (see year_note). | Kids rocker board; Chopper Star Wars (2012, 2014). | 1996-97 burton.com family index page 'choppers_main' with per-size pages. Sizes 95/108/122/135 (cm).",https://boardvault.net/snowboards/year/1997 | https://boardvault.net/snowboards/year/2005 | https://boardvault.net/snowboards/year/2013 | https://boardvault.net/snowboards/1997/chopper-1997 | https://www.snowdb.com/catalog/burton | https://archive.org/details/burton-hardgoods-2014-d.-d.-teoli-jr.-a.-c. | https://www.snowboard-review.com/snowboard_reviews/c/burton/2021/ | https://web.archive.org/web/199610/http://www.burton.com/ | https://web.archive.org/web/199706/http://www.burton.com/
burton--e-deck,burton,Burton,E Deck,1997,earliest_sourced,1997,Board Vault lists model years 1997 | Seen on brand site (Wayback) 199610-199706; may predate first snapshot,unknown,,,verified,1996-97 burton.com family index page 'edecks_main' with per-size pages. Sizes E48/E56/E63.,https://boardvault.net/snowboards/year/1997 | https://boardvault.net/snowboards/1997/e-deck-1997 | https://web.archive.org/web/199610/http://www.burton.com/ | https://web.archive.org/web/199706/http://www.burton.com/
burton--floater,burton,Burton,Floater,1997,earliest_sourced,2002,Board Vault lists model years 1997-2002 | Seen on brand site (Wayback) 199610-199706; may predate first snapshot,freeride,,,verified,1996-97 burton.com family index page 'floaters_main' with per-size pages. Sizes 53/58.,https://boardvault.net/snowboards/year/1997 | https://boardvault.net/snowboards/year/2000 | https://boardvault.net/snowboards/year/2002 | https://boardvault.net/snowboards/1997/floater-1997 | https://web.archive.org/web/199610/http://www.burton.com/ | https://web.archive.org/web/199706/http://www.burton.com/
burton--pipe,burton,Burton,Pipe,1997,earliest_sourced,1997,Board Vault lists model years 1997,unknown,,,likely,,https://boardvault.net/snowboards/year/1997 | https://boardvault.net/snowboards/pipe
burton--pro-deck,burton,Burton,Pro Deck,1997,earliest_sourced,1998,Board Vault lists model years 1997-1998,unknown,,,likely,Board Vault entries folded into this row: Pro Decks.,https://boardvault.net/snowboards/year/1997 | https://boardvault.net/snowboards/year/1998 | https://boardvault.net/snowboards/1997/pro-decks-1997
burton--supermodel,burton,Burton,Supermodel,1997,earliest_sourced,2011,"Board Vault lists model years 1997-2000, 2008-2009, 2011 | Collector sites date the Supermodel to 1996 but that page could not be opened; first_year is the earliest year confirmed here. last_year = last model year seen in sources consulted; may have run longer. | Seen on brand site (Wayback) 199610-199706; may predate first snapshot",freeride,,,verified,"Not listed in every year of the span (see year_note). | Burton's top freeride board c.2000: carbon I-Beam and Burton's first cap construction, refined by Craig Kelly and Shannon Dunn. Supermodel X (2008-2010) and Women's Supermodel (2009-2010) variants. | 1996-97 burton.com family index page 'supers_main' with per-size pages. Sizes 56/62/68/74/81.",https://boardvault.net/snowboards/year/1997 | https://boardvault.net/snowboards/year/2000 | https://boardvault.net/snowboards/year/2011 | https://boardvault.net/snowboards/1997/supermodel-1997 | https://snowboarder.com/transworld-snowboarding-archive/snowboarding-photos/snowboard-reviews-1999 | https://snowboarder.com/transworld-snowboarding-archive/snowboarding-gear/snowboard-lifes-top-25-board-test-2000 | https://www.snowdb.com/catalog/burton | https://www.snowboard-review.com/snowboard_reviews/c/burton/2011/ | https://web.archive.org/web/199610/http://www.burton.com/ | https://web.archive.org/web/199706/http://www.burton.com/
burton--a-series,burton,Burton,A Series,1998,earliest_sourced,1998,Board Vault lists model years 1998,unknown,,,likely,,https://boardvault.net/snowboards/year/1998 | https://boardvault.net/snowboards/1998/series-1998
burton--e-series,burton,Burton,E Series,1998,earliest_sourced,1998,Board Vault lists model years 1998,unknown,,,likely,,https://boardvault.net/snowboards/year/1998 | https://boardvault.net/snowboards/1998/e-series-1998
burton--fl-project,burton,Burton,FL Project,1998,earliest_sourced,2000,Board Vault lists model years 1998-2000,unknown,,,likely,,https://boardvault.net/snowboards/year/1998 | https://boardvault.net/snowboards/year/1999 | https://boardvault.net/snowboards/year/2000 | https://boardvault.net/snowboards/1998/fl-project-1998
burton--motion,burton,Burton,Motion,1998,earliest_sourced,2002,Board Vault lists model years 1998-2002,unknown,,,likely,,https://boardvault.net/snowboards/year/1998 | https://boardvault.net/snowboards/year/2000 | https://boardvault.net/snowboards/year/2002 | https://boardvault.net/snowboards/1998/motion-1998
burton--special,burton,Burton,Special,1998,earliest_sourced,1999,Board Vault lists model years 1998-1999,unknown,,,likely,,https://boardvault.net/snowboards/year/1998 | https://boardvault.net/snowboards/year/1999 | https://boardvault.net/snowboards/1998/special-1998
burton--ultra-prime,burton,Burton,Ultra Prime,1998,earliest_sourced,2001,Board Vault lists model years 1998-2001,unknown,,,likely,,https://boardvault.net/snowboards/year/1998 | https://boardvault.net/snowboards/year/2000 | https://boardvault.net/snowboards/year/2001 | https://boardvault.net/snowboards/1998/ultra-prime-1998
burton--canyon,burton,Burton,Canyon,1999,earliest_sourced,2005,Board Vault lists model years 1999-2005,unknown,,,likely,,https://boardvault.net/snowboards/year/1999 | https://boardvault.net/snowboards/year/2002 | https://boardvault.net/snowboards/year/2005 | https://boardvault.net/snowboards/1999/canyon-1999
burton--charger,burton,Burton,Charger,1999,earliest_sourced,2002,Board Vault lists model years 1999-2002,unknown,,,likely,,https://boardvault.net/snowboards/year/1999 | https://boardvault.net/snowboards/year/2001 | https://boardvault.net/snowboards/year/2002 | https://boardvault.net/snowboards/1999/charger-1999
burton--dunn,burton,Burton,Dunn,1999,earliest_sourced,1999,Board Vault lists model years 1999,unknown,,,likely,,https://boardvault.net/snowboards/year/1999 | https://boardvault.net/snowboards/1999/dunn-1999
burton--fluid,burton,Burton,Fluid,1999,earliest_sourced,2000,Board Vault lists model years 1999-2000,all-mountain,,,verified,Designed with Jason Borgstede; 'luxury snowboard for controlled cruising and freestyle finesse'.,https://boardvault.net/snowboards/year/1999 | https://boardvault.net/snowboards/year/2000 | https://boardvault.net/snowboards/1999/fluid-1999 | https://snowboarder.com/transworld-snowboarding-archive/snowboarding-photos/snowboard-reviews-1999 | https://snowboarder.com/transworld-snowboarding-archive/snowboarding-gear/snowboard-lifes-top-25-board-test-2000 | https://snowboarder.com/transworld-snowboarding-archive/snowboarding-gear/snowboard-lifes-top-25-board-test-2000-burton-fluid
burton--freedom,burton,Burton,Freedom,1999,earliest_sourced,1999,Board Vault lists model years 1999,unknown,,,likely,,https://boardvault.net/snowboards/year/1999 | https://boardvault.net/snowboards/1999/freedom-1999
burton--johan,burton,Burton,Johan,1999,earliest_sourced,2004,"Board Vault lists model years 1999-2000, 2004",unknown,,,likely,Not listed in every year of the span (see year_note).,https://boardvault.net/snowboards/year/1999 | https://boardvault.net/snowboards/year/2000 | https://boardvault.net/snowboards/year/2004 | https://boardvault.net/snowboards/1999/johan-1999
burton--punch,burton,Burton,Punch,1999,earliest_sourced,2008,Board Vault lists model years 1999-2008 | last_year = last model year seen in sources consulted; may have run longer.,kids,,,verified,,https://boardvault.net/snowboards/year/1999 | https://boardvault.net/snowboards/year/2004 | https://boardvault.net/snowboards/year/2008 | https://boardvault.net/snowboards/1999/punch-1999 | https://www.snowdb.com/catalog/burton
burton--wire,burton,Burton,Wire,1999,earliest_sourced,1999,Board Vault lists model years 1999,unknown,,,likely,,https://boardvault.net/snowboards/year/1999 | https://boardvault.net/snowboards/1999/wire-1999
burton--coil,burton,Burton,Coil,2000,earliest_sourced,2000,Board Vault lists model years 2000,unknown,,,likely,,https://boardvault.net/snowboards/year/2000 | https://boardvault.net/snowboards/2000/coil-2000
burton--feelgood,burton,Burton,Feelgood,2000,earliest_sourced,2013,"Board Vault lists model years 2000-2009, 2011-2013 | Burton timeline lists 2000; Snowboard Magazine says created in 1999. Listed on burton.com as of Sept 2026 (current line).",all-mountain,,,verified,"Board Vault entries folded into this row: Feelgood ES, Feelgood Flying V, Feelgood ICS. Not listed in every year of the span (see year_note). | Women's version of the Custom, built with Victoria Jealouse and Shannon Dunn. Variants: Feelgood ES (2008-2010), Feelgood ICS (2008), Feelgood V-Rocker (2010), Feelgood Flying V (2011-), Feelgood Smalls.",https://boardvault.net/snowboards/year/2000 | https://boardvault.net/snowboards/year/2006 | https://boardvault.net/snowboards/year/2013 | https://boardvault.net/snowboards/2000/feelgood-2000 | https://www.burton.com/en-us/blogs/the-burton-blog/burton-snowboards-history | https://snowboardmag.com/stories/lineage-the-infallible-burton-custom | https://www.snowdb.com/catalog/burton | https://www.snowboard-review.com/snowboard_reviews/c/burton/2021/ | https://blauerboardshop.com/blogs/snowboarding/2025-burton-snowboards-overview | https://www.burton.com/en-us/collections/snowboards
burton--fusion,burton,Burton,Fusion,2000,earliest_sourced,2001,Board Vault lists model years 2000-2001,unknown,,,likely,,https://boardvault.net/snowboards/year/2000 | https://boardvault.net/snowboards/year/2001 | https://boardvault.net/snowboards/2000/fusion-2000
burton--se7en,burton,Burton,Se7en,2000,earliest_sourced,2010,Board Vault lists model years 2000-2010 | last_year = last model year seen in sources consulted; may have run longer.,freestyle,,,verified,"Board Vault entries folded into this row: Seven, Seven Wide. width variant folded. | Twin-tip park/jump board ('Seven'/'Se7en'); 2003 version from the Contact series with Super Fly II core, input from Gigi Ruf, Trevor Andrew, Romain De Marchi. Se7en Wide 2009.",https://boardvault.net/snowboards/year/2000 | https://boardvault.net/snowboards/year/2005 | https://boardvault.net/snowboards/year/2010 | https://boardvault.net/snowboards/2000/seven-2000 | https://www.burton.com/en-us/blogs/the-burton-blog/burton-archives-team-rider-favorites | https://snowboarder.com/transworld-snowboarding-archive/snowboarding-gear/2003-mens-board-reviews | https://www.snowdb.com/catalog/burton | https://www.snowboard-review.com/snowboard_reviews/c/burton/2010/
burton--bmc,burton,Burton,BMC,2001,earliest_sourced,2003,Board Vault lists model years 2001-2003,unknown,,,likely,,https://boardvault.net/snowboards/year/2001 | https://boardvault.net/snowboards/year/2002 | https://boardvault.net/snowboards/year/2003 | https://boardvault.net/snowboards/2001/bmc-2001
burton--bullet,burton,Burton,Bullet,2001,earliest_sourced,2013,"Board Vault lists model years 2001-2009, 2011-2013 | last_year = last model year seen in sources consulted; may have run longer.",all-mountain,,,verified,Not listed in every year of the span (see year_note). | Entry-level directional; wide sizes.,https://boardvault.net/snowboards/year/2001 | https://boardvault.net/snowboards/year/2007 | https://boardvault.net/snowboards/year/2013 | https://boardvault.net/snowboards/2001/bullet-2001 | https://www.snowdb.com/catalog/burton | https://archive.org/details/burton-hardgoods-2014-d.-d.-teoli-jr.-a.-c.
burton--cascade,burton,Burton,Cascade,2001,earliest_sourced,2002,Board Vault lists model years 2001-2002,unknown,,,likely,,https://boardvault.net/snowboards/year/2001 | https://boardvault.net/snowboards/year/2002 | https://boardvault.net/snowboards/2001/cascade-2001
burton--frontier,burton,Burton,Frontier,2001,earliest_sourced,2002,Board Vault lists model years 2001-2002,unknown,,,likely,,https://boardvault.net/snowboards/year/2001 | https://boardvault.net/snowboards/year/2002 | https://boardvault.net/snowboards/2001/frontier-2001
burton--jussi,burton,Burton,Jussi,2001,earliest_sourced,2010,Board Vault lists model years 2001-2010 | last_year = last model year seen in sources consulted; may have run longer.,freestyle,Jussi Oksanen,,verified,Jussi Oksanen pro model.,https://boardvault.net/snowboards/year/2001 | https://boardvault.net/snowboards/year/2006 | https://boardvault.net/snowboards/year/2010 | https://boardvault.net/snowboards/2001/jussi-2001 | https://www.snowdb.com/catalog/burton
burton--ltr,burton,Burton,LTR,2001,earliest_sourced,2009,"Board Vault lists model years 2001-2002, 2009",unknown,,,likely,Board Vault entries folded into this row: LTR L. Not listed in every year of the span (see year_note).,https://boardvault.net/snowboards/year/2001 | https://boardvault.net/snowboards/year/2002 | https://boardvault.net/snowboards/year/2009 | https://boardvault.net/snowboards/2001/ltr-2001
burton--nu,burton,Burton,NU,2001,earliest_sourced,2001,Board Vault lists model years 2001,unknown,,,likely,,https://boardvault.net/snowboards/year/2001 | https://boardvault.net/snowboards/2001/nu-2001
burton--powers,burton,Burton,Powers,2001,earliest_sourced,2007,Board Vault lists model years 2001-2007,unknown,,,likely,,https://boardvault.net/snowboards/year/2001 | https://boardvault.net/snowboards/year/2004 | https://boardvault.net/snowboards/year/2007 | https://boardvault.net/snowboards/2001/powers-2001
burton--rush,burton,Burton,Rush,2001,earliest_sourced,2001,Board Vault lists model years 2001,unknown,,,likely,,https://boardvault.net/snowboards/year/2001 | https://boardvault.net/snowboards/2001/rush-2001
burton--s-series,burton,Burton,S-Series,2001,introduced,2010,"Board Vault lists model years 2002, 2004-2009 | last_year = last model year seen in sources consulted; may have run longer.",splitboard,,,verified,Not listed in every year of the span (see year_note). | Burton's splitboard (S-Series Splitboard 166 in 2001 timeline; museum dates first sold split to 2004). Listed through 2009/10 season.,https://boardvault.net/snowboards/year/2002 | https://boardvault.net/snowboards/year/2006 | https://boardvault.net/snowboards/year/2009 | https://boardvault.net/snowboards/2002/s-series-2002 | https://www.burton.com/en-us/blogs/the-burton-blog/burton-snowboards-history | https://www.michigansnowboardmuseum.com/burton---firsts--unique-decks.html | https://www.snowdb.com/catalog/burton
burton--troop,burton,Burton,Troop,2001,earliest_sourced,2010,Board Vault lists model years 2001-2009 | last_year = last model year seen in sources consulted; may have run longer.,all-mountain,,,verified,Entry/mid-level board listed 2007/08-2009/10.,https://boardvault.net/snowboards/year/2001 | https://boardvault.net/snowboards/year/2005 | https://boardvault.net/snowboards/year/2009 | https://boardvault.net/snowboards/2001/troop-2001 | https://www.snowdb.com/catalog/burton
burton--clash,burton,Burton,Clash,2002,earliest_sourced,2017,"Board Vault lists model years 2002-2009, 2011-2013 | last_year = last model year seen in sources consulted; may have run longer.",all-mountain,,,verified,"Not listed in every year of the span (see year_note). | Entry-level rocker board ('more slash, less cash').",https://boardvault.net/snowboards/year/2002 | https://boardvault.net/snowboards/year/2007 | https://boardvault.net/snowboards/year/2013 | https://boardvault.net/snowboards/2002/clash-2002 | https://www.snowdb.com/catalog/burton | https://archive.org/details/burton-hardgoods-2014-d.-d.-teoli-jr.-a.-c. | https://www.snowboard-review.com/snowboard_reviews/c/burton/2017/
burton--dominant,burton,Burton,Dominant,2002,earliest_sourced,2010,Board Vault lists model years 2002-2009 | last_year = last model year seen in sources consulted; may have run longer.,freestyle,,,verified,"Board Vault entries folded into this row: DOM, Dominant Slick. 'Dominant Slick' variant folded 2009 'DOM' folded. | Park/jib board; 'Dominant Slick' (2008), youth 'Dom Grom' (2008-2010) and 'ConDom' (2009-2010) spinoffs.",https://boardvault.net/snowboards/year/2002 | https://boardvault.net/snowboards/year/2006 | https://boardvault.net/snowboards/year/2009 | https://boardvault.net/snowboards/2002/dominant-2002 | https://www.snowdb.com/catalog/burton | https://www.snowboard-review.com/snowboard_reviews/c/burton/2010/
burton--dragon,burton,Burton,Dragon,2002,earliest_sourced,2003,"TransWorld Top 10, Sept 2001, reviewing the new 2001/02 board. | Board Vault lists model years 2001-2003",freestyle,,,verified,Stiff halfpipe board; TransWorld Top 10 (2001). | QA-corrected.,https://boardvault.net/snowboards/year/2001 | https://boardvault.net/snowboards/year/2002 | https://boardvault.net/snowboards/year/2003 | https://boardvault.net/snowboards/2001/dragon-2001 | https://www.snowboarder.com/transworld-snowboarding-archive/snowboarding-gear/transworld-top-10-burton-dragon/
burton--face,burton,Burton,Face,2002,earliest_sourced,2003,Board Vault lists model years 2002-2003,unknown,,,likely,,https://boardvault.net/snowboards/year/2002 | https://boardvault.net/snowboards/year/2003 | https://boardvault.net/snowboards/2002/face-2002
burton--feather,burton,Burton,Feather,2002,earliest_sourced,2018,"Board Vault lists model years 2002-2009, 2011-2013 | last_year = last model year seen in sources consulted; may have run longer.",all-mountain,,,verified,Not listed in every year of the span (see year_note). | Women's entry-level directional.,https://boardvault.net/snowboards/year/2002 | https://boardvault.net/snowboards/year/2007 | https://boardvault.net/snowboards/year/2013 | https://boardvault.net/snowboards/2002/feather-2002 | https://www.snowdb.com/catalog/burton | https://archive.org/details/burton-hardgoods-2014-d.-d.-teoli-jr.-a.-c. | https://www.snowboard-review.com/snowboard_reviews/c/burton/2018/
burton--fish,burton,Burton,Fish,2002,earliest_sourced,2013,Board Vault lists model years 2002-2013 | Listed on burton.com as of Sept 2026 (current line).,powder,,,verified,"Board Vault entries folded into this row: Fish LTD. | Surfy tapered powder board (Fish 156, 2002). Fish LTD / No Fish (2009); Phish x Fish (2017); 'Fish 3D' (2021-) now sold as '3D Fish' with 3D base contours; 3D Fish Splitboard (2025). Modified Fish and Mystery Fish Family Tree variants.",https://boardvault.net/snowboards/year/2002 | https://boardvault.net/snowboards/year/2008 | https://boardvault.net/snowboards/year/2013 | https://boardvault.net/snowboards/2002/fish-2002 | https://www.burton.com/en-us/blogs/the-burton-blog/burton-snowboards-history | https://www.snowdb.com/catalog/burton | https://www.snowboard-review.com/snowboard_reviews/c/burton/2018/ | https://www.snowboard-review.com/snowboard_reviews/c/burton/2021/ | https://snowboardingprofiles.com/2023-burton-snowboards-overview | https://blauerboardshop.com/blogs/snowboarding/2025-burton-snowboards-overview | https://www.burton.com/en-us/collections/snowboards
burton--michi-albin-burtin,burton,Burton,Michi Albin Burtin,2002,earliest_sourced,2002,Board Vault lists model years 2002,all-mountain,Michi Albin,,verified,Board Vault entries folded into this row: Michi. | Michi Albin pro model with intentional 'Burtin' misspelling; glow-in-the-dark ghost graphic by Mark Gonzales. Reissued in the 2025 line.,https://boardvault.net/snowboards/year/2002 | https://boardvault.net/snowboards/2002/michi-2002 | https://www.burton.com/en-us/blogs/the-burton-blog/iconic-burton-snowboards | https://blauerboardshop.com/blogs/snowboarding/2025-burton-snowboards-overview
burton--nicola,burton,Burton,Nicola,2002,earliest_sourced,2003,Board Vault lists model years 2002-2003,unknown,,,likely,,https://boardvault.net/snowboards/year/2002 | https://boardvault.net/snowboards/year/2003 | https://boardvault.net/snowboards/2002/nicola-2002
burton--code,burton,Burton,Code,2003,earliest_sourced,2004,Board Vault lists model years 2003-2004,unknown,,,likely,,https://boardvault.net/snowboards/year/2003 | https://boardvault.net/snowboards/year/2004 | https://boardvault.net/snowboards/2003/code-2003
burton--indie,burton,Burton,Indie,2003,earliest_sourced,2004,Board Vault lists model years 2003-2004,unknown,,,likely,,https://boardvault.net/snowboards/year/2003 | https://boardvault.net/snowboards/year/2004 | https://boardvault.net/snowboards/2003/indie-2003
burton--omen,burton,Burton,Omen,2003,earliest_sourced,2004,Board Vault lists model years 2003-2004,unknown,,,likely,,https://boardvault.net/snowboards/year/2003 | https://boardvault.net/snowboards/year/2004 | https://boardvault.net/snowboards/2003/omen-2003
burton--playboy,burton,Burton,Playboy,2003,introduced,2004,Board Vault lists model years 2004,all-mountain,,Custom,verified,158 Custom with inlaid gold Playboy rabbit; 3 made.,https://boardvault.net/snowboards/year/2004 | https://boardvault.net/snowboards/2004/playboy-2004 | https://www.burton.com/blogs/the-burton-blog/what-are-burtons-rarest-snowboards/
burton--republik,burton,Burton,Republik,2003,earliest_sourced,2003,Board Vault lists model years 2003,unknown,,,likely,,https://boardvault.net/snowboards/year/2003 | https://boardvault.net/snowboards/2003/republik-2003
burton--shaun-white-twc-pro,burton,Burton,Shaun White / TWC Pro,2003,earliest_sourced,2017,"Board Vault lists model years 2003-2008, 2011-2013 | last_year = last model year seen in sources consulted; may have run longer.",freestyle,Shaun White,,verified,"Board Vault entries folded into this row: Shaun, Shaun White, The White Collection, The White Collection Pro. Not listed in every year of the span (see year_note). | Shaun White pro model: 'Shaun White' (2008), 'The White Collection Pro/Standard/Smalls' (2011), 'TWC Pro', 'TWC Standard', 'TWC Smalls' (2012-2017).",https://boardvault.net/snowboards/year/2003 | https://boardvault.net/snowboards/year/2007 | https://boardvault.net/snowboards/year/2013 | https://boardvault.net/snowboards/2003/shaun-2003 | https://www.snowdb.com/catalog/burton | https://www.snowboard-review.com/snowboard_reviews/c/burton/2009/ | https://www.snowboard-review.com/snowboard_reviews/c/burton/2011/ | https://archive.org/details/burton-hardgoods-2014-d.-d.-teoli-jr.-a.-c. | https://www.snowboard-review.com/snowboard_reviews/c/burton/2017/
burton--t6,burton,Burton,T6,2003,earliest_sourced,2010,Board Vault lists model years 2003-2010 | last_year = last model year seen in sources consulted; may have run longer.,all-mountain,,,verified,Lightweight carbon board; museum also mentions a 1990s 'Button T6' with snow-temperature sensors. T7 followed in 2011.,https://boardvault.net/snowboards/year/2003 | https://boardvault.net/snowboards/year/2007 | https://boardvault.net/snowboards/year/2010 | https://boardvault.net/snowboards/2003/t6-2003 | https://www.snowdb.com/catalog/burton | https://www.snowboard-review.com/snowboard_reviews/c/burton/2010/ | https://www.michigansnowboardmuseum.com/burton---firsts--unique-decks.html
burton--witchcraft,burton,Burton,Witchcraft,2003,earliest_sourced,2003,Board Vault lists model years 2003,unknown,,,likely,,https://boardvault.net/snowboards/year/2003 | https://boardvault.net/snowboards/2003/witchcraft-2003
burton--baron,burton,Burton,Baron,2004,earliest_sourced,2007,Board Vault lists model years 2004-2007,unknown,,,likely,Board Vault entries folded into this row: Baron ES.,https://boardvault.net/snowboards/year/2004 | https://boardvault.net/snowboards/year/2006 | https://boardvault.net/snowboards/year/2007 | https://boardvault.net/snowboards/2004/baron-2004
burton--custom-x,burton,Burton,Custom X,2004,earliest_sourced,2013,"Board Vault lists model years 2004-2009, 2011-2013 | First sourced year 2004 (TransWorld test); model may predate that. Listed on burton.com as of Sept 2026 (current line).",all-mountain,,Custom,verified,"Board Vault entries folded into this row: Custom X Wide. Not listed in every year of the span (see year_note). | Stiffer, lighter Custom (Dragonfly core, carbon I-Beam). Custom X Wide and Custom X Flying V variants. Basis of the 2006 Kiss/Gene Simmons one-off.",https://boardvault.net/snowboards/year/2004 | https://boardvault.net/snowboards/year/2008 | https://boardvault.net/snowboards/year/2013 | https://boardvault.net/snowboards/2004/custom-x-2004 | https://snowboarder.com/transworld-snowboarding-archive/snowboarding-gear/2004-snowboard-test-harvesting-the-good-wood | https://www.snowboarder.com/news/2006-good-wood-mens-board-test | https://www.snowdb.com/catalog/burton | https://www.snowboard-review.com/snowboard_reviews/c/burton/2021/ | https://snowboardingprofiles.com/2023-burton-snowboards-overview | https://blauerboardshop.com/blogs/snowboarding/2025-burton-snowboards-overview | https://www.burton.com/en-us/collections/snowboards
burton--girls-punch,burton,Burton,Girls Punch,2004,earliest_sourced,2005,Board Vault lists model years 2004-2005,unknown,,,likely,,https://boardvault.net/snowboards/year/2004 | https://boardvault.net/snowboards/year/2005 | https://boardvault.net/snowboards/2004/girls-punch-2004
burton--jeremy-jones,burton,Burton,Jeremy Jones,2004,earliest_sourced,2011,"Board Vault lists model years 2004-2009, 2011 | Late-2007 release then in line through 2010/11 season.",freeride,Jeremy Jones,,verified,Board Vault entries folded into this row: Jeremy. Not listed in every year of the span (see year_note). | Jeremy Jones freeride pro model; late-2007 release was the first board with The Channel binding system.,https://boardvault.net/snowboards/year/2004 | https://boardvault.net/snowboards/year/2007 | https://boardvault.net/snowboards/year/2011 | https://boardvault.net/snowboards/2004/jeremy-jones-2004 | https://www.burton.com/en-us/blogs/the-burton-blog/burton-innovation | https://www.michigansnowboardmuseum.com/burton---firsts--unique-decks.html | https://www.snowdb.com/catalog/burton | https://www.snowboard-review.com/snowboard_reviews/c/burton/2011/
burton--sensation,burton,Burton,Sensation,2004,earliest_sourced,2004,Board Vault lists model years 2004,unknown,,,likely,,https://boardvault.net/snowboards/year/2004 | https://boardvault.net/snowboards/2004/sensation-2004
burton--slash,burton,Burton,Slash,2004,earliest_sourced,2004,Board Vault lists model years 2004,unknown,,,likely,,https://boardvault.net/snowboards/year/2004 | https://boardvault.net/snowboards/2004/slash-2004
burton--uninc,burton,Burton,Uninc,2004,earliest_sourced,2009,Board Vault lists model years 2004-2009 | last_year = last model year seen in sources consulted; may have run longer.,freestyle,,,verified,"Board Vault entries folded into this row: Unlnc. | Twin-tip centered-stance board from the 'Focus' family designed by JP Solberg, Gigi Ruf and others (2004). 2008 Uninc was the first full line with The Channel mounting system.",https://boardvault.net/snowboards/year/2004 | https://boardvault.net/snowboards/year/2007 | https://boardvault.net/snowboards/year/2009 | https://boardvault.net/snowboards/2004/unlnc-2004 | https://snowboarder.com/transworld-snowboarding-archive/snowboarding-gear/2004-snowboard-test-harvesting-the-good-wood | https://www.snowdb.com/catalog/burton | https://www.burton.com/en-us/blogs/the-burton-blog/burton-innovation
burton--chicklet,burton,Burton,Chicklet,2005,earliest_sourced,2021,"Board Vault lists model years 2005-2009, 2011-2013 | last_year = last model year seen in sources consulted; may have run longer.",kids,,,verified,Board Vault entries folded into this row: Mini Shred Chicklet. Not listed in every year of the span (see year_note). | Girls' beginner board.,https://boardvault.net/snowboards/year/2005 | https://boardvault.net/snowboards/year/2009 | https://boardvault.net/snowboards/year/2013 | https://boardvault.net/snowboards/2005/chicklet-2005 | https://www.snowdb.com/catalog/burton | https://archive.org/details/burton-hardgoods-2014-d.-d.-teoli-jr.-a.-c. | https://www.snowboard-review.com/snowboard_reviews/c/burton/2021/
burton--malolo,burton,Burton,Malolo,2005,earliest_sourced,2011,"Board Vault lists model years 2005-2009, 2011 | last_year = last model year seen in sources consulted; may have run longer.",powder,,,verified,Not listed in every year of the span (see year_note). | Tapered surf-inspired freeride/powder board with 50mm setback; Thomas Campbell graphics in 2007. Revived as Family Tree 'Mystery Malolo' in 2018.,https://boardvault.net/snowboards/year/2005 | https://boardvault.net/snowboards/year/2008 | https://boardvault.net/snowboards/year/2011 | https://boardvault.net/snowboards/2005/malolo-2005 | https://www.evo.com/products/13552-burton-malolo-snowboard-2007 | https://www.snowdb.com/catalog/burton | https://www.snowboard-review.com/snowboard_reviews/c/burton/2011/ | https://www.snowboard-review.com/snowboard_reviews/c/burton/2018/
burton--micro-white,burton,Burton,Micro White,2005,earliest_sourced,2005,Board Vault lists model years 2005,unknown,,,likely,,https://boardvault.net/snowboards/year/2005 | https://boardvault.net/snowboards/2005/micro-white-2005
burton--raven,burton,Burton,Raven,2005,earliest_sourced,2006,Board Vault lists model years 2005-2006,unknown,,,likely,,https://boardvault.net/snowboards/year/2005 | https://boardvault.net/snowboards/year/2006 | https://boardvault.net/snowboards/2005/raven-2005
burton--sterling,burton,Burton,Sterling,2005,earliest_sourced,2006,Board Vault lists model years 2005-2006,unknown,,,likely,,https://boardvault.net/snowboards/year/2005 | https://boardvault.net/snowboards/year/2006 | https://boardvault.net/snowboards/2005/sterling-2005
burton--tadashi-fuse,burton,Burton,Tadashi Fuse,2005,earliest_sourced,2008,Board Vault lists model years 2005-2008 | last_year = last model year seen in sources consulted; may have run longer.,freestyle,Tadashi Fuse,,verified,Board Vault entries folded into this row: Tadishi. | Tadashi Fuse pro model.,https://boardvault.net/snowboards/year/2005 | https://boardvault.net/snowboards/year/2007 | https://boardvault.net/snowboards/year/2008 | https://boardvault.net/snowboards/tadashi-fuse | https://www.snowdb.com/catalog/burton
burton--triumph,burton,Burton,Triumph,2005,earliest_sourced,2007,Board Vault lists model years 2005-2007,unknown,,,likely,,https://boardvault.net/snowboards/year/2005 | https://boardvault.net/snowboards/year/2006 | https://boardvault.net/snowboards/year/2007 | https://boardvault.net/snowboards/2005/triumph-2005
burton--blunt,burton,Burton,Blunt,2006,earliest_sourced,2016,"Board Vault lists model years 2006-2009, 2011-2013 | last_year = last model year seen in sources consulted; may have run longer.",freestyle,,,verified,"Board Vault entries folded into this row: Blunt Primo, Blunt Wide, Restricted Blunt. 2008 'Blunt Primo' folded. Not listed in every year of the span (see year_note). | Soft park board; Blunt Primo (2008), Blunt Wide, Blunt Restricted (2012).",https://boardvault.net/snowboards/year/2006 | https://boardvault.net/snowboards/year/2009 | https://boardvault.net/snowboards/year/2013 | https://boardvault.net/snowboards/2006/blunt-2006 | https://www.snowdb.com/catalog/burton | https://archive.org/details/burton-hardgoods-2014-d.-d.-teoli-jr.-a.-c. | https://www.snowboard-review.com/snowboard_reviews/c/burton/2016/
burton--ducati-limited,burton,Burton,Ducati Limited,2006,earliest_sourced,2006,Board Vault lists model years 2006,unknown,,,likely,,https://boardvault.net/snowboards/year/2006 | https://boardvault.net/snowboards/2006/ducati-limited-2006
burton--ginger,burton,Burton,Ginger,2006,earliest_sourced,2008,Board Vault lists model years 2006-2008 | last_year = last model year seen in sources consulted; may have run longer.,unknown,,,verified,,https://boardvault.net/snowboards/year/2006 | https://boardvault.net/snowboards/year/2007 | https://boardvault.net/snowboards/year/2008 | https://boardvault.net/snowboards/2006/ginger-2006 | https://www.snowdb.com/catalog/burton
burton--gtwin,burton,Burton,GTwin,2006,earliest_sourced,2010,Board Vault lists model years 2006-2009 | last_year = last model year seen in sources consulted; may have run longer.,freestyle,,,verified,Board Vault entries folded into this row: Gtwin. | Women's twin developed with Natasza Zurek and Anne-Flore Marxer.,https://boardvault.net/snowboards/year/2006 | https://boardvault.net/snowboards/year/2008 | https://boardvault.net/snowboards/year/2009 | https://boardvault.net/snowboards/2006/gtwin-2006 | https://www.snowboarder.com/transworld-snowboarding-archive/snowboarding-gear/2006-good-wood-womens-board-test/ | https://www.snowdb.com/catalog/burton
burton--kiss-series-13,burton,Burton,Kiss Series 13,2006,introduced,2006,,all-mountain,Gene Simmons,Custom,verified,"Gene Simmons Custom X-based one-off; 2 made, never sold.",https://www.burton.com/blogs/the-burton-blog/what-are-burtons-rarest-snowboards/
burton--retro-twin,burton,Burton,Retro Twin,2006,earliest_sourced,2006,Board Vault lists model years 2006,unknown,,,likely,,https://boardvault.net/snowboards/year/2006 | https://boardvault.net/snowboards/2006/retro-twin-2006
burton--royale,burton,Burton,Royale,2006,earliest_sourced,2008,Board Vault lists model years 2006-2008 | last_year = last model year seen in sources consulted; may have run longer.,freestyle,,,verified,,https://boardvault.net/snowboards/year/2006 | https://boardvault.net/snowboards/year/2007 | https://boardvault.net/snowboards/year/2008 | https://boardvault.net/snowboards/2006/royale-2006 | https://www.snowdb.com/catalog/burton
burton--vapor,burton,Burton,Vapor,2006,earliest_sourced,2013,"Board Vault lists model years 2006-2009, 2011-2013 | last_year = last model year seen in sources consulted; may have run longer.",all-mountain,,,verified,Board Vault entries folded into this row: Vapor Wide. Not listed in every year of the span (see year_note). | Ultralight premium board (about 1 lb lighter than other Burtons; $899 in 2006). Vapor Wide variant.,https://boardvault.net/snowboards/year/2006 | https://boardvault.net/snowboards/year/2009 | https://boardvault.net/snowboards/year/2013 | https://boardvault.net/snowboards/2006/vapor-2006 | https://www.snowboarder.com/news/2006-good-wood-mens-board-test | https://www.snowdb.com/catalog/burton | https://www.snowboard-review.com/snowboard_reviews/c/burton/2013/
burton--alpha,burton,Burton,Alpha,2007,earliest_sourced,2009,Board Vault lists model years 2007-2008 | last_year = last model year seen in sources consulted; may have run longer.,unknown,,,verified,'B by Burton Alpha' in 2009.,https://boardvault.net/snowboards/year/2007 | https://boardvault.net/snowboards/year/2008 | https://boardvault.net/snowboards/2007/alpha-2007 | https://www.snowdb.com/catalog/burton
burton--king,burton,Burton,King,2007,earliest_sourced,2008,Board Vault lists model years 2007-2008 | last_year = last model year seen in sources consulted; may have run longer.,unknown,,,verified,,https://boardvault.net/snowboards/year/2007 | https://boardvault.net/snowboards/year/2008 | https://boardvault.net/snowboards/2007/king-2007 | https://www.snowdb.com/catalog/burton
burton--lux,burton,Burton,Lux,2007,earliest_sourced,2013,"Board Vault lists model years 2007-2009, 2011-2013 | last_year = last model year seen in sources consulted; may have run longer.",all-mountain,,,verified,"Board Vault entries folded into this row: Lux Rocker, Lux V Rocker. Not listed in every year of the span (see year_note). | Women's; Lux V-Rocker (2011-2012).",https://boardvault.net/snowboards/year/2007 | https://boardvault.net/snowboards/year/2011 | https://boardvault.net/snowboards/year/2013 | https://boardvault.net/snowboards/2007/lux-2007 | https://www.snowdb.com/catalog/burton | https://archive.org/details/burton-hardgoods-2014-d.-d.-teoli-jr.-a.-c.
burton--shaun-white-youth,burton,Burton,Shaun White Youth,2007,earliest_sourced,2008,Board Vault lists model years 2007-2008,unknown,,,likely,Board Vault entries folded into this row: The White Collection Youth.,https://boardvault.net/snowboards/year/2007 | https://boardvault.net/snowboards/year/2008 | https://boardvault.net/snowboards/2007/white-collection-youth-2007
burton--stigma,burton,Burton,Stigma,2007,earliest_sourced,2009,Board Vault lists model years 2007-2009 | last_year = last model year seen in sources consulted; may have run longer.,freestyle,,,verified,,https://boardvault.net/snowboards/year/2007 | https://boardvault.net/snowboards/year/2008 | https://boardvault.net/snowboards/year/2009 | https://boardvault.net/snowboards/2007/stigma-2007 | https://www.snowdb.com/catalog/burton
burton--dominant-grom,burton,Burton,Dominant Grom,2008,earliest_sourced,2009,Board Vault lists model years 2008-2009,unknown,,,likely,"Board Vault entries folded into this row: Dom Grom, Dominant GROM.",https://boardvault.net/snowboards/year/2008 | https://boardvault.net/snowboards/year/2009 | https://boardvault.net/snowboards/2008/dom-grom-2008
burton--doom,burton,Burton,Doom,2008,earliest_sourced,2008,Board Vault lists model years 2008 | last_year = last model year seen in sources consulted; may have run longer.,unknown,,,verified,,https://boardvault.net/snowboards/year/2008 | https://boardvault.net/snowboards/2008/doom-2008 | https://www.snowdb.com/catalog/burton
burton--idiom-select,burton,Burton,Idiom Select,2008,earliest_sourced,2009,Board Vault lists model years 2008-2009 | last_year = last model year seen in sources consulted; may have run longer.,freestyle,,,verified,Board Vault entries folded into this row: Idiom. | Idiom series board.,https://boardvault.net/snowboards/year/2008 | https://boardvault.net/snowboards/year/2009 | https://boardvault.net/snowboards/2008/idiom-select-2008 | https://www.snowdb.com/catalog/burton
burton--kid-robot-custom,burton,Burton,Kid Robot Custom,2008,earliest_sourced,2008,Board Vault lists model years 2008 | last_year = last model year seen in sources consulted; may have run longer.,all-mountain,,Custom,verified,Board Vault entries folded into this row: Kid Robot. | Kidrobot collaboration Custom.,https://boardvault.net/snowboards/year/2008 | https://boardvault.net/snowboards/2008/kid-robot-2008 | https://www.snowdb.com/catalog/burton
burton--love,burton,Burton,Love,2008,earliest_sourced,2011,Board Vault lists model years 2008-2011 | last_year = last model year seen in sources consulted; may have run longer.,freestyle,,,verified,Board Vault entries folded into this row: Restricted Love. | Park board with Playboy-model graphics that drew controversy; replaced by Mr. Nice Guy in 2012.,https://boardvault.net/snowboards/year/2008 | https://boardvault.net/snowboards/year/2010 | https://boardvault.net/snowboards/year/2011 | https://boardvault.net/snowboards/2008/love-2008 | https://en.wikipedia.org/wiki/Burton_Snowboards | https://www.snowdb.com/catalog/burton | https://www.snowboard-review.com/snowboard_reviews/c/burton/2011/
burton--stria,burton,Burton,Stria,2008,earliest_sourced,2009,Board Vault lists model years 2008-2009 | last_year = last model year seen in sources consulted; may have run longer.,freestyle,,,verified,,https://boardvault.net/snowboards/year/2008 | https://boardvault.net/snowboards/year/2009 | https://boardvault.net/snowboards/2008/stria-2008 | https://www.snowdb.com/catalog/burton
burton--supermodel-x,burton,Burton,Supermodel X,2008,earliest_sourced,2010,Board Vault lists model years 2008-2010 | last_year = last model year seen in sources consulted; may have run longer.,freeride,,Supermodel,verified,Stiffer Supermodel.,https://boardvault.net/snowboards/year/2008 | https://boardvault.net/snowboards/year/2009 | https://boardvault.net/snowboards/year/2010 | https://boardvault.net/snowboards/2008/supermodel-x-2008 | https://www.snowdb.com/catalog/burton | https://www.snowboard-review.com/snowboard_reviews/c/burton/2010/
burton--warhol,burton,Burton,Warhol,2008,earliest_sourced,2008,Board Vault lists model years 2008 | last_year = last model year seen in sources consulted; may have run longer.,freestyle,,,verified,Board Vault entries folded into this row: Warhol Twin. | Andy Warhol art series ('Warhol' and 'Warhol Twin').,https://boardvault.net/snowboards/year/2008 | https://boardvault.net/snowboards/2008/warhol-2008 | https://www.snowdb.com/catalog/burton
burton--x8,burton,Burton,X8,2008,earliest_sourced,2010,Board Vault lists model years 2008-2010 | last_year = last model year seen in sources consulted; may have run longer.,all-mountain,,,verified,"Board Vault entries folded into this row: X8 ICS, X8 V. | Also 'X8V' (V-Rocker) in 2010.",https://boardvault.net/snowboards/year/2008 | https://boardvault.net/snowboards/year/2009 | https://boardvault.net/snowboards/year/2010 | https://boardvault.net/snowboards/2008/x8-2008 | https://www.snowdb.com/catalog/burton | https://www.snowboard-review.com/snowboard_reviews/c/burton/2010/
burton--aura,burton,Burton,Aura,2009,earliest_sourced,2009,Board Vault lists model years 2009,unknown,,,likely,,https://boardvault.net/snowboards/year/2009 | https://boardvault.net/snowboards/2009/aura-2009
burton--bby,burton,Burton,BBY,2009,earliest_sourced,2009,Board Vault lists model years 2009,unknown,,,likely,,https://boardvault.net/snowboards/year/2009 | https://boardvault.net/snowboards/2009/bby-2009
burton--blender,burton,Burton,Blender,2009,earliest_sourced,2013,"Board Vault lists model years 2009, 2011-2013 | last_year = last model year seen in sources consulted; may have run longer.",freestyle,,,verified,Not listed in every year of the span (see year_note). | Women's freestyle.,https://boardvault.net/snowboards/year/2009 | https://boardvault.net/snowboards/year/2012 | https://boardvault.net/snowboards/year/2013 | https://boardvault.net/snowboards/2009/blender-2009 | https://www.snowdb.com/catalog/burton | https://archive.org/details/burton-hardgoods-2014-d.-d.-teoli-jr.-a.-c.
burton--custom-smalls,burton,Burton,Custom Smalls,2009,earliest_sourced,2013,"Board Vault lists model years 2009, 2011-2013 | Seen through 2023 line; may continue.",kids,,Custom,verified,"Board Vault entries folded into this row: Custom Small, Custom Smalls V Rocker. Not listed in every year of the span (see year_note). | Youth Custom; Custom V-Rocker/Flying V Smalls.",https://boardvault.net/snowboards/year/2009 | https://boardvault.net/snowboards/year/2012 | https://boardvault.net/snowboards/year/2013 | https://boardvault.net/snowboards/2009/custom-small-2009 | https://www.snowdb.com/catalog/burton | https://archive.org/details/burton-hardgoods-2014-d.-d.-teoli-jr.-a.-c. | https://www.snowboard-review.com/snowboard_reviews/c/burton/2021/ | https://snowboardingprofiles.com/2023-burton-snowboards-overview
burton--deuce,burton,Burton,Deuce,2009,earliest_sourced,2011,"Board Vault lists model years 2009, 2011 | last_year = last model year seen in sources consulted; may have run longer.",all-mountain,,,verified,"Board Vault entries folded into this row: Duece, Duece Wide. Not listed in every year of the span (see year_note). | Deuce Wide.",https://boardvault.net/snowboards/year/2009 | https://boardvault.net/snowboards/year/2011 | https://boardvault.net/snowboards/2009/duece-wide-2009 | https://www.snowdb.com/catalog/burton | https://www.snowboard-review.com/snowboard_reviews/c/burton/2011/
burton--econico,burton,Burton,Econico,2009,earliest_sourced,2009,Board Vault lists model years 2009,unknown,,,likely,,https://boardvault.net/snowboards/year/2009 | https://boardvault.net/snowboards/econico
burton--farm,burton,Burton,Farm,2009,earliest_sourced,2009,Board Vault lists model years 2009 | last_year = last model year seen in sources consulted; may have run longer.,unknown,,,verified,,https://boardvault.net/snowboards/year/2009 | https://boardvault.net/snowboards/2009/farm-2009 | https://www.snowdb.com/catalog/burton
burton--feelgood-smalls,burton,Burton,Feelgood Smalls,2009,earliest_sourced,2013,"Board Vault lists model years 2009, 2011-2013 | Seen through 2023 line; may continue.",kids,,Feelgood,verified,"Board Vault entries folded into this row: Feelgood Small, Feelgood Smalls V Rocker. Not listed in every year of the span (see year_note). | Girls' Feelgood.",https://boardvault.net/snowboards/year/2009 | https://boardvault.net/snowboards/year/2012 | https://boardvault.net/snowboards/year/2013 | https://boardvault.net/snowboards/2009/feelgood-small-2009 | https://www.snowdb.com/catalog/burton | https://archive.org/details/burton-hardgoods-2014-d.-d.-teoli-jr.-a.-c. | https://www.snowboard-review.com/snowboard_reviews/c/burton/2021/ | https://snowboardingprofiles.com/2023-burton-snowboards-overview
burton--fix,burton,Burton,Fix,2009,earliest_sourced,2010,Board Vault lists model years 2009 | last_year = last model year seen in sources consulted; may have run longer.,all-mountain,,,verified,,https://boardvault.net/snowboards/year/2009 | https://boardvault.net/snowboards/2009/fix-2009 | https://www.snowdb.com/catalog/burton | https://www.snowboard-review.com/snowboard_reviews/c/burton/2010/
burton--hero,burton,Burton,Hero,2009,earliest_sourced,2012,Board Vault lists model years 2009-2012 | last_year = last model year seen in sources consulted; may have run longer.,freestyle,,,verified,"Board Vault entries folded into this row: Hero LTD, Hero Smalls, Restricted Hero. | Rocker park board; Hero Wide, Hero LTD, Restricted Hero, Hero Smalls. 'Super Hero' in 2014.",https://boardvault.net/snowboards/year/2009 | https://boardvault.net/snowboards/year/2011 | https://boardvault.net/snowboards/year/2012 | https://boardvault.net/snowboards/2009/hero-2009 | https://www.snowdb.com/catalog/burton | https://www.snowboard-review.com/snowboard_reviews/c/burton/2012/ | https://archive.org/details/burton-hardgoods-2014-d.-d.-teoli-jr.-a.-c.
burton--lip-stick,burton,Burton,Lip-Stick,2009,earliest_sourced,2018,"Board Vault lists model years 2009, 2011-2013 | last_year = last model year seen in sources consulted; may have run longer.",freestyle,,,verified,"Board Vault entries folded into this row: Lip Stick, Lip Stick LTD, Lip Stick Limited. Not listed in every year of the span (see year_note). | Women's park board; Lip-Stick Flying V, Lip-Stick Limited Early Release.",https://boardvault.net/snowboards/year/2009 | https://boardvault.net/snowboards/year/2012 | https://boardvault.net/snowboards/year/2013 | https://boardvault.net/snowboards/2009/lip-stick-2009 | https://www.snowdb.com/catalog/burton | https://archive.org/details/burton-hardgoods-2014-d.-d.-teoli-jr.-a.-c. | https://www.snowboard-review.com/snowboard_reviews/c/burton/2018/
burton--mayhem,burton,Burton,Mayhem,2009,earliest_sourced,2010,Board Vault lists model years 2009 | last_year = last model year seen in sources consulted; may have run longer.,freestyle,,,verified,Mayhem Wide.,https://boardvault.net/snowboards/year/2009 | https://boardvault.net/snowboards/2009/mayhem-2009 | https://www.snowdb.com/catalog/burton
burton--mystery,burton,Burton,Mystery,2009,introduced,2013,Board Vault lists model years 2012-2013 | last_year = last model year seen in sources consulted; may have run longer.,all-mountain,,,verified,"'Lightest board on the market to date' (2009). The 'Mystery' construction name later used on Custom Mystery, Process Mystery (2019, 50 units for Mark McMorris), Mystery Malolo, Mystery Fish, Mystery Skeleton Key, Mystery Con Artist, Mystery Day Trader, Mystery Hometown Hero.",https://boardvault.net/snowboards/year/2012 | https://boardvault.net/snowboards/year/2013 | https://boardvault.net/snowboards/mystery-2012 | https://www.snowboard-review.com/snowboard_reviews/c/burton/2009/
burton--no-fish,burton,Burton,No Fish,2009,earliest_sourced,2009,Board Vault lists model years 2009,unknown,,,likely,,https://boardvault.net/snowboards/year/2009 | https://boardvault.net/snowboards/2009/no-fish-2009
burton--operator,burton,Burton,Operator,2009,earliest_sourced,2010,Board Vault lists model years 2009 | last_year = last model year seen in sources consulted; may have run longer.,freeride,,,verified,"Board Vault entries folded into this row: Operator Small, Operator Wide. | Operator Wide, Operator Smalls.",https://boardvault.net/snowboards/year/2009 | https://boardvault.net/snowboards/2009/operator-wide-2009 | https://www.snowdb.com/catalog/burton | https://www.snowboard-review.com/snowboard_reviews/c/burton/2010/
burton--primo,burton,Burton,Primo,2009,earliest_sourced,2009,Board Vault lists model years 2009 | last_year = last model year seen in sources consulted; may have run longer.,freestyle,,,verified,,https://boardvault.net/snowboards/year/2009 | https://boardvault.net/snowboards/2009/primo-2009 | https://www.snowdb.com/catalog/burton
burton--venue,burton,Burton,Venue,2009,earliest_sourced,2009,Board Vault lists model years 2009,unknown,,,likely,,https://boardvault.net/snowboards/year/2009 | https://boardvault.net/snowboards/2009/venue-2009
burton--verdict,burton,Burton,Verdict,2009,earliest_sourced,2009,Board Vault lists model years 2009,unknown,,,likely,,https://boardvault.net/snowboards/year/2009 | https://boardvault.net/snowboards/2009/verdict-2009
burton--women-s-supermodel,burton,Burton,Women's Supermodel,2009,earliest_sourced,2010,Board Vault lists model years 2009 | last_year = last model year seen in sources consulted; may have run longer.,freeride,,Supermodel,verified,Board Vault entries folded into this row: Supermodel Womens.,https://boardvault.net/snowboards/year/2009 | https://boardvault.net/snowboards/2009/supermodel-womens-2009 | https://www.snowdb.com/catalog/burton
burton--easy-livin,burton,Burton,Easy Livin,2010,earliest_sourced,2017,Board Vault lists model years 2010-2013 | last_year = last model year seen in sources consulted; may have run longer.,freestyle,,,verified,"Board Vault entries folded into this row: Restricted Easy Livin, Restricted Easy Livin Camber. | Park board; Easy Livin Flying V (2011), Easy Livin Restricted (2012); Led Zeppelin x Easy Livin (2017).",https://boardvault.net/snowboards/year/2010 | https://boardvault.net/snowboards/year/2012 | https://boardvault.net/snowboards/year/2013 | https://boardvault.net/snowboards/2010/easy-livin-2010 | https://www.snowdb.com/catalog/burton | https://www.snowboard-review.com/snowboard_reviews/c/burton/2011/ | https://www.snowboard-review.com/snowboard_reviews/c/burton/2013/ | https://www.snowboard-review.com/snowboard_reviews/c/burton/2016/ | https://www.snowboard-review.com/snowboard_reviews/c/burton/2017/
burton--flying-v,burton,Burton,Flying V,2010,introduced,2010,last_year = last model year seen in sources consulted; may have run longer.,all-mountain,,,likely,Standalone 'Flying V' board listed for 2009/10 before Flying V became a profile variant across the line.,https://www.snowdb.com/catalog/burton
burton--guru,burton,Burton,Guru,2010,introduced,2010,last_year = last model year seen in sources consulted; may have run longer.,unknown,,,likely,,https://www.snowdb.com/catalog/burton
burton--joystick,burton,Burton,Joystick,2010,introduced,2014,Board Vault lists model years 2011-2013 | last_year = last model year seen in sources consulted; may have run longer.,freestyle,,,verified,Joystick Wide.,https://boardvault.net/snowboards/year/2011 | https://boardvault.net/snowboards/year/2012 | https://boardvault.net/snowboards/year/2013 | https://boardvault.net/snowboards/2011/joystick-2011 | https://www.snowdb.com/catalog/burton | https://archive.org/details/burton-hardgoods-2014-d.-d.-teoli-jr.-a.-c. | https://www.snowboard-review.com/snowboard_reviews/c/burton/2014/
burton--method,burton,Burton,Method,2010,introduced,2012,Board Vault lists model years 2011-2012 | last_year = last model year seen in sources consulted; may have run longer.,all-mountain,,,verified,Directional Springloaded/camber board.,https://boardvault.net/snowboards/year/2011 | https://boardvault.net/snowboards/year/2012 | https://boardvault.net/snowboards/2011/method-2011 | https://www.snowboard-review.com/snowboard_reviews/c/burton/2010/ | https://www.snowdb.com/catalog/burton | https://archive.org/details/burton-hardgoods-2014-d.-d.-teoli-jr.-a.-c.
burton--social,burton,Burton,Social,2010,introduced,2016,Board Vault lists model years 2011-2013 | last_year = last model year seen in sources consulted; may have run longer.,freestyle,,,verified,Board Vault entries folded into this row: Restricted Social. | Women's twin rocker; Social Restricted (2012-2013); Peanuts Social (2016). Succeeded by Socialite.,https://boardvault.net/snowboards/year/2011 | https://boardvault.net/snowboards/year/2012 | https://boardvault.net/snowboards/year/2013 | https://boardvault.net/snowboards/2011/social-2011 | https://www.snowdb.com/catalog/burton | https://archive.org/details/burton-hardgoods-2014-d.-d.-teoli-jr.-a.-c. | https://www.snowboard-review.com/snowboard_reviews/c/burton/2016/
burton--after-school-special,burton,Burton,After School Special,2011,earliest_sourced,2023,"Board Vault lists model years 2011, 2013 | last_year = last model year seen in sources consulted; may have run longer.",kids,,,verified,Board Vault entries folded into this row: Mini Shred After School Special. Not listed in every year of the span (see year_note). | Kids board/boot/binding package.,https://boardvault.net/snowboards/year/2011 | https://boardvault.net/snowboards/year/2013 | https://boardvault.net/snowboards/2011/mini-shred-after-school-special-2011 | https://www.snowdb.com/catalog/burton | https://archive.org/details/burton-hardgoods-2014-d.-d.-teoli-jr.-a.-c. | https://www.snowboard-review.com/snowboard_reviews/c/burton/2021/ | https://snowboardingprofiles.com/2023-burton-snowboards-overview
burton--board-amazing,burton,Burton,Board Amazing,2011,earliest_sourced,2011,Board Vault lists model years 2011 | last_year = last model year seen in sources consulted; may have run longer.,unknown,,,verified,Board Vault entries folded into this row: Meateaters Board Amazing.,https://boardvault.net/snowboards/year/2011 | https://boardvault.net/snowboards/2011/meateaters-board-amazing-2011 | https://www.snowdb.com/catalog/burton
burton--deja-vu,burton,Burton,Deja Vu,2011,earliest_sourced,2018,Board Vault lists model years 2011-2013 | last_year = last model year seen in sources consulted; may have run longer.,all-mountain,,,verified,"Board Vault entries folded into this row: Deja Vu Flying V, Deja Vu V Rocker, Restricted Deja Vu. | Women's; Deja Vu V-Rocker, Deja Vu Flying V.",https://boardvault.net/snowboards/year/2011 | https://boardvault.net/snowboards/year/2012 | https://boardvault.net/snowboards/year/2013 | https://boardvault.net/snowboards/2011/deja-vu-v-rocker-2011 | https://www.snowdb.com/catalog/burton | https://archive.org/details/burton-hardgoods-2014-d.-d.-teoli-jr.-a.-c. | https://www.snowboard-review.com/snowboard_reviews/c/burton/2018/
burton--fortress,burton,Burton,Fortress,2011,earliest_sourced,2012,Board Vault lists model years 2011-2012 | last_year = last model year seen in sources consulted; may have run longer.,all-mountain,,,verified,Women's directional camber.,https://boardvault.net/snowboards/year/2011 | https://boardvault.net/snowboards/year/2012 | https://boardvault.net/snowboards/2011/fortress-2011 | https://www.snowdb.com/catalog/burton | https://archive.org/details/burton-hardgoods-2014-d.-d.-teoli-jr.-a.-c.
burton--freebird,burton,Burton,Freebird,2011,earliest_sourced,2014,Board Vault lists model years 2011-2013 | last_year = last model year seen in sources consulted; may have run longer.,freeride,,,verified,"Board Vault entries folded into this row: Family Tree Freebird, The Freebird. | Directional, 11mm taper.",https://boardvault.net/snowboards/year/2011 | https://boardvault.net/snowboards/year/2012 | https://boardvault.net/snowboards/year/2013 | https://boardvault.net/snowboards/2011/freebird-2011 | https://www.snowdb.com/catalog/burton | https://archive.org/details/burton-hardgoods-2014-d.-d.-teoli-jr.-a.-c. | https://www.snowboard-review.com/snowboard_reviews/c/burton/2014/
burton--hate,burton,Burton,Hate,2011,earliest_sourced,2013,Board Vault lists model years 2011-2013 | last_year = last model year seen in sources consulted; may have run longer.,freestyle,,,verified,Board Vault entries folded into this row: Restricted Hate. | Restricted-series board; Hate Restricted (2012).,https://boardvault.net/snowboards/year/2011 | https://boardvault.net/snowboards/year/2012 | https://boardvault.net/snowboards/year/2013 | https://boardvault.net/snowboards/2011/restricted-hate-2011 | https://www.snowdb.com/catalog/burton | https://www.snowboard-review.com/snowboard_reviews/c/burton/2013/
burton--married-to-the-mob,burton,Burton,Married To The Mob,2011,earliest_sourced,2011,Board Vault lists model years 2011 | last_year = last model year seen in sources consulted; may have run longer.,freestyle,,,verified,Married To The Mob collaboration.,https://boardvault.net/snowboards/year/2011 | https://boardvault.net/snowboards/2011/married-mob-2011 | https://www.snowdb.com/catalog/burton
burton--nug,burton,Burton,Nug,2011,earliest_sourced,2016,Board Vault lists model years 2011-2013 | Burton dates the Nug to 2011; SnowDB first lists it in the 2011/12 season.,freestyle,,,verified,"Board Vault entries folded into this row: Meateaters Me Nug, Nug Ash, Restricted Nug, Restricted Nug Directional, The Nug. | Ridden 8-10cm shorter than usual thanks to long effective edge; Nug Directional, Nug Restricted, Nug Meateaters, Nug Early Release (2012). CK Nug (2016-2017) revived the CK Air graphic. Reissued as '2011 Nug Rocker' in the 2024 line.",https://boardvault.net/snowboards/year/2011 | https://boardvault.net/snowboards/year/2012 | https://boardvault.net/snowboards/year/2013 | https://boardvault.net/snowboards/2011/nug-2011 | https://www.burton.com/en-us/blogs/the-burton-blog/iconic-burton-snowboards | https://www.snowdb.com/catalog/burton | https://www.snowboard-review.com/snowboard_reviews/c/burton/2013/ | https://www.snowboard-review.com/snowboard_reviews/c/burton/2016/ | https://steepdb.com/b/burton/
burton--process,burton,Burton,Process,2011,earliest_sourced,2013,Board Vault lists model years 2011-2013 | Listed on burton.com as of Sept 2026 (current line).,freestyle,Mark McMorris,,verified,"Board Vault entries folded into this row: Process Flying V, Process V. | Mark McMorris' all-mountain-freestyle board. Variants: Process V-Rocker (2011), Process Flying V, Process Flying V X (2014), Process Off-Axis (2017-2018), Process Smalls, Kilroy Process (2018-2019), Playboy Process (2016), Process Mystery (2019 limited).",https://boardvault.net/snowboards/year/2011 | https://boardvault.net/snowboards/year/2012 | https://boardvault.net/snowboards/year/2013 | https://boardvault.net/snowboards/2011/process-v-2011 | https://www.snowdb.com/catalog/burton | https://archive.org/details/burton-hardgoods-2014-d.-d.-teoli-jr.-a.-c. | https://www.snowboard-review.com/snowboard_reviews/c/burton/2021/ | https://snowboardingprofiles.com/2023-burton-snowboards-overview | https://blauerboardshop.com/blogs/snowboarding/2025-burton-snowboards-overview | https://www.burton.com/en-us/collections/snowboards
burton--ration,burton,Burton,Ration,2011,earliest_sourced,2013,Board Vault lists model years 2011-2013 | last_year = last model year seen in sources consulted; may have run longer.,freestyle,,,verified,Board Vault entries folded into this row: Restricted Ration. | Ration Restricted (2012).,https://boardvault.net/snowboards/year/2011 | https://boardvault.net/snowboards/year/2012 | https://boardvault.net/snowboards/year/2013 | https://boardvault.net/snowboards/2011/restricted-ration-2011 | https://www.snowdb.com/catalog/burton | https://www.snowboard-review.com/snowboard_reviews/c/burton/2011/
burton--road-soda,burton,Burton,Road Soda,2011,earliest_sourced,2011,Board Vault lists model years 2011 | last_year = last model year seen in sources consulted; may have run longer.,freestyle,,,verified,Board Vault entries folded into this row: Meateaters Road Soda.,https://boardvault.net/snowboards/year/2011 | https://boardvault.net/snowboards/2011/meateaters-road-soda-2011 | https://www.snowdb.com/catalog/burton | https://www.snowboard-review.com/snowboard_reviews/c/burton/2011/
burton--sherlock,burton,Burton,Sherlock,2011,earliest_sourced,2014,Board Vault lists model years 2011-2013 | last_year = last model year seen in sources consulted; may have run longer.,freeride,,,verified,Board Vault entries folded into this row: Sherlock Blackjack. | Deep-snow 'Trike' shape.,https://boardvault.net/snowboards/year/2011 | https://boardvault.net/snowboards/year/2012 | https://boardvault.net/snowboards/year/2013 | https://boardvault.net/snowboards/2011/sherlock-2011 | https://www.snowdb.com/catalog/burton | https://www.snowboard-review.com/snowboard_reviews/c/burton/2011/ | https://archive.org/details/burton-hardgoods-2014-d.-d.-teoli-jr.-a.-c. | https://www.snowboard-review.com/snowboard_reviews/c/burton/2014/
burton--sweet-talker,burton,Burton,Sweet Talker,2011,earliest_sourced,2011,Board Vault lists model years 2011 | last_year = last model year seen in sources consulted; may have run longer.,freestyle,,,verified,Board Vault entries folded into this row: Meateaters Sweet Talker.,https://boardvault.net/snowboards/year/2011 | https://boardvault.net/snowboards/2011/meateaters-sweet-talker-2011 | https://www.snowdb.com/catalog/burton | https://www.snowboard-review.com/snowboard_reviews/c/burton/2011/
burton--t7,burton,Burton,T7,2011,earliest_sourced,2011,Board Vault lists model years 2011 | last_year = last model year seen in sources consulted; may have run longer.,all-mountain,,,verified,Successor to the T6.,https://boardvault.net/snowboards/year/2011 | https://boardvault.net/snowboards/2011/t7-2011 | https://www.snowdb.com/catalog/burton | https://www.snowboard-review.com/snowboard_reviews/c/burton/2011/
burton--the-white-collection-smalls,burton,Burton,The White Collection Smalls,2011,earliest_sourced,2013,Board Vault lists model years 2011-2013,unknown,,,likely,,https://boardvault.net/snowboards/year/2011 | https://boardvault.net/snowboards/year/2012 | https://boardvault.net/snowboards/year/2013 | https://boardvault.net/snowboards/2011/white-collection-smalls-2011
burton--the-white-collection-standard,burton,Burton,The White Collection Standard,2011,earliest_sourced,2013,Board Vault lists model years 2011-2013,unknown,,,likely,,https://boardvault.net/snowboards/year/2011 | https://boardvault.net/snowboards/year/2012 | https://boardvault.net/snowboards/year/2013 | https://boardvault.net/snowboards/2011/white-collection-standard-2011
burton--whammy-bar,burton,Burton,Whammy Bar,2011,earliest_sourced,2013,Board Vault lists model years 2011-2013 | last_year = last model year seen in sources consulted; may have run longer.,freestyle,,,verified,"Board Vault entries folded into this row: Restricted Whammy Bar Marley, The Whammy Bar. | Rocker double-kick park board; Whammy Marley (2011).",https://boardvault.net/snowboards/year/2011 | https://boardvault.net/snowboards/year/2012 | https://boardvault.net/snowboards/year/2013 | https://boardvault.net/snowboards/2011/whammy-bar-2011 | https://www.snowdb.com/catalog/burton | https://www.snowboard-review.com/snowboard_reviews/c/burton/2011/ | https://archive.org/details/burton-hardgoods-2014-d.-d.-teoli-jr.-a.-c. | https://www.snowboard-review.com/snowboard_reviews/c/burton/2013/
burton--aftermath,burton,Burton,Aftermath,2012,earliest_sourced,2013,Board Vault lists model years 2012-2013 | last_year = last model year seen in sources consulted; may have run longer.,freestyle,,,verified,Aftermath Squeezebox Early Release.,https://boardvault.net/snowboards/year/2012 | https://boardvault.net/snowboards/year/2013 | https://boardvault.net/snowboards/aftermath-2012 | https://www.snowdb.com/catalog/burton | https://www.snowboard-review.com/snowboard_reviews/c/burton/2012/
burton--artifact,burton,Burton,Artifact,2012,introduced,2012,last_year = last model year seen in sources consulted; may have run longer.,all-mountain,,,verified,Directional camber board listed in the 2012 hardgoods catalog OCR.,https://archive.org/details/burton-hardgoods-2014-d.-d.-teoli-jr.-a.-c.
burton--barracuda,burton,Burton,Barracuda,2012,earliest_sourced,2017,Board Vault lists model years 2012-2013 | last_year = last model year seen in sources consulted; may have run longer.,freeride,,,verified,Directional 15mm-taper freeride; Phil Frost x G Pen Barracuda (2017).,https://boardvault.net/snowboards/year/2012 | https://boardvault.net/snowboards/year/2013 | https://boardvault.net/snowboards/barracuda-2012 | https://www.snowdb.com/catalog/burton | https://archive.org/details/burton-hardgoods-2014-d.-d.-teoli-jr.-a.-c. | https://www.snowboard-review.com/snowboard_reviews/c/burton/2014/ | https://www.snowboard-review.com/snowboard_reviews/c/burton/2016/ | https://www.snowboard-review.com/snowboard_reviews/c/burton/2017/
burton--board-of-health,burton,Burton,Board of Health,2012,earliest_sourced,2012,Board Vault lists model years 2012 | last_year = last model year seen in sources consulted; may have run longer.,unknown,,,verified,Board Vault entries folded into this row: Meateaters Board of Health. | Meateaters series.,https://boardvault.net/snowboards/year/2012 | https://boardvault.net/snowboards/meateaters-board-health-2012 | https://www.snowdb.com/catalog/burton
burton--burden,burton,Burton,Burden,2012,earliest_sourced,2012,Board Vault lists model years 2012 | last_year = last model year seen in sources consulted; may have run longer.,unknown,,,verified,Board Vault entries folded into this row: Meateaters Burden. | Meateaters series.,https://boardvault.net/snowboards/year/2012 | https://boardvault.net/snowboards/meateaters-burden-2012 | https://www.snowdb.com/catalog/burton
burton--fishcuit,burton,Burton,Fishcuit,2012,introduced,2014,Board Vault lists model years 2013 | last_year = last model year seen in sources consulted; may have run longer.,powder,,Fish,verified,Short wide Fish-derived board.,https://boardvault.net/snowboards/year/2013 | https://boardvault.net/snowboards/fishcuit-2013 | https://www.snowdb.com/catalog/burton | https://www.snowboard-review.com/snowboard_reviews/c/burton/2014/
burton--genie,burton,Burton,Genie,2012,earliest_sourced,2018,Board Vault lists model years 2012-2013 | last_year = last model year seen in sources consulted; may have run longer.,all-mountain,,,verified,Women's beginner twin rocker.,https://boardvault.net/snowboards/year/2012 | https://boardvault.net/snowboards/year/2013 | https://boardvault.net/snowboards/genie-2012 | https://www.snowdb.com/catalog/burton | https://archive.org/details/burton-hardgoods-2014-d.-d.-teoli-jr.-a.-c. | https://www.snowboard-review.com/snowboard_reviews/c/burton/2018/
burton--harvest,burton,Burton,Harvest,2012,earliest_sourced,2013,Board Vault lists model years 2012-2013,unknown,,,likely,Board Vault entries folded into this row: Restricted Harvest.,https://boardvault.net/snowboards/year/2012 | https://boardvault.net/snowboards/year/2013 | https://boardvault.net/snowboards/restricted-harvest-2012
burton--honcho,burton,Burton,Honcho,2012,earliest_sourced,2013,Board Vault lists model years 2012-2013 | last_year = last model year seen in sources consulted; may have run longer.,all-mountain,,,verified,Directional mid-wide camber.,https://boardvault.net/snowboards/year/2012 | https://boardvault.net/snowboards/year/2013 | https://boardvault.net/snowboards/honcho-2012 | https://www.snowdb.com/catalog/burton | https://archive.org/details/burton-hardgoods-2014-d.-d.-teoli-jr.-a.-c.
burton--monkey-wrench,burton,Burton,Monkey Wrench,2012,earliest_sourced,2012,Board Vault lists model years 2012 | last_year = last model year seen in sources consulted; may have run longer.,freestyle,,,verified,Board Vault entries folded into this row: Restricted Monkeywrench. | Restricted series.,https://boardvault.net/snowboards/year/2012 | https://boardvault.net/snowboards/restricted-monkeywrench-2012 | https://www.snowdb.com/catalog/burton
burton--mr-nice-guy,burton,Burton,Mr. Nice Guy,2012,earliest_sourced,2013,Board Vault lists model years 2012-2013 | last_year = last model year seen in sources consulted; may have run longer.,freestyle,,,verified,"Board Vault entries folded into this row: Restricted Mr Nice Guy, Restricted Mr. Nice Guy. | Replaced the Love; Mr. Nice Guy Restricted in 2012.",https://boardvault.net/snowboards/year/2012 | https://boardvault.net/snowboards/year/2013 | https://boardvault.net/snowboards/restricted-mr-nice-guy-2012 | https://en.wikipedia.org/wiki/Burton_Snowboards | https://www.snowdb.com/catalog/burton | https://www.snowboard-review.com/snowboard_reviews/c/burton/2013/
burton--nugget,burton,Burton,Nugget,2012,earliest_sourced,2016,Board Vault lists model years 2012-2013 | last_year = last model year seen in sources consulted; may have run longer.,freestyle,,Nug,verified,Board Vault entries folded into this row: Restricted Nugget. | Women's Nug.,https://boardvault.net/snowboards/year/2012 | https://boardvault.net/snowboards/year/2013 | https://boardvault.net/snowboards/restricted-nugget-2012 | https://www.snowdb.com/catalog/burton | https://www.snowboard-review.com/snowboard_reviews/c/burton/2013/ | https://www.snowboard-review.com/snowboard_reviews/c/burton/2014/ | https://www.snowboard-review.com/snowboard_reviews/c/burton/2016/
burton--stone-hut,burton,Burton,Stone Hut,2012,introduced,2012,,powder,Jake Burton Carpenter,,verified,Jake Burton signature; 100 made at Craig's prototype facility; twin feel with powder nose; Jimi Hendrix 'Valleys of Neptune' art.,https://www.burton.com/blogs/the-burton-blog/what-are-burtons-rarest-snowboards/
burton--super-hero,burton,Burton,Super Hero,2012,earliest_sourced,2014,Board Vault lists model years 2012-2013 | last_year = last model year seen in sources consulted; may have run longer.,freestyle,,Hero,verified,Board Vault entries folded into this row: Super Hero Smalls. | Successor to the Hero; Super Hero Smalls.,https://boardvault.net/snowboards/year/2012 | https://boardvault.net/snowboards/year/2013 | https://boardvault.net/snowboards/super-hero-2012 | https://www.snowboard-review.com/snowboard_reviews/c/burton/2014/
burton--up-stick,burton,Burton,Up-Stick,2012,introduced,2012,last_year = last model year seen in sources consulted; may have run longer.,all-mountain,,,verified,Women's directional Springloaded board (2012 catalog OCR).,https://archive.org/details/burton-hardgoods-2014-d.-d.-teoli-jr.-a.-c.
burton--anti-social,burton,Burton,Anti-Social,2013,earliest_sourced,2019,Board Vault lists model years 2013 | last_year = last model year seen in sources consulted; may have run longer.,freestyle,,Family Tree,verified,Family Tree twin; Anti-Social Split (2017-2018).,https://boardvault.net/snowboards/year/2013 | https://boardvault.net/snowboards/anti-social-2013 | https://www.snowboard-review.com/snowboard_reviews/c/burton/2014/ | https://www.snowboard-review.com/snowboard_reviews/c/burton/2016/ | https://www.snowboard-review.com/snowboard_reviews/c/burton/2019/
burton--antler,burton,Burton,Antler,2013,earliest_sourced,2018,Board Vault lists model years 2013 | last_year = last model year seen in sources consulted; may have run longer.,all-mountain,,,verified,Directional freeride; Antler Flying V (2016).,https://boardvault.net/snowboards/year/2013 | https://boardvault.net/snowboards/antler-2013 | https://www.snowboard-review.com/snowboard_reviews/c/burton/2013/ | https://www.snowboard-review.com/snowboard_reviews/c/burton/2014/ | https://www.snowboard-review.com/snowboard_reviews/c/burton/2016/ | https://www.snowboard-review.com/snowboard_reviews/c/burton/2018/
burton--cheetah,burton,Burton,Cheetah,2013,earliest_sourced,2018,Board Vault lists model years 2013 | last_year = last model year seen in sources consulted; may have run longer.,freeride,,Family Tree,verified,Board Vault entries folded into this row: Family Tree Cheetah.,https://boardvault.net/snowboards/year/2013 | https://boardvault.net/snowboards/family-tree-cheetah-2013 | https://www.snowboard-review.com/snowboard_reviews/c/burton/2018/
burton--con-artist,burton,Burton,Con Artist,2013,earliest_sourced,2023,Board Vault lists model years 2013 | last_year = last model year seen in sources consulted; may have run longer.,powder,,Family Tree,verified,Board Vault entries folded into this row: Family Tree Con Artist. | Mystery Con Artist in 2023.,https://boardvault.net/snowboards/year/2013 | https://boardvault.net/snowboards/family-tree-con-artist-2013 | https://www.snowboard-review.com/snowboard_reviews/c/burton/2018/ | https://snowboardingprofiles.com/2023-burton-snowboards-overview
burton--juice-wagon,burton,Burton,Juice Wagon,2013,earliest_sourced,2014,Board Vault lists model years 2013 | last_year = last model year seen in sources consulted; may have run longer.,freeride,,,verified,Board Vault entries folded into this row: Family Tree Juice Wagon. | Directional freeride with Scott Lenhart graphics (2014).,https://boardvault.net/snowboards/year/2013 | https://boardvault.net/snowboards/family-tree-juice-wagon-2013 | https://www.snowboard-review.com/snowboard_reviews/c/burton/2013/ | https://www.snowboard-review.com/snowboard_reviews/c/burton/2014/ | https://www.burton.com/en-us/blogs/the-burton-blog/burton-archives-team-rider-favorites
burton--parkitect,burton,Burton,Parkitect,2013,earliest_sourced,2017,Board Vault lists model years 2013 | last_year = last model year seen in sources consulted; may have run longer.,freestyle,,,verified,Board Vault entries folded into this row: Restricted Parkitect. | Park board; 'South Parkitect' South Park collab in 2017.,https://boardvault.net/snowboards/year/2013 | https://boardvault.net/snowboards/restricted-parkitect-2013 | https://www.snowboard-review.com/snowboard_reviews/c/burton/2013/ | https://www.snowboard-review.com/snowboard_reviews/c/burton/2016/ | https://www.snowboard-review.com/snowboard_reviews/c/burton/2017/
burton--protest,burton,Burton,ProTest,2013,earliest_sourced,2014,Board Vault lists model years 2013 | last_year = last model year seen in sources consulted; may have run longer.,kids,,,verified,Board Vault entries folded into this row: Protest.,https://boardvault.net/snowboards/year/2013 | https://boardvault.net/snowboards/protest-2013 | https://www.snowboard-review.com/snowboard_reviews/c/burton/2014/
burton--root,burton,Burton,Root,2013,earliest_sourced,2013,Board Vault lists model years 2013,unknown,,,likely,,https://boardvault.net/snowboards/year/2013 | https://boardvault.net/snowboards/root-2013
burton--spliff,burton,Burton,Spliff,2013,earliest_sourced,2014,Board Vault lists model years 2013 | last_year = last model year seen in sources consulted; may have run longer.,unknown,,,verified,Board Vault entries folded into this row: Family Tree Spliff.,https://boardvault.net/snowboards/year/2013 | https://boardvault.net/snowboards/family-tree-spliff-2013 | https://www.snowboard-review.com/snowboard_reviews/c/burton/2014/
burton--sweet-tooth,burton,Burton,Sweet Tooth,2013,earliest_sourced,2014,Board Vault lists model years 2013 | last_year = last model year seen in sources consulted; may have run longer.,freestyle,,,verified,Women's.,https://boardvault.net/snowboards/year/2013 | https://boardvault.net/snowboards/sweet-tooth-2013 | https://www.snowboard-review.com/snowboard_reviews/c/burton/2014/
burton--cloudsplitter,burton,Burton,Cloudsplitter,2014,introduced,2014,last_year = last model year seen in sources consulted; may have run longer.,freeride,,,likely,,https://www.snowboard-review.com/snowboard_reviews/c/burton/2014/
burton--day-trader,burton,Burton,Day Trader,2014,introduced,2021,last_year = last model year seen in sources consulted; may have run longer.,powder,,Family Tree,verified,Family Tree tapered powder board; revived as Mystery Day Trader (2025).,https://www.snowboard-review.com/snowboard_reviews/c/burton/2014/ | https://www.snowboard-review.com/snowboard_reviews/c/burton/2016/ | https://www.snowboard-review.com/snowboard_reviews/c/burton/2021/
burton--descendant,burton,Burton,Descendant,2014,introduced,2021,last_year = last model year seen in sources consulted; may have run longer.,freestyle,,,verified,Park twin.,https://www.snowboard-review.com/snowboard_reviews/c/burton/2014/ | https://www.snowboard-review.com/snowboard_reviews/c/burton/2017/ | https://www.snowboard-review.com/snowboard_reviews/c/burton/2021/
burton--landlord,burton,Burton,Landlord,2014,introduced,2017,last_year = last model year seen in sources consulted; may have run longer.,freeride,,Family Tree,verified,Family Tree directional; Landlord Split (2017); Mystery Landlord (2020).,https://www.snowboard-review.com/snowboard_reviews/c/burton/2014/ | https://www.saltypeaks.com/2015-burton-snowboards-buyers-guide/ | https://www.snowboard-review.com/snowboard_reviews/c/burton/2016/ | https://www.snowboard-review.com/snowboard_reviews/c/burton/2017/
burton--lyric,burton,Burton,Lyric,2014,introduced,2014,last_year = last model year seen in sources consulted; may have run longer.,all-mountain,,,likely,Women's.,https://www.snowboard-review.com/snowboard_reviews/c/burton/2014/
burton--mystery-flying-v,burton,Burton,Mystery Flying V,2014,introduced,2014,last_year = last model year seen in sources consulted; may have run longer.,all-mountain,,,likely,,https://www.snowboard-review.com/snowboard_reviews/c/burton/2014/
burton--riglet,burton,Burton,Riglet,2014,introduced,2024,last_year = last model year seen in sources consulted; may have run longer.,kids,,,verified,Tiny beginner board with Riglet reel.,https://www.snowboard-review.com/snowboard_reviews/c/burton/2014/ | https://www.snowboard-review.com/snowboard_reviews/c/burton/2021/ | https://steepdb.com/b/burton/
burton--ripcord,burton,Burton,Ripcord,2014,introduced,2025,last_year = last model year seen in sources consulted; may have run longer.,all-mountain,,,verified,Beginner directional flat top.,https://www.snowboard-review.com/snowboard_reviews/c/burton/2014/ | https://www.snowboard-review.com/snowboard_reviews/c/burton/2021/ | https://snowboardingprofiles.com/2023-burton-snowboards-overview | https://blauerboardshop.com/blogs/snowboarding/2025-burton-snowboards-overview
burton--trick-pony,burton,Burton,Trick Pony,2014,introduced,2018,last_year = last model year seen in sources consulted; may have run longer.,freestyle,,,verified,,https://www.snowboard-review.com/snowboard_reviews/c/burton/2014/ | https://www.snowboard-review.com/snowboard_reviews/c/burton/2016/ | https://www.snowboard-review.com/snowboard_reviews/c/burton/2018/
burton--x9fv,burton,Burton,X9FV,2014,introduced,2014,last_year = last model year seen in sources consulted; may have run longer.,unknown,,,likely,Name as listed by snowboard-review.com.,https://www.snowboard-review.com/snowboard_reviews/c/burton/2014/
burton--flight-attendant,burton,Burton,Flight Attendant,2015,introduced,,Seen through 2024 line; may continue.,freeride,Nicolas Muller,Family Tree,verified,Nicolas Muller-designed directional (10mm taper) with camber and early-rise nose; launched in Family Tree 2015. Flight Attendant Split (2017-2023); Matt McCormick collab 2018.,https://www.evo.com/outlet/snowboards/burton-family-tree-flight-attendant-snowboard-2015 | https://www.saltypeaks.com/2015-burton-snowboards-buyers-guide/ | https://thegoodride.com/snowboard-reviews/burton-flight-attendant-2015-2020-snowboard-review/ | https://www.snowboard-review.com/snowboard_reviews/c/burton/2021/ | https://snowboardingprofiles.com/2023-burton-snowboards-overview | https://steepdb.com/b/burton/
burton--ck-nug,burton,Burton,CK Nug,2016,introduced,2017,,freestyle,Craig Kelly,Nug,verified,Compact reissue of the 1994 CK Air graphic on the Nug platform.,https://www.agnarchy.com/burton-reissues-4-iconic-snowboards-for-2016/ | https://www.snowboard-review.com/snowboard_reviews/c/burton/2016/ | https://www.snowboard-review.com/snowboard_reviews/c/burton/2017/
burton--custom-20th-anniversary,burton,Burton,Custom 20th Anniversary,2016,introduced,2016,,all-mountain,,Custom,verified,Custom reissue with 1997/1999/2000 base graphics.,https://www.agnarchy.com/burton-reissues-4-iconic-snowboards-for-2016/ | https://www.snowboard-review.com/snowboard_reviews/c/burton/2016/
burton--high-spirits,burton,Burton,High Spirits,2016,introduced,2017,last_year = last model year seen in sources consulted; may have run longer.,freeride,,Family Tree,verified,,https://www.snowboard-review.com/snowboard_reviews/c/burton/2016/ | https://www.snowboard-review.com/snowboard_reviews/c/burton/2017/
burton--modified-fish,burton,Burton,Modified Fish,2016,introduced,2017,last_year = last model year seen in sources consulted; may have run longer.,powder,,Family Tree,verified,Family Tree take on the Fish.,https://www.snowboard-review.com/snowboard_reviews/c/burton/2016/ | https://www.snowboard-review.com/snowboard_reviews/c/burton/2017/
burton--philosopher,burton,Burton,Philosopher,2016,introduced,2016,,freestyle,,,verified,Jeff Koons collaboration; 50 made; largest foil stamps used on a snowboard.,https://www.burton.com/blogs/the-burton-blog/what-are-burtons-rarest-snowboards/
burton--skipjack,burton,Burton,Skipjack,2016,introduced,2018,last_year = last model year seen in sources consulted; may have run longer.,powder,,Family Tree,verified,Family Tree short powder board; Skipjack Surf variant.,https://www.snowboard-review.com/snowboard_reviews/c/burton/2016/ | https://www.snowboard-review.com/snowboard_reviews/c/burton/2017/ | https://www.snowboard-review.com/snowboard_reviews/c/burton/2018/
burton--socialite,burton,Burton,Socialite,2016,introduced,2018,last_year = last model year seen in sources consulted; may have run longer.,freestyle,,,verified,"Women's twin, successor to the Social.",https://www.snowboard-review.com/snowboard_reviews/c/burton/2016/ | https://www.snowboard-review.com/snowboard_reviews/c/burton/2017/ | https://www.snowboard-review.com/snowboard_reviews/c/burton/2018/
burton--throwback,burton,Burton,Throwback,2016,introduced,2024,last_year = last model year seen in sources consulted; may have run longer.,other,,,verified,"Retro Backhill-style binding-less snurfer-type board; DIY Throwback (2020), Neighborhood Throwback (2016).",https://www.snowboard-review.com/snowboard_reviews/c/burton/2016/ | https://www.snowboard-review.com/snowboard_reviews/c/burton/2021/ | https://steepdb.com/b/burton/
burton--tough-cat,burton,Burton,Tough Cat,2016,introduced,2016,last_year = last model year seen in sources consulted; may have run longer.,powder,,Family Tree,likely,,https://www.snowboard-review.com/snowboard_reviews/c/burton/2016/
burton--branch-manager,burton,Burton,Branch Manager,2017,introduced,2017,last_year = last model year seen in sources consulted; may have run longer.,freeride,,Family Tree,likely,,https://www.snowboard-review.com/snowboard_reviews/c/burton/2017/
burton--dump-truck,burton,Burton,Dump Truck,2017,introduced,2018,last_year = last model year seen in sources consulted; may have run longer.,freeride,,Family Tree,verified,Dump Truck Split (2018).,https://www.snowboard-review.com/snowboard_reviews/c/burton/2017/ | https://www.snowboard-review.com/snowboard_reviews/c/burton/2018/
burton--gate-keeper,burton,Burton,Gate Keeper,2017,introduced,2017,last_year = last model year seen in sources consulted; may have run longer.,freeride,,Family Tree,likely,,https://www.snowboard-review.com/snowboard_reviews/c/burton/2017/
burton--name-dropper,burton,Burton,Name Dropper,2017,introduced,2023,last_year = last model year seen in sources consulted; may have run longer.,freestyle,,,verified,Park twin; Name Dropper LTD (2018).,https://www.snowboard-review.com/snowboard_reviews/c/burton/2017/ | https://www.snowboard-review.com/snowboard_reviews/c/burton/2021/ | https://snowboardingprofiles.com/2023-burton-snowboards-overview
burton--skeleton-key,burton,Burton,Skeleton Key,2017,introduced,2023,last_year = last model year seen in sources consulted; may have run longer.,freeride,,Family Tree,verified,"Directional with 3D nose; Skeleton Key Twin (2018), Mystery Skeleton Key (2021).",https://www.snowboard-review.com/snowboard_reviews/c/burton/2017/ | https://www.snowboard-review.com/snowboard_reviews/c/burton/2021/ | https://snowboardingprofiles.com/2023-burton-snowboards-overview
burton--talent-scout,burton,Burton,Talent Scout,2017,introduced,,Listed on burton.com as of Sept 2026 (current line).,freestyle,,,verified,Women's aggressive all-mountain-freestyle twin.,https://www.snowboard-review.com/snowboard_reviews/c/burton/2017/ | https://www.snowboard-review.com/snowboard_reviews/c/burton/2021/ | https://snowboardingprofiles.com/2023-burton-snowboards-overview | https://blauerboardshop.com/blogs/snowboarding/2025-burton-snowboards-overview | https://www.burton.com/en-us/collections/snowboards
burton--amplifier,burton,Burton,Amplifier,2018,introduced,2019,last_year = last model year seen in sources consulted; may have run longer.,freestyle,,,verified,,https://www.snowboard-review.com/snowboard_reviews/c/burton/2018/ | https://www.snowboard-review.com/snowboard_reviews/c/burton/2019/
burton--deep-thinker,burton,Burton,Deep Thinker,2018,introduced,2025,last_year = last model year seen in sources consulted; may have run longer.,freeride,Danny Davis,,verified,Danny Davis directional camber; Mad Magazine collab 2018.,https://www.snowboard-review.com/snowboard_reviews/c/burton/2018/ | https://www.snowboard-review.com/snowboard_reviews/c/burton/2021/ | https://snowboardingprofiles.com/2023-burton-snowboards-overview | https://blauerboardshop.com/blogs/snowboarding/2025-burton-snowboards-overview
burton--free-thinker,burton,Burton,Free Thinker,2018,introduced,2025,last_year = last model year seen in sources consulted; may have run longer.,freestyle,Danny Davis,,verified,Danny Davis twin; Mad Magazine Spy vs. Spy collab 2018.,https://www.snowboard-review.com/snowboard_reviews/c/burton/2018/ | https://www.snowboard-review.com/snowboard_reviews/c/burton/2021/ | https://snowboardingprofiles.com/2023-burton-snowboards-overview | https://blauerboardshop.com/blogs/snowboarding/2025-burton-snowboards-overview
burton--instigator,burton,Burton,Instigator,2018,introduced,2025,last_year = last model year seen in sources consulted; may have run longer.,all-mountain,,,verified,Beginner board; Instigator PurePop and Flat Top versions.,https://www.snowboard-review.com/snowboard_reviews/c/burton/2018/ | https://www.snowboard-review.com/snowboard_reviews/c/burton/2021/ | https://snowboardingprofiles.com/2023-burton-snowboards-overview | https://blauerboardshop.com/blogs/snowboarding/2025-burton-snowboards-overview
burton--kilroy,burton,Burton,Kilroy,2018,introduced,2021,last_year = last model year seen in sources consulted; may have run longer.,freestyle,,,verified,"Budget line: Kilroy Process, Kilroy Custom (2018-2019), Kilroy Twin/Directional/3D/Pow (2020-2021).",https://www.snowboard-review.com/snowboard_reviews/c/burton/2018/ | https://www.snowboard-review.com/snowboard_reviews/c/burton/2021/
burton--panhandler,burton,Burton,Panhandler,2018,introduced,2018,last_year = last model year seen in sources consulted; may have run longer.,freeride,,Family Tree,likely,,https://www.snowboard-review.com/snowboard_reviews/c/burton/2018/
burton--rewind,burton,Burton,Rewind,2018,introduced,,Listed on burton.com as of Sept 2026 (current line).,freestyle,,,verified,Women's (later unisex) park twin.,https://www.snowboard-review.com/snowboard_reviews/c/burton/2018/ | https://www.snowboard-review.com/snowboard_reviews/c/burton/2021/ | https://snowboardingprofiles.com/2023-burton-snowboards-overview | https://blauerboardshop.com/blogs/snowboarding/2025-burton-snowboards-overview | https://www.burton.com/en-us/collections/snowboards
burton--story-board,burton,Burton,Story Board,2018,introduced,2024,last_year = last model year seen in sources consulted; may have run longer.,freeride,,,verified,Women's directional freeride (Family Tree in 2018-2019).,https://www.snowboard-review.com/snowboard_reviews/c/burton/2018/ | https://www.snowboard-review.com/snowboard_reviews/c/burton/2021/ | https://snowboardingprofiles.com/2023-burton-snowboards-overview | https://steepdb.com/b/burton/
burton--working-stiff,burton,Burton,Working Stiff,2018,introduced,2018,last_year = last model year seen in sources consulted; may have run longer.,freeride,,Family Tree,likely,,https://www.snowboard-review.com/snowboard_reviews/c/burton/2018/
burton--bottom-feeder,burton,Burton,Bottom Feeder,2019,introduced,2019,last_year = last model year seen in sources consulted; may have run longer.,powder,,Family Tree,likely,,https://www.snowboard-review.com/snowboard_reviews/c/burton/2019/
burton--hideaway,burton,Burton,Hideaway,2019,introduced,2025,last_year = last model year seen in sources consulted; may have run longer.,all-mountain,,,verified,Women's directional beginner/all-mountain.,https://www.snowboard-review.com/snowboard_reviews/c/burton/2019/ | https://www.snowboard-review.com/snowboard_reviews/c/burton/2021/ | https://snowboardingprofiles.com/2023-burton-snowboards-overview | https://blauerboardshop.com/blogs/snowboarding/2025-burton-snowboards-overview
burton--mystery-fish,burton,Burton,Mystery Fish,2019,introduced,2019,last_year = last model year seen in sources consulted; may have run longer.,powder,,Fish,likely,,https://www.snowboard-review.com/snowboard_reviews/c/burton/2019/
burton--paramount,burton,Burton,Paramount,2019,introduced,2021,last_year = last model year seen in sources consulted; may have run longer.,freestyle,,,verified,,https://www.snowboard-review.com/snowboard_reviews/c/burton/2019/ | https://www.snowboard-review.com/snowboard_reviews/c/burton/2021/
burton--process-smalls,burton,Burton,Process Smalls,2019,introduced,2023,last_year = last model year seen in sources consulted; may have run longer.,kids,,Process,verified,,https://www.snowboard-review.com/snowboard_reviews/c/burton/2019/ | https://www.snowboard-review.com/snowboard_reviews/c/burton/2021/ | https://snowboardingprofiles.com/2023-burton-snowboards-overview
burton--role-model,burton,Burton,Role Model,2019,introduced,2020,last_year = last model year seen in sources consulted; may have run longer.,freestyle,,Family Tree,verified,,https://www.snowboard-review.com/snowboard_reviews/c/burton/2019/ | https://www.snowboard-review.com/snowboard_reviews/c/burton/2020/
burton--speed-date,burton,Burton,Speed Date,2019,introduced,2019,last_year = last model year seen in sources consulted; may have run longer.,powder,,Family Tree,likely,,https://www.snowboard-review.com/snowboard_reviews/c/burton/2019/
burton--stick-shift,burton,Burton,Stick Shift,2019,introduced,2020,last_year = last model year seen in sources consulted; may have run longer.,powder,,Family Tree,verified,,https://www.snowboard-review.com/snowboard_reviews/c/burton/2019/ | https://www.snowboard-review.com/snowboard_reviews/c/burton/2020/
burton--stun-gun,burton,Burton,Stun Gun,2019,introduced,2019,last_year = last model year seen in sources consulted; may have run longer.,freeride,,Family Tree,likely,,https://www.snowboard-review.com/snowboard_reviews/c/burton/2019/
burton--stylus,burton,Burton,Stylus,2019,introduced,2025,last_year = last model year seen in sources consulted; may have run longer.,all-mountain,,,verified,Women's beginner board.,https://www.snowboard-review.com/snowboard_reviews/c/burton/2019/ | https://www.snowboard-review.com/snowboard_reviews/c/burton/2021/ | https://snowboardingprofiles.com/2023-burton-snowboards-overview | https://blauerboardshop.com/blogs/snowboarding/2025-burton-snowboards-overview
burton--trick-pilot,burton,Burton,Trick Pilot,2019,introduced,2019,last_year = last model year seen in sources consulted; may have run longer.,freestyle,,Family Tree,likely,,https://www.snowboard-review.com/snowboard_reviews/c/burton/2019/
burton--yeasayer,burton,Burton,Yeasayer,2019,introduced,,Listed on burton.com as of Sept 2026 (current line).,all-mountain,,,verified,"Women's all-mountain-freestyle; Yeasayer Flying V, Yeasayer Smalls.",https://www.snowboard-review.com/snowboard_reviews/c/burton/2019/ | https://www.snowboard-review.com/snowboard_reviews/c/burton/2021/ | https://snowboardingprofiles.com/2023-burton-snowboards-overview | https://blauerboardshop.com/blogs/snowboarding/2025-burton-snowboards-overview | https://www.burton.com/en-us/collections/snowboards
burton--backseat-driver,burton,Burton,Backseat Driver,2020,introduced,2024,last_year = last model year seen in sources consulted; may have run longer.,powder,,Family Tree,verified,,https://www.snowboard-review.com/snowboard_reviews/c/burton/2020/ | https://www.snowboard-review.com/snowboard_reviews/c/burton/2021/ | https://steepdb.com/b/burton/
burton--hometown-hero,burton,Burton,Hometown Hero,2020,introduced,,Listed on burton.com as of Sept 2026 (current line).,freeride,,Family Tree,verified,"Directional camber freeride; Hometown Hero Split, X Split, Smalls; Mystery Hometown Hero (2024).",https://www.snowboard-review.com/snowboard_reviews/c/burton/2020/ | https://www.snowboard-review.com/snowboard_reviews/c/burton/2021/ | https://snowboardingprofiles.com/2023-burton-snowboards-overview | https://blauerboardshop.com/blogs/snowboarding/2025-burton-snowboards-overview | https://www.burton.com/en-us/collections/snowboards
burton--leader-board,burton,Burton,Leader Board,2020,introduced,2020,last_year = last model year seen in sources consulted; may have run longer.,freeride,,Family Tree,likely,,https://www.snowboard-review.com/snowboard_reviews/c/burton/2020/
burton--moon-buggy,burton,Burton,Moon Buggy,2020,introduced,2020,last_year = last model year seen in sources consulted; may have run longer.,powder,,Family Tree,likely,,https://www.snowboard-review.com/snowboard_reviews/c/burton/2020/
burton--one-hitter,burton,Burton,One Hitter,2020,introduced,2020,last_year = last model year seen in sources consulted; may have run longer.,powder,,Family Tree,likely,,https://www.snowboard-review.com/snowboard_reviews/c/burton/2020/
burton--big-gulp,burton,Burton,Big Gulp,2021,introduced,2021,last_year = last model year seen in sources consulted; may have run longer.,powder,,Family Tree,likely,,https://www.snowboard-review.com/snowboard_reviews/c/burton/2021/
burton--pow-wrench,burton,Burton,Pow Wrench,2021,introduced,2024,last_year = last model year seen in sources consulted; may have run longer.,powder,,Family Tree,verified,Pow Wrench Split.,https://www.snowboard-review.com/snowboard_reviews/c/burton/2021/ | https://snowboardingprofiles.com/2023-burton-snowboards-overview | https://steepdb.com/b/burton/
burton--sensei,burton,Burton,Sensei,2021,introduced,2021,last_year = last model year seen in sources consulted; may have run longer.,freeride,,Family Tree,likely,,https://www.snowboard-review.com/snowboard_reviews/c/burton/2021/
burton--straight-chuter,burton,Burton,Straight Chuter,2021,introduced,2024,last_year = last model year seen in sources consulted; may have run longer.,freeride,,Family Tree,verified,Straight Chuter Split.,https://www.snowboard-review.com/snowboard_reviews/c/burton/2021/ | https://snowboardingprofiles.com/2023-burton-snowboards-overview | https://steepdb.com/b/burton/
burton--show-stopper,burton,Burton,Show Stopper,2022,introduced,2022,,freestyle,,Family Tree,likely,Family Tree twin-flex tapered board that was the base for the Virgil Abloh White Paper.,https://www.burton.com/blogs/the-burton-blog/what-are-burtons-rarest-snowboards/
burton--white-paper,burton,Burton,White Paper,2022,introduced,2022,,freestyle,,Family Tree,verified,Virgil Abloh design on the Family Tree Show Stopper platform; 10 numbered boards auctioned.,https://www.burton.com/blogs/the-burton-blog/what-are-burtons-rarest-snowboards/
burton--3d-daily-driver,burton,Burton,3D Daily Driver,2023,introduced,2023,last_year = last model year seen in sources consulted; may have run longer.,freeride,,Family Tree,likely,,https://snowboardingprofiles.com/2023-burton-snowboards-overview
burton--3d-deep-daze,burton,Burton,3D Deep Daze,2023,introduced,2024,last_year = last model year seen in sources consulted; may have run longer.,powder,,Family Tree,verified,,https://snowboardingprofiles.com/2023-burton-snowboards-overview | https://steepdb.com/b/burton/
burton--3d-double-dog,burton,Burton,3D Double Dog,2023,introduced,2024,last_year = last model year seen in sources consulted; may have run longer.,freeride,,Family Tree,verified,,https://snowboardingprofiles.com/2023-burton-snowboards-overview | https://steepdb.com/b/burton/
burton--blossom,burton,Burton,Blossom,2023,introduced,,Listed on burton.com as of Sept 2026 (current line).,freestyle,,,verified,Unisex aggressive all-mountain-freestyle.,https://snowboardingprofiles.com/2023-burton-snowboards-overview | https://blauerboardshop.com/blogs/snowboarding/2025-burton-snowboards-overview | https://www.burton.com/en-us/collections/snowboards
burton--cartographer,burton,Burton,Cartographer,2023,introduced,2025,last_year = last model year seen in sources consulted; may have run longer.,freeride,,,verified,,https://snowboardingprofiles.com/2023-burton-snowboards-overview | https://blauerboardshop.com/blogs/snowboarding/2025-burton-snowboards-overview
burton--first-cut,burton,Burton,First Cut,2023,introduced,2023,last_year = last model year seen in sources consulted; may have run longer.,freeride,,Family Tree,likely,,https://snowboardingprofiles.com/2023-burton-snowboards-overview
burton--forager,burton,Burton,Forager,2023,introduced,2023,last_year = last model year seen in sources consulted; may have run longer.,powder,,Family Tree,likely,,https://snowboardingprofiles.com/2023-burton-snowboards-overview
burton--good-company,burton,Burton,Good Company,2023,introduced,,Listed on burton.com as of Sept 2026 (current line).,freestyle,,,verified,Unisex park/all-mountain twin.,https://snowboardingprofiles.com/2023-burton-snowboards-overview | https://blauerboardshop.com/blogs/snowboarding/2025-burton-snowboards-overview | https://www.burton.com/en-us/collections/snowboards
burton--grom,burton,Burton,Grom,2023,introduced,,Listed on burton.com as of Sept 2026 (current line).,kids,,,verified,Kids camber/flat top board; Mini Grom for the smallest riders.,https://snowboardingprofiles.com/2023-burton-snowboards-overview | https://steepdb.com/b/burton/ | https://www.burton.com/en-us/collections/snowboards
burton--mini-grom,burton,Burton,Mini Grom,2023,introduced,,Listed on burton.com as of Sept 2026 (current line).,kids,,,verified,,https://snowboardingprofiles.com/2023-burton-snowboards-overview | https://steepdb.com/b/burton/ | https://www.burton.com/en-us/collections/snowboards
burton--territory-manager,burton,Burton,Territory Manager,2023,introduced,2023,last_year = last model year seen in sources consulted; may have run longer.,freeride,,Family Tree,likely,,https://snowboardingprofiles.com/2023-burton-snowboards-overview
burton--tornado-warning,burton,Burton,Tornado Warning,2023,introduced,2023,last_year = last model year seen in sources consulted; may have run longer.,freestyle,,,likely,,https://snowboardingprofiles.com/2023-burton-snowboards-overview
burton--gril-master,burton,Burton,Gril Master,2024,introduced,2025,last_year = last model year seen in sources consulted; may have run longer.,freeride,,Family Tree,verified,Gril Master Smalls kids version.,https://steepdb.com/b/burton/ | https://blauerboardshop.com/blogs/snowboarding/2025-burton-snowboards-overview
burton--mine77-ringleader,burton,Burton,MINE77 Ringleader,2024,introduced,2024,last_year = last model year seen in sources consulted; may have run longer.,freestyle,,,likely,MINE77 (Jake Burton's label) board.,https://steepdb.com/b/burton/
burton--power-wagon,burton,Burton,Power Wagon,2024,introduced,2024,last_year = last model year seen in sources consulted; may have run longer.,freeride,,Family Tree,likely,,https://steepdb.com/b/burton/
burton--short-stop,burton,Burton,Short Stop,2024,introduced,2024,last_year = last model year seen in sources consulted; may have run longer.,powder,,Family Tree,likely,Flat Top.,https://steepdb.com/b/burton/
burton--slush-puppy,burton,Burton,Slush Puppy,2024,introduced,2024,last_year = last model year seen in sources consulted; may have run longer.,freestyle,,,likely,,https://steepdb.com/b/burton/
burton--alekesam,burton,Burton,Alekesam,2025,introduced,2025,last_year = last model year seen in sources consulted; may have run longer.,powder,,Family Tree,likely,,https://blauerboardshop.com/blogs/snowboarding/2025-burton-snowboards-overview
burton--high-fidelity,burton,Burton,High Fidelity,2025,introduced,2025,last_year = last model year seen in sources consulted; may have run longer.,freeride,,Family Tree,likely,High Fidelity Splitboard.,https://blauerboardshop.com/blogs/snowboarding/2025-burton-snowboards-overview
burton--sketch-artist,burton,Burton,Sketch Artist,2025,introduced,,Listed on burton.com as of Sept 2026 (current line).,unknown,,,verified,Camber; reviewed 2025-2027 by The Good Ride.,https://thegoodride.com/snowboard-reviews/?brand=burton | https://www.burton.com/en-us/collections/snowboards
burton--time-thief,burton,Burton,Time Thief,2027,introduced,,Listed on burton.com as of Sept 2026 (current line).,unknown,,,verified,Camber; The Good Ride lists 2027 as reviewed year.,https://thegoodride.com/snowboard-reviews/?brand=burton | https://www.burton.com/en-us/collections/snowboards
burton--counterbalance,burton,Burton,Counterbalance,,unknown,,No printed model year confirmed; listed on burton.com Sept 2026.,unknown,,,likely,Camber board on burton.com Sept 2026.,https://www.burton.com/en-us/collections/snowboards
burton--cultivator,burton,Burton,Cultivator,,unknown,,No printed model year confirmed; listed on burton.com Sept 2026.,powder,,,likely,Flat Top board on burton.com Sept 2026.,https://www.burton.com/en-us/collections/snowboards
burton--smooth-operator,burton,Burton,Smooth Operator,,unknown,,No printed model year confirmed; listed on burton.com Sept 2026.,unknown,,,likely,Camber board on burton.com Sept 2026.,https://www.burton.com/en-us/collections/snowboards
capita--black-snowboard-of-death,capita,CAPiTA,Black Snowboard of Death,2004,earliest_sourced,2004,Seen on brand site (Wayback) 200312-200402; may predate first snapshot | Listed on brand site (Wayback) for MY2004; may predate,freeride,,Black Snowboard of Death,verified,"Aka BSOD. | Site slug 'bsod53/bsod62'. Spec-page codes bsod53/bsod62 read as Black Snowboard of Death sizes. | BSOD; 153/158.5/162, directional all-terrain freestyle, Armour Cap construction (MY2004 catalog detail page).",https://thegoodride.com/snowboard-reviews/capita-black-snowboard-of-death-review/ | https://www.evo.com/shop/snowboard/snowboards/capita | https://web.archive.org/web/200312/http://www.capitasnowboarding.com/ | https://web.archive.org/web/200402/http://www.capitasnowboarding.com/ | https://web.archive.org/web/20040214020619/http://www.capitasnowboarding.com/catalog/details/bsod_details.htm
capita--horrorscope,capita,CAPiTA,Horrorscope,2004,earliest_sourced,2019,Earliest/last sourced; likely longer run | Seen on brand site (Wayback) 200312-200812; may predate first snapshot,freestyle,,,verified,Site slug 'h59/h49/h64'. Spec-page codes h49/h59/h64 (200312-200402) read as Horrorscope sizes; slug horrorscope-fk 200810-200812. Not seen 2005-2008 on this survey.,https://thegoodride.com/snowboard-reviews/capita-horrorscope-snowboard-review/ | https://web.archive.org/web/200312/http://www.capitasnowboarding.com/ | https://web.archive.org/web/200812/http://www.capitasnowboarding.com/
capita--human-series,capita,CAPiTA,Human Series,2004,earliest_sourced,,Listed on brand site (Wayback) for MY2004; may predate,all-mountain,,,verified,"149/155/159/164, all-mountain directional (MY2004 catalog detail page).",https://web.archive.org/web/20031229014913/http://www.capitasnowboarding.com/catalog/details/h_details.htm
capita--black-death-speed-tribe,capita,CAPiTA,Black Death Speed Tribe,2008,earliest_sourced,2009,Seen on brand site (Wayback) 200712-200809; may predate first snapshot,unknown,,Black Death,likely,Site slug 'black_death_speed_tribe'. Also slug bdst 200801-200809. Relationship to the Black Snowboard of Death not confirmed.,https://web.archive.org/web/200712/http://www.capitasnowboarding.com/ | https://web.archive.org/web/200809/http://www.capitasnowboarding.com/
capita--indoor-survival,capita,CAPiTA,Indoor Survival,2008,earliest_sourced,2009,Seen on brand site (Wayback) 200712-200812; may predate first snapshot,freestyle,,,verified,Park/all-mountain twin; in 2027 evo lineup. | Site slug 'indoor-survival'.,https://thegoodride.com/snowboard-reviews/capita-indoor-survival-2010-2018-snowboard-review | https://www.evo.com/shop/snowboard/snowboards/capita | https://web.archive.org/web/200712/http://www.capitasnowboarding.com/ | https://web.archive.org/web/200812/http://www.capitasnowboarding.com/
capita--le-tigre,capita,CAPiTA,Le Tigre,2008,earliest_sourced,2009,Seen on brand site (Wayback) 200712-200809; may predate first snapshot,unknown,,,likely,Site slug 'le_tigre'.,https://web.archive.org/web/200712/http://www.capitasnowboarding.com/ | https://web.archive.org/web/200809/http://www.capitasnowboarding.com/
capita--mid-life-artist,capita,CAPiTA,Mid Life Artist,2008,earliest_sourced,2009,Seen on brand site (Wayback) 200712-200812; may predate first snapshot,unknown,,,likely,Site slug 'mid_life_artist'. Slugs mid_life_artist / midlife (200712-200809) and mid-life-lost (200810-200812) folded.,https://web.archive.org/web/200712/http://www.capitasnowboarding.com/ | https://web.archive.org/web/200812/http://www.capitasnowboarding.com/
capita--outdoor-living,capita,CAPiTA,Outdoor Living,2008,earliest_sourced,2009,Seen on brand site (Wayback) 200712-200809; may predate first snapshot,unknown,,,likely,Site slug 'outdoor_living'. Abbreviated 'OL' on the site.,https://web.archive.org/web/200712/http://www.capitasnowboarding.com/ | https://web.archive.org/web/200809/http://www.capitasnowboarding.com/
capita--photo-fetish,capita,CAPiTA,Photo Fetish,2008,earliest_sourced,2009,Seen on brand site (Wayback) 200712-200809; may predate first snapshot,unknown,,,likely,Site slug 'photo_fetish'. Abbreviated 'pf' on the site.,https://web.archive.org/web/200712/http://www.capitasnowboarding.com/ | https://web.archive.org/web/200809/http://www.capitasnowboarding.com/
capita--saturnia,capita,CAPiTA,Saturnia,2008,earliest_sourced,2009,Seen on brand site (Wayback) 200712-200812; may predate first snapshot,unknown,,,likely,Site slug 'saturnia'.,https://web.archive.org/web/200712/http://www.capitasnowboarding.com/ | https://web.archive.org/web/200812/http://www.capitasnowboarding.com/
capita--stairmaster,capita,CAPiTA,Stairmaster,2008,earliest_sourced,2009,Seen on brand site (Wayback) 200710-200812; may predate first snapshot,unknown,,,likely,Site slug 'stairmaster'. stairmaster-extreme variant folded.,https://web.archive.org/web/200710/http://www.capitasnowboarding.com/ | https://web.archive.org/web/200812/http://www.capitasnowboarding.com/
capita--black-death-inc,capita,CAPiTA,Black Death Inc,2009,earliest_sourced,2009,Seen on brand site (Wayback) 200810-200812; may predate first snapshot,unknown,,Black Death,likely,Site slug 'black-death-inc'.,https://web.archive.org/web/200810/http://www.capitasnowboarding.com/ | https://web.archive.org/web/200812/http://www.capitasnowboarding.com/
capita--qween,capita,CAPiTA,Qween,2009,earliest_sourced,2009,Seen on brand site (Wayback) 200810-200812; may predate first snapshot,unknown,,,likely,Site slug 'capita-qween'. Women's board.,https://web.archive.org/web/200810/http://www.capitasnowboarding.com/ | https://web.archive.org/web/200812/http://www.capitasnowboarding.com/
capita--scaremaster,capita,CAPiTA,Scaremaster,2009,earliest_sourced,2009,Seen on brand site (Wayback) 200810-200812; may predate first snapshot,unknown,,,likely,Site slug 'scaremaster'.,https://web.archive.org/web/200810/http://www.capitasnowboarding.com/ | https://web.archive.org/web/200812/http://www.capitasnowboarding.com/
capita--charlie-slasher,capita,CAPiTA,Charlie Slasher,2010,introduced,2017,,powder,,,likely,Directional powder/freeride.,https://thegoodride.com/snowboard-reviews/capita-charlie-slasher-2010-2017-snowboard-review/
capita--ultrafear,capita,CAPiTA,Ultrafear,2011,introduced,,,freestyle,,,verified,Reverse camber jib board.,https://thegoodride.com/snowboard-reviews/capita-ultrafear-2021-snowboard-review/ | https://thegoodride.com/snowboard-reviews/capita-ultrafear-snowboard-review/
capita--birds-of-a-feather,capita,CAPiTA,Birds of a Feather,2013,introduced,,,all-mountain,,,verified,Women's.,https://thegoodride.com/snowboard-reviews/capita-birds-of-a-feather-snowboard-review-by-steph-w/ | https://www.evo.com/shop/snowboard/snowboards/capita
capita--defenders-of-awesome,capita,CAPiTA,Defenders of Awesome,2013,introduced,,,freestyle,,DOA,verified,Aka DOA; hybrid camber twin.,https://thegoodride.com/snowboard-reviews/capita-defenders-of-awesome-snowboard-review/ | https://www.evo.com/shop/snowboard/snowboards/capita
capita--outsiders,capita,CAPiTA,Outsiders,2014,introduced,2026,,freestyle,,,likely,,https://thegoodride.com/snowboard-reviews/capita-outsiders-snowboard-review/
capita--mercury,capita,CAPiTA,Mercury,2016,introduced,,,all-mountain,,,verified,,https://thegoodride.com/snowboard-reviews/capita-mercury-snowboard-review/ | https://www.evo.com/shop/snowboard/snowboards/capita
capita--kazu-kokubo-pro,capita,CAPiTA,Kazu Kokubo Pro,2017,introduced,2026,,freeride,Kazu Kokubo,,verified,,https://thegoodride.com/snowboard-reviews/capita-kazu-kokubo-pro-snowboard-review/ | https://www.evo.com/shop/snowboard/snowboards/capita
capita--outerspace-living,capita,CAPiTA,Outerspace Living,2017,introduced,,,all-mountain,,,verified,,https://thegoodride.com/snowboard-reviews/capita-outerspace-living-snowboard-review-with-davey/ | https://www.evo.com/shop/snowboard/snowboards/capita
capita--paradise,capita,CAPiTA,Paradise,2017,introduced,,,all-mountain,,,verified,Women's.,https://thegoodride.com/snowboard-reviews/capita-paradise-snowboard-review-by-steph-w/ | https://www.evo.com/shop/snowboard/snowboards/capita
capita--navigator,capita,CAPiTA,Navigator,2019,introduced,,,freeride,,,verified,,https://thegoodride.com/snowboard-reviews/capita-navigator-snowboard-review-with-davey/ | https://www.evo.com/shop/snowboard/snowboards/capita
capita--spring-break-powder-racers,capita,CAPiTA,Spring Break Powder Racers,2020,introduced,,,powder,,Spring Break,verified,Corey Smith Spring Break collab.,https://thegoodride.com/snowboard-reviews/capita-spring-break-powder-racers-snowboard-review/ | https://www.evo.com/shop/snowboard/snowboards/capita
capita--super-doa,capita,CAPiTA,Super DOA,2020,introduced,,,freestyle,,DOA,verified,,https://thegoodride.com/snowboard-reviews/capita-super-doa-snowboard-review/ | https://www.evo.com/shop/snowboard/snowboards/capita
capita--mega-mercury,capita,CAPiTA,Mega Mercury,2023,introduced,,Aka Mega Merc,all-mountain,,,verified,,https://thegoodride.com/snowboard-reviews/capita-mega-merc-snowboard-review/ | https://www.evo.com/shop/snowboard/snowboards/capita
capita--aeronaut,capita,CAPiTA,Aeronaut,2024,introduced,,,freestyle,,,verified,,https://thegoodride.com/snowboard-reviews/capita-aeronaut-snowboard-review/ | https://www.evo.com/shop/snowboard/snowboards/capita
capita--mega-death,capita,CAPiTA,Mega Death,2024,introduced,,,freeride,,,verified,,https://thegoodride.com/snowboard-reviews/capita-mega-death-snowboard-review/ | https://www.evo.com/shop/snowboard/snowboards/capita
capita--matriarch,capita,CAPiTA,Matriarch,2026,introduced,,,all-mountain,,,verified,Women's.,https://thegoodride.com/snowboard-reviews/?brand=jones | https://www.evo.com/shop/snowboard/snowboards/capita
capita--spring-break-resort-twin,capita,CAPiTA,Spring Break Resort Twin,2026,earliest_sourced,,Earliest sourced,freestyle,,Spring Break,likely,,https://www.evo.com/shop/snowboard/snowboards/capita
capita--spring-break-powder-twin,capita,CAPiTA,Spring Break Powder Twin,2027,earliest_sourced,,Earliest sourced,powder,,Spring Break,likely,,https://www.evo.com/shop/snowboard/snowboards/capita
capita--spring-break-stairmaster,capita,CAPiTA,Spring Break Stairmaster,2027,earliest_sourced,,Earliest sourced,freestyle,,Spring Break,likely,,https://www.evo.com/shop/snowboard/snowboards/capita
capita--space-metal-fantasy,capita,CAPiTA,Space Metal Fantasy,,unknown,,In 2027 lineup; women's,freestyle,,,likely,,https://www.evo.com/shop/snowboard/snowboards/capita | https://thegoodride.com/snowboard-reviews/capita-space-metal-fantasy-snowboard-review-by-steph-w/
capita--spring-break-slush-slasher,capita,CAPiTA,Spring Break Slush Slasher,,unknown,,In 2027 lineup as Slush Slashers 2.0; first year not sourced,powder,,Spring Break,likely,,https://www.evo.com/shop/snowboard/snowboards/capita
cardiff--crane,cardiff,Cardiff,Crane,2020,introduced,,,all-mountain,,,verified,,https://thegoodride.com/snowboard-reviews/cardiff-crane-2020-2023-snowboard-review/ | https://thegoodride.com/snowboard-reviews/?brand=jones
cardiff--bonsai,cardiff,Cardiff,Bonsai,2021,introduced,2023,,freestyle,,,likely,,https://thegoodride.com/snowboard-reviews/cardiff-bonsai-2021-2023-snowboard-review/
cardiff--goat,cardiff,Cardiff,Goat,2021,introduced,,,freeride,,,likely,,https://thegoodride.com/snowboard-reviews/cardiff-goat-snowboard-review-with-davey/
cardiff--powgoda,cardiff,Cardiff,Powgoda,2021,introduced,,,powder,,,verified,,https://thegoodride.com/snowboard-reviews/cardiff-powgoda-2021-2022-snowboard-review | https://thegoodride.com/snowboard-reviews/cardiff-powgoda-2026-snowboard-review/
cardiff--swell,cardiff,Cardiff,Swell,2021,introduced,2023,,powder,,,likely,,https://thegoodride.com/snowboard-reviews/cardiff-swell-2021-2023-snowboard-review/
cardiff--lynx,cardiff,Cardiff,Lynx,2023,introduced,,,all-mountain,,,verified,,https://thegoodride.com/snowboard-reviews/cardiff-lynx-snowboard-review/ | https://thegoodride.com/snowboard-reviews/?brand=jones
checker-pig--c65,checker-pig,Checker Pig,C65,1991,introduced,1991,ISM buyer's guide (issue for the following winter season).,all-mountain,,,likely,,https://archive.org/details/ISM-87-91
checker-pig--cpx,checker-pig,Checker Pig,CPX,1991,introduced,1991,TWS buyer's guide issue dated Oct of the prior calendar year (Oct 1989 issue = model year 1990).,alpine,,,likely,CPX Pro and CPX Race (Oct 1990 guide).,https://archive.org/details/tws-89-93
checker-pig--fsc-54,checker-pig,Checker Pig,FSC 54,1991,introduced,1991,ISM buyer's guide (issue for the following winter season).,freestyle,,,likely,"Halfpipe/freestyle category (also FS54, FSP 63).",https://archive.org/details/ISM-87-91
checker-pig--g69,checker-pig,Checker Pig,G69,1991,introduced,1991,ISM buyer's guide (issue for the following winter season).,alpine,,,likely,Race/cruise category (also G6).,https://archive.org/details/ISM-87-91
checker-pig--f-15-vinciguerra,checker-pig,Checker Pig,F-15 Vinciguerra,1992,introduced,1992,TWS buyer's guide issue dated Oct of the prior calendar year (Oct 1989 issue = model year 1990).,freestyle,,,likely,,https://archive.org/details/tws-89-93
checker-pig--swing-6,checker-pig,Checker Pig,Swing 6,1992,introduced,1992,TWS buyer's guide issue dated Oct of the prior calendar year (Oct 1989 issue = model year 1990).,unknown,,,likely,,https://archive.org/details/tws-89-93
coiler--angrry,coiler,Coiler,Angrry,,unknown,,Current catalog,alpine,,,likely,,https://coiler.com/board-models/
coiler--bx,coiler,Coiler,BX,,unknown,,Current catalog (BX / BX Freeride),other,,,likely,,https://coiler.com/board-models/
coiler--contra,coiler,Coiler,Contra,,unknown,,Current catalog,alpine,,,likely,,https://coiler.com/board-models/
coiler--extremecarve,coiler,Coiler,ExtremeCarve,,unknown,,Current catalog,alpine,,,likely,,https://coiler.com/board-models/
coiler--monster,coiler,Coiler,Monster,,unknown,,Current catalog (V2),all-mountain,,,likely,,https://coiler.com/board-models/
coiler--nirvana,coiler,Coiler,Nirvana,,unknown,,Current catalog,alpine,,,likely,All-around carve design.,https://coiler.com/board-models/
coiler--stubby,coiler,Coiler,Stubby,,unknown,,Current catalog (V2),alpine,,,likely,,https://coiler.com/board-models/
coiler--vsr-am,coiler,Coiler,VSR AM,,unknown,,Current catalog,all-mountain,,,likely,,https://coiler.com/board-models/
crazy-banana--breakout,crazy-banana,Crazy Banana,Breakout,1988,introduced,1990,,unknown,,,verified,,https://www.michigansnowboardmuseum.com/the-neon-era--other-80s-decks.html | https://archive.org/details/tws-89-93
crazy-banana--2-fast-4-u,crazy-banana,Crazy Banana,2-Fast 4-U,1990,introduced,1990,TWS buyer's guide issue dated Oct of the prior calendar year (Oct 1989 issue = model year 1990).,unknown,,,likely,,https://archive.org/details/tws-89-93
crazy-banana--babaloo,crazy-banana,Crazy Banana,Babaloo,1990,introduced,1990,TWS buyer's guide issue dated Oct of the prior calendar year (Oct 1989 issue = model year 1990).,unknown,,,likely,,https://archive.org/details/tws-89-93
crazy-banana--chilli-willi,crazy-banana,Crazy Banana,Chilli Willi,1990,introduced,1991,,freestyle,,,verified,155 cm freestyle (ISM 1991).,https://archive.org/details/tws-89-93 | https://archive.org/details/ISM-87-91
crazy-banana--espresso,crazy-banana,Crazy Banana,Espresso,1990,introduced,1990,TWS buyer's guide issue dated Oct of the prior calendar year (Oct 1989 issue = model year 1990).,unknown,,,likely,,https://archive.org/details/tws-89-93
crazy-banana--mr-rock-it,crazy-banana,Crazy Banana,Mr. Rock-It,1990,introduced,1990,TWS buyer's guide issue dated Oct of the prior calendar year (Oct 1989 issue = model year 1990).,unknown,,,likely,,https://archive.org/details/tws-89-93
crazy-banana--voodoo,crazy-banana,Crazy Banana,Voodoo,1990,introduced,1990,TWS buyer's guide issue dated Oct of the prior calendar year (Oct 1989 issue = model year 1990).,unknown,,,likely,,https://archive.org/details/tws-89-93
crazy-banana--tweak,crazy-banana,Crazy Banana,Tweak,1991,introduced,1991,ISM buyer's guide (issue for the following winter season).,freestyle,,,likely,160 cm freestyle.,https://archive.org/details/ISM-87-91
crazy-banana--woodstock,crazy-banana,Crazy Banana,Woodstock,1991,introduced,1991,ISM buyer's guide (issue for the following winter season).,all-mountain,,,likely,,https://archive.org/details/ISM-87-91
dc--bff,dc,DC,BFF,2009,earliest_sourced,2010,Confirmed in SnowDB catalog archive for model years 2009-2010 (archive covers 2008-2012 only; run may extend outside that window).,unknown,,,likely,,https://www.snowdb.com/catalog/dc
dc--hkd,dc,DC,HKD,2009,earliest_sourced,2010,Confirmed in SnowDB catalog archive for model years 2009-2010 (archive covers 2008-2012 only; run may extend outside that window).,freeride,,,likely,HKD Pro Devun (Devun Walsh) 2009-2010.,https://www.snowdb.com/catalog/dc
dc--mlf,dc,DC,MLF,2009,earliest_sourced,2012,Confirmed in SnowDB catalog archive for model years 2009-2012 (archive covers 2008-2012 only; run may extend outside that window).,freestyle,,,likely,MLF Pro Iikka (Iikka Backstrom) variants.,https://www.snowdb.com/catalog/dc
dc--pbj,dc,DC,PBJ,2009,earliest_sourced,2012,Confirmed in SnowDB catalog archive for model years 2009-2012 (archive covers 2008-2012 only; run may extend outside that window).,freestyle,,,likely,PBJ Wide / Tweener / Jr; PBJ Biittner Pro (Torstein? listed 'Biittner') 2011.,https://www.snowdb.com/catalog/dc
dc--xfb,dc,DC,XFB,2009,earliest_sourced,2010,Confirmed in SnowDB catalog archive for model years 2009-2010 (archive covers 2008-2012 only; run may extend outside that window).,unknown,,,likely,"XFB Pro Lauri (Lauri Heiskari), XFB Core.",https://www.snowdb.com/catalog/dc
dc--bdr,dc,DC,BDR,2010,earliest_sourced,2010,Confirmed in SnowDB catalog archive for model years 2010-2010 (archive covers 2008-2012 only; run may extend outside that window).,unknown,,,likely,,https://www.snowdb.com/catalog/dc
dc--bft,dc,DC,BFT,2010,earliest_sourced,2010,Confirmed in SnowDB catalog archive for model years 2010-2010 (archive covers 2008-2012 only; run may extend outside that window).,unknown,,,likely,,https://www.snowdb.com/catalog/dc
dc--biddy,dc,DC,Biddy,2011,earliest_sourced,2012,Confirmed in SnowDB catalog archive for model years 2011-2012 (archive covers 2008-2012 only; run may extend outside that window).,unknown,,,likely,Women's.,https://www.snowdb.com/catalog/dc
dc--devun-pro,dc,DC,Devun Pro,2011,introduced,2012,2011-2012 confirmed.,freeride,Devun Walsh,,verified,Devun Walsh's DC pro model; TransWorld Good Wood 2011 'DC Devun Walsh'; SnowDB 2011-2012.,https://www.snowboarder.com/transworld-snowboarding-archive/snowboarding-gear/dc-devun-walsh/ | https://www.snowdb.com/catalog/dc
dc--tone,dc,DC,Tone,2011,earliest_sourced,2012,Confirmed in SnowDB catalog archive for model years 2011-2012 (archive covers 2008-2012 only; run may extend outside that window).,unknown,,,likely,Tone Lauri Pro variant.,https://www.snowdb.com/catalog/dc
dc--focus,dc,DC,Focus,2012,earliest_sourced,2012,Confirmed in SnowDB catalog archive for model years 2012-2012 (archive covers 2008-2012 only; run may extend outside that window).,unknown,,,likely,,https://www.snowdb.com/catalog/dc
dc--ply,dc,DC,Ply,2012,earliest_sourced,2012,Confirmed in SnowDB catalog archive for model years 2012-2012 (archive covers 2008-2012 only; run may extend outside that window).,unknown,,,likely,,https://www.snowdb.com/catalog/dc
division-23--peter-line,division-23,Division 23,Peter Line,1993,introduced,1993,Retro Snow collector catalog dates the board by two-digit year category; treated as model year.,freestyle,Peter Line,,likely,,https://retrosnow.com/shop/division-23/93-division-23/division-23-peter-line/
division-23--wendy-powell,division-23,Division 23,Wendy Powell,1997,introduced,1997,,freestyle,Wendy Powell,,likely,"Wendy Powell 151, $405.",https://snowboarder.com/featured/1997-preview-of-womens-snowboard-equipment
division-23--funaki,division-23,Division 23,Funaki,2006,earliest_sourced,2008,Seen on brand site (Wayback) 200602-200710; may predate first snapshot,unknown,,,likely,"Site slug 'snowboards_funaki'. Rider-surname slug; probably a pro model, rider not confirmed.",https://web.archive.org/web/200602/http://www.division23.com/ | https://web.archive.org/web/200710/http://www.division23.com/
division-23--rhyno,division-23,Division 23,Rhyno,2006,earliest_sourced,2008,Seen on brand site (Wayback) 200602-200710; may predate first snapshot,unknown,,,likely,Site slug 'snowboards_rhyno'.,https://web.archive.org/web/200602/http://www.division23.com/ | https://web.archive.org/web/200710/http://www.division23.com/
division-23--triple-h,division-23,Division 23,Triple H,2006,earliest_sourced,2008,Seen on brand site (Wayback) 200602-200710; may predate first snapshot,unknown,,,likely,Site slug 'snowboards_triple_h'.,https://web.archive.org/web/200602/http://www.division23.com/ | https://web.archive.org/web/200710/http://www.division23.com/
division-23--fuse,division-23,Division 23,Fuse,2007,earliest_sourced,2007,Seen on brand site (Wayback) 200611-200706; may predate first snapshot,unknown,,,likely,Site slug 'snowboards_fuse'.,https://web.archive.org/web/200611/http://www.division23.com/ | https://web.archive.org/web/200706/http://www.division23.com/
division-23--hurricane,division-23,Division 23,Hurricane,2007,earliest_sourced,2007,Seen on brand site (Wayback) 200706-200706; may predate first snapshot,unknown,,,likely,Site slug 'snowboards_hurricane'.,https://web.archive.org/web/200706/http://www.division23.com/
division-23--resistance,division-23,Division 23,Resistance,2007,earliest_sourced,2007,Seen on brand site (Wayback) 200706-200706; may predate first snapshot,unknown,,,likely,Site slug 'snowboards_resistance'.,https://web.archive.org/web/200706/http://www.division23.com/
division-23--sakoda,division-23,Division 23,Sakoda,2007,earliest_sourced,2007,Seen on brand site (Wayback) 200706-200706; may predate first snapshot,unknown,,,likely,"Site slug 'snowboards_sakoda'. Rider-surname slug; probably a pro model, rider not confirmed.",https://web.archive.org/web/200706/http://www.division23.com/
donek--flux,donek,Donek,Flux,,unknown,,Current catalog,all-mountain,,,likely,,https://www.donek.com/
donek--incline,donek,Donek,Incline,,unknown,,Current catalog,all-mountain,,,likely,,https://www.donek.com/
donek--knapton-twin,donek,Donek,Knapton Twin,,unknown,,Current catalog,all-mountain,Ryan Knapton,,likely,,https://www.donek.com/
donek--mk,donek,Donek,MK,,unknown,,Current catalog,alpine,,,likely,,https://www.donek.com/
donek--nomad,donek,Donek,Nomad,,unknown,,Current catalog,freeride,,,likely,,https://www.donek.com/
donek--park-twin,donek,Donek,Park Twin,,unknown,,Current catalog,freestyle,,,likely,,https://www.donek.com/
donek--pulse,donek,Donek,Pulse,,unknown,,Current catalog,alpine,,,likely,,https://www.donek.com/
donek--saber-sbx,donek,Donek,Saber SBX,,unknown,,Current catalog,other,,,likely,Boardercross.,https://www.donek.com/
donek--secret,donek,Donek,Secret,,unknown,,Current catalog,alpine,,,likely,,https://www.donek.com/
dupraz--d1,dupraz,Dupraz,D1,2015,earliest_sourced,,Earliest sourced 2015 (as Dupraz 5'5 / 6'); D1 predates,freeride,,,verified,"Surf-style tapered directional in 5'2, 5'5, 6'0, 6'3 lengths.",https://thegoodride.com/snowboard-reviews/dupraz-5-5-and-6-review-and-buying-advice/ | https://dupraz-snow.com/
dupraz--d-tour,dupraz,Dupraz,D-Tour,,unknown,,In current lineup,splitboard,,,likely,,https://dupraz-snow.com/
elan--whoopee-board,elan,Elan,Whoopee Board,1989,introduced,1989,c. 1989 per museum.,unknown,,,likely,Michigan Snowboard Museum lists an Elan Whoopee Board (late 1988/89). | Michigan museum dates it late 1988/89.,https://www.michigansnowboardmuseum.com/the-neon-era--other-80s-decks.html
elan--aurora,elan,Elan,Aurora,2000,earliest_sourced,2012,Confirmed in SnowDB catalog archive for model years 2009-2012 (archive covers 2008-2012 only; run may extend outside that window). | Seen on brand site (Wayback) 200005-200812; may predate first snapshot,unknown,,,verified,"Women's; Aurora Girl. | Site slug 'woman_aurora'. Women's board. Slugs woman_aurora (200005-200103), aurora (200602-200812), aurora-girl (200709-200812); not seen 2002-2005.",https://www.snowdb.com/catalog/elan | https://web.archive.org/web/200005/http://www.elansnowboards.com/ | https://web.archive.org/web/200812/http://www.elansnowboards.com/
elan--ballistic,elan,Elan,Ballistic,2000,earliest_sourced,2001,Seen on brand site (Wayback) 200001-200103; may predate first snapshot,unknown,,,likely,Site slug 'ballistic'.,https://web.archive.org/web/200001/http://www.elansnowboards.com/ | https://web.archive.org/web/200103/http://www.elansnowboards.com/
elan--boulevard,elan,Elan,Boulevard,2000,earliest_sourced,2001,Seen on brand site (Wayback) 200007-200103; may predate first snapshot,freeride,,,verified,"Wide board, Boulevard 158 at $379. | Site slug 'boulevard'.",https://www.snowboarder.com/news/board-test-board-specs | https://snowboarder.com/transworld-snowboarding-archive/snowboarding-photos/board-test-wide-rides | https://web.archive.org/web/200007/http://www.elansnowboards.com/ | https://web.archive.org/web/200103/http://www.elansnowboards.com/
elan--element,elan,Elan,Element,2000,earliest_sourced,2009,Seen on brand site (Wayback) 200007-200809; may predate first snapshot,freestyle,,,verified,Site slug 'element'. woman_element variant 200006-200103 folded.,https://www.snowboarder.com/news/board-test-board-specs | https://web.archive.org/web/200007/http://www.elansnowboards.com/ | https://web.archive.org/web/200809/http://www.elansnowboards.com/
elan--paragon,elan,Elan,Paragon,2000,earliest_sourced,2001,Seen on brand site (Wayback) 200003-200012; may predate first snapshot,unknown,,,likely,Site slug 'paragon'.,https://web.archive.org/web/200003/http://www.elansnowboards.com/ | https://web.archive.org/web/200012/http://www.elansnowboards.com/
elan--royal,elan,Elan,Royal,2000,earliest_sourced,2001,Seen on brand site (Wayback) 200005-200103; may predate first snapshot,unknown,,,likely,Site slug 'royal'. woman_royale variant 200004-200103 folded.,https://web.archive.org/web/200005/http://www.elansnowboards.com/ | https://web.archive.org/web/200103/http://www.elansnowboards.com/
elan--squid,elan,Elan,Squid,2000,earliest_sourced,2001,Seen on brand site (Wayback) 200005-200103; may predate first snapshot,unknown,,,likely,Site slug 'squid'.,https://web.archive.org/web/200005/http://www.elansnowboards.com/ | https://web.archive.org/web/200103/http://www.elansnowboards.com/
elan--venture,elan,Elan,Venture,2000,earliest_sourced,2007,Seen on brand site (Wayback) 200004-200703; may predate first snapshot,unknown,,,likely,Site slug 'venture'. woman_venture variant 200005-200103 folded.,https://web.archive.org/web/200004/http://www.elansnowboards.com/ | https://web.archive.org/web/200703/http://www.elansnowboards.com/
elan--vertigo,elan,Elan,Vertigo,2000,earliest_sourced,2012,Confirmed in SnowDB catalog archive for model years 2010-2012 (archive covers 2008-2012 only; run may extend outside that window). | Seen on brand site (Wayback) 200003-200812; may predate first snapshot,all-mountain,,,verified,"Snowboard Life Top 25, 1999/2000. | Site slug 'vertigo'. woman_vertigo variant 200007-200012 folded.",https://www.snowdb.com/catalog/elan | https://www.snowboarder.com/news/snowboard-lifes-top-25-board-test-2000 | https://www.snowboarder.com/news/board-test-board-specs | https://web.archive.org/web/200003/http://www.elansnowboards.com/ | https://web.archive.org/web/200812/http://www.elansnowboards.com/
elan--answer,elan,Elan,Answer,2005,earliest_sourced,2011,Confirmed in SnowDB catalog archive for model years 2008-2011 (archive covers 2008-2012 only; run may extend outside that window). | Seen on brand site (Wayback) 200409-200812; may predate first snapshot,unknown,,,verified,Answer Pro / Wide. | Site slug 'answer'. answer-pro (200409-200812) and answer-wide (200602-200812) variants folded.,https://www.snowdb.com/catalog/elan | https://web.archive.org/web/200409/http://www.elansnowboards.com/ | https://web.archive.org/web/200812/http://www.elansnowboards.com/
elan--endless,elan,Elan,Endless,2005,earliest_sourced,2007,Seen on brand site (Wayback) 200409-200611; may predate first snapshot,unknown,,,likely,Site slug 'endless'.,https://web.archive.org/web/200409/http://www.elansnowboards.com/ | https://web.archive.org/web/200611/http://www.elansnowboards.com/
elan--inverse,elan,Elan,Inverse,2005,earliest_sourced,2012,Confirmed in SnowDB catalog archive for model years 2008-2012 (archive covers 2008-2012 only; run may extend outside that window). | Seen on brand site (Wayback) 200409-200812; may predate first snapshot,unknown,,,verified,Inverse R. | Site slug 'inverse'.,https://www.snowdb.com/catalog/elan | https://web.archive.org/web/200409/http://www.elansnowboards.com/ | https://web.archive.org/web/200812/http://www.elansnowboards.com/
elan--mantra,elan,Elan,Mantra,2005,earliest_sourced,2005,Seen on brand site (Wayback) 200409-200503; may predate first snapshot,unknown,,,likely,Site slug 'mantra'.,https://web.archive.org/web/200409/http://www.elansnowboards.com/ | https://web.archive.org/web/200503/http://www.elansnowboards.com/
elan--moment,elan,Elan,Moment,2005,earliest_sourced,2007,Seen on brand site (Wayback) 200409-200707; may predate first snapshot,unknown,,,likely,Site slug 'moment'.,https://web.archive.org/web/200409/http://www.elansnowboards.com/ | https://web.archive.org/web/200707/http://www.elansnowboards.com/
elan--sense,elan,Elan,Sense,2005,earliest_sourced,2012,Confirmed in SnowDB catalog archive for model years 2009-2012 (archive covers 2008-2012 only; run may extend outside that window). | Seen on brand site (Wayback) 200409-200812; may predate first snapshot,unknown,,,verified,Women's. | Site slug 'sense'. sense_girl variant 200610-200707 folded.,https://www.snowdb.com/catalog/elan | https://web.archive.org/web/200409/http://www.elansnowboards.com/ | https://web.archive.org/web/200812/http://www.elansnowboards.com/
elan--universe,elan,Elan,Universe,2005,earliest_sourced,2012,Confirmed in SnowDB catalog archive for model years 2009-2012 (archive covers 2008-2012 only; run may extend outside that window). | Seen on brand site (Wayback) 200409-200812; may predate first snapshot,kids,,,verified,Universe Mini. | Site slug 'universe'.,https://www.snowdb.com/catalog/elan | https://web.archive.org/web/200409/http://www.elansnowboards.com/ | https://web.archive.org/web/200812/http://www.elansnowboards.com/
elan--vector,elan,Elan,Vector,2005,earliest_sourced,2006,Seen on brand site (Wayback) 200409-200508; may predate first snapshot,unknown,,,likely,Site slug 'vector'.,https://web.archive.org/web/200409/http://www.elansnowboards.com/ | https://web.archive.org/web/200508/http://www.elansnowboards.com/
elan--ascent,elan,Elan,Ascent,2006,earliest_sourced,2009,Seen on brand site (Wayback) 200602-200812; may predate first snapshot,unknown,,,likely,Site slug 'ascent'.,https://web.archive.org/web/200602/http://www.elansnowboards.com/ | https://web.archive.org/web/200812/http://www.elansnowboards.com/
elan--message,elan,Elan,Message,2006,earliest_sourced,2009,Seen on brand site (Wayback) 200602-200812; may predate first snapshot,unknown,,,likely,Site slug 'message'.,https://web.archive.org/web/200602/http://www.elansnowboards.com/ | https://web.archive.org/web/200812/http://www.elansnowboards.com/
elan--prodigy,elan,Elan,Prodigy,2006,earliest_sourced,2012,Confirmed in SnowDB catalog archive for model years 2008-2012 (archive covers 2008-2012 only; run may extend outside that window). | Seen on brand site (Wayback) 200602-200812; may predate first snapshot,freestyle,,,verified,Prodigy R / Mini. | Site slug 'prodigy'.,https://www.snowdb.com/catalog/elan | https://web.archive.org/web/200602/http://www.elansnowboards.com/ | https://web.archive.org/web/200812/http://www.elansnowboards.com/
elan--pure,elan,Elan,Pure,2006,earliest_sourced,2010,Confirmed in SnowDB catalog archive for model years 2010-2010 (archive covers 2008-2012 only; run may extend outside that window). | Seen on brand site (Wayback) 200602-200812; may predate first snapshot,unknown,,,verified,Site slug 'pure'.,https://www.snowdb.com/catalog/elan | https://web.archive.org/web/200602/http://www.elansnowboards.com/ | https://web.archive.org/web/200812/http://www.elansnowboards.com/
elan--tribe,elan,Elan,Tribe,2006,earliest_sourced,2009,Confirmed in SnowDB catalog archive for model years 2008-2008 (archive covers 2008-2012 only; run may extend outside that window). | Seen on brand site (Wayback) 200601-200812; may predate first snapshot,unknown,,,verified,Site slug 'tribe'.,https://www.snowdb.com/catalog/elan | https://web.archive.org/web/200601/http://www.elansnowboards.com/ | https://web.archive.org/web/200812/http://www.elansnowboards.com/
elan--trinity,elan,Elan,Trinity,2006,earliest_sourced,2010,Confirmed in SnowDB catalog archive for model years 2009-2010 (archive covers 2008-2012 only; run may extend outside that window). | Seen on brand site (Wayback) 200602-200812; may predate first snapshot,unknown,,,verified,Site slug 'trinity'.,https://www.snowdb.com/catalog/elan | https://web.archive.org/web/200602/http://www.elansnowboards.com/ | https://web.archive.org/web/200812/http://www.elansnowboards.com/
elan--el-grande,elan,Elan,El Grande,2007,earliest_sourced,2012,Confirmed in SnowDB catalog archive for model years 2010-2012 (archive covers 2008-2012 only; run may extend outside that window). | Seen on brand site (Wayback) 200610-200812; may predate first snapshot,unknown,,,verified,Site slug 'el-grande'.,https://www.snowdb.com/catalog/elan | https://web.archive.org/web/200610/http://www.elansnowboards.com/ | https://web.archive.org/web/200812/http://www.elansnowboards.com/
elan--gravity,elan,Elan,Gravity,2007,earliest_sourced,2007,Seen on brand site (Wayback) 200610-200707; may predate first snapshot,unknown,,,likely,Site slug 'gravity'.,https://web.archive.org/web/200610/http://www.elansnowboards.com/ | https://web.archive.org/web/200707/http://www.elansnowboards.com/
elan--omni,elan,Elan,Omni,2007,earliest_sourced,2009,Seen on brand site (Wayback) 200608-200812; may predate first snapshot,unknown,,,likely,Site slug 'omni'.,https://web.archive.org/web/200608/http://www.elansnowboards.com/ | https://web.archive.org/web/200812/http://www.elansnowboards.com/
elan--argon,elan,Elan,Argon,2008,earliest_sourced,2009,Seen on brand site (Wayback) 200709-200812; may predate first snapshot,unknown,,,likely,Site slug 'argon'.,https://web.archive.org/web/200709/http://www.elansnowboards.com/ | https://web.archive.org/web/200812/http://www.elansnowboards.com/
elan--betty,elan,Elan,Betty,2008,earliest_sourced,2009,Seen on brand site (Wayback) 200709-200812; may predate first snapshot,unknown,,,likely,Site slug 'betty'.,https://web.archive.org/web/200709/http://www.elansnowboards.com/ | https://web.archive.org/web/200812/http://www.elansnowboards.com/
elan--crest,elan,Elan,Crest,2008,earliest_sourced,2010,Confirmed in SnowDB catalog archive for model years 2009-2010 (archive covers 2008-2012 only; run may extend outside that window). | Seen on brand site (Wayback) 200709-200812; may predate first snapshot,unknown,,,verified,Site slug 'crest'. crest-wide variant folded.,https://www.snowdb.com/catalog/elan | https://web.archive.org/web/200709/http://www.elansnowboards.com/ | https://web.archive.org/web/200812/http://www.elansnowboards.com/
elan--current,elan,Elan,Current,2008,earliest_sourced,2009,Seen on brand site (Wayback) 200709-200812; may predate first snapshot,unknown,,,likely,Site slug 'current'.,https://web.archive.org/web/200709/http://www.elansnowboards.com/ | https://web.archive.org/web/200812/http://www.elansnowboards.com/
elan--daisy,elan,Elan,Daisy,2008,earliest_sourced,2009,Seen on brand site (Wayback) 200709-200812; may predate first snapshot,unknown,,,likely,Site slug 'daisy'. daisy-black / daisy-girl variants folded.,https://web.archive.org/web/200709/http://www.elansnowboards.com/ | https://web.archive.org/web/200812/http://www.elansnowboards.com/
elan--eragon,elan,Elan,Eragon,2008,earliest_sourced,2012,Confirmed in SnowDB catalog archive for model years 2008-2012 (archive covers 2008-2012 only; run may extend outside that window). | Seen on brand site (Wayback) 200709-200812; may predate first snapshot,kids,,,verified,Eragon JR. | Site slug 'eragon'. eragon-jr variant folded.,https://www.snowdb.com/catalog/elan | https://web.archive.org/web/200709/http://www.elansnowboards.com/ | https://web.archive.org/web/200812/http://www.elansnowboards.com/
elan--helium,elan,Elan,Helium,2008,earliest_sourced,2009,Seen on brand site (Wayback) 200709-200812; may predate first snapshot,unknown,,,likely,Site slug 'helium'.,https://web.archive.org/web/200709/http://www.elansnowboards.com/ | https://web.archive.org/web/200812/http://www.elansnowboards.com/
elan--krypton,elan,Elan,Krypton,2008,earliest_sourced,2009,Seen on brand site (Wayback) 200709-200812; may predate first snapshot,unknown,,,likely,Site slug 'krypton'.,https://web.archive.org/web/200709/http://www.elansnowboards.com/ | https://web.archive.org/web/200812/http://www.elansnowboards.com/
elan--lil-boarder,elan,Elan,Lil Boarder,2008,earliest_sourced,2009,Seen on brand site (Wayback) 200709-200812; may predate first snapshot,kids,,,likely,Site slug 'lilboarder'.,https://web.archive.org/web/200709/http://www.elansnowboards.com/ | https://web.archive.org/web/200812/http://www.elansnowboards.com/
elan--neon,elan,Elan,Neon,2008,earliest_sourced,2009,Seen on brand site (Wayback) 200709-200812; may predate first snapshot,unknown,,,likely,Site slug 'neon'.,https://web.archive.org/web/200709/http://www.elansnowboards.com/ | https://web.archive.org/web/200812/http://www.elansnowboards.com/
elan--pace,elan,Elan,Pace,2008,earliest_sourced,2009,Seen on brand site (Wayback) 200709-200812; may predate first snapshot,unknown,,,likely,Site slug 'pace'.,https://web.archive.org/web/200709/http://www.elansnowboards.com/ | https://web.archive.org/web/200812/http://www.elansnowboards.com/
elan--radon,elan,Elan,Radon,2008,earliest_sourced,2009,Seen on brand site (Wayback) 200709-200812; may predate first snapshot,unknown,,,likely,Site slug 'radon'.,https://web.archive.org/web/200709/http://www.elansnowboards.com/ | https://web.archive.org/web/200812/http://www.elansnowboards.com/
elan--stella,elan,Elan,Stella,2008,earliest_sourced,2009,Seen on brand site (Wayback) 200709-200812; may predate first snapshot,unknown,,,likely,Site slug 'stella'.,https://web.archive.org/web/200709/http://www.elansnowboards.com/ | https://web.archive.org/web/200812/http://www.elansnowboards.com/
elan--tempest,elan,Elan,Tempest,2008,earliest_sourced,2009,Seen on brand site (Wayback) 200709-200812; may predate first snapshot,unknown,,,likely,Site slug 'tempest'.,https://web.archive.org/web/200709/http://www.elansnowboards.com/ | https://web.archive.org/web/200812/http://www.elansnowboards.com/
elan--union,elan,Elan,Union,2008,earliest_sourced,2009,Seen on brand site (Wayback) 200709-200812; may predate first snapshot,unknown,,,likely,Site slug 'union'.,https://web.archive.org/web/200709/http://www.elansnowboards.com/ | https://web.archive.org/web/200812/http://www.elansnowboards.com/
elan--unity,elan,Elan,Unity,2008,earliest_sourced,2009,Seen on brand site (Wayback) 200709-200812; may predate first snapshot,unknown,,,likely,Site slug 'unity'.,https://web.archive.org/web/200709/http://www.elansnowboards.com/ | https://web.archive.org/web/200812/http://www.elansnowboards.com/
elan--xenon,elan,Elan,Xenon,2008,earliest_sourced,2009,Seen on brand site (Wayback) 200709-200812; may predate first snapshot,unknown,,,likely,Site slug 'xenon'. xenon-x variant folded.,https://web.archive.org/web/200709/http://www.elansnowboards.com/ | https://web.archive.org/web/200812/http://www.elansnowboards.com/
elan--hi-fi,elan,Elan,Hi-Fi,2010,earliest_sourced,2011,Confirmed in SnowDB catalog archive for model years 2010-2011 (archive covers 2008-2012 only; run may extend outside that window).,unknown,,,likely,,https://www.snowdb.com/catalog/elan
elan--leeloo,elan,Elan,LeeLoo,2010,earliest_sourced,2012,Confirmed in SnowDB catalog archive for model years 2010-2012 (archive covers 2008-2012 only; run may extend outside that window).,unknown,,,likely,Women's; Leeloo R.,https://www.snowdb.com/catalog/elan
elan--wave-rider,elan,Elan,Wave Rider,2011,earliest_sourced,2012,Confirmed in SnowDB catalog archive for model years 2011-2012 (archive covers 2008-2012 only; run may extend outside that window).,unknown,,,likely,,https://www.snowdb.com/catalog/elan
elan--aero,elan,Elan,Aero,2012,earliest_sourced,2012,Confirmed in SnowDB catalog archive for model years 2012-2012 (archive covers 2008-2012 only; run may extend outside that window).,unknown,,,likely,,https://www.snowdb.com/catalog/elan
elan--r-a-m,elan,Elan,R.A.M.,2012,earliest_sourced,2012,Confirmed in SnowDB catalog archive for model years 2012-2012 (archive covers 2008-2012 only; run may extend outside that window).,unknown,,,likely,,https://www.snowdb.com/catalog/elan
endeavor--bod,endeavor,Endeavor,BOD,2009,introduced,2020,,all-mountain,,,verified,,https://www.shayboarder.com/2008/08/industry-profile-endeavor-snowboards-founder-max-jenke.html | https://thegoodride.com/snowboard-reviews/endeavor-bod-2020-snowboard-review/
endeavor--live,endeavor,Endeavor,Live,2009,introduced,2020,In 2008-09 line per founder interview; last sourced 2020,freestyle,,,verified,Full-camber directional twin.,https://www.shayboarder.com/2008/08/industry-profile-endeavor-snowboards-founder-max-jenke.html | https://thegoodride.com/snowboard-reviews/endeavor-live-2020-snowboard-review/
endeavor--maverick,endeavor,Endeavor,Maverick,2018,introduced,2020,,all-mountain,,,likely,,https://thegoodride.com/snowboard-reviews/endeavor-maverick-2018-2020-snowboard-review/
endeavor--scout,endeavor,Endeavor,Scout,2018,introduced,2020,,all-mountain,,,likely,,https://thegoodride.com/snowboard-reviews/endeavor-scout-2018-2020-snowboard-review/
endeavor--archetype,endeavor,Endeavor,Archetype,2020,introduced,2024,,powder,,,likely,Swallowtail; women's version 2024.,https://thegoodride.com/snowboard-reviews/endeavor-archetype-2020-snowboard-review/ | https://thegoodride.com/snowboard-reviews/endeavor-womens-archetype-2024-snowboard-review-by-steph-w/
endeavor--clout,endeavor,Endeavor,Clout,2020,introduced,,Single year sourced,freestyle,,,likely,,https://thegoodride.com/snowboard-reviews/endeavor-clout-2020-snowboard-review/
endeavor--pioneer,endeavor,Endeavor,Pioneer,2020,introduced,,Single year sourced,freeride,,,likely,,https://thegoodride.com/snowboard-reviews/endeavor-pioneer-2020-snowboard-review/
endeavor--ranger,endeavor,Endeavor,Ranger,2020,introduced,,Single year sourced,all-mountain,,,likely,,https://thegoodride.com/snowboard-reviews/endeavor-ranger-2020-snowboard-review/
f2--speedster-rs,f2,F2,Speedster RS,1998,earliest_sourced,2002,"Brand raceboard page (Wayback Jan 2000, MY2000) cites Nagano 1998 Olympic giant slalom gold and silver on the Speedster RS, so the model existed by MY1998; site slug 'SpeedsterRS' seen 200102-200111 (to MY2002)",alpine,,,verified,Race board (giant slalom). Nagano 1998 GS medals per brand page.,https://web.archive.org/web/20000110180826/http://www.f2.com/snowboards/raboards.htm | https://web.archive.org/web/200111/http://www.f2.com/
f2--beamer-tcs,f2,F2,Beamer TCS,2000,earliest_sourced,2001,Listed on brand site (Wayback) for MY2000; slug page 200102 (MY2001),alpine,,,verified,"Listed on the MY2000 raceboards page. Site slug 'BeamerTCS' 200102; the path survey flagged it as possibly a binding, but the brand page lists it among race boards.",https://web.archive.org/web/20000110180826/http://www.f2.com/snowboards/raboards.htm | https://web.archive.org/web/200102/http://www.f2.com/
f2--boxer,f2,F2,Boxer,2000,earliest_sourced,2001,Listed on brand site (Wayback) for MY2000; slug page continues to 200104 (MY2001),powder,,,verified,'Powder gun' on the MY2000 freeride/soul boards page. Site slug 'Boxer' 200005-200104.,https://web.archive.org/web/20000110194437/http://www.f2.com/snowboards/soulbds.htm | https://web.archive.org/web/200104/http://www.f2.com/
f2--cruiser,f2,F2,Cruiser,2000,earliest_sourced,2000,Listed on brand site (Wayback) for MY2000,freeride,,,verified,MY2000 freeride/soul boards page.,https://web.archive.org/web/20000110194437/http://www.f2.com/snowboards/soulbds.htm
f2--duke,f2,F2,Duke,2000,earliest_sourced,2000,Listed on brand site (Wayback) for MY2000,freeride,,,verified,MY2000 freeride/soul boards page.,https://web.archive.org/web/20000110194437/http://www.f2.com/snowboards/soulbds.htm
f2--mic,f2,F2,Mic,2000,earliest_sourced,2000,Listed on brand site (Wayback) for MY2000,kids,,,verified,Kids board on the MY2000 freeride/soul boards page.,https://web.archive.org/web/20000110194437/http://www.f2.com/snowboards/soulbds.htm
f2--speedster-sl,f2,F2,Speedster SL,2000,earliest_sourced,2002,Listed on brand site (Wayback) for MY2000; slug page continues to 200111 (MY2002),alpine,,,verified,Slalom race board. Site slug 'SpeedsterSL' seen 200102-200111.,https://web.archive.org/web/20000110180826/http://www.f2.com/snowboards/raboards.htm | https://web.archive.org/web/200111/http://www.f2.com/
f2--allride,f2,F2,Allride,2001,earliest_sourced,2001,Seen on brand site (Wayback) 200011-200104; may predate,unknown,,,likely,Site slug 'Allride'.,https://web.archive.org/web/200011/http://www.f2.com/ | https://web.archive.org/web/200104/http://www.f2.com/
f2--breezer,f2,F2,Breezer,2001,earliest_sourced,2001,Seen on brand site (Wayback) 200102-200104; may predate,unknown,,,likely,Site slug 'Breezer'.,https://web.archive.org/web/200102/http://www.f2.com/ | https://web.archive.org/web/200104/http://www.f2.com/
f2--carve,f2,F2,Carve,2001,earliest_sourced,2001,Seen on brand site (Wayback) 200102-200102; may predate,unknown,,,likely,Site slug 'Carve'.,https://web.archive.org/web/200102/http://www.f2.com/
f2--crossride,f2,F2,Crossride,2001,earliest_sourced,2002,Seen on brand site (Wayback) 200102-200108; may predate,unknown,,,likely,Site slug 'Crossride'.,https://web.archive.org/web/200102/http://www.f2.com/ | https://web.archive.org/web/200108/http://www.f2.com/
f2--eliminator,f2,F2,Eliminator,2001,earliest_sourced,2002,Seen on brand site (Wayback) 200102-200110; may predate,unknown,,,likely,Site slug 'Eliminator'.,https://web.archive.org/web/200102/http://www.f2.com/ | https://web.archive.org/web/200110/http://www.f2.com/
f2--fatcarve,f2,F2,Fatcarve,2001,earliest_sourced,2001,Seen on brand site (Wayback) 200102-200107; may predate,unknown,,,likely,Site slug 'Fatcarve'.,https://web.archive.org/web/200102/http://www.f2.com/ | https://web.archive.org/web/200107/http://www.f2.com/
f2--glide,f2,F2,Glide,2001,earliest_sourced,2001,Seen on brand site (Wayback) 200102-200107; may predate,unknown,,,likely,Site slug 'Glide'.,https://web.archive.org/web/200102/http://www.f2.com/ | https://web.archive.org/web/200107/http://www.f2.com/
f2--lightglide,f2,F2,Lightglide,2001,earliest_sourced,2002,Seen on brand site (Wayback) 200102-200110; may predate,unknown,,,likely,Site slug 'lightglide'.,https://web.archive.org/web/200102/http://www.f2.com/ | https://web.archive.org/web/200110/http://www.f2.com/
f2--roadster-iii,f2,F2,Roadster III,2001,earliest_sourced,2001,Seen on brand site (Wayback) 200102-200102; may predate,unknown,,,likely,Site slug 'RoadsterIII'. A plain 'roadster' slug follows in 200110-200111 (see Roadster row).,https://web.archive.org/web/200102/http://www.f2.com/
f2--shorty,f2,F2,Shorty,2001,earliest_sourced,2002,Seen on brand site (Wayback) 200102-200108; may predate,unknown,,,likely,Site slug 'Shorty'.,https://web.archive.org/web/200102/http://www.f2.com/ | https://web.archive.org/web/200108/http://www.f2.com/
f2--silberpfeil,f2,F2,Silberpfeil,2001,earliest_sourced,2002,Seen on brand site (Wayback) 200102-200108; may predate,unknown,,,likely,Site slug 'Siberpfeil / Silberpf'. German 'silver arrow'.,https://web.archive.org/web/200102/http://www.f2.com/ | https://web.archive.org/web/200108/http://www.f2.com/
f2--speed-gts,f2,F2,Speed GTS,2001,earliest_sourced,2001,Seen on brand site (Wayback) 200102-200107; may predate,unknown,,,likely,Site slug 'SpeedGTS'.,https://web.archive.org/web/200102/http://www.f2.com/ | https://web.archive.org/web/200107/http://www.f2.com/
f2--speedride,f2,F2,Speedride,2001,earliest_sourced,2002,Seen on brand site (Wayback) 200102-200108; may predate,unknown,,,likely,Site slug 'Speedride'.,https://web.archive.org/web/200102/http://www.f2.com/ | https://web.archive.org/web/200108/http://www.f2.com/
f2--superglide,f2,F2,Superglide,2001,earliest_sourced,2002,Seen on brand site (Wayback) 200102-200111; may predate,unknown,,,likely,Site slug 'Superglide'.,https://web.archive.org/web/200102/http://www.f2.com/ | https://web.archive.org/web/200111/http://www.f2.com/
f2--roadster,f2,F2,Roadster,2002,earliest_sourced,2002,Seen on brand site (Wayback) 200110-200111; may predate,unknown,,,likely,Site slug 'roadster'. Follows the 'RoadsterIII' page of 200102; may be the same family renamed.,https://web.archive.org/web/200110/http://www.f2.com/ | https://web.archive.org/web/200111/http://www.f2.com/
f2--wideglide,f2,F2,Wideglide,2002,earliest_sourced,2002,Seen on brand site (Wayback) 200110-200111; may predate,unknown,,,likely,Site slug 'wideglide'. Glide-family wide board; from the late-2001 slug list.,https://web.archive.org/web/200110/http://www.f2.com/ | https://web.archive.org/web/200111/http://www.f2.com/
fanatic--ultra-boa,fanatic,Fanatic,Ultra Boa,1990,introduced,1990,TWS buyer's guide issue dated Oct of the prior calendar year (Oct 1989 issue = model year 1990).,unknown,,,likely,,https://archive.org/details/tws-89-93
fanatic--ultra-mamba,fanatic,Fanatic,Ultra Mamba,1990,introduced,1990,TWS buyer's guide issue dated Oct of the prior calendar year (Oct 1989 issue = model year 1990).,unknown,,,likely,,https://archive.org/details/tws-89-93
fanatic--ultra-viper,fanatic,Fanatic,Ultra Viper,1990,introduced,1990,TWS buyer's guide issue dated Oct of the prior calendar year (Oct 1989 issue = model year 1990).,unknown,,,likely,,https://archive.org/details/tws-89-93
flite--predator,flite,Flite,Predator,1988,introduced,1990,,freestyle,,,verified,Predator 163 halfpipe/freestyle (paired with Wavehog 153).,https://archive.org/details/ISM-87-91 | https://archive.org/details/tws-89-93
flite--rocket,flite,Flite,Rocket,1988,introduced,1988,ISM buyer's guide (issue for the following winter season).,all-mountain,,,likely,Rocket 140/150 beginner/intermediate.,https://archive.org/details/ISM-87-91
flite--ufo,flite,Flite,UFO,1988,introduced,1990,,alpine,,,verified,"UFO Slalom 160/170, $419 (ISM 1988); still listed 1990.",https://archive.org/details/ISM-87-91 | https://archive.org/details/tws-89-93 | https://www.michigansnowboardmuseum.com/the-neon-era--other-80s-decks.html
flite--wavehog,flite,Flite,Wavehog,1988,introduced,1988,ISM buyer's guide (issue for the following winter season).,freestyle,,,likely,Wavehog 153 halfpipe freestyle board.,https://archive.org/details/ISM-87-91
flite--weapon,flite,Flite,Weapon,1988,introduced,1990,,alpine,,,verified,"Weapon 180/200 GS/downhill board, $439.",https://archive.org/details/ISM-87-91 | https://archive.org/details/tws-89-93
flite--bongo,flite,Flite,Bongo,1990,introduced,1990,TWS buyer's guide issue dated Oct of the prior calendar year (Oct 1989 issue = model year 1990).,freestyle,,,likely,,https://archive.org/details/tws-89-93
flow--lotus,flow,Flow,Lotus,2004,earliest_sourced,2009,Seen on brand site (Wayback) 200310-200808; may predate first snapshot,unknown,,,likely,Site slug 'Lotus'. Women's board.,https://web.archive.org/web/200310/http://www.flow.com/ | https://web.archive.org/web/200808/http://www.flow.com/
flow--diskord,flow,Flow,Diskord,2007,earliest_sourced,2009,Confirmed in SnowDB catalog archive for model years 2008-2009 (archive covers 2008-2012 only; run may extend outside that window). | Seen on brand site (Wayback) 200608-200812; may predate first snapshot,unknown,,,verified,Site slug 'diskord'.,https://www.snowdb.com/catalog/flow | https://web.archive.org/web/200608/http://www.flow.com/ | https://web.archive.org/web/200812/http://www.flow.com/
flow--elation,flow,Flow,Elation,2007,earliest_sourced,2012,Confirmed in SnowDB catalog archive for model years 2008-2012 (archive covers 2008-2012 only; run may extend outside that window). | Seen on brand site (Wayback) 200608-200812; may predate first snapshot,unknown,,,verified,Women's. | Site slug 'elation'.,https://www.snowdb.com/catalog/flow | https://web.archive.org/web/200608/http://www.flow.com/ | https://web.archive.org/web/200812/http://www.flow.com/
flow--infinia,flow,Flow,Infinia,2007,earliest_sourced,2010,Confirmed in SnowDB catalog archive for model years 2008-2010 (archive covers 2008-2012 only; run may extend outside that window). | Seen on brand site (Wayback) 200608-200812; may predate first snapshot,unknown,,,verified,Site slug 'infinia'.,https://www.snowdb.com/catalog/flow | https://web.archive.org/web/200608/http://www.flow.com/ | https://web.archive.org/web/200812/http://www.flow.com/
flow--infinite,flow,Flow,Infinite,2007,earliest_sourced,2012,Confirmed in SnowDB catalog archive for model years 2008-2012 (archive covers 2008-2012 only; run may extend outside that window). | Seen on brand site (Wayback) 200608-200812; may predate first snapshot,unknown,,,verified,"Infinite WX, I-Rock, PopCam variants. | Site slug 'infinite'. infinite-wx (women's) variant 200708-200812 folded.",https://www.snowdb.com/catalog/flow | https://web.archive.org/web/200608/http://www.flow.com/ | https://web.archive.org/web/200812/http://www.flow.com/
flow--micron,flow,Flow,Micron,2007,earliest_sourced,2009,Seen on brand site (Wayback) 200608-200812; may predate first snapshot,kids,,,likely,Site slug 'micron'.,https://web.archive.org/web/200608/http://www.flow.com/ | https://web.archive.org/web/200812/http://www.flow.com/
flow--myriad,flow,Flow,Myriad,2007,earliest_sourced,2012,Confirmed in SnowDB catalog archive for model years 2008-2012 (archive covers 2008-2012 only; run may extend outside that window). | Seen on brand site (Wayback) 200608-200812; may predate first snapshot,unknown,,,verified,Site slug 'myriad'.,https://www.snowdb.com/catalog/flow | https://web.archive.org/web/200608/http://www.flow.com/ | https://web.archive.org/web/200812/http://www.flow.com/
flow--quantum,flow,Flow,Quantum,2007,earliest_sourced,2012,Confirmed in SnowDB catalog archive for model years 2008-2012 (archive covers 2008-2012 only; run may extend outside that window). | Seen on brand site (Wayback) 200608-200812; may predate first snapshot,unknown,,,verified,Site slug 'quantum'.,https://www.snowdb.com/catalog/flow | https://web.archive.org/web/200608/http://www.flow.com/ | https://web.archive.org/web/200812/http://www.flow.com/
flow--solitude,flow,Flow,Solitude,2007,earliest_sourced,2012,Confirmed in SnowDB catalog archive for model years 2008-2012 (archive covers 2008-2012 only; run may extend outside that window). | Seen on brand site (Wayback) 200608-200812; may predate first snapshot,unknown,,,verified,Site slug 'solitude'. solitude-wx (women's) variant 200708-200812 folded.,https://www.snowdb.com/catalog/flow | https://web.archive.org/web/200608/http://www.flow.com/ | https://web.archive.org/web/200812/http://www.flow.com/
flow--strike,flow,Flow,Strike,2007,earliest_sourced,2010,Confirmed in SnowDB catalog archive for model years 2008-2010 (archive covers 2008-2012 only; run may extend outside that window). | Seen on brand site (Wayback) 200608-200812; may predate first snapshot,unknown,,,verified,Site slug 'strike'.,https://www.snowdb.com/catalog/flow | https://web.archive.org/web/200608/http://www.flow.com/ | https://web.archive.org/web/200812/http://www.flow.com/
flow--bliss,flow,Flow,Bliss,2008,earliest_sourced,2012,Confirmed in SnowDB catalog archive for model years 2008-2012 (archive covers 2008-2012 only; run may extend outside that window). | Seen on brand site (Wayback) 200708-200812; may predate first snapshot,unknown,,,verified,Women's. | Site slug 'bliss'.,https://www.snowdb.com/catalog/flow | https://web.archive.org/web/200708/http://www.flow.com/ | https://web.archive.org/web/200812/http://www.flow.com/
flow--era,flow,Flow,Era,2008,earliest_sourced,2012,Confirmed in SnowDB catalog archive for model years 2008-2012 (archive covers 2008-2012 only; run may extend outside that window). | Seen on brand site (Wayback) 200708-200812; may predate first snapshot,unknown,,,verified,Site slug 'era'.,https://www.snowdb.com/catalog/flow | https://web.archive.org/web/200708/http://www.flow.com/ | https://web.archive.org/web/200812/http://www.flow.com/
flow--jewel,flow,Flow,Jewel,2008,earliest_sourced,2012,Confirmed in SnowDB catalog archive for model years 2008-2012 (archive covers 2008-2012 only; run may extend outside that window). | Seen on brand site (Wayback) 200708-200812; may predate first snapshot,unknown,,,verified,Women's. | Site slug 'jewel'.,https://www.snowdb.com/catalog/flow | https://web.archive.org/web/200708/http://www.flow.com/ | https://web.archive.org/web/200812/http://www.flow.com/
flow--merc,flow,Flow,Merc,2008,earliest_sourced,2012,Confirmed in SnowDB catalog archive for model years 2008-2012 (archive covers 2008-2012 only; run may extend outside that window). | Seen on brand site (Wayback) 200708-200812; may predate first snapshot,unknown,,,verified,Name later used by Nidecker (Flow's owner) for a 2026-27 board. | Site slug 'merc'.,https://www.snowdb.com/catalog/flow | https://web.archive.org/web/200708/http://www.flow.com/ | https://web.archive.org/web/200812/http://www.flow.com/
flow--micron-mini,flow,Flow,Micron Mini,2008,earliest_sourced,2012,Confirmed in SnowDB catalog archive for model years 2008-2012 (archive covers 2008-2012 only; run may extend outside that window). | Seen on brand site (Wayback) 200708-200812; may predate first snapshot,kids,,Micron,verified,Site slug 'micron-mini'.,https://www.snowdb.com/catalog/flow | https://web.archive.org/web/200708/http://www.flow.com/ | https://web.archive.org/web/200812/http://www.flow.com/
flow--team,flow,Flow,Team,2008,earliest_sourced,2011,Confirmed in SnowDB catalog archive for model years 2008-2011 (archive covers 2008-2012 only; run may extend outside that window).,unknown,,,likely,Listed as 'The Team' 2008-09.,https://www.snowdb.com/catalog/flow
flow--team-micron,flow,Flow,Team Micron,2008,earliest_sourced,2012,Confirmed in SnowDB catalog archive for model years 2008-2012 (archive covers 2008-2012 only; run may extend outside that window).,kids,,,likely,Micron Team.,https://www.snowdb.com/catalog/flow
flow--venus,flow,Flow,Venus,2008,earliest_sourced,2012,Confirmed in SnowDB catalog archive for model years 2008-2012 (archive covers 2008-2012 only; run may extend outside that window). | Seen on brand site (Wayback) 200708-200812; may predate first snapshot,unknown,,,verified,Women's; name later used by Nidecker (2027). | Site slug 'venus'.,https://www.snowdb.com/catalog/flow | https://web.archive.org/web/200708/http://www.flow.com/ | https://web.archive.org/web/200812/http://www.flow.com/
flow--wx,flow,Flow,WX,2008,earliest_sourced,2010,Confirmed in SnowDB catalog archive for model years 2008-2010 (archive covers 2008-2012 only; run may extend outside that window).,unknown,,,likely,,https://www.snowdb.com/catalog/flow
flow--bff,flow,Flow,BFF,2010,earliest_sourced,2010,Confirmed in SnowDB catalog archive for model years 2010-2010 (archive covers 2008-2012 only; run may extend outside that window).,unknown,,,likely,,https://www.snowdb.com/catalog/flow
flow--rhythm,flow,Flow,Rhythm,2010,earliest_sourced,2010,Confirmed in SnowDB catalog archive for model years 2010-2010 (archive covers 2008-2012 only; run may extend outside that window).,unknown,,,likely,,https://www.snowdb.com/catalog/flow
flow--verve,flow,Flow,Verve,2010,earliest_sourced,2012,Confirmed in SnowDB catalog archive for model years 2010-2012 (archive covers 2008-2012 only; run may extend outside that window).,unknown,,,likely,,https://www.snowdb.com/catalog/flow
flow--drifter,flow,Flow,Drifter,2012,earliest_sourced,2012,Confirmed in SnowDB catalog archive for model years 2012-2012 (archive covers 2008-2012 only; run may extend outside that window).,unknown,,,likely,,https://www.snowdb.com/catalog/flow
flow--shifty,flow,Flow,Shifty,2012,earliest_sourced,2012,Confirmed in SnowDB catalog archive for model years 2012-2012 (archive covers 2008-2012 only; run may extend outside that window).,unknown,,,likely,,https://www.snowdb.com/catalog/flow
forum--jp-walker,forum,Forum,JP Walker,2003,earliest_sourced,2005,First confirmed model year 2003; reissued by the revived brand 2026. Continuous run not confirmed. | Seen on brand site (Wayback) 200308-200503; may predate first snapshot; Listed by name on the Aug 2003 boards index headed 'FORUM SNOWBOARDS 2004',freestyle,JP Walker,,verified,"JP Walker pro model; TransWorld 'What the pros are rockin' (Oct 2002) has Walker on the 'Forum JP Walker 154/147'. The revived Forum sells a 'JP Walker' and 'JP Walker Legend Series' (evo 2026, forumsnow.com). | Site slug 'jp_walker'.",https://www.snowboarder.com/news/what-the-pros-are-rockin-jp-walker | https://www.evo.com/snowboards/forum-jp-walker-snowboard | https://forumsnow.com/products/forum-jp-walker-legend-series-snowboard-154 | https://web.archive.org/web/200308/http://www.forumsnowboards.com/ | https://web.archive.org/web/200503/http://www.forumsnowboards.com/
forum--bjorn-leines,forum,Forum,Bjorn Leines,2004,earliest_sourced,2005,Seen on brand site (Wayback) 200308-200503; may predate first snapshot; Listed by name on the Aug 2003 boards index headed 'FORUM SNOWBOARDS 2004',unknown,Bjorn Leines,,verified,Site slug 'bjorn_leines'.,https://web.archive.org/web/200308/http://www.forumsnowboards.com/ | https://web.archive.org/web/200503/http://www.forumsnowboards.com/
forum--destroyer,forum,Forum,Destroyer,2004,earliest_sourced,2012,Confirmed in SnowDB catalog archive for model years 2008-2012 (archive covers 2008-2012 only; run may extend outside that window). | Seen on brand site (Wayback) 200308-200504; may predate first snapshot; Listed by name on the Aug 2003 boards index headed 'FORUM SNOWBOARDS 2004',freestyle,,,verified,"Best-selling Forum park/all-mountain board; The-House history mentions burlap inlays. Variants LTD/TK/PM (2008), Chillydog, DoubleDog. | Site slug 'destroyer'.",https://www.snowdb.com/catalog/forum | https://whitelines.com/brands/forum | https://www.the-house.com/portal/forum-company-history/ | https://web.archive.org/web/200308/http://www.forumsnowboards.com/ | https://web.archive.org/web/200504/http://www.forumsnowboards.com/
forum--devun-walsh,forum,Forum,Devun Walsh,2004,earliest_sourced,2005,Confirmed model year 2004; other years not confirmed. | Seen on brand site (Wayback) 200308-200504; may predate first snapshot; Listed by name on the Aug 2003 boards index headed 'FORUM SNOWBOARDS 2004',freestyle,Devun Walsh,,verified,"Devun Walsh pro model in 153/157.5/161 (TransWorld, Oct 2003). | Site slug 'devun_walsh'.",https://www.snowboarder.com/transworld-snowboarding-archive/what-the-pros-are-rockin-devun-walsh | https://web.archive.org/web/200308/http://www.forumsnowboards.com/ | https://web.archive.org/web/200504/http://www.forumsnowboards.com/
forum--elite,forum,Forum,Elite,2004,earliest_sourced,2005,Seen on brand site (Wayback) 200308-200503; may predate first snapshot; Listed by name on the Aug 2003 boards index headed 'FORUM SNOWBOARDS 2004',unknown,,,verified,Site slug 'elite'.,https://web.archive.org/web/200308/http://www.forumsnowboards.com/ | https://web.archive.org/web/200503/http://www.forumsnowboards.com/
forum--f-10,forum,Forum,F-10,2004,earliest_sourced,2005,Seen on brand site (Wayback) 200308-200503; may predate first snapshot; Listed by name on the Aug 2003 boards index headed 'FORUM SNOWBOARDS 2004',unknown,,,verified,Site slug 'f_10'.,https://web.archive.org/web/200308/http://www.forumsnowboards.com/ | https://web.archive.org/web/200503/http://www.forumsnowboards.com/
forum--mini-destroyer,forum,Forum,Mini Destroyer,2004,earliest_sourced,2005,Seen on brand site (Wayback) 200308-200503; may predate first snapshot; Listed by name on the Aug 2003 boards index headed 'FORUM SNOWBOARDS 2004',kids,,Destroyer,verified,Site slug 'mini_destroyer'.,https://web.archive.org/web/200308/http://www.forumsnowboards.com/ | https://web.archive.org/web/200503/http://www.forumsnowboards.com/
forum--mini-pro,forum,Forum,Mini Pro,2004,earliest_sourced,2005,Seen on brand site (Wayback) 200308-200505; may predate first snapshot; Listed by name on the Aug 2003 boards index headed 'FORUM SNOWBOARDS 2004',kids,,,verified,"Site slug 'mini_pro'. 2004-05 rider-graphic variants mini_pro_bj / _dw / _jp / _pl (Leines, Walsh, Walker, Line) folded.",https://web.archive.org/web/200308/http://www.forumsnowboards.com/ | https://web.archive.org/web/200505/http://www.forumsnowboards.com/
forum--peter-line,forum,Forum,Peter Line,2004,earliest_sourced,2005,Seen on brand site (Wayback) 200308-200503; may predate first snapshot; Listed by name on the Aug 2003 boards index headed 'FORUM SNOWBOARDS 2004',unknown,Peter Line,,verified,Site slug 'peter_line'.,https://web.archive.org/web/200308/http://www.forumsnowboards.com/ | https://web.archive.org/web/200503/http://www.forumsnowboards.com/
forum--raider,forum,Forum,Raider,2004,earliest_sourced,2009,Confirmed in SnowDB catalog archive for model years 2008-2009 (archive covers 2008-2012 only; run may extend outside that window). | Seen on brand site (Wayback) 200308-200504; may predate first snapshot; Listed by name on the Aug 2003 boards index headed 'FORUM SNOWBOARDS 2004',all-mountain,,,verified,Site slug 'raider'.,https://www.snowdb.com/catalog/forum | https://web.archive.org/web/200308/http://www.forumsnowboards.com/ | https://web.archive.org/web/200504/http://www.forumsnowboards.com/
forum--recon,forum,Forum,Recon,2004,earliest_sourced,2012,Confirmed in SnowDB catalog archive for model years 2008-2012 (archive covers 2008-2012 only; run may extend outside that window). | Seen on brand site (Wayback) 200308-200504; may predate first snapshot; Listed by name on the Aug 2003 boards index headed 'FORUM SNOWBOARDS 2004',all-mountain,,,verified,Site slug 'recon'. womens_recon variant 200408-200504 folded (women's version).,https://www.snowdb.com/catalog/forum | https://web.archive.org/web/200308/http://www.forumsnowboards.com/ | https://web.archive.org/web/200504/http://www.forumsnowboards.com/
forum--star,forum,Forum,Star,2004,earliest_sourced,2012,Confirmed in SnowDB catalog archive for model years 2008-2012 (archive covers 2008-2012 only; run may extend outside that window). | Seen on brand site (Wayback) 200308-200504; may predate first snapshot; Listed by name on the Aug 2003 boards index headed 'FORUM SNOWBOARDS 2004',unknown,,,verified,Women's. | Site slug 'star'.,https://www.snowdb.com/catalog/forum | https://web.archive.org/web/200308/http://www.forumsnowboards.com/ | https://web.archive.org/web/200504/http://www.forumsnowboards.com/
forum--street-dweller,forum,Forum,Street Dweller,2004,earliest_sourced,2005,Seen on brand site (Wayback) 200311-200503; may predate first snapshot,unknown,,,likely,Site slug 'street_dweller'.,https://web.archive.org/web/200311/http://www.forumsnowboards.com/ | https://web.archive.org/web/200503/http://www.forumsnowboards.com/
forum--youngblood,forum,Forum,Youngblood,2004,earliest_sourced,2012,"First confirmed 2004; last confirmed 2012 (brand ceased production 2012, closed 2014). | Seen on brand site (Wayback) 200308-200504; may predate first snapshot; Listed by name on the Aug 2003 boards index headed 'FORUM SNOWBOARDS 2004'",freestyle,,,verified,Forum's park/street twin; Devun Walsh rode a Youngblood for street rails in 2003. SnowDB shows Youngblood plus Chillydog and DoubleDog rocker variants through 2012; Whitelines calls it a 'freestyle favourite in parks'. | Site slug 'youngblood'.,https://www.snowboarder.com/transworld-snowboarding-archive/what-the-pros-are-rockin-devun-walsh | https://www.snowdb.com/catalog/forum | https://whitelines.com/brands/forum | https://web.archive.org/web/200308/http://www.forumsnowboards.com/ | https://web.archive.org/web/200504/http://www.forumsnowboards.com/
forum--division,forum,Forum,Division,2005,earliest_sourced,2005,Seen on brand site (Wayback) 200408-200504; may predate first snapshot,unknown,,,likely,Site slug 'division'.,https://web.archive.org/web/200408/http://www.forumsnowboards.com/ | https://web.archive.org/web/200504/http://www.forumsnowboards.com/
forum--warrior,forum,Forum,Warrior,2005,earliest_sourced,2005,Seen on brand site (Wayback) 200408-200504; may predate first snapshot,unknown,,,likely,Site slug 'warrior'.,https://web.archive.org/web/200408/http://www.forumsnowboards.com/ | https://web.archive.org/web/200504/http://www.forumsnowboards.com/
forum--aura,forum,Forum,Aura,2008,earliest_sourced,2012,Confirmed in SnowDB catalog archive for model years 2008-2012 (archive covers 2008-2012 only; run may extend outside that window).,unknown,,,likely,Women's.,https://www.snowdb.com/catalog/forum
forum--bully,forum,Forum,Bully,2008,earliest_sourced,2012,Confirmed in SnowDB catalog archive for model years 2008-2012 (archive covers 2008-2012 only; run may extend outside that window).,unknown,,,verified,Wide version of the Grudge (The-House); listed 2008 and 2012.,https://www.snowdb.com/catalog/forum | https://www.the-house.com/portal/forum-company-history/
forum--craft,forum,Forum,Craft,2008,earliest_sourced,2010,Confirmed in SnowDB catalog archive for model years 2008-2010 (archive covers 2008-2012 only; run may extend outside that window).,unknown,,,likely,Women's.,https://www.snowdb.com/catalog/forum
forum--darkness,forum,Forum,Darkness,2008,earliest_sourced,2008,Confirmed in SnowDB catalog archive for model years 2008-2008 (archive covers 2008-2012 only; run may extend outside that window).,unknown,,,likely,,https://www.snowdb.com/catalog/forum
forum--eddie-wall-pro,forum,Forum,Eddie Wall Pro,2008,earliest_sourced,2010,Confirmed in SnowDB catalog archive for model years 2008-2010 (archive covers 2008-2012 only; run may extend outside that window).,freestyle,Eddie Wall,,likely,Listed as 'Eddie' (2008) then 'Eddie Wall Pro'/'Eddie Wall'.,https://www.snowdb.com/catalog/forum
forum--grudge,forum,Forum,Grudge,2008,earliest_sourced,2009,Confirmed in SnowDB catalog archive for model years 2008-2009 (archive covers 2008-2012 only; run may extend outside that window).,unknown,,,verified,The-House: The Bully is a wider version of the Grudge.,https://www.snowdb.com/catalog/forum | https://www.the-house.com/portal/forum-company-history/
forum--lander,forum,Forum,Lander,2008,earliest_sourced,2008,Confirmed in SnowDB catalog archive for model years 2008-2008 (archive covers 2008-2012 only; run may extend outside that window).,unknown,,,likely,,https://www.snowdb.com/catalog/forum
forum--manual,forum,Forum,Manual,2008,earliest_sourced,2012,Confirmed in SnowDB catalog archive for model years 2008-2012 (archive covers 2008-2012 only; run may extend outside that window).,freestyle,,,likely,,https://www.snowdb.com/catalog/forum
forum--mini-youngblood,forum,Forum,Mini Youngblood,2008,earliest_sourced,2010,Confirmed in SnowDB catalog archive for model years 2008-2010 (archive covers 2008-2012 only; run may extend outside that window).,kids,,Youngblood,likely,,https://www.snowdb.com/catalog/forum
forum--roost,forum,Forum,Roost,2008,earliest_sourced,2009,Confirmed in SnowDB catalog archive for model years 2008-2009 (archive covers 2008-2012 only; run may extend outside that window).,unknown,,,likely,,https://www.snowdb.com/catalog/forum
forum--scout,forum,Forum,Scout,2008,earliest_sourced,2008,Confirmed in SnowDB catalog archive for model years 2008-2008 (archive covers 2008-2012 only; run may extend outside that window).,unknown,,,likely,,https://www.snowdb.com/catalog/forum
forum--seeker,forum,Forum,Seeker,2008,earliest_sourced,2010,Confirmed in SnowDB catalog archive for model years 2008-2010 (archive covers 2008-2012 only; run may extend outside that window).,freeride,,,likely,,https://www.snowdb.com/catalog/forum
forum--stomper,forum,Forum,Stomper,2008,earliest_sourced,2009,Confirmed in SnowDB catalog archive for model years 2008-2009 (archive covers 2008-2012 only; run may extend outside that window).,unknown,,,likely,,https://www.snowdb.com/catalog/forum
forum--superstar,forum,Forum,Superstar,2008,earliest_sourced,2009,Confirmed in SnowDB catalog archive for model years 2008-2009 (archive covers 2008-2012 only; run may extend outside that window).,all-mountain,,,likely,Women's all-terrain board (The-House).,https://www.snowdb.com/catalog/forum
forum--john-jackson-pro,forum,Forum,John Jackson Pro,2009,earliest_sourced,2009,Confirmed in SnowDB catalog archive for model years 2009-2009 (archive covers 2008-2012 only; run may extend outside that window).,freeride,John Jackson,,likely,,https://www.snowdb.com/catalog/forum
forum--pat-moore-pro,forum,Forum,Pat Moore Pro,2009,earliest_sourced,2011,Confirmed in SnowDB catalog archive for model years 2009-2011 (archive covers 2008-2012 only; run may extend outside that window).,freestyle,Pat Moore,,likely,,https://www.snowdb.com/catalog/forum
forum--scheme,forum,Forum,Scheme,2009,earliest_sourced,2011,Confirmed in SnowDB catalog archive for model years 2009-2011 (archive covers 2008-2012 only; run may extend outside that window).,unknown,,,likely,,https://www.snowdb.com/catalog/forum
forum--spinster,forum,Forum,Spinster,2009,earliest_sourced,2012,Confirmed in SnowDB catalog archive for model years 2009-2012 (archive covers 2008-2012 only; run may extend outside that window).,freestyle,,,likely,"Women's; short kicks, soft flex (The-House).",https://www.snowdb.com/catalog/forum
forum--substance,forum,Forum,Substance,2009,earliest_sourced,2012,Confirmed in SnowDB catalog archive for model years 2009-2012 (archive covers 2008-2012 only; run may extend outside that window).,unknown,,,likely,,https://www.snowdb.com/catalog/forum
forum--symbol,forum,Forum,Symbol,2009,earliest_sourced,2010,Confirmed in SnowDB catalog archive for model years 2009-2010 (archive covers 2008-2012 only; run may extend outside that window).,unknown,,,likely,,https://www.snowdb.com/catalog/forum
forum--the-hundreds,forum,Forum,The Hundreds,2009,earliest_sourced,2009,Confirmed in SnowDB catalog archive for model years 2009-2009 (archive covers 2008-2012 only; run may extend outside that window).,unknown,,,likely,Collaboration with The Hundreds.,https://www.snowdb.com/catalog/forum
forum--travis-kennedy-pro,forum,Forum,Travis Kennedy Pro,2009,earliest_sourced,2009,Confirmed in SnowDB catalog archive for model years 2009-2009 (archive covers 2008-2012 only; run may extend outside that window).,freestyle,Travis Kennedy,,likely,,https://www.snowdb.com/catalog/forum
forum--amor,forum,Forum,Amor,2010,earliest_sourced,2010,Confirmed in SnowDB catalog archive for model years 2010-2010 (archive covers 2008-2012 only; run may extend outside that window).,unknown,,,likely,Women's twin-like shape (The-House).,https://www.snowdb.com/catalog/forum
forum--dreamboat,forum,Forum,Dreamboat,2010,earliest_sourced,2010,Confirmed in SnowDB catalog archive for model years 2010-2010 (archive covers 2008-2012 only; run may extend outside that window).,unknown,,,likely,,https://www.snowdb.com/catalog/forum
forum--helm,forum,Forum,Helm,2010,earliest_sourced,2010,Confirmed in SnowDB catalog archive for model years 2010-2010 (archive covers 2008-2012 only; run may extend outside that window).,unknown,,,likely,,https://www.snowdb.com/catalog/forum
forum--image,forum,Forum,Image,2010,earliest_sourced,2010,Confirmed in SnowDB catalog archive for model years 2010-2010 (archive covers 2008-2012 only; run may extend outside that window).,unknown,,,likely,,https://www.snowdb.com/catalog/forum
forum--nugget,forum,Forum,Nugget,2010,earliest_sourced,2010,Confirmed in SnowDB catalog archive for model years 2010-2010 (archive covers 2008-2012 only; run may extend outside that window).,unknown,,,likely,,https://www.snowdb.com/catalog/forum
forum--scallywag,forum,Forum,Scallywag,2010,earliest_sourced,2012,Confirmed in SnowDB catalog archive for model years 2010-2012 (archive covers 2008-2012 only; run may extend outside that window).,freestyle,,,verified,,https://www.snowdb.com/catalog/forum | https://whitelines.com/brands/forum
forum--conflict,forum,Forum,Conflict,2011,earliest_sourced,2012,Confirmed in SnowDB catalog archive for model years 2011-2012 (archive covers 2008-2012 only; run may extend outside that window).,unknown,,,likely,,https://www.snowdb.com/catalog/forum
forum--contract,forum,Forum,Contract,2011,earliest_sourced,2012,Confirmed in SnowDB catalog archive for model years 2011-2012 (archive covers 2008-2012 only; run may extend outside that window).,unknown,,,likely,,https://www.snowdb.com/catalog/forum
forum--holy-moly,forum,Forum,Holy Moly,2011,earliest_sourced,2012,Confirmed in SnowDB catalog archive for model years 2011-2012 (archive covers 2008-2012 only; run may extend outside that window).,unknown,,,likely,,https://www.snowdb.com/catalog/forum
forum--honeypot,forum,Forum,Honeypot,2011,earliest_sourced,2012,Confirmed in SnowDB catalog archive for model years 2011-2012 (archive covers 2008-2012 only; run may extend outside that window).,unknown,,,likely,Listed as 'From The Honeypot' in 2011.,https://www.snowdb.com/catalog/forum
forum--rat,forum,Forum,Rat,2011,earliest_sourced,2012,Confirmed in SnowDB catalog archive for model years 2011-2012 (archive covers 2008-2012 only; run may extend outside that window).,unknown,,,likely,,https://www.snowdb.com/catalog/forum
forum--sauce,forum,Forum,Sauce,2011,earliest_sourced,2012,Confirmed in SnowDB catalog archive for model years 2011-2012 (archive covers 2008-2012 only; run may extend outside that window).,unknown,,,likely,,https://www.snowdb.com/catalog/forum
forum--deck,forum,Forum,Deck,2012,earliest_sourced,2012,Confirmed in SnowDB catalog archive for model years 2012-2012 (archive covers 2008-2012 only; run may extend outside that window).,unknown,,,likely,,https://www.snowdb.com/catalog/forum
gentemstick--rocket-fish,gentemstick,Gentemstick,Rocket Fish,2015,earliest_sourced,,Earliest sourced 2015,powder,,Alternative,verified,Small swallowtail snowsurf; HP and Outline Core variants.,https://thegoodride.com/snowboard-reviews/gentemstick-rocket-fish-snowboard-review/ | https://gentemstick.com/en/collections/snowboards
gentemstick--stingray,gentemstick,Gentemstick,Stingray,2015,introduced,2019,,freeride,,,likely,One size 155.,https://thegoodride.com/snowboard-reviews/gentemstick-stingray-snowboard-review/
gentemstick--mantaray,gentemstick,Gentemstick,Mantaray,2019,earliest_sourced,,Earliest sourced 2019; predates,powder,,Independent,verified,Multiple lengths (142-156) plus Baby/Giant Mantaray.,https://thegoodride.com/snowboard-reviews/gentemstick-mantaray-snowboard-review/ | https://gentemstick.com/en/collections/snowboards
gentemstick--the-chaser,gentemstick,Gentemstick,The Chaser,2019,introduced,,Chaser HP reviewed 2019-2024,powder,,Alternative,verified,,https://thegoodride.com/snowboard-reviews/gentemstick-chaser-hp-snowboard-review/ | https://gentemstick.com/en/collections/snowboards
gentemstick--barracuda,gentemstick,Gentemstick,Barracuda,,unknown,,In 2026-27 lineup,powder,,Alternative,likely,,https://gentemstick.com/en/collections/snowboards | https://thegoodride.com/snowboard-reviews/gentemstick-chaser-hp-snowboard-review/
gentemstick--big-fish,gentemstick,Gentemstick,Big Fish,,unknown,,In 2026-27 lineup,powder,,Alternative,likely,,https://gentemstick.com/en/collections/snowboards
gentemstick--floater,gentemstick,Gentemstick,Floater,,unknown,,In 2026-27 lineup,powder,,Float Deck,likely,,https://gentemstick.com/en/collections/snowboards
gentemstick--hornet,gentemstick,Gentemstick,Hornet,,unknown,,In 2026-27 lineup,powder,,Alternative,likely,,https://gentemstick.com/en/collections/snowboards
gentemstick--impossible,gentemstick,Gentemstick,Impossible,,unknown,,In 2026-27 lineup,freeride,,Big Mountain,likely,,https://gentemstick.com/en/collections/snowboards
gentemstick--speedmaster,gentemstick,Gentemstick,Speedmaster,,unknown,,In 2026-27 lineup,freeride,,Big Mountain,likely,,https://gentemstick.com/en/collections/snowboards
gentemstick--spoon-fish,gentemstick,Gentemstick,Spoon Fish,,unknown,,In 2026-27 lineup,powder,,The Snowsurf,likely,,https://gentemstick.com/en/collections/snowboards
gentemstick--super-fish,gentemstick,Gentemstick,Super Fish,,unknown,,In 2026-27 lineup,powder,,Alternative,likely,,https://gentemstick.com/en/collections/snowboards
gentemstick--trinity,gentemstick,Gentemstick,Trinity,,unknown,,In 2026-27 lineup,freeride,,Big Mountain,likely,,https://gentemstick.com/en/collections/snowboards
gentemstick--t-t,gentemstick,Gentemstick,T.T,,unknown,,In 2026-27 lineup (158/160/165 Classic/168),freeride,,Flat Camber,likely,,https://gentemstick.com/en/collections/snowboards
gentemstick--zephyr,gentemstick,Gentemstick,Zephyr,,unknown,,In 2026-27 lineup,freeride,,Big Mountain,likely,,https://gentemstick.com/en/collections/snowboards
gnu--antigravity,gnu,GNU,Antigravity,1988,earliest_sourced,,First seen 1988; modern Antigravity confirmed 2020-2027. Continuity between the 1988 board and the 2019+ board is a shared name only; years in between not confirmed.,all-mountain,,,verified,1988 Antigravity is in the Michigan Snowboard Museum 'Neon Era' collection and a restored 1988 example is documented on agnarchy.com. Name revived for the modern camber all-mountain board (gnu.com 2019-20 through 2026-27).,https://www.michigansnowboardmuseum.com/the-neon-era--other-80s-decks.html | https://www.agnarchy.com/1988-gnu-antigravity/ | https://www.gnu.com/1920-antigravity | https://www.gnu.com/gnu-snowboards | https://thegoodride.com/snowboard-reviews/gnu-antigravity-snowboard-review/
gnu--concept,gnu,GNU,Concept,1988,introduced,,Year 1988 taken from Retro Snow catalogue category; last year unknown.,freestyle,,,likely,Retro Snow museum: 'considered to be one of the first Twin Tip boards'; museum credits Matt Cummins.,https://retrosnow.com/product-category/gnu/
gnu--kaos,gnu,GNU,Kaos,1988,introduced,,Year from Retro Snow category; last year unknown.,unknown,,,likely,Vintage Gnu listed in Retro Snow museum (1988 category).,https://retrosnow.com/product-category/gnu/
gnu--bas,gnu,GNU,BAS,1995,introduced,1996,Years from Retro Snow categories.,unknown,,,likely,Retro Snow museum lists 'Gnu BAS 153' (1995) and 'Gnu BAS Girl' (1996).,https://retrosnow.com/product-category/gnu/
gnu--dukester,gnu,GNU,Dukester,1995,earliest_sourced,,Year from Retro Snow category; last year unknown. | Listed on brand site (Wayback) for MY1998; may predate,unknown,,Candy Cap,verified,Retro Snow museum: 'Gnu Dukester 148' (1995). | Candy Cap model MY1998.,https://retrosnow.com/product-category/gnu/ | https://web.archive.org/web/19980218102239/http://gnu.com/gnuboards.html
gnu--abfahrt,gnu,GNU,Abfahrt,1998,earliest_sourced,,Listed on brand site (Wayback) for MY1998; may predate,unknown,,Candy Cap,verified,Candy Cap model.,https://web.archive.org/web/19980218102239/http://gnu.com/gnuboards.html
gnu--barrett-christy,gnu,GNU,Barrett Christy,1998,earliest_sourced,2006,Seen on brand site (Wayback) 200311-200603; may predate first snapshot | Listed on brand site (Wayback) for MY1998; may predate,unknown,Barrett Christy,Stupid Cap,verified,"Site slug 'bc'. Slugs bc (200311), barrettChristy (200601-200603), bcSeries (200603). | Stupid Cap pro model, 147 in MY1998. Site text: Christy won halfpipe and big air at the '97 US Open on this board. MY2000 page: sizes 144/148/152/156, four-season women's graphics by Kellie Talbot, balsa core. MY2001: 144/148/152/155.",https://web.archive.org/web/200311/http://www.gnu.com/ | https://web.archive.org/web/200603/http://www.gnu.com/ | https://web.archive.org/web/19980218102239/http://gnu.com/gnuboards.html | https://web.archive.org/web/19991010235729/http://www.gnu.com/gnuboards.html | https://web.archive.org/web/20000122142236/http://www.gnu.com/bcboards.html | https://web.archive.org/web/20010615123842/http://www.gnu.com/barrettboards.html
gnu--barrett-christy-mini,gnu,GNU,Barrett Christy Mini,1998,introduced,,Introduced MY1998: brand site text calls the 139 Mini a 'new smaller version this year'.,unknown,Barrett Christy,Stupid Cap,verified,139 cm smaller version of the Barrett Christy pro model.,https://web.archive.org/web/19980218102239/http://gnu.com/gnuboards.html
gnu--factory-choice,gnu,GNU,Factory Choice,1998,earliest_sourced,,Listed on brand site (Wayback) for MY1998; may predate,unknown,,Stupid Cap,verified,Listed as 'F.C. (Factory Choice)' MY1998; 'Factory Choice' MY2000.,https://web.archive.org/web/19980218102239/http://gnu.com/gnuboards.html | https://web.archive.org/web/19991010235729/http://www.gnu.com/gnuboards.html
gnu--hasselhoff,gnu,GNU,Hasselhoff,1998,earliest_sourced,,Listed on brand site (Wayback) for MY1998; may predate,unknown,,Candy Cap,verified,Candy Cap model.,https://web.archive.org/web/19980218102239/http://gnu.com/gnuboards.html
gnu--haulin-oats,gnu,GNU,Haulin Oats,1998,earliest_sourced,,Listed on brand site (Wayback) for MY1998; may predate,unknown,,Candy Cap,verified,Candy Cap model MY1998; still listed MY2000.,https://web.archive.org/web/19980218102239/http://gnu.com/gnuboards.html | https://web.archive.org/web/19991010235729/http://www.gnu.com/gnuboards.html
gnu--nibbler,gnu,GNU,Nibbler,1998,earliest_sourced,,Listed on brand site (Wayback) for MY1998; may predate,unknown,,Candy Cap,verified,Candy Cap model.,https://web.archive.org/web/19980218102239/http://gnu.com/gnuboards.html
gnu--pharaoh,gnu,GNU,Pharaoh,1998,earliest_sourced,,Listed on brand site (Wayback) for MY1998; may predate,unknown,,Candy Cap,verified,Candy Cap model.,https://web.archive.org/web/19980218102239/http://gnu.com/gnuboards.html
gnu--sissy,gnu,GNU,Sissy,1998,earliest_sourced,,Listed on brand site (Wayback) for MY1998; may predate,unknown,,Candy Cap,verified,Candy Cap model.,https://web.archive.org/web/19980218102239/http://gnu.com/gnuboards.html
gnu--skidder,gnu,GNU,Skidder,1998,earliest_sourced,,Listed on brand site (Wayback) for MY1998; may predate,unknown,,Candy Cap,verified,Candy Cap model.,https://web.archive.org/web/19980218102239/http://gnu.com/gnuboards.html
gnu--stupid-cap,gnu,GNU,Stupid Cap,1998,earliest_sourced,,Listed on brand site (Wayback) for MY1998; may predate,unknown,,Stupid Cap,verified,Listed as 'Stupid Cap 157' among the Stupid Cap models (non-pro version). Stupid Cap is also the construction family name for the pro models.,https://web.archive.org/web/19980218102239/http://gnu.com/gnuboards.html
gnu--temple-cummins,gnu,GNU,Temple Cummins,1998,earliest_sourced,2008,Late 1990s (c. 1997-1999); exact model years not confirmed. | Seen on brand site (Wayback) 200311-200708; may predate first snapshot | Listed on brand site (Wayback) for MY1998; may predate,freeride,Temple Cummins,Stupid Cap,verified,"Temple Cummins pro model; collector blog shows one dated c. 1997-98 with older metric hardware. | Site slug 'tc'. Slugs tc (200311), templeCummins (200603-200708). | Stupid Cap pro model, listed as 'T.C.' 156/163 in MY1998; still listed MY2000.",https://www.agnarchy.com/1988-gnu-antigravity/ | https://web.archive.org/web/200311/http://www.gnu.com/ | https://web.archive.org/web/200708/http://www.gnu.com/ | https://web.archive.org/web/19980218102239/http://gnu.com/gnuboards.html | https://web.archive.org/web/19991010235729/http://www.gnu.com/gnuboards.html | https://web.archive.org/web/20000122204522/http://www.gnu.com/tcboards.html
gnu--terrific,gnu,GNU,Terrific,1998,earliest_sourced,,Listed on brand site (Wayback) for MY1998; may predate,unknown,,Candy Cap,verified,Candy Cap model.,https://web.archive.org/web/19980218102239/http://gnu.com/gnuboards.html
gnu--todd-schlosser,gnu,GNU,Todd Schlosser,1998,earliest_sourced,,Listed on brand site (Wayback) for MY1998; may predate,unknown,Todd Schlosser,Stupid Cap,verified,Stupid Cap pro model.,https://web.archive.org/web/19980218102239/http://gnu.com/gnuboards.html
gnu--altered-genetics,gnu,GNU,Altered Genetics,2004,earliest_sourced,2012,Confirmed in SnowDB catalog archive for model years 2009-2012 (archive covers 2008-2012 only; run may extend outside that window). | Seen on brand site (Wayback) 200405-200708; may predate first snapshot,unknown,,,verified,"Site slug 'ag'. Slugs ag (200405-200412), alteredGenetics (200603-200708).",https://www.snowdb.com/catalog/gnu | https://web.archive.org/web/200405/http://www.gnu.com/ | https://web.archive.org/web/200708/http://www.gnu.com/
gnu--carbon-high-beam,gnu,GNU,Carbon High Beam,2004,earliest_sourced,2009,Confirmed in SnowDB catalog archive for model years 2009-2009 (archive covers 2008-2012 only; run may extend outside that window). | Seen on brand site (Wayback) 200311-200812; may predate first snapshot,unknown,,,verified,Site slug 'chb'. Slug chb seen 200311 and 200512-200812 (not seen 2004-2005).,https://www.snowdb.com/catalog/gnu | https://web.archive.org/web/200311/http://www.gnu.com/ | https://web.archive.org/web/200812/http://www.gnu.com/
gnu--danny-kass,gnu,GNU,Danny Kass,2004,earliest_sourced,2009,"First confirmed model year 2006 (2005/06 season); last confirmed 2012, last_year unknown. | Seen on brand site (Wayback) 200308-200812; may predate first snapshot",freestyle,Danny Kass,,verified,"Danny Kass pro model; TransWorld 'What the pros are rockin' (Dec 2005) has Kass riding 'my Gnu Danny Kass pro model' in 153 and 155. Listed in SnowDB 2009-2012 (BTX/MTX/C2BTX variants). | Site slug 'dk'. Slugs dk (200308-200812), dannyKass (200510-200708); dkDirty (200710-200810) and dkVertigo (200712-200809) graphic/variant slugs folded.",https://www.snowboarder.com/transworld-snowboarding-archive/snowboarding-photos/what-the-pros-are-rockin-danny-kass/ | https://www.snowdb.com/catalog/gnu | https://web.archive.org/web/200308/http://www.gnu.com/ | https://web.archive.org/web/200812/http://www.gnu.com/
gnu--danny-kass-mini,gnu,GNU,Danny Kass Mini,2004,earliest_sourced,2012,Confirmed in SnowDB catalog archive for model years 2009-2012 (archive covers 2008-2012 only; run may extend outside that window). | Seen on brand site (Wayback) 200405-200806; may predate first snapshot,kids,Danny Kass,Danny Kass,verified,Site slug 'dkMini'.,https://www.snowdb.com/catalog/gnu | https://web.archive.org/web/200405/http://www.gnu.com/ | https://web.archive.org/web/200806/http://www.gnu.com/
gnu--riders-choice,gnu,GNU,Riders Choice,2004,earliest_sourced,2009,Earliest confirmed 2009 (SnowDB archive starts 2008); model predates that window. Still in production. | Seen on brand site (Wayback) 200311-200812; may predate first snapshot,all-mountain,,,verified,"Long-running asymmetrical twin. The Good Ride notes the profile evolved camber > MTX > BTX > C2 BTX > C2X; asym MTX added 2016. Still sold as 'Riders Choice Asym C2X' (evo 2026). | Site slug 'rc'. Slugs rc (200311), ridersChoice (200511-200812).",https://www.snowdb.com/catalog/gnu | https://snowboarder.com/transworld-snowboarding-archive/snowboarding-gear/gnu-riders-choice-snowboard-review-2014-2015 | https://thegoodride.com/snowboard-reviews/gnu-riders-choice-2010-2019-snowboard-review/ | https://www.evo.com/shop/snowboard/snowboards/gnu | https://web.archive.org/web/200311/http://www.gnu.com/ | https://web.archive.org/web/200812/http://www.gnu.com/
gnu--11-up,gnu,GNU,11 Up,2006,earliest_sourced,2009,Seen on brand site (Wayback) 200603-200808; may predate first snapshot,unknown,,,likely,"Site slug '11UpSeries'. Slugs 11UpSeries (200603-200707), 11up (200710-200808).",https://web.archive.org/web/200603/http://www.gnu.com/ | https://web.archive.org/web/200808/http://www.gnu.com/
gnu--street-series,gnu,GNU,Street Series,2006,earliest_sourced,2012,Confirmed in SnowDB catalog archive for model years 2009-2012 (archive covers 2008-2012 only; run may extend outside that window). | Seen on brand site (Wayback) 200603-200812; may predate first snapshot,freestyle,,,verified,Site slug 'streetSeries'.,https://www.snowdb.com/catalog/gnu | https://web.archive.org/web/200603/http://www.gnu.com/ | https://web.archive.org/web/200812/http://www.gnu.com/
gnu--b-nice,gnu,GNU,B-Nice,2007,earliest_sourced,2009,Earliest confirmed 2009; reviewed continuously to 2024. | Seen on brand site (Wayback) 200611-200812; may predate first snapshot,freestyle,,B series (women's),verified,Women's board; The Good Ride reviewed it as 'Gnu B-Nice 2010-2024'. | Site slug 'bNice'. Women's B-series.,https://www.snowdb.com/catalog/gnu | https://thegoodride.com/snowboard-reviews/gnu-b-nice-snowboard-review-by-steph-w/ | https://web.archive.org/web/200611/http://www.gnu.com/ | https://web.archive.org/web/200812/http://www.gnu.com/
gnu--b-pro,gnu,GNU,B-Pro,2007,earliest_sourced,2012,Confirmed in SnowDB catalog archive for model years 2009-2012 (archive covers 2008-2012 only; run may extend outside that window). | Seen on brand site (Wayback) 200612-200812; may predate first snapshot,freestyle,,B series (women's),verified,Site slug 'bPro'. Women's B-series.,https://www.snowdb.com/catalog/gnu | https://web.archive.org/web/200612/http://www.gnu.com/ | https://web.archive.org/web/200812/http://www.gnu.com/
gnu--b-street,gnu,GNU,B-Street,2007,earliest_sourced,2012,Confirmed in SnowDB catalog archive for model years 2009-2012 (archive covers 2008-2012 only; run may extend outside that window). | Seen on brand site (Wayback) 200701-200812; may predate first snapshot,freestyle,,B series (women's),verified,Site slug 'bStreet'. Women's B-series.,https://www.snowdb.com/catalog/gnu | https://web.archive.org/web/200701/http://www.gnu.com/ | https://web.archive.org/web/200812/http://www.gnu.com/
gnu--billy-goat,gnu,GNU,Billy Goat,2008,earliest_sourced,2009,"Earliest confirmed 2009; last confirmed appearance unknown. SnowDB archive covers model years 2008-2012 only, so the real run may be longer. | Seen on brand site (Wayback) 200710-200812; may predate first snapshot",freeride,,,verified,Directional freeride board; Billy Goat Split appeared 2012. | Site slug 'billyGoat'.,https://www.snowdb.com/catalog/gnu | https://web.archive.org/web/200710/http://www.gnu.com/ | https://web.archive.org/web/200812/http://www.gnu.com/
gnu--b-real,gnu,GNU,B-Real,2008,earliest_sourced,2009,Confirmed in SnowDB catalog archive for model years 2009-2009 (archive covers 2008-2012 only; run may extend outside that window). | Seen on brand site (Wayback) 200712-200812; may predate first snapshot,unknown,,B series (women's),verified,Site slug 'bReal'. Women's B-series.,https://www.snowdb.com/catalog/gnu | https://web.archive.org/web/200712/http://www.gnu.com/ | https://web.archive.org/web/200812/http://www.gnu.com/
gnu--hampus-mosesson,gnu,GNU,Hampus Mosesson,2008,earliest_sourced,2009,Seen on brand site (Wayback) 200710-200808; may predate first snapshot,unknown,Hampus Mosesson,,likely,Site slug 'hampus'.,https://web.archive.org/web/200710/http://www.gnu.com/ | https://web.archive.org/web/200808/http://www.gnu.com/
gnu--b-pro-mini,gnu,GNU,B-Pro Mini,2009,earliest_sourced,2010,Confirmed in SnowDB catalog archive for model years 2009-2010 (archive covers 2008-2012 only; run may extend outside that window).,kids,,B series (women's),likely,,https://www.snowdb.com/catalog/gnu
gnu--carbon-credit,gnu,GNU,Carbon Credit,2010,earliest_sourced,,"Earliest confirmed 2010; last confirmed appearance unknown. SnowDB archive covers model years 2008-2012 only, so the real run may be longer.",all-mountain,,,likely,Listed as 'Carbon Credit Series' 2010-2012.,https://www.snowdb.com/catalog/gnu
gnu--park-pickle,gnu,GNU,Park Pickle,2010,earliest_sourced,2012,Confirmed in SnowDB catalog archive for model years 2010-2012 (archive covers 2008-2012 only; run may extend outside that window).,freestyle,,Pickle,likely,Asymmetric park board; women's version 2011-2012.,https://www.snowdb.com/catalog/gnu
gnu--b-mini,gnu,GNU,B-Mini,2011,earliest_sourced,2012,Confirmed in SnowDB catalog archive for model years 2011-2012 (archive covers 2008-2012 only; run may extend outside that window).,kids,,B series (women's),likely,,https://www.snowdb.com/catalog/gnu
gnu--dirty-pillow,gnu,GNU,Dirty Pillow,2011,earliest_sourced,2012,Confirmed in SnowDB catalog archive for model years 2011-2012 (archive covers 2008-2012 only; run may extend outside that window).,unknown,,,likely,,https://www.snowdb.com/catalog/gnu
gnu--forest-bailey-pickle,gnu,GNU,Forest Bailey Pickle,2012,earliest_sourced,2012,Confirmed in SnowDB catalog archive for model years 2012-2012 (archive covers 2008-2012 only; run may extend outside that window).,freestyle,Forest Bailey,Pickle,likely,,https://www.snowdb.com/catalog/gnu
gnu--impossible-series,gnu,GNU,Impossible Series,2012,earliest_sourced,2012,Confirmed in SnowDB catalog archive for model years 2012-2012 (archive covers 2008-2012 only; run may extend outside that window).,unknown,,,likely,,https://www.snowdb.com/catalog/gnu
gnu--riders-choice-pickle,gnu,GNU,Riders Choice Pickle,2012,earliest_sourced,2012,Confirmed in SnowDB catalog archive for model years 2012-2012 (archive covers 2008-2012 only; run may extend outside that window).,all-mountain,,Pickle,likely,,https://www.snowdb.com/catalog/gnu
gnu--gateway,gnu,GNU,Gateway,2015,introduced,,Confirmed 2015 only.,all-mountain,,,likely,TransWorld review 2014-2015.,https://www.snowboarder.com/transworld-snowboarding-archive/gnu-gateway-snowboard-review-2014
gnu--ladies-choice,gnu,GNU,Ladies Choice,2015,earliest_sourced,,Earliest confirmed 2015; still in production.,all-mountain,,,verified,Women's asym twin; TransWorld review 2014-15; in 2026-27 lineup (Asym Ladies Choice C2X).,https://www.snowboarder.com/transworld-snowboarding-archive/snowboarding-gear/gnu-ladies-choice-snowboard-review-2014-2015/ | https://www.gnu.com/gnu-snowboards | https://www.evo.com/shop/snowboard/snowboards/gnu
gnu--metal-gnuru,gnu,GNU,Metal Gnuru,2015,introduced,,Confirmed 2015 only.,all-mountain,,,likely,TransWorld review 2014-2015.,https://www.snowboarder.com/transworld-snowboarding-archive/snowboarding-gear/gnu-metal-gnuru-snowboard-review-2014-2015/
gnu--head-space,gnu,GNU,Head Space,2019,earliest_sourced,,Earliest confirmed 2019; still in production.,freestyle,Forest Bailey,,verified,Forest Bailey's asym park board; TransWorld Good Wood 2019; still in 2026-27 lineup.,https://www.snowboarder.com/transworld-snowboarding-archive/gnu-headspace-good-wood-snowboard-review-2019 | https://www.gnu.com/gnu-snowboards | https://www.evo.com/shop/snowboard/snowboards/gnu
gnu--mullair,gnu,GNU,Mullair,2019,introduced,,Confirmed 2019 only.,all-mountain,,,likely,TransWorld Good Wood 2018-19 all-mountain pick.,https://www.snowboarder.com/news/gnu-mullair-good-wood-snowboard-review-2019
gnu--4,gnu,GNU,4,2020,introduced,,Confirmed 2020 only.,all-mountain,,,likely,"Directional twin with aggressive camber (The Good Ride, 2020).",https://thegoodride.com/brand/gnu/
gnu--essential-service,gnu,GNU,Essential Service,2021,introduced,2023,Per review title 2021-2023.,all-mountain,,,likely,The Good Ride review covers 2021-2023.,https://thegoodride.com/snowboard-reviews/gnu-essential-service-snowboard-review/
gnu--banked-country,gnu,GNU,Banked Country,2022,introduced,,First 2022 per review range; still in production.,freeride,Cannon Cummins,,verified,Directional board associated with Cannon Cummins (gnu.com); The Good Ride 2022-2026; in 2026-27 lineup.,https://thegoodride.com/snowboard-reviews/gnu-banked-country-snowboard-review/ | https://www.gnu.com/gnu-snowboards | https://www.evo.com/shop/snowboard/snowboards/gnu
gnu--hyper,gnu,GNU,Hyper,2024,introduced,2025,Per review title 2024-2025.,all-mountain,,,likely,The Good Ride review 2024-2025.,https://thegoodride.com/snowboard-reviews/gnu-hyper-snowboard-review/
gnu--gloss,gnu,GNU,Gloss,2025,earliest_sourced,,Earliest confirmed 2025 (current gnu.com / evo listings); real introduction may be earlier. Still in production.,all-mountain,,,verified,Women's model.,https://www.gnu.com/gnu-snowboards | https://www.evo.com/shop/snowboard/snowboards/gnu
gnu--money,gnu,GNU,Money,2025,earliest_sourced,,Earliest confirmed 2025 (current gnu.com / evo listings); real introduction may be earlier. Still in production.,freestyle,,,verified,,https://www.gnu.com/gnu-snowboards | https://www.evo.com/shop/snowboard/snowboards/gnu
gnu--pro-choice,gnu,GNU,Pro Choice,2025,earliest_sourced,,Confirmed 2025 only.,all-mountain,,,likely,Women's asym (evo 2025).,https://www.evo.com/shop/snowboard/snowboards/gnu
gnu--velvet,gnu,GNU,Velvet,2025,earliest_sourced,,Earliest confirmed 2025 (current gnu.com / evo listings); real introduction may be earlier. Still in production.,all-mountain,,,verified,Women's model.,https://www.gnu.com/gnu-snowboards | https://www.evo.com/shop/snowboard/snowboards/gnu
gnu--4x4,gnu,GNU,4x4,2026,earliest_sourced,,Earliest confirmed 2026.,unknown,,,verified,evo lists 4x4 C3 2026; also on gnu.com blog.,https://www.evo.com/shop/snowboard/snowboards/gnu | https://www.gnu.com/blog/category/snowboard-history/
gnu--c-money,gnu,GNU,C-Money,2026,earliest_sourced,,Earliest confirmed 2026 (current gnu.com / evo listings); real introduction may be earlier. Still in production.,freestyle,,,likely,,https://www.evo.com/shop/snowboard/snowboards/gnu
gnu--facts,gnu,GNU,Facts,2026,earliest_sourced,,Earliest confirmed 2026 (current gnu.com / evo listings); real introduction may be earlier. Still in production.,unknown,,,verified,,https://www.gnu.com/gnu-snowboards | https://www.evo.com/shop/snowboard/snowboards/gnu
gnu--gremlin,gnu,GNU,Gremlin,2026,earliest_sourced,,Earliest confirmed 2026 (current gnu.com / evo listings); real introduction may be earlier. Still in production.,freeride,,,verified,,https://www.gnu.com/gnu-snowboards | https://www.evo.com/shop/snowboard/snowboards/gnu
gnu--turbo-gremlin,gnu,GNU,Turbo Gremlin,2026,earliest_sourced,,Earliest confirmed 2026 (current gnu.com / evo listings); real introduction may be earlier. Still in production.,freeride,,,verified,Turbo Gremlin reviewed by The Good Ride 2026-2027.,https://www.gnu.com/gnu-snowboards | https://www.evo.com/shop/snowboard/snowboards/gnu
gnu--wagyu,gnu,GNU,Wagyu,2026,earliest_sourced,,Earliest confirmed 2026 (current gnu.com / evo listings); real introduction may be earlier. Still in production.,unknown,,,verified,,https://www.gnu.com/gnu-snowboards | https://www.evo.com/shop/snowboard/snowboards/gnu
gnu--barrett,gnu,GNU,Barrett,2027,earliest_sourced,,Earliest confirmed 2027 (current gnu.com / evo listings); real introduction may be earlier. Still in production.,unknown,,,verified,Women's model.,https://www.gnu.com/gnu-snowboards | https://www.evo.com/shop/snowboard/snowboards/gnu
gnu--fiction,gnu,GNU,Fiction,2027,earliest_sourced,,Earliest confirmed 2027 (current gnu.com / evo listings); real introduction may be earlier. Still in production.,unknown,,,verified,Women's model.,https://www.gnu.com/gnu-snowboards | https://www.evo.com/shop/snowboard/snowboards/gnu
gnu--miira,gnu,GNU,MiiRA,2027,earliest_sourced,,Earliest confirmed 2027 (current gnu.com / evo listings); real introduction may be earlier. Still in production.,unknown,,,verified,Women's model.,https://www.gnu.com/gnu-snowboards | https://www.evo.com/shop/snowboard/snowboards/gnu
gnu--pepper,gnu,GNU,Pepper,2027,earliest_sourced,,Earliest confirmed 2027 (current gnu.com / evo listings); real introduction may be earlier. Still in production.,unknown,,,verified,Women's model.,https://www.gnu.com/gnu-snowboards | https://www.evo.com/shop/snowboard/snowboards/gnu
gnu--playdate,gnu,GNU,Playdate,2027,earliest_sourced,,Earliest confirmed 2027 (current gnu.com / evo listings); real introduction may be earlier. Still in production.,kids,,,likely,,https://www.gnu.com/gnu-snowboards
gnu--recess,gnu,GNU,Recess,2027,earliest_sourced,,Earliest confirmed 2027 (current gnu.com / evo listings); real introduction may be earlier. Still in production.,kids,,,likely,,https://www.gnu.com/gnu-snowboards
gnu--scorp,gnu,GNU,Scorp,2027,earliest_sourced,,Earliest confirmed 2027 (current gnu.com / evo listings); real introduction may be earlier. Still in production.,unknown,,,verified,,https://www.gnu.com/gnu-snowboards | https://www.evo.com/shop/snowboard/snowboards/gnu
gnu--setsuna,gnu,GNU,Setsuna,2027,earliest_sourced,,Earliest confirmed 2027 (current gnu.com / evo listings); real introduction may be earlier. Still in production.,unknown,,,verified,Women's model.,https://www.gnu.com/gnu-snowboards | https://www.evo.com/shop/snowboard/snowboards/gnu
gnu--t-r-e,gnu,GNU,T.R.E.,2027,earliest_sourced,,Earliest confirmed 2027 (current gnu.com / evo listings); real introduction may be earlier. Still in production.,freestyle,Max Warbington,,verified,,https://www.gnu.com/gnu-snowboards | https://www.evo.com/shop/snowboard/snowboards/gnu
gnu--upgrade,gnu,GNU,Upgrade,2027,earliest_sourced,,Earliest confirmed 2027 (current gnu.com / evo listings); real introduction may be earlier. Still in production.,unknown,,,likely,,https://www.gnu.com/gnu-snowboards
head--ak,head,Head,AK,2008,earliest_sourced,2012,Confirmed in SnowDB catalog archive for model years 2008-2012 (archive covers 2008-2012 only; run may extend outside that window).,unknown,,,likely,Intelligence AK / AK SC i.,https://www.snowdb.com/catalog/head
head--crown,head,Head,Crown,2008,earliest_sourced,2008,Confirmed in SnowDB catalog archive for model years 2008-2008 (archive covers 2008-2012 only; run may extend outside that window).,unknown,,,likely,,https://www.snowdb.com/catalog/head
head--i-ct,head,Head,i.CT,2008,earliest_sourced,2012,Confirmed in SnowDB catalog archive for model years 2008-2012 (archive covers 2008-2012 only; run may extend outside that window).,unknown,,,likely,i.CT Intelligence / Premium / KERS.,https://www.snowdb.com/catalog/head
head--matrix,head,Head,Matrix,2008,earliest_sourced,2012,Confirmed in SnowDB catalog archive for model years 2008-2012 (archive covers 2008-2012 only; run may extend outside that window).,unknown,,,likely,Matrix Black/White/Classic/XL.,https://www.snowdb.com/catalog/head
head--transit,head,Head,Transit,2008,earliest_sourced,2009,Confirmed in SnowDB catalog archive for model years 2008-2009 (archive covers 2008-2012 only; run may extend outside that window).,unknown,,,likely,Transit i. White/Team/XL.,https://www.snowdb.com/catalog/head
head--tribute,head,Head,Tribute,2008,earliest_sourced,2012,Confirmed in SnowDB catalog archive for model years 2008-2012 (archive covers 2008-2012 only; run may extend outside that window).,unknown,,,likely,Tribute i.,https://www.snowdb.com/catalog/head
head--true,head,Head,True,2008,earliest_sourced,2012,Confirmed in SnowDB catalog archive for model years 2008-2012 (archive covers 2008-2012 only; run may extend outside that window).,unknown,,,likely,True Black/White/XL.,https://www.snowdb.com/catalog/head
head--defy,head,Head,Defy,2011,earliest_sourced,2012,Confirmed in SnowDB catalog archive for model years 2011-2012 (archive covers 2008-2012 only; run may extend outside that window).,unknown,,,likely,,https://www.snowdb.com/catalog/head
head--force,head,Head,Force,2011,earliest_sourced,2012,Confirmed in SnowDB catalog archive for model years 2011-2012 (archive covers 2008-2012 only; run may extend outside that window).,unknown,,,likely,Force i. KERS.,https://www.snowdb.com/catalog/head
head--fountain,head,Head,Fountain,2011,earliest_sourced,2011,Confirmed in SnowDB catalog archive for model years 2011-2011 (archive covers 2008-2012 only; run may extend outside that window).,unknown,,,likely,,https://www.snowdb.com/catalog/head
head--holster,head,Head,Holster,2011,earliest_sourced,2011,Confirmed in SnowDB catalog archive for model years 2011-2011 (archive covers 2008-2012 only; run may extend outside that window).,unknown,,,likely,,https://www.snowdb.com/catalog/head
head--ignition,head,Head,Ignition,2011,earliest_sourced,2012,Confirmed in SnowDB catalog archive for model years 2011-2012 (archive covers 2008-2012 only; run may extend outside that window).,unknown,,,likely,Ignition Rocka.,https://www.snowdb.com/catalog/head
head--rush,head,Head,Rush,2011,earliest_sourced,2012,Confirmed in SnowDB catalog archive for model years 2011-2012 (archive covers 2008-2012 only; run may extend outside that window).,unknown,,,likely,Rush Rocka.,https://www.snowdb.com/catalog/head
head--stella,head,Head,Stella,2011,earliest_sourced,2012,Confirmed in SnowDB catalog archive for model years 2011-2012 (archive covers 2008-2012 only; run may extend outside that window).,unknown,,,likely,Women's.,https://www.snowdb.com/catalog/head
head--blush,head,Head,Blush,2012,earliest_sourced,2012,Confirmed in SnowDB catalog archive for model years 2012-2012 (archive covers 2008-2012 only; run may extend outside that window).,unknown,,,likely,Women's.,https://www.snowdb.com/catalog/head
head--flamba,head,Head,Flamba,2012,earliest_sourced,2012,Confirmed in SnowDB catalog archive for model years 2012-2012 (archive covers 2008-2012 only; run may extend outside that window).,unknown,,,likely,Good/Bad/Evil Flamba.,https://www.snowdb.com/catalog/head
head--glam,head,Head,Glam,2012,earliest_sourced,2012,Confirmed in SnowDB catalog archive for model years 2012-2012 (archive covers 2008-2012 only; run may extend outside that window).,unknown,,,likely,Women's.,https://www.snowdb.com/catalog/head
head--pearl,head,Head,Pearl,2012,earliest_sourced,2012,Confirmed in SnowDB catalog archive for model years 2012-2012 (archive covers 2008-2012 only; run may extend outside that window).,unknown,,,likely,Women's.,https://www.snowdb.com/catalog/head
head--pride,head,Head,Pride,2012,earliest_sourced,2012,Confirmed in SnowDB catalog archive for model years 2012-2012 (archive covers 2008-2012 only; run may extend outside that window).,unknown,,,likely,,https://www.snowdb.com/catalog/head
hooger-booger--boogie,hooger-booger,Hooger Booger,Boogie,1988,introduced,1988,ISM buyer's guide (issue for the following winter season).,all-mountain,,,likely,"Boogie 150 beginner board with aluminum reinforcement, $372.",https://archive.org/details/ISM-87-91
hooger-booger--competition,hooger-booger,Hooger Booger,Competition,1988,introduced,1988,ISM buyer's guide (issue for the following winter season).,alpine,,,likely,"Competition 175, Swiss-made, asymmetrical tail, $396.",https://archive.org/details/ISM-87-91
hooger-booger--freestyle,hooger-booger,Hooger Booger,Freestyle,1988,introduced,1988,ISM buyer's guide (issue for the following winter season).,freestyle,,,likely,"Freestyle 162 halfpipe/freestyle, $396.",https://archive.org/details/ISM-87-91
hooger-booger--light-wave,hooger-booger,Hooger Booger,Light Wave,1988,introduced,1988,,unknown,,,likely,Michigan museum: Hooger Booger Light Wave (1988).,https://www.michigansnowboardmuseum.com/the-neon-era--other-80s-decks.html
hooger-booger--booster,hooger-booger,Hooger Booger,Booster,1989,introduced,1989,ISM buyer's guide (issue for the following winter season).,unknown,,,likely,,https://archive.org/details/ISM-87-91
hooger-booger--blaster,hooger-booger,Hooger Booger,Blaster,1993,introduced,1994,,freestyle,,,verified,Blaster 154 Halfpipe (Oct 1992 guide); Blaster 159 (Retro Snow 1994).,https://archive.org/details/tws-89-93 | https://retrosnow.com/shop/hooger/94-hooger/hooger-booger-blaster-159/
hooger-booger--noah-brandon,hooger-booger,Hooger Booger,Noah Brandon,1994,introduced,1994,Retro Snow collector catalog dates the board by two-digit year category; treated as model year.,freestyle,Noah Brandon,,likely,,https://retrosnow.com/shop/hooger/94-hooger/hooger-noah-brandon/
hot--revolution,hot,HOT,Revolution,1988,introduced,1990,,unknown,,,verified,,https://www.michigansnowboardmuseum.com/the-neon-era--other-80s-decks.html | https://archive.org/details/tws-89-93
hot--hot-shot,hot,HOT,Hot Shot,1990,introduced,1990,TWS buyer's guide issue dated Oct of the prior calendar year (Oct 1989 issue = model year 1990).,unknown,,,likely,,https://archive.org/details/tws-89-93
hot--maniac,hot,HOT,Maniac,1990,introduced,1990,TWS buyer's guide issue dated Oct of the prior calendar year (Oct 1989 issue = model year 1990).,unknown,,,likely,,https://archive.org/details/tws-89-93
hot--one-sixty-free,hot,HOT,One Sixty Free,1990,introduced,1990,ISM buyer's guide (issue for the following winter season).,freestyle,,,likely,,https://archive.org/details/ISM-87-91
hot--shock-wave,hot,HOT,Shock Wave,1990,introduced,1990,TWS buyer's guide issue dated Oct of the prior calendar year (Oct 1989 issue = model year 1990).,unknown,,,likely,,https://archive.org/details/tws-89-93
hot--hotplus,hot,HOT,Hotplus,1994,introduced,1994,TWS buyer's guide issue dated Oct of the prior calendar year (Oct 1989 issue = model year 1990).,freeride,,,likely,Cited in TWS 1994 as a proven asym-shift/asym-sidecut board.,https://archive.org/details/tws-89-93
jones--flagship,jones,Jones,Flagship,2011,introduced,,,freeride,,,verified,Tapered directional big-mountain board; Jones' signature model. In 2026 lineup.,https://thegoodride.com/snowboard-reviews/jones-flagship-snowboard-review/ | https://www.jonessnowboards.com/collections/mens-snowboards
jones--hovercraft,jones,Jones,Hovercraft,2011,introduced,,Sold as Hovercraft 2.0 from 2024,powder,,,verified,Short wide blunt-nose powder board.,https://thegoodride.com/snowboard-reviews/jones-hovercraft-2-0-snowboard-review/ | https://en.wikipedia.org/wiki/Jones_Snowboards
jones--mountain-twin,jones,Jones,Mountain Twin,2011,introduced,,,all-mountain,,,verified,Directional twin all-mountain. In 2026 lineup.,https://thegoodride.com/snowboard-reviews/jones-mountain-twin-snowboard-review/ | https://www.jonessnowboards.com/collections/mens-snowboards
jones--carbon-flagship,jones,Jones,Carbon Flagship,2013,introduced,2020,,freeride,,,likely,,https://thegoodride.com/snowboard-reviews/jones-carbon-flagship-2013-2020-snowboard-review/
jones--aviator,jones,Jones,Aviator,2014,introduced,,Aviator 2.0 from 2022,all-mountain,,,verified,Full-camber directional freeride/carve board.,https://thegoodride.com/snowboard-reviews/jones-aviator-2-0-snowboard-review/ | https://en.wikipedia.org/wiki/Jones_Snowboards
jones--ultracraft,jones,Jones,Ultracraft,2014,introduced,2023,,powder,,Ultra,likely,Carbon Hovercraft.,https://thegoodride.com/snowboard-reviews/jones-ultracraft-snowboard-review/
jones--explorer,jones,Jones,Explorer,2016,introduced,2019,,all-mountain,,,likely,,https://thegoodride.com/snowboard-reviews/jones-explorer-2016-2019-snowboard-review/
jones--storm-chaser,jones,Jones,Storm Chaser,2016,introduced,,,powder,,Surf Series,verified,Short fish-style powder board designed with Chris Christenson.,https://thegoodride.com/snowboard-reviews/jones-storm-chaser-snowboard-review/ | https://www.jonessnowboards.com/collections/mens-snowboards
jones--ultra-mountain-twin,jones,Jones,Ultra Mountain Twin,2016,introduced,2024,,all-mountain,,Ultra,likely,Carbon-reinforced Mountain Twin.,https://thegoodride.com/snowboard-reviews/jones-ultra-mountain-twin-snowboard-review/
jones--airheart,jones,Jones,Airheart,2018,introduced,2024,,all-mountain,,,likely,Women's; Airheart 2.0 from 2023.,https://thegoodride.com/snowboard-reviews/jones/
jones--mind-expander,jones,Jones,Mind Expander,2018,introduced,,Mind Expander 2.0 in 2026 lineup,powder,,Surf Series,verified,Christenson-designed surfy directional.,https://thegoodride.com/snowboard-reviews/jones-mind-expander-2018-2021-snowboard-review | https://www.jonessnowboards.com/collections/mens-snowboards
jones--frontier,jones,Jones,Frontier,2020,introduced,,Frontier 2.0 in 2026 lineup,all-mountain,,,verified,Entry-level directional Flagship-style board.,https://thegoodride.com/snowboard-reviews/jones-frontier-2-0-snowboard-review/ | https://www.jonessnowboards.com/collections/mens-snowboards
jones--stratos,jones,Jones,Stratos,2020,introduced,,,freeride,,,verified,Directional freeride with 3D contour base. In 2026 lineup.,https://thegoodride.com/snowboard-reviews/jones-stratos-2020-2025-snowboard-review | https://www.jonessnowboards.com/collections/mens-snowboards
jones--mind-expander-twin,jones,Jones,Mind Expander Twin,2021,introduced,2025,,freestyle,,Surf Series,likely,,https://thegoodride.com/snowboard-reviews/jones-mind-expander-twin-snowboard-review/
jones--tweaker,jones,Jones,Tweaker,2023,introduced,,Tweaker 2.0 in 2026 lineup,freestyle,,,verified,Freestyle twin.,https://thegoodride.com/snowboard-reviews/jones-tweaker-snowboard-review/ | https://www.jonessnowboards.com/collections/mens-snowboards
jones--flagship-pro,jones,Jones,Flagship Pro,2025,introduced,,,freeride,,,verified,,https://thegoodride.com/snowboard-reviews/jones-flagship-pro-snowboard-review/ | https://www.jonessnowboards.com/collections/mens-snowboards
jones--rally-cat,jones,Jones,Rally Cat,2025,introduced,,,all-mountain,,,verified,In 2026 lineup.,https://thegoodride.com/snowboard-reviews/jones-rally-cat-snowboard-review/ | https://www.jonessnowboards.com/collections/mens-snowboards
jones--solution,jones,Jones,Solution,,unknown,,"Splitboard; earliest sourced women's review 2020, men's 2026",splitboard,,,likely,Jones' core splitboard; exists in Solution Split 2025-26.,https://thegoodride.com/snowboard-reviews/jones-solution-split-review-by-jay/ | https://thegoodride.com/snowboard-reviews/jones-womens-solution-splitboard-2020-2024-review-by-steph-w/
jones--ultra-flagship,jones,Jones,Ultra Flagship,,unknown,,Reviewed by The Good Ride; years not captured,freeride,,Ultra,likely,,https://thegoodride.com/snowboard-reviews/jones-ultra-flagship-snowboard-review/
joyride--dr-suess,joyride,Joyride,Dr. Suess,1992,introduced,1992,Year from Retro Snow category; last year unknown. | Retro Snow collector catalog dates the board by two-digit year category; treated as model year.,freestyle,,,verified,Vintage Joyride in Retro Snow museum. | Dr. Suess 148.,https://retrosnow.com/product-category/joyride/ | https://retrosnow.com/shop/joyride/libtech-92-joyride/joyride-dr-suess-148/
joyride--eldorado,joyride,Joyride,Eldorado,1992,introduced,1992,Year from Retro Snow category; last year unknown. | Retro Snow collector catalog dates the board by two-digit year category; treated as model year.,freestyle,,,verified,Vintage Joyride in Retro Snow museum.,https://retrosnow.com/product-category/joyride/ | https://retrosnow.com/shop/joyride/libtech-92-joyride/joyride-eldorado/
joyride--jonny-b,joyride,Joyride,Jonny B,1992,introduced,1992,Year from Retro Snow category; last year unknown. | Retro Snow collector catalog dates the board by two-digit year category; treated as model year.,freestyle,,,verified,Vintage Joyride in Retro Snow museum.,https://retrosnow.com/product-category/joyride/ | https://retrosnow.com/shop/joyride/libtech-92-joyride/joyride-jonny-b/
joyride--filbert-nixon,joyride,Joyride,Filbert Nixon,1993,introduced,1993,Year from Retro Snow category; last year unknown. | Retro Snow collector catalog dates the board by two-digit year category; treated as model year.,freestyle,,,verified,Vintage Joyride in Retro Snow museum.,https://retrosnow.com/product-category/joyride/ | https://retrosnow.com/shop/joyride/93-joyride/joyride-filbert-nixon/
joyride--fuego,joyride,Joyride,Fuego,1993,introduced,1994,"Year from Retro Snow category; last year unknown. | Brand site (Wayback 199801) says the 'Fuergo' 154 was introduced 'over five seasons ago', i.e. c. MY1993 or earlier; last year not sourced here",freestyle,,,verified,"Vintage Joyride in Retro Snow museum. | TWS 1994 cites the Fuego as a typical jib/pipe model (short abrupt tip/tail, long contact length). | Page spells it 'Fuergo (154 cm)'; treated as the same model as the existing Fuego record. Approximate first year from the brand's own statement.",https://retrosnow.com/product-category/joyride/ | https://retrosnow.com/shop/joyride/93-joyride/joyride-fuego/ | https://archive.org/details/tws-89-93 | https://web.archive.org/web/19980126163511/http://www.joyride.com/boards98/boardsmain98.htm
joyride--factory-series,joyride,Joyride,Factory Series,1996,introduced,2002,"Brand site (Wayback 199801) says the Factory 'enters its third year' in 1997-98, i.e. introduced MY1996; site slug 'factory' seen 199911-200110 (MY2000-2002)",freestyle,,,verified,149-161 cm. | Site slug 'factory'. Name spelled to match existing 'Factory Series' record.,https://snowboarder.com/transworld-snowboarding-archive/snowboarding-photos/9900-product-preview-j-l | https://web.archive.org/web/19980126163511/http://www.joyride.com/boards98/boardsmain98.htm | https://web.archive.org/web/199911/http://www.joyride.com/ | https://web.archive.org/web/200110/http://www.joyride.com/
joyride--lite-collection,joyride,Joyride,Lite Collection,1998,earliest_sourced,2002,Listed on brand site (Wayback) for MY1998; slug page continues to 200111 (MY2002),freestyle,,,verified,139-159 cm. | Boards '97-'98 page; sizes 138/144/150/154/159. Site slug 'lite' runs 199801-200111.,https://snowboarder.com/transworld-snowboarding-archive/snowboarding-photos/9900-product-preview-j-l | https://web.archive.org/web/19980126163511/http://www.joyride.com/boards98/boardsmain98.htm | https://web.archive.org/web/19980126182343/http://www.joyride.com/boards98/specs98.htm | https://web.archive.org/web/200111/http://www.joyride.com/
joyride--premium-directional,joyride,Joyride,Premium Directional,1998,earliest_sourced,1998,Listed on brand site (Wayback) for MY1998,freeride,,,verified,Boards '97-'98 page ('Premium Directionals'); sizes 151/156/161/166. Site slug 'premiumd'.,https://web.archive.org/web/19980126163511/http://www.joyride.com/boards98/boardsmain98.htm | https://web.archive.org/web/19980126182343/http://www.joyride.com/boards98/specs98.htm
joyride--premium-twin,joyride,Joyride,Premium Twin,1998,earliest_sourced,1998,Listed on brand site (Wayback) for MY1998,freestyle,,,verified,Boards '97-'98 page ('Premium Twins'); sizes 143/148/152/155. Site slug 'premiumt'.,https://web.archive.org/web/19980126163511/http://www.joyride.com/boards98/boardsmain98.htm | https://web.archive.org/web/19980126182343/http://www.joyride.com/boards98/specs98.htm
joyride--signature-series,joyride,Joyride,Signature Series,1998,earliest_sourced,1998,Listed on brand site (Wayback) for MY1998,unknown,,,verified,Boards '97-'98 page; sizes 149/156/157/158. Site slug 'signature'.,https://web.archive.org/web/19980126163511/http://www.joyride.com/boards98/boardsmain98.htm | https://web.archive.org/web/19980126182343/http://www.joyride.com/boards98/specs98.htm
joyride--bbc,joyride,Joyride,BBC,2000,introduced,2000,,freeride,,,likely,Backcountry series.,https://snowboarder.com/transworld-snowboarding-archive/snowboarding-photos/9900-product-preview-j-l
joyride--grom,joyride,Joyride,Grom,2000,earliest_sourced,2002,Seen on brand site (Wayback) 200001-200110; may predate,kids,,,likely,Site slug 'grom'. Kids board; possibly the same model as the 'Grom Force' listed in the TWS 99/00 preview.,https://web.archive.org/web/200001/http://www.joyride.com/ | https://web.archive.org/web/200110/http://www.joyride.com/
joyride--grom-force,joyride,Joyride,Grom Force,2000,introduced,2000,,kids,,,likely,119/129 cm.,https://snowboarder.com/transworld-snowboarding-archive/snowboarding-photos/9900-product-preview-j-l
k2--dan-donnelly-xtc,k2,K2,Dan Donnelly XTC,1988,introduced,1992,,freestyle,Dan Donnelly,,verified,Donnelly XTC 158/146 (ISM 1991); aluminum retention plate instead of inserts on early versions.,https://retrosnow.com/shop/k2/k2-88/k2-dan-donnolly-xtc/ | https://retrosnow.com/shop/k2/libtech-92-k2/k2-xtc-dan-donnelly/ | https://archive.org/details/ISM-87-91
k2--gyrator,k2,K2,Gyrator,1988,introduced,1988,,freeride,,,verified,"Early K2 board, 1988.",https://www.michigansnowboardmuseum.com/the-neon-era--other-80s-decks.html | https://retrosnow.com/shop/k2/k2-88/k2-gyrator/
k2--g-force,k2,K2,G-Force,1990,introduced,1991,,all-mountain,,,verified,,https://archive.org/details/tws-89-93 | https://archive.org/details/ISM-87-91
k2--hp,k2,K2,HP,1990,introduced,1990,,alpine,,,verified,HP and HPX.,https://archive.org/details/tws-89-93 | https://archive.org/details/ISM-87-91
k2--xs,k2,K2,XS,1990,introduced,1990,TWS buyer's guide issue dated Oct of the prior calendar year (Oct 1989 issue = model year 1990).,alpine,,,likely,XS 40/55/65 Slash.,https://archive.org/details/tws-89-93
k2--tx,k2,K2,TX,1991,introduced,1991,ISM buyer's guide (issue for the following winter season).,all-mountain,,,likely,,https://archive.org/details/ISM-87-91
k2--xrs,k2,K2,XRS,1991,introduced,1991,ISM buyer's guide (issue for the following winter season).,alpine,,,likely,XRS/SLX 164/154 race boards.,https://archive.org/details/ISM-87-91
k2--hc,k2,K2,HC,1992,earliest_sourced,1998,TWS buyer's guide issue dated Oct of the prior calendar year (Oct 1989 issue = model year 1990). | Seen on brand site (Wayback) 199710-199801; may predate first snapshot,alpine,,,verified,HC 172. | Site slug 'hc'.,https://archive.org/details/tws-89-93 | https://web.archive.org/web/199710/http://www.k2snowboards.com/ | https://web.archive.org/web/199801/http://www.k2snowboards.com/
k2--dc,k2,K2,DC,1993,introduced,1993,TWS buyer's guide issue dated Oct of the prior calendar year (Oct 1989 issue = model year 1990).,unknown,,,likely,DC 154.,https://archive.org/details/tws-89-93
k2--farmer,k2,K2,Farmer,1993,introduced,1994,,freestyle,,,verified,Farmer 157; in rider set-ups 1994.,https://retrosnow.com/shop/k2/93-k2/k2-farmer-157/ | https://archive.org/details/tws-89-93
k2--juju,k2,K2,Juju,1993,earliest_sourced,1998,Continuity 1994-96 not verified. | Seen on brand site (Wayback) 199710-199801; may predate first snapshot,freestyle,,,verified,"Juju 158 (1993); JuJu Slims 38/48/49 women's sizes (1997). | Site slug 'juju'. Variant slugs jujuslim, jujuslim-i, jujuslim-si (Juju Slim) folded.",https://retrosnow.com/shop/k2/93-k2/k2-juju-158/ | https://snowboarder.com/featured/1997-preview-of-womens-snowboard-equipment | https://web.archive.org/web/199710/http://www.k2snowboards.com/ | https://web.archive.org/web/199801/http://www.k2snowboards.com/
k2--eldorado,k2,K2,Eldorado,1994,earliest_sourced,2007,Retro Snow collector catalog dates the board by two-digit year category; treated as model year. | Seen on brand site (Wayback) 199710-200611; may predate first snapshot,freeride,,,verified,"Eldorado 169. | Site slug 'ELDORADO'. Variant slugs eldo-si, eldorado-i (1998) folded.",https://retrosnow.com/shop/k2/94-k2/k2-eldorado-169/ | https://web.archive.org/web/199710/http://www.k2snowboards.com/ | https://web.archive.org/web/200611/http://www.k2snowboards.com/
k2--fatbob,k2,K2,Fatbob,1994,earliest_sourced,2003,Seen on brand site (Wayback) 199710-200208; may predate first snapshot,freeride,Adam Merriman (1994 graphic),,verified,Pioneered K2's variable-width theory; Fat Bob Adam Merriman 155 (1994); still in the 99/00 line. | Site slug 'fatbob'.,https://archive.org/details/tws-89-93 | https://retrosnow.com/shop/k2/94-k2/k2-fat-bob-adam-merriman-155/ | https://snowboarder.com/transworld-snowboarding-archive/snowboarding-photos/9900-product-preview-j-l | https://snowboarder.com/transworld-snowboarding-archive/snowboarding-photos/board-test-wide-rides | https://www.the-house.com/portal/history-of-k2/ | https://web.archive.org/web/199710/http://www.k2snowboards.com/ | https://web.archive.org/web/200208/http://www.k2snowboards.com/
k2--morgan-lafonte,k2,K2,Morgan LaFonte,1997,earliest_sourced,1998,Seen on brand site (Wayback) 199710-199801; may predate first snapshot,freestyle,Morgan LaFonte,,verified,"146 cm signature board, $360. | Site slug 'morgan'.",https://snowboarder.com/featured/1997-preview-of-womens-snowboard-equipment | https://web.archive.org/web/199710/http://www.k2snowboards.com/ | https://web.archive.org/web/199801/http://www.k2snowboards.com/
k2--dart,k2,K2,Dart,1998,earliest_sourced,2000,Seen on brand site (Wayback) 199710-199911; may predate first snapshot,unknown,,,likely,Site slug 'dart'.,https://web.archive.org/web/199710/http://www.k2snowboards.com/ | https://web.archive.org/web/199911/http://www.k2snowboards.com/
k2--double-wide,k2,K2,Double Wide,1998,earliest_sourced,2001,Seen on brand site (Wayback) 199710-200010; may predate first snapshot,freeride,,,verified,"Wide board. | Site slug 'dubblewide'. Slug 'dubblewide' 199710-199801, 'doublewide' 199910-200010.",https://snowboarder.com/transworld-snowboarding-archive/snowboarding-photos/board-test-wide-rides | https://web.archive.org/web/199710/http://www.k2snowboards.com/ | https://web.archive.org/web/200010/http://www.k2snowboards.com/
k2--ginsu,k2,K2,Ginsu,1998,earliest_sourced,1998,Seen on brand site (Wayback) 199710-199801; may predate first snapshot,unknown,,,likely,Site slug 'ginsu'.,https://web.archive.org/web/199710/http://www.k2snowboards.com/ | https://web.archive.org/web/199801/http://www.k2snowboards.com/
k2--markus,k2,K2,Markus,1998,earliest_sourced,1998,Seen on brand site (Wayback) 199710-199801; may predate first snapshot,unknown,,,likely,"Site slug 'markus'. Rider-first-name slug; probably a pro model, rider not confirmed.",https://web.archive.org/web/199710/http://www.k2snowboards.com/ | https://web.archive.org/web/199801/http://www.k2snowboards.com/
k2--savard,k2,K2,Savard,1998,earliest_sourced,1998,Seen on brand site (Wayback) 199710-199801; may predate first snapshot,unknown,,,likely,"Site slug 'savard'. Rider-surname slug; probably a pro model, rider not confirmed.",https://web.archive.org/web/199710/http://www.k2snowboards.com/ | https://web.archive.org/web/199801/http://www.k2snowboards.com/
k2--swinger,k2,K2,Swinger,1998,earliest_sourced,2000,Seen on brand site (Wayback) 199710-199911; may predate first snapshot,unknown,,,likely,Site slug 'swinger'.,https://web.archive.org/web/199710/http://www.k2snowboards.com/ | https://web.archive.org/web/199911/http://www.k2snowboards.com/
k2--zeppelin,k2,K2,Zeppelin,1998,earliest_sourced,2009,Seen on brand site (Wayback) 199710-200809; may predate first snapshot,freestyle,,,verified,Freestyle board (spelled 'Zepplin' in the 2000 test specs); Mini-Zeppelin in 99/00 preview. | Site slug 'ZEPPELIN'. zeppelin2 slug 199905-199910 folded.,https://www.snowboarder.com/news/board-test-board-specs | https://snowboarder.com/transworld-snowboarding-archive/snowboarding-photos/9900-product-preview-j-l | https://web.archive.org/web/199710/http://www.k2snowboards.com/ | https://web.archive.org/web/200809/http://www.k2snowboards.com/
k2--luna,k2,K2,Luna,1999,earliest_sourced,2007,Seen on brand site (Wayback) 199910-200704; may predate first snapshot,freestyle,,,verified,Women's series 138-157 cm. | Site slug 'LUNA'.,https://www.snowboarder.com/news/how-the-1999-womens-boards-stack-up-a-review | https://www.snowboarder.com/news/board-test-board-specs | https://snowboarder.com/transworld-snowboarding-archive/snowboarding-photos/9900-product-preview-j-l | https://web.archive.org/web/199910/http://www.k2snowboards.com/ | https://web.archive.org/web/200704/http://www.k2snowboards.com/
k2--a-star,k2,K2,A-Star,2000,earliest_sourced,2003,Seen on brand site (Wayback) 199910-200208; may predate first snapshot,all-mountain,,,verified,Site slug 'astar'.,https://www.snowboarder.com/news/snowboard-lifes-top-25-board-test-2000 | https://www.snowboarder.com/news/board-test-board-specs | https://web.archive.org/web/199910/http://www.k2snowboards.com/ | https://web.archive.org/web/200208/http://www.k2snowboards.com/
k2--comet,k2,K2,Comet,2000,earliest_sourced,2001,Seen on brand site (Wayback) 200002-200010; may predate first snapshot,unknown,,,likely,Site slug 'comet'.,https://web.archive.org/web/200002/http://www.k2snowboards.com/ | https://web.archive.org/web/200010/http://www.k2snowboards.com/
k2--electra,k2,K2,Electra,2000,earliest_sourced,2002,Seen on brand site (Wayback) 199910-200206; may predate first snapshot,unknown,,,verified,Site slug 'electra'. electra2 / electra3 slugs (199910-199911) folded.,https://snowboarder.com/transworld-snowboarding-archive/snowboarding-photos/9900-product-preview-j-l | https://web.archive.org/web/199910/http://www.k2snowboards.com/ | https://web.archive.org/web/200206/http://www.k2snowboards.com/
k2--futura,k2,K2,Futura,2000,earliest_sourced,2001,Seen on brand site (Wayback) 200002-200010; may predate first snapshot,all-mountain,,,verified,"Snowboard Life Top 25, 1999/2000. | Site slug 'futura'.",https://www.snowboarder.com/news/snowboard-lifes-top-25-board-test-2000 | https://snowboarder.com/transworld-snowboarding-archive/snowboarding-photos/9900-product-preview-j-l | https://web.archive.org/web/200002/http://www.k2snowboards.com/ | https://web.archive.org/web/200010/http://www.k2snowboards.com/
k2--mini-zeppelin,k2,K2,Mini Zeppelin,2000,earliest_sourced,2005,Seen on brand site (Wayback) 199911-200408; may predate first snapshot,kids,,Zeppelin,likely,Site slug 'minizeppelin'.,https://web.archive.org/web/199911/http://www.k2snowboards.com/ | https://web.archive.org/web/200408/http://www.k2snowboards.com/
k2--spitfire,k2,K2,Spitfire,2000,earliest_sourced,2003,Seen on brand site (Wayback) 200003-200208; may predate first snapshot,unknown,,,verified,Site slug 'spitfire'. spitfirewide variant 200111-200203 folded.,https://snowboarder.com/transworld-snowboarding-archive/snowboarding-photos/9900-product-preview-j-l | https://web.archive.org/web/200003/http://www.k2snowboards.com/ | https://web.archive.org/web/200208/http://www.k2snowboards.com/
k2--stealth-eldo,k2,K2,Stealth Eldo,2000,earliest_sourced,2001,Seen on brand site (Wayback) 200006-200010; may predate first snapshot,unknown,,Eldorado,likely,Site slug 'stealtheldo'.,https://web.archive.org/web/200006/http://www.k2snowboards.com/ | https://web.archive.org/web/200010/http://www.k2snowboards.com/
k2--stinger,k2,K2,Stinger,2000,earliest_sourced,2001,Seen on brand site (Wayback) 200003-200010; may predate first snapshot,kids,,,verified,Site slug 'stinger'.,https://www.snowboarder.com/news/board-test-board-specs | https://web.archive.org/web/200003/http://www.k2snowboards.com/ | https://web.archive.org/web/200010/http://www.k2snowboards.com/
k2--streamer,k2,K2,Streamer,2000,earliest_sourced,2000,Seen on brand site (Wayback) 199910-199911; may predate first snapshot,unknown,,,likely,Site slug 'streamer'.,https://web.archive.org/web/199910/http://www.k2snowboards.com/ | https://web.archive.org/web/199911/http://www.k2snowboards.com/
k2--synergy,k2,K2,Synergy,2000,earliest_sourced,2000,Seen on brand site (Wayback) 199910-199910; may predate first snapshot,unknown,,,likely,Site slug 'synergy'.,https://web.archive.org/web/199910/http://www.k2snowboards.com/
k2--trucker,k2,K2,Trucker,2000,earliest_sourced,2003,Seen on brand site (Wayback) 199910-200208; may predate first snapshot,freeride,,,verified,Wide board. | Site slug 'trucker'.,https://snowboarder.com/transworld-snowboarding-archive/snowboarding-photos/board-test-wide-rides | https://web.archive.org/web/199910/http://www.k2snowboards.com/ | https://web.archive.org/web/200208/http://www.k2snowboards.com/
k2--ultima,k2,K2,Ultima,2000,earliest_sourced,2001,Seen on brand site (Wayback) 200003-200010; may predate first snapshot,freeride,,,verified,"Wide board, Ultima 159 at $499. | Site slug 'ultima'.",https://snowboarder.com/transworld-snowboarding-archive/snowboarding-photos/9900-product-preview-j-l | https://snowboarder.com/transworld-snowboarding-archive/snowboarding-photos/board-test-wide-rides | https://web.archive.org/web/200003/http://www.k2snowboards.com/ | https://web.archive.org/web/200010/http://www.k2snowboards.com/
k2--valhalla,k2,K2,Valhalla,2000,earliest_sourced,2001,Seen on brand site (Wayback) 200003-200010; may predate first snapshot,unknown,,,verified,Site slug 'valhalla'.,https://snowboarder.com/transworld-snowboarding-archive/snowboarding-photos/9900-product-preview-j-l | https://web.archive.org/web/200003/http://www.k2snowboards.com/ | https://web.archive.org/web/200010/http://www.k2snowboards.com/
k2--wish,k2,K2,Wish,2000,earliest_sourced,2000,Seen on brand site (Wayback) 199910-199911; may predate first snapshot,unknown,,,likely,Site slug 'wish'.,https://web.archive.org/web/199910/http://www.k2snowboards.com/ | https://web.archive.org/web/199911/http://www.k2snowboards.com/
k2--darkstar,k2,K2,Darkstar,2001,earliest_sourced,2007,Seen on brand site (Wayback) 200011-200704; may predate first snapshot,unknown,,,likely,Site slug 'DARKSTAR'.,https://web.archive.org/web/200011/http://www.k2snowboards.com/ | https://web.archive.org/web/200704/http://www.k2snowboards.com/
k2--fuse,k2,K2,Fuse,2001,earliest_sourced,2005,Seen on brand site (Wayback) 200011-200412; may predate first snapshot,unknown,,,likely,Site slug 'fuse'. FUSEWIDE variant 200311-200412 folded (extends last year).,https://web.archive.org/web/200011/http://www.k2snowboards.com/ | https://web.archive.org/web/200412/http://www.k2snowboards.com/
k2--mighty-eldo,k2,K2,Mighty Eldo,2001,earliest_sourced,2003,Seen on brand site (Wayback) 200011-200208; may predate first snapshot,unknown,,Eldorado,likely,Site slug 'mightyeldo'.,https://web.archive.org/web/200011/http://www.k2snowboards.com/ | https://web.archive.org/web/200208/http://www.k2snowboards.com/
k2--satellite,k2,K2,Satellite,2001,earliest_sourced,2004,Seen on brand site (Wayback) 200011-200402; may predate first snapshot,unknown,,,likely,Site slug 'satellite'. satellitewide variant 200402 folded.,https://web.archive.org/web/200011/http://www.k2snowboards.com/ | https://web.archive.org/web/200402/http://www.k2snowboards.com/
k2--transit,k2,K2,Transit,2001,earliest_sourced,2003,Seen on brand site (Wayback) 200012-200208; may predate first snapshot,unknown,,,likely,Site slug 'transit'.,https://web.archive.org/web/200012/http://www.k2snowboards.com/ | https://web.archive.org/web/200208/http://www.k2snowboards.com/
k2--wisdom,k2,K2,Wisdom,2001,earliest_sourced,2003,Seen on brand site (Wayback) 200011-200208; may predate first snapshot,unknown,,,likely,Site slug 'wisdom'. wisdomwide variant folded.,https://web.archive.org/web/200011/http://www.k2snowboards.com/ | https://web.archive.org/web/200208/http://www.k2snowboards.com/
k2--mix,k2,K2,Mix,2002,earliest_sourced,2007,Seen on brand site (Wayback) 200111-200611; may predate first snapshot,unknown,,,likely,Site slug 'MIX'.,https://web.archive.org/web/200111/http://www.k2snowboards.com/ | https://web.archive.org/web/200611/http://www.k2snowboards.com/
k2--recon,k2,K2,Recon,2002,earliest_sourced,2004,Seen on brand site (Wayback) 200110-200311; may predate first snapshot,unknown,,,likely,Site slug 'recon'. reconriser (Recon Riser) variant 200112-200311 folded.,https://web.archive.org/web/200110/http://www.k2snowboards.com/ | https://web.archive.org/web/200311/http://www.k2snowboards.com/
k2--scorp,k2,K2,Scorp,2002,earliest_sourced,2002,Seen on brand site (Wayback) 200112-200204; may predate first snapshot,unknown,,,likely,Site slug 'scorp'. scorpaznatica slug 200201-200204 folded.,https://web.archive.org/web/200112/http://www.k2snowboards.com/ | https://web.archive.org/web/200204/http://www.k2snowboards.com/
k2--temptation,k2,K2,Temptation,2002,earliest_sourced,2007,Seen on brand site (Wayback) 200110-200704; may predate first snapshot,unknown,,,likely,Site slug 'temptation'. Slug 'temptation' 200110-200206 and 'TEMPTATION_LIWE' 200702-200704; not seen in between.,https://web.archive.org/web/200110/http://www.k2snowboards.com/ | https://web.archive.org/web/200704/http://www.k2snowboards.com/
k2--access,k2,K2,Access,2004,earliest_sourced,2004,Seen on brand site (Wayback) 200312-200404; may predate first snapshot,unknown,,,likely,Site slug 'accesswide'. Only the wide slug 'accesswide' seen.,https://web.archive.org/web/200312/http://www.k2snowboards.com/ | https://web.archive.org/web/200404/http://www.k2snowboards.com/
k2--ambush,k2,K2,Ambush,2004,earliest_sourced,2004,Seen on brand site (Wayback) 200401-200401; may predate first snapshot,unknown,,,likely,Site slug 'ambush'.,https://web.archive.org/web/200401/http://www.k2snowboards.com/
k2--disciple,k2,K2,Disciple,2004,earliest_sourced,2004,Seen on brand site (Wayback) 200401-200406; may predate first snapshot,unknown,,,likely,Site slug 'disciple'.,https://web.archive.org/web/200401/http://www.k2snowboards.com/ | https://web.archive.org/web/200406/http://www.k2snowboards.com/
k2--gamma,k2,K2,Gamma,2004,earliest_sourced,2004,Seen on brand site (Wayback) 200401-200401; may predate first snapshot,unknown,,,likely,Site slug 'gamma'.,https://web.archive.org/web/200401/http://www.k2snowboards.com/
k2--instinct,k2,K2,Instinct,2004,earliest_sourced,2004,Seen on brand site (Wayback) 200310-200401; may predate first snapshot,unknown,,,likely,Site slug 'instinct'.,https://web.archive.org/web/200310/http://www.k2snowboards.com/ | https://web.archive.org/web/200401/http://www.k2snowboards.com/
k2--kandi,k2,K2,Kandi,2004,earliest_sourced,2004,Seen on brand site (Wayback) 200401-200401; may predate first snapshot,unknown,,,likely,Site slug 'kandi'.,https://web.archive.org/web/200401/http://www.k2snowboards.com/
k2--nemesis,k2,K2,Nemesis,2004,earliest_sourced,2004,Seen on brand site (Wayback) 200308-200308; may predate first snapshot,unknown,,,likely,Site slug 'nemesis'.,https://web.archive.org/web/200308/http://www.k2snowboards.com/
k2--skylla,k2,K2,Skylla,2004,earliest_sourced,2004,Seen on brand site (Wayback) 200401-200402; may predate first snapshot,unknown,,,likely,Site slug 'skylla'.,https://web.archive.org/web/200401/http://www.k2snowboards.com/ | https://web.archive.org/web/200402/http://www.k2snowboards.com/
k2--union,k2,K2,Union,2004,earliest_sourced,2004,Seen on brand site (Wayback) 200311-200401; may predate first snapshot,unknown,,,likely,Site slug 'union'.,https://web.archive.org/web/200311/http://www.k2snowboards.com/ | https://web.archive.org/web/200401/http://www.k2snowboards.com/
k2--www,k2,K2,WWW,2004,earliest_sourced,2018,Earliest sourced 2010; may predate | Seen on brand site (Wayback) 200401-200703; may predate first snapshot,freestyle,,,verified,World Wide Weapon jib board. | Site slug 'WWW'. | QA-corrected.,https://thegoodride.com/snowboard-reviews/k2-www-review-and-buying-advice/ | https://web.archive.org/web/200401/http://www.k2snowboards.com/ | https://web.archive.org/web/200703/http://www.k2snowboards.com/
k2--duchess,k2,K2,Duchess,2007,earliest_sourced,2007,Seen on brand site (Wayback) 200611-200611; may predate first snapshot,unknown,,,likely,Site slug 'DUCHESS'.,https://web.archive.org/web/200611/http://www.k2snowboards.com/
k2--illusion,k2,K2,Illusion,2007,earliest_sourced,2007,Seen on brand site (Wayback) 200610-200611; may predate first snapshot,unknown,,,likely,Site slug 'ILLUSION_WIDE'. Only the wide slug seen.,https://web.archive.org/web/200610/http://www.k2snowboards.com/ | https://web.archive.org/web/200611/http://www.k2snowboards.com/
k2--legend,k2,K2,Legend,2007,earliest_sourced,2007,Seen on brand site (Wayback) 200611-200611; may predate first snapshot,unknown,,,likely,Site slug 'LEGEND'.,https://web.archive.org/web/200611/http://www.k2snowboards.com/
k2--moment,k2,K2,Moment,2007,earliest_sourced,2007,Seen on brand site (Wayback) 200611-200611; may predate first snapshot,unknown,,,likely,Site slug 'MOMENT'.,https://web.archive.org/web/200611/http://www.k2snowboards.com/
k2--select,k2,K2,Select,2007,earliest_sourced,2007,Seen on brand site (Wayback) 200610-200704; may predate first snapshot,unknown,,,likely,Site slug 'SELECT_WIDE'. Only the wide slug seen.,https://web.archive.org/web/200610/http://www.k2snowboards.com/ | https://web.archive.org/web/200704/http://www.k2snowboards.com/
k2--titan,k2,K2,Titan,2007,earliest_sourced,2007,Seen on brand site (Wayback) 200611-200611; may predate first snapshot,unknown,,,likely,Site slug 'TITAN'.,https://web.archive.org/web/200611/http://www.k2snowboards.com/
k2--raygun,k2,K2,Raygun,2010,introduced,2019,,all-mountain,,,likely,,https://thegoodride.com/snowboard-reviews/k2-raygun-2010-2019-snowboard-review/
k2--slayblade,k2,K2,Slayblade,2010,earliest_sourced,2015,Earliest sourced 2010,all-mountain,,,likely,Flat profile until micro camber added 2014.,https://thegoodride.com/snowboard-reviews/k2-slayblade-review-and-buying-advice/
k2--turbo-dream,k2,K2,Turbo Dream,2010,earliest_sourced,2015,Earliest sourced 2010; may predate,all-mountain,,,likely,,https://thegoodride.com/snowboard-reviews/k2-turbo-dream-review-and-buying-advice/
k2--parkstar,k2,K2,Parkstar,2011,earliest_sourced,2013,Earliest/last sourced via evo outlet,freestyle,,,likely,,https://www.evo.com/outlet/snowboards/k2-parkstar-rocker-snowboard | https://www.evo.com/outlet/snowboards/k2-parkstar-snowboard
k2--happy-hour,k2,K2,Happy Hour,2012,introduced,2015,,freestyle,,,likely,,https://thegoodride.com/snowboard-reviews/k2-happy-hour-review-and-buying-advice/
k2--lime-lite,k2,K2,Lime Lite,2013,introduced,2025,,all-mountain,,,verified,Women's.,http://thegoodride.com/snowboard-reviews/k2-lime-lite-review-and-buying-advice/ | https://www.evo.com/shop/snowboard/snowboards/k2
k2--cool-bean,k2,K2,Cool Bean,2016,introduced,2019,,powder,,Enjoyers,likely,,https://thegoodride.com/snowboard-reviews/k2-cool-bean-2016-2019-snowboard-review/
k2--standard,k2,K2,Standard,2016,introduced,2018,,all-mountain,,,likely,,https://www.evo.com/products/79195-k2-standard-snowboard-2016 | https://www.evo.com/outlet/snowboards/k2-standard-snowboard-2017
k2--bottle-rocket,k2,K2,Bottle Rocket,2017,introduced,2018,,freestyle,,,likely,,https://www.evo.com/outlet/snowboards/k2-bottle-rocket-snowboard-2017 | https://www.evo.com/outlet/snowboards/k2-bottle-rocket-snowboard-2018
k2--party-platter,k2,K2,Party Platter,2017,introduced,2024,,all-mountain,,Enjoyers,likely,,https://thegoodride.com/snowboard-reviews/k2-party-platter-2017-2019-snowboard-review/ | https://thegoodride.com/snowboard-reviews/k2-womens-party-platter-2020-2024-snowboard-review-by-steph-w/
k2--broadcast,k2,K2,Broadcast,2019,introduced,,Single year sourced,all-mountain,,,likely,,https://thegoodride.com/snowboard-reviews/k2-broadcast-2019-snowboard-review/
k2--manifest,k2,K2,Manifest,2019,introduced,,,freeride,,,verified,In 2027 evo lineup.,https://thegoodride.com/snowboard-reviews/k2-manifest-snowboard-review/ | https://www.evo.com/shop/snowboard/snowboards/k2
k2--joy-driver,k2,K2,Joy Driver,2020,introduced,,Single year sourced,all-mountain,,,likely,,https://thegoodride.com/snowboard-reviews/k2-joy-driver-2020-snowboard-review/
k2--overboard,k2,K2,Overboard,2020,introduced,,Single year sourced,freeride,,,likely,,https://thegoodride.com/snowboard-reviews/k2-overboard-2020-snowboard-review/
k2--simple-pleasures,k2,K2,Simple Pleasures,2020,introduced,,Niseko Pleasures variant 2025,powder,,Enjoyers,likely,,https://thegoodride.com/snowboard-reviews/k2-simple-pleasures-2020-snowboard-review/ | https://www.evo.com/shop/snowboard/snowboards/k2
k2--dreamsicle,k2,K2,Dreamsicle,2021,introduced,,,all-mountain,,,verified,Women's; in 2027 evo lineup.,https://whitelines.com/snowboard-gear/reviews/snowboards/k2-dreamsicle-2020-2021.html | https://www.evo.com/shop/snowboard/snowboards/k2
k2--medium,k2,K2,Medium,2021,introduced,2025,,freestyle,,,verified,,https://whitelines.com/snowboard-gear/reviews/snowboards/k2-medium-2020-2021.html | https://www.evo.com/shop/snowboard/snowboards/k2
k2--alchemist,k2,K2,Alchemist,2023,introduced,,,freeride,,,verified,,https://thegoodride.com/snowboard-reviews/k2-alchemist-snowboard-review/ | https://www.evo.com/shop/snowboard/snowboards/k2
k2--excavator,k2,K2,Excavator,2023,introduced,,,powder,,,verified,,https://thegoodride.com/snowboard-reviews/k2-excavator-snowboard-review/ | https://www.evo.com/shop/snowboard/snowboards/k2
k2--instrument,k2,K2,Instrument,2023,introduced,2025,,all-mountain,,,verified,,https://thegoodride.com/snowboard-reviews/k2-instrument-snowboard-review/ | https://www.evo.com/shop/snowboard/snowboards/k2
k2--passport,k2,K2,Passport,2023,introduced,,,all-mountain,,,verified,,https://thegoodride.com/snowboard-reviews/k2-passport-snowboard-review/ | https://www.evo.com/shop/snowboard/snowboards/k2
k2--antidote,k2,K2,Antidote,2024,introduced,,,freestyle,,,verified,,https://thegoodride.com/snowboard-reviews/k2-antidote-snowboard-review/ | https://www.evo.com/shop/snowboard/snowboards/k2
k2--almanac,k2,K2,Almanac,2025,introduced,,,all-mountain,,,verified,,https://thegoodride.com/snowboard-reviews/k2-almanac-snowboard-review/ | https://www.evo.com/shop/snowboard/snowboards/k2
k2--embassy,k2,K2,Embassy,2025,earliest_sourced,,,freestyle,,,likely,,https://www.evo.com/shop/snowboard/snowboards/k2
k2--gateway-pop,k2,K2,Gateway Pop,2025,earliest_sourced,,,all-mountain,,,likely,,https://www.evo.com/shop/snowboard/snowboards/k2
k2--hypnotist,k2,K2,Hypnotist,2025,introduced,2026,,freestyle,,,likely,,https://www.evo.com/shop/snowboard/snowboards/k2
k2--commonwealth,k2,K2,Commonwealth,2026,earliest_sourced,,,freestyle,,,likely,,https://www.evo.com/shop/snowboard/snowboards/k2
k2--sky-pilot,k2,K2,Sky Pilot,2026,introduced,,,all-mountain,,,verified,,https://thegoodride.com/snowboard-reviews/k2-sky-pilot-snowboard-review/ | https://www.evo.com/shop/snowboard/snowboards/k2
k2--afterblack,k2,K2,Afterblack,2027,earliest_sourced,,,unknown,,,likely,,https://www.evo.com/shop/snowboard/snowboards/k2
k2--ultra-dream,k2,K2,Ultra Dream,,unknown,,Reviewed by Good Ride; years not captured,freeride,,,likely,,https://thegoodride.com/snowboard-reviews/k2-ultra-dream-review-and-buying-advice/
kemper--freestyle,kemper,Kemper,Freestyle,1987,introduced,1994,,freestyle,,,verified,Freestyle 165/155/135 series; FS 173 in 1993-94 rider set-ups. Michigan museum dates a Kemper Freestyle to 1987.,https://www.michigansnowboardmuseum.com/the-neon-era--other-80s-decks.html | https://archive.org/details/ISM-87-91 | https://archive.org/details/tws-89-93 | https://retrosnow.com/shop/kemper/88-kemper/kemper-freestyle-165/ | https://www.sportique.com/collections/kemper
kemper--aggressor,kemper,Kemper,Aggressor,1988,introduced,1990,,all-mountain,,,verified,Aggressor 170 for intermediate/beginner (ISM 1988-89); reissued with 1988/89 and 1989/90 graphics.,https://archive.org/details/ISM-87-91 | https://archive.org/details/tws-89-93 | https://www.sportique.com/collections/kemper
kemper--flight,kemper,Kemper,Flight,1988,introduced,1991,Retro Snow collector catalog dates the board by two-digit year category; treated as model year.,freestyle,,,verified,Freestyle board with a shaped nose meant to help grabs; reissue graphics labelled 1990/91.,https://retrosnow.com/shop/kemper/88-kemper/kemper-flight/ | https://www.sportique.com/collections/kemper
kemper--rampage,kemper,Kemper,Rampage,1988,introduced,1991,,all-mountain,,,verified,"Rampage 160 all-around board (ISM 1988-89); reissues carry 88/89, 89/90 and 90/91 graphics.",https://archive.org/details/ISM-87-91 | https://www.sportique.com/collections/kemper
kemper--race-t-80,kemper,Kemper,Race T 80,1989,introduced,1989,ISM buyer's guide (issue for the following winter season).,alpine,,,likely,,https://archive.org/details/ISM-87-91
kemper--halfpipe,kemper,Kemper,Halfpipe,1990,introduced,1990,TWS buyer's guide issue dated Oct of the prior calendar year (Oct 1989 issue = model year 1990).,freestyle,,,likely,,https://archive.org/details/tws-89-93
kemper--twin-tip,kemper,Kemper,Twin Tip,1990,introduced,1990,TWS buyer's guide issue dated Oct of the prior calendar year (Oct 1989 issue = model year 1990).,freestyle,,,likely,,https://archive.org/details/tws-89-93
kemper--apex,kemper,Kemper,Apex,1991,introduced,1993,,alpine,,,verified,"Apex GS 170 / Apex SL 160 race boards (ISM 1991), Apex SL (TWS Oct 1992). Reissued 2020s as a powder board with 1990/91 graphics.",https://archive.org/details/ISM-87-91 | https://archive.org/details/tws-89-93 | https://www.sportique.com/collections/kemper
kemper--screamer,kemper,Kemper,Screamer,1991,introduced,1993,,freeride,,,verified,Screamer 167 all-around/freeriding board.,https://archive.org/details/ISM-87-91 | https://archive.org/details/tws-89-93 | https://www.sportique.com/collections/kemper
kemper--fantom,kemper,Kemper,Fantom,1992,introduced,1993,TWS buyer's guide issue dated Oct of the prior calendar year (Oct 1989 issue = model year 1990).,freeride,,,likely,Fantom 162 (Oct 1991 and Oct 1992 guides). Name reused for the 2020/21 reissue line.,https://archive.org/details/tws-89-93
kemper--intruder,kemper,Kemper,Intruder,1993,introduced,1993,TWS buyer's guide issue dated Oct of the prior calendar year (Oct 1989 issue = model year 1990).,freestyle,,,likely,Intruder 160 (Oct 1992 guide).,https://archive.org/details/tws-89-93
kemper--little-titans,kemper,Kemper,Little Titans,2000,introduced,2000,,kids,,,likely,Kids 110-133 cm (99/00 preview).,https://snowboarder.com/transworld-snowboarding-archive/snowboarding-photos/9900-product-preview-j-l
kemper--magna,kemper,Kemper,Magna,2000,introduced,2000,,freestyle,,,likely,Freestyle series 140-155 cm (99/00 preview).,https://snowboarder.com/transworld-snowboarding-archive/snowboarding-photos/9900-product-preview-j-l
kemper--supreme,kemper,Kemper,Supreme,2000,introduced,2000,,freeride,,,likely,Freeride series 155-168 cm (99/00 preview).,https://snowboarder.com/transworld-snowboarding-archive/snowboarding-photos/9900-product-preview-j-l
korua-shapes--otto,korua-shapes,Korua Shapes,Otto,2018,introduced,,Otto Classic 2018; Otto Plus 2021,all-mountain,,,verified,,https://thegoodride.com/snowboard-reviews/korua-otto-classic-snowboard-review/ | https://www.koruashapes.com/collections/snowboards
korua-shapes--pencil,korua-shapes,Korua Shapes,Pencil,2018,introduced,,Pencil Plus 2018; Pencil 2019,freeride,,,verified,Long narrow directional.,https://thegoodride.com/snowboard-reviews/korua-pencil-snowboard-review/ | https://thegoodride.com/snowboard-reviews/korua-pencil-plus-snowboard-review/ | https://www.koruashapes.com/collections/snowboards
korua-shapes--stealth,korua-shapes,Korua Shapes,Stealth,2018,introduced,2019,,freeride,,,likely,,https://thegoodride.com/snowboard-reviews/korua-stealth-2018-2019-snowboard-review
korua-shapes--transition-finder,korua-shapes,Korua Shapes,Transition Finder,2018,introduced,,Formerly marketed as Tranny Finder,all-mountain,,,verified,Plus variant from 2019.,https://thegoodride.com/snowboard-reviews/korua-transition-finder-2018-2022-snowboard-review/ | https://www.koruashapes.com/collections/snowboards
korua-shapes--dart,korua-shapes,Korua Shapes,Dart,2019,earliest_sourced,,,powder,,,verified,Dart Plus variant; in current lineup.,https://thegoodride.com/snowboard-reviews/korua-dart-2019-2020-snowboard-review/ | https://www.koruashapes.com/collections/snowboards
korua-shapes--cafe-racer,korua-shapes,Korua Shapes,Café Racer,2020,introduced,,,all-mountain,,,verified,Carving board; Plus variant.,https://thegoodride.com/snowboard-reviews/korua-cafe-racer-2020-2024-snowboard-review/ | https://www.koruashapes.com/collections/snowboards
korua-shapes--apollo,korua-shapes,Korua Shapes,Apollo,,unknown,,In current lineup; first year not sourced,powder,,,likely,,https://www.koruashapes.com/collections/snowboards
korua-shapes--bullet-train,korua-shapes,Korua Shapes,Bullet Train,,unknown,,Bullet Train Plus in current lineup; first year not sourced ('Bullet Finder' not found),freeride,,,likely,,https://www.koruashapes.com/collections/snowboards
korua-shapes--nose-rider,korua-shapes,Korua Shapes,Nose Rider,,unknown,,In current lineup,powder,,,likely,,https://www.koruashapes.com/collections/snowboards
korua-shapes--pin-tonic,korua-shapes,Korua Shapes,Pin Tonic,,unknown,,In current lineup,powder,,,likely,,https://www.koruashapes.com/collections/snowboards
korua-shapes--pocket-rocket,korua-shapes,Korua Shapes,Pocket Rocket,,unknown,,In current lineup,powder,,,likely,,https://www.koruashapes.com/collections/snowboards
lamar--freedom-light,lamar,Lamar,Freedom Light,1992,introduced,1992,TWS buyer's guide issue dated Oct of the prior calendar year (Oct 1989 issue = model year 1990).,freestyle,,,likely,163 Freedom Light (Oct 1991 guide).,https://archive.org/details/tws-89-93
lamar--szabo,lamar,Lamar,Szabo,1992,introduced,1993,,freestyle,Don Szabo,,verified,"Don Szabo pro model, Szabo 163 (Oct 1992 guide).",https://retrosnow.com/shop/lamar/92-lamar/lamar-don-szabo/ | https://archive.org/details/tws-89-93
lamar--bert-lamar,lamar,Lamar,Bert Lamar,1993,introduced,2000,Continuity between 1994 and 1999 not verified.,freestyle,Bert Lamar,,likely,"Bert Lamar 159 (Oct 1992, 1993 guides); Bert Lamar series in the 99/00 preview.",https://archive.org/details/tws-89-93 | https://snowboarder.com/transworld-snowboarding-archive/snowboarding-photos/9900-product-preview-j-l
lamar--ranquet,lamar,Lamar,Ranquet,1993,introduced,1993,,freestyle,Mike Ranquet,,verified,Ranquet 162; 'Castle' graphic.,https://archive.org/details/tws-89-93 | https://retrosnow.com/shop/lamar/93-lamar/lamar-ranquet-castle/
lamar--team,lamar,Lamar,Team,1993,introduced,1993,TWS buyer's guide issue dated Oct of the prior calendar year (Oct 1989 issue = model year 1990).,freestyle,,,likely,Team 153.,https://archive.org/details/tws-89-93
lamar--hetzel-light,lamar,Lamar,Hetzel Light,2000,introduced,2000,,freestyle,Pete Hetzel,,verified,Hetzel Light / Hetzel Lites (Pete Hetzel).,https://www.snowboarder.com/news/board-test-board-specs | https://snowboarder.com/transworld-snowboarding-archive/snowboarding-photos/9900-product-preview-j-l
lamar--jussi-oksanen,lamar,Lamar,Jussi Oksanen,2000,introduced,2000,,freestyle,Jussi Oksanen,,likely,,https://snowboarder.com/transworld-snowboarding-archive/snowboarding-photos/9900-product-preview-j-l
lamar--merlot,lamar,Lamar,Merlot,2000,introduced,2000,,unknown,,,likely,,https://snowboarder.com/transworld-snowboarding-archive/snowboarding-photos/9900-product-preview-j-l
lamar--metalix,lamar,Lamar,Metalix,2000,introduced,2000,,unknown,,,likely,,https://snowboarder.com/transworld-snowboarding-archive/snowboarding-photos/9900-product-preview-j-l
lamar--scout-ltd,lamar,Lamar,Scout Ltd.,2000,introduced,2000,,unknown,,,likely,,https://snowboarder.com/transworld-snowboarding-archive/snowboarding-photos/9900-product-preview-j-l
lamar--tahoe,lamar,Lamar,Tahoe,2000,introduced,2000,,unknown,,,likely,,https://snowboarder.com/transworld-snowboarding-archive/snowboarding-photos/9900-product-preview-j-l
lib-tech--emma-peel,lib-tech,Lib Tech,Emma Peel,1992,earliest_sourced,2004,1992-1993 confirmed. | Seen on brand site (Wayback) 200308-200311; may predate first snapshot | Introduced 1993 per brand text on the MY2000 Lib page ('a sell out since we introduced it in 1993'); listed 158 cm MY1998.,unknown,,,verified,Early-90s Lib Tech; Michigan Snowboard Museum shows a 1992 'Emma Peel Flowertop'; Retro Snow lists a 1993 example. | Site slug 'emmapeel'. Name revived from the early-1990s Emma Peel. | MY2000 page describes an Emma Peel family ('a board for people of every size that performs like the Emma Peel').,https://www.michigansnowboardmuseum.com/the-neon-era--other-80s-decks.html | https://retrosnow.com/product-category/lib-tech/ | https://web.archive.org/web/200308/http://www.lib-tech.com/ | https://web.archive.org/web/200311/http://www.lib-tech.com/ | https://web.archive.org/web/19980218102632/http://gnu.com/libboards.html | https://web.archive.org/web/19991011030105/http://www.gnu.com/libboards.html
lib-tech--litigator,lib-tech,Lib Tech,Litigator,1992,earliest_sourced,2004,Years from Retro Snow categories. | Seen on brand site (Wayback) 200311-200311; may predate first snapshot | Listed on brand site (Wayback) for MY1998; may predate,unknown,,,verified,"Two examples (1992, 1993 incl. green variant) in Retro Snow museum. | Site slug 'litigator'. Name revived from the early-1990s Litigator.",https://retrosnow.com/product-category/lib-tech/ | https://web.archive.org/web/200311/http://www.lib-tech.com/ | https://web.archive.org/web/19980218102632/http://gnu.com/libboards.html
lib-tech--matt-cummins,lib-tech,Lib Tech,Matt Cummins,1992,earliest_sourced,2009,Earliest confirmed 1992; pro model continues under the Way Finder name. | Seen on brand site (Wayback) 200112-200812; may predate first snapshot | Listed on brand site (Wayback) for MY1998; may predate,freestyle,Matt Cummins,MC,verified,"Matt Cummins pro model; Retro Snow shows graphics MC Tree (1992), MC Cat and MC Rad Rick (1993), Matt Cummins (1994), Pool Skater (1995). Lib Tech history calls the current Matt Cummins 'Way Finder II' 'the longest running pro model in snowboard history'. | Site slug 'matt'. Slug 'matt' 200112-200202 and 'mc' 200308-200812 (read as Matt Cummins series). | 158.7 cm pro model MY1998.",https://retrosnow.com/product-category/lib-tech/ | https://www.lib-tech.com/about-lib-tech/history | https://web.archive.org/web/200112/http://www.lib-tech.com/ | https://web.archive.org/web/200812/http://www.lib-tech.com/ | https://web.archive.org/web/19980218102632/http://gnu.com/libboards.html
lib-tech--jamie-lynn,lib-tech,Lib Tech,Jamie Lynn,1994,earliest_sourced,2002,Earliest confirmed 1994; still in production. Sold 2008-2012 as 'Phoenix Jamie Lynn' (see Phoenix). | Seen on brand site (Wayback) 200109-200204; may predate first snapshot | Listed on brand site (Wayback) for MY1998; may predate,freestyle,Jamie Lynn,,verified,"Jamie Lynn pro model with his own artwork; Retro Snow shows 'Jamie Lynn Octopus' (1994) and 'Jamie Lynn Whale' (1995). Lib Tech history page dates Jamie Lynn's arrival to 1993+. Snowboard International celebrated '30 years of Jamie Lynn pro models' in Dec 2024. Still in the 2026-27 line. | Site slug 'jamie'. | MY1998 pro family variants: Jamie Mini, Jamie Narrow, Jamie Wide, XL Jamie, Jamie 148 (size/width variants folded into one row).",https://retrosnow.com/product-category/lib-tech/ | https://www.lib-tech.com/about-lib-tech/history | https://www.lib-tech.com/snowboards | https://www.evo.com/shop/snowboard/snowboards/lib-technologies | https://www.snowboard.international/news/30-years-of-jamie-lynn-x-lib-tech/ | https://web.archive.org/web/200109/http://www.lib-tech.com/ | https://web.archive.org/web/200204/http://www.lib-tech.com/ | https://web.archive.org/web/19980218102632/http://gnu.com/libboards.html
lib-tech--grocer-shalom,lib-tech,Lib Tech,Grocer Shalom,1995,earliest_sourced,2001,Year from Retro Snow category. | Seen on brand site (Wayback) 200104-200107; may predate first snapshot | Listed on brand site (Wayback) for MY1998; may predate,unknown,,,verified,Retro Snow museum (1995). | Site slug 'Grocer'. Possibly the same model as the 'Grocer Shalom'; not confirmed.,https://retrosnow.com/product-category/lib-tech/ | https://web.archive.org/web/200104/http://www.lib-tech.com/ | https://web.archive.org/web/200107/http://www.lib-tech.com/ | https://web.archive.org/web/19980218102632/http://gnu.com/libboards.html
lib-tech--buddha,lib-tech,Lib Tech,Buddha,1996,introduced,,Year from Retro Snow category.,unknown,,,likely,Retro Snow museum (1996).,https://retrosnow.com/product-category/lib-tech/
lib-tech--acme,lib-tech,Lib Tech,Acme,1998,earliest_sourced,,Listed on brand site (Wayback) for MY1998; may predate,unknown,,,verified,145 cm in MY1998.,https://web.archive.org/web/19980218102632/http://gnu.com/libboards.html
lib-tech--dave-lee,lib-tech,Lib Tech,Dave Lee,1998,earliest_sourced,,Listed on brand site (Wayback) for MY1998; may predate,unknown,Dave Lee,,verified,Pro model; site text says the Dave Lee board was Lib's first autoclave project (1998).,https://web.archive.org/web/19980218102632/http://gnu.com/libboards.html
lib-tech--doughboy,lib-tech,Lib Tech,Doughboy,1998,earliest_sourced,2001,Original: late 1980s per brand (no exact year). Modern reissue confirmed 2025-2027. | Seen on brand site (Wayback) 200104-200107; may predate first snapshot | Listed on brand site (Wayback) for MY1998; may predate,all-mountain,,,verified,Lib Tech says the Doughboy was designed in the late 1980s by founder Mike Olson as a long camber board on a fixed-width stance; returned as 'Doughboy Shredder' (2025-26) and 'Doughboy 185' (2026-27). | Site slug 'Doughboy'.,https://www.lib-tech.com/doughboy | https://www.lib-tech.com/snowboards | https://www.evo.com/shop/snowboard/snowboards/lib-technologies | https://web.archive.org/web/200104/http://www.lib-tech.com/ | https://web.archive.org/web/200107/http://www.lib-tech.com/ | https://web.archive.org/web/19980218102632/http://gnu.com/libboards.html
lib-tech--emmagator,lib-tech,Lib Tech,Emmagator,1998,earliest_sourced,,Listed on brand site (Wayback) for MY1998; may predate,unknown,,Emma Peel,verified,Name combines Emma Peel and Litigator.,https://web.archive.org/web/19980218102632/http://gnu.com/libboards.html
lib-tech--rice-rocket,lib-tech,Lib Tech,Rice Rocket,1998,earliest_sourced,2004,Seen on brand site (Wayback) 200403-200403; may predate first snapshot | Listed on brand site (Wayback) for MY1998; may predate,unknown,,,verified,Site slug 'riceRocket'. Possibly an early Travis Rice model; rider association not confirmed. | 151 cm in MY1998.,https://web.archive.org/web/200403/http://www.lib-tech.com/ | https://web.archive.org/web/19980218102632/http://gnu.com/libboards.html
lib-tech--joey,lib-tech,Lib Tech,Joey,2002,earliest_sourced,2002,Seen on brand site (Wayback) 200110-200112; may predate first snapshot,unknown,,,likely,Site slug 'joey'. Unexpanded slug; possibly a rider-name model.,https://web.archive.org/web/200110/http://www.lib-tech.com/ | https://web.archive.org/web/200112/http://www.lib-tech.com/
lib-tech--trs,lib-tech,Lib Tech,TRS,2002,earliest_sourced,2008,"Earliest confirmed 2008; last confirmed appearance unknown. SnowDB archive covers model years 2008-2012 only, so the real run may be longer. | Seen on brand site (Wayback) 200110-200804; may predate first snapshot",freestyle,,,verified,Long-running twin (MTX/BTX variants 2008-2012); TransWorld archive has a TRS review page. | Site slug 'trs'. trsMt (TRS with Magne-Traction) slug 200710-200812 folded.,https://www.snowdb.com/catalog/lib-technologies | https://www.snowboarder.com/transworld-snowboarding-archive/lib-tech-trs | https://web.archive.org/web/200110/http://www.lib-tech.com/ | https://web.archive.org/web/200804/http://www.lib-tech.com/
lib-tech--dark-series,lib-tech,Lib Tech,Dark Series,2004,earliest_sourced,2012,Confirmed in SnowDB catalog archive for model years 2008-2012 (archive covers 2008-2012 only; run may extend outside that window). | Seen on brand site (Wayback) 200308-200812; may predate first snapshot,freeride,,,verified,Site slug 'darkSeries'.,https://www.snowdb.com/catalog/lib-technologies | https://web.archive.org/web/200308/http://www.lib-tech.com/ | https://web.archive.org/web/200812/http://www.lib-tech.com/
lib-tech--pacifier,lib-tech,Lib Tech,Pacifier,2004,earliest_sourced,2004,Seen on brand site (Wayback) 200311-200311; may predate first snapshot,unknown,,,likely,Site slug 'pacifier'.,https://web.archive.org/web/200311/http://www.lib-tech.com/
lib-tech--phoenix,lib-tech,Lib Tech,Phoenix,2004,earliest_sourced,2012,Confirmed in SnowDB catalog archive for model years 2008-2012 (archive covers 2008-2012 only; run may extend outside that window). | Seen on brand site (Wayback) 200308-200812; may predate first snapshot,freestyle,Jamie Lynn,Phoenix,verified,Jamie Lynn's Phoenix series (Blonde/Redhead/Lando graphics 2009); Mark Landvik rode the 'Phoenix series by Jamie Lynn' (TransWorld 2007). Later listed as 'Phoenix Jamie Lynn' and 'Phoenix Mark Landvik'. | Site slug 'phoenix'. phoenixBtx variant 200810 folded.,https://www.snowdb.com/catalog/lib-technologies | https://snowboarder.com/transworld-snowboarding-archive/snowboarding-photos/what-the-pros-are-rockin-mark-landvik | https://web.archive.org/web/200308/http://www.lib-tech.com/ | https://web.archive.org/web/200812/http://www.lib-tech.com/
lib-tech--scotty-wittlake,lib-tech,Lib Tech,Scotty Wittlake,2004,earliest_sourced,2007,Seen on brand site (Wayback) 200308-200703; may predate first snapshot,unknown,Scotty Wittlake,,likely,Site slug 'scottyWittlake'.,https://web.archive.org/web/200308/http://www.lib-tech.com/ | https://web.archive.org/web/200703/http://www.lib-tech.com/
lib-tech--t-rice-pro,lib-tech,Lib Tech,T.Rice Pro,2005,earliest_sourced,2009,First model year 2005 per brand history; still in production. | Seen on brand site (Wayback) 200511-200812; may predate first snapshot,freestyle,Travis Rice,,verified,Travis Rice's signature all-mountain/freestyle twin; Lib Tech history dates it to 2004/2005. Listed as 'Travis Rice' / 'Travis Rice Pro' (MTX/BTX/Horsepower variants) 2008-2012; TransWorld 2007 has Rice on the 'Lib Tech Travis Rice MTX'. 'T.Rice Pro' in 2026-27 line. | Site slug 'travisRice'.,https://www.lib-tech.com/about-lib-tech/history | https://snowboarder.com/transworld-snowboarding-archive/snowboarding-photos/what-the-pros-are-rockin-travis-rice | https://www.snowdb.com/catalog/lib-technologies | https://www.lib-tech.com/snowboards | https://www.evo.com/shop/snowboard/snowboards/lib-technologies | https://web.archive.org/web/200511/http://www.lib-tech.com/ | https://web.archive.org/web/200812/http://www.lib-tech.com/
lib-tech--cygnus-x1,lib-tech,Lib Tech,Cygnus X1,2007,earliest_sourced,2012,Confirmed in SnowDB catalog archive for model years 2008-2012 (archive covers 2008-2012 only; run may extend outside that window). | Seen on brand site (Wayback) 200611-200812; may predate first snapshot,unknown,,,verified,Site slug 'cygnusX1'.,https://www.snowdb.com/catalog/lib-technologies | https://web.archive.org/web/200611/http://www.lib-tech.com/ | https://web.archive.org/web/200812/http://www.lib-tech.com/
lib-tech--skate-banana,lib-tech,Lib Tech,Skate Banana,2007,earliest_sourced,2009,Brand history says 2006; recorded as model year 2007 (2006/07 season). Still in production. | Seen on brand site (Wayback) 200710-200812; may predate first snapshot,freestyle,,Banana,verified,"The board that introduced Banana Technology (rocker between the feet, Magne-Traction). Lib Tech history dates it to 2006 (i.e. the 2006/07 season); SnowDB lists it from 2007/08; still in 2026-27 line. | Site slug 'skatebanana'. Banana Tech rocker board.",https://www.lib-tech.com/about-lib-tech/history | https://www.snowdb.com/catalog/lib-technologies | https://www.lib-tech.com/snowboards | https://www.evo.com/shop/snowboard/snowboards/lib-technologies | https://web.archive.org/web/200710/http://www.lib-tech.com/ | https://web.archive.org/web/200812/http://www.lib-tech.com/
lib-tech--snow-mullet,lib-tech,Lib Tech,Snow Mullet,2007,earliest_sourced,2011,Confirmed in SnowDB catalog archive for model years 2008-2011 (archive covers 2008-2012 only; run may extend outside that window). | Seen on brand site (Wayback) 200611-200812; may predate first snapshot,unknown,,,verified,"Listed as 'Mullet' (2008), 'Snow Mullet' (2009-10) and '1986 Snow Mullet' (2011). | Site slug 'mullet'.",https://www.snowdb.com/catalog/lib-technologies | https://web.archive.org/web/200611/http://www.lib-tech.com/ | https://web.archive.org/web/200812/http://www.lib-tech.com/
lib-tech--youth-in-asia,lib-tech,Lib Tech,Youth In Asia,2007,earliest_sourced,2008,Confirmed in SnowDB catalog archive for model years 2008-2008 (archive covers 2008-2012 only; run may extend outside that window). | Seen on brand site (Wayback) 200611-200806; may predate first snapshot,kids,,,verified,Site slug 'yia'.,https://www.snowdb.com/catalog/lib-technologies | https://web.archive.org/web/200611/http://www.lib-tech.com/ | https://web.archive.org/web/200806/http://www.lib-tech.com/
lib-tech--banana-hammock,lib-tech,Lib Tech,Banana Hammock,2008,earliest_sourced,2012,2008-2012 confirmed. | Seen on brand site (Wayback) 200710-200812; may predate first snapshot,powder,Travis Rice,Banana,verified,"Full-twin powder board with reverse sidecut and reverse camber (TransWorld 2007, Travis Rice). Later 'Travis Rice Banana Hammock'. | Site slug 'hammock'.",https://snowboarder.com/transworld-snowboarding-archive/snowboarding-photos/what-the-pros-are-rockin-travis-rice | https://www.snowdb.com/catalog/lib-technologies | https://web.archive.org/web/200710/http://www.lib-tech.com/ | https://web.archive.org/web/200812/http://www.lib-tech.com/
lib-tech--box-scratcher,lib-tech,Lib Tech,Box Scratcher,2008,earliest_sourced,2012,Confirmed in SnowDB catalog archive for model years 2008-2012 (archive covers 2008-2012 only; run may extend outside that window). | Seen on brand site (Wayback) 200710-200812; may predate first snapshot,freestyle,,,verified,Jib board; 'Burtner's Box Scratcher' variant 2011-2012 (Ryan Burtner). | Site slug 'boxScratcher'.,https://www.snowdb.com/catalog/lib-technologies | https://web.archive.org/web/200710/http://www.lib-tech.com/ | https://web.archive.org/web/200812/http://www.lib-tech.com/
lib-tech--diy,lib-tech,Lib Tech,DIY,2008,earliest_sourced,2008,Confirmed in SnowDB catalog archive for model years 2008-2008 (archive covers 2008-2012 only; run may extend outside that window). | Seen on brand site (Wayback) 200710-200804; may predate first snapshot,unknown,,,verified,Site slug 'diy'.,https://www.snowdb.com/catalog/lib-technologies | https://web.archive.org/web/200710/http://www.lib-tech.com/ | https://web.archive.org/web/200804/http://www.lib-tech.com/
lib-tech--mc-kink,lib-tech,Lib Tech,MC Kink,2008,earliest_sourced,2011,Confirmed in SnowDB catalog archive for model years 2008-2011 (archive covers 2008-2012 only; run may extend outside that window).,freestyle,Matt Cummins,MC,likely,,https://www.snowdb.com/catalog/lib-technologies
lib-tech--skunk-ape,lib-tech,Lib Tech,Skunk Ape,2008,earliest_sourced,2009,"Earliest confirmed appearance 2008 (SnowDB catalog archive covers 2008-2012 only); in current lineup, so last_year null. | Seen on brand site (Wayback) 200710-200812; may predate first snapshot",all-mountain,,,verified,"Wide-rider board; Skunk Ape, Skunk Ape Camber and Skunk Ape Twin in the 2026-27 line. | Site slug 'skunkApe'.",https://www.snowdb.com/catalog/lib-technologies | https://www.lib-tech.com/snowboards | https://www.evo.com/shop/snowboard/snowboards/lib-technologies | https://web.archive.org/web/200710/http://www.lib-tech.com/ | https://web.archive.org/web/200812/http://www.lib-tech.com/
lib-tech--lando,lib-tech,Lib Tech,Lando,2009,earliest_sourced,2009,Seen on brand site (Wayback) 200808-200812; may predate first snapshot,unknown,,,likely,Site slug 'lando'. Mark Landvik ('Lando') model; possibly the same as the Phoenix Mark Landvik row.,https://web.archive.org/web/200808/http://www.lib-tech.com/ | https://web.archive.org/web/200812/http://www.lib-tech.com/
lib-tech--phoenix-mark-landvik,lib-tech,Lib Tech,Phoenix Mark Landvik,2009,earliest_sourced,2012,Confirmed in SnowDB catalog archive for model years 2009-2012 (archive covers 2008-2012 only; run may extend outside that window).,freeride,Mark Landvik,Phoenix,likely,'Lando' Phoenix variant.,https://www.snowdb.com/catalog/lib-technologies
lib-tech--banana-magic,lib-tech,Lib Tech,Banana Magic,2010,earliest_sourced,2012,Confirmed in SnowDB catalog archive for model years 2010-2012 (archive covers 2008-2012 only; run may extend outside that window).,all-mountain,,Banana,likely,,https://www.snowdb.com/catalog/lib-technologies
lib-tech--lib-ripper,lib-tech,Lib Tech,Lib Ripper,2011,earliest_sourced,2012,Confirmed in SnowDB catalog archive for model years 2011-2012 (archive covers 2008-2012 only; run may extend outside that window).,kids,,,likely,,https://www.snowdb.com/catalog/lib-technologies
lib-tech--travis-rice-horsepower,lib-tech,Lib Tech,Travis Rice Horsepower,2011,earliest_sourced,2012,Confirmed in SnowDB catalog archive for model years 2011-2012 (archive covers 2008-2012 only; run may extend outside that window).,freestyle,Travis Rice,T.Rice,likely,,https://www.snowdb.com/catalog/lib-technologies
lib-tech--attack-banana,lib-tech,Lib Tech,Attack Banana,2012,earliest_sourced,2012,Confirmed in SnowDB catalog archive for model years 2012-2012 (archive covers 2008-2012 only; run may extend outside that window).,all-mountain,,Banana,likely,,https://www.snowdb.com/catalog/lib-technologies
lib-tech--birdman,lib-tech,Lib Tech,Birdman,2012,earliest_sourced,2012,Confirmed in SnowDB catalog archive for model years 2012-2012 (archive covers 2008-2012 only; run may extend outside that window).,freeride,,,likely,,https://www.snowdb.com/catalog/lib-technologies
lib-tech--la-nina-mc,lib-tech,Lib Tech,La Nina MC,2012,earliest_sourced,2012,Confirmed in SnowDB catalog archive for model years 2012-2012 (archive covers 2008-2012 only; run may extend outside that window).,freeride,Matt Cummins,MC,likely,,https://www.snowdb.com/catalog/lib-technologies
lib-tech--travis-rice-pro-split,lib-tech,Lib Tech,Travis Rice Pro Split,2012,earliest_sourced,2012,Confirmed in SnowDB catalog archive for model years 2012-2012 (archive covers 2008-2012 only; run may extend outside that window).,splitboard,Travis Rice,T.Rice,likely,,https://www.snowdb.com/catalog/lib-technologies
lib-tech--orca,lib-tech,Lib Tech,Orca,2019,introduced,,Brand dates introduction to 2018 = model year 2019. Orca II listed 2027.,powder,Travis Rice,Orca,verified,"Short, wide directional powder/all-mountain 'predator' introduced for the 2018/19 season (Lib Tech history says 2018). Sold as 'T.Rice Orca' (evo 2026); succeeded by 'T.Rice Orca II' in 2027.",https://www.lib-tech.com/about-lib-tech/history | https://www.evo.com/shop/snowboard/snowboards/lib-technologies | https://www.lib-tech.com/snowboards
lib-tech--apex-orca,lib-tech,Lib Tech,Apex Orca,2023,introduced,,First 2023 per brand history; still in production.,freeride,Travis Rice,Orca,verified,Premium Orca with Techno Pop construction and 'Anti Matter' 3-D tips; Lib Tech history dates 'Apex Golden Orca'/'Apex Orca II' to 2023. Listed as 'Apex Orca II' 2027.,https://www.lib-tech.com/about-lib-tech/history | https://www.lib-tech.com/snowboards | https://www.evo.com/shop/snowboard/snowboards/lib-technologies
lib-tech--way-finder,lib-tech,Lib Tech,Way Finder,2024,introduced,,Way Finder II confirmed 2024; earlier Way Finder years not confirmed.,unknown,Matt Cummins,MC,verified,"Matt Cummins' current pro model (Way Finder II, 2023/24 per Lib Tech history page).",https://www.lib-tech.com/about-lib-tech/history
lib-tech--cold-brew,lib-tech,Lib Tech,Cold Brew,2025,earliest_sourced,,Earliest confirmed 2025 (current lib-tech.com / evo listings); introduction may be earlier. Still in production.,all-mountain,,,verified,,https://www.lib-tech.com/snowboards | https://www.evo.com/shop/snowboard/snowboards/lib-technologies
lib-tech--dpr,lib-tech,Lib Tech,dPr,2025,earliest_sourced,,Earliest confirmed 2025 (current lib-tech.com / evo listings); introduction may be earlier. Still in production.,all-mountain,,,verified,,https://www.lib-tech.com/snowboards | https://www.evo.com/shop/snowboard/snowboards/lib-technologies | https://thegoodride.com/snowboard-reviews/
lib-tech--dynamo,lib-tech,Lib Tech,Dynamo,2026,earliest_sourced,,Earliest confirmed 2026 (current lib-tech.com / evo listings); introduction may be earlier. Still in production.,all-mountain,,,verified,,https://www.lib-tech.com/snowboards | https://www.evo.com/shop/snowboard/snowboards/lib-technologies
lib-tech--ejack-knife,lib-tech,Lib Tech,EJack Knife,2026,earliest_sourced,,Earliest confirmed 2026 (current lib-tech.com / evo listings); introduction may be earlier. Still in production.,all-mountain,Eric Jackson,,verified,,https://www.lib-tech.com/snowboards | https://www.evo.com/shop/snowboard/snowboards/lib-technologies
lib-tech--mayhem-rocket,lib-tech,Lib Tech,Mayhem Rocket,2026,earliest_sourced,,Earliest confirmed 2026 (current lib-tech.com / evo listings); introduction may be earlier. Still in production.,powder,,,verified,Lost/Mayhem (Matt Biolos) surf-shape collaboration.,https://www.lib-tech.com/snowboards | https://www.evo.com/shop/snowboard/snowboards/lib-technologies
lib-tech--terrain-wrecker,lib-tech,Lib Tech,Terrain Wrecker,2026,earliest_sourced,,Earliest confirmed 2026 (current lib-tech.com / evo listings); introduction may be earlier. Still in production.,all-mountain,,,verified,,https://www.lib-tech.com/snowboards | https://www.evo.com/shop/snowboard/snowboards/lib-technologies
lib-tech--banana-blaster,lib-tech,Lib Tech,Banana Blaster,2027,earliest_sourced,,Earliest confirmed 2027 (current lib-tech.com / evo listings); introduction may be earlier. Still in production.,kids,,,verified,,https://www.lib-tech.com/snowboards | https://www.evo.com/shop/snowboard/snowboards/lib-technologies
lib-tech--cortado,lib-tech,Lib Tech,Cortado,2027,earliest_sourced,,Earliest confirmed 2027 (current lib-tech.com / evo listings); introduction may be earlier. Still in production.,all-mountain,,,likely,Women's model.,https://www.evo.com/shop/snowboard/snowboards/lib-technologies
lib-tech--dynamiss,lib-tech,Lib Tech,Dynamiss,2027,earliest_sourced,,Earliest confirmed 2027 (current lib-tech.com / evo listings); introduction may be earlier. Still in production.,all-mountain,,,likely,Women's model.,https://www.evo.com/shop/snowboard/snowboards/lib-technologies
lib-tech--escalator-split,lib-tech,Lib Tech,Escalator Split,2027,earliest_sourced,,Earliest confirmed 2027 (current lib-tech.com / evo listings); introduction may be earlier. Still in production.,splitboard,,,likely,,https://www.lib-tech.com/snowboards
lib-tech--glider,lib-tech,Lib Tech,Glider,2027,earliest_sourced,,Earliest confirmed 2027 (current lib-tech.com / evo listings); introduction may be earlier. Still in production.,unknown,,,likely,Women's model.,https://www.evo.com/shop/snowboard/snowboards/lib-technologies
lib-tech--legitimizer,lib-tech,Lib Tech,Legitimizer,2027,earliest_sourced,,Earliest confirmed 2027 (current lib-tech.com / evo listings); introduction may be earlier. Still in production.,freestyle,,,verified,,https://www.lib-tech.com/snowboards | https://www.evo.com/shop/snowboard/snowboards/lib-technologies
lib-tech--lib-rig,lib-tech,Lib Tech,Lib Rig,2027,earliest_sourced,,Earliest confirmed 2027 (current lib-tech.com / evo listings); introduction may be earlier. Still in production.,all-mountain,,,verified,,https://www.lib-tech.com/snowboards | https://www.evo.com/shop/snowboard/snowboards/lib-technologies
lib-tech--mayhem-ripper,lib-tech,Lib Tech,Mayhem Ripper,2027,earliest_sourced,,Earliest confirmed 2027 (current lib-tech.com / evo listings); introduction may be earlier. Still in production.,other,,,verified,Lost/Mayhem (Matt Biolos) surf-shape collaboration.,https://www.lib-tech.com/snowboards | https://www.evo.com/shop/snowboard/snowboards/lib-technologies
lib-tech--mayhem-sweetfish,lib-tech,Lib Tech,Mayhem Sweetfish,2027,earliest_sourced,,Earliest confirmed 2027 (current lib-tech.com / evo listings); introduction may be earlier. Still in production.,powder,,,verified,Lost/Mayhem (Matt Biolos) surf-shape collaboration.,https://www.lib-tech.com/snowboards | https://www.evo.com/shop/snowboard/snowboards/lib-technologies
lib-tech--off-ramp,lib-tech,Lib Tech,Off Ramp,2027,earliest_sourced,,Earliest confirmed 2027 (current lib-tech.com / evo listings); introduction may be earlier. Still in production.,kids,,,verified,,https://www.lib-tech.com/snowboards | https://www.evo.com/shop/snowboard/snowboards/lib-technologies
lib-tech--orca-ii,lib-tech,Lib Tech,Orca II,2027,earliest_sourced,,Earliest confirmed 2027.,powder,Travis Rice,Orca,verified,Second-generation Orca ('T.Rice Orca II'); Orca II Techno Split also listed for 2026/27.,https://www.lib-tech.com/snowboards | https://www.evo.com/shop/snowboard/snowboards/lib-technologies | https://www.lib-tech.com/about-lib-tech/history
lib-tech--two-time,lib-tech,Lib Tech,Two Time,2027,earliest_sourced,,Earliest confirmed 2027 (current lib-tech.com / evo listings); introduction may be earlier. Still in production.,freestyle,,,likely,Women's model.,https://www.evo.com/shop/snowboard/snowboards/lib-technologies
lib-tech--golden-orca,lib-tech,Lib Tech,Golden Orca,,unknown,,Brand history gives only '2018+'; confirmed in 2026-27 lineup. First year not pinned.,freeride,Travis Rice,Orca,verified,Travis Rice Orca variant; Lib Tech history lists it as '2018+'; in 2026-27 line.,https://www.lib-tech.com/about-lib-tech/history | https://www.lib-tech.com/snowboards | https://www.evo.com/shop/snowboard/snowboards/lib-technologies
lobster--freestyle,lobster,Lobster,Freestyle,2015,introduced,,Single year sourced,freestyle,,,likely,,https://thegoodride.com/snowboard-reviews/lobster-freestyle-snowboard-review-and-buying-advice/
lobster--halldor-pro,lobster,Lobster,Halldor Pro,2019,introduced,2022,,freestyle,Halldor Helgason,,verified,,https://whitelines.com/snowboard-gear/reviews/snowboards/lobster-halldor-pro-2018-2019.html | https://thegoodride.com/snowboard-reviews/lobster-halldor-pro-2020-snowboard-review/
lobster--stomper,lobster,Lobster,Stomper,2020,introduced,2023,,freestyle,,,verified,,https://whitelines.com/snowboard-gear/reviews/snowboards/lobster-stomper-2019-2020.html | https://whitelines.com/brands/lobster
lobster--eiki-pro,lobster,Lobster,Eiki Pro,2021,introduced,2022,Listed as 'Eiki' in 2021/22,freestyle,Eiki Helgason,,verified,,https://whitelines.com/snowboard-gear/reviews/snowboards/lobster-eiki-pro-2020-2021.html | https://whitelines.com/brands/lobster
lobster--cream,lobster,Lobster,Cream,2022,introduced,2023,Creamer in 2022/23,freestyle,,,likely,,https://whitelines.com/brands/lobster
lobster--sender,lobster,Lobster,Sender,2022,introduced,2023,,all-mountain,,,likely,,https://whitelines.com/brands/lobster
lobster--shifter,lobster,Lobster,Shifter,2022,introduced,2023,,freestyle,,,verified,,https://whitelines.com/snowboard-gear/reviews/snowboards/lobster-shifter-2021-2022.html | https://whitelines.com/brands/lobster
look--lamar-freestyle,look,Look,Lamar Freestyle,1988,introduced,1991,,freestyle,Bert Lamar,,verified,Look Bert Lamar Freestyle 170; Michigan museum dates it 1988.,https://www.michigansnowboardmuseum.com/the-neon-era--other-80s-decks.html | https://retrosnow.com/shop/look/88-look/look-lamar-freestyle-170/ | https://archive.org/details/ISM-87-91 | https://archive.org/details/tws-89-93
look--trick-stick,look,Look,Trick Stick,1988,introduced,1991,,freestyle,Bert Lamar,,verified,Bert Lamar 'Trick Stick' (142 cm example dated 1991 at Retro Snow).,https://www.michigansnowboardmuseum.com/the-neon-era--other-80s-decks.html | https://retrosnow.com/shop/look/libtech-91-look/look-trick-stick-142/ | https://archive.org/details/ISM-87-91 | https://archive.org/details/tws-89-93
look--bumpstick,look,Look,Bumpstick,1991,introduced,1991,,all-mountain,,,verified,Bumpstick 155 (ISM 1991); TWS Oct 1990 lists Bumpstick/Micro Bumpstick.,https://archive.org/details/ISM-87-91 | https://archive.org/details/tws-89-93
look--grinder,look,Look,Grinder,1991,introduced,1991,ISM buyer's guide (issue for the following winter season).,all-mountain,,,likely,,https://archive.org/details/ISM-87-91
look--overspeed,look,Look,Overspeed,1991,introduced,1991,,alpine,,,verified,Overspeed 175 asymmetrical race board.,https://archive.org/details/ISM-87-91 | https://archive.org/details/tws-89-93
mistral--swallowtail,mistral,Mistral,Swallowtail,1987,introduced,1987,,swallowtail,,,likely,Michigan museum: Mistral Swallowtail (1987).,https://www.michigansnowboardmuseum.com/the-neon-era--other-80s-decks.html
mistral--aztec,mistral,Mistral,Aztec,1990,introduced,1990,TWS buyer's guide issue dated Oct of the prior calendar year (Oct 1989 issue = model year 1990).,unknown,,,likely,,https://archive.org/details/tws-89-93
mistral--cherokee,mistral,Mistral,Cherokee,1990,introduced,1990,,all-mountain,,,verified,,https://archive.org/details/tws-89-93 | https://archive.org/details/ISM-87-91
mistral--inca,mistral,Mistral,Inca,1990,introduced,1990,TWS buyer's guide issue dated Oct of the prior calendar year (Oct 1989 issue = model year 1990).,unknown,,,likely,,https://archive.org/details/tws-89-93
mistral--yucatan,mistral,Mistral,Yucatan,1990,introduced,1990,TWS buyer's guide issue dated Oct of the prior calendar year (Oct 1989 issue = model year 1990).,unknown,,,likely,,https://archive.org/details/tws-89-93
mistral--ecstasy,mistral,Mistral,Ecstasy,1991,introduced,1993,,alpine,,,verified,Ecstasy 167 race board; Ecstacy XS4 (1993).,https://archive.org/details/ISM-87-91 | https://archive.org/details/tws-89-93
mistral--emotion,mistral,Mistral,Emotion,1991,introduced,1991,ISM buyer's guide (issue for the following winter season).,freestyle,,,likely,,https://archive.org/details/ISM-87-91
mistral--energy,mistral,Mistral,Energy,1991,introduced,1993,,alpine,,,verified,"Energy 170 (1991), Energy 660 (1993).",https://archive.org/details/ISM-87-91 | https://archive.org/details/tws-89-93
mistral--escape,mistral,Mistral,Escape,1991,introduced,1993,,all-mountain,,,verified,"162 Escape (1991), Escape R62 (1992-93).",https://archive.org/details/ISM-87-91 | https://archive.org/details/tws-89-93
mistral--george-pappas-freestyle,mistral,Mistral,George Pappas Freestyle,1991,introduced,1991,Retro Snow collector catalog dates the board by two-digit year category; treated as model year.,freestyle,George Pappas,,likely,,https://retrosnow.com/shop/mistral/91-mistral/mistral-freestyle-george-pappas/
morrow--blaze,morrow,Morrow,Blaze,1990,earliest_sourced,2006,Gap between mid-90s listings not verified; name confirmed at both ends. | Seen on brand site (Wayback) 200304-200603; may predate first snapshot,all-mountain,,,verified,Blaze 165 was Morrow's early all-foam-core board (1990-91); the Blaze name was in use again for the 1999/2000 Snowboard Life Top 25. | Site slug 'Blaze'.,https://www.michigansnowboardmuseum.com/the-neon-era--other-80s-decks.html | https://archive.org/details/ISM-87-91 | https://retrosnow.com/shop/morrow/libtech-91-morrow/morrow-blaze/ | https://archive.org/details/tws-89-93 | https://www.snowboarder.com/news/snowboard-lifes-top-25-board-test-2000 | https://www.snowboarder.com/news/board-test-board-specs | https://web.archive.org/web/200304/http://www.morrowsnowboards.com/ | https://web.archive.org/web/200603/http://www.morrowsnowboards.com/
morrow--all,morrow,Morrow,All,1991,introduced,1991,ISM buyer's guide (issue for the following winter season).,all-mountain,,,likely,All 167.,https://archive.org/details/ISM-87-91
morrow--bolt,morrow,Morrow,Bolt,1991,introduced,1991,ISM buyer's guide (issue for the following winter season).,alpine,,,likely,169 Bolt in the GS/SL Alpine asymmetrical race series.,https://archive.org/details/ISM-87-91
morrow--freestyle,morrow,Morrow,Freestyle,1991,introduced,1991,ISM buyer's guide (issue for the following winter season).,freestyle,,,likely,Freestyle 162/153.,https://archive.org/details/ISM-87-91
morrow--tremor,morrow,Morrow,Tremor,1991,introduced,1991,ISM buyer's guide (issue for the following winter season).,all-mountain,,,likely,Tremor 150.,https://archive.org/details/ISM-87-91
morrow--free-pro,morrow,Morrow,Free Pro,1992,introduced,1994,,freestyle,,,verified,"FP 63 (1992), Freepro 6 (1993), Freepro in rider set-ups (1994); Retro Snow 'Free Pro 60' dated 1993.",https://archive.org/details/tws-89-93 | https://retrosnow.com/shop/morrow/93-morrow/morrow-free-pro-60/
morrow--multi-pro,morrow,Morrow,Multi Pro,1992,introduced,1993,TWS buyer's guide issue dated Oct of the prior calendar year (Oct 1989 issue = model year 1990).,all-mountain,,,likely,"MP 64 (1992), Multipro 6 (1993).",https://archive.org/details/tws-89-93
morrow--spoon,morrow,Morrow,Spoon,1992,earliest_sourced,1998,Retro Snow collector catalog dates the board by two-digit year category; treated as model year. | Seen on brand site (Wayback) 199801-199804; may predate first snapshot,freestyle,,,verified,Spoon 5.6. | Site slug 'spoon'.,https://retrosnow.com/shop/morrow/92-morrow/morrow-spoon-5-6/ | https://web.archive.org/web/199801/http://www.morrowsnowboards.com/goods/boards/spoon/ | https://web.archive.org/web/199804/http://www.morrowsnowboards.com/
morrow--axipro,morrow,Morrow,Axipro,1993,introduced,1993,TWS buyer's guide issue dated Oct of the prior calendar year (Oct 1989 issue = model year 1990).,alpine,,,likely,Axipro 6.,https://archive.org/details/tws-89-93
morrow--longboard,morrow,Morrow,Longboard,1994,introduced,1994,TWS buyer's guide issue dated Oct of the prior calendar year (Oct 1989 issue = model year 1990).,freeride,,,likely,Listed in a rider set-up (Oct 1993 guide).,https://archive.org/details/tws-89-93
morrow--todd-richards,morrow,Morrow,Todd Richards,1995,introduced,1995,Retro Snow collector catalog dates the board by two-digit year category; treated as model year.,freestyle,Todd Richards,,likely,Todd Richards 151.,https://retrosnow.com/shop/morrow/95/morrow-todd-richards-151/
morrow--revert,morrow,Morrow,Revert,1997,earliest_sourced,2009,Seen on brand site (Wayback) 200810-200812; may predate first snapshot,freestyle,,Revert,verified,"3D Revert Series, $360 (1997 preview). A 'Morrow Revert $219' also appears in a 1994 TWS price list that seems to be bindings, so not counted. | Site slug 'revert'. Name revived from the 1990s Revert; 1998 site showed 3D Revert / Revert X instead.",https://snowboarder.com/featured/1997-preview-of-womens-snowboard-equipment | https://web.archive.org/web/200810/http://www.morrowsnowboards.com/ | https://web.archive.org/web/200812/http://www.morrowsnowboards.com/
morrow--3d-revert,morrow,Morrow,3D Revert,1998,earliest_sourced,1998,Seen on brand site (Wayback) 199801-199804; may predate first snapshot,unknown,,Revert,likely,Site slug '3Drevert'.,https://web.archive.org/web/199801/http://www.morrowsnowboards.com/goods/boards/3Drevert/ | https://web.archive.org/web/199804/http://www.morrowsnowboards.com/
morrow--escape,morrow,Morrow,Escape,1998,earliest_sourced,1998,Seen on brand site (Wayback) 199801-199804; may predate first snapshot,unknown,,,likely,Site slug 'escape'.,https://web.archive.org/web/199801/http://www.morrowsnowboards.com/goods/boards/escape/ | https://web.archive.org/web/199804/http://www.morrowsnowboards.com/
morrow--goodwill,morrow,Morrow,Goodwill,1998,earliest_sourced,1998,Seen on brand site (Wayback) 199801-199804; may predate first snapshot,unknown,,,likely,Site slug 'goodwill'. Listed in 176 cm.,https://web.archive.org/web/199801/http://www.morrowsnowboards.com/goods/boards/goodwill/ | https://web.archive.org/web/199804/http://www.morrowsnowboards.com/
morrow--indy,morrow,Morrow,Indy,1998,earliest_sourced,1998,Seen on brand site (Wayback) 199801-199804; may predate first snapshot,unknown,,,likely,Site slug 'indy'.,https://web.archive.org/web/199801/http://www.morrowsnowboards.com/goods/boards/indy/ | https://web.archive.org/web/199804/http://www.morrowsnowboards.com/
morrow--masters,morrow,Morrow,Masters,1998,earliest_sourced,2000,Seen on brand site (Wayback) 199801-199804; may predate first snapshot | Seen on brand site (Wayback) 200003-200003; may predate first snapshot,unknown,,,verified,Site slug 'masters'. | Site slug 'mast'.,https://web.archive.org/web/199801/http://www.morrowsnowboards.com/goods/boards/masters/ | https://web.archive.org/web/199804/http://www.morrowsnowboards.com/ | https://web.archive.org/web/200003/http://www.morrowsnowboards.com/
morrow--plus,morrow,Morrow,Plus,1998,earliest_sourced,1998,Seen on brand site (Wayback) 199801-199804; may predate first snapshot,unknown,,,likely,Site slug 'plus'.,https://web.archive.org/web/199801/http://www.morrowsnowboards.com/goods/boards/plus/ | https://web.archive.org/web/199804/http://www.morrowsnowboards.com/
morrow--rail,morrow,Morrow,Rail,1998,earliest_sourced,2009,Seen on brand site (Wayback) 199801-200812; may predate first snapshot,unknown,,,likely,Site slug 'rail'. Seen 1998 (/goods/boards/rail/) and again 2008-09; not seen in between.,https://web.archive.org/web/199801/http://www.morrowsnowboards.com/goods/boards/rail/ | https://web.archive.org/web/200812/http://www.morrowsnowboards.com/
morrow--revert-x,morrow,Morrow,Revert X,1998,earliest_sourced,1998,Seen on brand site (Wayback) 199801-199804; may predate first snapshot,unknown,,Revert,likely,Site slug 'revertx'.,https://web.archive.org/web/199801/http://www.morrowsnowboards.com/goods/boards/revertx/ | https://web.archive.org/web/199804/http://www.morrowsnowboards.com/
morrow--sky,morrow,Morrow,Sky,1998,earliest_sourced,1998,Seen on brand site (Wayback) 199801-199804; may predate first snapshot,unknown,,,likely,Site slug 'sky'.,https://web.archive.org/web/199801/http://www.morrowsnowboards.com/goods/boards/sky/ | https://web.archive.org/web/199804/http://www.morrowsnowboards.com/
morrow--slick,morrow,Morrow,Slick,1998,earliest_sourced,2009,Seen on brand site (Wayback) 199801-200812; may predate first snapshot,unknown,,,likely,"Site slug 'slick'. Seen 1998 (/goods/boards/slick/) and again 2008-09 (slick, slick_girls); not seen in between.",https://web.archive.org/web/199801/http://www.morrowsnowboards.com/goods/boards/slick/ | https://web.archive.org/web/200812/http://www.morrowsnowboards.com/
morrow--tr,morrow,Morrow,TR,1998,earliest_sourced,2000,Seen on brand site (Wayback) 199801-200003; may predate first snapshot,unknown,Todd Richards,,likely,Site slug 'tr'. Todd Richards pro model (TR).,https://web.archive.org/web/199801/http://www.morrowsnowboards.com/goods/boards/tr/ | https://web.archive.org/web/200003/http://www.morrowsnowboards.com/
morrow--wildflower,morrow,Morrow,Wildflower,1999,earliest_sourced,2009,Seen on brand site (Wayback) 200304-200812; may predate first snapshot,freestyle,,,verified,"Wildflower 152, women's. | Site slug 'Wildflower'. Women's board.",https://www.snowboarder.com/news/how-the-1999-womens-boards-stack-up-a-review | https://web.archive.org/web/200304/http://www.morrowsnowboards.com/ | https://web.archive.org/web/200812/http://www.morrowsnowboards.com/
morrow--dime,morrow,Morrow,Dime,2000,earliest_sourced,2000,Seen on brand site (Wayback) 200002-200002; may predate first snapshot,unknown,,,likely,Site slug 'dime'.,https://web.archive.org/web/200002/http://www.morrowsnowboards.com/
morrow--dimension,morrow,Morrow,Dimension,2000,earliest_sourced,2009,Seen on brand site (Wayback) 200810-200812; may predate first snapshot,all-mountain,,,verified,"Snowboard Life Top 25, 1999/2000. | Site slug 'dimension'.",https://www.snowboarder.com/news/snowboard-lifes-top-25-board-test-2000 | https://www.snowboarder.com/news/board-test-board-specs | https://web.archive.org/web/200810/http://www.morrowsnowboards.com/ | https://web.archive.org/web/200812/http://www.morrowsnowboards.com/
morrow--lith,morrow,Morrow,Lith,2000,earliest_sourced,2000,Seen on brand site (Wayback) 199911-200003; may predate first snapshot,unknown,,,likely,Site slug 'lith'.,https://web.archive.org/web/199911/http://www.morrowsnowboards.com/ | https://web.archive.org/web/200003/http://www.morrowsnowboards.com/
morrow--rad,morrow,Morrow,Rad,2000,earliest_sourced,2000,Seen on brand site (Wayback) 200003-200003; may predate first snapshot,unknown,,,likely,Site slug 'radwide'. Only the wide version slug 'radwide' seen.,https://web.archive.org/web/200003/http://www.morrowsnowboards.com/
morrow--rocket,morrow,Morrow,Rocket,2000,introduced,2000,,alpine,,,likely,"Freecarve category, 2000 board test specs.",https://www.snowboarder.com/news/board-test-board-specs
morrow--stacey,morrow,Morrow,Stacey,2000,earliest_sourced,2000,Seen on brand site (Wayback) 200003-200003; may predate first snapshot,unknown,,,likely,"Site slug 'stacey'. Rider-first-name slug; may be a pro model, rider not confirmed.",https://web.archive.org/web/200003/http://www.morrowsnowboards.com/
morrow--unit,morrow,Morrow,Unit,2000,earliest_sourced,2000,Seen on brand site (Wayback) 200003-200006; may predate first snapshot,unknown,,,likely,Site slug 'unit'.,https://web.archive.org/web/200003/http://www.morrowsnowboards.com/ | https://web.archive.org/web/200006/http://www.morrowsnowboards.com/
morrow--axiom,morrow,Morrow,Axiom,2003,earliest_sourced,2005,Seen on brand site (Wayback) 200304-200408; may predate first snapshot,unknown,,,likely,Site slug 'axiom'.,https://web.archive.org/web/200304/http://www.morrowsnowboards.com/ | https://web.archive.org/web/200408/http://www.morrowsnowboards.com/
morrow--radium,morrow,Morrow,Radium,2003,earliest_sourced,2009,Seen on brand site (Wayback) 200304-200812; may predate first snapshot,unknown,,,likely,Site slug 'Radium'. radiumWide variant 200304-200310 folded.,https://web.archive.org/web/200304/http://www.morrowsnowboards.com/ | https://web.archive.org/web/200812/http://www.morrowsnowboards.com/
morrow--trooper,morrow,Morrow,Trooper,2003,earliest_sourced,2009,Seen on brand site (Wayback) 200304-200812; may predate first snapshot,unknown,,,likely,Site slug 'Trooper'.,https://web.archive.org/web/200304/http://www.morrowsnowboards.com/ | https://web.archive.org/web/200812/http://www.morrowsnowboards.com/
morrow--truth,morrow,Morrow,Truth,2003,earliest_sourced,2009,Seen on brand site (Wayback) 200304-200812; may predate first snapshot,unknown,,,likely,Site slug 'Truth'.,https://web.archive.org/web/200304/http://www.morrowsnowboards.com/ | https://web.archive.org/web/200812/http://www.morrowsnowboards.com/
morrow--fury,morrow,Morrow,Fury,2004,earliest_sourced,2009,Seen on brand site (Wayback) 200310-200812; may predate first snapshot,unknown,,,likely,Site slug 'fury'.,https://web.archive.org/web/200310/http://www.morrowsnowboards.com/ | https://web.archive.org/web/200812/http://www.morrowsnowboards.com/
morrow--source,morrow,Morrow,Source,2004,earliest_sourced,2009,Seen on brand site (Wayback) 200310-200812; may predate first snapshot,unknown,,,likely,Site slug 'Source'.,https://web.archive.org/web/200310/http://www.morrowsnowboards.com/ | https://web.archive.org/web/200812/http://www.morrowsnowboards.com/
morrow--generation,morrow,Morrow,Generation,2005,earliest_sourced,2009,Seen on brand site (Wayback) 200412-200812; may predate first snapshot,unknown,,,likely,Site slug 'Generation'.,https://web.archive.org/web/200412/http://www.morrowsnowboards.com/ | https://web.archive.org/web/200812/http://www.morrowsnowboards.com/
morrow--mantra,morrow,Morrow,Mantra,2005,earliest_sourced,2009,Seen on brand site (Wayback) 200412-200812; may predate first snapshot,unknown,,,likely,Site slug 'Mantra'.,https://web.archive.org/web/200412/http://www.morrowsnowboards.com/ | https://web.archive.org/web/200812/http://www.morrowsnowboards.com/
morrow--clutch,morrow,Morrow,Clutch,2006,earliest_sourced,2009,Seen on brand site (Wayback) 200603-200812; may predate first snapshot,unknown,,,likely,Site slug 'Clutch'.,https://web.archive.org/web/200603/http://www.morrowsnowboards.com/ | https://web.archive.org/web/200812/http://www.morrowsnowboards.com/
morrow--hemisphere,morrow,Morrow,Hemisphere,2006,earliest_sourced,2009,Seen on brand site (Wayback) 200603-200812; may predate first snapshot,unknown,,,likely,Site slug 'Hemisphere'.,https://web.archive.org/web/200603/http://www.morrowsnowboards.com/ | https://web.archive.org/web/200812/http://www.morrowsnowboards.com/
morrow--lithium,morrow,Morrow,Lithium,2006,earliest_sourced,2009,Seen on brand site (Wayback) 200603-200812; may predate first snapshot,unknown,,,likely,Site slug 'Lithium'.,https://web.archive.org/web/200603/http://www.morrowsnowboards.com/ | https://web.archive.org/web/200812/http://www.morrowsnowboards.com/
morrow--lotus,morrow,Morrow,Lotus,2006,earliest_sourced,2009,Seen on brand site (Wayback) 200603-200812; may predate first snapshot,unknown,,,likely,Site slug 'Lotus'.,https://web.archive.org/web/200603/http://www.morrowsnowboards.com/ | https://web.archive.org/web/200812/http://www.morrowsnowboards.com/
morrow--mini-wildflower,morrow,Morrow,Mini Wildflower,2006,earliest_sourced,2009,Seen on brand site (Wayback) 200603-200812; may predate first snapshot,kids,,Wildflower,likely,Site slug 'Mini_Wildflower'. Girls' version of the Wildflower.,https://web.archive.org/web/200603/http://www.morrowsnowboards.com/ | https://web.archive.org/web/200812/http://www.morrowsnowboards.com/
morrow--peak,morrow,Morrow,Peak,2006,earliest_sourced,2009,Seen on brand site (Wayback) 200603-200812; may predate first snapshot,unknown,,,likely,Site slug 'Peak'.,https://web.archive.org/web/200603/http://www.morrowsnowboards.com/ | https://web.archive.org/web/200812/http://www.morrowsnowboards.com/
morrow--rv,morrow,Morrow,RV,2006,earliest_sourced,2009,Seen on brand site (Wayback) 200603-200812; may predate first snapshot,unknown,,,likely,Site slug 'RV'.,https://web.archive.org/web/200603/http://www.morrowsnowboards.com/ | https://web.archive.org/web/200812/http://www.morrowsnowboards.com/
morrow--siphon,morrow,Morrow,Siphon,2006,earliest_sourced,2006,Seen on brand site (Wayback) 200603-200603; may predate first snapshot,unknown,,,likely,Site slug 'Siphon'.,https://web.archive.org/web/200603/http://www.morrowsnowboards.com/
morrow--challenger,morrow,Morrow,Challenger,2009,earliest_sourced,2009,Seen on brand site (Wayback) 200810-200812; may predate first snapshot,unknown,,,likely,Site slug 'challenger'.,https://web.archive.org/web/200810/http://www.morrowsnowboards.com/ | https://web.archive.org/web/200812/http://www.morrowsnowboards.com/
morrow--dream,morrow,Morrow,Dream,2009,earliest_sourced,2009,Seen on brand site (Wayback) 200810-200812; may predate first snapshot,unknown,,,likely,Site slug 'dream'.,https://web.archive.org/web/200810/http://www.morrowsnowboards.com/ | https://web.archive.org/web/200812/http://www.morrowsnowboards.com/
morrow--invasion,morrow,Morrow,Invasion,2009,earliest_sourced,2009,Seen on brand site (Wayback) 200810-200812; may predate first snapshot,unknown,,,likely,Site slug 'invasion'.,https://web.archive.org/web/200810/http://www.morrowsnowboards.com/ | https://web.archive.org/web/200812/http://www.morrowsnowboards.com/
morrow--kick,morrow,Morrow,Kick,2009,earliest_sourced,2009,Seen on brand site (Wayback) 200810-200812; may predate first snapshot,unknown,,,likely,Site slug 'kick'.,https://web.archive.org/web/200810/http://www.morrowsnowboards.com/ | https://web.archive.org/web/200812/http://www.morrowsnowboards.com/
morrow--slider,morrow,Morrow,Slider,2009,earliest_sourced,2009,Seen on brand site (Wayback) 200809-200812; may predate first snapshot,unknown,,,likely,Site slug 'slider'. slider_girls variant folded.,https://web.archive.org/web/200809/http://www.morrowsnowboards.com/ | https://web.archive.org/web/200812/http://www.morrowsnowboards.com/
morrow--tray,morrow,Morrow,Tray,2009,earliest_sourced,2009,Seen on brand site (Wayback) 200810-200812; may predate first snapshot,unknown,,,likely,Site slug 'tray'.,https://web.archive.org/web/200810/http://www.morrowsnowboards.com/ | https://web.archive.org/web/200812/http://www.morrowsnowboards.com/
moss-snowstick--jellyfish,moss-snowstick,Moss Snowstick,Jellyfish,,unknown,,In 2026-27 lineup,powder,,Step Back Rocker,likely,,https://www.mosssnowstick.com/
moss-snowstick--little-fluffy,moss-snowstick,Moss Snowstick,Little Fluffy,,unknown,,In 2026-27 lineup,powder,,Step Back Rocker,likely,,https://www.mosssnowstick.com/
moss-snowstick--modern-fish,moss-snowstick,Moss Snowstick,Modern Fish,,unknown,,In 2026-27 lineup,powder,,Snowsurf Camber,likely,,https://www.mosssnowstick.com/
moss-snowstick--pq,moss-snowstick,Moss Snowstick,PQ,,unknown,,In 2026-27 lineup (PQ45/PQ49/PQ54 EX); Performance Quad series,powder,,Snowsurf Camber,likely,,https://www.mosssnowstick.com/
moss-snowstick--pt,moss-snowstick,Moss Snowstick,PT,,unknown,,In 2026-27 lineup (PT52/58/64),powder,,Snowsurf Camber,likely,,https://www.mosssnowstick.com/
moss-snowstick--sw,moss-snowstick,Moss Snowstick,SW,,unknown,,In 2026-27 lineup (SW26-SW70); Swallow series,swallowtail,,Snowsurf Camber,likely,,https://www.mosssnowstick.com/
moss-snowstick--u,moss-snowstick,Moss Snowstick,U,,unknown,,"In 2026-27 lineup (U2-U5, U4 EX)",powder,,Snowsurf Camber,likely,,https://www.mosssnowstick.com/
moss-snowstick--wing,moss-snowstick,Moss Snowstick,Wing,,unknown,,In 2026-27 lineup (WING SW 67),powder,Makoto Iguchi,Snowsurf Camber,likely,Designed by Iguchi Makoto.,https://www.mosssnowstick.com/
never-summer--premier,never-summer,Never Summer,Premier,2005,earliest_sourced,2012,Confirmed in SnowDB catalog archive for model years 2008-2012 (archive covers 2008-2012 only; run may extend outside that window). | Listed on brand site (Wayback) for MY2005; may predate,freeride,,,verified,Listed as Premier / Premier T5 (2008) and Premier F1 / F1-R (2009-2012). | Shown on the '05 Snowboards' page (MY2005); in the 06-07 and 07-08 lineups.,https://www.snowdb.com/catalog/never-summer | https://web.archive.org/web/20051024184546/http://neversummer.com/boards.php | https://web.archive.org/web/20061023012705/http://www.neversummer.com/board.php | https://web.archive.org/web/20071016064053/http://www.neversummer.com/snowboards.html
never-summer--evo,never-summer,Never Summer,Evo,2007,earliest_sourced,,"Earliest confirmed 2008; last confirmed appearance unknown. SnowDB archive covers model years 2008-2012 only, so the real run may be longer. | Listed on brand site (Wayback) for MY2007; may predate",freestyle,,,verified,"Park twin; Evo-R (2009-2010), Evo Mini (2011-2012). Reviewed by The Good Ride (undated). | In the 06-07 and 07-08 lineups.",https://www.snowdb.com/catalog/never-summer | https://thegoodride.com/snowboard-reviews/never-summer-evo-snowboard-review-and-buying-advice/ | https://web.archive.org/web/20061023012705/http://www.neversummer.com/board.php | https://web.archive.org/web/20071016064053/http://www.neversummer.com/snowboards.html
never-summer--heritage,never-summer,Never Summer,Heritage,2007,earliest_sourced,2012,Confirmed in SnowDB catalog archive for model years 2008-2012 (archive covers 2008-2012 only; run may extend outside that window). | Listed on brand site (Wayback) for MY2007; may predate,all-mountain,,,verified,Heritage / Heritage X / Heritage-R. | In the 06-07 and 07-08 lineups.,https://www.snowdb.com/catalog/never-summer | https://web.archive.org/web/20061023012705/http://www.neversummer.com/board.php | https://web.archive.org/web/20071016064053/http://www.neversummer.com/snowboards.html
never-summer--infinity,never-summer,Never Summer,Infinity,2007,earliest_sourced,,2008-2012 and 2026-2027 confirmed; middle years not checked. | Earliest sourced; long-running women's model | Listed on brand site (Wayback) for MY2007; may predate,all-mountain,,,verified,"Women's all-mountain; 2008-2012 in SnowDB, back in 2026-2027 listings. | Women's. | In the 06-07 and 07-08 lineups.",https://www.snowdb.com/catalog/never-summer | https://www.evo.com/shop/snowboard/snowboards/never-summer | https://thegoodride.com/snowboard-reviews/ | https://thegoodride.com/snowboard-reviews/?brand=jones | https://web.archive.org/web/20061023012705/http://www.neversummer.com/board.php | https://web.archive.org/web/20071016064053/http://www.neversummer.com/snowboards.html
never-summer--legacy,never-summer,Never Summer,Legacy,2007,earliest_sourced,,Earliest confirmed 2008; last confirmed 2014. | Listed on brand site (Wayback) for MY2007; may predate,all-mountain,,,verified,"All-mountain freeride; SnowDB 2008-2012, evo lists a 2014 Legacy, Snowboarder gear page. | In the 06-07 and 07-08 lineups.",https://www.snowdb.com/catalog/never-summer | https://www.evo.com/outlet/snowboards/never-summer-legacy-snowboard | https://www.snowboarder.com/gear/never-summer-legacy-snowboard/ | https://web.archive.org/web/20061023012705/http://www.neversummer.com/board.php | https://web.archive.org/web/20071016064053/http://www.neversummer.com/snowboards.html
never-summer--premier-t5,never-summer,Never Summer,Premier T5,2007,earliest_sourced,,Listed on brand site (Wayback) for MY2007; may predate,unknown,,Premier,verified,Listed as 'T5' in the 06-07 lineup and 'Premier T5' in the 07-08 lineup; treated as one model.,https://web.archive.org/web/20061023012705/http://www.neversummer.com/board.php | https://web.archive.org/web/20071016064053/http://www.neversummer.com/snowboards.html
never-summer--revolver,never-summer,Never Summer,Revolver,2007,earliest_sourced,2012,Confirmed in SnowDB catalog archive for model years 2008-2012 (archive covers 2008-2012 only; run may extend outside that window). | Listed on brand site (Wayback) for MY2007; may predate,freestyle,,,verified,In the 06-07 and 07-08 lineups.,https://www.snowdb.com/catalog/never-summer | https://web.archive.org/web/20061023012705/http://www.neversummer.com/board.php | https://web.archive.org/web/20071016064053/http://www.neversummer.com/snowboards.html
never-summer--sl,never-summer,Never Summer,SL,2007,earliest_sourced,,Earliest confirmed 2008; last confirmed 2012. | Listed on brand site (Wayback) for MY2007; may predate,all-mountain,,,verified,SL / SL-R; evo lists a 2012 SL. | In the 06-07 and 07-08 lineups.,https://www.snowdb.com/catalog/never-summer | https://www.evo.com/outlet/snowboards/never-summer-sl-black-snowboard | https://web.archive.org/web/20061023012705/http://www.neversummer.com/board.php | https://web.archive.org/web/20071016064053/http://www.neversummer.com/snowboards.html
never-summer--summit,never-summer,Never Summer,Summit,2007,earliest_sourced,,Earliest confirmed 2008; still in production as Summit T3 Splitboard. | Listed on brand site (Wayback) for MY2007; may predate,splitboard,,,verified,Summit and Summit Custom Split (2008-2012); 'Summit T3 Splitboard' in 2027 line. | 06-07 site text: Titan and Summit share the MICROLAM laminate. In the 06-07 and 07-08 lineups.,https://www.snowdb.com/catalog/never-summer | https://neversummer.com/collections/mens-snowboards | https://web.archive.org/web/20061023012705/http://www.neversummer.com/board.php | https://web.archive.org/web/20071016064053/http://www.neversummer.com/snowboards.html
never-summer--system,never-summer,Never Summer,System,2007,earliest_sourced,2009,Confirmed in SnowDB catalog archive for model years 2008-2009 (archive covers 2008-2012 only; run may extend outside that window). | Listed on brand site (Wayback) for MY2007; may predate,unknown,,,verified,In the 06-07 and 07-08 lineups.,https://www.snowdb.com/catalog/never-summer | https://web.archive.org/web/20061023012705/http://www.neversummer.com/board.php | https://web.archive.org/web/20071016064053/http://www.neversummer.com/snowboards.html
never-summer--titan,never-summer,Never Summer,Titan,2007,earliest_sourced,2010,Confirmed in SnowDB catalog archive for model years 2008-2010 (archive covers 2008-2012 only; run may extend outside that window). | Listed on brand site (Wayback) for MY2007; may predate,freeride,,,verified,Stiff freeride board; Titan TX variant. Last confirmed 2010. | 06-07 site text: Titan and Summit share the MICROLAM laminate. In the 06-07 and 07-08 lineups.,https://www.snowdb.com/catalog/never-summer | https://web.archive.org/web/20061023012705/http://www.neversummer.com/board.php | https://web.archive.org/web/20071016064053/http://www.neversummer.com/snowboards.html
never-summer--pandora,never-summer,Never Summer,Pandora,2008,earliest_sourced,2012,Confirmed in SnowDB catalog archive for model years 2008-2012 (archive covers 2008-2012 only; run may extend outside that window). | Listed on brand site (Wayback) for MY2008; may predate,unknown,,,verified,Women's. | In the 07-08 lineup; women's board (category not stated on page).,https://www.snowdb.com/catalog/never-summer | https://web.archive.org/web/20071016064053/http://www.neversummer.com/snowboards.html
never-summer--titan-tx,never-summer,Never Summer,Titan TX,2008,earliest_sourced,,Listed on brand site (Wayback) for MY2008; may predate,unknown,,Titan,verified,In the 07-08 lineup alongside the Titan.,https://web.archive.org/web/20071016064053/http://www.neversummer.com/snowboards.html
never-summer--lotus,never-summer,Never Summer,Lotus,2009,earliest_sourced,2012,Confirmed in SnowDB catalog archive for model years 2009-2012 (archive covers 2008-2012 only; run may extend outside that window).,unknown,,,likely,Women's.,https://www.snowdb.com/catalog/never-summer
never-summer--circuit,never-summer,Never Summer,Circuit,2010,earliest_sourced,2011,Confirmed in SnowDB catalog archive for model years 2010-2011 (archive covers 2008-2012 only; run may extend outside that window).,unknown,,,likely,,https://www.snowdb.com/catalog/never-summer
never-summer--raptor,never-summer,Never Summer,Raptor,2011,earliest_sourced,2012,Confirmed in SnowDB catalog archive for model years 2011-2012 (archive covers 2008-2012 only; run may extend outside that window).,freeride,,,verified,Raptor / Raptor X; Snowboarder gear page.,https://www.snowdb.com/catalog/never-summer | https://www.snowboarder.com/gear/never-summer-raptor-snowboard/
never-summer--proto,never-summer,Never Summer,Proto,2012,earliest_sourced,,Family first confirmed 2012 (Proto CT); still in production.,all-mountain,,Proto,verified,"Proto family started with Proto CT / CTX (2012); current line has Proto Type 3, Proto T3 FR/Eclipse/Ultra, Proto Swift (+DT/ST), Proto Wilder, Proto FR.",https://www.snowdb.com/catalog/never-summer | https://neversummer.com/collections/mens-snowboards | https://www.evo.com/shop/snowboard/snowboards/never-summer | https://thegoodride.com/snowboard-reviews/
never-summer--ripsaw,never-summer,Never Summer,Ripsaw,2014,introduced,2019,,all-mountain,,,likely,Stiffer twin version of West.,https://thegoodride.com/snowboard-reviews/never-summer-ripsaw-snowboard-review/
never-summer--proto-type-two,never-summer,Never Summer,Proto Type Two,2016,introduced,2020,,freestyle,,Proto,likely,Asym sidecut successor to original Proto.,https://thegoodride.com/snowboard-reviews/never-summer-proto-type-two-snowboard-review/
never-summer--west,never-summer,Never Summer,West,2016,introduced,2019,,all-mountain,,,likely,Directional hybrid rocker.,https://thegoodride.com/snowboard-reviews/never-summer-west-snowboard-review/
never-summer--maverix,never-summer,Never Summer,Maverix,2017,earliest_sourced,,The Good Ride reviewed 2017-2020; returned as a Small Batch board for 2026. | Earliest confirmed 2027; still in production.,powder,,,likely,QA-corrected.,https://neversummer.com/collections/mens-snowboards
never-summer--harpoon,never-summer,Never Summer,Harpoon,2021,introduced,2025,,powder,,,likely,,https://thegoodride.com/snowboard-reviews/never-summer-harpoon-snowboard-review/
never-summer--proto-synthesis,never-summer,Never Summer,Proto Synthesis,2021,introduced,2023,,freestyle,,Proto,likely,True twin replacing Proto Type Two.,https://thegoodride.com/snowboard-reviews/never-summer-proto-synthesis-snowboard-review/
never-summer--breezy-rider,never-summer,Never Summer,Breezy Rider,2025,earliest_sourced,,Earliest confirmed 2025; still in production.,all-mountain,,,verified,Women's.,https://www.evo.com/shop/snowboard/snowboards/never-summer | https://thegoodride.com/snowboard-reviews/ | https://thegoodride.com/snowboard-reviews/?brand=jones
never-summer--cirrus,never-summer,Never Summer,Cirrus,2025,earliest_sourced,,Earliest confirmed 2025; still in production.,all-mountain,,,verified,Women's.,https://www.evo.com/shop/snowboard/snowboards/never-summer | https://thegoodride.com/snowboard-reviews/ | https://thegoodride.com/snowboard-reviews/?brand=jones
never-summer--proto-fr,never-summer,Never Summer,Proto FR,2026,introduced,,,freeride,,Proto,likely,,https://thegoodride.com/snowboard-reviews/?brand=jones
never-summer--proto-swift,never-summer,Never Summer,Proto Swift,2026,earliest_sourced,,Earliest confirmed 2027. | Earliest sourced; Swift DT variant 2027,powder,,Proto,verified,Freeride/powder; DT and ST variants; TransWorld reviewed a 'Never Summer Swift' powder board (undated).,https://neversummer.com/collections/mens-snowboards | https://www.evo.com/shop/snowboard/snowboards/never-summer | https://www.snowboarder.com/news/best-powder-snowboard-reviews-never-summer-swift | https://thegoodride.com/snowboard-reviews/?brand=jones
never-summer--proto-type-3,never-summer,Never Summer,Proto Type 3,2026,earliest_sourced,,Earliest confirmed 2026.,all-mountain,,Proto,verified,"Also Proto T3 FR, T3 Eclipse (2026-27), T3 Ultra. | Recurve camber; T3 FR, T3 Eclipse, T3 Ultra variants.",https://neversummer.com/collections/mens-snowboards | https://www.evo.com/shop/snowboard/snowboards/never-summer | https://thegoodride.com/snowboard-reviews/never-summer-proto-type-3-snowboard-review/
never-summer--proto-wilder,never-summer,Never Summer,Proto Wilder,2026,earliest_sourced,,Earliest confirmed 2026; still in production.,unknown,,Proto,likely,,https://www.evo.com/shop/snowboard/snowboards/never-summer
never-summer--shaper-twin,never-summer,Never Summer,Shaper Twin,2026,earliest_sourced,,Earliest confirmed 2026; still in production.,freestyle,,,verified,,https://neversummer.com/collections/mens-snowboards | https://thegoodride.com/snowboard-reviews/
never-summer--small-batch-shaper-twin-lt,never-summer,Never Summer,Small Batch Shaper Twin LT,2026,introduced,,,freestyle,,Small Batch,likely,Women's.,https://thegoodride.com/snowboard-reviews/?brand=jones
never-summer--trooper,never-summer,Never Summer,Trooper,2026,earliest_sourced,,Earliest confirmed 2027; still in production. | Earliest sourced,all-mountain,,,verified,QA-corrected.,https://neversummer.com/collections/mens-snowboards | https://www.evo.com/shop/snowboard/snowboards/never-summer
never-summer--v-twin,never-summer,Never Summer,V-Twin,2026,earliest_sourced,,Earliest confirmed 2026; still in production. | Earliest sourced,all-mountain,,,verified,,https://neversummer.com/collections/mens-snowboards | https://www.evo.com/shop/snowboard/snowboards/never-summer
never-summer--benchmark,never-summer,Never Summer,Benchmark,2027,earliest_sourced,,Earliest confirmed 2027; still in production. | Earliest sourced,all-mountain,,,verified,,https://neversummer.com/collections/mens-snowboards | https://www.evo.com/shop/snowboard/snowboards/never-summer
never-summer--cascade,never-summer,Never Summer,Cascade,2027,earliest_sourced,,Earliest confirmed 2027; still in production.,unknown,,,likely,,https://www.evo.com/shop/snowboard/snowboards/never-summer
never-summer--easy-rider,never-summer,Never Summer,Easy Rider,2027,earliest_sourced,,Earliest confirmed 2027; still in production. | Earliest sourced,all-mountain,,,verified,,https://neversummer.com/collections/mens-snowboards | https://www.evo.com/shop/snowboard/snowboards/never-summer
never-summer--instagator,never-summer,Never Summer,Instagator,2027,earliest_sourced,,Earliest confirmed 2027; still in production.,powder,,,likely,,https://neversummer.com/collections/mens-snowboards
never-summer--llama,never-summer,Never Summer,Llama,2027,earliest_sourced,,Earliest confirmed 2027; still in production. | Earliest sourced,all-mountain,,,verified,,https://neversummer.com/collections/mens-snowboards | https://www.evo.com/shop/snowboard/snowboards/never-summer
never-summer--nokhu,never-summer,Never Summer,Nokhu,2027,earliest_sourced,,Earliest confirmed 2027; still in production. | Earliest sourced,powder,,,verified,,https://neversummer.com/collections/mens-snowboards | https://www.evo.com/shop/snowboard/snowboards/never-summer
never-summer--valhalla,never-summer,Never Summer,Valhalla,2027,earliest_sourced,,Earliest confirmed 2027; still in production. | Earliest sourced,freeride,,,verified,,https://neversummer.com/collections/mens-snowboards | https://www.evo.com/shop/snowboard/snowboards/never-summer
nidecker--lipstick,nidecker,Nidecker,Lipstick,1988,introduced,,Confirmed 1988 only.,unknown,,,likely,1988 Nidecker Lipstick in the Michigan Snowboard Museum.,https://www.michigansnowboardmuseum.com/the-neon-era--other-80s-decks.html
nidecker--escape,nidecker,Nidecker,Escape,2001,earliest_sourced,2002,Earliest confirmed 2027; still in production. | Seen on brand site (Wayback) 200103-200108; may predate first snapshot,freeride,,,verified,Escape and Escape Plus. | Site slug 'escape' on the 2001 product pages (page type not verified; kept because Nidecker sold a board of this name).,https://www.evo.com/shop/snowboard/snowboards/nidecker | https://web.archive.org/web/200103/http://www.nidecker.com/ | https://web.archive.org/web/200108/http://www.nidecker.com/
nidecker--megalight,nidecker,Nidecker,Megalight,2001,earliest_sourced,2002,"Earliest confirmed appearance 2009 (SnowDB catalog archive covers 2008-2012 only); in current lineup, so last_year null. | Earliest sourced 2026; Megalight historically a 1990s Nidecker model name revived | Seen on brand site (Wayback) 200104-200108; may predate first snapshot | Listed on brand site (Wayback) for MY2006; may predate",freeride,,,verified,Long-running Nidecker freeride board; in 2026 line. | Site slug 'megalight' on the 2001 product pages (page type not verified; kept because Nidecker sold a board of this name). | Page titled 'NIDECKER SNOWBOARDS 2005/2006'.,https://www.snowdb.com/catalog/nidecker | https://www.evo.com/shop/snowboard/snowboards/nidecker | https://whitelines.com/snowboard-gear/before-you-buy/guide-to-snowboard-brands.html | https://web.archive.org/web/200104/http://www.nidecker.com/ | https://web.archive.org/web/200108/http://www.nidecker.com/ | https://web.archive.org/web/20060321044544/http://www.nidecker.com/snowboards/global_snowboards.php
nidecker--proto,nidecker,Nidecker,Proto,2001,earliest_sourced,2010,Confirmed in SnowDB catalog archive for model years 2009-2010 (archive covers 2008-2012 only; run may extend outside that window). | Seen on brand site (Wayback) 200103-200108; may predate first snapshot,unknown,,,verified,Site slug 'proto' on the 2001 product pages (page type not verified; kept because Nidecker sold a board of this name).,https://www.snowdb.com/catalog/nidecker | https://web.archive.org/web/200103/http://www.nidecker.com/ | https://web.archive.org/web/200108/http://www.nidecker.com/
nidecker--smoke,nidecker,Nidecker,Smoke,2001,earliest_sourced,2002,"Earliest confirmed appearance 2009 (SnowDB catalog archive covers 2008-2012 only); in current lineup, so last_year null. | Seen on brand site (Wayback) 200103-200108; may predate first snapshot | Listed on brand site (Wayback) for MY2006; may predate",freestyle,,NDK,verified,Smoke 2009-2010; 'The Smoke' in 2027. | Site slug 'smoke' on the 2001 product pages (page type not verified; kept because Nidecker sold a board of this name). | NDK freestyle. Page titled 'NIDECKER SNOWBOARDS 2005/2006'.,https://www.snowdb.com/catalog/nidecker | https://www.evo.com/shop/snowboard/snowboards/nidecker | https://web.archive.org/web/200103/http://www.nidecker.com/ | https://web.archive.org/web/200108/http://www.nidecker.com/ | https://web.archive.org/web/20060321044544/http://www.nidecker.com/snowboards/global_snowboards.php
nidecker--advanced,nidecker,Nidecker,Advanced,2006,earliest_sourced,2011,Confirmed in SnowDB catalog archive for model years 2009-2011 (archive covers 2008-2012 only; run may extend outside that window). | Listed on brand site (Wayback) for MY2006; may predate,unknown,,NDK,verified,Named in Whitelines brand guide (undated). | NDK. Page titled 'NIDECKER SNOWBOARDS 2005/2006'.,https://www.snowdb.com/catalog/nidecker | https://whitelines.com/snowboard-gear/before-you-buy/guide-to-snowboard-brands.html | https://web.archive.org/web/20060321044544/http://www.nidecker.com/snowboards/global_snowboards.php
nidecker--angel,nidecker,Nidecker,Angel,2006,earliest_sourced,2011,Confirmed in SnowDB catalog archive for model years 2009-2011 (archive covers 2008-2012 only; run may extend outside that window). | Listed on brand site (Wayback) for MY2006; may predate,unknown,,,verified,Women's; Mini Angel. | Women's board; category unknown. Page titled 'NIDECKER SNOWBOARDS 2005/2006'.,https://www.snowdb.com/catalog/nidecker | https://web.archive.org/web/20060321044544/http://www.nidecker.com/snowboards/global_snowboards.php
nidecker--axis,nidecker,Nidecker,Axis,2006,earliest_sourced,2011,Confirmed in SnowDB catalog archive for model years 2009-2011 (archive covers 2008-2012 only; run may extend outside that window). | Listed on brand site (Wayback) for MY2006; may predate,unknown,,,verified,Page titled 'NIDECKER SNOWBOARDS 2005/2006'.,https://www.snowdb.com/catalog/nidecker | https://web.archive.org/web/20060321044544/http://www.nidecker.com/snowboards/global_snowboards.php
nidecker--blade,nidecker,Nidecker,Blade,2006,earliest_sourced,,"Earliest confirmed appearance 2009 (SnowDB catalog archive covers 2008-2012 only); in current lineup, so last_year null. | Earliest sourced (Blade Pro) | Listed on brand site (Wayback) for MY2006; may predate",freeride,,,verified,Blade Pro in 2027. | Page titled 'NIDECKER SNOWBOARDS 2005/2006'.,https://www.snowdb.com/catalog/nidecker | https://www.evo.com/shop/snowboard/snowboards/nidecker | https://web.archive.org/web/20060321044544/http://www.nidecker.com/snowboards/global_snowboards.php
nidecker--chill,nidecker,Nidecker,Chill,2006,earliest_sourced,2009,Confirmed in SnowDB catalog archive for model years 2009-2009 (archive covers 2008-2012 only; run may extend outside that window). | Listed on brand site (Wayback) for MY2006; may predate,unknown,,,verified,Page titled 'NIDECKER SNOWBOARDS 2005/2006'.,https://www.snowdb.com/catalog/nidecker | https://web.archive.org/web/20060321044544/http://www.nidecker.com/snowboards/global_snowboards.php
nidecker--diablo,nidecker,Nidecker,Diablo,2006,earliest_sourced,,Listed on brand site (Wayback) for MY2006; may predate,unknown,,NDK,verified,NDK. Page titled 'NIDECKER SNOWBOARDS 2005/2006'.,https://web.archive.org/web/20060321044544/http://www.nidecker.com/snowboards/global_snowboards.php
nidecker--divine,nidecker,Nidecker,Divine,2006,earliest_sourced,2011,Confirmed in SnowDB catalog archive for model years 2009-2011 (archive covers 2008-2012 only; run may extend outside that window). | Listed on brand site (Wayback) for MY2006; may predate,unknown,,,verified,Women's. | Women's board; category unknown. Page titled 'NIDECKER SNOWBOARDS 2005/2006'.,https://www.snowdb.com/catalog/nidecker | https://web.archive.org/web/20060321044544/http://www.nidecker.com/snowboards/global_snowboards.php
nidecker--elle,nidecker,Nidecker,Elle,2006,earliest_sourced,,"Earliest confirmed appearance 2009 (SnowDB catalog archive covers 2008-2012 only); in current lineup, so last_year null. | Earliest sourced | Listed on brand site (Wayback) for MY2006; may predate",all-mountain,,,verified,Women's; in 2027 line. | Women's. | Women's board; category unknown. Page titled 'NIDECKER SNOWBOARDS 2005/2006'.,https://www.snowdb.com/catalog/nidecker | https://www.evo.com/shop/snowboard/snowboards/nidecker | https://web.archive.org/web/20060321044544/http://www.nidecker.com/snowboards/global_snowboards.php
nidecker--grom,nidecker,Nidecker,Grom,2006,earliest_sourced,2009,Confirmed in SnowDB catalog archive for model years 2009-2009 (archive covers 2008-2012 only; run may extend outside that window). | Listed on brand site (Wayback) for MY2006; may predate,kids,,,verified,Category unknown (name suggests youth). Page titled 'NIDECKER SNOWBOARDS 2005/2006'.,https://www.snowdb.com/catalog/nidecker | https://web.archive.org/web/20060321044544/http://www.nidecker.com/snowboards/global_snowboards.php
nidecker--legacy,nidecker,Nidecker,Legacy,2006,earliest_sourced,2011,Confirmed in SnowDB catalog archive for model years 2009-2011 (archive covers 2008-2012 only; run may extend outside that window). | Listed on brand site (Wayback) for MY2006; may predate,unknown,,,verified,Listed as 'The Legacy'. Page titled 'NIDECKER SNOWBOARDS 2005/2006'.,https://www.snowdb.com/catalog/nidecker | https://web.archive.org/web/20060321044544/http://www.nidecker.com/snowboards/global_snowboards.php
nidecker--legend,nidecker,Nidecker,Legend,2006,earliest_sourced,2011,Confirmed in SnowDB catalog archive for model years 2009-2011 (archive covers 2008-2012 only; run may extend outside that window). | Listed on brand site (Wayback) for MY2006; may predate,unknown,,,verified,Page titled 'NIDECKER SNOWBOARDS 2005/2006'.,https://www.snowdb.com/catalog/nidecker | https://web.archive.org/web/20060321044544/http://www.nidecker.com/snowboards/global_snowboards.php
nidecker--mini-diablo,nidecker,Nidecker,Mini Diablo,2006,earliest_sourced,,Listed on brand site (Wayback) for MY2006; may predate,unknown,,NDK,verified,Smaller version of the Diablo; category unknown (likely youth). Page titled 'NIDECKER SNOWBOARDS 2005/2006'.,https://web.archive.org/web/20060321044544/http://www.nidecker.com/snowboards/global_snowboards.php
nidecker--mini-elle,nidecker,Nidecker,Mini Elle,2006,earliest_sourced,,Listed on brand site (Wayback) for MY2006; may predate,unknown,,,verified,Women's; smaller version of the Elle; category unknown. Page titled 'NIDECKER SNOWBOARDS 2005/2006'.,https://web.archive.org/web/20060321044544/http://www.nidecker.com/snowboards/global_snowboards.php
nidecker--nbx,nidecker,Nidecker,NBX,2006,earliest_sourced,,Listed on brand site (Wayback) for MY2006; may predate,unknown,,,verified,Page titled 'NIDECKER SNOWBOARDS 2005/2006'.,https://web.archive.org/web/20060321044544/http://www.nidecker.com/snowboards/global_snowboards.php
nidecker--platinum,nidecker,Nidecker,Platinum,2006,earliest_sourced,2011,Confirmed in SnowDB catalog archive for model years 2009-2011 (archive covers 2008-2012 only; run may extend outside that window). | Listed on brand site (Wayback) for MY2006; may predate,unknown,,,verified,Page titled 'NIDECKER SNOWBOARDS 2005/2006'.,https://www.snowdb.com/catalog/nidecker | https://web.archive.org/web/20060321044544/http://www.nidecker.com/snowboards/global_snowboards.php
nidecker--prime,nidecker,Nidecker,Prime,2006,earliest_sourced,2011,Confirmed in SnowDB catalog archive for model years 2009-2011 (archive covers 2008-2012 only; run may extend outside that window). | Listed on brand site (Wayback) for MY2006; may predate,unknown,,,verified,Listed as 'The Prime'. Page titled 'NIDECKER SNOWBOARDS 2005/2006'.,https://www.snowdb.com/catalog/nidecker | https://web.archive.org/web/20060321044544/http://www.nidecker.com/snowboards/global_snowboards.php
nidecker--princess,nidecker,Nidecker,Princess,2006,earliest_sourced,2011,Confirmed in SnowDB catalog archive for model years 2009-2011 (archive covers 2008-2012 only; run may extend outside that window). | Listed on brand site (Wayback) for MY2006; may predate,unknown,,,verified,Women's. | Women's board; category unknown. Designed with Leisly McKenna and Daniela Roth. Page titled 'NIDECKER SNOWBOARDS 2005/2006'.,https://www.snowdb.com/catalog/nidecker | https://web.archive.org/web/20060321044544/http://www.nidecker.com/snowboards/global_snowboards.php
nidecker--project,nidecker,Nidecker,Project,2006,earliest_sourced,,Listed on brand site (Wayback) for MY2006; may predate,unknown,,,verified,Page titled 'NIDECKER SNOWBOARDS 2005/2006'.,https://web.archive.org/web/20060321044544/http://www.nidecker.com/snowboards/global_snowboards.php
nidecker--race-gs,nidecker,Nidecker,Race GS,2006,earliest_sourced,,Listed on brand site (Wayback) for MY2006; may predate,alpine,,Race,verified,Giant slalom race board. Page titled 'NIDECKER SNOWBOARDS 2005/2006'.,https://web.archive.org/web/20060321044544/http://www.nidecker.com/snowboards/global_snowboards.php
nidecker--race-sl,nidecker,Nidecker,Race SL,2006,earliest_sourced,,Listed on brand site (Wayback) for MY2006; may predate,alpine,,Race,verified,Slalom race board. Page titled 'NIDECKER SNOWBOARDS 2005/2006'.,https://web.archive.org/web/20060321044544/http://www.nidecker.com/snowboards/global_snowboards.php
nidecker--score,nidecker,Nidecker,Score,2006,earliest_sourced,2011,Confirmed in SnowDB catalog archive for model years 2009-2011 (archive covers 2008-2012 only; run may extend outside that window). | Listed on brand site (Wayback) for MY2006; may predate,unknown,,NDK,verified,Listed as 'The Score' (NDK). Page titled 'NIDECKER SNOWBOARDS 2005/2006'.,https://www.snowdb.com/catalog/nidecker | https://web.archive.org/web/20060321044544/http://www.nidecker.com/snowboards/global_snowboards.php
nidecker--target,nidecker,Nidecker,Target,2006,earliest_sourced,2009,Confirmed in SnowDB catalog archive for model years 2009-2009 (archive covers 2008-2012 only; run may extend outside that window). | Listed on brand site (Wayback) for MY2006; may predate,unknown,,,verified,Page titled 'NIDECKER SNOWBOARDS 2005/2006'.,https://www.snowdb.com/catalog/nidecker | https://web.archive.org/web/20060321044544/http://www.nidecker.com/snowboards/global_snowboards.php
nidecker--addict,nidecker,Nidecker,Addict,2009,earliest_sourced,2010,Confirmed in SnowDB catalog archive for model years 2009-2010 (archive covers 2008-2012 only; run may extend outside that window).,unknown,,,likely,,https://www.snowdb.com/catalog/nidecker
nidecker--miss-ndk,nidecker,Nidecker,Miss NDK,2009,earliest_sourced,2009,Confirmed in SnowDB catalog archive for model years 2009-2009 (archive covers 2008-2012 only; run may extend outside that window).,unknown,,,likely,Women's.,https://www.snowdb.com/catalog/nidecker
nidecker--nano,nidecker,Nidecker,Nano,2009,earliest_sourced,2010,Confirmed in SnowDB catalog archive for model years 2009-2010 (archive covers 2008-2012 only; run may extend outside that window).,kids,,,likely,,https://www.snowdb.com/catalog/nidecker
nidecker--race,nidecker,Nidecker,Race,2009,earliest_sourced,2011,Confirmed in SnowDB catalog archive for model years 2009-2011 (archive covers 2008-2012 only; run may extend outside that window).,alpine,,,likely,Race GS / Race SL.,https://www.snowdb.com/catalog/nidecker
nidecker--random,nidecker,Nidecker,Random,2009,earliest_sourced,2011,Confirmed in SnowDB catalog archive for model years 2009-2011 (archive covers 2008-2012 only; run may extend outside that window).,unknown,,,likely,,https://www.snowdb.com/catalog/nidecker
nidecker--ultralight,nidecker,Nidecker,Ultralight,2009,earliest_sourced,2011,Confirmed in SnowDB catalog archive for model years 2009-2011 (archive covers 2008-2012 only; run may extend outside that window).,freeride,,,verified,Named in Whitelines brand guide (undated).,https://www.snowdb.com/catalog/nidecker | https://whitelines.com/snowboard-gear/before-you-buy/guide-to-snowboard-brands.html
nidecker--vibes,nidecker,Nidecker,Vibes,2009,earliest_sourced,2011,Confirmed in SnowDB catalog archive for model years 2009-2011 (archive covers 2008-2012 only; run may extend outside that window).,unknown,,,likely,Mini Vibes also.,https://www.snowdb.com/catalog/nidecker
nidecker--cult,nidecker,Nidecker,Cult,2010,earliest_sourced,2011,Confirmed in SnowDB catalog archive for model years 2010-2011 (archive covers 2008-2012 only; run may extend outside that window).,unknown,,,likely,,https://www.snowdb.com/catalog/nidecker
nidecker--magic,nidecker,Nidecker,Magic,2010,earliest_sourced,2011,Confirmed in SnowDB catalog archive for model years 2010-2011 (archive covers 2008-2012 only; run may extend outside that window).,unknown,,,likely,,https://www.snowdb.com/catalog/nidecker
nidecker--thu,nidecker,Nidecker,THU,2010,earliest_sourced,2011,Confirmed in SnowDB catalog archive for model years 2010-2011 (archive covers 2008-2012 only; run may extend outside that window).,unknown,,,likely,,https://www.snowdb.com/catalog/nidecker
nidecker--w-ndk,nidecker,Nidecker,W-NDK,2010,earliest_sourced,2010,Confirmed in SnowDB catalog archive for model years 2010-2010 (archive covers 2008-2012 only; run may extend outside that window).,unknown,,,likely,,https://www.snowdb.com/catalog/nidecker
nidecker--antti-autti,nidecker,Nidecker,Antti Autti,2011,earliest_sourced,2011,Confirmed in SnowDB catalog archive for model years 2011-2011 (archive covers 2008-2012 only; run may extend outside that window).,freestyle,Antti Autti,,likely,,https://www.snowdb.com/catalog/nidecker
nidecker--gang-band,nidecker,Nidecker,Gang Band,2011,earliest_sourced,2011,Confirmed in SnowDB catalog archive for model years 2011-2011 (archive covers 2008-2012 only; run may extend outside that window).,unknown,,,likely,,https://www.snowdb.com/catalog/nidecker
nidecker--pam,nidecker,Nidecker,Pam,2011,earliest_sourced,2011,Confirmed in SnowDB catalog archive for model years 2011-2011 (archive covers 2008-2012 only; run may extend outside that window).,unknown,,,likely,,https://www.snowdb.com/catalog/nidecker
nidecker--slam,nidecker,Nidecker,Slam,2011,earliest_sourced,2011,Confirmed in SnowDB catalog archive for model years 2011-2011 (archive covers 2008-2012 only; run may extend outside that window).,unknown,,,likely,,https://www.snowdb.com/catalog/nidecker
nidecker--alpha,nidecker,Nidecker,Alpha,2026,earliest_sourced,,Earliest confirmed 2026; still in production.,all-mountain,,,likely,Alpha and Alpha APX.,https://www.evo.com/shop/snowboard/snowboards/nidecker
nidecker--astral,nidecker,Nidecker,Astral,2026,earliest_sourced,,Earliest confirmed 2026; still in production.,unknown,,,likely,,https://www.evo.com/shop/snowboard/snowboards/nidecker
nidecker--gamma,nidecker,Nidecker,Gamma,2026,earliest_sourced,,Earliest confirmed 2026; still in production.,unknown,,,likely,,https://www.evo.com/shop/snowboard/snowboards/nidecker
nidecker--gun,nidecker,Nidecker,Gun,2026,earliest_sourced,,Earliest confirmed 2026; still in production.,powder,,,verified,,https://thegoodride.com/snowboard-reviews/ | https://thegoodride.com/snowboard-reviews/?brand=jones
nidecker--mellow,nidecker,Nidecker,Mellow,2026,earliest_sourced,,Earliest confirmed 2026; still in production.,unknown,,,likely,,https://www.evo.com/shop/snowboard/snowboards/nidecker
nidecker--merc,nidecker,Nidecker,Merc,2026,earliest_sourced,,Earliest confirmed 2026; still in production. | Earliest sourced,all-mountain,,,likely,,https://www.evo.com/shop/snowboard/snowboards/nidecker
nidecker--scamp,nidecker,Nidecker,Scamp,2026,earliest_sourced,,Earliest confirmed 2026; still in production.,kids,,,likely,,https://www.evo.com/shop/snowboard/snowboards/nidecker
nidecker--sensor,nidecker,Nidecker,Sensor,2026,earliest_sourced,,Earliest confirmed 2026; still in production. | Earliest sourced; Sensor Pro / Sensor Mons variants,all-mountain,,,likely,Sensor / Sensor Pro / Sensor Mons / Micron Sensor.,https://www.evo.com/shop/snowboard/snowboards/nidecker
nidecker--thruster,nidecker,Nidecker,Thruster,2026,earliest_sourced,,Earliest confirmed 2026; still in production.,unknown,,,likely,,https://www.evo.com/shop/snowboard/snowboards/nidecker
nidecker--beta,nidecker,Nidecker,Beta,2027,earliest_sourced,,Earliest sourced (Beta APX),all-mountain,,,likely,,https://www.evo.com/shop/snowboard/snowboards/nidecker
nidecker--beta-apx,nidecker,Nidecker,Beta APX,2027,earliest_sourced,,Earliest confirmed 2027; still in production.,unknown,,,likely,,https://www.evo.com/shop/snowboard/snowboards/nidecker
nidecker--cheat-code,nidecker,Nidecker,Cheat Code,2027,earliest_sourced,,Earliest confirmed 2027; still in production. | Earliest sourced,all-mountain,,,likely,,https://www.evo.com/shop/snowboard/snowboards/nidecker
nidecker--mosquito,nidecker,Nidecker,Mosquito,2027,earliest_sourced,,Earliest confirmed 2027; still in production.,powder,,,verified,Listed as 'The Mosquito'; named in Whitelines brand guide.,https://www.evo.com/shop/snowboard/snowboards/nidecker | https://whitelines.com/snowboard-gear/before-you-buy/guide-to-snowboard-brands.html
nidecker--odyssey,nidecker,Nidecker,Odyssey,2027,earliest_sourced,,Earliest confirmed 2027; still in production. | Earliest sourced,all-mountain,,,likely,,https://www.evo.com/shop/snowboard/snowboards/nidecker
nidecker--tape-deck,nidecker,Nidecker,Tape Deck,2027,earliest_sourced,,Earliest confirmed 2027; still in production. | Earliest sourced,freestyle,,,likely,,https://www.evo.com/shop/snowboard/snowboards/nidecker
nidecker--the-mosquito,nidecker,Nidecker,The Mosquito,2027,earliest_sourced,,Earliest sourced,powder,,,likely,,https://www.evo.com/shop/snowboard/snowboards/nidecker
nidecker--the-smoke,nidecker,Nidecker,The Smoke,2027,earliest_sourced,,Earliest sourced,unknown,,,likely,,https://www.evo.com/shop/snowboard/snowboards/nidecker
nidecker--venus,nidecker,Nidecker,Venus,2027,earliest_sourced,,Earliest confirmed 2027; still in production. | Earliest sourced,all-mountain,,,likely,Women's.,https://www.evo.com/shop/snowboard/snowboards/nidecker
nitro--fusion,nitro,Nitro,Fusion,1990,introduced,1991,Confirmed 1990 only. | Quiver Fusion,powder,,Quiver,verified,1990 Nitro Fusion in the Michigan Snowboard Museum. | Fusion 160; Michigan museum dates a Fusion to 1990.,https://www.michigansnowboardmuseum.com/the-neon-era--other-80s-decks.html | https://thegoodride.com/snowboard-reviews/nitro-quiver-fusion-2022-snowboard-review/ | https://archive.org/details/ISM-87-91
nitro--eft,nitro,Nitro,EFT,1991,introduced,1991,ISM buyer's guide (issue for the following winter season).,alpine,,,likely,"EFT Asymmetrical 156 race board, $399.",https://archive.org/details/ISM-87-91
nitro--pyro,nitro,Nitro,Pyro,1991,introduced,1994,Years from Retro Snow categories.,freestyle,,,verified,"Two Pyro examples in Retro Snow museum (1992, 1993). | Pyro 163 (1991, $379), Pyro 165 (1993); in rider set-ups 1994.",https://retrosnow.com/product-category/nitro/ | https://archive.org/details/ISM-87-91 | https://retrosnow.com/shop/nitro/92/nitro-pyro/ | https://retrosnow.com/shop/nitro/93-nitro/nitro-pyro-2/ | https://archive.org/details/tws-89-93
nitro--diablo,nitro,Nitro,Diablo,1992,introduced,1994,TWS buyer's guide issue dated Oct of the prior calendar year (Oct 1989 issue = model year 1990).,unknown,,,likely,Diablo (Oct 1991 guide); Diablo S165 (Oct 1993).,https://archive.org/details/tws-89-93
nitro--jeff-davis,nitro,Nitro,Jeff Davis,1992,introduced,1994,Year from Retro Snow category.,freestyle,Jeff Davis,,verified,"Jeff Davis pro model, Retro Snow museum (1992). | Jeff Davis Model (1993); 'Jeff Davis Cerro' (1994).",https://retrosnow.com/product-category/nitro/ | https://retrosnow.com/shop/nitro/92/nitro-jeff-davis/ | https://archive.org/details/tws-89-93
nitro--arx,nitro,Nitro,ARX,2000,introduced,2000,,alpine,,,likely,Freecarve category.,https://www.snowboarder.com/news/board-test-board-specs
nitro--naturals,nitro,Nitro,Naturals,2000,introduced,2006,"Listed 2002 board nav (site header 'NITRO SNOWBOARDS 2002'), Sept 2002 boards index (MY2003), Dec 2003 boards index (MY2004), Nov 2005 site nav (MY2006)",all-mountain,,,verified,"Snowboard Life Top 25, 1999/2000. | AFR section (page /boards/afr/naturals/).",https://www.snowboarder.com/news/snowboard-lifes-top-25-board-test-2000 | https://www.snowboarder.com/news/board-test-board-specs | https://web.archive.org/web/20011124131127/http://www.nitrousa.com/20_weapon_armoury/21_nitro_line/boards/afr/naturals/series.php | https://web.archive.org/web/20020902153010/http://www.nitrousa.com/10_products/11_boards/index.php | https://web.archive.org/web/20031204041622/http://www.nitrousa.com/10_products/11_boards/index2.php | https://web.archive.org/web/20051119171135/http://www.nitrousa.com/products/boards/afr/series_magnum.php3
nitro--nicola,nitro,Nitro,Nicola,2000,introduced,2000,,freestyle,Nicola Thost,,likely,Women's (Nicola Thost).,https://www.snowboarder.com/news/board-test-board-specs
nitro--shadow,nitro,Nitro,Shadow,2000,introduced,2006,"Listed 2002 board nav (site header 'NITRO SNOWBOARDS 2002'), Sept 2002 boards index (MY2003), Dec 2003 boards index (MY2004), Nov 2005 site nav (MY2006)",all-mountain,,,verified,"Snowboard Life Top 25, 1999/2000. | ATF (All Terrain Freestyle) section. Graphic variants Shadow 'Black' / 'Never' (2003) and Shadow LTD. (2004) folded.",https://www.snowboarder.com/news/snowboard-lifes-top-25-board-test-2000 | https://www.snowboarder.com/news/board-test-board-specs | https://web.archive.org/web/20010716102927/http://www.nitrousa.com/20_weapon_armoury/21_nitro_line/boards/atf/shadow/series.php | https://web.archive.org/web/20020902153010/http://www.nitrousa.com/10_products/11_boards/index.php | https://web.archive.org/web/20031204041622/http://www.nitrousa.com/10_products/11_boards/index2.php | https://web.archive.org/web/20051119171135/http://www.nitrousa.com/products/boards/afr/series_magnum.php3
nitro--pro-series,nitro,Nitro,Pro Series,2001,earliest_sourced,2012,Confirmed in SnowDB catalog archive for model years 2010-2012 (archive covers 2008-2012 only; run may extend outside that window). | ATF 'Pro Series' 156 page under site header 'NITRO SNOWBOARDS 2001',all-mountain,,,verified,"Pro Series / Pro One-Off boards for Cheryl Maas, Jon Kooley, Markus Keller, Josh Mills, Austin Smith, Andreas Wiig, Bryan Fox, Eero Ettala, Ben Bilocq, Anton Gunnarsson, Marc Swoboda. | ATF (All Terrain Freestyle) section. Name reused by Nitro in later years.",https://www.snowdb.com/catalog/nitro | https://web.archive.org/web/20010302174113/http://www.nitrousa.com/products/boards/atf/pro_series_156.php3
nitro--atlas,nitro,Nitro,Atlas,2002,introduced,2004,"Listed 2002 board nav (site header 'NITRO SNOWBOARDS 2002') (page /boards/afr/atlas/), Sept 2002 boards index (MY2003) AFR, Dec 2003 boards index (MY2004) all-mountain",freeride,,,verified,"AFR 2002-03; 'All-Mountain' wide-profile section 2004. Spec page Oct 2002 lists 4 sizes, waist 270-272 mm, 2x4 inserts, sintered base.",https://web.archive.org/web/20020207114512/http://www.nitrousa.com/20_weapon_armoury/21_nitro_line/boards/afr/atlas/series.php | https://web.archive.org/web/20020902153010/http://www.nitrousa.com/10_products/11_boards/index.php | https://web.archive.org/web/20031204041622/http://www.nitrousa.com/10_products/11_boards/index2.php
nitro--attax,nitro,Nitro,Attax,2002,introduced,2002,Listed 2002 board nav (site header 'NITRO SNOWBOARDS 2002'),unknown,,,verified,Column assignment in the 2002 nav is unclear.,https://web.archive.org/web/20010716102927/http://www.nitrousa.com/20_weapon_armoury/21_nitro_line/boards/atf/shadow/series.php
nitro--blazer,nitro,Nitro,Blazer,2002,introduced,2002,Listed 2002 board nav (site header 'NITRO SNOWBOARDS 2002'),unknown,,,verified,Column assignment in the 2002 nav is unclear.,https://web.archive.org/web/20010716102927/http://www.nitrousa.com/20_weapon_armoury/21_nitro_line/boards/atf/shadow/series.php
nitro--future-team,nitro,Nitro,Future Team,2002,earliest_sourced,2004,"Earliest confirmed 2026 (evo listing); still in production. | Listed 2002 board nav (site header 'NITRO SNOWBOARDS 2002'), Sept 2002 boards index (MY2003), Dec 2003 boards index (MY2004)",kids,,,verified,ATF (All Terrain Freestyle) section. Youth/junior team board. The 2026+ Nitro Future Team is a later board sharing the name.,https://www.evo.com/shop/snowboard/snowboards/nitro | https://web.archive.org/web/20010716102927/http://www.nitrousa.com/20_weapon_armoury/21_nitro_line/boards/atf/shadow/series.php | https://web.archive.org/web/20020902153010/http://www.nitrousa.com/10_products/11_boards/index.php | https://web.archive.org/web/20031204041622/http://www.nitrousa.com/10_products/11_boards/index2.php
nitro--glide,nitro,Nitro,Glide,2002,introduced,2003,Listed 2002 board nav (site header 'NITRO SNOWBOARDS 2002') and Sept 2002 boards index (MY2003) (WMN),unknown,,,verified,Women's board in 2003.,https://web.archive.org/web/20010716102927/http://www.nitrousa.com/20_weapon_armoury/21_nitro_line/boards/atf/shadow/series.php | https://web.archive.org/web/20020902153010/http://www.nitrousa.com/10_products/11_boards/index.php
nitro--gto,nitro,Nitro,GTO,2002,introduced,2002,Listed 2002 board nav (site header 'NITRO SNOWBOARDS 2002'),unknown,,,verified,Column assignment in the 2002 nav (ATF/AFR/AMC) is unclear; likely AMC (all-mountain carve).,https://web.archive.org/web/20010716102927/http://www.nitrousa.com/20_weapon_armoury/21_nitro_line/boards/atf/shadow/series.php
nitro--magnum,nitro,Nitro,Magnum,2002,earliest_sourced,2020,"Confirmed in SnowDB catalog archive for model years 2008-2012 (archive covers 2008-2012 only; run may extend outside that window). | Listed 2002 board nav (site header 'NITRO SNOWBOARDS 2002'), Sept 2002 boards index (MY2003), Dec 2003 boards index (MY2004), Nov 2005 site nav (MY2006)",all-mountain,,,verified,Wide board; Warpath/Gunslinger series 2009. | Wide all-mountain board. | AFR / all-mountain wide board.,https://www.snowdb.com/catalog/nitro | https://www.evo.com/outlet/snowboards/nitro-magnum-wide-snowboard | https://www.evo.com/outlet/used/snowboards/nitro-magnum-snowboard | https://web.archive.org/web/20010716102927/http://www.nitrousa.com/20_weapon_armoury/21_nitro_line/boards/atf/shadow/series.php | https://web.archive.org/web/20020902153010/http://www.nitrousa.com/10_products/11_boards/index.php | https://web.archive.org/web/20031204041622/http://www.nitrousa.com/10_products/11_boards/index2.php | https://web.archive.org/web/20051119171135/http://www.nitrousa.com/products/boards/afr/series_magnum.php3
nitro--metal,nitro,Nitro,Metal,2002,introduced,2002,Listed 2002 board nav (site header 'NITRO SNOWBOARDS 2002'),unknown,,,verified,Column assignment in the 2002 nav is unclear.,https://web.archive.org/web/20010716102927/http://www.nitrousa.com/20_weapon_armoury/21_nitro_line/boards/atf/shadow/series.php
nitro--powdergun,nitro,Nitro,Powdergun,2002,introduced,2003,Listed 2002 board nav (site header 'NITRO SNOWBOARDS 2002') and Sept 2002 boards index (MY2003) (AFR),freeride,,,verified,Also written 'Powder-Gun' in the 2002 nav.,https://web.archive.org/web/20010716102927/http://www.nitrousa.com/20_weapon_armoury/21_nitro_line/boards/atf/shadow/series.php | https://web.archive.org/web/20020902153010/http://www.nitrousa.com/10_products/11_boards/index.php
nitro--storm,nitro,Nitro,Storm,2002,introduced,2002,Listed 2002 board nav (site header 'NITRO SNOWBOARDS 2002'),unknown,,,verified,Column assignment in the 2002 nav is unclear.,https://web.archive.org/web/20010716102927/http://www.nitrousa.com/20_weapon_armoury/21_nitro_line/boards/atf/shadow/series.php
nitro--supernaturals,nitro,Nitro,Supernaturals,2002,introduced,2002,Listed 2002 board nav (site header 'NITRO SNOWBOARDS 2002'); page text calls them 'the new Supernaturals' (new for MY2002),freeride,,,verified,AFR (Advanced Freeride) section; page /boards/afr/supernaturals/.,https://web.archive.org/web/20011004224831/http://www.nitrousa.com/20_weapon_armoury/21_nitro_line/boards/afr/supernaturals/series.php
nitro--suprateam,nitro,Nitro,Suprateam,2002,earliest_sourced,2008,"Confirmed in SnowDB catalog archive for model years 2008-2008 (archive covers 2008-2012 only; run may extend outside that window). | Listed 2002 board nav (site header 'NITRO SNOWBOARDS 2002'), Sept 2002 boards index (MY2003), Dec 2003 boards index (MY2004), Nov 2005 site nav (MY2006)",all-mountain,,,verified,ATF (All Terrain Freestyle) section. 'Suprateam LH' variant listed 2006 (folded).,https://www.snowdb.com/catalog/nitro | https://web.archive.org/web/20010716102927/http://www.nitrousa.com/20_weapon_armoury/21_nitro_line/boards/atf/shadow/series.php | https://web.archive.org/web/20020902153010/http://www.nitrousa.com/10_products/11_boards/index.php | https://web.archive.org/web/20031204041622/http://www.nitrousa.com/10_products/11_boards/index2.php | https://web.archive.org/web/20051119171135/http://www.nitrousa.com/products/boards/afr/series_magnum.php3
nitro--team,nitro,Nitro,Team,2002,earliest_sourced,2006,"Earliest confirmed appearance 2008 (SnowDB catalog archive covers 2008-2012 only); in current lineup, so last_year null. | Earliest sourced 2010; Team predates this | Listed 2002 board nav (site header 'NITRO SNOWBOARDS 2002'), Sept 2002 boards index (MY2003), Dec 2003 boards index (MY2004), Nov 2005 site nav (MY2006)",all-mountain,,,verified,"Nitro's flagship twin; Team Gullwing, Team Black/White, Art Attack variants. Team and Team Pro (Marcus Kleveland) in 2026-27; Zezula 30th-anniversary blog lists Team 2020. | Nitro's flagship camber directional twin; Team Pro variant. In 2027 evo lineup. | ATF (All Terrain Freestyle) section. 'Team MFM' variant listed 2006 (folded).",https://www.snowdb.com/catalog/nitro | https://www.evo.com/shop/snowboard/snowboards/nitro | https://www.snowboard-zezula.com/blog/791/nitro-snowboards-30th-anniversary | https://thegoodride.com/snowboard-reviews/nitro-team-2010-2020-snowboard-review/ | https://web.archive.org/web/20010716102927/http://www.nitrousa.com/20_weapon_armoury/21_nitro_line/boards/atf/shadow/series.php | https://web.archive.org/web/20020902153010/http://www.nitrousa.com/10_products/11_boards/index.php | https://web.archive.org/web/20031204041622/http://www.nitrousa.com/10_products/11_boards/index2.php | https://web.archive.org/web/20051119171135/http://www.nitrousa.com/products/boards/afr/series_magnum.php3
nitro--titan,nitro,Nitro,Titan,2002,introduced,2004,"Listed 2002 board nav (site header 'NITRO SNOWBOARDS 2002'), Sept 2002 boards index (MY2003), Dec 2003 boards index (MY2004)",all-mountain,,,verified,ATF (All Terrain Freestyle) section.,https://web.archive.org/web/20010716102927/http://www.nitrousa.com/20_weapon_armoury/21_nitro_line/boards/atf/shadow/series.php | https://web.archive.org/web/20020902153010/http://www.nitrousa.com/10_products/11_boards/index.php | https://web.archive.org/web/20031204041622/http://www.nitrousa.com/10_products/11_boards/index2.php
nitro--torque,nitro,Nitro,Torque,2002,introduced,2004,Listed 2002 board nav (site header 'NITRO SNOWBOARDS 2002') and Dec 2003 boards index (MY2004) (AFR); not on the MY2003 index,freeride,,,verified,,https://web.archive.org/web/20010716102927/http://www.nitrousa.com/20_weapon_armoury/21_nitro_line/boards/atf/shadow/series.php | https://web.archive.org/web/20031204041622/http://www.nitrousa.com/10_products/11_boards/index2.php
nitro--alias,nitro,Nitro,Alias,2003,introduced,2003,Listed Sept 2002 boards index (MY2003) (WMN),unknown,,,verified,Women's board; 'Alias Mini' listed alongside (folded).,https://web.archive.org/web/20020902153010/http://www.nitrousa.com/10_products/11_boards/index.php
nitro--black-widow,nitro,Nitro,Black Widow,2003,introduced,2006,"Listed Sept 2002 boards index (MY2003), Dec 2003 boards index (MY2004), Nov 2005 site nav (MY2006) (women's section)",unknown,,,verified,Women's board.,https://web.archive.org/web/20020902153010/http://www.nitrousa.com/10_products/11_boards/index.php | https://web.archive.org/web/20031204041622/http://www.nitrousa.com/10_products/11_boards/index2.php | https://web.archive.org/web/20051119171135/http://www.nitrousa.com/products/boards/afr/series_magnum.php3
nitro--punisher,nitro,Nitro,Punisher,2003,introduced,2006,"Listed Sept 2002 boards index (MY2003) (AFR, 'White'/'Black' graphics), Dec 2003 boards index (MY2004) (ATF), Nov 2005 site nav (MY2006) (ATF)",all-mountain,,,verified,Punisher 'White' / 'Black' graphic variants folded.,https://web.archive.org/web/20020902153010/http://www.nitrousa.com/10_products/11_boards/index.php | https://web.archive.org/web/20031204041622/http://www.nitrousa.com/10_products/11_boards/index2.php | https://web.archive.org/web/20051119171135/http://www.nitrousa.com/products/boards/afr/series_magnum.php3
nitro--scope,nitro,Nitro,Scope,2003,introduced,2003,Listed Sept 2002 boards index (MY2003) (AFR),freeride,,,verified,,https://web.archive.org/web/20020902153010/http://www.nitrousa.com/10_products/11_boards/index.php
nitro--shogun,nitro,Nitro,Shogun,2003,introduced,2004,Listed Sept 2002 boards index (MY2003) and Dec 2003 boards index (MY2004) (AFR),freeride,,,verified,,https://web.archive.org/web/20020902153010/http://www.nitrousa.com/10_products/11_boards/index.php | https://web.archive.org/web/20031204041622/http://www.nitrousa.com/10_products/11_boards/index2.php
nitro--darkhorse,nitro,Nitro,Darkhorse,2004,introduced,2006,Listed Dec 2003 boards index (MY2004) and Nov 2005 site nav (MY2006) (AFR),freeride,,,verified,,https://web.archive.org/web/20031204041622/http://www.nitrousa.com/10_products/11_boards/index2.php | https://web.archive.org/web/20051119171135/http://www.nitrousa.com/products/boards/afr/series_magnum.php3
nitro--fate,nitro,Nitro,Fate,2004,earliest_sourced,2009,"Earliest confirmed appearance 2008 (SnowDB catalog archive covers 2008-2012 only); in current lineup, so last_year null. | Listed Dec 2003 boards index (MY2004) and Nov 2005 site nav (MY2006) (women); site slug fate 200709-200812",all-mountain,,,verified,Women's; Fate and Fate Pro in 2027 line. | Women's board.,https://www.snowdb.com/catalog/nitro | https://www.evo.com/shop/snowboard/snowboards/nitro | https://web.archive.org/web/20031204041622/http://www.nitrousa.com/10_products/11_boards/index2.php | https://web.archive.org/web/20051119171135/http://www.nitrousa.com/products/boards/afr/series_magnum.php3 | https://web.archive.org/web/200709/http://www.nitrousa.com/ | https://web.archive.org/web/200812/http://www.nitrousa.com/
nitro--phoenix,nitro,Nitro,Phoenix,2004,introduced,2004,Listed Dec 2003 boards index (MY2004) (women),unknown,,,verified,Women's board.,https://web.archive.org/web/20031204041622/http://www.nitrousa.com/10_products/11_boards/index2.php
nitro--saber,nitro,Nitro,Saber,2004,introduced,2006,Listed Dec 2003 boards index (MY2004) (Saber and Saber P.O.W.) and Nov 2005 site nav (MY2006) (Saber P.O.W. only),all-mountain,,,verified,'Saber P.O.W.' powder variant folded.,https://web.archive.org/web/20031204041622/http://www.nitrousa.com/10_products/11_boards/index2.php | https://web.archive.org/web/20051119171135/http://www.nitrousa.com/products/boards/afr/series_magnum.php3
nitro--suicide,nitro,Nitro,Suicide,2004,introduced,2004,Listed Dec 2003 boards index (MY2004) (AFR),freeride,,,verified,,https://web.archive.org/web/20031204041622/http://www.nitrousa.com/10_products/11_boards/index2.php
nitro--t1,nitro,Nitro,T1,2004,earliest_sourced,2009,"Earliest confirmed appearance 2008 (SnowDB catalog archive covers 2008-2012 only); in current lineup, so last_year null. | Earliest sourced 2011; in 2027 evo lineup | Listed Dec 2003 boards index (MY2004) and Nov 2005 site nav (MY2006) (Twin tips); site slug t1 200709-200812",freestyle,,,verified,"Park board; T1 Legacy, T1 Zero Camber, T1 Womens variants. In 2027 line. | Park/jib board; Zero Camber version introduced ~2011. | Twin-tip series. 2008-09 variant slugs t1_womens, t1_w, t1_legacy folded.",https://www.snowdb.com/catalog/nitro | https://www.evo.com/shop/snowboard/snowboards/nitro | https://thegoodride.com/snowboard-reviews/nitro-t1-review-and-buying-advice/ | https://web.archive.org/web/20031204041622/http://www.nitrousa.com/10_products/11_boards/index2.php | https://web.archive.org/web/20051119171135/http://www.nitrousa.com/products/boards/afr/series_magnum.php3 | https://web.archive.org/web/200709/http://www.nitrousa.com/ | https://web.archive.org/web/200812/http://www.nitrousa.com/
nitro--t2,nitro,Nitro,T2,2004,earliest_sourced,2009,Confirmed in SnowDB catalog archive for model years 2008-2009 (archive covers 2008-2012 only; run may extend outside that window). | Listed Dec 2003 boards index (MY2004) and Nov 2005 site nav (MY2006) (Twin tips); site slug t2 200709-200812,freestyle,,,verified,Twin-tip series.,https://www.snowdb.com/catalog/nitro | https://web.archive.org/web/20031204041622/http://www.nitrousa.com/10_products/11_boards/index2.php | https://web.archive.org/web/20051119171135/http://www.nitrousa.com/products/boards/afr/series_magnum.php3 | https://web.archive.org/web/200709/http://www.nitrousa.com/ | https://web.archive.org/web/200812/http://www.nitrousa.com/
nitro--brawler,nitro,Nitro,Brawler,2006,earliest_sourced,2008,Confirmed in SnowDB catalog archive for model years 2008-2008 (archive covers 2008-2012 only; run may extend outside that window). | Listed Nov 2005 site nav (MY2006) (Youth); site slug brawler 200709-200806,kids,,,verified,,https://www.snowdb.com/catalog/nitro | https://web.archive.org/web/20051119171135/http://www.nitrousa.com/products/boards/afr/series_magnum.php3 | https://web.archive.org/web/200709/http://www.nitrousa.com/ | https://web.archive.org/web/200806/http://www.nitrousa.com/
nitro--jem,nitro,Nitro,Jem,2006,introduced,2006,Listed Nov 2005 site nav (MY2006) (women),unknown,,,verified,Women's board.,https://web.archive.org/web/20051119171135/http://www.nitrousa.com/products/boards/afr/series_magnum.php3
nitro--misfit,nitro,Nitro,Misfit,2006,earliest_sourced,2011,"Confirmed in SnowDB catalog archive for model years 2008-2011 (archive covers 2008-2012 only; run may extend outside that window). | Listed Nov 2005 site nav (MY2006) (Twin); site slugs misfit 200709-200807, misfit_logo 200807-200812",freestyle,,,verified,"Variants misfit_bandana, misfit_w, misfit_logo folded.",https://www.snowdb.com/catalog/nitro | https://web.archive.org/web/20051119171135/http://www.nitrousa.com/products/boards/afr/series_magnum.php3 | https://web.archive.org/web/200709/http://www.nitrousa.com/ | https://web.archive.org/web/200812/http://www.nitrousa.com/
nitro--mystique,nitro,Nitro,Mystique,2006,earliest_sourced,2009,"Earliest confirmed appearance 2008 (SnowDB catalog archive covers 2008-2012 only); in current lineup, so last_year null. | Listed Nov 2005 site nav (MY2006) (women); site slug mystique 200708-200812",unknown,,,verified,Women's; in 2027 line. | Women's board; mystique_mw variant folded.,https://www.snowdb.com/catalog/nitro | https://www.evo.com/shop/snowboard/snowboards/nitro | https://web.archive.org/web/20051119171135/http://www.nitrousa.com/products/boards/afr/series_magnum.php3 | https://web.archive.org/web/200708/http://www.nitrousa.com/ | https://web.archive.org/web/200812/http://www.nitrousa.com/
nitro--nyx,nitro,Nitro,NYX,2006,earliest_sourced,2008,Confirmed in SnowDB catalog archive for model years 2008-2008 (archive covers 2008-2012 only; run may extend outside that window). | Listed Nov 2005 site nav (MY2006) (women) as 'Nyx'; site slug nyx 200709-200807,unknown,,,verified,Women's. | Women's board.,https://www.snowdb.com/catalog/nitro | https://web.archive.org/web/20051119171135/http://www.nitrousa.com/products/boards/afr/series_magnum.php3 | https://web.archive.org/web/200709/http://www.nitrousa.com/ | https://web.archive.org/web/200807/http://www.nitrousa.com/
nitro--pantera,nitro,Nitro,Pantera,2006,earliest_sourced,2012,Confirmed in SnowDB catalog archive for model years 2008-2012 (archive covers 2008-2012 only; run may extend outside that window). | Earliest sourced 2006 (evo outlet Pantera Wide) | Listed Nov 2005 site nav (MY2006) (AFR),freeride,,,verified,"Directional freeride; LX, RS, SL variants. | Directional freeride board; 2026 model on brand site.",https://www.snowdb.com/catalog/nitro | https://www.evo.com/outlet/snowboards/nitro-pantera-w-snowboard | https://www.evo.com/outlet/snowboards/nitro-pantera-snowboard-2010 | https://www.nitrosnowboards.com/products/pantera-snowboard | https://web.archive.org/web/20051119171135/http://www.nitrousa.com/products/boards/afr/series_magnum.php3
nitro--resistance,nitro,Nitro,Resistance,2006,introduced,2006,Listed Nov 2005 site nav (MY2006) (AFR),freeride,,,verified,,https://web.archive.org/web/20051119171135/http://www.nitrousa.com/products/boards/afr/series_magnum.php3
nitro--revolt,nitro,Nitro,Revolt,2006,earliest_sourced,2008,"Confirmed in SnowDB catalog archive for model years 2008-2008 (archive covers 2008-2012 only; run may extend outside that window). | Listed Nov 2005 site nav (MY2006) (ATF, with 'Revolt Color'); site slug revolt 200709-200806",all-mountain,,,verified,ATF (All Terrain Freestyle) section. revolt_w / revolt_mw variants folded.,https://www.snowdb.com/catalog/nitro | https://web.archive.org/web/20051119171135/http://www.nitrousa.com/products/boards/afr/series_magnum.php3 | https://web.archive.org/web/200709/http://www.nitrousa.com/ | https://web.archive.org/web/200806/http://www.nitrousa.com/
nitro--t,nitro,Nitro,TØ,2006,introduced,2006,Listed Nov 2005 site nav (MY2006) (Twin) as 'T&Oslash;',freestyle,,,verified,T-Zero; twin-tip series with T1/T2.,https://web.archive.org/web/20051119171135/http://www.nitrousa.com/products/boards/afr/series_magnum.php3
nitro--vandal,nitro,Nitro,Vandal,2006,introduced,2006,Listed Nov 2005 site nav (MY2006) (Youth),kids,,,verified,,https://web.archive.org/web/20051119171135/http://www.nitrousa.com/products/boards/afr/series_magnum.php3
nitro--blacklight,nitro,Nitro,Blacklight,2008,earliest_sourced,2012,Confirmed in SnowDB catalog archive for model years 2009-2012 (archive covers 2008-2012 only; run may extend outside that window). | Seen on brand site (Wayback) 200807-200812; may predate first snapshot,unknown,,,verified,Site slug 'blacklight'.,https://www.snowdb.com/catalog/nitro | https://web.archive.org/web/200807/http://www.nitrousa.com/ | https://web.archive.org/web/200812/http://www.nitrousa.com/
nitro--carrara,nitro,Nitro,Carrara,2008,earliest_sourced,2012,Confirmed in SnowDB catalog archive for model years 2008-2012 (archive covers 2008-2012 only; run may extend outside that window). | Seen on brand site (Wayback) 200710-200812; may predate first snapshot,unknown,,,verified,Women's. | Site slug 'carrara'.,https://www.snowdb.com/catalog/nitro | https://web.archive.org/web/200710/http://www.nitrousa.com/ | https://web.archive.org/web/200812/http://www.nitrousa.com/
nitro--eero-ettala,nitro,Nitro,Eero Ettala,2008,earliest_sourced,2012,Confirmed in SnowDB catalog archive for model years 2008-2012 (archive covers 2008-2012 only; run may extend outside that window). | Seen on brand site (Wayback) 200710-200812; may predate first snapshot,freestyle,Eero Ettala,,verified,"Listed as Eero / Eero AM / Eero Ettala Pro Model / Eero Ettala AM Series. | Site slug 'eero'. Slugs eero / eero_hu (200710-200806), eero_am / eero_pro (200807-200812) folded.",https://www.snowdb.com/catalog/nitro | https://web.archive.org/web/200710/http://www.nitrousa.com/ | https://web.archive.org/web/200812/http://www.nitrousa.com/
nitro--gun,nitro,Nitro,Gun,2008,earliest_sourced,2009,Confirmed in SnowDB catalog archive for model years 2008-2009 (archive covers 2008-2012 only; run may extend outside that window). | Seen on brand site (Wayback) 200709-200812; may predate first snapshot,powder,,,verified,Site slug 'gun'.,https://www.snowdb.com/catalog/nitro | https://web.archive.org/web/200709/http://www.nitrousa.com/ | https://web.archive.org/web/200812/http://www.nitrousa.com/
nitro--janna,nitro,Nitro,Janna,2008,earliest_sourced,2009,Confirmed in SnowDB catalog archive for model years 2008-2009 (archive covers 2008-2012 only; run may extend outside that window). | Seen on brand site (Wayback) 200709-200812; may predate first snapshot,freestyle,Janna Meyen,,verified,Women's pro model. | Site slug 'janna'. Women's board (Janna Meyen).,https://www.snowdb.com/catalog/nitro | https://web.archive.org/web/200709/http://www.nitrousa.com/ | https://web.archive.org/web/200812/http://www.nitrousa.com/
nitro--mfm,nitro,Nitro,MFM,2008,earliest_sourced,2008,Confirmed in SnowDB catalog archive for model years 2008-2008 (archive covers 2008-2012 only; run may extend outside that window). | Seen on brand site (Wayback) 200709-200807; may predate first snapshot,freestyle,Marc Frank Montoya,,verified,Mini Pro MFM also 2008. | Site slug 'mfm'.,https://www.snowdb.com/catalog/nitro | https://web.archive.org/web/200709/http://www.nitrousa.com/ | https://web.archive.org/web/200807/http://www.nitrousa.com/
nitro--mini-pro-eero,nitro,Nitro,Mini Pro Eero,2008,earliest_sourced,2008,Seen on brand site (Wayback) 200709-200806; may predate first snapshot,kids,Eero Ettala,,likely,Site slug 'mini_pro_eero'.,https://web.archive.org/web/200709/http://www.nitrousa.com/ | https://web.archive.org/web/200806/http://www.nitrousa.com/
nitro--mini-pro-mfm,nitro,Nitro,Mini Pro MFM,2008,earliest_sourced,2008,Seen on brand site (Wayback) 200709-200806; may predate first snapshot,kids,Marc Frank Montoya,,likely,Site slug 'mini_pro_mfm'.,https://web.archive.org/web/200709/http://www.nitrousa.com/ | https://web.archive.org/web/200806/http://www.nitrousa.com/
nitro--prolight,nitro,Nitro,Prolight,2008,earliest_sourced,2010,Confirmed in SnowDB catalog archive for model years 2009-2010 (archive covers 2008-2012 only; run may extend outside that window). | Seen on brand site (Wayback) 200807-200812; may predate first snapshot,unknown,,,verified,Site slug 'prolight'.,https://www.snowdb.com/catalog/nitro | https://web.archive.org/web/200807/http://www.nitrousa.com/ | https://web.archive.org/web/200812/http://www.nitrousa.com/
nitro--pro-one-off,nitro,Nitro,Pro One-Off,2008,earliest_sourced,2009,Seen on brand site (Wayback) 200807-200812; may predate first snapshot,unknown,,,likely,Site slug 'pro_one_off_*'. Rider-graphic slugs pro_one_off_fox / keller / kooley / maas / mills / smith folded into one series row.,https://web.archive.org/web/200807/http://www.nitrousa.com/ | https://web.archive.org/web/200812/http://www.nitrousa.com/
nitro--ripper,nitro,Nitro,Ripper,2008,earliest_sourced,2009,"Earliest confirmed appearance 2009 (SnowDB catalog archive covers 2008-2012 only); in current lineup, so last_year null. | Seen on brand site (Wayback) 200807-200812; may predate first snapshot",kids,,,verified,Youth board; in 2026 line. | Site slug 'ripper'.,https://www.snowdb.com/catalog/nitro | https://www.evo.com/shop/snowboard/snowboards/nitro | https://web.archive.org/web/200807/http://www.nitrousa.com/ | https://web.archive.org/web/200812/http://www.nitrousa.com/
nitro--runaway,nitro,Nitro,Runaway,2008,earliest_sourced,2012,Confirmed in SnowDB catalog archive for model years 2009-2012 (archive covers 2008-2012 only; run may extend outside that window). | Seen on brand site (Wayback) 200807-200812; may predate first snapshot,unknown,,,verified,Women's; Runaway Gullwing 2010. | Site slug 'runaway'.,https://www.snowdb.com/catalog/nitro | https://web.archive.org/web/200807/http://www.nitrousa.com/ | https://web.archive.org/web/200812/http://www.nitrousa.com/
nitro--shield,nitro,Nitro,Shield,2008,earliest_sourced,2009,Confirmed in SnowDB catalog archive for model years 2009-2009 (archive covers 2008-2012 only; run may extend outside that window). | Seen on brand site (Wayback) 200807-200812; may predate first snapshot,unknown,,,verified,"Shield Flair/Venti/Tigre/Autumn graphics. | Site slug 'shield'. Variant slugs shield_autumn_womens, shield_flair_womens, shield_tigre(_w), shield_venti(_w) folded.",https://www.snowdb.com/catalog/nitro | https://web.archive.org/web/200807/http://www.nitrousa.com/ | https://web.archive.org/web/200812/http://www.nitrousa.com/
nitro--slash,nitro,Nitro,Slash,2008,earliest_sourced,2009,"Earliest confirmed appearance 2009 (SnowDB catalog archive covers 2008-2012 only); in current lineup, so last_year null. | In 2016-17 Whitelines preview; 2027 evo lineup | Seen on brand site (Wayback) 200807-200812; may predate first snapshot",powder,,,verified,Directional powder board; Slash Gun 2012. In 2027 line. | Site slug 'slash'.,https://www.snowdb.com/catalog/nitro | https://www.evo.com/shop/snowboard/snowboards/nitro | https://whitelines.com/snowboard-gear/news-previews/nitro-snowboards-2016-2017-preview-ispo-2016.html | https://thegoodride.com/snowboard-reviews/nitro-slash-snowboard-review/ | https://web.archive.org/web/200807/http://www.nitrousa.com/ | https://web.archive.org/web/200812/http://www.nitrousa.com/
nitro--swindle,nitro,Nitro,Swindle,2008,earliest_sourced,2012,Confirmed in SnowDB catalog archive for model years 2009-2012 (archive covers 2008-2012 only; run may extend outside that window). | Seen on brand site (Wayback) 200807-200812; may predate first snapshot,freestyle,,,verified,"Jon Kooley Swindle 152 (2011), Swindle x Early Man. | Site slug 'swindle'.",https://www.snowdb.com/catalog/nitro | https://web.archive.org/web/200807/http://www.nitrousa.com/ | https://web.archive.org/web/200812/http://www.nitrousa.com/
nitro--template,nitro,Nitro,Template,2008,earliest_sourced,2008,Confirmed in SnowDB catalog archive for model years 2008-2008 (archive covers 2008-2012 only; run may extend outside that window). | Seen on brand site (Wayback) 200709-200807; may predate first snapshot,unknown,,,verified,Site slug 'template'.,https://www.snowdb.com/catalog/nitro | https://web.archive.org/web/200709/http://www.nitrousa.com/ | https://web.archive.org/web/200807/http://www.nitrousa.com/
nitro--volume,nitro,Nitro,Volume,2008,earliest_sourced,2010,Confirmed in SnowDB catalog archive for model years 2009-2010 (archive covers 2008-2012 only; run may extend outside that window). | Seen on brand site (Wayback) 200807-200812; may predate first snapshot,unknown,,,verified,Volume Hagstrom 2010. | Site slug 'volume'. volume_mw / volume_w variants folded.,https://www.snowdb.com/catalog/nitro | https://web.archive.org/web/200807/http://www.nitrousa.com/ | https://web.archive.org/web/200812/http://www.nitrousa.com/
nitro--wiig,nitro,Nitro,Wiig,2008,earliest_sourced,2010,Confirmed in SnowDB catalog archive for model years 2008-2010 (archive covers 2008-2012 only; run may extend outside that window). | Seen on brand site (Wayback) 200709-200812; may predate first snapshot,freestyle,Andreas Wiig,,verified,Listed as Wiig (2008-09) and Andreas Wiig Pro Model (2010). | Site slug 'wiig'.,https://www.snowdb.com/catalog/nitro | https://web.archive.org/web/200709/http://www.nitrousa.com/ | https://web.archive.org/web/200812/http://www.nitrousa.com/
nitro--cheryl-maas,nitro,Nitro,Cheryl Maas,2009,earliest_sourced,2012,Confirmed in SnowDB catalog archive for model years 2009-2012 (archive covers 2008-2012 only; run may extend outside that window).,freestyle,Cheryl Maas,,likely,Women's pro model.,https://www.snowdb.com/catalog/nitro
nitro--haze,nitro,Nitro,Haze,2010,earliest_sourced,2012,Confirmed in SnowDB catalog archive for model years 2010-2012 (archive covers 2008-2012 only; run may extend outside that window).,unknown,,,likely,,https://www.snowdb.com/catalog/nitro
nitro--lectra,nitro,Nitro,Lectra,2010,earliest_sourced,,"Earliest confirmed appearance 2010 (SnowDB catalog archive covers 2008-2012 only); in current lineup, so last_year null.",unknown,,,verified,Women's; Lectra Brite/Agent/Clean/Taped/Colorband/Blend graphics; Lectra Leaf and Lectra Abstract in 2027; Zezula lists Lectra 2020.,https://www.snowdb.com/catalog/nitro | https://www.evo.com/shop/snowboard/snowboards/nitro | https://www.snowboard-zezula.com/blog/791/nitro-snowboards-30th-anniversary
nitro--prime,nitro,Nitro,Prime,2010,earliest_sourced,,"Earliest confirmed appearance 2010 (SnowDB catalog archive covers 2008-2012 only); in current lineup, so last_year null. | Earliest sourced (Prime Raw / Prime Chroma); older Prime existed",all-mountain,,,verified,"Entry all-mountain; graphics series Taped, Discord, Agent, Blast, Colorband, Propaganda; Prime Raw / Prime Chroma in 2027. | Entry-level board.",https://www.snowdb.com/catalog/nitro | https://www.evo.com/shop/snowboard/snowboards/nitro
nitro--rook,nitro,Nitro,Rook,2010,earliest_sourced,2012,Confirmed in SnowDB catalog archive for model years 2010-2012 (archive covers 2008-2012 only; run may extend outside that window).,unknown,,,likely,Rook x Dennis McNett 2010-11; Austin Smith Rook 156 (2011).,https://www.snowdb.com/catalog/nitro
nitro--subzero,nitro,Nitro,Subzero,2010,earliest_sourced,2012,Confirmed in SnowDB catalog archive for model years 2010-2012 (archive covers 2008-2012 only; run may extend outside that window).,freestyle,,,likely,Listed as Sub Zero / Sub Zero LE.,https://www.snowdb.com/catalog/nitro
nitro--addict,nitro,Nitro,Addict,2011,earliest_sourced,2012,Confirmed in SnowDB catalog archive for model years 2011-2012 (archive covers 2008-2012 only; run may extend outside that window).,unknown,,,likely,,https://www.snowdb.com/catalog/nitro
nitro--demand,nitro,Nitro,Demand,2011,earliest_sourced,2012,Confirmed in SnowDB catalog archive for model years 2011-2012 (archive covers 2008-2012 only; run may extend outside that window).,unknown,,,likely,,https://www.snowdb.com/catalog/nitro
nitro--factory-team,nitro,Nitro,Factory Team,2012,earliest_sourced,2012,Confirmed in SnowDB catalog archive for model years 2012-2012 (archive covers 2008-2012 only; run may extend outside that window).,unknown,,,likely,,https://www.snowdb.com/catalog/nitro
nitro--thief,nitro,Nitro,Thief,2012,earliest_sourced,2012,Confirmed in SnowDB catalog archive for model years 2012-2012 (archive covers 2008-2012 only; run may extend outside that window).,unknown,,,likely,,https://www.snowdb.com/catalog/nitro
nitro--mountain,nitro,Nitro,Mountain,2016,introduced,2018,,freeride,,,verified,,https://thegoodride.com/snowboard-reviews/nitro-mountain-2016-2018-snowboard-review/ | https://whitelines.com/snowboard-gear/reviews/snowboards/nitro-mountain-2016-2017.html
nitro--afterlife,nitro,Nitro,Afterlife,2017,introduced,,In 2016-17 preview,unknown,,,likely,,https://whitelines.com/snowboard-gear/news-previews/nitro-snowboards-2016-2017-preview-ispo-2016.html
nitro--cinema,nitro,Nitro,Cinema,2017,introduced,,In 2016-17 preview,all-mountain,,,likely,,https://whitelines.com/snowboard-gear/news-previews/nitro-snowboards-2016-2017-preview-ispo-2016.html
nitro--doppleganger,nitro,Nitro,Doppleganger,2017,introduced,,Splitboard in 2016-17 preview,splitboard,,,likely,,https://whitelines.com/snowboard-gear/news-previews/nitro-snowboards-2016-2017-preview-ispo-2016.html
nitro--nomad,nitro,Nitro,Nomad,2017,introduced,,In 2016-17 preview,splitboard,,,likely,,https://whitelines.com/snowboard-gear/news-previews/nitro-snowboards-2016-2017-preview-ispo-2016.html
nitro--quiver,nitro,Nitro,Quiver,2017,introduced,,"Series; Fury Quiver 2019, Quiver Fusion 2022",powder,,Quiver,verified,Bryan Fox/Austin Smith collaboration series of alternative shapes.,https://whitelines.com/snowboard-gear/news-previews/nitro-snowboards-2016-2017-preview-ispo-2016.html | https://thegoodride.com/snowboard-reviews/nitro-fury-quiver-2019-snowboard-review/ | https://thegoodride.com/snowboard-reviews/nitro-quiver-fusion-2022-snowboard-review/
nitro--smp,nitro,Nitro,SMP,2017,introduced,,New for 2016-17,freeride,,,likely,Directional all-terrain with surfy feel.,https://whitelines.com/snowboard-gear/news-previews/nitro-snowboards-2016-2017-preview-ispo-2016.html
nitro--squash,nitro,Nitro,Squash,2018,earliest_sourced,,Earliest confirmed 2026 (evo listing); still in production.,powder,,,verified,Short wide directional.,https://www.evo.com/shop/snowboard/snowboards/nitro | https://thegoodride.com/snowboard-reviews/nitro-squash-snowboard-review/ | https://whitelines.com/snowboard-gear/reviews/snowboards/nitro-squash-2017-2018.html
nitro--woodcarver,nitro,Nitro,Woodcarver,2018,introduced,,Single year sourced,powder,,,likely,,https://thegoodride.com/snowboard-reviews/nitro-woodcarver-2018-snowboard-review/
nitro--beast,nitro,Nitro,Beast,2020,earliest_sourced,2026,Earliest sourced 2020; existed earlier,freestyle,,,likely,Pipe/park camber board.,https://www.evo.com/products/186907-nitro-beast-snowboard-2020 | https://www.evo.com/products/267390-nitro-beast-snowboard-2026
nitro--mountain-x-grif,nitro,Nitro,Mountain X Grif,2020,introduced,,Confirmed 2020 only.,unknown,,,likely,"Listed in Nitro 30th-anniversary blog (Snowboard Zezula, 2020).",https://www.snowboard-zezula.com/blog/791/nitro-snowboards-30th-anniversary
nitro--dropout,nitro,Nitro,Dropout,2022,introduced,,Single year sourced,freeride,,,likely,,https://thegoodride.com/snowboard-reviews/nitro-dropout-2022-snowboard-review/
nitro--highlander,nitro,Nitro,Highlander,2022,introduced,2026,,all-mountain,,,likely,,https://thegoodride.com/snowboard-reviews/nitro-highlander-snowboard-review/
nitro--dinghy,nitro,Nitro,Dinghy,2023,earliest_sourced,,Earliest confirmed 2027 (evo listing); still in production.,powder,,,verified,Wide tapered directional; in 2027 evo lineup.,https://www.evo.com/shop/snowboard/snowboards/nitro | https://thegoodride.com/snowboard-reviews/nitro-dinghy-snowboard-review/
nitro--alternator,nitro,Nitro,Alternator,2024,earliest_sourced,,Earliest confirmed 2027 (evo listing); still in production.,all-mountain,,,verified,,https://www.evo.com/shop/snowboard/snowboards/nitro | https://thegoodride.com/snowboard-reviews/nitro-alternator-snowboard-review/
nitro--karma,nitro,Nitro,Karma,2024,introduced,2026,Per review range.,all-mountain,,,verified,The Good Ride review 2024-2026. | Women's.,https://thegoodride.com/snowboard-reviews/ | https://thegoodride.com/snowboard-reviews/?brand=jones
nitro--victoria,nitro,Nitro,Victoria,2024,introduced,2026,Per review range.,all-mountain,,,verified,The Good Ride review 2024-2026. | Women's.,https://thegoodride.com/snowboard-reviews/ | https://thegoodride.com/snowboard-reviews/?brand=jones
nitro--cheap-thrills,nitro,Nitro,Cheap Thrills,2025,earliest_sourced,,Earliest confirmed 2027 (evo listing); still in production. | Earliest sourced,freestyle,,,verified,,https://www.evo.com/shop/snowboard/snowboards/nitro | https://www.evo.com/snowboards/nitro-cheap-thrills-snowboard-2025
nitro--cannon,nitro,Nitro,Cannon,2026,earliest_sourced,,Earliest confirmed 2026 (evo listing); still in production. | Earliest sourced,powder,,,likely,,https://www.evo.com/shop/snowboard/snowboards/nitro
nitro--team-pro,nitro,Nitro,Team Pro,2026,earliest_sourced,,Earliest confirmed 2026 (evo listing); still in production.,all-mountain,Marcus Kleveland,,likely,,https://www.evo.com/shop/snowboard/snowboards/nitro
nitro--arial,nitro,Nitro,Arial,2027,earliest_sourced,,Earliest confirmed 2027 (evo listing); still in production.,kids,,,likely,Women's model.,https://www.evo.com/shop/snowboard/snowboards/nitro
nitro--banker,nitro,Nitro,Banker,2027,earliest_sourced,,Earliest confirmed 2027 (evo listing); still in production. | Earliest sourced; Good Ride review exists without year captured,powder,,,verified,,https://www.evo.com/shop/snowboard/snowboards/nitro | https://thegoodride.com/snowboard-reviews/nitro-banker-snowboard-review/
nitro--drop,nitro,Nitro,Drop,2027,earliest_sourced,,Earliest confirmed 2027 (evo listing); still in production.,unknown,,,likely,Women's model.,https://www.evo.com/shop/snowboard/snowboards/nitro
nitro--fintwin,nitro,Nitro,FinTwin,2027,earliest_sourced,,Earliest confirmed 2027 (evo listing); still in production.,unknown,,,likely,,https://www.evo.com/shop/snowboard/snowboards/nitro
nitro--ika,nitro,Nitro,Ika,2027,earliest_sourced,,Earliest confirmed 2027 (evo listing); still in production.,unknown,,,likely,Women's model.,https://www.evo.com/shop/snowboard/snowboards/nitro
nitro--mastercarve,nitro,Nitro,Mastercarve,2027,earliest_sourced,,Earliest confirmed 2027 (evo listing); still in production. | Earliest sourced,alpine,,,likely,,https://www.evo.com/shop/snowboard/snowboards/nitro
nitro--mercy,nitro,Nitro,Mercy,2027,earliest_sourced,,Earliest confirmed 2027 (evo listing); still in production.,all-mountain,,,likely,Women's model.,https://www.evo.com/shop/snowboard/snowboards/nitro
nitro--nova,nitro,Nitro,Nova,2027,earliest_sourced,,Earliest confirmed 2027 (evo listing); still in production.,unknown,,,likely,Women's model.,https://www.evo.com/shop/snowboard/snowboards/nitro
nitro--og-team,nitro,Nitro,OG Team,2027,earliest_sourced,,Earliest confirmed 2027 (evo listing); still in production.,all-mountain,,,likely,'OG Team Guest Shaper Project' 2027.,https://www.evo.com/shop/snowboard/snowboards/nitro
nitro--phase,nitro,Nitro,Phase,2027,earliest_sourced,,Earliest confirmed 2027 (evo listing); still in production.,unknown,,,likely,,https://www.evo.com/shop/snowboard/snowboards/nitro
nitro--santoku,nitro,Nitro,Santoku,2027,earliest_sourced,,Earliest confirmed 2027 (evo listing); still in production. | Earliest sourced,all-mountain,,,likely,,https://www.evo.com/shop/snowboard/snowboards/nitro
nitro--spirit,nitro,Nitro,Spirit,2027,earliest_sourced,,Earliest confirmed 2027 (evo listing); still in production.,kids,,,likely,,https://www.evo.com/shop/snowboard/snowboards/nitro
nitro--zaza,nitro,Nitro,Zaza,2027,earliest_sourced,,Earliest confirmed 2027 (evo listing); still in production.,unknown,,,likely,Women's model.,https://www.evo.com/shop/snowboard/snowboards/nitro
nobile--n8,nobile,Nobile,N8,2024,introduced,2025,"N8 TI 2024, N8 Carbon 2025",freeride,,,likely,,https://nobilesports.com/snowboards/boards.html
nobile--race-sbx,nobile,Nobile,Race SBX,2024,introduced,,2023/2024 model,other,,,likely,Boardercross race board.,https://nobilesports.com/snowboards/boards.html
ogasaka--ax,ogasaka,Ogasaka,AX,2025,earliest_sourced,,Earliest sourced,alpine,,,likely,,https://www.ogasaka-snowboard.com/product.html
ogasaka--ct,ogasaka,Ogasaka,CT,2025,earliest_sourced,,Earliest sourced 2025 lineup,all-mountain,,,likely,"All-round carving; CT-TWIN, CT-IZ, CT-S variants.",https://www.ogasaka-snowboard.com/product.html
ogasaka--facet,ogasaka,Ogasaka,FACET,2025,earliest_sourced,,Earliest sourced 2025 lineup,splitboard,,,likely,,https://www.ogasaka-snowboard.com/product.html
ogasaka--fc,ogasaka,Ogasaka,FC,2025,earliest_sourced,,Earliest sourced 2025 lineup,all-mountain,,,likely,Freestyle free carving; FC-S variant.,https://www.ogasaka-snowboard.com/product.html
ogasaka--orca,ogasaka,Ogasaka,ORCA,2025,earliest_sourced,,Earliest sourced 2025 lineup,all-mountain,,,likely,Round wide.,https://www.ogasaka-snowboard.com/product.html
ogasaka--shin,ogasaka,Ogasaka,SHIN,2025,earliest_sourced,,Earliest sourced 2025 lineup,powder,,,likely,Powder series incl. SW swallowtail variants.,https://www.ogasaka-snowboard.com/product.html | https://www.ogasaka-snowboard.com/
ogasaka--sprout,ogasaka,Ogasaka,SPROUT,2025,earliest_sourced,,Earliest sourced 2025 lineup,all-mountain,,,likely,,https://www.ogasaka-snowboard.com/product.html
ogasaka--tf,ogasaka,Ogasaka,TF,2025,earliest_sourced,,Earliest sourced 2025 lineup,all-mountain,,,likely,Twin tip carving.,https://www.ogasaka-snowboard.com/product.html
ogasaka--xc,ogasaka,Ogasaka,XC,2025,earliest_sourced,,"Earliest sourced 2025 lineup (XC-R, XC LE)",all-mountain,,,likely,Race carving.,https://www.ogasaka-snowboard.com/product.html
ogasaka--zx,ogasaka,Ogasaka,ZX,2027,introduced,,26-27 early release,unknown,,,likely,,https://www.ogasaka-snowboard.com/
option--booter,option,Option,Booter,1999,introduced,2000,1998/99 season archive pages (MY1999); referenced on MY2000 pages,unknown,,,verified,,https://web.archive.org/web/20010503014118/http://www.optionsnowboards.com/1998_1999/boards/booter.cgi | https://web.archive.org/web/20000303020635/http://www.optionsnowboards.com/boards/chatfield.shtml
option--cardiac,option,Option,Cardiac,1999,introduced,1999,1998/99 season archive pages (MY1999),unknown,,,verified,,https://web.archive.org/web/20010503014118/http://www.optionsnowboards.com/1998_1999/boards/booter.cgi
option--essential,option,Option,Essential,1999,introduced,1999,1998/99 season archive pages (MY1999),unknown,,,verified,,https://web.archive.org/web/20010503014118/http://www.optionsnowboards.com/1998_1999/boards/booter.cgi
option--free,option,Option,Free,1999,introduced,1999,1998/99 season archive pages (MY1999); succeeded by the Free Plus in 2001,unknown,,,verified,,https://web.archive.org/web/20010503014118/http://www.optionsnowboards.com/1998_1999/boards/booter.cgi
option--jay-nelson,option,Option,Jay Nelson,1999,introduced,2001,"1998/99 archive (MY1999, 159 directional / 154 twin); 'Nelson' pro pages MY2000; slug nelson 200003-200101",unknown,Jay Nelson,,verified,Jay Nelson pro model; listed as 'Nelson' on the 2000-01 site (153/159).,https://web.archive.org/web/20010503014118/http://www.optionsnowboards.com/1998_1999/boards/booter.cgi | https://web.archive.org/web/20000303020635/http://www.optionsnowboards.com/boards/chatfield.shtml | https://web.archive.org/web/200101/http://www.optionsnowboards.com/
option--little-supercap,option,Option,Little SuperCap,1999,introduced,1999,1998/99 season archive pages (MY1999),kids,,SuperCap,verified,Also seen as slug littlesupercap in 200105-200107 cgi pages.,https://web.archive.org/web/20010503014118/http://www.optionsnowboards.com/1998_1999/boards/booter.cgi
option--redline,option,Option,Redline,1999,earliest_sourced,2009,Confirmed in SnowDB catalog archive for model years 2008-2009 (archive covers 2008-2012 only; run may extend outside that window). | 1998/99 archive (MY1999); MY2000 pages (141-163); slug redline 200003-200106,unknown,,,verified,,https://www.snowdb.com/catalog/option | https://web.archive.org/web/20010503014118/http://www.optionsnowboards.com/1998_1999/boards/booter.cgi | https://web.archive.org/web/20000303020635/http://www.optionsnowboards.com/boards/chatfield.shtml | https://web.archive.org/web/200106/http://www.optionsnowboards.com/
option--sansalone,option,Option,Sansalone,1999,introduced,2002,c. 1999; exact run not confirmed. | MY2000 pages; slug sansalone 200003-200112,freestyle,Kevin Sansalone,,verified,"Kevin Sansalone pro model, developed c. 1998-99 (Pique Newsmagazine). | Kevin Sansalone pro model, 154.5/158.5/162.5.",https://www.piquenewsmagazine.com/whistler-news/option-boards-2458356 | https://web.archive.org/web/20000303020635/http://www.optionsnowboards.com/boards/chatfield.shtml | https://web.archive.org/web/200112/http://www.optionsnowboards.com/
option--signature,option,Option,Signature,1999,earliest_sourced,2009,First confirmed 2000; last confirmed 2009. | 1998/99 archive (MY1999); 'Signature Series' MY2000; slug signature 200003-200112,unknown,,,verified,Option's flagship series; Pique Newsmagazine discusses 2000-model-year Signature boards; SnowDB lists Signature 2008-2009.,https://www.piquenewsmagazine.com/whistler-news/option-boards-2458356 | https://www.snowdb.com/catalog/option | https://web.archive.org/web/20010503014118/http://www.optionsnowboards.com/1998_1999/boards/booter.cgi | https://web.archive.org/web/20000303020635/http://www.optionsnowboards.com/boards/chatfield.shtml | https://web.archive.org/web/200112/http://www.optionsnowboards.com/
option--supercap,option,Option,SuperCap,1999,introduced,2002,1998/99 archive (MY1999); MY2000 pages (144-163); slug supercap 200003-200112,unknown,,,verified,Named for Option's Super Cap construction.,https://web.archive.org/web/20010503014118/http://www.optionsnowboards.com/1998_1999/boards/booter.cgi | https://web.archive.org/web/20000303020635/http://www.optionsnowboards.com/boards/chatfield.shtml | https://web.archive.org/web/200112/http://www.optionsnowboards.com/
option--chatfield,option,Option,Chatfield,2000,introduced,2001,Page text says '1999-2000 Pro Model' (MY2000); slug chatfield 200003-200101,unknown,Jason Chatfield,,verified,"Jason Chatfield pro model, 152/156.",https://web.archive.org/web/20000303020635/http://www.optionsnowboards.com/boards/chatfield.shtml | https://web.archive.org/web/200101/http://www.optionsnowboards.com/
option--mini-pro,option,Option,Mini Pro,2000,introduced,2002,MY2000 pages ('Mini Pro's' 132/137/141); slug minipros 200004-200112,kids,,,verified,,https://web.archive.org/web/20000303020635/http://www.optionsnowboards.com/boards/chatfield.shtml | https://web.archive.org/web/200112/http://www.optionsnowboards.com/
option--supercharger,option,Option,SuperCharger,2000,introduced,2002,MY2000 pages (158-173); slug supercharger 200003-200112,freeride,,,verified,Long freeride sizes 158-173.,https://web.archive.org/web/20000303020635/http://www.optionsnowboards.com/boards/chatfield.shtml | https://web.archive.org/web/200112/http://www.optionsnowboards.com/
option--free-plus,option,Option,Free Plus,2001,introduced,2001,"Oct 2000 page (MY2001): 'back by popular demand, completely redesigned' (new/reintroduced for MY2001)",unknown,,Free,verified,,https://web.archive.org/web/20001027190941/http://www.optionsnowboards.com/boards/freeplus.shtml
option--makinen,option,Option,Makinen,2001,introduced,2001,Oct 2000 page (MY2001); slug makinen 200010-200106,unknown,Joni Makinen,,verified,"Joni Makinen pro model, JM 158/161.",https://web.archive.org/web/20001027190941/http://www.optionsnowboards.com/boards/freeplus.shtml | https://web.archive.org/web/200106/http://www.optionsnowboards.com/
option--stomper,option,Option,Stomper,2001,introduced,2002,Oct 2000 page (MY2001); slug stomper 200010-200203,unknown,,,verified,Wide SuperCap.,https://web.archive.org/web/20001027190941/http://www.optionsnowboards.com/boards/freeplus.shtml | https://web.archive.org/web/200203/http://www.optionsnowboards.com/
option--v2,option,Option,V2,2001,introduced,2001,Oct 2000 page (MY2001); slug v2 200010-200106,unknown,,,verified,3D UltraCap construction.,https://web.archive.org/web/20001027190941/http://www.optionsnowboards.com/boards/freeplus.shtml | https://web.archive.org/web/200106/http://www.optionsnowboards.com/
option--bella,option,Option,Bella,2008,earliest_sourced,2009,Confirmed in SnowDB catalog archive for model years 2008-2009 (archive covers 2008-2012 only; run may extend outside that window).,unknown,,,likely,Women's.,https://www.snowdb.com/catalog/option
option--chris-dufficy,option,Option,Chris Dufficy,2008,earliest_sourced,2009,Confirmed in SnowDB catalog archive for model years 2008-2009 (archive covers 2008-2012 only; run may extend outside that window).,freeride,Chris Dufficy,,likely,,https://www.snowdb.com/catalog/option
option--echo,option,Option,Echo,2008,earliest_sourced,2009,Confirmed in SnowDB catalog archive for model years 2008-2009 (archive covers 2008-2012 only; run may extend outside that window).,unknown,,,likely,Listed as 'The Echo' in 2009.,https://www.snowdb.com/catalog/option
option--forecast,option,Option,Forecast,2008,earliest_sourced,2009,Confirmed in SnowDB catalog archive for model years 2008-2009 (archive covers 2008-2012 only; run may extend outside that window).,unknown,,,likely,,https://www.snowdb.com/catalog/option
option--fortune,option,Option,Fortune,2008,earliest_sourced,2009,Confirmed in SnowDB catalog archive for model years 2008-2009 (archive covers 2008-2012 only; run may extend outside that window).,unknown,,,likely,,https://www.snowdb.com/catalog/option
option--franchise,option,Option,Franchise,2008,earliest_sourced,2009,Confirmed in SnowDB catalog archive for model years 2008-2009 (archive covers 2008-2012 only; run may extend outside that window).,unknown,,,likely,,https://www.snowdb.com/catalog/option
option--influence,option,Option,Influence,2008,earliest_sourced,2009,Confirmed in SnowDB catalog archive for model years 2008-2009 (archive covers 2008-2012 only; run may extend outside that window).,unknown,,,likely,,https://www.snowdb.com/catalog/option
option--logic,option,Option,Logic,2008,earliest_sourced,2009,Confirmed in SnowDB catalog archive for model years 2008-2009 (archive covers 2008-2012 only; run may extend outside that window).,unknown,,,likely,,https://www.snowdb.com/catalog/option
option--mirror,option,Option,Mirror,2008,earliest_sourced,2009,Confirmed in SnowDB catalog archive for model years 2008-2009 (archive covers 2008-2012 only; run may extend outside that window).,unknown,,,likely,,https://www.snowdb.com/catalog/option
option--motive,option,Option,Motive,2008,earliest_sourced,2009,Confirmed in SnowDB catalog archive for model years 2008-2009 (archive covers 2008-2012 only; run may extend outside that window). | Seen on brand site (Wayback) 200807; may predate first snapshot,unknown,,,verified,Site slug 'motive'.,https://www.snowdb.com/catalog/option | https://web.archive.org/web/200807/http://www.optionsnowboards.com/
option--paloma,option,Option,Paloma,2008,earliest_sourced,2009,Confirmed in SnowDB catalog archive for model years 2008-2009 (archive covers 2008-2012 only; run may extend outside that window).,unknown,,,likely,Women's.,https://www.snowdb.com/catalog/option
option--vega,option,Option,Vega,2008,earliest_sourced,2009,Confirmed in SnowDB catalog archive for model years 2008-2009 (archive covers 2008-2012 only; run may extend outside that window).,unknown,,,likely,,https://www.snowdb.com/catalog/option
option--vinson,option,Option,Vinson,2008,earliest_sourced,2009,Confirmed in SnowDB catalog archive for model years 2008-2009 (archive covers 2008-2012 only; run may extend outside that window).,unknown,,,likely,,https://www.snowdb.com/catalog/option
original-sin--team,original-sin,Original Sin,Team,1997,introduced,1997,,freestyle,,,likely,"Team series 145/155, $429.",https://snowboarder.com/featured/1997-preview-of-womens-snowboard-equipment
oxess--bx-competition,oxess,Oxess,BX Competition,,unknown,,In current catalog,other,,,likely,Snowboard cross race board.,https://www.oxess.ch/collections/snowboards
oxess--cx-pro,oxess,Oxess,CX Pro,,unknown,,In current catalog; year not stated,all-mountain,,,likely,Softboot carving.,https://www.oxess.ch/collections/snowboards
oxess--fx,oxess,Oxess,FX,,unknown,,In current catalog,all-mountain,,,likely,Freedom carving.,https://www.oxess.ch/collections/snowboards
oxess--rs-rg,oxess,Oxess,RS / RG,,unknown,,In current catalog,alpine,,,likely,Alpine competition.,https://www.oxess.ch/collections/snowboards
oxess--sx,oxess,Oxess,SX,,unknown,,In current catalog,other,,,likely,Skwal.,https://www.oxess.ch/collections/snowboards
oxess--sxr,oxess,Oxess,SXR,,unknown,,In current catalog; SXR 174 Nevin Galmarini Edition II,alpine,Nevin Galmarini,XR,likely,Hardboot carving; XXR/RXR/WXR siblings.,https://www.oxess.ch/collections/snowboards
oxygen--supercross,oxygen,Oxygen,Supercross,2000,introduced,2000,,alpine,,,likely,Freecarve category.,https://www.snowboarder.com/news/board-test-board-specs
oxygen--vibe,oxygen,Oxygen,Vibe,2000,introduced,2000,,all-mountain,,,likely,"Snowboard Life Top 25, 1999/2000.",https://www.snowboarder.com/news/snowboard-lifes-top-25-board-test-2000 | https://www.snowboarder.com/news/board-test-board-specs
palmer--carbon-circle,palmer,Palmer,Carbon Circle,2002,earliest_sourced,2004,Seen on brand site (Wayback) 200109-200312; may predate,unknown,,,likely,Site slug 'carbon_circles / carboncircle'. Sizes 49-67 (2002-03 pages).,https://web.archive.org/web/200109/http://www.palmerusa.com/ | https://web.archive.org/web/200312/http://www.palmerusa.com/
palmer--channel-titanium,palmer,Palmer,Channel Titanium,2002,earliest_sourced,2004,Seen on brand site (Wayback) 200110-200312; may predate,unknown,,,likely,Site slug 'channel_titaniums / channeltitanium'. Sizes 56/64 (2002-03 pages).,https://web.archive.org/web/200110/http://www.palmerusa.com/ | https://web.archive.org/web/200312/http://www.palmerusa.com/
palmer--classic,palmer,Palmer,Classic,2002,earliest_sourced,2009,Confirmed in SnowDB catalog archive for model years 2009-2009 (archive covers 2008-2012 only; run may extend outside that window). | Seen on brand site (Wayback) 200109-200312; may predate,unknown,,,verified,Site slug 'classics / classic'. Sizes 47/53/57/61/65.,https://www.snowdb.com/catalog/palmer | https://web.archive.org/web/200109/http://www.palmerusa.com/ | https://web.archive.org/web/200312/http://www.palmerusa.com/
palmer--honey-circle,palmer,Palmer,Honey Circle,2002,earliest_sourced,2004,Seen on brand site (Wayback) 200109-200312; may predate,unknown,,,likely,Site slug 'honey_circles / honeycircle'. Sizes 49-67.,https://web.archive.org/web/200109/http://www.palmerusa.com/ | https://web.archive.org/web/200312/http://www.palmerusa.com/
palmer--honeycomb,palmer,Palmer,Honeycomb,2002,earliest_sourced,2012,Confirmed in SnowDB catalog archive for model years 2009-2012 (archive covers 2008-2012 only; run may extend outside that window). | Seen on brand site (Wayback) 200109-200312; may predate,unknown,,,verified,Honeycomb 4 (2009); honeycomb core was a Palmer signature construction. | Site slug 'honey_combs / honeycomb'. Sizes 53/57/61/65; honeycomb core is a Palmer signature construction.,https://www.snowdb.com/catalog/palmer | https://web.archive.org/web/200109/http://www.palmerusa.com/ | https://web.archive.org/web/200312/http://www.palmerusa.com/
palmer--honey-pro,palmer,Palmer,Honey Pro,2002,earliest_sourced,2004,Seen on brand site (Wayback) 200109-200312; may predate,unknown,,,likely,Site slug 'honey_pro / honeypro'. Sizes 47/53/57/61.,https://web.archive.org/web/200109/http://www.palmerusa.com/ | https://web.archive.org/web/200312/http://www.palmerusa.com/
palmer--liberty,palmer,Palmer,Liberty,2002,earliest_sourced,2012,Confirmed in SnowDB catalog archive for model years 2009-2012 (archive covers 2008-2012 only; run may extend outside that window). | Seen on brand site (Wayback) 200108-200312; may predate,unknown,,,verified,Site slug 'libertys / liberty'. Sizes 50/53/57 (2002-03 pages).,https://www.snowdb.com/catalog/palmer | https://web.archive.org/web/200108/http://www.palmerusa.com/ | https://web.archive.org/web/200312/http://www.palmerusa.com/
palmer--patriot,palmer,Palmer,Patriot,2002,earliest_sourced,2003,Seen on brand site (Wayback) 200109-200302; may predate,unknown,,,likely,Site slug 'patriots'. Sizes 47/51/55/58/62.,https://web.archive.org/web/200109/http://www.palmerusa.com/ | https://web.archive.org/web/200302/http://www.palmerusa.com/
palmer--andy-finch,palmer,Palmer,Andy Finch,2003,earliest_sourced,2003,Seen on brand site (Wayback) 200210-200306; may predate,freestyle,Andy Finch,,likely,Site slug 'andyfinch'. Andy Finch pro model page on palmerusa.com.,https://web.archive.org/web/200210/http://www.palmerusa.com/ | https://web.archive.org/web/200306/http://www.palmerusa.com/
palmer--biglight,palmer,Palmer,Biglight,2003,earliest_sourced,2004,Seen on brand site (Wayback) 200209-200312; may predate,unknown,,,likely,Site slug 'biglight'.,https://web.archive.org/web/200209/http://www.palmerusa.com/ | https://web.archive.org/web/200312/http://www.palmerusa.com/
palmer--gap,palmer,Palmer,Gap,2003,earliest_sourced,2004,Seen on brand site (Wayback) 200209-200312; may predate,unknown,,,likely,Site slug 'gap'.,https://web.archive.org/web/200209/http://www.palmerusa.com/ | https://web.archive.org/web/200312/http://www.palmerusa.com/
palmer--liberty-carbon,palmer,Palmer,Liberty Carbon,2003,earliest_sourced,2004,Seen on brand site (Wayback) 200209-200312; may predate,unknown,,,likely,Site slug 'libertycarbon'. Carbon variant of the Liberty; listed as its own page.,https://web.archive.org/web/200209/http://www.palmerusa.com/ | https://web.archive.org/web/200312/http://www.palmerusa.com/
palmer--renegade,palmer,Palmer,Renegade,2003,earliest_sourced,2004,Seen on brand site (Wayback) 200209-200312; may predate,unknown,,,likely,Site slug 'renegade'.,https://web.archive.org/web/200209/http://www.palmerusa.com/ | https://web.archive.org/web/200312/http://www.palmerusa.com/
palmer--standard,palmer,Palmer,Standard,2003,earliest_sourced,2004,Seen on brand site (Wayback) 200209-200312; may predate,unknown,,,likely,Site slug 'standards'.,https://web.archive.org/web/200209/http://www.palmerusa.com/ | https://web.archive.org/web/200312/http://www.palmerusa.com/
palmer--crown,palmer,Palmer,Crown,2004,introduced,2011,First 2004; last confirmed 2011.,unknown,,,verified,"Announced as a new board for 2003/04 (Snowboarder, June 2003); 'Crown LE' listed 2009-2011.",https://www.snowboarder.com/news/palmers-new-crown-and-shock-boards | https://www.snowdb.com/catalog/palmer
palmer--pls-shock,palmer,Palmer,PLS Shock,2004,introduced,,Confirmed 2004 only.,unknown,,,likely,Power Link System board announced June 2003.,https://www.snowboarder.com/news/palmers-new-crown-and-shock-boards
palmer--andy-finch-twin,palmer,Palmer,Andy Finch Twin,2009,earliest_sourced,2009,Confirmed in SnowDB catalog archive for model years 2009-2009 (archive covers 2008-2012 only; run may extend outside that window).,freestyle,Andy Finch,,likely,,https://www.snowdb.com/catalog/palmer
palmer--burn,palmer,Palmer,Burn,2009,earliest_sourced,2012,Confirmed in SnowDB catalog archive for model years 2009-2012 (archive covers 2008-2012 only; run may extend outside that window).,all-mountain,,,likely,,https://www.snowdb.com/catalog/palmer
palmer--carbon-circle-2,palmer,Palmer,Carbon Circle 2,2009,earliest_sourced,2009,Confirmed in SnowDB catalog archive for model years 2009-2009 (archive covers 2008-2012 only; run may extend outside that window).,unknown,,,likely,,https://www.snowdb.com/catalog/palmer
palmer--flash,palmer,Palmer,Flash,2009,earliest_sourced,2012,Confirmed in SnowDB catalog archive for model years 2009-2012 (archive covers 2008-2012 only; run may extend outside that window).,unknown,,,likely,Flash Twin 2009-2010.,https://www.snowdb.com/catalog/palmer
palmer--halo,palmer,Palmer,Halo,2009,earliest_sourced,2012,Confirmed in SnowDB catalog archive for model years 2009-2012 (archive covers 2008-2012 only; run may extend outside that window).,unknown,,,likely,,https://www.snowdb.com/catalog/palmer
palmer--jade,palmer,Palmer,Jade,2009,earliest_sourced,2012,Confirmed in SnowDB catalog archive for model years 2009-2012 (archive covers 2008-2012 only; run may extend outside that window).,unknown,,,likely,Jade Twin 2009-2010.,https://www.snowdb.com/catalog/palmer
palmer--platinum-le,palmer,Palmer,Platinum LE,2009,earliest_sourced,2009,Confirmed in SnowDB catalog archive for model years 2009-2009 (archive covers 2008-2012 only; run may extend outside that window).,unknown,,,likely,,https://www.snowdb.com/catalog/palmer
palmer--p-line,palmer,Palmer,P-Line,2009,earliest_sourced,2011,Confirmed in SnowDB catalog archive for model years 2009-2011 (archive covers 2008-2012 only; run may extend outside that window).,unknown,,,likely,P-Line White/Black in 2010.,https://www.snowdb.com/catalog/palmer
palmer--pulse,palmer,Palmer,Pulse,2009,earliest_sourced,2011,Confirmed in SnowDB catalog archive for model years 2009-2011 (archive covers 2008-2012 only; run may extend outside that window).,unknown,,,likely,,https://www.snowdb.com/catalog/palmer
palmer--timeless,palmer,Palmer,Timeless,2009,earliest_sourced,2010,Confirmed in SnowDB catalog archive for model years 2009-2010 (archive covers 2008-2012 only; run may extend outside that window).,unknown,,,likely,,https://www.snowdb.com/catalog/palmer
palmer--truth,palmer,Palmer,Truth,2009,earliest_sourced,2009,Confirmed in SnowDB catalog archive for model years 2009-2009 (archive covers 2008-2012 only; run may extend outside that window).,unknown,,,likely,,https://www.snowdb.com/catalog/palmer
palmer--saga,palmer,Palmer,Saga,2010,earliest_sourced,2012,Confirmed in SnowDB catalog archive for model years 2010-2012 (archive covers 2008-2012 only; run may extend outside that window).,unknown,,,likely,Saga-R in 2010.,https://www.snowdb.com/catalog/palmer
palmer--palmer-pro,palmer,Palmer,Palmer Pro,2012,earliest_sourced,2012,Confirmed in SnowDB catalog archive for model years 2012-2012 (archive covers 2008-2012 only; run may extend outside that window).,unknown,Shaun Palmer,,likely,,https://www.snowdb.com/catalog/palmer
prior--brandywine,prior,Prior,Brandywine,2019,introduced,,Confirmed 2019 only.,freeride,,,likely,Women's directional freeride. (TransWorld/Snowboarder 2019 product showroom).,https://www.snowboarder.com/news/prior-snowboards-product-showroom-2019
prior--fissile,prior,Prior,Fissile,2019,introduced,,Confirmed 2019 only.,powder,,,likely,Women's long powder board. (TransWorld/Snowboarder 2019 product showroom).,https://www.snowboarder.com/news/prior-snowboards-product-showroom-2019
prior--khyber,prior,Prior,Khyber,2019,introduced,,Confirmed 2019 only.,powder,,,likely,Directional for deep coastal snow. (TransWorld/Snowboarder 2019 product showroom).,https://www.snowboarder.com/news/prior-snowboards-product-showroom-2019
prior--legacy,prior,Prior,Legacy,2019,introduced,,Confirmed 2019 only.,powder,,,likely,Powder shape with rounded tail. (TransWorld/Snowboarder 2019 product showroom).,https://www.snowboarder.com/news/prior-snowboards-product-showroom-2019
prior--mfr,prior,Prior,MFR,2019,introduced,,Confirmed 2019 only.,freeride,,,likely,All-mountain directional freeride. (TransWorld/Snowboarder 2019 product showroom).,https://www.snowboarder.com/news/prior-snowboards-product-showroom-2019
prior--powstick,prior,Prior,Powstick,2019,introduced,,Confirmed 2019 only.,swallowtail,,,likely,Swallowtail big-mountain powder board. (TransWorld/Snowboarder 2019 product showroom).,https://www.snowboarder.com/news/prior-snowboards-product-showroom-2019
prior--slasher,prior,Prior,Slasher,2019,introduced,,Confirmed 2019 only.,swallowtail,,,likely,Short-radius swallowtail powder board. (TransWorld/Snowboarder 2019 product showroom).,https://www.snowboarder.com/news/prior-snowboards-product-showroom-2019
prior--slaylok,prior,Prior,Slaylok,2019,introduced,,Confirmed 2019 only.,freestyle,,,likely,Women's twin. (TransWorld/Snowboarder 2019 product showroom).,https://www.snowboarder.com/news/prior-snowboards-product-showroom-2019
prior--spearhead,prior,Prior,Spearhead,2019,introduced,,Confirmed 2019 only.,powder,,,likely,Versatile freeride powder board. (TransWorld/Snowboarder 2019 product showroom).,https://www.snowboarder.com/news/prior-snowboards-product-showroom-2019
prior--thruster,prior,Prior,Thruster,2019,introduced,,Confirmed 2019 only.,powder,,,likely,"Short, nimble powder board. (TransWorld/Snowboarder 2019 product showroom).",https://www.snowboarder.com/news/prior-snowboards-product-showroom-2019
prior--wildcard,prior,Prior,Wildcard,2019,introduced,,Confirmed 2019 only.,freestyle,,,likely,New true twin for 2019. (TransWorld/Snowboarder 2019 product showroom).,https://www.snowboarder.com/news/prior-snowboards-product-showroom-2019
public--disorder,public,Public,Disorder,2020,introduced,,,freestyle,Joe Sexton,,verified,,https://www.tactics.com/info/2020-public-snowboards-review | https://www.evo.com/outlet/snowboards/public-disorder-sexton-snowboard
public--display,public,Public,Display,2020,earliest_sourced,,Earliest sourced,freestyle,Darrell Mathes,,likely,"Flat camber, carbon stringers.",https://www.tactics.com/info/2020-public-snowboards-review
public--dispute,public,Public,Dispute,2020,introduced,,,freestyle,Ben Bilodeau,,likely,,https://www.tactics.com/info/2020-public-snowboards-review
public--general-public,public,Public,General Public,2020,earliest_sourced,,Earliest sourced,freestyle,,,likely,,https://www.tactics.com/info/2020-public-snowboards-review
public--opinion,public,Public,Opinion,2020,introduced,,,freestyle,Chris Bradshaw,,likely,,https://www.tactics.com/info/2020-public-snowboards-review
public--therapy,public,Public,Therapy,2020,introduced,,,freestyle,Joe Sexton,,likely,Sexton's fourth pro model; flat-to-reverse camber.,https://www.tactics.com/info/2020-public-snowboards-review
rad-air--tanker,rad-air,Rad Air,Tanker,1994,introduced,,"30-year anniversary edition 2024 implies 1994 origin; catalog years sourced 2010, 2021-2023",freeride,,,likely,Long directional 'longboard' (up to 200cm Tanker 200).,https://www.boardsportsource.com/new-product/tanker-30-year-anniversary-rad-air/ | https://www.snowboard-review.com/snowboard_reviews/c/rad-air/ | https://thegoodride.com/snowboard-reviews/rad-air-tanker-snowboard-review/
ride--freestyle,ride,Ride,Freestyle,1994,introduced,1994,TWS buyer's guide issue dated Oct of the prior calendar year (Oct 1989 issue = model year 1990).,freestyle,,,likely,Rider set-up listing (Oct 1993 guide).,https://archive.org/details/tws-89-93
ride--rj,ride,Ride,RJ,1994,introduced,1995,,freestyle,,,verified,RJ 56 cited in TWS 1994 as a typical jib/pipe model.,https://archive.org/details/tws-89-93 | https://retrosnow.com/shop/ride/libtech-95-ride/ride-rj/
ride--dale-rehberg,ride,Ride,Dale Rehberg,1995,introduced,1995,Retro Snow collector catalog dates the board by two-digit year category; treated as model year.,freestyle,Dale Rehberg,,likely,,https://retrosnow.com/shop/ride/libtech-95-ride/ride-dale-rehberg/
ride--jason-ford,ride,Ride,Jason Ford,1995,introduced,1995,Retro Snow collector catalog dates the board by two-digit year category; treated as model year.,freestyle,Jason Ford,,likely,Sylvester graphic variant.,https://retrosnow.com/shop/ride/libtech-95-ride/ride-jason-ford-pro-model/ | https://retrosnow.com/shop/ride/libtech-95-ride/ride-jason-ford-sylvester/
ride--compact-series,ride,Ride,Compact Series,1997,introduced,1997,,freestyle,,,likely,"Women's-oriented series with Circe Wallace input, $390.",https://snowboarder.com/featured/1997-preview-of-womens-snowboard-equipment
ride--jennie,ride,Ride,Jennie,1999,introduced,2000,,freestyle,Jennie Waara,,verified,Jennie Waara 150 (1999); 'Ride Jennie' (2000).,https://www.snowboarder.com/news/how-the-1999-womens-boards-stack-up-a-review | https://www.snowboarder.com/news/board-test-board-specs
ride--brushie,ride,Ride,Brushie,2000,earliest_sourced,2001,Seen on brand site (Wayback) 200007-200106; may predate first snapshot,freestyle,Jeff Brushie,,verified,Site slug 'brushie'. Jeff Brushie pro model.,https://www.snowboarder.com/news/board-test-board-specs | https://web.archive.org/web/200007/http://www.ridesnowboards.com/products/boards/brushie/ | https://web.archive.org/web/200106/http://www.ridesnowboards.com/
ride--concept,ride,Ride,Concept,2000,earliest_sourced,2004,Seen on brand site (Wayback) 200007-200312; may predate first snapshot,unknown,,,likely,Site slug 'concept'.,https://web.archive.org/web/200007/http://www.ridesnowboards.com/products/boards/concept/ | https://web.archive.org/web/200312/http://www.ridesnowboards.com/
ride--control,ride,Ride,Control,2000,earliest_sourced,2007,Seen on brand site (Wayback) 200007-200610; may predate first snapshot,all-mountain,,,verified,"Snowboard Life Top 25, 1999/2000. | Site slug 'control'.",https://www.snowboarder.com/news/snowboard-lifes-top-25-board-test-2000 | https://www.snowboarder.com/news/board-test-board-specs | https://web.archive.org/web/200007/http://www.ridesnowboards.com/products/boards/control/ | https://web.archive.org/web/200610/http://www.ridesnowboards.com/
ride--fleetwood,ride,Ride,Fleetwood,2000,earliest_sourced,2007,Seen on brand site (Wayback) 200007-200610; may predate first snapshot,freeride,,,verified,Site slug 'fleetwood'.,https://snowboarder.com/transworld-snowboarding-archive/snowboarding-photos/board-test-wide-rides | https://web.archive.org/web/200007/http://www.ridesnowboards.com/products/boards/fleetwood/ | https://web.archive.org/web/200610/http://www.ridesnowboards.com/
ride--fuel,ride,Ride,Fuel,2000,earliest_sourced,2003,Seen on brand site (Wayback) 200007-200304; may predate first snapshot,unknown,,,likely,Site slug 'fuel'.,https://web.archive.org/web/200007/http://www.ridesnowboards.com/products/boards/fuel/ | https://web.archive.org/web/200304/http://www.ridesnowboards.com/
ride--lowride,ride,Ride,Lowride,2000,earliest_sourced,2007,Seen on brand site (Wayback) 200007-200610; may predate first snapshot,unknown,,,likely,Site slug 'lowride'.,https://web.archive.org/web/200007/http://www.ridesnowboards.com/products/boards/lowride/ | https://web.archive.org/web/200610/http://www.ridesnowboards.com/
ride--mahaffey,ride,Ride,Mahaffey,2000,earliest_sourced,2000,Seen on brand site (Wayback) 200007-200007; may predate first snapshot,unknown,,,likely,Site slug 'mahaffey'. Rider-surname slug under /products/boards/; probably a pro model but rider's full name not confirmed from the page.,https://web.archive.org/web/200007/http://www.ridesnowboards.com/products/boards/mahaffey/
ride--mountain,ride,Ride,Mountain,2000,earliest_sourced,2003,Seen on brand site (Wayback) 200007-200306; may predate first snapshot,freeride,,,verified,Site slug 'mountain'.,https://snowboarder.com/transworld-snowboarding-archive/snowboarding-photos/board-test-wide-rides | https://web.archive.org/web/200007/http://www.ridesnowboards.com/products/boards/mountain/ | https://web.archive.org/web/200306/http://www.ridesnowboards.com/
ride--profile,ride,Ride,Profile,2000,earliest_sourced,2000,Seen on brand site (Wayback) 200007-200007; may predate first snapshot,all-mountain,,,verified,Site slug 'profile'.,https://www.snowboarder.com/news/snowboard-lifes-top-25-board-test-2000 | https://www.snowboarder.com/news/board-test-board-specs | https://web.archive.org/web/200007/http://www.ridesnowboards.com/products/boards/profile/
ride--system,ride,Ride,System,2000,earliest_sourced,2002,Seen on brand site (Wayback) 200007-200206; may predate first snapshot,unknown,,,likely,Site slug 'system'.,https://web.archive.org/web/200007/http://www.ridesnowboards.com/products/boards/system/ | https://web.archive.org/web/200206/http://www.ridesnowboards.com/
ride--tempest,ride,Ride,Tempest,2000,earliest_sourced,2002,Seen on brand site (Wayback) 200007-200206; may predate first snapshot,unknown,,,likely,Site slug 'tempest'.,https://web.archive.org/web/200007/http://www.ridesnowboards.com/products/boards/tempest/ | https://web.archive.org/web/200206/http://www.ridesnowboards.com/
ride--timeless,ride,Ride,Timeless,2000,earliest_sourced,2007,Seen on brand site (Wayback) 200007-200705; may predate first snapshot,freeride,,,verified,"Snowboard Life Top 25, 1999/2000; noted as a wide-ish board. | Site slug 'timeless'.",https://www.snowboarder.com/news/snowboard-lifes-top-25-board-test-2000 | https://www.snowboarder.com/news/board-test-board-specs | https://snowboarder.com/transworld-snowboarding-archive/snowboarding-photos/board-test-wide-rides | https://web.archive.org/web/200007/http://www.ridesnowboards.com/products/boards/timeless/ | https://web.archive.org/web/200705/http://www.ridesnowboards.com/
ride--waara,ride,Ride,Waara,2000,earliest_sourced,2000,Seen on brand site (Wayback) 200007-200007; may predate first snapshot,unknown,,,likely,Site slug 'waara'. Rider-surname slug under /products/boards/; probably a pro model but rider's full name not confirmed from the page.,https://web.archive.org/web/200007/http://www.ridesnowboards.com/products/boards/waara/
ride--yukon,ride,Ride,Yukon,2000,earliest_sourced,2007,Seen on brand site (Wayback) 200007-200705; may predate first snapshot,freeride,,,verified,"Wide board, Yukon 159 at $480. | Site slug 'yukon'.",https://snowboarder.com/transworld-snowboarding-archive/snowboarding-photos/board-test-wide-rides | https://web.archive.org/web/200007/http://www.ridesnowboards.com/products/boards/yukon/ | https://web.archive.org/web/200705/http://www.ridesnowboards.com/
ride--zero,ride,Ride,Zero,2000,earliest_sourced,2001,Seen on brand site (Wayback) 200007-200106; may predate first snapshot,freestyle,,,verified,Asym twin hybrid rocker; new for 2022. In 2027 evo lineup. | Site slug 'zero'. 2000-2001 Zero; a different board from the 2022+ Ride Zero that shares the name.,https://snowboardrobot.com/snowboard-review/ride-zero/ | https://www.evo.com/shop/snowboard/snowboards/ride | https://web.archive.org/web/200007/http://www.ridesnowboards.com/products/boards/zero/ | https://web.archive.org/web/200106/http://www.ridesnowboards.com/
ride--exile,ride,Ride,Exile,2002,earliest_sourced,2004,Seen on brand site (Wayback) 200109-200402; may predate first snapshot,unknown,,,likely,Site slug 'exile'.,https://web.archive.org/web/200109/http://www.ridesnowboards.com/ | https://web.archive.org/web/200402/http://www.ridesnowboards.com/
ride--menace,ride,Ride,Menace,2002,earliest_sourced,2006,Seen on brand site (Wayback) 200207-200603; may predate first snapshot,unknown,,,likely,Site slug 'menace'.,https://web.archive.org/web/200207/http://www.ridesnowboards.com/ | https://web.archive.org/web/200603/http://www.ridesnowboards.com/
ride--serum,ride,Ride,Serum,2002,earliest_sourced,2004,Seen on brand site (Wayback) 200108-200401; may predate first snapshot,unknown,,,likely,Site slug 'serum'.,https://web.archive.org/web/200108/http://www.ridesnowboards.com/ | https://web.archive.org/web/200401/http://www.ridesnowboards.com/
ride--vista,ride,Ride,Vista,2002,earliest_sourced,2007,Seen on brand site (Wayback) 200109-200610; may predate first snapshot,unknown,,,likely,Site slug 'vista'.,https://web.archive.org/web/200109/http://www.ridesnowboards.com/ | https://web.archive.org/web/200610/http://www.ridesnowboards.com/
ride--catalyst,ride,Ride,Catalyst,2003,earliest_sourced,2004,Seen on brand site (Wayback) 200208-200404; may predate first snapshot,unknown,,,likely,Site slug 'Catalyst'.,https://web.archive.org/web/200208/http://www.ridesnowboards.com/ | https://web.archive.org/web/200404/http://www.ridesnowboards.com/
ride--kink,ride,Ride,Kink,2003,earliest_sourced,2007,Earliest sourced 2010; in 2027 evo lineup | Seen on brand site (Wayback) 200208-200705; may predate first snapshot,freestyle,,,verified,Jib board. | Site slug 'Kink'. Jib/park board; name continues in later Ride lines.,https://www.snowboard-review.com/snowboard_reviews/review/kink/ | https://thegoodride.com/snowboard-reviews/ride-kink-2018-2019-snowboard-review/ | https://www.evo.com/shop/snowboard/snowboards/ride | https://web.archive.org/web/200208/http://www.ridesnowboards.com/ | https://web.archive.org/web/200705/http://www.ridesnowboards.com/
ride--mecca,ride,Ride,Mecca,2003,earliest_sourced,2004,Seen on brand site (Wayback) 200208-200407; may predate first snapshot,unknown,,,likely,Site slug 'mecca'.,https://web.archive.org/web/200208/http://www.ridesnowboards.com/ | https://web.archive.org/web/200407/http://www.ridesnowboards.com/
ride--nation,ride,Ride,Nation,2003,earliest_sourced,2005,Seen on brand site (Wayback) 200208-200412; may predate first snapshot,unknown,,,likely,Site slug 'Nation'.,https://web.archive.org/web/200208/http://www.ridesnowboards.com/ | https://web.archive.org/web/200412/http://www.ridesnowboards.com/
ride--decade,ride,Ride,Decade,2004,earliest_sourced,2007,Seen on brand site (Wayback) 200310-200702; may predate first snapshot,unknown,,,likely,Site slug 'decade'. DECADEWIDE (wide) variant slug seen 200410 (folded).,https://web.archive.org/web/200310/http://www.ridesnowboards.com/ | https://web.archive.org/web/200702/http://www.ridesnowboards.com/
ride--dh,ride,Ride,DH,2004,earliest_sourced,2014,Earliest sourced 2010; may predate. DH2 variant also reviewed | Seen on brand site (Wayback) 200312-200701; may predate first snapshot,freestyle,,,verified,Traditional camber true twin. | Site slug 'dh'. DH_DFC variant slug seen 200603 (folded). Name continues in later Ride lines.,https://thegoodride.com/snowboard-reviews/ride-dh-review-and-buying-advice/ | https://thegoodride.com/snowboard-reviews/ride-dh2-review-and-buying-advice/ | https://web.archive.org/web/200312/http://www.ridesnowboards.com/ | https://web.archive.org/web/200701/http://www.ridesnowboards.com/
ride--kashmir,ride,Ride,Kashmir,2004,earliest_sourced,2006,Seen on brand site (Wayback) 200308-200603; may predate first snapshot,unknown,,,likely,Site slug 'kashmir'. KASHMIR_DFC variant slug seen 200603 (folded).,https://web.archive.org/web/200308/http://www.ridesnowboards.com/ | https://web.archive.org/web/200603/http://www.ridesnowboards.com/
ride--mikey-leblanc-pro,ride,Ride,Mikey LeBlanc Pro,2004,earliest_sourced,2006,Seen on brand site (Wayback) 200310-200603; may predate first snapshot,unknown,Mikey LeBlanc,,likely,"Site slug 'MikeyLeBlancPro'. Slugs MikeyLeBlancPro (200310), leblanc (200312), LeBLANC_PRO (200603) folded into one row.",https://web.archive.org/web/200310/http://www.ridesnowboards.com/ | https://web.archive.org/web/200603/http://www.ridesnowboards.com/
ride--prophet,ride,Ride,Prophet,2004,earliest_sourced,2007,Seen on brand site (Wayback) 200310-200706; may predate first snapshot,unknown,,,likely,Site slug 'prophet'.,https://web.archive.org/web/200310/http://www.ridesnowboards.com/ | https://web.archive.org/web/200706/http://www.ridesnowboards.com/
ride--solace,ride,Ride,Solace,2004,earliest_sourced,2007,Seen on brand site (Wayback) 200311-200610; may predate first snapshot,unknown,,,likely,Site slug 'solace'.,https://web.archive.org/web/200311/http://www.ridesnowboards.com/ | https://web.archive.org/web/200610/http://www.ridesnowboards.com/
ride--theory,ride,Ride,Theory,2004,earliest_sourced,2006,Seen on brand site (Wayback) 200310-200603; may predate first snapshot,unknown,,,likely,Site slug 'theory'.,https://web.archive.org/web/200310/http://www.ridesnowboards.com/ | https://web.archive.org/web/200603/http://www.ridesnowboards.com/
ride--berzerker,ride,Ride,Berzerker,2006,earliest_sourced,2006,Seen on brand site (Wayback) 200601-200603; may predate first snapshot,freeride,,,verified,Directional freeride; in 2027 evo lineup. | Site slug 'BERZERKER'. Name continues in later Ride lines.,https://thegoodride.com/snowboard-reviews/ride-berzerker-snowboard-review/ | https://www.evo.com/shop/snowboard/snowboards/ride | https://web.archive.org/web/200601/http://www.ridesnowboards.com/ | https://web.archive.org/web/200603/http://www.ridesnowboards.com/
ride--business,ride,Ride,Business,2006,earliest_sourced,2006,Seen on brand site (Wayback) 200512-200603; may predate first snapshot,unknown,,,likely,Site slug 'BUSINESS'.,https://web.archive.org/web/200512/http://www.ridesnowboards.com/ | https://web.archive.org/web/200603/http://www.ridesnowboards.com/
ride--cue,ride,Ride,Cue,2006,earliest_sourced,2006,Seen on brand site (Wayback) 200603-200603; may predate first snapshot,unknown,,,likely,Site slug 'CUE'.,https://web.archive.org/web/200603/http://www.ridesnowboards.com/
ride--havoc,ride,Ride,Havoc,2006,earliest_sourced,2007,Seen on brand site (Wayback) 200603-200610; may predate first snapshot,unknown,,,likely,Site slug 'HAVOC'.,https://web.archive.org/web/200603/http://www.ridesnowboards.com/ | https://web.archive.org/web/200610/http://www.ridesnowboards.com/
ride--no-4,ride,Ride,No. 4,2006,earliest_sourced,2007,Seen on brand site (Wayback) 200601-200610; may predate first snapshot,unknown,,,likely,Site slug 'NO4'. Slug NO4; expanded as 'No. 4'.,https://web.archive.org/web/200601/http://www.ridesnowboards.com/ | https://web.archive.org/web/200610/http://www.ridesnowboards.com/
ride--dose,ride,Ride,Dose,2007,earliest_sourced,2007,Seen on brand site (Wayback) 200610-200610; may predate first snapshot,unknown,,,likely,Site slug 'DOSE'.,https://web.archive.org/web/200610/http://www.ridesnowboards.com/
ride--fever,ride,Ride,Fever,2007,earliest_sourced,2007,Seen on brand site (Wayback) 200610-200705; may predate first snapshot,unknown,,,likely,Site slug 'FEVER'.,https://web.archive.org/web/200610/http://www.ridesnowboards.com/ | https://web.archive.org/web/200705/http://www.ridesnowboards.com/
ride--ruckus,ride,Ride,Ruckus,2007,earliest_sourced,2007,Seen on brand site (Wayback) 200610-200610; may predate first snapshot,unknown,,,likely,Site slug 'RUCKUS'.,https://web.archive.org/web/200610/http://www.ridesnowboards.com/
ride--society,ride,Ride,Society,2007,earliest_sourced,2007,Seen on brand site (Wayback) 200610-200704; may predate first snapshot,unknown,,,likely,Site slug 'SOCIETY'.,https://web.archive.org/web/200610/http://www.ridesnowboards.com/ | https://web.archive.org/web/200704/http://www.ridesnowboards.com/
ride--verona,ride,Ride,Verona,2007,earliest_sourced,2007,Seen on brand site (Wayback) 200610-200610; may predate first snapshot,unknown,,,likely,Site slug 'VERONA'.,https://web.archive.org/web/200610/http://www.ridesnowboards.com/
ride--machete,ride,Ride,Machete,2010,earliest_sourced,2019,Earliest sourced 2010; may predate,freestyle,,,likely,,https://thegoodride.com/snowboard-reviews/ride-machete-2010-2019-snowboard-review/
ride--wild-life,ride,Ride,Wild Life,2013,introduced,2021,,freeride,,,likely,,https://thegoodride.com/snowboard-reviews/ride-wild-life-snowboard-review/
ride--helix,ride,Ride,Helix,2015,introduced,2019,,freestyle,,,likely,Asym twin.,https://thegoodride.com/snowboard-reviews/ride-helix-2015-2019-snowboard-review/
ride--warpig,ride,Ride,Warpig,2017,introduced,,,all-mountain,,Pig,verified,Short/wide volume-shifted board that launched the Pig family. In 2027 evo lineup.,https://thegoodride.com/snowboard-reviews/ride-warpig-snowboard-review/ | https://www.evo.com/shop/snowboard/snowboards/ride
ride--mtnpig,ride,Ride,MTNPIG,2019,introduced,2024,,freeride,,Pig,likely,,https://thegoodride.com/snowboard-reviews/ride-mtnpig-snowboard-review/
ride--twinpig,ride,Ride,Twinpig,2019,introduced,,,freestyle,,Pig,verified,Asym twin version of Warpig.,https://thegoodride.com/snowboard-reviews/ride-twinpig-snowboard-review/ | https://www.evo.com/shop/snowboard/snowboards/ride
ride--algorythm,ride,Ride,Algorythm,2020,introduced,2025,Good Ride spells it Algorhythm,freestyle,,,likely,,https://thegoodride.com/snowboard-reviews/ride-algorhythm-snowboard-review/
ride--superpig,ride,Ride,Superpig,2020,introduced,,,all-mountain,,Pig,verified,,https://thegoodride.com/snowboard-reviews/ride-superpig-snowboard-review/ | https://www.evo.com/shop/snowboard/snowboards/ride
ride--psychocandy,ride,Ride,Psychocandy,2022,introduced,,,all-mountain,,,verified,Unisex; in 2027 evo lineup.,https://thegoodride.com/snowboard-reviews/ride-psychocandy-snowboard-review/ | https://www.evo.com/shop/snowboard/snowboards/ride
ride--smokescreen,ride,Ride,Smokescreen,2022,introduced,2024,,freeride,,,likely,,https://thegoodride.com/snowboard-reviews/ride-smokescreen-snowboard-review/
ride--agenda,ride,Ride,Agenda,2023,earliest_sourced,2007,The Good Ride reviewed 2023-2024; evo lists 2026. | Earliest sourced; older Agenda existed | Seen on brand site (Wayback) 200610-200610; may predate first snapshot,freestyle,,,verified,Site slug 'AGENDA'. 2007 Agenda; the 2023+ Ride Agenda is a later board sharing the name. | QA-corrected.,https://www.evo.com/shop/snowboard/snowboards/ride | https://web.archive.org/web/200610/http://www.ridesnowboards.com/
ride--benchwarmer,ride,Ride,Benchwarmer,2023,introduced,2026,,freestyle,,,verified,,https://thegoodride.com/snowboard-reviews/ride-benchwarmer-snowboard-review/ | https://www.evo.com/shop/snowboard/snowboards/ride
ride--peace-seeker,ride,Ride,Peace Seeker,2023,introduced,2024,,powder,,,likely,,https://thegoodride.com/snowboard-reviews/ride-peace-seeker-snowboard-review/
ride--shadowban,ride,Ride,Shadowban,2023,introduced,,,all-mountain,,,verified,In 2027 evo lineup.,https://thegoodride.com/snowboard-reviews/ride-shadowban-snowboard-review/ | https://www.evo.com/shop/snowboard/snowboards/ride
ride--burnout,ride,Ride,Burnout,2026,earliest_sourced,,Earliest sourced,freestyle,,,likely,,https://www.evo.com/shop/snowboard/snowboards/ride
ride--deep-fake,ride,Ride,Deep Fake,2026,earliest_sourced,,,powder,,,likely,,https://www.evo.com/shop/snowboard/snowboards/ride
ride--heartbreaker,ride,Ride,Heartbreaker,2026,earliest_sourced,,Earliest sourced,freestyle,,,likely,Women's.,https://www.evo.com/shop/snowboard/snowboards/ride
ride--manic,ride,Ride,Manic,2026,earliest_sourced,,Earliest sourced,all-mountain,,,likely,,https://www.evo.com/shop/snowboard/snowboards/ride
ride--moderator,ride,Ride,Moderator,2026,introduced,,,all-mountain,,,verified,,https://thegoodride.com/snowboard-reviews/ride-moderator-snowboard-review/ | https://www.evo.com/shop/snowboard/snowboards/ride
rome--agent,rome,Rome,Agent,2004,earliest_sourced,2009,"Earliest confirmed appearance 2009 (SnowDB catalog archive covers 2008-2012 only); in current lineup, so last_year null. | Earliest sourced 2027; Agent is a long-running Rome model (named in Whitelines brand guide) | Seen on brand site (Wayback) 200404-200812; may predate first snapshot",freestyle,,,verified,"Rome's core twin since the brand's early years (Whitelines brand guide lists Agent among founding-era models, undated); Agent Rocker 2011-2012; Agent and Agent Pro in 2027. | Agent Pro variant. | Site slug 'agent'.",https://www.snowdb.com/catalog/rome | https://www.evo.com/shop/snowboard/snowboards/rome | https://whitelines.com/snowboard-gear/before-you-buy/guide-to-snowboard-brands.html | https://web.archive.org/web/200404/http://www.romesnowboards.com/ | https://web.archive.org/web/200812/http://www.romesnowboards.com/
rome--anthem,rome,Rome,Anthem,2004,earliest_sourced,2012,Confirmed in SnowDB catalog archive for model years 2009-2012 (archive covers 2008-2012 only; run may extend outside that window). | Seen on brand site (Wayback) 200310-200812; may predate first snapshot,freeride,,,verified,Directional freeride; Anthem SS variant. Named in Whitelines brand guide (undated). | Site slug 'anthem'.,https://www.snowdb.com/catalog/rome | https://whitelines.com/snowboard-gear/before-you-buy/guide-to-snowboard-brands.html | https://web.archive.org/web/200310/http://www.romesnowboards.com/ | https://web.archive.org/web/200812/http://www.romesnowboards.com/
rome--blue,rome,Rome,Blue,2004,earliest_sourced,2012,Confirmed in SnowDB catalog archive for model years 2009-2012 (archive covers 2008-2012 only; run may extend outside that window). | Seen on brand site (Wayback) 200310-200812; may predate first snapshot,unknown,,,verified,"Women's. | Site slug 'blue'. Women's board; survey flagged the slug as possibly a binding, kept because Rome sold a Blue snowboard.",https://www.snowdb.com/catalog/rome | https://web.archive.org/web/200310/http://www.romesnowboards.com/ | https://web.archive.org/web/200812/http://www.romesnowboards.com/
rome--flag,rome,Rome,Flag,2004,earliest_sourced,2010,Confirmed in SnowDB catalog archive for model years 2009-2010 (archive covers 2008-2012 only; run may extend outside that window). | Seen on brand site (Wayback) 200312-200812; may predate first snapshot,unknown,,,verified,Site slug 'flag'.,https://www.snowdb.com/catalog/rome | https://web.archive.org/web/200312/http://www.romesnowboards.com/ | https://web.archive.org/web/200812/http://www.romesnowboards.com/
rome--label,rome,Rome,Label,2004,earliest_sourced,2012,Confirmed in SnowDB catalog archive for model years 2009-2012 (archive covers 2008-2012 only; run may extend outside that window). | Seen on brand site (Wayback) 200310-200812; may predate first snapshot,unknown,,,verified,Kids'. | Site slug 'label'.,https://www.snowdb.com/catalog/rome | https://web.archive.org/web/200310/http://www.romesnowboards.com/ | https://web.archive.org/web/200812/http://www.romesnowboards.com/
rome--solution,rome,Rome,Solution,2004,earliest_sourced,2009,Confirmed in SnowDB catalog archive for model years 2009-2009 (archive covers 2008-2012 only; run may extend outside that window). | Seen on brand site (Wayback) 200310-200812; may predate first snapshot,unknown,,,verified,Named in Whitelines brand guide among Rome models (undated). | Site slug 'solution'.,https://www.snowdb.com/catalog/rome | https://whitelines.com/snowboard-gear/before-you-buy/guide-to-snowboard-brands.html | https://web.archive.org/web/200310/http://www.romesnowboards.com/ | https://web.archive.org/web/200812/http://www.romesnowboards.com/
rome--artifact,rome,Rome,Artifact,2005,earliest_sourced,2009,"Earliest confirmed appearance 2009 (SnowDB catalog archive covers 2008-2012 only); in current lineup, so last_year null. | Earliest sourced | Seen on brand site (Wayback) 200409-200812; may predate first snapshot",freestyle,,,verified,Jib/park board; Artifact 1985 and Artifact Rocker variants; Artifact and Artifact Pro in 2027. | Artifact Pro variant. | Site slug 'artifact'.,https://www.snowdb.com/catalog/rome | https://www.evo.com/shop/snowboard/snowboards/rome | https://web.archive.org/web/200409/http://www.romesnowboards.com/ | https://web.archive.org/web/200812/http://www.romesnowboards.com/
rome--design,rome,Rome,Design,2005,earliest_sourced,2010,Confirmed in SnowDB catalog archive for model years 2009-2010 (archive covers 2008-2012 only; run may extend outside that window). | Seen on brand site (Wayback) 200409-200812; may predate first snapshot,freeride,,,verified,Site slug 'design'.,https://www.snowdb.com/catalog/rome | https://web.archive.org/web/200409/http://www.romesnowboards.com/ | https://web.archive.org/web/200812/http://www.romesnowboards.com/
rome--vinyl,rome,Rome,Vinyl,2005,earliest_sourced,2012,Confirmed in SnowDB catalog archive for model years 2009-2012 (archive covers 2008-2012 only; run may extend outside that window). | Seen on brand site (Wayback) 200409-200812; may predate first snapshot,unknown,,,verified,Women's. | Site slug 'vinyl'. Women's board.,https://www.snowdb.com/catalog/rome | https://web.archive.org/web/200409/http://www.romesnowboards.com/ | https://web.archive.org/web/200812/http://www.romesnowboards.com/
rome--machine,rome,Rome,Machine,2006,earliest_sourced,2011,Confirmed in SnowDB catalog archive for model years 2009-2011 (archive covers 2008-2012 only; run may extend outside that window). | Seen on brand site (Wayback) 200512-200812; may predate first snapshot,unknown,,,verified,Site slug 'machine'.,https://www.snowdb.com/catalog/rome | https://web.archive.org/web/200512/http://www.romesnowboards.com/ | https://web.archive.org/web/200812/http://www.romesnowboards.com/
rome--crail,rome,Rome,Crail,2007,earliest_sourced,2012,Confirmed in SnowDB catalog archive for model years 2009-2012 (archive covers 2008-2012 only; run may extend outside that window). | Seen on brand site (Wayback) 200610-200812; may predate first snapshot,unknown,,,verified,Site slug 'crail'.,https://www.snowdb.com/catalog/rome | https://web.archive.org/web/200610/http://www.romesnowboards.com/ | https://web.archive.org/web/200812/http://www.romesnowboards.com/
rome--graft,rome,Rome,Graft,2007,earliest_sourced,2011,Confirmed in SnowDB catalog archive for model years 2009-2011 (archive covers 2008-2012 only; run may extend outside that window). | Seen on brand site (Wayback) 200610-200812; may predate first snapshot,unknown,,,verified,Site slug 'graft'.,https://www.snowdb.com/catalog/rome | https://web.archive.org/web/200610/http://www.romesnowboards.com/ | https://web.archive.org/web/200812/http://www.romesnowboards.com/
rome--manual,rome,Rome,Manual,2008,earliest_sourced,2011,Confirmed in SnowDB catalog archive for model years 2009-2011 (archive covers 2008-2012 only; run may extend outside that window). | Seen on brand site (Wayback) 200710-200812; may predate first snapshot,unknown,,,verified,Site slug 'manual'.,https://www.snowdb.com/catalog/rome | https://web.archive.org/web/200710/http://www.romesnowboards.com/ | https://web.archive.org/web/200812/http://www.romesnowboards.com/
rome--mod,rome,Rome,Mod,2008,earliest_sourced,2012,Confirmed in SnowDB catalog archive for model years 2009-2012 (archive covers 2008-2012 only; run may extend outside that window). | Seen on brand site (Wayback) 200710-200812; may predate first snapshot,freestyle,,,verified,Mod Rocker 2011-2012. | Site slug 'mod'.,https://www.snowdb.com/catalog/rome | https://web.archive.org/web/200710/http://www.romesnowboards.com/ | https://web.archive.org/web/200812/http://www.romesnowboards.com/
rome--notch,rome,Rome,Notch,2008,earliest_sourced,2012,Confirmed in SnowDB catalog archive for model years 2009-2012 (archive covers 2008-2012 only; run may extend outside that window). | Seen on brand site (Wayback) 200710-200812; may predate first snapshot,powder,,,verified,"Notch 1985, Notch S, Notch Swallow (2012). | Site slug 'notch'.",https://www.snowdb.com/catalog/rome | https://web.archive.org/web/200710/http://www.romesnowboards.com/ | https://web.archive.org/web/200812/http://www.romesnowboards.com/
rome--slash,rome,Rome,Slash,2008,earliest_sourced,2010,Confirmed in SnowDB catalog archive for model years 2009-2010 (archive covers 2008-2012 only; run may extend outside that window). | Seen on brand site (Wayback) 200710-200812; may predate first snapshot,unknown,,,verified,Site slug 'slash'.,https://www.snowdb.com/catalog/rome | https://web.archive.org/web/200710/http://www.romesnowboards.com/ | https://web.archive.org/web/200812/http://www.romesnowboards.com/
rome--cheaptrick,rome,Rome,Cheaptrick,2009,earliest_sourced,2011,Confirmed in SnowDB catalog archive for model years 2009-2011 (archive covers 2008-2012 only; run may extend outside that window). | Seen on brand site (Wayback) 200809-200812; may predate first snapshot,unknown,,,verified,Site slug 'cheaptrick'.,https://www.snowdb.com/catalog/rome | https://web.archive.org/web/200809/http://www.romesnowboards.com/ | https://web.archive.org/web/200812/http://www.romesnowboards.com/
rome--detail,rome,Rome,Detail,2009,earliest_sourced,2012,Confirmed in SnowDB catalog archive for model years 2009-2012 (archive covers 2008-2012 only; run may extend outside that window).,unknown,,,likely,Women's.,https://www.snowdb.com/catalog/rome
rome--jett,rome,Rome,Jett,2009,earliest_sourced,2012,Confirmed in SnowDB catalog archive for model years 2009-2012 (archive covers 2008-2012 only; run may extend outside that window). | Seen on brand site (Wayback) 200809-200812; may predate first snapshot,unknown,,,verified,Women's. | Site slug 'jett'.,https://www.snowdb.com/catalog/rome | https://web.archive.org/web/200809/http://www.romesnowboards.com/ | https://web.archive.org/web/200812/http://www.romesnowboards.com/
rome--lo-fi,rome,Rome,Lo-Fi,2009,earliest_sourced,2012,Confirmed in SnowDB catalog archive for model years 2009-2012 (archive covers 2008-2012 only; run may extend outside that window). | Seen on brand site (Wayback) 200809-200812; may predate first snapshot,unknown,,,verified,"Women's; Lo-Fi 1985, Lo-Fi Rocker. | Site slug 'lo-fi'.",https://www.snowdb.com/catalog/rome | https://web.archive.org/web/200809/http://www.romesnowboards.com/ | https://web.archive.org/web/200812/http://www.romesnowboards.com/
rome--minishred,rome,Rome,Minishred,2009,earliest_sourced,2012,Confirmed in SnowDB catalog archive for model years 2009-2012 (archive covers 2008-2012 only; run may extend outside that window). | Seen on brand site (Wayback) 200809-200812; may predate first snapshot,kids,,,verified,Site slug 'minishred'.,https://www.snowdb.com/catalog/rome | https://web.archive.org/web/200809/http://www.romesnowboards.com/ | https://web.archive.org/web/200812/http://www.romesnowboards.com/
rome--riff,rome,Rome,Riff,2009,earliest_sourced,2010,Confirmed in SnowDB catalog archive for model years 2009-2010 (archive covers 2008-2012 only; run may extend outside that window). | Seen on brand site (Wayback) 200808-200812; may predate first snapshot,unknown,,,verified,Site slug 'riff'.,https://www.snowdb.com/catalog/rome | https://web.archive.org/web/200808/http://www.romesnowboards.com/ | https://web.archive.org/web/200812/http://www.romesnowboards.com/
rome--garage-rocker,rome,Rome,Garage Rocker,2010,earliest_sourced,2012,Confirmed in SnowDB catalog archive for model years 2010-2012 (archive covers 2008-2012 only; run may extend outside that window).,freestyle,,,likely,,https://www.snowdb.com/catalog/rome
rome--headline,rome,Rome,Headline,2010,earliest_sourced,2012,Confirmed in SnowDB catalog archive for model years 2010-2012 (archive covers 2008-2012 only; run may extend outside that window).,unknown,,,likely,,https://www.snowdb.com/catalog/rome
rome--postermania,rome,Rome,Postermania,2010,earliest_sourced,2012,Confirmed in SnowDB catalog archive for model years 2010-2012 (archive covers 2008-2012 only; run may extend outside that window).,unknown,,,likely,Postermania 1985 in 2010.,https://www.snowdb.com/catalog/rome
rome--pusher,rome,Rome,Pusher,2010,earliest_sourced,2011,Confirmed in SnowDB catalog archive for model years 2010-2011 (archive covers 2008-2012 only; run may extend outside that window).,unknown,,,likely,,https://www.snowdb.com/catalog/rome
rome--factory-rocker,rome,Rome,Factory Rocker,2012,earliest_sourced,2012,Confirmed in SnowDB catalog archive for model years 2012-2012 (archive covers 2008-2012 only; run may extend outside that window).,unknown,,,likely,,https://www.snowdb.com/catalog/rome
rome--reverb,rome,Rome,Reverb,2012,earliest_sourced,2012,Confirmed in SnowDB catalog archive for model years 2012-2012 (archive covers 2008-2012 only; run may extend outside that window).,unknown,,,likely,Reverb Rocker.,https://www.snowdb.com/catalog/rome
rome--whiteroom,rome,Rome,Whiteroom,2012,earliest_sourced,2012,Confirmed in SnowDB catalog archive for model years 2012-2012 (archive covers 2008-2012 only; run may extend outside that window).,powder,,,likely,,https://www.snowdb.com/catalog/rome
rome--stale-fish,rome,Rome,Stale Fish,2022,earliest_sourced,,The Good Ride reviewed 2022-2024; still listed 2027. | Earliest confirmed 2027 (evo listing); still in production. | Earliest sourced,powder,Stale Sandbech,,likely,QA-corrected.,https://www.evo.com/shop/snowboard/snowboards/rome
rome--warden,rome,Rome,Warden,2026,earliest_sourced,,Earliest confirmed 2026 (evo listing); still in production. | Earliest sourced,all-mountain,,,likely,,https://www.evo.com/shop/snowboard/snowboards/rome
rome--boneless,rome,Rome,Boneless,2027,earliest_sourced,,Earliest confirmed 2027 (evo listing); still in production. | Earliest sourced,freestyle,,,likely,,https://www.evo.com/shop/snowboard/snowboards/rome
rome--hype,rome,Rome,Hype,2027,earliest_sourced,,Earliest confirmed 2027 (evo listing); still in production. | Earliest sourced,freestyle,,,likely,Women's model. | Women's; Hype Pro variant.,https://www.evo.com/shop/snowboard/snowboards/rome
rome--mechanic,rome,Rome,Mechanic,2027,earliest_sourced,,Earliest confirmed 2027 (evo listing); still in production. | Earliest sourced,all-mountain,,,likely,,https://www.evo.com/shop/snowboard/snowboards/rome
rome--ravine,rome,Rome,Ravine,2027,earliest_sourced,,Earliest confirmed 2027 (evo listing); still in production. | Earliest sourced,freeride,,,likely,Ravine and Ravine Pro. | Ravine Pro variant.,https://www.evo.com/shop/snowboard/snowboards/rome
rome--rene,rome,Rome,Rene,2027,earliest_sourced,,Earliest confirmed 2027 (evo listing); still in production. | Earliest sourced,freestyle,Rene Rinnekangas,,likely,Rene Pro variant.,https://www.evo.com/shop/snowboard/snowboards/rome
rome--royal,rome,Rome,Royal,2027,earliest_sourced,,Earliest confirmed 2027 (evo listing); still in production. | Earliest sourced,all-mountain,,,likely,Women's model. | Women's.,https://www.evo.com/shop/snowboard/snowboards/rome
rome--stale-crewzer,rome,Rome,Stale Crewzer,2027,earliest_sourced,,Earliest confirmed 2027 (evo listing); still in production. | Earliest sourced,all-mountain,Stale Sandbech,,likely,,https://www.evo.com/shop/snowboard/snowboards/rome
rome--viper,rome,Rome,Viper,2027,earliest_sourced,,Earliest confirmed 2027 (evo listing); still in production. | Earliest sourced,freeride,,,likely,Viper Pro variant.,https://www.evo.com/shop/snowboard/snowboards/rome
rossignol--surf,rossignol,Rossignol,Surf,1988,introduced,1988,,unknown,,,likely,Michigan museum: Rossignol Surf (1988).,https://www.michigansnowboardmuseum.com/the-neon-era--other-80s-decks.html
rossignol--retrowave,rossignol,Rossignol,Retrowave,1991,introduced,1991,ISM buyer's guide (issue for the following winter season).,freestyle,,,likely,"155 Retrowave, $370.",https://archive.org/details/ISM-87-91
rossignol--freestyle,rossignol,Rossignol,Freestyle,1992,introduced,1993,TWS buyer's guide issue dated Oct of the prior calendar year (Oct 1989 issue = model year 1990).,freestyle,,,likely,Freestyle 165.,https://archive.org/details/tws-89-93
rossignol--wave,rossignol,Rossignol,Wave,1999,introduced,1999,,freestyle,,,likely,"Wave 154, women's.",https://www.snowboarder.com/news/how-the-1999-womens-boards-stack-up-a-review
rossignol--pro,rossignol,Rossignol,Pro,2000,introduced,2000,,all-mountain,,,likely,"Snowboard Life Top 25, 1999/2000.",https://www.snowboarder.com/news/snowboard-lifes-top-25-board-test-2000 | https://www.snowboarder.com/news/board-test-board-specs
rossignol--rooster,rossignol,Rossignol,Rooster,2000,introduced,2000,,freestyle,,,likely,,https://www.snowboarder.com/news/board-test-board-specs
rossignol--strato-narrow,rossignol,Rossignol,Strato Narrow,2000,introduced,2000,,freestyle,,,likely,Women's.,https://www.snowboarder.com/news/board-test-board-specs
rossignol--jeremy-jones,rossignol,Rossignol,Jeremy Jones,2003,earliest_sourced,2007,First confirmed 2003; 'Jones' listed 2009; last year unknown. | Seen on brand site (Wayback) 200610-200610; may predate first snapshot,freeride,Jeremy Jones,,verified,"Jeremy Jones rode a 'Rossignol Jeremy Jones 162' (TransWorld, Oct 2002); SnowDB lists a 'Jones' board in 2009. | MY2007 snowboard product page code 'jj' (Oct 2006 site). Men's all-mountain section; code jj read as Jeremy Jones.",https://www.snowboarder.com/transworld-snowboarding-archive/what-the-pros-are-rockin-jeremy-jones | https://www.snowdb.com/catalog/rossignol | https://web.archive.org/web/200610/http://www.rossignol.com/
rossignol--alias,rossignol,Rossignol,Alias,2007,earliest_sourced,2007,"Earliest confirmed appearance 2009 (SnowDB catalog archive covers 2008-2012 only); in current lineup, so last_year null. | Seen on brand site (Wayback) 200610-200610; may predate first snapshot",kids,,,verified,Alias Junior; kids' Alias in 2027. | MY2007 snowboard product page code 'alias' (Oct 2006 site). Men's freestyle/twin section.,https://www.snowdb.com/catalog/rossignol | https://www.evo.com/shop/snowboard/snowboards/rossignol | https://web.archive.org/web/200610/http://www.rossignol.com/
rossignol--amber,rossignol,Rossignol,Amber,2007,earliest_sourced,2009,Confirmed in SnowDB catalog archive for model years 2009-2009 (archive covers 2008-2012 only; run may extend outside that window). | Seen on brand site (Wayback) 200610-200610; may predate first snapshot,unknown,,,verified,Women's; Amber KJ variant. | MY2007 snowboard product page code 'amber' (Oct 2006 site). Women's section.,https://www.snowdb.com/catalog/rossignol | https://web.archive.org/web/200610/http://www.rossignol.com/
rossignol--decoy,rossignol,Rossignol,Decoy,2007,earliest_sourced,2011,Confirmed in SnowDB catalog archive for model years 2009-2011 (archive covers 2008-2012 only; run may extend outside that window). | Seen on brand site (Wayback) 200610-200610; may predate first snapshot,freestyle,,,verified,Works Decoy 2009. | MY2007 snowboard product page code 'decoy' (Oct 2006 site). Men's freestyle/twin section.,https://www.snowdb.com/catalog/rossignol | https://web.archive.org/web/200610/http://www.rossignol.com/
rossignol--diva,rossignol,Rossignol,Diva,2007,earliest_sourced,2007,"Earliest confirmed appearance 2009 (SnowDB catalog archive covers 2008-2012 only); in current lineup, so last_year null. | Earliest sourced (Diva Savage); Diva predates | Seen on brand site (Wayback) 200610-200610; may predate first snapshot",all-mountain,,,verified,Women's; Diva Mag / Diva MagTek; 'Diva Savage' in 2027. | Women's. | MY2007 snowboard product page code 'diva' (Oct 2006 site). Women's section.,https://www.snowdb.com/catalog/rossignol | https://www.evo.com/shop/snowboard/snowboards/rossignol | https://web.archive.org/web/200610/http://www.rossignol.com/
rossignol--one,rossignol,Rossignol,One,2007,earliest_sourced,2012,Confirmed in SnowDB catalog archive for model years 2009-2012 (archive covers 2008-2012 only; run may extend outside that window). | Reviewed 2022 | Seen on brand site (Wayback) 200610-200610; may predate first snapshot,all-mountain,,One,verified,One Mag / One MagTek / Works One Mag. | MY2007 snowboard product page code 'one' (Oct 2006 site). Men's all-terrain section.,https://www.snowdb.com/catalog/rossignol | https://thegoodride.com/snowboard-reviews/rossignol-sawblade-snowboard-review/ | https://web.archive.org/web/200610/http://www.rossignol.com/
rossignol--premier,rossignol,Rossignol,Premier,2007,earliest_sourced,2009,Confirmed in SnowDB catalog archive for model years 2009-2009 (archive covers 2008-2012 only; run may extend outside that window). | Seen on brand site (Wayback) 200610-200610; may predate first snapshot,freestyle,,,verified,MY2007 snowboard product page code 'prem' (Oct 2006 site). Men's FS section; code prem read as Premier.,https://www.snowdb.com/catalog/rossignol | https://web.archive.org/web/200610/http://www.rossignol.com/
rossignol--scan,rossignol,Rossignol,Scan,2007,earliest_sourced,2007,"Earliest confirmed appearance 2009 (SnowDB catalog archive covers 2008-2012 only); in current lineup, so last_year null. | Seen on brand site (Wayback) 200610-200610; may predate first snapshot",kids,,,verified,Kids' board; Scan Junior; toddler Scan in 2027. | MY2007 snowboard product page code 'scan' (Oct 2006 site). Junior section.,https://www.snowdb.com/catalog/rossignol | https://www.evo.com/shop/snowboard/snowboards/rossignol | https://web.archive.org/web/200610/http://www.rossignol.com/
rossignol--scope,rossignol,Rossignol,Scope,2007,earliest_sourced,2009,Confirmed in SnowDB catalog archive for model years 2009-2009 (archive covers 2008-2012 only; run may extend outside that window). | Seen on brand site (Wayback) 200610-200610; may predate first snapshot,all-mountain,,,verified,MY2007 snowboard product page code 'scope' (Oct 2006 site). Men's all-terrain section.,https://www.snowdb.com/catalog/rossignol | https://web.archive.org/web/200610/http://www.rossignol.com/
rossignol--sonar,rossignol,Rossignol,Sonar,2007,earliest_sourced,2009,Confirmed in SnowDB catalog archive for model years 2009-2009 (archive covers 2008-2012 only; run may extend outside that window). | Seen on brand site (Wayback) 200610-200610; may predate first snapshot,unknown,,,verified,MY2007 snowboard product page code 'sonar' (Oct 2006 site). Women's section.,https://www.snowdb.com/catalog/rossignol | https://web.archive.org/web/200610/http://www.rossignol.com/
rossignol--storm,rossignol,Rossignol,Storm,2007,earliest_sourced,2009,Confirmed in SnowDB catalog archive for model years 2009-2009 (archive covers 2008-2012 only; run may extend outside that window). | Seen on brand site (Wayback) 200610-200610; may predate first snapshot,all-mountain,,,verified,MY2007 snowboard product page code 'storm' (Oct 2006 site). Men's all-mountain section.,https://www.snowdb.com/catalog/rossignol | https://web.archive.org/web/200610/http://www.rossignol.com/
rossignol--sultan,rossignol,Rossignol,Sultan,2007,earliest_sourced,2011,Confirmed in SnowDB catalog archive for model years 2009-2011 (archive covers 2008-2012 only; run may extend outside that window). | Seen on brand site (Wayback) 200610-200610; may predate first snapshot,all-mountain,,,verified,MY2007 snowboard product page code 'sult' (Oct 2006 site). Men's all-terrain section; code sult read as Sultan.,https://www.snowdb.com/catalog/rossignol | https://web.archive.org/web/200610/http://www.rossignol.com/
rossignol--zena,rossignol,Rossignol,Zena,2007,earliest_sourced,2009,Confirmed in SnowDB catalog archive for model years 2009-2009 (archive covers 2008-2012 only; run may extend outside that window). | Seen on brand site (Wayback) 200610-200610; may predate first snapshot,unknown,,,verified,Women's. | MY2007 snowboard product page code 'zena' (Oct 2006 site). Women's section; junior 'mzena' (Mini Zena) code folded.,https://www.snowdb.com/catalog/rossignol | https://web.archive.org/web/200610/http://www.rossignol.com/
rossignol--big-gun,rossignol,Rossignol,Big Gun,2009,earliest_sourced,2009,Confirmed in SnowDB catalog archive for model years 2009-2009 (archive covers 2008-2012 only; run may extend outside that window).,powder,,,likely,,https://www.snowdb.com/catalog/rossignol
rossignol--harmony,rossignol,Rossignol,Harmony,2009,earliest_sourced,2009,Confirmed in SnowDB catalog archive for model years 2009-2009 (archive covers 2008-2012 only; run may extend outside that window).,unknown,,,likely,Women's.,https://www.snowdb.com/catalog/rossignol
rossignol--jdub,rossignol,Rossignol,Jdub,2009,earliest_sourced,2011,Confirmed in SnowDB catalog archive for model years 2009-2011 (archive covers 2008-2012 only; run may extend outside that window).,freestyle,,,likely,JDUB Mag / Jdub MagTek.,https://www.snowdb.com/catalog/rossignol
rossignol--meadow,rossignol,Rossignol,Meadow,2009,earliest_sourced,2009,Confirmed in SnowDB catalog archive for model years 2009-2009 (archive covers 2008-2012 only; run may extend outside that window).,unknown,,,likely,Women's.,https://www.snowdb.com/catalog/rossignol
rossignol--retox,rossignol,Rossignol,Retox,2009,earliest_sourced,2012,Confirmed in SnowDB catalog archive for model years 2009-2012 (archive covers 2008-2012 only; run may extend outside that window).,unknown,,,likely,,https://www.snowdb.com/catalog/rossignol
rossignol--r-p-m,rossignol,Rossignol,R.P.M.,2009,earliest_sourced,2009,Confirmed in SnowDB catalog archive for model years 2009-2009 (archive covers 2008-2012 only; run may extend outside that window).,unknown,,,likely,,https://www.snowdb.com/catalog/rossignol
rossignol--the-mini,rossignol,Rossignol,The Mini,2009,earliest_sourced,2009,Confirmed in SnowDB catalog archive for model years 2009-2009 (archive covers 2008-2012 only; run may extend outside that window).,kids,,,likely,,https://www.snowdb.com/catalog/rossignol
rossignol--twilight,rossignol,Rossignol,Twilight,2009,earliest_sourced,2009,Confirmed in SnowDB catalog archive for model years 2009-2009 (archive covers 2008-2012 only; run may extend outside that window).,unknown,,,likely,,https://www.snowdb.com/catalog/rossignol
rossignol--one-lf,rossignol,Rossignol,One LF,2010,introduced,2019,Evolved from One Mag; LF (Light Frame) from 2016,all-mountain,,One,likely,Magne-traction directional twin.,https://thegoodride.com/snowboard-reviews/rossignol-one-lf-snowboard-review/
rossignol--angus,rossignol,Rossignol,Angus,2011,earliest_sourced,2012,Confirmed in SnowDB catalog archive for model years 2011-2012 (archive covers 2008-2012 only; run may extend outside that window).,all-mountain,,,likely,Angus AmpTek.,https://www.snowdb.com/catalog/rossignol
rossignol--circuit,rossignol,Rossignol,Circuit,2011,earliest_sourced,2012,Confirmed in SnowDB catalog archive for model years 2011-2012 (archive covers 2008-2012 only; run may extend outside that window).,unknown,,,likely,,https://www.snowdb.com/catalog/rossignol
rossignol--circus,rossignol,Rossignol,Circus,2011,earliest_sourced,2012,Confirmed in SnowDB catalog archive for model years 2011-2012 (archive covers 2008-2012 only; run may extend outside that window).,unknown,,,likely,,https://www.snowdb.com/catalog/rossignol
rossignol--district,rossignol,Rossignol,District,2011,earliest_sourced,2012,Confirmed in SnowDB catalog archive for model years 2011-2012 (archive covers 2008-2012 only; run may extend outside that window).,unknown,,,likely,,https://www.snowdb.com/catalog/rossignol
rossignol--experience,rossignol,Rossignol,Experience,2011,earliest_sourced,2012,Confirmed in SnowDB catalog archive for model years 2011-2012 (archive covers 2008-2012 only; run may extend outside that window).,unknown,,,likely,,https://www.snowdb.com/catalog/rossignol
rossignol--justice,rossignol,Rossignol,Justice,2011,earliest_sourced,2012,Confirmed in SnowDB catalog archive for model years 2011-2012 (archive covers 2008-2012 only; run may extend outside that window).,unknown,,,likely,,https://www.snowdb.com/catalog/rossignol
rossignol--myth,rossignol,Rossignol,Myth,2011,earliest_sourced,2012,Confirmed in SnowDB catalog archive for model years 2011-2012 (archive covers 2008-2012 only; run may extend outside that window).,unknown,,,likely,,https://www.snowdb.com/catalog/rossignol
rossignol--taipan,rossignol,Rossignol,Taipan,2011,earliest_sourced,2012,Confirmed in SnowDB catalog archive for model years 2011-2012 (archive covers 2008-2012 only; run may extend outside that window). | Referenced in One LF review; years not captured,powder,,,verified,,https://www.snowdb.com/catalog/rossignol | https://thegoodride.com/snowboard-reviews/rossignol-one-lf-snowboard-review/
rossignol--temptation,rossignol,Rossignol,Temptation,2011,earliest_sourced,2012,Confirmed in SnowDB catalog archive for model years 2011-2012 (archive covers 2008-2012 only; run may extend outside that window).,unknown,,,likely,Women's.,https://www.snowdb.com/catalog/rossignol
rossignol--tesla,rossignol,Rossignol,Tesla,2011,earliest_sourced,2012,Confirmed in SnowDB catalog archive for model years 2011-2012 (archive covers 2008-2012 only; run may extend outside that window).,unknown,,,likely,,https://www.snowdb.com/catalog/rossignol
rossignol--trickstick,rossignol,Rossignol,Trickstick,2011,earliest_sourced,2012,Confirmed in SnowDB catalog archive for model years 2011-2012 (archive covers 2008-2012 only; run may extend outside that window).,freestyle,,,likely,,https://www.snowdb.com/catalog/rossignol
rossignol--jibsaw,rossignol,Rossignol,Jibsaw,2012,earliest_sourced,,"Earliest confirmed appearance 2012 (SnowDB catalog archive covers 2008-2012 only); in current lineup, so last_year null.",freestyle,,,verified,Jibsaw MagTek (2012); Jibsaw still listed on evo.,https://www.snowdb.com/catalog/rossignol | https://www.evo.com/shop/snowboard/snowboards/rossignol | https://thegoodride.com/snowboard-reviews/rossignol-jibsaw-snowboard-review/
rossignol--krypto,rossignol,Rossignol,Krypto,2012,earliest_sourced,2012,Confirmed in SnowDB catalog archive for model years 2012-2012 (archive covers 2008-2012 only; run may extend outside that window).,unknown,,,likely,,https://www.snowdb.com/catalog/rossignol
rossignol--xv,rossignol,Rossignol,XV,2014,earliest_sourced,,Earliest confirmed 2027 (evo listing); still in production. | Redesigned 2023 (Magnetraction dropped); in 2027 evo lineup,freeride,Xavier de Le Rue,XV,verified,XV Sushi and XV Slashimi siblings.,https://www.evo.com/shop/snowboard/snowboards/rossignol | https://thegoodride.com/snowboard-reviews/rossignol-xv-snowboard-review/
rossignol--xv-sushi,rossignol,Rossignol,XV Sushi,2018,earliest_sourced,,The Good Ride reviewed 2018-2023; still listed 2027. | Earliest confirmed 2027 (evo listing); still in production.,powder,Xavier de Le Rue,XV,likely,QA-corrected.,https://www.evo.com/shop/snowboard/snowboards/rossignol
rossignol--ampage,rossignol,Rossignol,Ampage,2026,earliest_sourced,,Earliest confirmed 2026 (evo listing); still in production. | Vol. 1 and Vol. 2,freestyle,,,likely,Ampage Vol. 1 and Vol. 2 (2026-2027).,https://www.evo.com/shop/snowboard/snowboards/rossignol
rossignol--soulside,rossignol,Rossignol,Soulside,2026,earliest_sourced,,Earliest confirmed 2027 (evo listing); still in production. | Earliest sourced,all-mountain,,,likely,Women's model. | Women's. | QA-corrected.,https://www.evo.com/shop/snowboard/snowboards/rossignol
rossignol--after-hours,rossignol,Rossignol,After Hours,2027,earliest_sourced,,Earliest confirmed 2027 (evo listing); still in production.,unknown,,,likely,Women's model.,https://www.evo.com/shop/snowboard/snowboards/rossignol
rossignol--airis,rossignol,Rossignol,Airis,2027,earliest_sourced,,Earliest confirmed 2027 (evo listing); still in production. | Earliest sourced,all-mountain,,,likely,Women's model. | Women's.,https://www.evo.com/shop/snowboard/snowboards/rossignol
rossignol--evader,rossignol,Rossignol,Evader,2027,earliest_sourced,,Earliest confirmed 2027 (evo listing); still in production. | Earliest sourced,all-mountain,,,likely,,https://www.evo.com/shop/snowboard/snowboards/rossignol
rossignol--jibfluence,rossignol,Rossignol,Jibfluence,2027,earliest_sourced,,Earliest confirmed 2027 (evo listing); still in production.,kids,,,likely,,https://www.evo.com/shop/snowboard/snowboards/rossignol
rossignol--juggernaut,rossignol,Rossignol,Juggernaut,2027,earliest_sourced,,Earliest confirmed 2027 (evo listing); still in production.,unknown,,,likely,,https://www.evo.com/shop/snowboard/snowboards/rossignol
rossignol--sawblade,rossignol,Rossignol,Sawblade,2027,earliest_sourced,,Earliest confirmed 2027 (evo listing); still in production. | Earliest sourced,all-mountain,,,likely,,https://www.evo.com/shop/snowboard/snowboards/rossignol
rossignol--slashimi,rossignol,Rossignol,Slashimi,2027,earliest_sourced,,Earliest sourced (XV Slashimi),powder,,XV,likely,,https://www.evo.com/shop/snowboard/snowboards/rossignol
rossignol--super-revenant,rossignol,Rossignol,Super Revenant,2027,earliest_sourced,,Earliest confirmed 2027 (evo listing); still in production. | Earliest sourced,freeride,,,likely,,https://www.evo.com/shop/snowboard/snowboards/rossignol
rossignol--sushi,rossignol,Rossignol,Sushi,2027,earliest_sourced,,Earliest sourced (XV Sushi); Sushi predates,powder,,XV,likely,,https://www.evo.com/shop/snowboard/snowboards/rossignol
rossignol--ultraviolet,rossignol,Rossignol,Ultraviolet,2027,earliest_sourced,,Earliest confirmed 2027 (evo listing); still in production.,unknown,,,likely,Women's model.,https://www.evo.com/shop/snowboard/snowboards/rossignol
rossignol--wu-ji,rossignol,Rossignol,WU-JI,2027,earliest_sourced,,Earliest confirmed 2027 (evo listing); still in production. | Earliest sourced,unknown,,,likely,,https://www.evo.com/shop/snowboard/snowboards/rossignol
rossignol--xv-slashimi,rossignol,Rossignol,XV Slashimi,2027,earliest_sourced,,Earliest confirmed 2027 (evo listing); still in production.,powder,Xavier de Le Rue,XV,likely,,https://www.evo.com/shop/snowboard/snowboards/rossignol
roxy--ally,roxy,Roxy,Ally,2009,earliest_sourced,2012,Confirmed in SnowDB catalog archive for model years 2009-2012 (archive covers 2008-2012 only; run may extend outside that window).,freestyle,,,verified,Ally MTX / BTX. Built by Mervin Manufacturing (Whitelines brand guide).,https://www.snowdb.com/catalog/roxy | https://whitelines.com/snowboard-gear/before-you-buy/guide-to-snowboard-brands.html
roxy--eminence,roxy,Roxy,Eminence,2009,earliest_sourced,2012,Confirmed in SnowDB catalog archive for model years 2009-2012 (archive covers 2008-2012 only; run may extend outside that window).,all-mountain,,,verified,Eminence MTX/BTX/C2 BTX. Built by Mervin Manufacturing (Whitelines brand guide).,https://www.snowdb.com/catalog/roxy | https://whitelines.com/snowboard-gear/before-you-buy/guide-to-snowboard-brands.html
roxy--envi,roxy,Roxy,Envi,2009,earliest_sourced,2012,Confirmed in SnowDB catalog archive for model years 2009-2012 (archive covers 2008-2012 only; run may extend outside that window).,all-mountain,,,verified,Envi MTX Bamboo / BTX / C2 BTX. Built by Mervin Manufacturing (Whitelines brand guide).,https://www.snowdb.com/catalog/roxy | https://whitelines.com/snowboard-gear/before-you-buy/guide-to-snowboard-brands.html
roxy--inspire,roxy,Roxy,Inspire,2009,earliest_sourced,2012,Confirmed in SnowDB catalog archive for model years 2009-2012 (archive covers 2008-2012 only; run may extend outside that window).,all-mountain,,,verified,Built by Mervin Manufacturing (Whitelines brand guide).,https://www.snowdb.com/catalog/roxy | https://whitelines.com/snowboard-gear/before-you-buy/guide-to-snowboard-brands.html
roxy--ollie-pop,roxy,Roxy,Ollie Pop,2009,earliest_sourced,2012,Confirmed in SnowDB catalog archive for model years 2009-2012 (archive covers 2008-2012 only; run may extend outside that window).,freestyle,,,verified,Ollie Pop BTX / C2 BTX. Built by Mervin Manufacturing (Whitelines brand guide).,https://www.snowdb.com/catalog/roxy | https://whitelines.com/snowboard-gear/before-you-buy/guide-to-snowboard-brands.html
roxy--roxy-girl,roxy,Roxy,Roxy Girl,2009,earliest_sourced,2010,Confirmed in SnowDB catalog archive for model years 2009-2010 (archive covers 2008-2012 only; run may extend outside that window).,all-mountain,,,verified,Built by Mervin Manufacturing (Whitelines brand guide).,https://www.snowdb.com/catalog/roxy | https://whitelines.com/snowboard-gear/before-you-buy/guide-to-snowboard-brands.html
roxy--silhouette,roxy,Roxy,Silhouette,2009,earliest_sourced,2012,Confirmed in SnowDB catalog archive for model years 2009-2012 (archive covers 2008-2012 only; run may extend outside that window).,all-mountain,,,verified,Silhouette Banana 2012. Built by Mervin Manufacturing (Whitelines brand guide).,https://www.snowdb.com/catalog/roxy | https://whitelines.com/snowboard-gear/before-you-buy/guide-to-snowboard-brands.html
roxy--sugar,roxy,Roxy,Sugar,2009,earliest_sourced,2012,Confirmed in SnowDB catalog archive for model years 2009-2012 (archive covers 2008-2012 only; run may extend outside that window).,all-mountain,,,verified,Sugar Banana (2012); Flowers/Letters/B&W/Day Dreamer graphics. Built by Mervin Manufacturing (Whitelines brand guide).,https://www.snowdb.com/catalog/roxy | https://whitelines.com/snowboard-gear/before-you-buy/guide-to-snowboard-brands.html
salomon--500-pro-fr,salomon,Salomon,500 Pro FR,1999,introduced,1999,,freestyle,,,likely,Michele Taggart-inspired women's board.,https://www.snowboarder.com/news/how-the-1999-womens-boards-stack-up-a-review
salomon--550,salomon,Salomon,550,2000,introduced,2000,,all-mountain,,,likely,,https://www.snowboarder.com/news/snowboard-lifes-top-25-board-test-2000 | https://www.snowboarder.com/news/board-test-board-specs
salomon--daniel-franck,salomon,Salomon,Daniel Franck,2000,introduced,2000,,freestyle,Daniel Franck,,likely,,https://www.snowboarder.com/news/board-test-board-specs
salomon--fra,salomon,Salomon,FRA,2000,introduced,2000,,all-mountain,,,likely,,https://www.snowboarder.com/news/snowboard-lifes-top-25-board-test-2000 | https://www.snowboarder.com/news/board-test-board-specs
salomon--frs,salomon,Salomon,FRS,2000,introduced,2000,,alpine,,,likely,Freecarve category.,https://www.snowboarder.com/news/board-test-board-specs
salomon--era,salomon,Salomon,Era,2004,earliest_sourced,2012,First confirmed 2004; last confirmed 2012. | Listed on brand site (Wayback) for MY2005; may predate,freeride,,,verified,"Josh Dirksen rode a 'Salomon ERA 163' (TransWorld, Oct 2003); SnowDB lists Era 2008-2012 (Benedek Era pro variant 2008). | MY2005 all-boards page lists the Era family as: Era, Ivy Era, Forecast Era, DB Era, Kama Era, JD Era (pro/graphic variants of the Era). 'Era' still listed MY2006.",https://snowboarder.com/transworld-snowboarding-archive/snowboarding-uncategorized/what-the-pros-are-rockin-josh-dirksen | https://www.snowdb.com/catalog/salomon | https://web.archive.org/web/20050312063453/http://www.salomonsnowboard.com/hk/all_boards.asp | https://web.archive.org/web/20051126113649/http://www.salomonsnowboard.com/caus/products/product_line.asp
salomon--ace,salomon,Salomon,Ace,2005,earliest_sourced,2012,Confirmed in SnowDB catalog archive for model years 2008-2012 (archive covers 2008-2012 only; run may extend outside that window). | Seen on brand site (Wayback) 200708-200809; may predate first snapshot | Listed on brand site (Wayback) for MY2005; may predate,unknown,,,verified,Ace Magnum 2009. | Site slug 'ACE-1-788' (product category 1 = boards on the 2007-08 site). | Listed MY2005 and MY2006.,https://www.snowdb.com/catalog/salomon | https://web.archive.org/web/200708/http://www.salomonsnowboard.com/ | https://web.archive.org/web/200809/http://www.salomonsnowboard.com/ | https://web.archive.org/web/20050312063453/http://www.salomonsnowboard.com/hk/all_boards.asp | https://web.archive.org/web/20051126113649/http://www.salomonsnowboard.com/caus/products/product_line.asp
salomon--a-m-p,salomon,Salomon,A.M.P.,2005,earliest_sourced,,Listed on brand site (Wayback) for MY2005; may predate,unknown,,,verified,Listed as 'A.M.P.' MY2005 and 'Amp' MY2006.,https://web.archive.org/web/20050312063453/http://www.salomonsnowboard.com/hk/all_boards.asp | https://web.archive.org/web/20051126113649/http://www.salomonsnowboard.com/caus/products/product_line.asp
salomon--faction,salomon,Salomon,Faction,2005,earliest_sourced,,Listed on brand site (Wayback) for MY2005; may predate,unknown,,,verified,,https://web.archive.org/web/20050312063453/http://www.salomonsnowboard.com/hk/all_boards.asp
salomon--fastback,salomon,Salomon,Fastback,2005,earliest_sourced,,Listed on brand site (Wayback) for MY2005; may predate,unknown,,,verified,,https://web.archive.org/web/20050312063453/http://www.salomonsnowboard.com/hk/all_boards.asp
salomon--fierce,salomon,Salomon,Fierce,2005,earliest_sourced,2012,Confirmed in SnowDB catalog archive for model years 2008-2012 (archive covers 2008-2012 only; run may extend outside that window). | Seen on brand site (Wayback) 200710-200809; may predate first snapshot | Listed on brand site (Wayback) for MY2005; may predate,kids,,,verified,Junior Fierce 2011. | Site slug 'FIERCE-1-788' (product category 1 = boards on the 2007-08 site). | Listed MY2005 and MY2006.,https://www.snowdb.com/catalog/salomon | https://web.archive.org/web/200710/http://www.salomonsnowboard.com/ | https://web.archive.org/web/200809/http://www.salomonsnowboard.com/ | https://web.archive.org/web/20050312063453/http://www.salomonsnowboard.com/hk/all_boards.asp | https://web.archive.org/web/20051126113649/http://www.salomonsnowboard.com/caus/products/product_line.asp
salomon--link,salomon,Salomon,Link,2005,earliest_sourced,,Listed on brand site (Wayback) for MY2005; may predate,unknown,,,verified,Listed MY2005 and MY2006.,https://web.archive.org/web/20050312063453/http://www.salomonsnowboard.com/hk/all_boards.asp | https://web.archive.org/web/20051126113649/http://www.salomonsnowboard.com/caus/products/product_line.asp
salomon--maiden,salomon,Salomon,Maiden,2005,earliest_sourced,,Listed on brand site (Wayback) for MY2005; may predate,unknown,,,verified,Women's board; category unknown. Listed MY2005 and MY2006 (also appears in the MY2007 women's product line but not confirmed as a board there).,https://web.archive.org/web/20050312063453/http://www.salomonsnowboard.com/hk/all_boards.asp | https://web.archive.org/web/20051126113649/http://www.salomonsnowboard.com/caus/products/product_line.asp
salomon--prospect,salomon,Salomon,Prospect,2005,earliest_sourced,2009,Confirmed in SnowDB catalog archive for model years 2008-2008 (archive covers 2008-2012 only; run may extend outside that window). | Seen on brand site (Wayback) 200709-200809; may predate first snapshot | Listed on brand site (Wayback) for MY2005; may predate,unknown,,,verified,Prospect and Prospect Ltd in 2008. | Site slug 'PROSPECT-1-788' (product category 1 = boards on the 2007-08 site). PROSPECT-LTD variant 200710-200809 folded. | Listed MY2005 and MY2006.,https://www.snowdb.com/catalog/salomon | https://web.archive.org/web/200709/http://www.salomonsnowboard.com/ | https://web.archive.org/web/200809/http://www.salomonsnowboard.com/ | https://web.archive.org/web/20050312063453/http://www.salomonsnowboard.com/hk/all_boards.asp | https://web.archive.org/web/20051126113649/http://www.salomonsnowboard.com/caus/products/product_line.asp
salomon--radiant,salomon,Salomon,Radiant,2005,earliest_sourced,2011,Confirmed in SnowDB catalog archive for model years 2008-2011 (archive covers 2008-2012 only; run may extend outside that window). | Seen on brand site (Wayback) 200709-200809; may predate first snapshot | Listed on brand site (Wayback) for MY2005; may predate,unknown,,,verified,"Women's. | Site slug 'RADIANT-1-788' (product category 1 = boards on the 2007-08 site). | Women's board; category unknown. Listed MY2005, MY2006 and in the MY2007 women's product line.",https://www.snowdb.com/catalog/salomon | https://web.archive.org/web/200709/http://www.salomonsnowboard.com/ | https://web.archive.org/web/200809/http://www.salomonsnowboard.com/ | https://web.archive.org/web/20050312063453/http://www.salomonsnowboard.com/hk/all_boards.asp | https://web.archive.org/web/20051126113649/http://www.salomonsnowboard.com/caus/products/product_line.asp | https://web.archive.org/web/20061026093816/http://old.salomonsnowboard.com/hk/products/product_line.asp
salomon--shade,salomon,Salomon,Shade,2005,earliest_sourced,,Listed on brand site (Wayback) for MY2005; may predate,unknown,,,verified,,https://web.archive.org/web/20050312063453/http://www.salomonsnowboard.com/hk/all_boards.asp
salomon--substance,salomon,Salomon,Substance,2005,earliest_sourced,,Listed on brand site (Wayback) for MY2005; may predate,unknown,,,verified,,https://web.archive.org/web/20050312063453/http://www.salomonsnowboard.com/hk/all_boards.asp
salomon--team,salomon,Salomon,Team,2005,earliest_sourced,,"Earliest confirmed appearance 2009 (SnowDB catalog archive covers 2008-2012 only); in current lineup, so last_year null. | Listed on brand site (Wayback) for MY2005; may predate",kids,,,verified,Youth board; Junior Team 2011; in 2027 line. | Listed MY2005 and MY2006.,https://www.snowdb.com/catalog/salomon | https://www.evo.com/shop/snowboard/snowboards/salomon | https://web.archive.org/web/20050312063453/http://www.salomonsnowboard.com/hk/all_boards.asp | https://web.archive.org/web/20051126113649/http://www.salomonsnowboard.com/caus/products/product_line.asp
salomon--arnie-5000,salomon,Salomon,Arnie 5000,2006,earliest_sourced,2009,Confirmed in SnowDB catalog archive for model years 2008-2009 (archive covers 2008-2012 only; run may extend outside that window). | Seen on brand site (Wayback) 200710-200809; may predate first snapshot | Listed on brand site (Wayback) for MY2006; may predate,unknown,,,verified,Mini Arnie also listed. | Site slug 'ARNIE-5000-1-788' (product category 1 = boards on the 2007-08 site).,https://www.snowdb.com/catalog/salomon | https://web.archive.org/web/200710/http://www.salomonsnowboard.com/ | https://web.archive.org/web/200809/http://www.salomonsnowboard.com/ | https://web.archive.org/web/20051126113649/http://www.salomonsnowboard.com/caus/products/product_line.asp
salomon--burner,salomon,Salomon,Burner,2006,earliest_sourced,2012,Confirmed in SnowDB catalog archive for model years 2008-2012 (archive covers 2008-2012 only; run may extend outside that window). | Seen on brand site (Wayback) 200708-200807; may predate first snapshot | Listed on brand site (Wayback) for MY2006; may predate,freeride,,,verified,Directional freeride/big-mountain board. | Site slug 'BURNER-1-788' (product category 1 = boards on the 2007-08 site).,https://www.snowdb.com/catalog/salomon | https://web.archive.org/web/200708/http://www.salomonsnowboard.com/ | https://web.archive.org/web/200807/http://www.salomonsnowboard.com/ | https://web.archive.org/web/20051126113649/http://www.salomonsnowboard.com/caus/products/product_line.asp
salomon--db,salomon,Salomon,DB,2006,earliest_sourced,,Listed on brand site (Wayback) for MY2006; may predate,unknown,,Era,verified,MY2006 lists both 'DB' and 'DB Series' (treated as one model); MY2005 page listed it as the 'DB Era' variant of the Era.,https://web.archive.org/web/20051126113649/http://www.salomonsnowboard.com/caus/products/product_line.asp
salomon--forecast,salomon,Salomon,Forecast,2006,earliest_sourced,,Listed on brand site (Wayback) for MY2006; may predate,unknown,,Era,verified,Standalone 'Forecast' listed MY2006; MY2005 page listed it as the 'Forecast Era' variant of the Era.,https://web.archive.org/web/20051126113649/http://www.salomonsnowboard.com/caus/products/product_line.asp
salomon--ivy,salomon,Salomon,Ivy,2006,earliest_sourced,2011,Confirmed in SnowDB catalog archive for model years 2008-2011 (archive covers 2008-2012 only; run may extend outside that window). | Seen on brand site (Wayback) 200710-200809; may predate first snapshot | Listed on brand site (Wayback) for MY2006; may predate,unknown,,Era,verified,Women's. | Site slug 'IVY-1-788' (product category 1 = boards on the 2007-08 site). | Women's board; category unknown. Standalone 'Ivy' listed MY2006 and in the MY2007 women's product line; MY2005 page listed it as the 'Ivy Era' variant of the Era.,https://www.snowdb.com/catalog/salomon | https://web.archive.org/web/200710/http://www.salomonsnowboard.com/ | https://web.archive.org/web/200809/http://www.salomonsnowboard.com/ | https://web.archive.org/web/20051126113649/http://www.salomonsnowboard.com/caus/products/product_line.asp | https://web.archive.org/web/20061026093816/http://old.salomonsnowboard.com/hk/products/product_line.asp
salomon--jerksen,salomon,Salomon,Jerksen,2006,earliest_sourced,,Listed on brand site (Wayback) for MY2006; may predate,unknown,,,verified,,https://web.archive.org/web/20051126113649/http://www.salomonsnowboard.com/caus/products/product_line.asp
salomon--loft,salomon,Salomon,Loft,2006,earliest_sourced,2009,Confirmed in SnowDB catalog archive for model years 2008-2009 (archive covers 2008-2012 only; run may extend outside that window). | Seen on brand site (Wayback) 200709-200809; may predate first snapshot | Listed on brand site (Wayback) for MY2006; may predate,unknown,,,verified,Loft II in 2009. | Site slug 'LOFT-1-788' (product category 1 = boards on the 2007-08 site). | Listed as 'L.O.F.T.' on the MY2006 product line page.,https://www.snowdb.com/catalog/salomon | https://web.archive.org/web/200709/http://www.salomonsnowboard.com/ | https://web.archive.org/web/200809/http://www.salomonsnowboard.com/ | https://web.archive.org/web/20051126113649/http://www.salomonsnowboard.com/caus/products/product_line.asp
salomon--patrol,salomon,Salomon,Patrol,2006,earliest_sourced,2009,Confirmed in SnowDB catalog archive for model years 2008-2008 (archive covers 2008-2012 only; run may extend outside that window). | Seen on brand site (Wayback) 200708-200809; may predate first snapshot | Listed on brand site (Wayback) for MY2006; may predate,unknown,,,verified,Site slug 'PATROL-1-788' (product category 1 = boards on the 2007-08 site).,https://www.snowdb.com/catalog/salomon | https://web.archive.org/web/200708/http://www.salomonsnowboard.com/ | https://web.archive.org/web/200809/http://www.salomonsnowboard.com/ | https://web.archive.org/web/20051126113649/http://www.salomonsnowboard.com/caus/products/product_line.asp
salomon--prospect-ltd,salomon,Salomon,Prospect LTD,2006,earliest_sourced,,Listed on brand site (Wayback) for MY2006; may predate,unknown,,Prospect,verified,"Limited version of the Prospect, listed as a distinct model MY2006.",https://web.archive.org/web/20051126113649/http://www.salomonsnowboard.com/caus/products/product_line.asp
salomon--pulse,salomon,Salomon,Pulse,2006,earliest_sourced,2009,"Earliest confirmed appearance 2008 (SnowDB catalog archive covers 2008-2012 only); in current lineup, so last_year null. | Earliest sourced | Seen on brand site (Wayback) 200709-200809; may predate first snapshot | Listed on brand site (Wayback) for MY2006; may predate",all-mountain,,,verified,Entry-level; in 2026 line. | Entry-level. | Site slug 'PULSE-1-788' (product category 1 = boards on the 2007-08 site).,https://www.snowdb.com/catalog/salomon | https://www.evo.com/shop/snowboard/snowboards/salomon | https://web.archive.org/web/200709/http://www.salomonsnowboard.com/ | https://web.archive.org/web/200809/http://www.salomonsnowboard.com/ | https://web.archive.org/web/20051126113649/http://www.salomonsnowboard.com/caus/products/product_line.asp
salomon--transfer,salomon,Salomon,Transfer,2006,earliest_sourced,,Listed on brand site (Wayback) for MY2006; may predate,unknown,,,verified,,https://web.archive.org/web/20051126113649/http://www.salomonsnowboard.com/caus/products/product_line.asp
salomon--acid,salomon,Salomon,Acid,2008,earliest_sourced,2012,Confirmed in SnowDB catalog archive for model years 2008-2012 (archive covers 2008-2012 only; run may extend outside that window). | Seen on brand site (Wayback) 200709-200809; may predate first snapshot,unknown,,,verified,Site slug 'ACID-1-788' (product category 1 = boards on the 2007-08 site). Slug id ACID-1-195.,https://www.snowdb.com/catalog/salomon | https://web.archive.org/web/200709/http://www.salomonsnowboard.com/ | https://web.archive.org/web/200809/http://www.salomonsnowboard.com/
salomon--benedek-era,salomon,Salomon,Benedek Era,2008,earliest_sourced,2009,Confirmed in SnowDB catalog archive for model years 2008-2008 (archive covers 2008-2012 only; run may extend outside that window). | Seen on brand site (Wayback) 200710-200808; may predate first snapshot,freeride,David Benedek,Era,verified,Site slug 'BENEDEK-ERA-1-788' (product category 1 = boards on the 2007-08 site).,https://www.snowdb.com/catalog/salomon | https://web.archive.org/web/200710/http://www.salomonsnowboard.com/ | https://web.archive.org/web/200808/http://www.salomonsnowboard.com/
salomon--drift,salomon,Salomon,Drift,2008,earliest_sourced,2012,Confirmed in SnowDB catalog archive for model years 2008-2012 (archive covers 2008-2012 only; run may extend outside that window). | Seen on brand site (Wayback) 200710-200809; may predate first snapshot,unknown,,,verified,Drift / Drift Magnum / Drift Rocker / Mini Drift. | Site slug 'DRIFT-1-788' (product category 1 = boards on the 2007-08 site).,https://www.snowdb.com/catalog/salomon | https://web.archive.org/web/200710/http://www.salomonsnowboard.com/ | https://web.archive.org/web/200809/http://www.salomonsnowboard.com/
salomon--grace,salomon,Salomon,Grace,2008,earliest_sourced,2012,Confirmed in SnowDB catalog archive for model years 2008-2012 (archive covers 2008-2012 only; run may extend outside that window). | Seen on brand site (Wayback) 200710-200809; may predate first snapshot,kids,,,verified,Junior Grace 2011. | Site slug 'GRACE-1-788' (product category 1 = boards on the 2007-08 site). Slug id GRACE-1-195.,https://www.snowdb.com/catalog/salomon | https://web.archive.org/web/200710/http://www.salomonsnowboard.com/ | https://web.archive.org/web/200809/http://www.salomonsnowboard.com/
salomon--lark,salomon,Salomon,Lark,2008,earliest_sourced,2012,Confirmed in SnowDB catalog archive for model years 2008-2012 (archive covers 2008-2012 only; run may extend outside that window). | Seen on brand site (Wayback) 200710-200809; may predate first snapshot,unknown,,,verified,Women's; Lark Rocker 2011. | Site slug 'LARK-1-788' (product category 1 = boards on the 2007-08 site).,https://www.snowdb.com/catalog/salomon | https://web.archive.org/web/200710/http://www.salomonsnowboard.com/ | https://web.archive.org/web/200809/http://www.salomonsnowboard.com/
salomon--lily,salomon,Salomon,Lily,2008,earliest_sourced,2012,Confirmed in SnowDB catalog archive for model years 2008-2012 (archive covers 2008-2012 only; run may extend outside that window). | Seen on brand site (Wayback) 200710-200809; may predate first snapshot,unknown,,,verified,Women's. | Site slug 'LILY-1-788' (product category 1 = boards on the 2007-08 site).,https://www.snowdb.com/catalog/salomon | https://web.archive.org/web/200710/http://www.salomonsnowboard.com/ | https://web.archive.org/web/200809/http://www.salomonsnowboard.com/
salomon--lotus,salomon,Salomon,Lotus,2008,earliest_sourced,2009,"Earliest confirmed appearance 2008 (SnowDB catalog archive covers 2008-2012 only); in current lineup, so last_year null. | Earliest sourced | Seen on brand site (Wayback) 200710-200809; may predate first snapshot",all-mountain,,,verified,Women's; in 2026-27 line. | Women's. | Site slug 'LOTUS-1-788' (product category 1 = boards on the 2007-08 site).,https://www.snowdb.com/catalog/salomon | https://www.evo.com/shop/snowboard/snowboards/salomon | https://web.archive.org/web/200710/http://www.salomonsnowboard.com/ | https://web.archive.org/web/200809/http://www.salomonsnowboard.com/
salomon--lush,salomon,Salomon,Lush,2008,earliest_sourced,2009,Confirmed in SnowDB catalog archive for model years 2008-2009 (archive covers 2008-2012 only; run may extend outside that window). | Seen on brand site (Wayback) 200710-200809; may predate first snapshot,unknown,,,verified,Women's. | Site slug 'LUSH-1-788' (product category 1 = boards on the 2007-08 site). Slug id LUSH-1-195.,https://www.snowdb.com/catalog/salomon | https://web.archive.org/web/200710/http://www.salomonsnowboard.com/ | https://web.archive.org/web/200809/http://www.salomonsnowboard.com/
salomon--mini-arnie,salomon,Salomon,Mini Arnie,2008,earliest_sourced,2009,Seen on brand site (Wayback) 200710-200809; may predate first snapshot,kids,,Arnie,likely,Site slug 'MINI-ARNIE-1-788' (product category 1 = boards on the 2007-08 site).,https://web.archive.org/web/200710/http://www.salomonsnowboard.com/ | https://web.archive.org/web/200809/http://www.salomonsnowboard.com/
salomon--sanchez,salomon,Salomon,Sanchez,2008,earliest_sourced,2012,Confirmed in SnowDB catalog archive for model years 2008-2012 (archive covers 2008-2012 only; run may extend outside that window). | Seen on brand site (Wayback) 200709-200809; may predate first snapshot,freestyle,,,verified,Sanchez and Salvatore Sanchez. | Site slug 'SANCHEZ-1-788' (product category 1 = boards on the 2007-08 site).,https://www.snowdb.com/catalog/salomon | https://web.archive.org/web/200709/http://www.salomonsnowboard.com/ | https://web.archive.org/web/200809/http://www.salomonsnowboard.com/
salomon--scout,salomon,Salomon,Scout,2008,earliest_sourced,2009,Confirmed in SnowDB catalog archive for model years 2008-2009 (archive covers 2008-2012 only; run may extend outside that window). | Seen on brand site (Wayback) 200709-200809; may predate first snapshot,unknown,,,verified,Site slug 'SCOUT-1-788' (product category 1 = boards on the 2007-08 site).,https://www.snowdb.com/catalog/salomon | https://web.archive.org/web/200709/http://www.salomonsnowboard.com/ | https://web.archive.org/web/200809/http://www.salomonsnowboard.com/
salomon--special,salomon,Salomon,Special,2008,earliest_sourced,2011,Confirmed in SnowDB catalog archive for model years 2008-2011 (archive covers 2008-2012 only; run may extend outside that window). | Seen on brand site (Wayback) 200710-200809; may predate first snapshot,unknown,,,verified,Special / Special Magnum / Special 2. | Site slug 'SPECIAL-1-788' (product category 1 = boards on the 2007-08 site).,https://www.snowdb.com/catalog/salomon | https://web.archive.org/web/200710/http://www.salomonsnowboard.com/ | https://web.archive.org/web/200809/http://www.salomonsnowboard.com/
salomon--strobe,salomon,Salomon,Strobe,2008,earliest_sourced,2009,Confirmed in SnowDB catalog archive for model years 2008-2009 (archive covers 2008-2012 only; run may extend outside that window). | Seen on brand site (Wayback) 200708-200809; may predate first snapshot,unknown,,,verified,Site slug 'STROBE-1-788' (product category 1 = boards on the 2007-08 site).,https://www.snowdb.com/catalog/salomon | https://web.archive.org/web/200708/http://www.salomonsnowboard.com/ | https://web.archive.org/web/200809/http://www.salomonsnowboard.com/
salomon--tempest,salomon,Salomon,Tempest,2008,earliest_sourced,2009,Confirmed in SnowDB catalog archive for model years 2008-2008 (archive covers 2008-2012 only; run may extend outside that window). | Seen on brand site (Wayback) 200708-200809; may predate first snapshot,unknown,,,verified,Site slug 'TEMPEST-1-788' (product category 1 = boards on the 2007-08 site).,https://www.snowdb.com/catalog/salomon | https://web.archive.org/web/200708/http://www.salomonsnowboard.com/ | https://web.archive.org/web/200809/http://www.salomonsnowboard.com/
salomon--tracker,salomon,Salomon,Tracker,2008,earliest_sourced,2009,Confirmed in SnowDB catalog archive for model years 2008-2009 (archive covers 2008-2012 only; run may extend outside that window). | Seen on brand site (Wayback) 200710-200809; may predate first snapshot,unknown,,,verified,Site slug 'TRACKER-1-788' (product category 1 = boards on the 2007-08 site).,https://www.snowdb.com/catalog/salomon | https://web.archive.org/web/200710/http://www.salomonsnowboard.com/ | https://web.archive.org/web/200809/http://www.salomonsnowboard.com/
salomon--answer,salomon,Salomon,Answer,2009,earliest_sourced,2011,Confirmed in SnowDB catalog archive for model years 2009-2011 (archive covers 2008-2012 only; run may extend outside that window).,unknown,,,likely,,https://www.snowdb.com/catalog/salomon
salomon--bang-bang,salomon,Salomon,Bang Bang,2009,earliest_sourced,2009,Confirmed in SnowDB catalog archive for model years 2009-2009 (archive covers 2008-2012 only; run may extend outside that window).,unknown,,,likely,,https://www.snowdb.com/catalog/salomon
salomon--official,salomon,Salomon,Official,2009,earliest_sourced,2012,Confirmed in SnowDB catalog archive for model years 2009-2012 (archive covers 2008-2012 only; run may extend outside that window).,freestyle,,,likely,,https://www.snowdb.com/catalog/salomon
salomon--riot,salomon,Salomon,Riot,2009,earliest_sourced,2012,Confirmed in SnowDB catalog archive for model years 2009-2012 (archive covers 2008-2012 only; run may extend outside that window).,unknown,,,likely,,https://www.snowdb.com/catalog/salomon
salomon--sick-stick,salomon,Salomon,Sick Stick,2009,earliest_sourced,,"Earliest confirmed appearance 2009 (SnowDB catalog archive covers 2008-2012 only); in current lineup, so last_year null. | Earliest sourced (HPS Sickstick); Sick Stick predates",powder,,HPS,verified,Wolle Nyvelt-associated directional shape; sold as 'HPS - Sickstick' in 2027.,https://www.snowdb.com/catalog/salomon | https://www.evo.com/shop/snowboard/snowboards/salomon
salomon--grip,salomon,Salomon,Grip,2011,earliest_sourced,2012,Confirmed in SnowDB catalog archive for model years 2011-2012 (archive covers 2008-2012 only; run may extend outside that window).,unknown,,,likely,,https://www.snowdb.com/catalog/salomon
salomon--gypsy,salomon,Salomon,Gypsy,2011,earliest_sourced,2012,Confirmed in SnowDB catalog archive for model years 2011-2012 (archive covers 2008-2012 only; run may extend outside that window).,unknown,,,likely,Women's.,https://www.snowdb.com/catalog/salomon
salomon--popstar,salomon,Salomon,Popstar,2011,earliest_sourced,2012,Confirmed in SnowDB catalog archive for model years 2011-2012 (archive covers 2008-2012 only; run may extend outside that window).,unknown,,,likely,,https://www.snowdb.com/catalog/salomon
salomon--salomonder,salomon,Salomon,Salomonder,2011,earliest_sourced,2012,Confirmed in SnowDB catalog archive for model years 2011-2012 (archive covers 2008-2012 only; run may extend outside that window).,unknown,,,likely,,https://www.snowdb.com/catalog/salomon
salomon--titan,salomon,Salomon,Titan,2011,earliest_sourced,2012,Confirmed in SnowDB catalog archive for model years 2011-2012 (archive covers 2008-2012 only; run may extend outside that window).,unknown,,,likely,,https://www.snowdb.com/catalog/salomon
salomon--idol,salomon,Salomon,Idol,2012,earliest_sourced,2012,Confirmed in SnowDB catalog archive for model years 2012-2012 (archive covers 2008-2012 only; run may extend outside that window).,unknown,,,likely,,https://www.snowdb.com/catalog/salomon
salomon--man-s-board,salomon,Salomon,Man's Board,2012,earliest_sourced,2012,Confirmed in SnowDB catalog archive for model years 2012-2012 (archive covers 2008-2012 only; run may extend outside that window).,unknown,,,likely,,https://www.snowdb.com/catalog/salomon
salomon--oh-yeah,salomon,Salomon,Oh Yeah,2012,earliest_sourced,,"Earliest confirmed appearance 2012 (SnowDB catalog archive covers 2008-2012 only); in current lineup, so last_year null. | Earliest sourced",freestyle,,,verified,Women's; in 2026-27 line. | Women's.,https://www.snowdb.com/catalog/salomon | https://www.evo.com/shop/snowboard/snowboards/salomon
salomon--powder-snake,salomon,Salomon,Powder Snake,2012,earliest_sourced,2012,Confirmed in SnowDB catalog archive for model years 2012-2012 (archive covers 2008-2012 only; run may extend outside that window).,powder,,,likely,,https://www.snowdb.com/catalog/salomon
salomon--spark,salomon,Salomon,Spark,2012,earliest_sourced,2012,Confirmed in SnowDB catalog archive for model years 2012-2012 (archive covers 2008-2012 only; run may extend outside that window).,unknown,,,likely,,https://www.snowdb.com/catalog/salomon
salomon--xlt,salomon,Salomon,XLT,2012,earliest_sourced,2012,Confirmed in SnowDB catalog archive for model years 2012-2012 (archive covers 2008-2012 only; run may extend outside that window).,unknown,,,likely,,https://www.snowdb.com/catalog/salomon
salomon--assassin,salomon,Salomon,Assassin,2014,earliest_sourced,,Earliest confirmed 2026 (evo listing); still in production.,all-mountain,,,verified,Assassin and Assassin Pro. | Assassin Pro variant; in 2027 evo lineup.,https://www.evo.com/shop/snowboard/snowboards/salomon | https://thegoodride.com/snowboard-reviews/salomon-assassin-snowboard-review/
salomon--villain,salomon,Salomon,Villain,2018,introduced,,Revamped for 2017/18 per Whitelines; earlier versions exist,freestyle,,,likely,,https://whitelines.com/snowboard-gear/before-you-buy/guide-to-snowboard-brands.html
salomon--huck-knife,salomon,Salomon,Huck Knife,2020,earliest_sourced,,Earliest confirmed 2026 (evo listing); still in production. | Earliest sourced 2020 (Huck Knife Pro); Huck Knife predates,freestyle,,,verified,Huck Knife and Huck Knife Pro. | Camber freestyle twin; Pro variant.,https://www.evo.com/shop/snowboard/snowboards/salomon | https://thegoodride.com/snowboard-reviews/salomon-huck-knife-snowboard-review/
salomon--abstract,salomon,Salomon,Abstract,2026,earliest_sourced,,Earliest confirmed 2026 (evo listing); still in production. | Earliest sourced,freestyle,,,likely,,https://www.evo.com/shop/snowboard/snowboards/salomon
salomon--dancehaul,salomon,Salomon,Dancehaul,2026,earliest_sourced,,Earliest confirmed 2026 (evo listing); still in production. | Earliest sourced,powder,,,likely,Short wide.,https://www.evo.com/shop/snowboard/snowboards/salomon
salomon--kickback,salomon,Salomon,Kickback,2026,earliest_sourced,,Earliest confirmed 2026 (evo listing); still in production. | Earliest sourced,freestyle,,,likely,,https://www.evo.com/shop/snowboard/snowboards/salomon
salomon--no-drama,salomon,Salomon,No Drama,2026,earliest_sourced,,Earliest confirmed 2026 (evo listing); still in production. | Earliest sourced,freestyle,,,likely,Women's model. | Women's.,https://www.evo.com/shop/snowboard/snowboards/salomon
salomon--rumble-fish,salomon,Salomon,Rumble Fish,2026,earliest_sourced,,Earliest confirmed 2026 (evo listing); still in production. | Earliest sourced,all-mountain,,,likely,Women's model. | Women's.,https://www.evo.com/shop/snowboard/snowboards/salomon
salomon--sight,salomon,Salomon,Sight,2026,earliest_sourced,,Earliest confirmed 2026 (evo listing); still in production. | Earliest sourced; Sight X variant,all-mountain,,,likely,,https://www.evo.com/shop/snowboard/snowboards/salomon
salomon--wonder,salomon,Salomon,Wonder,2026,earliest_sourced,,Earliest confirmed 2026 (evo listing); still in production. | Earliest sourced,all-mountain,,,likely,Women's model. | Women's.,https://www.evo.com/shop/snowboard/snowboards/salomon
salomon--bliss-x,salomon,Salomon,Bliss X,2027,earliest_sourced,,Earliest confirmed 2027 (evo listing); still in production.,unknown,,,likely,Women's model.,https://www.evo.com/shop/snowboard/snowboards/salomon
salomon--craft,salomon,Salomon,Craft,2027,earliest_sourced,,Earliest confirmed 2027 (evo listing); still in production. | Earliest sourced,freestyle,,,likely,,https://www.evo.com/shop/snowboard/snowboards/salomon
salomon--fastlane,salomon,Salomon,Fastlane,2027,earliest_sourced,,Earliest confirmed 2027 (evo listing); still in production.,unknown,,,likely,,https://www.evo.com/shop/snowboard/snowboards/salomon
salomon--highpath,salomon,Salomon,Highpath,2027,earliest_sourced,,Earliest confirmed 2027 (evo listing); still in production. | Earliest sourced; Good Ride references High Path earlier,freeride,,,verified,,https://www.evo.com/shop/snowboard/snowboards/salomon | https://thegoodride.com/snowboard-reviews/salomon-assassin-snowboard-review/
salomon--hps-louif-paradis,salomon,Salomon,HPS Louif Paradis,2027,earliest_sourced,,Earliest confirmed 2027 (evo listing); still in production. | Earliest sourced,freestyle,Louif Paradis,HPS,likely,,https://www.evo.com/shop/snowboard/snowboards/salomon
salomon--indicator,salomon,Salomon,Indicator,2027,earliest_sourced,,Earliest confirmed 2027 (evo listing); still in production.,unknown,,,likely,,https://www.evo.com/shop/snowboard/snowboards/salomon
salomon--jetstream,salomon,Salomon,Jetstream,2027,earliest_sourced,,Earliest confirmed 2027 (evo listing); still in production.,unknown,,,likely,,https://www.evo.com/shop/snowboard/snowboards/salomon
salomon--overcast,salomon,Salomon,Overcast,2027,earliest_sourced,,Earliest confirmed 2027 (evo listing); still in production.,unknown,,,likely,,https://www.evo.com/shop/snowboard/snowboards/salomon
salomon--sleepwalker,salomon,Salomon,Sleepwalker,2027,earliest_sourced,,Earliest confirmed 2027 (evo listing); still in production. | Earliest sourced,freestyle,,,likely,,https://www.evo.com/shop/snowboard/snowboards/salomon
santa-cruz--dtr-62,santa-cruz,Santa Cruz,DTR 62,1992,introduced,,Year from Retro Snow category.,unknown,,,likely,Retro Snow museum (1992).,https://retrosnow.com/product-category/santa-cruz/
santa-cruz--tao,santa-cruz,Santa Cruz,Tao,1992,introduced,,Year from Retro Snow category.,unknown,,,likely,Retro Snow museum (1992).,https://retrosnow.com/product-category/santa-cruz/
santa-cruz--chris-roach-genie,santa-cruz,Santa Cruz,Chris Roach Genie,1994,introduced,,Year from Retro Snow category.,freestyle,Chris Roach,,likely,Chris Roach pro model in Retro Snow museum (1994).,https://retrosnow.com/product-category/santa-cruz/
santa-cruz--allstar,santa-cruz,Santa Cruz,Allstar,2007,earliest_sourced,2009,Confirmed in SnowDB catalog archive for model years 2008-2009 (archive covers 2008-2012 only; run may extend outside that window). | Listed on brand site (Wayback) for MY2007; may predate,unknown,,,verified,Allstar XX Anniversary and Chris Roach decal (2009).,https://www.snowdb.com/catalog/santa-cruz | https://web.archive.org/web/20061018012258/http://www.santacruzsnowboards.com/snow/boards/
santa-cruz--cuna,santa-cruz,Santa Cruz,Cuna,2007,earliest_sourced,,Listed on brand site (Wayback) for MY2007; may predate,unknown,,Cuna,verified,Listed as 'Cuna Aartsy' MY2007.,https://web.archive.org/web/20061018012258/http://www.santacruzsnowboards.com/snow/boards/
santa-cruz--duo,santa-cruz,Santa Cruz,Duo,2007,earliest_sourced,2009,Confirmed in SnowDB catalog archive for model years 2008-2009 (archive covers 2008-2012 only; run may extend outside that window). | Listed on brand site (Wayback) for MY2007; may predate,unknown,,Duo,verified,Duo Freedom / Duo Platinum. | MY2007 lists Duo GLX Limited and Duo Shield (graphic variants).,https://www.snowdb.com/catalog/santa-cruz | https://web.archive.org/web/20061018012258/http://www.santacruzsnowboards.com/snow/boards/
santa-cruz--gian-simmen-pro,santa-cruz,Santa Cruz,Gian Simmen Pro,2007,earliest_sourced,2009,Confirmed in SnowDB catalog archive for model years 2008-2009 (archive covers 2008-2012 only; run may extend outside that window). | Listed on brand site (Wayback) for MY2007; may predate,freestyle,Gian Simmen,TT,verified,TT Gian Simmen Pro. | Listed as 'TT Pro Gian Simmen' MY2007; a 144 Gian Simmen also appears in the Rebel Series youth line.,https://www.snowdb.com/catalog/santa-cruz | https://web.archive.org/web/20061018012258/http://www.santacruzsnowboards.com/snow/boards/
santa-cruz--guerilla-division,santa-cruz,Santa Cruz,Guerilla Division,2007,earliest_sourced,,Listed on brand site (Wayback) for MY2007; may predate,unknown,,Guerilla Division,verified,MY2007 lists Guerilla Division AK/AB/CK/CW/DB/EH/RK/RS (team-rider-initial graphic variants) plus the Seth Huot version.,https://web.archive.org/web/20061018012258/http://www.santacruzsnowboards.com/snow/boards/
santa-cruz--largo,santa-cruz,Santa Cruz,Largo,2007,earliest_sourced,2008,Confirmed in SnowDB catalog archive for model years 2008-2008 (archive covers 2008-2012 only; run may extend outside that window). | Listed on brand site (Wayback) for MY2007; may predate,unknown,,Largo,verified,Listed as 'Largo Demon' MY2007.,https://www.snowdb.com/catalog/santa-cruz | https://web.archive.org/web/20061018012258/http://www.santacruzsnowboards.com/snow/boards/
santa-cruz--loco-pro,santa-cruz,Santa Cruz,Loco Pro,2007,earliest_sourced,,Listed on brand site (Wayback) for MY2007; may predate,unknown,Duke; Morace,Loco Pro,verified,MY2007 lists 'Loco Pro Duke' and 'Loco Pro Morace' (rider graphic variants of the Loco Pro).,https://web.archive.org/web/20061018012258/http://www.santacruzsnowboards.com/snow/boards/
santa-cruz--massacre,santa-cruz,Santa Cruz,Massacre,2007,earliest_sourced,,Listed on brand site (Wayback) for MY2007; may predate,unknown,,,verified,Listed as a standalone board MY2007 (also a Rebel Series 133 graphic).,https://web.archive.org/web/20061018012258/http://www.santacruzsnowboards.com/snow/boards/
santa-cruz--mountain,santa-cruz,Santa Cruz,Mountain,2007,earliest_sourced,,Listed on brand site (Wayback) for MY2007; may predate,unknown,,Mountain,verified,Listed as 'Mountain Wheels' MY2007.,https://web.archive.org/web/20061018012258/http://www.santacruzsnowboards.com/snow/boards/
santa-cruz--muse,santa-cruz,Santa Cruz,Muse,2007,earliest_sourced,2009,Confirmed in SnowDB catalog archive for model years 2008-2009 (archive covers 2008-2012 only; run may extend outside that window). | Listed on brand site (Wayback) for MY2007; may predate,unknown,,Muse,verified,Listed as 'Muse Antique' MY2007.,https://www.snowdb.com/catalog/santa-cruz | https://web.archive.org/web/20061018012258/http://www.santacruzsnowboards.com/snow/boards/
santa-cruz--park-wide,santa-cruz,Santa Cruz,Park Wide,2007,earliest_sourced,,Listed on brand site (Wayback) for MY2007; may predate,unknown,,Park Wide,verified,Listed as 'Park Wide Deathmask' MY2007.,https://web.archive.org/web/20061018012258/http://www.santacruzsnowboards.com/snow/boards/
santa-cruz--rebel-series,santa-cruz,Santa Cruz,Rebel Series,2007,earliest_sourced,2009,Confirmed in SnowDB catalog archive for model years 2009-2009 (archive covers 2008-2012 only; run may extend outside that window). | Listed on brand site (Wayback) for MY2007; may predate,unknown,,Rebel,verified,"Youth/small-size line; category unknown. MY2007 sizes/graphics: 125 Strip3, 133 Massacre, 138 Shield, 140 Deathmask, 144 Gian Simmen.",https://www.snowdb.com/catalog/santa-cruz | https://web.archive.org/web/20061018012258/http://www.santacruzsnowboards.com/snow/boards/
santa-cruz--respect-series,santa-cruz,Santa Cruz,Respect Series,2007,earliest_sourced,,Listed on brand site (Wayback) for MY2007; may predate,unknown,,Respect Series,verified,"MY2007 limited graphic variants: Roach Ghostship Limited, Roach Decal Limited, Cardiel Decal Limited, Kearns Whiskey Limited (Chris Roach, John Cardiel, Kearns).",https://web.archive.org/web/20061018012258/http://www.santacruzsnowboards.com/snow/boards/
santa-cruz--seth-huot-pro,santa-cruz,Santa Cruz,Seth Huot Pro,2007,earliest_sourced,2008,Confirmed in SnowDB catalog archive for model years 2008-2008 (archive covers 2008-2012 only; run may extend outside that window). | Listed on brand site (Wayback) for MY2007; may predate,freestyle,Seth Hout,Guerilla Division,verified,Listed as 'Seth Huot (Guerilla Division)' MY2007. Rider's name is spelled Seth Huot; model_name kept as the existing DB spelling 'Seth Hout Pro' for merge.,https://www.snowdb.com/catalog/santa-cruz | https://web.archive.org/web/20061018012258/http://www.santacruzsnowboards.com/snow/boards/
santa-cruz--tt,santa-cruz,Santa Cruz,TT,2007,earliest_sourced,,Listed on brand site (Wayback) for MY2007; may predate,unknown,,TT,verified,MY2007 'Select a board' lists TT Revolver and TT Viking (graphic variants) plus TT Pro Gian Simmen.,https://web.archive.org/web/20061018012258/http://www.santacruzsnowboards.com/snow/boards/
santa-cruz--zerocks,santa-cruz,Santa Cruz,Zerocks,2007,earliest_sourced,,Listed on brand site (Wayback) for MY2007; may predate,unknown,,,verified,,https://web.archive.org/web/20061018012258/http://www.santacruzsnowboards.com/snow/boards/
santa-cruz--fusion,santa-cruz,Santa Cruz,Fusion,2008,earliest_sourced,2009,Confirmed in SnowDB catalog archive for model years 2008-2009 (archive covers 2008-2012 only; run may extend outside that window).,unknown,,,likely,Fusion TT / Trip Out / XX Anniversary / Park.,https://www.snowdb.com/catalog/santa-cruz
santa-cruz--jon-kooley-tt-pro,santa-cruz,Santa Cruz,Jon Kooley TT Pro,2008,earliest_sourced,2008,Confirmed in SnowDB catalog archive for model years 2008-2008 (archive covers 2008-2012 only; run may extend outside that window).,freestyle,Jon Kooley,,likely,,https://www.snowdb.com/catalog/santa-cruz
santa-cruz--perfect-11,santa-cruz,Santa Cruz,Perfect 11,2008,earliest_sourced,2009,Confirmed in SnowDB catalog archive for model years 2008-2009 (archive covers 2008-2012 only; run may extend outside that window).,unknown,,,likely,,https://www.snowdb.com/catalog/santa-cruz
santa-cruz--suave,santa-cruz,Santa Cruz,Suave,2008,earliest_sourced,2009,Confirmed in SnowDB catalog archive for model years 2008-2009 (archive covers 2008-2012 only; run may extend outside that window).,unknown,,,likely,Suave Eyes 2009.,https://www.snowdb.com/catalog/santa-cruz
santa-cruz--twinza,santa-cruz,Santa Cruz,Twinza,2008,earliest_sourced,2009,Confirmed in SnowDB catalog archive for model years 2008-2009 (archive covers 2008-2012 only; run may extend outside that window).,unknown,,,likely,Twinza Fish / Twinza Platinum.,https://www.snowdb.com/catalog/santa-cruz
santa-cruz--iouri-podladtchikov-pro,santa-cruz,Santa Cruz,Iouri Podladtchikov Pro,2009,earliest_sourced,2009,Confirmed in SnowDB catalog archive for model years 2009-2009 (archive covers 2008-2012 only; run may extend outside that window).,freestyle,Iouri Podladtchikov,,likely,,https://www.snowdb.com/catalog/santa-cruz
santa-cruz--platinum-tt,santa-cruz,Santa Cruz,Platinum TT,2009,earliest_sourced,2009,Confirmed in SnowDB catalog archive for model years 2009-2009 (archive covers 2008-2012 only; run may extend outside that window).,unknown,,,likely,,https://www.snowdb.com/catalog/santa-cruz
santa-cruz--deathgod,santa-cruz,Santa Cruz,Deathgod,2011,earliest_sourced,2011,Confirmed in SnowDB catalog archive for model years 2011-2011 (archive covers 2008-2012 only; run may extend outside that window).,unknown,,,likely,,https://www.snowdb.com/catalog/santa-cruz
santa-cruz--face,santa-cruz,Santa Cruz,Face,2011,earliest_sourced,2012,Confirmed in SnowDB catalog archive for model years 2011-2012 (archive covers 2008-2012 only; run may extend outside that window).,unknown,,,likely,,https://www.snowdb.com/catalog/santa-cruz
santa-cruz--galaxy,santa-cruz,Santa Cruz,Galaxy,2011,earliest_sourced,2011,Confirmed in SnowDB catalog archive for model years 2011-2011 (archive covers 2008-2012 only; run may extend outside that window).,unknown,,,likely,,https://www.snowdb.com/catalog/santa-cruz
santa-cruz--powerlyte,santa-cruz,Santa Cruz,PowerLyte,2011,earliest_sourced,2012,Confirmed in SnowDB catalog archive for model years 2011-2012 (archive covers 2008-2012 only; run may extend outside that window).,unknown,,,likely,,https://www.snowdb.com/catalog/santa-cruz
santa-cruz--screaming-hand,santa-cruz,Santa Cruz,Screaming Hand,2011,earliest_sourced,2012,Confirmed in SnowDB catalog archive for model years 2011-2012 (archive covers 2008-2012 only; run may extend outside that window).,unknown,,,likely,Screaming Hand graphic; WC Competition variant.,https://www.snowdb.com/catalog/santa-cruz
santa-cruz--slasher,santa-cruz,Santa Cruz,Slasher,2011,earliest_sourced,2011,Confirmed in SnowDB catalog archive for model years 2011-2011 (archive covers 2008-2012 only; run may extend outside that window).,unknown,,,likely,Slasher / Slasher Rocker / Slasher Junior.,https://www.snowdb.com/catalog/santa-cruz
santa-cruz--snowpark,santa-cruz,Santa Cruz,Snowpark,2011,earliest_sourced,2011,Confirmed in SnowDB catalog archive for model years 2011-2011 (archive covers 2008-2012 only; run may extend outside that window).,freestyle,,,likely,,https://www.snowdb.com/catalog/santa-cruz
santa-cruz--veins,santa-cruz,Santa Cruz,Veins,2011,earliest_sourced,2011,Confirmed in SnowDB catalog archive for model years 2011-2011 (archive covers 2008-2012 only; run may extend outside that window).,unknown,,,likely,,https://www.snowdb.com/catalog/santa-cruz
santa-cruz--flaming-dot,santa-cruz,Santa Cruz,Flaming Dot,2012,earliest_sourced,2012,Confirmed in SnowDB catalog archive for model years 2012-2012 (archive covers 2008-2012 only; run may extend outside that window).,unknown,,,likely,Skateboard-graphic series.,https://www.snowdb.com/catalog/santa-cruz
santa-cruz--floater,santa-cruz,Santa Cruz,Floater,2012,earliest_sourced,2012,Confirmed in SnowDB catalog archive for model years 2012-2012 (archive covers 2008-2012 only; run may extend outside that window).,unknown,,,likely,,https://www.snowdb.com/catalog/santa-cruz
santa-cruz--frankenfont,santa-cruz,Santa Cruz,Frankenfont,2012,earliest_sourced,2012,Confirmed in SnowDB catalog archive for model years 2012-2012 (archive covers 2008-2012 only; run may extend outside that window).,freestyle,,,likely,,https://www.snowdb.com/catalog/santa-cruz
santa-cruz--gremlin,santa-cruz,Santa Cruz,Gremlin,2012,earliest_sourced,2012,Confirmed in SnowDB catalog archive for model years 2012-2012 (archive covers 2008-2012 only; run may extend outside that window).,freestyle,,,likely,,https://www.snowdb.com/catalog/santa-cruz
santa-cruz--morph-pro,santa-cruz,Santa Cruz,Morph Pro,2012,earliest_sourced,2012,Confirmed in SnowDB catalog archive for model years 2012-2012 (archive covers 2008-2012 only; run may extend outside that window).,unknown,,,likely,,https://www.snowdb.com/catalog/santa-cruz
santa-cruz--psycho-xx,santa-cruz,Santa Cruz,Psycho XX,2012,earliest_sourced,2012,Confirmed in SnowDB catalog archive for model years 2012-2012 (archive covers 2008-2012 only; run may extend outside that window).,unknown,,,likely,Skateboard-graphic series.,https://www.snowdb.com/catalog/santa-cruz
santa-cruz--rob-one,santa-cruz,Santa Cruz,Rob One,2012,earliest_sourced,2012,Confirmed in SnowDB catalog archive for model years 2012-2012 (archive covers 2008-2012 only; run may extend outside that window).,unknown,Rob Roskopp,,likely,,https://www.snowdb.com/catalog/santa-cruz
santa-cruz--scratch-knot,santa-cruz,Santa Cruz,Scratch Knot,2012,earliest_sourced,2012,Confirmed in SnowDB catalog archive for model years 2012-2012 (archive covers 2008-2012 only; run may extend outside that window).,unknown,,,likely,,https://www.snowdb.com/catalog/santa-cruz
santa-cruz--spider,santa-cruz,Santa Cruz,Spider,2012,earliest_sourced,2012,Confirmed in SnowDB catalog archive for model years 2012-2012 (archive covers 2008-2012 only; run may extend outside that window).,unknown,,,likely,Skateboard-graphic series.,https://www.snowdb.com/catalog/santa-cruz
santa-cruz--tetra,santa-cruz,Santa Cruz,Tetra,2012,earliest_sourced,2012,Confirmed in SnowDB catalog archive for model years 2012-2012 (archive covers 2008-2012 only; run may extend outside that window).,unknown,,,likely,,https://www.snowdb.com/catalog/santa-cruz
santa-cruz--webdot,santa-cruz,Santa Cruz,Webdot,2012,earliest_sourced,2012,Confirmed in SnowDB catalog archive for model years 2012-2012 (archive covers 2008-2012 only; run may extend outside that window).,unknown,,,likely,,https://www.snowdb.com/catalog/santa-cruz
season-eqpt--aero,season-eqpt,Season Eqpt,Aero,2021,introduced,2024,,all-mountain,,,likely,,https://thegoodride.com/snowboard-reviews/season-aero-2021-2024-snowboard-review/
season-eqpt--forma,season-eqpt,Season Eqpt,Forma,2021,earliest_sourced,,,freeride,,,verified,In current lineup.,https://thegoodride.com/snowboard-reviews/season-forma-2021-2024-snowboard-review/ | https://www.seasoneqpt.com/collections/snowboards
season-eqpt--nexus,season-eqpt,Season Eqpt,Nexus,2021,earliest_sourced,,,all-mountain,,,verified,In current lineup.,https://thegoodride.com/snowboard-reviews/season-nexus-2021-2024-snowboard-review/ | https://www.seasoneqpt.com/collections/snowboards
season-eqpt--pass,season-eqpt,Season Eqpt,Pass,2023,introduced,,,splitboard,,,verified,,https://www.newschoolers.com/news/read/In-Depth-Review-2023-Season-Eqpt-Pass-Roofbox | https://www.seasoneqpt.com/collections/snowboards
season-eqpt--kin,season-eqpt,Season Eqpt,Kin,,unknown,,In current lineup; first year not sourced,all-mountain,,,likely,,https://www.seasoneqpt.com/collections/snowboards
sg-snowboards--b-l-a-c-k,sg-snowboards,SG Snowboards,B.L.A.C.K,2026,introduced,,2025/26 catalog; Titan variant,alpine,,,likely,Badass Laydown Aggressive Carving King.,https://www.sgsnowboards.com/sgsnowboards/
sg-snowboards--force,sg-snowboards,SG Snowboards,Force,2026,introduced,,2025/26 catalog; Force PV variant,alpine,,,likely,,https://www.sgsnowboards.com/sgsnowboards/
sg-snowboards--free-solo,sg-snowboards,SG Snowboards,Free Solo,2026,introduced,,2025/26 catalog,freeride,,,likely,,https://www.sgsnowboards.com/sgsnowboards/
sg-snowboards--full-carve,sg-snowboards,SG Snowboards,Full Carve,2026,introduced,,2025/26 catalog,alpine,,,likely,Freecarve.,https://www.sgsnowboards.com/sgsnowboards/
sg-snowboards--full-race,sg-snowboards,SG Snowboards,Full Race,2026,introduced,,"2025/26 catalog (Full Race Pro Team, Full Race Titan)",alpine,,,likely,,https://www.sgsnowboards.com/sgsnowboards/
sg-snowboards--fullspeed,sg-snowboards,SG Snowboards,Fullspeed,2026,introduced,,2025/26 catalog,alpine,,,likely,,https://www.sgsnowboards.com/sgsnowboards/
sg-snowboards--shred,sg-snowboards,SG Snowboards,Shred,2026,introduced,,2025/26 catalog,freeride,,,likely,,https://www.sgsnowboards.com/sgsnowboards/
sg-snowboards--soul,sg-snowboards,SG Snowboards,Soul,2026,introduced,,2025/26 catalog; Soul Titan and Soul Surf Split variants,freeride,,,likely,,https://www.sgsnowboards.com/sgsnowboards/
sg-snowboards--the-cult,sg-snowboards,SG Snowboards,The Cult,2026,introduced,,2025/26 catalog,freeride,,,likely,,https://www.sgsnowboards.com/sgsnowboards/
signal--calliope,signal,Signal,Calliope,2009,earliest_sourced,2009,Confirmed in SnowDB catalog archive for model years 2009-2009 (archive covers 2008-2012 only; run may extend outside that window).,unknown,,,likely,,https://www.snowdb.com/catalog/signal
signal--hammer,signal,Signal,Hammer,2009,earliest_sourced,2012,Confirmed in SnowDB catalog archive for model years 2009-2012 (archive covers 2008-2012 only; run may extend outside that window).,unknown,,,likely,"Hammer Series (2009), later Original Hammer / Hammer OG.",https://www.snowdb.com/catalog/signal
signal--og,signal,Signal,OG,2009,earliest_sourced,2012,Confirmed in SnowDB catalog archive for model years 2009-2012 (archive covers 2008-2012 only; run may extend outside that window).,all-mountain,,,likely,"Listed as OG Series / Original / OG; Hammer OG, Duff OG, Jake OG variants.",https://www.snowdb.com/catalog/signal
signal--park,signal,Signal,Park,2009,earliest_sourced,2012,Confirmed in SnowDB catalog archive for model years 2009-2012 (archive covers 2008-2012 only; run may extend outside that window).,freestyle,,,likely,Park Series / Park Rocker / Flat Park; Yusaku Park (Yusaku Horii) 2012.,https://www.snowdb.com/catalog/signal
signal--rocker,signal,Signal,Rocker,2010,earliest_sourced,2012,Confirmed in SnowDB catalog archive for model years 2010-2012 (archive covers 2008-2012 only; run may extend outside that window).,freestyle,,,likely,Rocker / Rocker Light.,https://www.snowdb.com/catalog/signal
signal--omni-wavelength,signal,Signal,Omni Wavelength,2011,earliest_sourced,2012,Confirmed in SnowDB catalog archive for model years 2011-2012 (archive covers 2008-2012 only; run may extend outside that window).,unknown,,,likely,Dave Omni variant (Dave Lee).,https://www.snowdb.com/catalog/signal
signal--vita,signal,Signal,Vita,2011,earliest_sourced,2012,Confirmed in SnowDB catalog archive for model years 2011-2012 (archive covers 2008-2012 only; run may extend outside that window).,unknown,,,likely,Women's; Vita Park / Vita Rocker.,https://www.snowdb.com/catalog/signal
sims--1500-fe,sims,Sims,1500 FE,1985,introduced,1986,,freeride,,,verified,First Sims board with metal edges (1985 per Snowboarder timeline). Retro Snow dates its example 1986.,https://www.snowboarder.com/news/snowboard-history-timeline-part-21980s | https://retrosnow.com/shop/sims/sims-86/sims-1500-fe/
sims--terry-kidwell,sims,Sims,Terry Kidwell,1985,introduced,1991,,freestyle,Terry Kidwell,,verified,"First freestyle pro model (1985). Kidwell Freestyle 1650 with rock-maple core and tail kick (1988), 1635 Kidwell (1989-90), Kidwell 635 (1991).",https://www.snowboarder.com/news/snowboard-history-timeline-part-21980s | https://archive.org/details/ISM-87-91 | https://archive.org/details/tws-89-93 | https://retrosnow.com/shop/sims/sims-87/sims-terry-kidwell-pro-model/ | https://retrosnow.com/shop/sims/sims-89/sims-terry-kidwell-1635/
sims--blade,sims,Sims,Blade,1986,introduced,1991,Model-number variants folded into one row.,alpine,,,verified,"Race/all-mountain board sold by number: 1710 Blade (1987-88), 1810/2010 sizes (1988), 1711 and 'Racing Edge' 1712/1810/2010 (1989), 1610 Blade (1990), 510 Blade ATV and 667 Alpine Blade (1991). Square tail with kick, lam-ply construction.",https://archive.org/details/ISM-87-91 | https://archive.org/details/tws-89-93 | https://retrosnow.com/shop/sims/sims-86/sims-1710-blade/ | https://www.michigansnowboardmuseum.com/the-neon-era--other-80s-decks.html
sims--ultimate-1700,sims,Sims,Ultimate 1700,1987,introduced,1988,,swallowtail,,,verified,Swallowtail powder board; ISM 1988 lists it at $379 with Sims Ultimate bindings.,https://archive.org/details/ISM-87-91 | https://retrosnow.com/shop/sims/sims-87/sims-ultimate-1700-swallow-tail/
sims--pocketknife,sims,Sims,Pocketknife,1988,introduced,1988,,kids,,,verified,Pocketknife 1440 for riders under 110 lbs (ISM 1988).,https://archive.org/details/ISM-87-91 | https://www.michigansnowboardmuseum.com/the-neon-era--other-80s-decks.html
sims--switchblade,sims,Sims,Switchblade,1988,introduced,1989,,all-mountain,,,verified,"Switchblade 1630 (1988), 1631 (1989); lightweight bumps/powder board.",https://archive.org/details/ISM-87-91 | https://www.michigansnowboardmuseum.com/the-neon-era--other-80s-decks.html
sims--half-pipe,sims,Sims,Half Pipe,1989,introduced,1991,,freestyle,,,verified,"1/2 Pipe 1625 (1989-90), 550 Halfpipe (1991).",https://archive.org/details/ISM-87-91 | https://archive.org/details/tws-89-93 | https://www.michigansnowboardmuseum.com/the-neon-era--other-80s-decks.html
sims--freestyle,sims,Sims,Freestyle,1990,introduced,1994,Continuity between 1990 and 1994 assumed from repeated TWS/ISM listings.,freestyle,,,verified,"1325 Freestyle (1990), 161 Freestyle (1992), Sims Freestyle listed in rider set-ups (1994).",https://archive.org/details/ISM-87-91 | https://archive.org/details/tws-89-93
sims--atv,sims,Sims,ATV,1991,introduced,1993,,all-mountain,,,verified,"510 Blade ATV (1991), ATV 161 (Retro Snow 1991), 155 ATV (1993).",https://archive.org/details/ISM-87-91 | https://archive.org/details/tws-89-93 | https://retrosnow.com/shop/sims/91-sims/sims-atv-161/
sims--ace,sims,Sims,Ace,1992,introduced,1994,TWS buyer's guide issue dated Oct of the prior calendar year (Oct 1989 issue = model year 1990).,freeride,,,likely,160 Freeriding Ace (Oct 1991 guide); cited in 1994 as an asym-shift/asym-sidecut board.,https://archive.org/details/tws-89-93
sims--fakie,sims,Sims,Fakie,1993,introduced,1993,TWS buyer's guide issue dated Oct of the prior calendar year (Oct 1989 issue = model year 1990).,freestyle,,,likely,Fakie 158 in the Oct 1992 guide.,https://archive.org/details/tws-89-93
sims--gs,sims,Sims,GS,1993,introduced,1993,TWS buyer's guide issue dated Oct of the prior calendar year (Oct 1989 issue = model year 1990).,alpine,,,likely,162.5 GS in the Oct 1992 guide.,https://archive.org/details/tws-89-93
sims--noah-salasnek-nub,sims,Sims,Noah Salasnek Nub,1993,introduced,1994,,freestyle,Noah Salasnek,,verified,"Skateboard-graphic pro model (Noah's Ark 1993, Noah Skate 1994); TWS 1994 calls it 'Sims' Salasnek Nub'. Reissued as 'Noah Nub 93'.",https://archive.org/details/tws-89-93 | https://retrosnow.com/shop/sims/sims-93/sims-noahs-ark/ | https://retrosnow.com/shop/sims/sims-94/sims-noah-skate/ | https://socalsurfshop.com/sims-noah-nub-93-noah-salasnek-limited-snowboard-orange.html
sims--shannon-dunn,sims,Sims,Shannon Dunn,1993,introduced,1993,Retro Snow collector catalog dates the board by two-digit year category; treated as model year.,freestyle,Shannon Dunn,,likely,,https://retrosnow.com/shop/sims/sims-93/sims-shannon-dunn/
sims--shaun-palmer,sims,Sims,Shaun Palmer,1993,introduced,1994,,freestyle,Shaun Palmer,,verified,"Shaun Palmer 160.5 and Mini Shaun Palmer 151 (1993), Mini Palmer (1994). Graphics include the Pimp and Baby Clown 151.",https://archive.org/details/tws-89-93 | https://retrosnow.com/shop/sims/sims-93/sims-shaun-palmer/ | https://retrosnow.com/shop/sims/sims-93/sims-shawn-palmer-pimp/ | https://retrosnow.com/shop/sims/sims-93/sims-palmer-baby-clown/
sims--tina-basich-seahorse,sims,Sims,Tina Basich Seahorse,1997,introduced,1997,,freestyle,Tina Basich,,likely,"Women's pro model, $469 (1997 preview).",https://snowboarder.com/featured/1997-preview-of-womens-snowboard-equipment
sims--av,sims,Sims,AV,1998,introduced,1999,Page text 1998 and 1998/99; described as 'AV's new model' on the Feb 1998 page (new for MY1998),freestyle,Aaron Vincent,,verified,152; versatile twin-tip.,https://web.archive.org/web/19980206013213/http://www.simsnow.com/boards.htm | https://web.archive.org/web/19991007121719/http://simsnow.com/9899/boards.htm
sims--noah,sims,Sims,Noah,1998,introduced,1999,Page text 1998 and 1998/99,freestyle,Noah Salasnek,,verified,"Two sizes: 149 (park) and 154 (bigger terrain); twin-tip, Light-Beam poplar core.",https://web.archive.org/web/19980206013213/http://www.simsnow.com/boards.htm | https://web.archive.org/web/19991007121719/http://simsnow.com/9899/boards.htm
sims--project-hex,sims,Sims,Project Hex,1998,introduced,1999,Page text 1998 and 1998/99 season pages | 1998/99 boards home page,all-mountain,,Project,verified,146-158; Aero-Beam aluminum-honeycomb core; 'ultimate big mountain freestyle board'. | Thermoplastic-core version of the Project Hex ('Can't afford the Hex?'); 162 shown.,https://web.archive.org/web/19980206013213/http://www.simsnow.com/boards.htm | https://web.archive.org/web/19991007121719/http://simsnow.com/9899/boards.htm | https://web.archive.org/web/19990417050322/http://simsnow.com/9899/boards9899home.htm
sims--tina,sims,Sims,Tina,1998,introduced,1999,Page text 1998 and 1998/99; 'her new board' on the Feb 1998 page (new for MY1998),freestyle,Tina Basich,,verified,"143; narrow and light, Light-Beam construction. Women's board.",https://web.archive.org/web/19980206013213/http://www.simsnow.com/boards.htm | https://web.archive.org/web/19991007121719/http://simsnow.com/9899/boards.htm
sims--t-sims,sims,Sims,T. Sims,1998,introduced,2006,Page text 1998 (boards.htm) and 1998/99 (9899/boards.htm); path /products/boards/tsims also seen Oct 2005 (MY2006),freeride,Tom Sims,,verified,"159/169; Light-Beam construction; 'big and wide', designed by Tom Sims for the whole mountain.",https://web.archive.org/web/19980206013213/http://www.simsnow.com/boards.htm | https://web.archive.org/web/19991007121719/http://simsnow.com/9899/boards.htm | https://web.archive.org/web/200510/http://www.simsnow.com/products/boards/tsims
sims--clark,sims,Sims,Clark,1999,introduced,1999,1998/99 boards home page (board list header 'Clark'; description truncated),unknown,,,verified,"Listed next to 'Star'; possibly a rider-name model, not confirmed.",https://web.archive.org/web/19990417050322/http://simsnow.com/9899/boards9899home.htm
sims--enduro,sims,Sims,Enduro,1999,introduced,2000,1998/99 boards home page,freeride,,,verified,Mentioned as a wide model in the 2000 lineup. | 155 shown; 'rides switch like a twin with the stability of a directional'.,https://snowboarder.com/transworld-snowboarding-archive/snowboarding-photos/board-test-wide-rides | https://web.archive.org/web/19990417050322/http://simsnow.com/9899/boards9899home.htm
sims--max,sims,Sims,Max,1999,introduced,2000,1998/99 boards home page,freeride,,,verified,"Wide board, Max 162 at $375 (2000 lineup). | 157 shown; wide version of the Enduro, 26.5 cm waist.",https://snowboarder.com/transworld-snowboarding-archive/snowboarding-photos/board-test-wide-rides | https://web.archive.org/web/19990417050322/http://simsnow.com/9899/boards9899home.htm
sims--tina-basich-star,sims,Sims,Tina Basich Star,1999,introduced,2000,1998/99 boards home page lists 'Star' with Tina 151 deck; rider quote 'my all new 151 freeriding board' (new for MY1999),freestyle,Tina Basich,,verified,"Star 143/151 (1999), Star/Tina Basich (2000). | 151; moderately directional freeride shape for advanced female/lightweight riders.",https://www.snowboarder.com/news/how-the-1999-womens-boards-stack-up-a-review | https://www.snowboarder.com/news/board-test-board-specs | https://web.archive.org/web/19990417050322/http://simsnow.com/9899/boards9899home.htm
sims--daytona,sims,Sims,Daytona,2000,introduced,2000,,all-mountain,,,likely,"Snowboard Life Top 25, 1999/2000.",https://www.snowboarder.com/news/snowboard-lifes-top-25-board-test-2000 | https://www.snowboarder.com/news/board-test-board-specs
sims--descender,sims,Sims,Descender,2000,introduced,2000,,freeride,,,likely,"Snowboard Life Top 25, 1999/2000.",https://www.snowboarder.com/news/snowboard-lifes-top-25-board-test-2000 | https://www.snowboarder.com/news/board-test-board-specs
sims--infinity,sims,Sims,Infinity,2000,earliest_sourced,2000,Seen on brand site (Wayback) 200006 as /products/boards/infinity; may predate first snapshot,unknown,,,likely,,https://web.archive.org/web/200006/http://www.simsnow.com/products/boards/infinity
sims--spinner,sims,Sims,Spinner,2000,introduced,2000,,kids,,,likely,"Kids board, 2000 board test specs.",https://www.snowboarder.com/news/board-test-board-specs
sims--burner,sims,Sims,Burner,2006,earliest_sourced,2006,Seen on brand site (Wayback) 200510 as /products/boards/burner; may predate first snapshot,unknown,,,likely,,https://web.archive.org/web/200510/http://www.simsnow.com/products/boards/burner
slash--atv,slash,Slash,ATV,2013,introduced,,In 24/25 line (Blank edition),all-mountain,Gigi Rüf,,verified,Slash's original all-terrain model.,https://thegoodride.com/snowboard-reviews/slash-atv-2013-2019-snowboard-review/ | https://www.boardsportsource.com/slash-by-gigi-snowboards-preview-24-25/
slash--straight,slash,Slash,Straight,2013,introduced,2019,Narwhal Straight,powder,,Narwhal,likely,Double-swallowtail 'Narwhal' shape.,https://thegoodride.com/snowboard-reviews/slash-straight-narwal-2013-2019-snowboard-review/
slash--happy-place,slash,Slash,Happy Place,2014,introduced,,,freestyle,,,verified,Best-selling freestyle board; Camber Edition and Blank editions 24/25.,https://thegoodride.com/snowboard-reviews/slash-happy-place-2014-2019-snowboard-review/ | https://www.boardsportsource.com/slash-by-gigi-snowboards-preview-24-25/
slash--brainstorm,slash,Slash,Brainstorm,2015,introduced,2019,,freeride,,,likely,,https://thegoodride.com/snowboard-reviews/slash-brain-storm-2015-2019-snowboard-review/
slash--floater,slash,Slash,Floater,2016,introduced,,Returned in 24/25 after 3-year hiatus,freeride,,Narwhal,verified,,https://thegoodride.com/snowboard-reviews/slash-floater-narwal-2016-2019-snowboard-review/ | https://www.boardsportsource.com/slash-by-gigi-snowboards-preview-24-25/
slash--spectrum,slash,Slash,Spectrum,2025,earliest_sourced,,Earliest sourced (24/25 carry-over),all-mountain,,,likely,Value model.,https://www.boardsportsource.com/slash-by-gigi-snowboards-preview-24-25/
slash--vertical,slash,Slash,Vertical,2025,earliest_sourced,,Earliest sourced (24/25 carry-over),powder,,,likely,Fully cambered powder board.,https://www.boardsportsource.com/slash-by-gigi-snowboards-preview-24-25/
slash--aurora,slash,Slash,Aurora,,unknown,,Reviewed by Good Ride; years not captured,all-mountain,,,likely,Women's.,https://thegoodride.com/snowboard-reviews/slash-aurora-review-and-buying-advice/
stepchild--corporate,stepchild,Stepchild,Corporate,2006,earliest_sourced,2009,Seen on brand site (Wayback) 200607-200812; may predate first snapshot,unknown,,,likely,"Site slug 'boards-corporate'. Slug boards-corporate 200607-200809, corporate 200808-200812.",https://web.archive.org/web/200607/http://www.stepchildsnowboards.com/ | https://web.archive.org/web/200812/http://www.stepchildsnowboards.com/
stepchild--hammer,stepchild,Stepchild,Hammer,2006,earliest_sourced,2009,Seen on brand site (Wayback) 200607-200809; may predate first snapshot,unknown,,,likely,Site slug 'boards-hammer'.,https://web.archive.org/web/200607/http://www.stepchildsnowboards.com/ | https://web.archive.org/web/200809/http://www.stepchildsnowboards.com/
stepchild--ranquet,stepchild,Stepchild,Ranquet,2006,earliest_sourced,2009,Seen on brand site (Wayback) 200607-200809; may predate first snapshot,unknown,,,likely,Site slug 'boards-ranquet'. Rider-surname pro model; rider's full name not confirmed from the page.,https://web.archive.org/web/200607/http://www.stepchildsnowboards.com/ | https://web.archive.org/web/200809/http://www.stepchildsnowboards.com/
stepchild--sick,stepchild,Stepchild,Sick,2006,earliest_sourced,2009,Seen on brand site (Wayback) 200607-200809; may predate first snapshot,unknown,,,likely,Site slug 'boards-sick'.,https://web.archive.org/web/200607/http://www.stepchildsnowboards.com/ | https://web.archive.org/web/200809/http://www.stepchildsnowboards.com/
stepchild--simon-chamberlain,stepchild,Stepchild,Simon Chamberlain,2006,earliest_sourced,2009,Seen on brand site (Wayback) 200607-200812; may predate first snapshot,unknown,Simon Chamberlain,,likely,"Site slug 'boards-simon'. Slug boards-simon 200607-200809, simon 200808-200812.",https://web.archive.org/web/200607/http://www.stepchildsnowboards.com/ | https://web.archive.org/web/200812/http://www.stepchildsnowboards.com/
stepchild--chick,stepchild,Stepchild,Chick,2008,earliest_sourced,2009,Seen on brand site (Wayback) 200710-200809; may predate first snapshot,unknown,,,likely,Site slug 'boards-chick'. Likely the women's board.,https://web.archive.org/web/200710/http://www.stepchildsnowboards.com/ | https://web.archive.org/web/200809/http://www.stepchildsnowboards.com/
stepchild--kidwell,stepchild,Stepchild,Kidwell,2008,earliest_sourced,2009,Seen on brand site (Wayback) 200710-200809; may predate first snapshot,unknown,,,likely,Site slug 'boards-kidwell'. Rider-surname slug; rider not confirmed.,https://web.archive.org/web/200710/http://www.stepchildsnowboards.com/ | https://web.archive.org/web/200809/http://www.stepchildsnowboards.com/
stepchild--kool,stepchild,Stepchild,Kool,2008,earliest_sourced,2009,Seen on brand site (Wayback) 200710-200809; may predate first snapshot,unknown,,,likely,Site slug 'boards-kool'.,https://web.archive.org/web/200710/http://www.stepchildsnowboards.com/ | https://web.archive.org/web/200809/http://www.stepchildsnowboards.com/
stepchild--hammerhead,stepchild,Stepchild,Hammerhead,2009,earliest_sourced,2009,Seen on brand site (Wayback) 200808-200812; may predate first snapshot,unknown,,,likely,Site slug 'hammerhead'. Possibly the renamed Hammer.,https://web.archive.org/web/200808/http://www.stepchildsnowboards.com/ | https://web.archive.org/web/200812/http://www.stepchildsnowboards.com/
stepchild--jibstick,stepchild,Stepchild,Jibstick,2009,earliest_sourced,2009,Seen on brand site (Wayback) 200808-200812; may predate first snapshot,freestyle,,,likely,Site slug 'jibstick'.,https://web.archive.org/web/200808/http://www.stepchildsnowboards.com/ | https://web.archive.org/web/200812/http://www.stepchildsnowboards.com/
stepchild--jp-walker,stepchild,Stepchild,JP Walker,2009,earliest_sourced,2009,Seen on brand site (Wayback) 200808-200812; may predate first snapshot,unknown,JP Walker,,likely,Site slug 'jpwalker'.,https://web.archive.org/web/200808/http://www.stepchildsnowboards.com/ | https://web.archive.org/web/200812/http://www.stepchildsnowboards.com/
stepchild--latchkey,stepchild,Stepchild,Latchkey,2009,earliest_sourced,2009,Seen on brand site (Wayback) 200808-200812; may predate first snapshot,unknown,,,likely,Site slug 'latchkey'.,https://web.archive.org/web/200808/http://www.stepchildsnowboards.com/ | https://web.archive.org/web/200812/http://www.stepchildsnowboards.com/
stepchild--og-powder,stepchild,Stepchild,OG Powder,2009,earliest_sourced,2009,Seen on brand site (Wayback) 200808-200812; may predate first snapshot,unknown,,,likely,Site slug 'ogpowder'.,https://web.archive.org/web/200808/http://www.stepchildsnowboards.com/ | https://web.archive.org/web/200812/http://www.stepchildsnowboards.com/
stepchild--powder-sucks,stepchild,Stepchild,Powder Sucks,2009,earliest_sourced,2009,Seen on brand site (Wayback) 200808-200812; may predate first snapshot,unknown,,,likely,Site slug 'powdersucks'.,https://web.archive.org/web/200808/http://www.stepchildsnowboards.com/ | https://web.archive.org/web/200812/http://www.stepchildsnowboards.com/
stepchild--slim,stepchild,Stepchild,Slim,2009,earliest_sourced,2009,Seen on brand site (Wayback) 200808-200812; may predate first snapshot,unknown,,,likely,Site slug 'slim'.,https://web.archive.org/web/200808/http://www.stepchildsnowboards.com/ | https://web.archive.org/web/200812/http://www.stepchildsnowboards.com/
telos--backslash,telos,Telos,Backslash,2021,introduced,,,freeride,,,likely,,https://thegoodride.com/snowboard-reviews/telos-backslash-snowboard-review/
telos--dst,telos,Telos,DST,2021,introduced,,,all-mountain,,,verified,,https://thegoodride.com/snowboard-reviews/telos-dst-snowboard-review/ | https://thegoodride.com/snowboard-reviews/telos-dst-2021-2022-womens-snowboard-review-by-steph-w/
united-shapes--orbit,united-shapes,United Shapes,Orbit,2017,introduced,2018,,freeride,,,likely,Tapered directional; predecessor of Transmission.,https://thegoodride.com/snowboard-reviews/united-shapes-orbit-snowboard-review/
united-shapes--cadet,united-shapes,United Shapes,Cadet,2024,introduced,,,freeride,,,likely,,https://thegoodride.com/snowboard-reviews/united-shapes-cadet-snowboard-review/
united-shapes--horizon,united-shapes,United Shapes,Horizon,2024,introduced,,,freeride,,,verified,,https://thegoodride.com/snowboard-reviews/united-shapes-horizon-2025-snowboard-review/ | https://thegoodride.com/snowboard-reviews/united-shapes-horizon-snowboard-review/
united-shapes--transmission,united-shapes,United Shapes,Transmission,2025,introduced,,,all-mountain,,,likely,Short/wide carver replacing Orbit.,https://thegoodride.com/snowboard-reviews/united-shapes-transmission-snowboard-review/
unity--dominion,unity,Unity,Dominion,2007,earliest_sourced,2009,Seen on brand site (Wayback) 200609-200810; may predate first snapshot,unknown,,,likely,Site slug 'dominion'.,https://web.archive.org/web/200609/http://www.unitysnowboards.com/ | https://web.archive.org/web/200810/http://www.unitysnowboards.com/
unity--origin,unity,Unity,Origin,2007,earliest_sourced,2009,Seen on brand site (Wayback) 200609-200810; may predate first snapshot,unknown,,,likely,Site slug 'origin'.,https://web.archive.org/web/200609/http://www.unitysnowboards.com/ | https://web.archive.org/web/200810/http://www.unitysnowboards.com/
unity--pintail,unity,Unity,Pintail,2007,earliest_sourced,2009,Seen on brand site (Wayback) 200609-200810; may predate first snapshot,unknown,,,likely,Site slug 'pintail'. Also slug pin_tails 200809-200810 (folded).,https://web.archive.org/web/200609/http://www.unitysnowboards.com/ | https://web.archive.org/web/200810/http://www.unitysnowboards.com/
unity--pride,unity,Unity,Pride,2007,earliest_sourced,2009,Seen on brand site (Wayback) 200609-200810; may predate first snapshot,unknown,,,likely,Site slug 'pride'.,https://web.archive.org/web/200609/http://www.unitysnowboards.com/ | https://web.archive.org/web/200810/http://www.unitysnowboards.com/
unity--rise,unity,Unity,Rise,2007,earliest_sourced,2009,Seen on brand site (Wayback) 200609-200810; may predate first snapshot,unknown,,,likely,Site slug 'rise'.,https://web.archive.org/web/200609/http://www.unitysnowboards.com/ | https://web.archive.org/web/200810/http://www.unitysnowboards.com/
unity--virgo,unity,Unity,Virgo,2007,earliest_sourced,2009,Seen on brand site (Wayback) 200609-200810; may predate first snapshot,unknown,,,likely,Site slug 'virgo'.,https://web.archive.org/web/200609/http://www.unitysnowboards.com/ | https://web.archive.org/web/200810/http://www.unitysnowboards.com/
vision--freestyle,vision,Vision,Freestyle,1992,introduced,1992,Retro Snow collector catalog dates the board by two-digit year category; treated as model year.,freestyle,,,likely,Freestyle 156.,https://retrosnow.com/shop/vision/92-vision/vision-freestyle-156/
volkl--composite-fs,volkl,Völkl,Composite FS,1999,earliest_sourced,1999,Listed on brand site (Wayback) for MY1999,freestyle,,,verified,Snowboard index page titled '98/99' (MY1999).,https://web.archive.org/web/19991004151246/http://www.volkl.com/snowboard/99.sb.index.html
volkl--nomex-fr,volkl,Völkl,Nomex FR,1999,earliest_sourced,1999,Listed on brand site (Wayback) for MY1999,freeride,,,verified,Snowboard index page titled '98/99' (MY1999).,https://web.archive.org/web/19991004151246/http://www.volkl.com/snowboard/99.sb.index.html
volkl--powerframe,volkl,Völkl,Powerframe,1999,earliest_sourced,1999,Listed on brand site (Wayback) for MY1999,unknown,,,likely,"Snowboard index page titled '98/99' (MY1999). Path survey flagged the name as possibly a construction term, but the index lists it alongside the boards.",https://web.archive.org/web/19991004151246/http://www.volkl.com/snowboard/99.sb.index.html
volkl--renntiger,volkl,Völkl,Renntiger,1999,earliest_sourced,1999,Listed on brand site (Wayback) for MY1999,alpine,,,verified,"Snowboard index page titled '98/99' (MY1999). Alpine race board, sizes 158/163/168.",https://web.archive.org/web/19991004151246/http://www.volkl.com/snowboard/99.sb.index.html | https://web.archive.org/web/19991004132050/http://www.volkl.com/snowboard/99.renntiger.html
volkl--sensor-fr,volkl,Völkl,Sensor FR,1999,earliest_sourced,1999,Listed on brand site (Wayback) for MY1999,freeride,,,verified,"Snowboard index page titled '98/99' (MY1999). Freestyle/freeride cap board, sizes 142-158.",https://web.archive.org/web/19991004151246/http://www.volkl.com/snowboard/99.sb.index.html | https://web.archive.org/web/19991004171313/http://www.volkl.com/snowboard/99.sensor.html
volkl--booster,volkl,Völkl,Booster,2009,earliest_sourced,2009,Confirmed in SnowDB catalog archive for model years 2009-2009 (archive covers 2008-2012 only; run may extend outside that window).,unknown,,,likely,,https://www.snowdb.com/catalog/voelkl
volkl--coal,volkl,Völkl,Coal,2009,earliest_sourced,2012,Confirmed in SnowDB catalog archive for model years 2009-2012 (archive covers 2008-2012 only; run may extend outside that window).,unknown,,,likely,Coal / Coal XT / Coal BX Race.,https://www.snowdb.com/catalog/voelkl
volkl--dash,volkl,Völkl,Dash,2009,earliest_sourced,2012,Confirmed in SnowDB catalog archive for model years 2009-2012 (archive covers 2008-2012 only; run may extend outside that window).,unknown,,,likely,,https://www.snowdb.com/catalog/voelkl
volkl--destiny,volkl,Völkl,Destiny,2009,earliest_sourced,2009,Confirmed in SnowDB catalog archive for model years 2009-2009 (archive covers 2008-2012 only; run may extend outside that window).,unknown,,,likely,,https://www.snowdb.com/catalog/voelkl
volkl--dice,volkl,Völkl,Dice,2009,earliest_sourced,2012,Confirmed in SnowDB catalog archive for model years 2009-2012 (archive covers 2008-2012 only; run may extend outside that window).,unknown,,,likely,,https://www.snowdb.com/catalog/voelkl
volkl--flavor,volkl,Völkl,Flavor,2009,earliest_sourced,2012,Confirmed in SnowDB catalog archive for model years 2009-2012 (archive covers 2008-2012 only; run may extend outside that window).,unknown,,,likely,Women's.,https://www.snowdb.com/catalog/voelkl
volkl--impress,volkl,Völkl,Impress,2009,earliest_sourced,2012,Confirmed in SnowDB catalog archive for model years 2009-2012 (archive covers 2008-2012 only; run may extend outside that window).,unknown,,,likely,Women's; Impress SQD.,https://www.snowdb.com/catalog/voelkl
volkl--jibster,volkl,Völkl,Jibster,2009,earliest_sourced,2012,Confirmed in SnowDB catalog archive for model years 2009-2012 (archive covers 2008-2012 only; run may extend outside that window).,unknown,,,likely,Jibster SQD.,https://www.snowdb.com/catalog/voelkl
volkl--melody,volkl,Völkl,Melody,2009,earliest_sourced,2012,Confirmed in SnowDB catalog archive for model years 2009-2012 (archive covers 2008-2012 only; run may extend outside that window).,unknown,,,likely,Women's.,https://www.snowdb.com/catalog/voelkl
volkl--riot,volkl,Völkl,Riot,2009,earliest_sourced,2012,Confirmed in SnowDB catalog archive for model years 2009-2012 (archive covers 2008-2012 only; run may extend outside that window).,unknown,,,likely,Riot SQD.,https://www.snowdb.com/catalog/voelkl
volkl--selecta,volkl,Völkl,Selecta,2009,earliest_sourced,2012,Confirmed in SnowDB catalog archive for model years 2009-2012 (archive covers 2008-2012 only; run may extend outside that window).,unknown,,,likely,,https://www.snowdb.com/catalog/voelkl
volkl--shine,volkl,Völkl,Shine,2009,earliest_sourced,2009,Confirmed in SnowDB catalog archive for model years 2009-2009 (archive covers 2008-2012 only; run may extend outside that window).,unknown,,,likely,,https://www.snowdb.com/catalog/voelkl
volkl--spade,volkl,Völkl,Spade,2009,earliest_sourced,2012,Confirmed in SnowDB catalog archive for model years 2009-2012 (archive covers 2008-2012 only; run may extend outside that window).,unknown,,,likely,,https://www.snowdb.com/catalog/voelkl
volkl--spark,volkl,Völkl,Spark,2009,earliest_sourced,2009,Confirmed in SnowDB catalog archive for model years 2009-2009 (archive covers 2008-2012 only; run may extend outside that window).,unknown,,,likely,,https://www.snowdb.com/catalog/voelkl
volkl--squad,volkl,Völkl,Squad,2009,earliest_sourced,2012,Confirmed in SnowDB catalog archive for model years 2009-2012 (archive covers 2008-2012 only; run may extend outside that window).,unknown,,,likely,Squad / Squad Prime / Squad Rocker / Squad Jr.,https://www.snowdb.com/catalog/voelkl
volkl--stroke,volkl,Völkl,Stroke,2009,earliest_sourced,2009,Confirmed in SnowDB catalog archive for model years 2009-2009 (archive covers 2008-2012 only; run may extend outside that window).,unknown,,,likely,,https://www.snowdb.com/catalog/voelkl
volkl--vice,volkl,Völkl,Vice,2009,earliest_sourced,2012,Confirmed in SnowDB catalog archive for model years 2009-2012 (archive covers 2008-2012 only; run may extend outside that window).,unknown,,,likely,Vice SQD.,https://www.snowdb.com/catalog/voelkl
volkl--zenit,volkl,Völkl,Zenit,2009,earliest_sourced,2009,Confirmed in SnowDB catalog archive for model years 2009-2009 (archive covers 2008-2012 only; run may extend outside that window).,unknown,,,likely,,https://www.snowdb.com/catalog/voelkl
volkl--cashew,volkl,Völkl,Cashew,2011,earliest_sourced,2012,Confirmed in SnowDB catalog archive for model years 2011-2012 (archive covers 2008-2012 only; run may extend outside that window).,unknown,,,likely,Cashew and Cashew Split.,https://www.snowdb.com/catalog/voelkl
volkl--future,volkl,Völkl,Future,2011,earliest_sourced,2012,Confirmed in SnowDB catalog archive for model years 2011-2012 (archive covers 2008-2012 only; run may extend outside that window).,unknown,,,likely,,https://www.snowdb.com/catalog/voelkl
volkl--rt,volkl,Völkl,RT,2011,earliest_sourced,2011,Confirmed in SnowDB catalog archive for model years 2011-2011 (archive covers 2008-2012 only; run may extend outside that window).,alpine,,,likely,RT SL / RT GS race boards.,https://www.snowdb.com/catalog/voelkl
volkl--soulsurfer,volkl,Völkl,Soulsurfer,2011,earliest_sourced,2012,Confirmed in SnowDB catalog archive for model years 2011-2012 (archive covers 2008-2012 only; run may extend outside that window).,unknown,,,likely,Listed as Soul Surfer / Soulsufer.,https://www.snowdb.com/catalog/voelkl
volkl--yavana,volkl,Völkl,Yavana,2011,earliest_sourced,2012,Confirmed in SnowDB catalog archive for model years 2011-2012 (archive covers 2008-2012 only; run may extend outside that window).,unknown,,,likely,,https://www.snowdb.com/catalog/voelkl
weston--backwoods,weston,Weston,Backwoods,2020,introduced,,,freeride,,,likely,Tapered directional; unchanged 2020-2025.,https://thegoodride.com/snowboard-reviews/weston-backwoods-snowboard-review/
weston--logger,weston,Weston,Logger,2020,introduced,2023,,all-mountain,,,likely,,https://thegoodride.com/snowboard-reviews/weston-logger-2020-2023-snowboard-review/
weston--range,weston,Weston,Range,2020,introduced,,Single year sourced,splitboard,,,likely,,https://thegoodride.com/snowboard-reviews/weston-range-2020-snowboard-review/
weston--hatchet,weston,Weston,Hatchet,2021,introduced,,,powder,,,verified,,https://thegoodride.com/snowboard-reviews/weston-hatchet-snowboard-review/ | https://thegoodride.com/snowboard-reviews/?brand=jones
weston--japow,weston,Weston,Japow,2021,introduced,,,powder,,,likely,,https://thegoodride.com/snowboard-reviews/weston-japow-snowboard-review/
weston--dream-machine,weston,Weston,Dream Machine,2025,introduced,,,freeride,,,likely,,https://thegoodride.com/snowboard-reviews/?brand=jones
weston--gnarnia,weston,Weston,Gnarnia,2025,introduced,,,freeride,,,verified,,https://thegoodride.com/snowboard-reviews/?brand=jones | https://thegoodride.com/snowboard-reviews/weston-gnarnia-snowboard-review/
winterstick--swallowtail,winterstick,Winterstick,Swallowtail,1981,earliest_sourced,,Model predates 1981 (brand founded 1972) but 1981 is the earliest year in the sources consulted.,swallowtail,,,verified,"The signature deep-swallowtail powder board; 'Swallowtail Plus' (ISM 1987) and original Swallowtail (ISM 1988, $329). Still made by the revived company.",https://tahoequarterly.com/ski-ride-2019/the-shape-of-snowboarding | https://archive.org/details/ISM-87-91 | https://www.winterstick.com/products/swallowtail-snowboard | https://winterstick.com/history-of-winterstick
winterstick--freestyle,winterstick,Winterstick,Freestyle,1988,introduced,1988,ISM buyer's guide (issue for the following winter season).,freestyle,,,likely,"New for 1988: foam-core, epoxy-wrapped all-around board with new binding design.",https://archive.org/details/ISM-87-91
winterstick--roundtail,winterstick,Winterstick,Roundtail,1988,introduced,1988,ISM buyer's guide (issue for the following winter season).,powder,,,likely,"Roundtail Plus 170, double-cambered freestyle board (ISM 1988, $319).",https://archive.org/details/ISM-87-91
winterstick--mirror,winterstick,Winterstick,Mirror,2000,introduced,2000,,freestyle,,,likely,Listed in freestyle category of the 2000 board test specs (revived brand).,https://www.snowboarder.com/news/board-test-board-specs
yes--basic,yes,YES.,Basic,2010,introduced,,,all-mountain,,,verified,Entry all-mountain twin; still in 2026 lineup.,https://thegoodride.com/snowboard-reviews/yes-basic-snowboard-review/ | https://www.evo.com/shop/snowboard/snowboards/yes
yes--greats,yes,YES.,Greats,2011,introduced,,,freestyle,,,verified,Asymmetric twin (Greats UnInc later).,https://thegoodride.com/snowboard-reviews/yes-greats-snowboard-review/ | https://www.evo.com/shop/snowboard/snowboards/yes
yes--optimistic,yes,YES.,Optimistic,2011,introduced,2024,,all-mountain,,,likely,,https://thegoodride.com/snowboard-reviews/yes-optimistic-snowboard-review/
yes--jackpot,yes,YES.,Jackpot,2012,introduced,2025,,freestyle,,,verified,,https://thegoodride.com/snowboard-reviews/yes-jackpot-2012-2024-snowboard-review/ | https://www.evo.com/shop/snowboard/snowboards/yes
yes--pick-your-line,yes,YES.,Pick Your Line,2012,introduced,,Aka PYL,freeride,,,verified,,https://thegoodride.com/snowboard-reviews/yes-pick-your-line-snowboard-review/ | https://www.evo.com/shop/snowboard/snowboards/yes
yes--420,yes,YES.,420,2013,introduced,2024,420 PH (Powder Hull) 2017-2024,powder,,,verified,Short wide volume-shifted board.,https://thegoodride.com/snowboard-reviews/yes-420-snowboard-review/ | https://thegoodride.com/snowboard-reviews/yes-420-ph-snowboard-review/
yes--hel-yes,yes,YES.,Hel Yes,2014,introduced,,,all-mountain,,,verified,Women's; in 2026 lineup.,https://thegoodride.com/snowboard-reviews/yes-hel-yes-2014-2021-snowboard-review/ | https://www.evo.com/shop/snowboard/snowboards/yes
yes--emoticon,yes,YES.,Emoticon,2015,introduced,2021,,freestyle,,,verified,Women's.,https://thegoodride.com/snowboard-reviews/yes-emoticon-2015-2021-snowboard-review/ | https://www.evo.com/outlet/snowboards/yes-emoticon-snowboard-womens-2015
yes--standard,yes,YES.,Standard,2015,introduced,,,all-mountain,,,verified,Directional twin with MidBite; Standard UnInc/XTRM variants.,https://thegoodride.com/snowboard-reviews/yes-standard-snowboard-review/ | https://www.evo.com/shop/snowboard/snowboards/yes
yes--typo,yes,YES.,Typo,2016,introduced,2024,,all-mountain,,,likely,,https://thegoodride.com/snowboard-reviews/yes-typo-snowboard-review/
yes--hybrid,yes,YES.,Hybrid,2020,introduced,2024,,all-mountain,,,likely,,https://thegoodride.com/snowboard-reviews/yes-hybrid-snowboard-review/
yes--hello,yes,YES.,Hello,2021,introduced,2024,,all-mountain,,,likely,Women's.,https://thegoodride.com/snowboard-reviews/yes-hello-2021-2024-snowboard-review-by-steph-w/
yes--warca,yes,YES.,Warca,2023,introduced,2024,,freeride,,,likely,,https://thegoodride.com/snowboard-reviews/yes-warca-snowboard-review/
yes--rival,yes,YES.,Rival,2024,introduced,2026,,all-mountain,,,likely,,https://thegoodride.com/snowboard-reviews/?brand=jones
yes--sender,yes,YES.,Sender,2025,earliest_sourced,,,freeride,,,likely,,https://www.evo.com/shop/snowboard/snowboards/yes
yes--all-in,yes,YES.,All-In,2026,earliest_sourced,,,all-mountain,,,likely,,https://www.evo.com/shop/snowboard/snowboards/yes
yes--cream-halldor-3d,yes,YES.,Cream Halldor 3D,2026,earliest_sourced,,,freestyle,Halldor Helgason,,likely,,https://www.evo.com/shop/snowboard/snowboards/yes
yes--shifter,yes,YES.,Shifter,2026,earliest_sourced,,,freestyle,,,likely,,https://www.evo.com/shop/snowboard/snowboards/yes
yonex--4xp,yonex,Yonex,4XP,2027,earliest_sourced,,Earliest sourced (2026-27); 4XP Powtwin variant,freestyle,,,likely,,https://www.yonex.co.jp/snowboards/products/
yonex--glide,yonex,Yonex,GLIDE,2027,earliest_sourced,,Earliest sourced (2026-27),unknown,,,likely,,https://www.yonex.co.jp/snowboards/products/
yonex--luvarth,yonex,Yonex,LUVARTH,2027,earliest_sourced,,Earliest sourced (2026-27),unknown,,,likely,,https://www.yonex.co.jp/snowboards/products/
yonex--nextage,yonex,Yonex,NEXTAGE,2027,earliest_sourced,,Earliest sourced (2026-27),unknown,,,likely,,https://www.yonex.co.jp/snowboards/products/
yonex--regna,yonex,Yonex,REGNA,2027,earliest_sourced,,Earliest sourced (2026-27),unknown,,,likely,,https://www.yonex.co.jp/snowboards/products/
yonex--rev,yonex,Yonex,REV,2027,earliest_sourced,,Earliest sourced (2026-27),freestyle,,,likely,,https://www.yonex.co.jp/snowboards/products/
yonex--sleek,yonex,Yonex,SLEEK,2027,earliest_sourced,,Earliest sourced (2026-27),unknown,,,likely,,https://www.yonex.co.jp/snowboards/products/
yonex--smooth,yonex,Yonex,SMOOTH,2027,earliest_sourced,,Earliest sourced (2026-27),all-mountain,,,likely,Smooth Shortie variant.,https://www.yonex.co.jp/snowboards/products/
yonex--stylaholic,yonex,Yonex,STYLAHOLIC,2027,earliest_sourced,,Earliest sourced (2026-27),freestyle,,,likely,,https://www.yonex.co.jp/snowboards/products/
